scrape_date,reit,community,address,market,unit_id,beds,baths,sqft,rent,move_in_date,lease_term,has_concession,concession_hardness,concession_raw,concession_type,concession_value,concession_pct_lease_value,concession_pct_lease_term,effective_monthly_rent,listing_url,first_seen,last_seen,state,city,latitude,longitude,floorplan_name,floor_level,rentcafe_property_id
2026-09-09,ESS,Alpine Village,,Alpine,ESS-alpine-village-2br-817sqft-plan-2b,2,1.0,817,1839.0,2026-09-09,,False,,,,,,,,https://www.essexapartmenthomes.com/apartments/alpine/alpine-village/floor-plans-and-pricing,2026-04-04,2026-09-09,,,,,Plan 2B,,
2026-09-09,ESS,Alpine Village,,Alpine,ESS-alpine-village-2br-672sqft-plan-2a,2,1.0,672,2017.0,2026-09-09,,False,,,,,,,,https://www.essexapartmenthomes.com/apartments/alpine/alpine-village/floor-plans-and-pricing,2026-04-04,2026-09-09,,,,,Plan 2A,,
2026-09-09,ESS,Park Viridian,,Orange County,ESS-park-viridian-0br-593sqft-central-park,0,1.0,593,2189.0,2026-10-08,,False,,,,,,,,https://www.essexapartmenthomes.com/apartments/anaheim/park-viridian/floor-plans-and-pricing,2026-04-04,2026-09-09,,,,,Central Park,,
2026-09-09,ESS,Park Viridian,,Orange County,ESS-park-viridian-1br-674sqft-lincoln-park,1,1.0,674,2499.0,2026-09-09,,False,,,,,,,,https://www.essexapartmenthomes.com/apartments/anaheim/park-viridian/floor-plans-and-pricing,2026-04-04,2026-09-09,,,,,Lincoln Park,,
2026-09-09,ESS,Park Viridian,,Orange County,ESS-park-viridian-1br-760sqft-grant-park,1,1.0,760,2547.0,2026-09-09,,False,,,,,,,,https://www.essexapartmenthomes.com/apartments/anaheim/park-viridian/floor-plans-and-pricing,2026-04-13,2026-09-09,,,,,Grant Park,,
2026-09-09,ESS,Park Viridian,,Orange County,ESS-park-viridian-1br-674sqft-mitchell-park,1,1.0,674,2807.0,2026-09-09,,False,,,,,,,,https://www.essexapartmenthomes.com/apartments/anaheim/park-viridian/floor-plans-and-pricing,2026-08-08,2026-09-09,,,,,Mitchell Park,,
2026-09-09,ESS,The Barkley,,Orange County,ESS-the-barkley-1br-700sqft-plan-1a,1,1.0,700,1927.0,2026-09-12,,True,hard,"Save Up to $1,300 Off Rent!*",dollar_off,1300.0,5.62,,1818.67,https://www.essexapartmenthomes.com/apartments/anaheim/the-barkley/floor-plans-and-pricing,2026-04-04,2026-09-09,,,,,Plan 1A,,
2026-09-09,ESS,The Barkley,,Orange County,ESS-the-barkley-2br-1035sqft-plan-2a,2,2.0,1035,2739.0,2026-09-21,,True,hard,"Save Up to $1,300 Off Rent!*",dollar_off,1300.0,3.96,,2630.67,https://www.essexapartmenthomes.com/apartments/anaheim/the-barkley/floor-plans-and-pricing,2026-04-04,2026-09-09,,,,,Plan 2A,,
2026-09-09,ESS,Belcarra,,Seattle,ESS-belcarra-0br-515sqft-plan-sa,0,1.0,515,1929.0,2026-09-12,,True,hard,"Save Up to $3,600 Off Rent!*",dollar_off,3600.0,15.55,,1629.0,https://www.essexapartmenthomes.com/apartments/bellevue/belcarra/floor-plans-and-pricing,2026-09-03,2026-09-09,,,,,Plan SA,,
2026-09-09,ESS,Belcarra,,Seattle,ESS-belcarra-0br-552sqft-plan-sb,0,1.0,552,2137.0,2026-09-09,,True,hard,"Save Up to $3,600 Off Rent!*",dollar_off,3600.0,14.04,,1837.0,https://www.essexapartmenthomes.com/apartments/bellevue/belcarra/floor-plans-and-pricing,2026-04-04,2026-09-09,,,,,Plan SB,,
2026-09-09,ESS,Belcarra,,Seattle,ESS-belcarra-1br-646sqft-plan-1b,1,1.0,646,2229.0,2026-09-09,,True,hard,"Save Up to $3,600 Off Rent!*",dollar_off,3600.0,13.46,,1929.0,https://www.essexapartmenthomes.com/apartments/bellevue/belcarra/floor-plans-and-pricing,2026-05-09,2026-09-09,,,,,Plan 1B,,
2026-09-09,ESS,Belcarra,,Seattle,ESS-belcarra-1br-700sqft-plan-1c,1,1.0,700,2239.0,2026-09-09,,True,hard,"Save Up to $3,600 Off Rent!*",dollar_off,3600.0,13.4,,1939.0,https://www.essexapartmenthomes.com/apartments/bellevue/belcarra/floor-plans-and-pricing,2026-04-26,2026-09-09,,,,,Plan 1C,,
2026-09-09,ESS,Belcarra,,Seattle,ESS-belcarra-1br-792sqft-plan-1g,1,1.0,792,2259.0,2026-09-09,,True,hard,"Save Up to $3,600 Off Rent!*",dollar_off,3600.0,13.28,,1959.0,https://www.essexapartmenthomes.com/apartments/bellevue/belcarra/floor-plans-and-pricing,2026-04-04,2026-09-09,,,,,Plan 1G,,
2026-09-09,ESS,Belcarra,,Seattle,ESS-belcarra-1br-541sqft-plan-1a,1,1.0,541,2299.0,2026-09-09,,True,hard,"Save Up to $3,600 Off Rent!*",dollar_off,3600.0,13.05,,1999.0,https://www.essexapartmenthomes.com/apartments/bellevue/belcarra/floor-plans-and-pricing,2026-04-04,2026-09-09,,,,,Plan 1A,,
2026-09-09,ESS,Belcarra,,Seattle,ESS-belcarra-1br-773sqft-plan-1f,1,1.0,773,2329.0,2026-09-09,,True,hard,"Save Up to $3,600 Off Rent!*",dollar_off,3600.0,12.88,,2029.0,https://www.essexapartmenthomes.com/apartments/bellevue/belcarra/floor-plans-and-pricing,2026-08-08,2026-09-09,,,,,Plan 1F,,
2026-09-09,ESS,Belcarra,,Seattle,ESS-belcarra-1br-871sqft-plan-1j,1,1.0,871,2447.0,2026-09-15,,True,hard,"Save Up to $3,600 Off Rent!*",dollar_off,3600.0,12.26,,2147.0,https://www.essexapartmenthomes.com/apartments/bellevue/belcarra/floor-plans-and-pricing,2026-09-03,2026-09-09,,,,,Plan 1J,,
2026-09-09,ESS,Belcarra,,Seattle,ESS-belcarra-2br-1024sqft-plan-21e,2,1.0,1024,2947.0,2026-09-29,,True,hard,"Save Up to $3,600 Off Rent!*",dollar_off,3600.0,10.18,,2647.0,https://www.essexapartmenthomes.com/apartments/bellevue/belcarra/floor-plans-and-pricing,2026-07-19,2026-09-09,,,,,Plan 21E,,
2026-09-09,ESS,Belcarra,,Seattle,ESS-belcarra-2br-960sqft-plan-21d-loft,2,1.0,960,2959.0,2026-09-09,,True,hard,"Save Up to $3,600 Off Rent!*",dollar_off,3600.0,10.14,,2659.0,https://www.essexapartmenthomes.com/apartments/bellevue/belcarra/floor-plans-and-pricing,2026-08-15,2026-09-09,,,,,Plan 21D Loft,,
2026-09-09,ESS,Belcarra,,Seattle,ESS-belcarra-2br-1152sqft-plan-22e,2,2.0,1152,3017.0,2026-09-16,,True,hard,"Save Up to $3,600 Off Rent!*",dollar_off,3600.0,9.94,,2717.0,https://www.essexapartmenthomes.com/apartments/bellevue/belcarra/floor-plans-and-pricing,2026-08-08,2026-09-09,,,,,Plan 22E,,
2026-09-09,ESS,Belcarra,,Seattle,ESS-belcarra-2br-1046sqft-plan-22b,2,2.0,1046,3037.0,2026-09-09,,True,hard,"Save Up to $3,600 Off Rent!*",dollar_off,3600.0,9.88,,2737.0,https://www.essexapartmenthomes.com/apartments/bellevue/belcarra/floor-plans-and-pricing,2026-04-04,2026-09-09,,,,,Plan 22B,,
2026-09-09,ESS,Belcarra,,Seattle,ESS-belcarra-2br-999sqft-plan-22a,2,2.0,999,3097.0,2026-09-27,,True,hard,"Save Up to $3,600 Off Rent!*",dollar_off,3600.0,9.69,,2797.0,https://www.essexapartmenthomes.com/apartments/bellevue/belcarra/floor-plans-and-pricing,2026-04-04,2026-09-09,,,,,Plan 22A,,
2026-09-09,ESS,BellCentre,,Seattle,ESS-bellcentre-0br-480sqft-plan-sb,0,1.0,480,1737.0,2026-09-09,,True,hard,"Save Up to $2,100 Off Rent!*",dollar_off,2100.0,10.07,,1562.0,https://www.essexapartmenthomes.com/apartments/bellevue/bellcentre/floor-plans-and-pricing,2026-04-04,2026-09-09,,,,,Plan SB,,
2026-09-09,ESS,BellCentre,,Seattle,ESS-bellcentre-0br-575sqft-plan-se,0,1.0,575,1857.0,2026-09-09,,True,hard,"Save Up to $2,100 Off Rent!*",dollar_off,2100.0,9.42,,1682.0,https://www.essexapartmenthomes.com/apartments/bellevue/bellcentre/floor-plans-and-pricing,2026-04-04,2026-09-09,,,,,Plan SE,,
2026-09-09,ESS,BellCentre,,Seattle,ESS-bellcentre-1br-563sqft-plan-1a,1,1.0,563,2219.0,2026-10-29,,True,hard,"Save Up to $2,100 Off Rent!*",dollar_off,2100.0,7.89,,2044.0,https://www.essexapartmenthomes.com/apartments/bellevue/bellcentre/floor-plans-and-pricing,2026-04-04,2026-09-09,,,,,Plan 1A,,
2026-09-09,ESS,BellCentre,,Seattle,ESS-bellcentre-1br-656sqft-plan-1b,1,1.0,656,2277.0,2026-09-20,,True,hard,"Save Up to $2,100 Off Rent!*",dollar_off,2100.0,7.69,,2102.0,https://www.essexapartmenthomes.com/apartments/bellevue/bellcentre/floor-plans-and-pricing,2026-07-19,2026-09-09,,,,,Plan 1B,,
2026-09-09,ESS,BellCentre,,Seattle,ESS-bellcentre-1br-685sqft-plan-1c,1,1.0,685,2357.0,2026-10-07,,True,hard,"Save Up to $2,100 Off Rent!*",dollar_off,2100.0,7.42,,2182.0,https://www.essexapartmenthomes.com/apartments/bellevue/bellcentre/floor-plans-and-pricing,2026-08-10,2026-09-09,,,,,Plan 1C,,
2026-09-09,ESS,BellCentre,,Seattle,ESS-bellcentre-1br-739sqft-plan-1e,1,1.0,739,2367.0,2026-09-09,,True,hard,"Save Up to $2,100 Off Rent!*",dollar_off,2100.0,7.39,,2192.0,https://www.essexapartmenthomes.com/apartments/bellevue/bellcentre/floor-plans-and-pricing,2026-04-04,2026-09-09,,,,,Plan 1E,,
2026-09-09,ESS,BellCentre,,Seattle,ESS-bellcentre-2br-1031sqft-plan-2a,2,2.0,1031,2979.0,2026-09-09,,True,hard,"Save Up to $2,100 Off Rent!*",dollar_off,2100.0,5.87,,2804.0,https://www.essexapartmenthomes.com/apartments/bellevue/bellcentre/floor-plans-and-pricing,2026-04-26,2026-09-09,,,,,Plan 2A,,
2026-09-09,ESS,BellCentre,,Seattle,ESS-bellcentre-2br-1065sqft-plan-2b,2,2.0,1065,3257.0,2026-09-09,,True,hard,"Save Up to $2,100 Off Rent!*",dollar_off,2100.0,5.37,,3082.0,https://www.essexapartmenthomes.com/apartments/bellevue/bellcentre/floor-plans-and-pricing,2026-04-19,2026-09-09,,,,,Plan 2B,,
2026-09-09,ESS,Cedar Terrace,,Seattle,ESS-cedar-terrace-1br-834sqft-rhododendron,1,1.0,834,2019.0,2026-10-20,,False,,,,,,,,https://www.essexapartmenthomes.com/apartments/bellevue/cedar-terrace/floor-plans-and-pricing,2026-04-04,2026-09-09,,,,,Rhododendron,,
2026-09-09,ESS,Cedar Terrace,,Seattle,ESS-cedar-terrace-2br-986sqft-dogwood,2,1.0,986,2157.0,2026-09-09,,False,,,,,,,,https://www.essexapartmenthomes.com/apartments/bellevue/cedar-terrace/floor-plans-and-pricing,2026-04-04,2026-09-09,,,,,Dogwood,,
2026-09-09,ESS,Cedar Terrace,,Seattle,ESS-cedar-terrace-2br-1108sqft-hawthorn,2,2.0,1108,2479.0,2026-10-05,,False,,,,,,,,https://www.essexapartmenthomes.com/apartments/bellevue/cedar-terrace/floor-plans-and-pricing,2026-04-04,2026-09-09,,,,,Hawthorn,,
2026-09-09,ESS,Cedar Terrace,,Seattle,ESS-cedar-terrace-3br-1225sqft-cottonwood,3,2.0,1225,3199.0,2026-09-09,,False,,,,,,,,https://www.essexapartmenthomes.com/apartments/bellevue/cedar-terrace/floor-plans-and-pricing,2026-04-04,2026-09-09,,,,,Cottonwood,,
2026-09-09,ESS,Courtyard off Main,,Seattle,ESS-courtyard-off-main-2br-893sqft-plan-2a,2,1.0,893,2689.0,2026-09-09,,True,soft,Courtyard off Main,,,,,,https://www.essexapartmenthomes.com/apartments/bellevue/courtyard-off-main/floor-plans-and-pricing,2026-07-19,2026-09-09,,,,,Plan 2A,,
2026-09-09,ESS,Courtyard off Main,,Seattle,ESS-courtyard-off-main-2br-1055sqft-plan-2b,2,2.0,1055,2919.0,2026-09-09,,True,soft,Courtyard off Main,,,,,,https://www.essexapartmenthomes.com/apartments/bellevue/courtyard-off-main/floor-plans-and-pricing,2026-06-14,2026-09-09,,,,,Plan 2B,,
2026-09-09,ESS,Courtyard off Main,,Seattle,ESS-courtyard-off-main-2br-1091sqft-plan-2c,2,2.0,1091,2997.0,2026-11-05,,True,soft,Courtyard off Main,,,,,,https://www.essexapartmenthomes.com/apartments/bellevue/courtyard-off-main/floor-plans-and-pricing,2026-06-22,2026-09-09,,,,,Plan 2C,,
2026-09-09,ESS,Ellington at Bellevue,,Seattle,ESS-ellington-at-bellevue-1br-653sqft-plan-1c,1,1.0,653,1997.0,2026-09-09,,True,hard,"Save Up to $2,100 Off Rent!*",dollar_off,2100.0,8.76,,1822.0,https://www.essexapartmenthomes.com/apartments/bellevue/ellington-at-bellevue/floor-plans-and-pricing,2026-04-04,2026-09-09,,,,,Plan 1C,,
2026-09-09,ESS,Ellington at Bellevue,,Seattle,ESS-ellington-at-bellevue-1br-696sqft-plan-1d,1,1.0,696,2157.0,2026-09-25,,True,hard,"Save Up to $2,100 Off Rent!*",dollar_off,2100.0,8.11,,1982.0,https://www.essexapartmenthomes.com/apartments/bellevue/ellington-at-bellevue/floor-plans-and-pricing,2026-09-09,2026-09-09,,,,,Plan 1D,,
2026-09-09,ESS,Ellington at Bellevue,,Seattle,ESS-ellington-at-bellevue-2br-874sqft-plan-2b,2,1.0,874,2817.0,2026-09-09,,True,hard,"Save Up to $2,100 Off Rent!*",dollar_off,2100.0,6.21,,2642.0,https://www.essexapartmenthomes.com/apartments/bellevue/ellington-at-bellevue/floor-plans-and-pricing,2026-04-04,2026-09-09,,,,,Plan 2B,,
2026-09-09,ESS,Ellington at Bellevue,,Seattle,ESS-ellington-at-bellevue-2br-980sqft-plan-2e,2,2.0,980,3007.0,2026-09-14,,True,hard,"Save Up to $2,100 Off Rent!*",dollar_off,2100.0,5.82,,2832.0,https://www.essexapartmenthomes.com/apartments/bellevue/ellington-at-bellevue/floor-plans-and-pricing,2026-08-15,2026-09-09,,,,,Plan 2E,,
2026-09-09,ESS,Ellington at Bellevue,,Seattle,ESS-ellington-at-bellevue-2br-1009sqft-plan-2f,2,2.0,1009,3127.0,2026-09-26,,True,hard,"Save Up to $2,100 Off Rent!*",dollar_off,2100.0,5.6,,2952.0,https://www.essexapartmenthomes.com/apartments/bellevue/ellington-at-bellevue/floor-plans-and-pricing,2026-09-03,2026-09-09,,,,,Plan 2F,,
2026-09-09,ESS,Ellington at Bellevue,,Seattle,ESS-ellington-at-bellevue-2br-1041sqft-plan-2g,2,2.0,1041,3219.0,2026-09-29,,True,hard,"Save Up to $2,100 Off Rent!*",dollar_off,2100.0,5.44,,3044.0,https://www.essexapartmenthomes.com/apartments/bellevue/ellington-at-bellevue/floor-plans-and-pricing,2026-08-02,2026-09-09,,,,,Plan 2G,,
2026-09-09,ESS,Emerald Ridge,,Seattle,ESS-emerald-ridge-1br-666sqft-plan-1a,1,1.0,666,2027.0,2026-09-09,,False,,,,,,,,https://www.essexapartmenthomes.com/apartments/bellevue/emerald-ridge/floor-plans-and-pricing,2026-04-04,2026-09-09,,,,,Plan 1A,,
2026-09-09,ESS,Emerald Ridge,,Seattle,ESS-emerald-ridge-2br-837sqft-plan-2a,2,1.0,837,2289.0,2026-09-28,,False,,,,,,,,https://www.essexapartmenthomes.com/apartments/bellevue/emerald-ridge/floor-plans-and-pricing,2026-04-04,2026-09-09,,,,,Plan 2A,,
2026-09-09,ESS,Emerald Ridge,,Seattle,ESS-emerald-ridge-2br-958sqft-plan-2b,2,2.0,958,2467.0,2026-09-11,,False,,,,,,,,https://www.essexapartmenthomes.com/apartments/bellevue/emerald-ridge/floor-plans-and-pricing,2026-04-04,2026-09-09,,,,,Plan 2B,,
2026-09-09,ESS,Foothill Commons,,Seattle,ESS-foothill-commons-1br-683sqft-plan-1a,1,1.0,683,1969.0,2026-09-09,,True,hard,Save Up to $700 Off Rent!*,dollar_off,700.0,2.96,,1910.67,https://www.essexapartmenthomes.com/apartments/bellevue/foothill-commons/floor-plans-and-pricing,2026-04-04,2026-09-09,,,,,Plan 1A,,
2026-09-09,ESS,Foothill Commons,,Seattle,ESS-foothill-commons-1br-730sqft-plan-1c,1,1.0,730,1999.0,2026-09-10,,True,hard,Save Up to $700 Off Rent!*,dollar_off,700.0,2.92,,1940.67,https://www.essexapartmenthomes.com/apartments/bellevue/foothill-commons/floor-plans-and-pricing,2026-04-13,2026-09-09,,,,,Plan 1C,,
2026-09-09,ESS,Foothill Commons,,Seattle,ESS-foothill-commons-2br-1067sqft-plan-2b,2,2.0,1067,2807.0,2026-09-09,,True,hard,Save Up to $700 Off Rent!*,dollar_off,700.0,2.08,,2748.67,https://www.essexapartmenthomes.com/apartments/bellevue/foothill-commons/floor-plans-and-pricing,2026-04-04,2026-09-09,,,,,Plan 2B,,
2026-09-09,ESS,Palisades,,Seattle,ESS-palisades-1br-700sqft-plan-1a,1,1.0,700,1879.0,2026-09-09,,True,hard,"Save Up to $1,600 Off Rent!*",dollar_off,1600.0,7.1,,1745.67,https://www.essexapartmenthomes.com/apartments/bellevue/palisades/floor-plans-and-pricing,2026-04-04,2026-09-09,,,,,Plan 1A,,
2026-09-09,ESS,Palisades,,Seattle,ESS-palisades-1br-762sqft-plan-1d,1,1.0,762,1997.0,2026-09-09,,True,hard,"Save Up to $1,600 Off Rent!*",dollar_off,1600.0,6.68,,1863.67,https://www.essexapartmenthomes.com/apartments/bellevue/palisades/floor-plans-and-pricing,2026-05-31,2026-09-09,,,,,Plan 1D,,
2026-09-09,ESS,Palisades,,Seattle,ESS-palisades-1br-742sqft-plan-1b,1,1.0,742,2017.0,2026-09-09,,True,hard,"Save Up to $1,600 Off Rent!*",dollar_off,1600.0,6.61,,1883.67,https://www.essexapartmenthomes.com/apartments/bellevue/palisades/floor-plans-and-pricing,2026-04-04,2026-09-09,,,,,Plan 1B,,
2026-09-09,ESS,Palisades,,Seattle,ESS-palisades-2br-1000sqft-plan-2a,2,1.0,1000,2289.0,2026-09-09,,True,hard,"Save Up to $1,600 Off Rent!*",dollar_off,1600.0,5.82,,2155.67,https://www.essexapartmenthomes.com/apartments/bellevue/palisades/floor-plans-and-pricing,2026-08-15,2026-09-09,,,,,Plan 2A,,
2026-09-09,ESS,Palisades,,Seattle,ESS-palisades-2br-1020sqft-plan-2b,2,2.0,1020,2397.0,2026-09-09,,True,hard,"Save Up to $1,600 Off Rent!*",dollar_off,1600.0,5.56,,2263.67,https://www.essexapartmenthomes.com/apartments/bellevue/palisades/floor-plans-and-pricing,2026-05-09,2026-09-09,,,,,Plan 2B,,
2026-09-09,ESS,Park Highland,,Seattle,ESS-park-highland-1br-766sqft-ponderosa,1,1.0,766,1989.0,2026-09-12,,True,hard,"Save Up to $1,600 Off Rent!*",dollar_off,1600.0,6.7,,1855.67,https://www.essexapartmenthomes.com/apartments/bellevue/park-highland/floor-plans-and-pricing,2026-09-03,2026-09-09,,,,,Ponderosa,,
2026-09-09,ESS,Park Highland,,Seattle,ESS-park-highland-1br-730sqft-cedar,1,1.0,730,2027.0,2026-09-30,,True,hard,"Save Up to $1,600 Off Rent!*",dollar_off,1600.0,6.58,,1893.67,https://www.essexapartmenthomes.com/apartments/bellevue/park-highland/floor-plans-and-pricing,2026-05-03,2026-09-09,,,,,Cedar,,
2026-09-09,ESS,Park Highland,,Seattle,ESS-park-highland-2br-723sqft-hemlock,2,1.0,723,2187.0,2026-10-07,,True,hard,"Save Up to $1,600 Off Rent!*",dollar_off,1600.0,6.1,,2053.67,https://www.essexapartmenthomes.com/apartments/bellevue/park-highland/floor-plans-and-pricing,2026-09-03,2026-09-09,,,,,Hemlock,,
2026-09-09,ESS,Park Highland,,Seattle,ESS-park-highland-2br-900sqft-aspen,2,1.0,900,2537.0,2026-09-24,,True,hard,"Save Up to $1,600 Off Rent!*",dollar_off,1600.0,5.26,,2403.67,https://www.essexapartmenthomes.com/apartments/bellevue/park-highland/floor-plans-and-pricing,2026-09-03,2026-09-09,,,,,Aspen,,
2026-09-09,ESS,Park Highland,,Seattle,ESS-park-highland-2br-1108sqft-evergreen,2,2.0,1108,2839.0,2026-10-09,,True,hard,"Save Up to $1,600 Off Rent!*",dollar_off,1600.0,4.7,,2705.67,https://www.essexapartmenthomes.com/apartments/bellevue/park-highland/floor-plans-and-pricing,2026-04-04,2026-09-09,,,,,Evergreen,,
2026-09-09,ESS,Park Highland,,Seattle,ESS-park-highland-2br-1060sqft-maple,2,2.0,1060,2847.0,2026-09-14,,True,hard,"Save Up to $1,600 Off Rent!*",dollar_off,1600.0,4.68,,2713.67,https://www.essexapartmenthomes.com/apartments/bellevue/park-highland/floor-plans-and-pricing,2026-04-04,2026-09-09,,,,,Maple,,
2026-09-09,ESS,Park Highland,,Seattle,ESS-park-highland-3br-1328sqft-sycamore,3,2.0,1328,3497.0,2026-09-09,,True,hard,"Save Up to $1,600 Off Rent!*",dollar_off,1600.0,3.81,,3363.67,https://www.essexapartmenthomes.com/apartments/bellevue/park-highland/floor-plans-and-pricing,2026-04-04,2026-09-09,,,,,Sycamore,,
2026-09-09,ESS,Piedmont,,Seattle,ESS-piedmont-0br-469sqft-anise,0,1.0,469,1629.0,2026-09-09,,True,hard,"Save Up to $2,400 Off Rent!*",dollar_off,2400.0,12.28,,1429.0,https://www.essexapartmenthomes.com/apartments/bellevue/piedmont/floor-plans-and-pricing,2026-04-04,2026-09-09,,,,,Anise,,
2026-09-09,ESS,Piedmont,,Seattle,ESS-piedmont-1br-764sqft-cinnamon,1,1.0,764,1909.0,2026-09-09,,True,hard,"Save Up to $2,400 Off Rent!*",dollar_off,2400.0,10.48,,1709.0,https://www.essexapartmenthomes.com/apartments/bellevue/piedmont/floor-plans-and-pricing,2026-04-04,2026-09-09,,,,,Cinnamon,,
2026-09-09,ESS,Piedmont,,Seattle,ESS-piedmont-1br-730sqft-basil,1,1.0,730,1987.0,2026-09-14,,True,hard,"Save Up to $2,400 Off Rent!*",dollar_off,2400.0,10.07,,1787.0,https://www.essexapartmenthomes.com/apartments/bellevue/piedmont/floor-plans-and-pricing,2026-09-09,2026-09-09,,,,,Basil,,
2026-09-09,ESS,Piedmont,,Seattle,ESS-piedmont-2br-983sqft-fennel,2,2.0,983,2027.0,2026-09-09,,True,hard,"Save Up to $2,400 Off Rent!*",dollar_off,2400.0,9.87,,1827.0,https://www.essexapartmenthomes.com/apartments/bellevue/piedmont/floor-plans-and-pricing,2026-04-04,2026-09-09,,,,,Fennel,,
2026-09-09,ESS,Piedmont,,Seattle,ESS-piedmont-2br-892sqft-dandelion,2,1.5,892,2149.0,2026-09-09,,True,hard,"Save Up to $2,400 Off Rent!*",dollar_off,2400.0,9.31,,1949.0,https://www.essexapartmenthomes.com/apartments/bellevue/piedmont/floor-plans-and-pricing,2026-04-04,2026-09-09,,,,,Dandelion,,
2026-09-09,ESS,Piedmont,,Seattle,ESS-piedmont-2br-949sqft-elder-berry,2,1.5,949,2509.0,2026-09-28,,True,hard,"Save Up to $2,400 Off Rent!*",dollar_off,2400.0,7.97,,2309.0,https://www.essexapartmenthomes.com/apartments/bellevue/piedmont/floor-plans-and-pricing,2026-04-04,2026-09-09,,,,,Elder Berry,,
2026-09-09,ESS,Piedmont,,Seattle,ESS-piedmont-3br-1260sqft-holly,3,2.0,1260,3369.0,2026-09-22,,True,hard,"Save Up to $2,400 Off Rent!*",dollar_off,2400.0,5.94,,3169.0,https://www.essexapartmenthomes.com/apartments/bellevue/piedmont/floor-plans-and-pricing,2026-04-04,2026-09-09,,,,,Holly,,
2026-09-09,ESS,Sammamish View,,Seattle,ESS-sammamish-view-1br-776sqft-plan-1a,1,1.0,776,1937.0,2026-09-09,,False,,,,,,,,https://www.essexapartmenthomes.com/apartments/bellevue/sammamish-view/floor-plans-and-pricing,2026-04-04,2026-09-09,,,,,Plan 1A,,
2026-09-09,ESS,Sammamish View,,Seattle,ESS-sammamish-view-2br-1014sqft-plan-2b,2,2.0,1014,2627.0,2026-09-29,,False,,,,,,,,https://www.essexapartmenthomes.com/apartments/bellevue/sammamish-view/floor-plans-and-pricing,2026-04-13,2026-09-09,,,,,Plan 2B,,
2026-09-09,ESS,Sammamish View,,Seattle,ESS-sammamish-view-2br-1234sqft-plan-2c-den,2,2.0,1234,3037.0,2026-09-09,,False,,,,,,,,https://www.essexapartmenthomes.com/apartments/bellevue/sammamish-view/floor-plans-and-pricing,2026-04-13,2026-09-09,,,,,Plan 2C + Den,,
2026-09-09,ESS,Woodland Commons,,Seattle,ESS-woodland-commons-0br-413sqft-plan-sa,0,1.0,413,1559.0,2026-10-14,,False,,,,,,,,https://www.essexapartmenthomes.com/apartments/bellevue/woodland-commons/floor-plans-and-pricing,2026-04-04,2026-09-09,,,,,Plan SA,,
2026-09-09,ESS,Woodland Commons,,Seattle,ESS-woodland-commons-1br-662sqft-plan-1c,1,1.0,662,1907.0,2026-09-09,,False,,,,,,,,https://www.essexapartmenthomes.com/apartments/bellevue/woodland-commons/floor-plans-and-pricing,2026-04-04,2026-09-09,,,,,Plan 1C,,
2026-09-09,ESS,Woodland Commons,,Seattle,ESS-woodland-commons-1br-612sqft-plan-1b,1,1.0,612,2177.0,2026-09-09,,False,,,,,,,,https://www.essexapartmenthomes.com/apartments/bellevue/woodland-commons/floor-plans-and-pricing,2026-05-31,2026-09-09,,,,,Plan 1B,,
2026-09-09,ESS,Woodland Commons,,Seattle,ESS-woodland-commons-2br-886sqft-plan-2a,2,1.0,886,2347.0,2026-10-03,,False,,,,,,,,https://www.essexapartmenthomes.com/apartments/bellevue/woodland-commons/floor-plans-and-pricing,2026-04-04,2026-09-09,,,,,Plan 2A,,
2026-09-09,ESS,Woodland Commons,,Seattle,ESS-woodland-commons-2br-950sqft-plan-2c,2,2.0,950,2587.0,2026-09-09,,False,,,,,,,,https://www.essexapartmenthomes.com/apartments/bellevue/woodland-commons/floor-plans-and-pricing,2026-04-04,2026-09-09,,,,,Plan 2C,,
2026-09-09,ESS,Woodland Commons,,Seattle,ESS-woodland-commons-2br-928sqft-plan-2b,2,2.0,928,2647.0,2026-09-16,,False,,,,,,,,https://www.essexapartmenthomes.com/apartments/bellevue/woodland-commons/floor-plans-and-pricing,2026-08-23,2026-09-09,,,,,Plan 2B,,
2026-09-09,ESS,Woodland Commons,,Seattle,ESS-woodland-commons-3br-1134sqft-plan-3a,3,2.0,1134,2907.0,2026-09-09,,False,,,,,,,,https://www.essexapartmenthomes.com/apartments/bellevue/woodland-commons/floor-plans-and-pricing,2026-04-26,2026-09-09,,,,,Plan 3A,,
2026-09-09,ESS,Bonita Cedars,,Bonita,ESS-bonita-cedars-2br-1024sqft-plan-2a,2,2.0,1024,2757.0,2026-09-09,,False,,,,,,,,https://www.essexapartmenthomes.com/apartments/bonita/bonita-cedars/floor-plans-and-pricing,2026-04-04,2026-09-09,,,,,Plan 2A,,
2026-09-09,ESS,Bothell Ridge,,Seattle,ESS-bothell-ridge-1br-550sqft-countryside,1,1.0,550,1647.0,2026-09-09,,False,,,,,,,,https://www.essexapartmenthomes.com/apartments/bothell/bothell-ridge/floor-plans-and-pricing,2026-04-04,2026-09-09,,,,,Countryside,,
2026-09-09,ESS,Bothell Ridge,,Seattle,ESS-bothell-ridge-1br-650sqft-woodland,1,1.0,650,1657.0,2026-09-09,,False,,,,,,,,https://www.essexapartmenthomes.com/apartments/bothell/bothell-ridge/floor-plans-and-pricing,2026-04-04,2026-09-09,,,,,Woodland,,
2026-09-09,ESS,Bothell Ridge,,Seattle,ESS-bothell-ridge-1br-770sqft-creekside,1,1.0,770,1947.0,2026-09-09,,False,,,,,,,,https://www.essexapartmenthomes.com/apartments/bothell/bothell-ridge/floor-plans-and-pricing,2026-04-04,2026-09-09,,,,,Creekside,,
2026-09-09,ESS,Bothell Ridge,,Seattle,ESS-bothell-ridge-2br-920sqft-hillside,2,1.0,920,2007.0,2026-09-18,,False,,,,,,,,https://www.essexapartmenthomes.com/apartments/bothell/bothell-ridge/floor-plans-and-pricing,2026-06-09,2026-09-09,,,,,Hillside,,
2026-09-09,ESS,Bothell Ridge,,Seattle,ESS-bothell-ridge-2br-1000sqft-valley,2,2.0,1000,2089.0,2026-10-04,,False,,,,,,,,https://www.essexapartmenthomes.com/apartments/bothell/bothell-ridge/floor-plans-and-pricing,2026-05-24,2026-09-09,,,,,Valley,,
2026-09-09,ESS,Canyon Pointe,,Seattle,ESS-canyon-pointe-1br-672sqft-plan-1a,1,1.0,672,1729.0,2026-09-09,,False,,,,,,,,https://www.essexapartmenthomes.com/apartments/bothell/canyon-pointe/floor-plans-and-pricing,2026-04-04,2026-09-09,,,,,Plan 1A,,
2026-09-09,ESS,Canyon Pointe,,Seattle,ESS-canyon-pointe-1br-692sqft-plan-1b,1,1.0,692,2057.0,2026-09-09,,False,,,,,,,,https://www.essexapartmenthomes.com/apartments/bothell/canyon-pointe/floor-plans-and-pricing,2026-04-04,2026-09-09,,,,,Plan 1B,,
2026-09-09,ESS,Canyon Pointe,,Seattle,ESS-canyon-pointe-2br-916sqft-plan-2d,2,2.0,916,2367.0,2026-09-15,,False,,,,,,,,https://www.essexapartmenthomes.com/apartments/bothell/canyon-pointe/floor-plans-and-pricing,2026-04-04,2026-09-09,,,,,Plan 2D,,
2026-09-09,ESS,Canyon Pointe,,Seattle,ESS-canyon-pointe-2br-908sqft-plan-2c,2,2.0,908,2379.0,2026-10-30,,False,,,,,,,,https://www.essexapartmenthomes.com/apartments/bothell/canyon-pointe/floor-plans-and-pricing,2026-05-17,2026-09-09,,,,,Plan 2C,,
2026-09-09,ESS,Canyon Pointe,,Seattle,ESS-canyon-pointe-2br-884sqft-plan-2a,2,1.0,884,2389.0,2026-10-07,,False,,,,,,,,https://www.essexapartmenthomes.com/apartments/bothell/canyon-pointe/floor-plans-and-pricing,2026-04-04,2026-09-09,,,,,Plan 2A,,
2026-09-09,ESS,Canyon Pointe,,Seattle,ESS-canyon-pointe-2br-930sqft-plan-2e,2,2.0,930,2397.0,2026-10-02,,False,,,,,,,,https://www.essexapartmenthomes.com/apartments/bothell/canyon-pointe/floor-plans-and-pricing,2026-04-04,2026-09-09,,,,,Plan 2E,,
2026-09-09,ESS,Pinnacle Sonata,,Seattle,ESS-pinnacle-sonata-1br-875sqft-crescendo,1,1.0,875,2029.0,2026-09-09,,True,hard,"Save Up to $2,700 Off Rent!*",dollar_off,2700.0,11.09,,1804.0,https://www.essexapartmenthomes.com/apartments/bothell/pinnacle-sonata/floor-plans-and-pricing,2026-04-04,2026-09-09,,,,,Crescendo,,
2026-09-09,ESS,Pinnacle Sonata,,Seattle,ESS-pinnacle-sonata-1br-1038sqft-solo,1,1.0,1038,2797.0,2026-09-13,,True,hard,"Save Up to $2,700 Off Rent!*",dollar_off,2700.0,8.04,,2572.0,https://www.essexapartmenthomes.com/apartments/bothell/pinnacle-sonata/floor-plans-and-pricing,2026-04-04,2026-09-09,,,,,Solo,,
2026-09-09,ESS,Pinnacle Sonata,,Seattle,ESS-pinnacle-sonata-2br-1193sqft-tremolo-townhome,2,2.0,1193,2607.0,2026-09-13,,True,hard,"Save Up to $2,700 Off Rent!*",dollar_off,2700.0,8.63,,2382.0,https://www.essexapartmenthomes.com/apartments/bothell/pinnacle-sonata/floor-plans-and-pricing,2026-04-04,2026-09-09,,,,,Tremolo Townhome,,
2026-09-09,ESS,Pinnacle Sonata,,Seattle,ESS-pinnacle-sonata-2br-1210sqft-lyric-townhome,2,2.0,1210,2947.0,2026-10-09,,True,hard,"Save Up to $2,700 Off Rent!*",dollar_off,2700.0,7.63,,2722.0,https://www.essexapartmenthomes.com/apartments/bothell/pinnacle-sonata/floor-plans-and-pricing,2026-04-13,2026-09-09,,,,,Lyric Townhome,,
2026-09-09,ESS,Pinnacle Sonata,,Seattle,ESS-pinnacle-sonata-3br-1249sqft-acapella-townhome,3,2.0,1249,3339.0,2026-09-09,,True,hard,"Save Up to $2,700 Off Rent!*",dollar_off,2700.0,6.74,,3114.0,https://www.essexapartmenthomes.com/apartments/bothell/pinnacle-sonata/floor-plans-and-pricing,2026-04-04,2026-09-09,,,,,Acapella Townhome,,
2026-09-09,ESS,Pinnacle Sonata,,Seattle,ESS-pinnacle-sonata-3br-1619sqft-allegro-townhome,3,2.5,1619,3557.0,2026-10-08,,True,hard,"Save Up to $2,700 Off Rent!*",dollar_off,2700.0,6.33,,3332.0,https://www.essexapartmenthomes.com/apartments/bothell/pinnacle-sonata/floor-plans-and-pricing,2026-05-24,2026-09-09,,,,,Allegro Townhome,,
2026-09-09,ESS,Salmon Run at Perry Creek,,Seattle,ESS-salmon-run-at-perry-creek-2br-1011sqft-plan-2c,2,2.0,1011,2207.0,2026-09-09,,False,,,,,,,,https://www.essexapartmenthomes.com/apartments/bothell/salmon-run-at-perry-creek/floor-plans-and-pricing,2026-04-04,2026-09-09,,,,,Plan 2C,,
2026-09-09,ESS,Stonehedge Village,,Seattle,ESS-stonehedge-village-2br-1100sqft-plan-2b-townhome,2,1.5,1100,2019.0,2026-09-09,,True,hard,"Save Up to $2,400 Off Rent!*",dollar_off,2400.0,9.91,,1819.0,https://www.essexapartmenthomes.com/apartments/bothell/stonehedge-village/floor-plans-and-pricing,2026-04-04,2026-09-09,,,,,Plan 2B Townhome,,
2026-09-09,ESS,Stonehedge Village,,Seattle,ESS-stonehedge-village-2br-1040sqft-plan-2c,2,2.0,1040,2137.0,2026-09-09,,True,hard,"Save Up to $2,400 Off Rent!*",dollar_off,2400.0,9.36,,1937.0,https://www.essexapartmenthomes.com/apartments/bothell/stonehedge-village/floor-plans-and-pricing,2026-04-04,2026-09-09,,,,,Plan 2C,,
2026-09-09,ESS,Stonehedge Village,,Seattle,ESS-stonehedge-village-2br-1070sqft-plan-2a,2,1.0,1070,2219.0,2026-09-09,,True,hard,"Save Up to $2,400 Off Rent!*",dollar_off,2400.0,9.01,,2019.0,https://www.essexapartmenthomes.com/apartments/bothell/stonehedge-village/floor-plans-and-pricing,2026-04-04,2026-09-09,,,,,Plan 2A,,
2026-09-09,ESS,Stonehedge Village,,Seattle,ESS-stonehedge-village-2br-1336sqft-plan-2d-townhome,2,2.5,1336,2967.0,2026-09-10,,True,hard,"Save Up to $2,400 Off Rent!*",dollar_off,2400.0,6.74,,2767.0,https://www.essexapartmenthomes.com/apartments/bothell/stonehedge-village/floor-plans-and-pricing,2026-04-13,2026-09-09,,,,,Plan 2D Townhome,,
2026-09-09,ESS,The Village at Toluca Lake,,Los Angeles,ESS-the-village-at-toluca-lake-0br-550sqft-plan-sa,0,1.0,550,1757.0,2026-10-11,,False,,,,,,,,https://www.essexapartmenthomes.com/apartments/burbank/the-village-at-toluca-lake/floor-plans-and-pricing,2026-05-03,2026-09-09,,,,,Plan SA,,
2026-09-09,ESS,The Village at Toluca Lake,,Los Angeles,ESS-the-village-at-toluca-lake-1br-750sqft-plan-1b,1,1.0,750,2399.0,2026-09-09,,False,,,,,,,,https://www.essexapartmenthomes.com/apartments/burbank/the-village-at-toluca-lake/floor-plans-and-pricing,2026-04-04,2026-09-09,,,,,Plan 1B,,
2026-09-09,ESS,The Village at Toluca Lake,,Los Angeles,ESS-the-village-at-toluca-lake-2br-1000sqft-plan-2c,2,2.0,1000,3049.0,2026-09-09,,False,,,,,,,,https://www.essexapartmenthomes.com/apartments/burbank/the-village-at-toluca-lake/floor-plans-and-pricing,2026-05-03,2026-09-09,,,,,Plan 2C,,
2026-09-09,ESS,The Village at Toluca Lake,,Los Angeles,ESS-the-village-at-toluca-lake-2br-1204sqft-plan-2g-townhome,2,2.5,1204,3327.0,2026-09-09,,False,,,,,,,,https://www.essexapartmenthomes.com/apartments/burbank/the-village-at-toluca-lake/floor-plans-and-pricing,2026-07-19,2026-09-09,,,,,Plan 2G Townhome,,
2026-09-09,ESS,Camarillo Oaks,,Los Angeles,ESS-camarillo-oaks-1br-800sqft-plan-1e,1,1.0,800,1927.0,2026-09-09,,True,hard,"Save Up to $2,100 Off Rent!*",dollar_off,2100.0,9.08,,1752.0,https://www.essexapartmenthomes.com/apartments/camarillo/camarillo-oaks/floor-plans-and-pricing,2026-04-04,2026-09-09,,,,,Plan 1E,,
2026-09-09,ESS,Camarillo Oaks,,Los Angeles,ESS-camarillo-oaks-1br-672sqft-plan-1b,1,1.0,672,1949.0,2026-09-09,,True,hard,"Save Up to $2,100 Off Rent!*",dollar_off,2100.0,8.98,,1774.0,https://www.essexapartmenthomes.com/apartments/camarillo/camarillo-oaks/floor-plans-and-pricing,2026-05-09,2026-09-09,,,,,Plan 1B,,
2026-09-09,ESS,Camarillo Oaks,,Los Angeles,ESS-camarillo-oaks-1br-672sqft-plan-1c,1,1.0,672,1957.0,2026-09-09,,True,hard,"Save Up to $2,100 Off Rent!*",dollar_off,2100.0,8.94,,1782.0,https://www.essexapartmenthomes.com/apartments/camarillo/camarillo-oaks/floor-plans-and-pricing,2026-04-04,2026-09-09,,,,,Plan 1C,,
2026-09-09,ESS,Camarillo Oaks,,Los Angeles,ESS-camarillo-oaks-1br-672sqft-plan-1a,1,1.0,672,2049.0,2026-09-09,,True,hard,"Save Up to $2,100 Off Rent!*",dollar_off,2100.0,8.54,,1874.0,https://www.essexapartmenthomes.com/apartments/camarillo/camarillo-oaks/floor-plans-and-pricing,2026-04-04,2026-09-09,,,,,Plan 1A,,
2026-09-09,ESS,Camarillo Oaks,,Los Angeles,ESS-camarillo-oaks-1br-672sqft-plan-1d,1,1.0,672,2097.0,2026-09-09,,True,hard,"Save Up to $2,100 Off Rent!*",dollar_off,2100.0,8.35,,1922.0,https://www.essexapartmenthomes.com/apartments/camarillo/camarillo-oaks/floor-plans-and-pricing,2026-07-19,2026-09-09,,,,,Plan 1D,,
2026-09-09,ESS,Camarillo Oaks,,Los Angeles,ESS-camarillo-oaks-2br-800sqft-plan-2a,2,1.0,800,2167.0,2026-09-09,,True,hard,"Save Up to $2,100 Off Rent!*",dollar_off,2100.0,8.08,,1992.0,https://www.essexapartmenthomes.com/apartments/camarillo/camarillo-oaks/floor-plans-and-pricing,2026-04-04,2026-09-09,,,,,Plan 2A,,
2026-09-09,ESS,Camarillo Oaks,,Los Angeles,ESS-camarillo-oaks-2br-880sqft-plan-2c,2,1.5,880,2297.0,2026-09-09,,True,hard,"Save Up to $2,100 Off Rent!*",dollar_off,2100.0,7.62,,2122.0,https://www.essexapartmenthomes.com/apartments/camarillo/camarillo-oaks/floor-plans-and-pricing,2026-04-04,2026-09-09,,,,,Plan 2C,,
2026-09-09,ESS,Camarillo Oaks,,Los Angeles,ESS-camarillo-oaks-2br-880sqft-plan-2b,2,1.5,880,2369.0,2026-10-11,,True,hard,"Save Up to $2,100 Off Rent!*",dollar_off,2100.0,7.39,,2194.0,https://www.essexapartmenthomes.com/apartments/camarillo/camarillo-oaks/floor-plans-and-pricing,2026-04-04,2026-09-09,,,,,Plan 2B,,
2026-09-09,ESS,Camarillo Oaks,,Los Angeles,ESS-camarillo-oaks-2br-870sqft-plan-2e,2,2.0,870,2487.0,2026-10-30,,True,hard,"Save Up to $2,100 Off Rent!*",dollar_off,2100.0,7.04,,2312.0,https://www.essexapartmenthomes.com/apartments/camarillo/camarillo-oaks/floor-plans-and-pricing,2026-06-22,2026-09-09,,,,,Plan 2E,,
2026-09-09,ESS,Camino Ruiz Square,,Los Angeles,ESS-camino-ruiz-square-1br-588sqft-plan-1a,1,1.0,588,2089.0,2026-09-09,,True,hard,"Save Up to $2,700 Off Rent!*",dollar_off,2700.0,10.77,,1864.0,https://www.essexapartmenthomes.com/apartments/camarillo/camino-ruiz-square/floor-plans-and-pricing,2026-04-04,2026-09-09,,,,,Plan 1A,,
2026-09-09,ESS,Camino Ruiz Square,,Los Angeles,ESS-camino-ruiz-square-2br-915sqft-plan-2c,2,2.0,915,2789.0,2026-10-17,,True,hard,"Save Up to $2,700 Off Rent!*",dollar_off,2700.0,8.07,,2564.0,https://www.essexapartmenthomes.com/apartments/camarillo/camino-ruiz-square/floor-plans-and-pricing,2026-08-23,2026-09-09,,,,,Plan 2C,,
2026-09-09,ESS,Camino Ruiz Square,,Los Angeles,ESS-camino-ruiz-square-2br-910sqft-plan-2b,2,2.0,910,2817.0,2026-09-09,,True,hard,"Save Up to $2,700 Off Rent!*",dollar_off,2700.0,7.99,,2592.0,https://www.essexapartmenthomes.com/apartments/camarillo/camino-ruiz-square/floor-plans-and-pricing,2026-08-02,2026-09-09,,,,,Plan 2B,,
2026-09-09,ESS,Camino Ruiz Square,,Los Angeles,ESS-camino-ruiz-square-2br-910sqft-plan-2a,2,2.0,910,2827.0,2026-09-10,,True,hard,"Save Up to $2,700 Off Rent!*",dollar_off,2700.0,7.96,,2602.0,https://www.essexapartmenthomes.com/apartments/camarillo/camino-ruiz-square/floor-plans-and-pricing,2026-07-19,2026-09-09,,,,,Plan 2A,,
2026-09-09,ESS,Hacienda at Camarillo Oaks,,Los Angeles,ESS-hacienda-at-camarillo-oaks-2br-800sqft-plan-2a,2,1.0,800,2407.0,2026-09-27,,False,,,,,,,,https://www.essexapartmenthomes.com/apartments/camarillo/hacienda-at-camarillo-oaks/floor-plans-and-pricing,2026-04-04,2026-09-09,,,,,Plan 2A,,
2026-09-09,ESS,Revere Campbell,,San Jose,ESS-revere-campbell-1br-839sqft-plan-1a,1,1.0,839,3377.0,2026-10-10,,False,,,,,,,,https://www.essexapartmenthomes.com/apartments/campbell/revere-campbell/floor-plans-and-pricing,2026-04-04,2026-09-09,,,,,Plan 1A,,
2026-09-09,ESS,Revere Campbell,,San Jose,ESS-revere-campbell-2br-1179sqft-plan-2d,2,2.0,1179,4679.0,2026-09-10,,False,,,,,,,,https://www.essexapartmenthomes.com/apartments/campbell/revere-campbell/floor-plans-and-pricing,2026-04-04,2026-09-09,,,,,Plan 2D,,
2026-09-09,ESS,The Parc at Pruneyard,,San Jose,ESS-the-parc-at-pruneyard-1br-750sqft-plan-1a,1,1.0,750,3337.0,2026-09-09,,False,,,,,,,,https://www.essexapartmenthomes.com/apartments/campbell/the-parc-at-pruneyard/floor-plans-and-pricing,2026-04-04,2026-09-09,,,,,Plan 1A,,
2026-09-09,ESS,The Parc at Pruneyard,,San Jose,ESS-the-parc-at-pruneyard-2br-950sqft-plan-2a,2,2.0,950,3837.0,2026-09-09,,False,,,,,,,,https://www.essexapartmenthomes.com/apartments/campbell/the-parc-at-pruneyard/floor-plans-and-pricing,2026-04-04,2026-09-09,,,,,Plan 2A,,
2026-09-09,ESS,The Parc at Pruneyard,,San Jose,ESS-the-parc-at-pruneyard-2br-950sqft-plan-2b,2,2.0,950,3837.0,2026-09-09,,False,,,,,,,,https://www.essexapartmenthomes.com/apartments/campbell/the-parc-at-pruneyard/floor-plans-and-pricing,2026-04-04,2026-09-09,,,,,Plan 2B,,
2026-09-09,ESS,The Commons,,San Jose,ESS-the-commons-0br-461sqft-the-cornell,0,1.0,461,2487.0,2026-09-10,,False,,,,,,,,https://www.essexapartmenthomes.com/apartments/campbell/the-commons/floor-plans-and-pricing,2026-04-04,2026-09-09,,,,,The Cornell,,
2026-09-09,ESS,The Commons,,San Jose,ESS-the-commons-1br-660sqft-the-columbia,1,1.0,660,3067.0,2026-09-09,,False,,,,,,,,https://www.essexapartmenthomes.com/apartments/campbell/the-commons/floor-plans-and-pricing,2026-04-04,2026-09-09,,,,,The Columbia,,
2026-09-09,ESS,Pinnacle at Otay Ranch,,San Diego,ESS-pinnacle-at-otay-ranch-1br-746sqft-shetland,1,1.0,746,2289.0,2026-09-26,,True,hard,"Save Up to $2,100 Off Rent!*",dollar_off,2100.0,7.65,,2114.0,https://www.essexapartmenthomes.com/apartments/chula-vista/pinnacle-at-otay-ranch/floor-plans-and-pricing,2026-04-04,2026-09-09,,,,,Shetland,,
2026-09-09,ESS,Pinnacle at Otay Ranch,,San Diego,ESS-pinnacle-at-otay-ranch-1br-871sqft-equestrian,1,1.0,871,2389.0,2026-09-09,,True,hard,"Save Up to $2,100 Off Rent!*",dollar_off,2100.0,7.33,,2214.0,https://www.essexapartmenthomes.com/apartments/chula-vista/pinnacle-at-otay-ranch/floor-plans-and-pricing,2026-04-04,2026-09-09,,,,,Equestrian,,
2026-09-09,ESS,Pinnacle at Otay Ranch,,San Diego,ESS-pinnacle-at-otay-ranch-2br-1098sqft-homestead,2,2.0,1098,2809.0,2026-09-09,,True,hard,"Save Up to $2,100 Off Rent!*",dollar_off,2100.0,6.23,,2634.0,https://www.essexapartmenthomes.com/apartments/chula-vista/pinnacle-at-otay-ranch/floor-plans-and-pricing,2026-04-04,2026-09-09,,,,,Homestead,,
2026-09-09,ESS,Pinnacle at Otay Ranch,,San Diego,ESS-pinnacle-at-otay-ranch-2br-1274sqft-montana,2,2.0,1274,2919.0,2026-09-09,,True,hard,"Save Up to $2,100 Off Rent!*",dollar_off,2100.0,6.0,,2744.0,https://www.essexapartmenthomes.com/apartments/chula-vista/pinnacle-at-otay-ranch/floor-plans-and-pricing,2026-04-13,2026-09-09,,,,,Montana,,
2026-09-09,ESS,Pinnacle at Otay Ranch,,San Diego,ESS-pinnacle-at-otay-ranch-2br-1163sqft-appaloosa,2,2.0,1163,3029.0,2026-10-07,,True,hard,"Save Up to $2,100 Off Rent!*",dollar_off,2100.0,5.78,,2854.0,https://www.essexapartmenthomes.com/apartments/chula-vista/pinnacle-at-otay-ranch/floor-plans-and-pricing,2026-04-04,2026-09-09,,,,,Appaloosa,,
2026-09-09,ESS,Pinnacle at Otay Ranch,,San Diego,ESS-pinnacle-at-otay-ranch-2br-1220sqft-palomino,2,2.0,1220,3339.0,2026-10-04,,True,hard,"Save Up to $2,100 Off Rent!*",dollar_off,2100.0,5.24,,3164.0,https://www.essexapartmenthomes.com/apartments/chula-vista/pinnacle-at-otay-ranch/floor-plans-and-pricing,2026-04-04,2026-09-09,,,,,Palomino,,
2026-09-09,ESS,Villa Siena,,Orange County,ESS-villa-siena-1br-710sqft-huntington,1,1.0,710,2517.0,2026-10-22,,True,hard,"Save Up to $1,600 Off Rent!*",dollar_off,1600.0,5.3,,2383.67,https://www.essexapartmenthomes.com/apartments/costa-mesa/villa-siena/floor-plans-and-pricing,2026-04-04,2026-09-09,,,,,Huntington,,
2026-09-09,ESS,Villa Siena,,Orange County,ESS-villa-siena-2br-979sqft-laguna,2,1.5,979,3127.0,2026-09-29,,True,hard,"Save Up to $1,600 Off Rent!*",dollar_off,1600.0,4.26,,2993.67,https://www.essexapartmenthomes.com/apartments/costa-mesa/villa-siena/floor-plans-and-pricing,2026-04-04,2026-09-09,,,,,Laguna,,
2026-09-09,ESS,Villa Siena,,Orange County,ESS-villa-siena-2br-978sqft-sunset,2,2.0,978,3277.0,2026-09-22,,True,hard,"Save Up to $1,600 Off Rent!*",dollar_off,1600.0,4.07,,3143.67,https://www.essexapartmenthomes.com/apartments/costa-mesa/villa-siena/floor-plans-and-pricing,2026-04-04,2026-09-09,,,,,Sunset,,
2026-09-09,ESS,Villa Siena,,Orange County,ESS-villa-siena-3br-1159sqft-newport,3,2.0,1159,3509.0,2026-09-09,,True,hard,"Save Up to $1,600 Off Rent!*",dollar_off,1600.0,3.8,,3375.67,https://www.essexapartmenthomes.com/apartments/costa-mesa/villa-siena/floor-plans-and-pricing,2026-04-04,2026-09-09,,,,,Newport,,
2026-09-09,ESS,Sage at Cupertino,,Cupertino,ESS-sage-at-cupertino-1br-685sqft-plan-1a,1,1.0,685,3139.0,2026-09-09,,False,,,,,,,,https://www.essexapartmenthomes.com/apartments/cupertino/sage-at-cupertino/floor-plans-and-pricing,2026-04-04,2026-09-09,,,,,Plan 1A,,
2026-09-09,ESS,Sage at Cupertino,,Cupertino,ESS-sage-at-cupertino-2br-890sqft-plan-2b,2,2.0,890,3659.0,2026-09-13,,False,,,,,,,,https://www.essexapartmenthomes.com/apartments/cupertino/sage-at-cupertino/floor-plans-and-pricing,2026-08-02,2026-09-09,,,,,Plan 2B,,
2026-09-09,ESS,Sage at Cupertino,,Cupertino,ESS-sage-at-cupertino-2br-907sqft-plan-2c,2,2.0,907,3897.0,2026-09-09,,False,,,,,,,,https://www.essexapartmenthomes.com/apartments/cupertino/sage-at-cupertino/floor-plans-and-pricing,2026-08-02,2026-09-09,,,,,Plan 2C,,
2026-09-09,ESS,The Pointe at Cupertino,,Cupertino,ESS-the-pointe-at-cupertino-2br-960sqft-calabazas-townhome,2,1.5,960,3769.0,2026-10-01,,False,,,,,,,,https://www.essexapartmenthomes.com/apartments/cupertino/the-pointe-at-cupertino/floor-plans-and-pricing,2026-07-19,2026-09-09,,,,,Calabazas Townhome,,
2026-09-09,ESS,Emerald Pointe,,Diamond Bar,ESS-emerald-pointe-1br-708sqft-donegal,1,1.0,708,2489.0,2026-10-03,,False,,,,,,,,https://www.essexapartmenthomes.com/apartments/diamond-bar/emerald-pointe/floor-plans-and-pricing,2026-04-04,2026-09-09,,,,,Donegal,,
2026-09-09,ESS,Emerald Pointe,,Diamond Bar,ESS-emerald-pointe-2br-1010sqft-killarney,2,2.0,1010,3019.0,2026-09-24,,False,,,,,,,,https://www.essexapartmenthomes.com/apartments/diamond-bar/emerald-pointe/floor-plans-and-pricing,2026-04-04,2026-09-09,,,,,Killarney,,
2026-09-09,ESS,Connolly Station,,Dublin,ESS-connolly-station-1br-786sqft-the-oxford,1,1.0,786,2697.0,2026-09-09,,False,,,,,,,,https://www.essexapartmenthomes.com/apartments/dublin/connolly-station/floor-plans-and-pricing,2026-04-04,2026-09-09,,,,,The Oxford,,
2026-09-09,ESS,Connolly Station,,Dublin,ESS-connolly-station-2br-1118sqft-the-metro,2,2.0,1118,3489.0,2026-09-09,,False,,,,,,,,https://www.essexapartmenthomes.com/apartments/dublin/connolly-station/floor-plans-and-pricing,2026-04-26,2026-09-09,,,,,The Metro,,
2026-09-09,ESS,Connolly Station,,Dublin,ESS-connolly-station-2br-1518sqft-the-uptown,2,3.0,1518,3999.0,2026-09-09,,False,,,,,,,,https://www.essexapartmenthomes.com/apartments/dublin/connolly-station/floor-plans-and-pricing,2026-05-03,2026-09-09,,,,,The Uptown,,
2026-09-09,ESS,Connolly Station,,Dublin,ESS-connolly-station-3br-1424sqft-the-icon,3,2.0,1424,3977.0,2026-10-07,,False,,,,,,,,https://www.essexapartmenthomes.com/apartments/dublin/connolly-station/floor-plans-and-pricing,2026-09-03,2026-09-09,,,,,The Icon,,
2026-09-09,ESS,Connolly Station,,Dublin,ESS-connolly-station-3br-1739sqft-the-visionary,3,2.0,1739,4577.0,2026-09-09,,False,,,,,,,,https://www.essexapartmenthomes.com/apartments/dublin/connolly-station/floor-plans-and-pricing,2026-09-03,2026-09-09,,,,,The Visionary,,
2026-09-09,ESS,Avenue 64,,Emeryville,ESS-avenue-64-1br-789sqft-columbus-avenue,1,1.0,789,2819.0,2026-10-07,,False,,,,,,,,https://www.essexapartmenthomes.com/apartments/emeryville/avenue-64/floor-plans-and-pricing,2026-07-19,2026-09-09,,,,,Columbus Avenue,,
2026-09-09,ESS,Avenue 64,,Emeryville,ESS-avenue-64-2br-1073sqft-michigan-avenue,2,2.0,1073,3687.0,2026-10-12,,False,,,,,,,,https://www.essexapartmenthomes.com/apartments/emeryville/avenue-64/floor-plans-and-pricing,2026-04-04,2026-09-09,,,,,Michigan Avenue,,
2026-09-09,ESS,Emme,,Emeryville,ESS-emme-1br-808sqft-christie-townhome,1,1.0,808,2669.0,2026-10-10,,False,,,,,,,,https://www.essexapartmenthomes.com/apartments/emeryville/emme/floor-plans-and-pricing,2026-09-09,2026-09-09,,,,,Christie Townhome,,
2026-09-09,ESS,Emme,,Emeryville,ESS-emme-1br-593sqft-powell,1,1.0,593,2799.0,2026-09-11,,False,,,,,,,,https://www.essexapartmenthomes.com/apartments/emeryville/emme/floor-plans-and-pricing,2026-04-04,2026-09-09,,,,,Powell,,
2026-09-09,ESS,Emme,,Emeryville,ESS-emme-1br-596sqft-adeline-loft,1,1.0,596,2837.0,2026-10-08,,False,,,,,,,,https://www.essexapartmenthomes.com/apartments/emeryville/emme/floor-plans-and-pricing,2026-04-04,2026-09-09,,,,,Adeline Loft,,
2026-09-09,ESS,Emme,,Emeryville,ESS-emme-2br-967sqft-san-pablo,2,2.0,967,3437.0,2026-09-18,,False,,,,,,,,https://www.essexapartmenthomes.com/apartments/emeryville/emme/floor-plans-and-pricing,2026-04-04,2026-09-09,,,,,San Pablo,,
2026-09-09,ESS,The Courtyards at 65th Street,,Emeryville,ESS-the-courtyards-at-65th-street-1br-665sqft-emery,1,1.0,665,2687.0,2026-09-19,,False,,,,,,,,https://www.essexapartmenthomes.com/apartments/emeryville/the-courtyards-at-65th-street/floor-plans-and-pricing,2026-04-19,2026-09-09,,,,,Emery,,
2026-09-09,ESS,The Courtyards at 65th Street,,Emeryville,ESS-the-courtyards-at-65th-street-1br-844sqft-topeka,1,1.0,844,3059.0,2026-09-09,,False,,,,,,,,https://www.essexapartmenthomes.com/apartments/emeryville/the-courtyards-at-65th-street/floor-plans-and-pricing,2026-04-04,2026-09-09,,,,,Topeka,,
2026-09-09,ESS,The Courtyards at 65th Street,,Emeryville,ESS-the-courtyards-at-65th-street-1br-799sqft-ashby,1,1.0,799,3119.0,2026-09-26,,False,,,,,,,,https://www.essexapartmenthomes.com/apartments/emeryville/the-courtyards-at-65th-street/floor-plans-and-pricing,2026-08-23,2026-09-09,,,,,Ashby,,
2026-09-09,ESS,Regency at Encino,,Encino,ESS-regency-at-encino-1br-880sqft-melrose,1,1.0,880,2777.0,2026-09-11,,False,,,,,,,,https://www.essexapartmenthomes.com/apartments/encino/regency-at-encino/floor-plans-and-pricing,2026-04-13,2026-09-09,,,,,Melrose,,
2026-09-09,ESS,Regency at Encino,,Encino,ESS-regency-at-encino-2br-1100sqft-rodeo,2,2.0,1100,3139.0,2026-10-06,,False,,,,,,,,https://www.essexapartmenthomes.com/apartments/encino/regency-at-encino/floor-plans-and-pricing,2026-04-04,2026-09-09,,,,,Rodeo,,
2026-09-09,ESS,One Hundred Grand,,Bay Area,ESS-one-hundred-grand-2br-1138sqft-plan-2a,2,2.0,1138,5177.0,2026-09-09,,False,,,,,,,,https://www.essexapartmenthomes.com/apartments/foster-city/one-hundred-grand/floor-plans-and-pricing,2026-05-24,2026-09-09,,,,,Plan 2A,,
2026-09-09,ESS,One Hundred Grand,,Bay Area,ESS-one-hundred-grand-3br-1271sqft-plan-3a-townhome,3,3.0,1271,6077.0,2026-09-09,,False,,,,,,,,https://www.essexapartmenthomes.com/apartments/foster-city/one-hundred-grand/floor-plans-and-pricing,2026-08-02,2026-09-09,,,,,Plan 3A Townhome,,
2026-09-09,ESS,One Hundred Grand,,Bay Area,ESS-one-hundred-grand-3br-1411sqft-plan-3b-townhome,3,3.0,1411,6307.0,2026-10-14,,False,,,,,,,,https://www.essexapartmenthomes.com/apartments/foster-city/one-hundred-grand/floor-plans-and-pricing,2026-09-09,2026-09-09,,,,,Plan 3B Townhome,,
2026-09-09,ESS,The Plaza,,Bay Area,ESS-the-plaza-1br-602sqft-plan-1a,1,1.0,602,4019.0,2026-09-27,,False,,,,,,,,https://www.essexapartmenthomes.com/apartments/foster-city/the-plaza/floor-plans-and-pricing,2026-04-04,2026-09-09,,,,,Plan 1A,,
2026-09-09,ESS,The Plaza,,Bay Area,ESS-the-plaza-1br-666sqft-plan-1d,1,1.0,666,4179.0,2026-09-30,,False,,,,,,,,https://www.essexapartmenthomes.com/apartments/foster-city/the-plaza/floor-plans-and-pricing,2026-04-04,2026-09-09,,,,,Plan 1D,,
2026-09-09,ESS,The Plaza,,Bay Area,ESS-the-plaza-2br-977sqft-plan-2b,2,2.0,977,4689.0,2026-09-23,,False,,,,,,,,https://www.essexapartmenthomes.com/apartments/foster-city/the-plaza/floor-plans-and-pricing,2026-04-04,2026-09-09,,,,,Plan 2B,,
2026-09-09,ESS,The Plaza,,Bay Area,ESS-the-plaza-2br-856sqft-plan-2a,2,2.0,856,4899.0,2026-10-03,,False,,,,,,,,https://www.essexapartmenthomes.com/apartments/foster-city/the-plaza/floor-plans-and-pricing,2026-04-04,2026-09-09,,,,,Plan 2A,,
2026-09-09,ESS,The Plaza,,Bay Area,ESS-the-plaza-3br-1424sqft-plan-3a,3,2.0,1424,5907.0,2026-09-17,,False,,,,,,,,https://www.essexapartmenthomes.com/apartments/foster-city/the-plaza/floor-plans-and-pricing,2026-05-25,2026-09-09,,,,,Plan 3A,,
2026-09-09,ESS,Foster's Landing,,Bay Area,ESS-foster-s-landing-1br-635sqft-plan-1a,1,1.0,635,3167.0,2026-09-09,,False,,,,,,,,https://www.essexapartmenthomes.com/apartments/foster-city/fosters-landing/floor-plans-and-pricing,2026-04-04,2026-09-09,,,,,Plan 1A,,
2026-09-09,ESS,Foster's Landing,,Bay Area,ESS-foster-s-landing-1br-725sqft-plan-1b,1,1.0,725,3267.0,2026-09-09,,False,,,,,,,,https://www.essexapartmenthomes.com/apartments/foster-city/fosters-landing/floor-plans-and-pricing,2026-04-04,2026-09-09,,,,,Plan 1B,,
2026-09-09,ESS,Foster's Landing,,Bay Area,ESS-foster-s-landing-1br-745sqft-plan-1c,1,1.0,745,3389.0,2026-09-09,,False,,,,,,,,https://www.essexapartmenthomes.com/apartments/foster-city/fosters-landing/floor-plans-and-pricing,2026-04-04,2026-09-09,,,,,Plan 1C,,
2026-09-09,ESS,Foster's Landing,,Bay Area,ESS-foster-s-landing-1br-900sqft-plan-1d,1,1.0,900,3579.0,2026-10-11,,False,,,,,,,,https://www.essexapartmenthomes.com/apartments/foster-city/fosters-landing/floor-plans-and-pricing,2026-04-04,2026-09-09,,,,,Plan 1D,,
2026-09-09,ESS,Foster's Landing,,Bay Area,ESS-foster-s-landing-1br-925sqft-plan-1f-den,1,1.0,925,4149.0,2026-09-09,,False,,,,,,,,https://www.essexapartmenthomes.com/apartments/foster-city/fosters-landing/floor-plans-and-pricing,2026-04-13,2026-09-09,,,,,Plan 1F + Den,,
2026-09-09,ESS,Foster's Landing,,Bay Area,ESS-foster-s-landing-1br-900sqft-plan-1e-den,1,1.0,900,4247.0,2026-09-09,,False,,,,,,,,https://www.essexapartmenthomes.com/apartments/foster-city/fosters-landing/floor-plans-and-pricing,2026-04-04,2026-09-09,,,,,Plan 1E + Den,,
2026-09-09,ESS,Foster's Landing,,Bay Area,ESS-foster-s-landing-2br-1100sqft-plan-2c,2,2.0,1100,4137.0,2026-09-09,,False,,,,,,,,https://www.essexapartmenthomes.com/apartments/foster-city/fosters-landing/floor-plans-and-pricing,2026-04-19,2026-09-09,,,,,Plan 2C,,
2026-09-09,ESS,Foster's Landing,,Bay Area,ESS-foster-s-landing-2br-900sqft-plan-2a,2,1.0,900,4179.0,2026-10-12,,False,,,,,,,,https://www.essexapartmenthomes.com/apartments/foster-city/fosters-landing/floor-plans-and-pricing,2026-07-19,2026-09-09,,,,,Plan 2A,,
2026-09-09,ESS,Foster's Landing,,Bay Area,ESS-foster-s-landing-2br-925sqft-plan-2b,2,1.0,925,4267.0,2026-10-18,,False,,,,,,,,https://www.essexapartmenthomes.com/apartments/foster-city/fosters-landing/floor-plans-and-pricing,2026-09-03,2026-09-09,,,,,Plan 2B,,
2026-09-09,ESS,The Havens,,Fountain Valley,ESS-the-havens-1br-767sqft-plan-1a,1,1.0,767,2487.0,2026-09-09,,True,hard,"Save Up to $2,100 Off Rent!*",dollar_off,2100.0,7.04,,2312.0,https://www.essexapartmenthomes.com/apartments/fountain-valley/the-havens/floor-plans-and-pricing,2026-04-04,2026-09-09,,,,,Plan 1A,,
2026-09-09,ESS,The Havens,,Fountain Valley,ESS-the-havens-1br-790sqft-plan-1b,1,1.0,790,2647.0,2026-09-09,,True,hard,"Save Up to $2,100 Off Rent!*",dollar_off,2100.0,6.61,,2472.0,https://www.essexapartmenthomes.com/apartments/fountain-valley/the-havens/floor-plans-and-pricing,2026-04-04,2026-09-09,,,,,Plan 1B,,
2026-09-09,ESS,The Havens,,Fountain Valley,ESS-the-havens-2br-1055sqft-plan-2a,2,2.0,1055,2789.0,2026-09-09,,True,hard,"Save Up to $2,100 Off Rent!*",dollar_off,2100.0,6.27,,2614.0,https://www.essexapartmenthomes.com/apartments/fountain-valley/the-havens/floor-plans-and-pricing,2026-04-04,2026-09-09,,,,,Plan 2A,,
2026-09-09,ESS,Valley Park,,Fountain Valley,ESS-valley-park-2br-1002sqft-plan-2a,2,1.5,1002,2677.0,2026-10-11,,True,hard,"Save Up to $1,600 Off Rent!*",dollar_off,1600.0,4.98,,2543.67,https://www.essexapartmenthomes.com/apartments/fountain-valley/valley-park/floor-plans-and-pricing,2026-04-04,2026-09-09,,,,,Plan 2A,,
2026-09-09,ESS,Valley Park,,Fountain Valley,ESS-valley-park-2br-1163sqft-plan-2b-townhome,2,1.5,1163,2979.0,2026-09-09,,True,hard,"Save Up to $1,600 Off Rent!*",dollar_off,1600.0,4.48,,2845.67,https://www.essexapartmenthomes.com/apartments/fountain-valley/valley-park/floor-plans-and-pricing,2026-05-03,2026-09-09,,,,,Plan 2B Townhome,,
2026-09-09,ESS,Valley Park,,Fountain Valley,ESS-valley-park-3br-1300sqft-plan-3a,3,2.0,1300,3589.0,2026-09-24,,True,hard,"Save Up to $1,600 Off Rent!*",dollar_off,1600.0,3.72,,3455.67,https://www.essexapartmenthomes.com/apartments/fountain-valley/valley-park/floor-plans-and-pricing,2026-08-23,2026-09-09,,,,,Plan 3A,,
2026-09-09,ESS,Boulevard,,Bay Area,ESS-boulevard-1br-700sqft-plan-1a,1,1.0,700,2759.0,2026-09-09,,False,,,,,,,,https://www.essexapartmenthomes.com/apartments/fremont/boulevard/floor-plans-and-pricing,2026-04-04,2026-09-09,,,,,Plan 1A,,
2026-09-09,ESS,Boulevard,,Bay Area,ESS-boulevard-1br-800sqft-plan-1b-loft,1,1.0,800,2939.0,2026-10-12,,False,,,,,,,,https://www.essexapartmenthomes.com/apartments/fremont/boulevard/floor-plans-and-pricing,2026-05-25,2026-09-09,,,,,Plan 1B Loft,,
2026-09-09,ESS,Boulevard,,Bay Area,ESS-boulevard-2br-900sqft-plan-2a,2,1.0,900,3567.0,2026-10-12,,False,,,,,,,,https://www.essexapartmenthomes.com/apartments/fremont/boulevard/floor-plans-and-pricing,2026-04-04,2026-09-09,,,,,Plan 2A,,
2026-09-09,ESS,Briarwood at Central Park,,Bay Area,ESS-briarwood-at-central-park-0br-410sqft-plan-sa,0,1.0,410,2149.0,2026-10-02,,False,,,,,,,,https://www.essexapartmenthomes.com/apartments/fremont/briarwood-at-central-park/floor-plans-and-pricing,2026-06-09,2026-09-09,,,,,Plan SA,,
2026-09-09,ESS,Briarwood at Central Park,,Bay Area,ESS-briarwood-at-central-park-1br-600sqft-plan-1a,1,1.0,600,2547.0,2026-09-09,,False,,,,,,,,https://www.essexapartmenthomes.com/apartments/fremont/briarwood-at-central-park/floor-plans-and-pricing,2026-04-04,2026-09-09,,,,,Plan 1A,,
2026-09-09,ESS,Briarwood at Central Park,,Bay Area,ESS-briarwood-at-central-park-2br-800sqft-plan-2a,2,1.0,800,3007.0,2026-09-24,,False,,,,,,,,https://www.essexapartmenthomes.com/apartments/fremont/briarwood-at-central-park/floor-plans-and-pricing,2026-04-04,2026-09-09,,,,,Plan 2A,,
2026-09-09,ESS,Briarwood at Central Park,,Bay Area,ESS-briarwood-at-central-park-2br-850sqft-plan-2b,2,2.0,850,3347.0,2026-10-22,,False,,,,,,,,https://www.essexapartmenthomes.com/apartments/fremont/briarwood-at-central-park/floor-plans-and-pricing,2026-04-04,2026-09-09,,,,,Plan 2B,,
2026-09-09,ESS,Mission Peaks,,Bay Area,ESS-mission-peaks-1br-725sqft-santa-cruz,1,1.0,725,2699.0,2026-09-09,,False,,,,,,,,https://www.essexapartmenthomes.com/apartments/fremont/mission-peaks/floor-plans-and-pricing,2026-04-04,2026-09-09,,,,,Santa Cruz,,
2026-09-09,ESS,Mission Peaks,,Bay Area,ESS-mission-peaks-1br-735sqft-sonoma,1,1.0,735,2817.0,2026-09-22,,False,,,,,,,,https://www.essexapartmenthomes.com/apartments/fremont/mission-peaks/floor-plans-and-pricing,2026-04-04,2026-09-09,,,,,Sonoma,,
2026-09-09,ESS,Mission Peaks,,Bay Area,ESS-mission-peaks-1br-722sqft-sunol,1,1.0,722,2869.0,2026-10-21,,False,,,,,,,,https://www.essexapartmenthomes.com/apartments/fremont/mission-peaks/floor-plans-and-pricing,2026-07-19,2026-09-09,,,,,Sunol,,
2026-09-09,ESS,Mission Peaks,,Bay Area,ESS-mission-peaks-1br-748sqft-napa-valley,1,1.0,748,2959.0,2026-09-17,,False,,,,,,,,https://www.essexapartmenthomes.com/apartments/fremont/mission-peaks/floor-plans-and-pricing,2026-04-19,2026-09-09,,,,,Napa Valley,,
2026-09-09,ESS,Mission Peaks,,Bay Area,ESS-mission-peaks-2br-1061sqft-castlewood,2,2.0,1061,3239.0,2026-09-20,,False,,,,,,,,https://www.essexapartmenthomes.com/apartments/fremont/mission-peaks/floor-plans-and-pricing,2026-04-04,2026-09-09,,,,,Castlewood,,
2026-09-09,ESS,Mission Peaks,,Bay Area,ESS-mission-peaks-2br-1014sqft-santa-barbara,2,2.0,1014,3257.0,2026-09-09,,False,,,,,,,,https://www.essexapartmenthomes.com/apartments/fremont/mission-peaks/floor-plans-and-pricing,2026-04-04,2026-09-09,,,,,Santa Barbara,,
2026-09-09,ESS,Mission Peaks,,Bay Area,ESS-mission-peaks-2br-1070sqft-calistoga,2,2.0,1070,3337.0,2026-09-09,,False,,,,,,,,https://www.essexapartmenthomes.com/apartments/fremont/mission-peaks/floor-plans-and-pricing,2026-04-04,2026-09-09,,,,,Calistoga,,
2026-09-09,ESS,Mission Peaks,,Bay Area,ESS-mission-peaks-3br-1366sqft-monterey,3,2.5,1366,4629.0,2026-09-09,,False,,,,,,,,https://www.essexapartmenthomes.com/apartments/fremont/mission-peaks/floor-plans-and-pricing,2026-05-03,2026-09-09,,,,,Monterey,,
2026-09-09,ESS,Mission Peaks II,,Bay Area,ESS-mission-peaks-ii-1br-704sqft-sierra,1,1.0,704,2919.0,2026-09-09,,False,,,,,,,,https://www.essexapartmenthomes.com/apartments/fremont/mission-peaks-ii/floor-plans-and-pricing,2026-04-04,2026-09-09,,,,,Sierra,,
2026-09-09,ESS,Mission Peaks II,,Bay Area,ESS-mission-peaks-ii-2br-906sqft-amador,2,1.0,906,3227.0,2026-09-09,,False,,,,,,,,https://www.essexapartmenthomes.com/apartments/fremont/mission-peaks-ii/floor-plans-and-pricing,2026-04-04,2026-09-09,,,,,Amador,,
2026-09-09,ESS,Mission Peaks II,,Bay Area,ESS-mission-peaks-ii-2br-1108sqft-sonora,2,2.0,1108,3347.0,2026-09-09,,False,,,,,,,,https://www.essexapartmenthomes.com/apartments/fremont/mission-peaks-ii/floor-plans-and-pricing,2026-04-04,2026-09-09,,,,,Sonora,,
2026-09-09,ESS,Paragon,,Bay Area,ESS-paragon-1br-738sqft-plan-1b,1,1.0,738,2957.0,2026-09-09,,False,,,,,,,,https://www.essexapartmenthomes.com/apartments/fremont/paragon/floor-plans-and-pricing,2026-04-04,2026-09-09,,,,,Plan 1B,,
2026-09-09,ESS,Paragon,,Bay Area,ESS-paragon-2br-1058sqft-plan-2a,2,2.0,1058,3519.0,2026-09-09,,False,,,,,,,,https://www.essexapartmenthomes.com/apartments/fremont/paragon/floor-plans-and-pricing,2026-04-04,2026-09-09,,,,,Plan 2A,,
2026-09-09,ESS,Paragon,,Bay Area,ESS-paragon-2br-1179sqft-plan-2d,2,2.0,1179,3597.0,2026-09-10,,False,,,,,,,,https://www.essexapartmenthomes.com/apartments/fremont/paragon/floor-plans-and-pricing,2026-04-13,2026-09-09,,,,,Plan 2D,,
2026-09-09,ESS,Stevenson Place,,Bay Area,ESS-stevenson-place-1br-620sqft-the-birch-suite,1,1.0,620,2609.0,2026-09-09,,False,,,,,,,,https://www.essexapartmenthomes.com/apartments/fremont/stevenson-place/floor-plans-and-pricing,2026-04-04,2026-09-09,,,,,The Birch Suite,,
2026-09-09,ESS,Stevenson Place,,Bay Area,ESS-stevenson-place-1br-730sqft-the-cedar-suite,1,1.0,730,2679.0,2026-09-09,,False,,,,,,,,https://www.essexapartmenthomes.com/apartments/fremont/stevenson-place/floor-plans-and-pricing,2026-04-04,2026-09-09,,,,,The Cedar Suite,,
2026-09-09,ESS,Stevenson Place,,Bay Area,ESS-stevenson-place-2br-1010sqft-the-maple-suite,2,2.0,1010,3197.0,2026-09-22,,False,,,,,,,,https://www.essexapartmenthomes.com/apartments/fremont/stevenson-place/floor-plans-and-pricing,2026-04-04,2026-09-09,,,,,The Maple Suite,,
2026-09-09,ESS,Stevenson Place,,Bay Area,ESS-stevenson-place-2br-1110sqft-the-redwood-suite-townhome,2,1.5,1110,3257.0,2026-09-11,,False,,,,,,,,https://www.essexapartmenthomes.com/apartments/fremont/stevenson-place/floor-plans-and-pricing,2026-04-04,2026-09-09,,,,,The Redwood Suite Townhome,,
2026-09-09,ESS,The Rexford,,Bay Area,ESS-the-rexford-1br-720sqft-plan-1a,1,1.0,720,2607.0,2026-09-09,,False,,,,,,,,https://www.essexapartmenthomes.com/apartments/fremont/the-rexford/floor-plans-and-pricing,2026-05-24,2026-09-09,,,,,Plan 1A,,
2026-09-09,ESS,The Rexford,,Bay Area,ESS-the-rexford-1br-840sqft-plan-1c,1,1.0,840,2809.0,2026-09-09,,False,,,,,,,,https://www.essexapartmenthomes.com/apartments/fremont/the-rexford/floor-plans-and-pricing,2026-08-02,2026-09-09,,,,,Plan 1C,,
2026-09-09,ESS,The Rexford,,Bay Area,ESS-the-rexford-1br-880sqft-plan-1d-den,1,1.0,880,2919.0,2026-10-14,,False,,,,,,,,https://www.essexapartmenthomes.com/apartments/fremont/the-rexford/floor-plans-and-pricing,2026-04-04,2026-09-09,,,,,Plan 1D + Den,,
2026-09-09,ESS,The Rexford,,Bay Area,ESS-the-rexford-2br-900sqft-plan-2a,2,1.0,900,3247.0,2026-09-09,,False,,,,,,,,https://www.essexapartmenthomes.com/apartments/fremont/the-rexford/floor-plans-and-pricing,2026-07-19,2026-09-09,,,,,Plan 2A,,
2026-09-09,ESS,The Rexford,,Bay Area,ESS-the-rexford-3br-1320sqft-plan-3a,3,2.0,1320,3857.0,2026-10-07,,False,,,,,,,,https://www.essexapartmenthomes.com/apartments/fremont/the-rexford/floor-plans-and-pricing,2026-04-19,2026-09-09,,,,,Plan 3A,,
2026-09-09,ESS,The Woods,,Bay Area,ESS-the-woods-0br-410sqft-plan-sa,0,1.0,410,2407.0,2026-09-09,,False,,,,,,,,https://www.essexapartmenthomes.com/apartments/fremont/the-woods/floor-plans-and-pricing,2026-04-04,2026-09-09,,,,,Plan SA,,
2026-09-09,ESS,The Woods,,Bay Area,ESS-the-woods-1br-600sqft-plan-1a,1,1.0,600,2557.0,2026-09-18,,False,,,,,,,,https://www.essexapartmenthomes.com/apartments/fremont/the-woods/floor-plans-and-pricing,2026-04-04,2026-09-09,,,,,Plan 1A,,
2026-09-09,ESS,The Woods,,Bay Area,ESS-the-woods-2br-800sqft-plan-2a,2,1.0,800,2869.0,2026-09-19,,False,,,,,,,,https://www.essexapartmenthomes.com/apartments/fremont/the-woods/floor-plans-and-pricing,2026-04-04,2026-09-09,,,,,Plan 2A,,
2026-09-09,ESS,The Woods,,Bay Area,ESS-the-woods-2br-850sqft-plan-2b,2,2.0,850,3017.0,2026-09-25,,False,,,,,,,,https://www.essexapartmenthomes.com/apartments/fremont/the-woods/floor-plans-and-pricing,2026-04-13,2026-09-09,,,,,Plan 2B,,
2026-09-09,ESS,Capri at Sunny Hills,,Orange County,ESS-capri-at-sunny-hills-3br-1281sqft-plan-3a-townhome,3,2.5,1281,3187.0,2026-09-09,,True,hard,"Save Up to $3,300 Off Rent!*",dollar_off,3300.0,8.63,,2912.0,https://www.essexapartmenthomes.com/apartments/fullerton/capri-at-sunny-hills/floor-plans-and-pricing,2026-04-04,2026-09-09,,,,,Plan 3A Townhome,,
2026-09-09,ESS,Haver Hill,,Orange County,ESS-haver-hill-0br-585sqft-plan-sa,0,1.0,585,1999.0,2026-09-09,,False,,,,,,,,https://www.essexapartmenthomes.com/apartments/fullerton/haver-hill/floor-plans-and-pricing,2026-05-09,2026-09-09,,,,,Plan SA,,
2026-09-09,ESS,Haver Hill,,Orange County,ESS-haver-hill-1br-744sqft-plan-1a,1,1.0,744,2389.0,2026-09-11,,False,,,,,,,,https://www.essexapartmenthomes.com/apartments/fullerton/haver-hill/floor-plans-and-pricing,2026-04-04,2026-09-09,,,,,Plan 1A,,
2026-09-09,ESS,Haver Hill,,Orange County,ESS-haver-hill-2br-1106sqft-plan-2a,2,2.0,1106,2759.0,2026-09-14,,False,,,,,,,,https://www.essexapartmenthomes.com/apartments/fullerton/haver-hill/floor-plans-and-pricing,2026-04-04,2026-09-09,,,,,Plan 2A,,
2026-09-09,ESS,Pinnacle at Fullerton,,Orange County,ESS-pinnacle-at-fullerton-0br-662sqft-gillespie,0,1.0,662,2337.0,2026-09-29,,True,hard,"Save Up to $2,100 Off Rent!*",dollar_off,2100.0,7.49,,2162.0,https://www.essexapartmenthomes.com/apartments/fullerton/pinnacle-at-fullerton/floor-plans-and-pricing,2026-04-04,2026-09-09,,,,,Gillespie,,
2026-09-09,ESS,Pinnacle at Fullerton,,Orange County,ESS-pinnacle-at-fullerton-1br-719sqft-coltrane,1,1.0,719,2629.0,2026-09-09,,True,hard,"Save Up to $2,100 Off Rent!*",dollar_off,2100.0,6.66,,2454.0,https://www.essexapartmenthomes.com/apartments/fullerton/pinnacle-at-fullerton/floor-plans-and-pricing,2026-04-04,2026-09-09,,,,,Coltrane,,
2026-09-09,ESS,Pinnacle at Fullerton,,Orange County,ESS-pinnacle-at-fullerton-2br-1048sqft-goodman,2,2.0,1048,3437.0,2026-09-09,,True,hard,"Save Up to $2,100 Off Rent!*",dollar_off,2100.0,5.09,,3262.0,https://www.essexapartmenthomes.com/apartments/fullerton/pinnacle-at-fullerton/floor-plans-and-pricing,2026-04-04,2026-09-09,,,,,Goodman,,
2026-09-09,ESS,Pinnacle at Fullerton,,Orange County,ESS-pinnacle-at-fullerton-2br-1173sqft-fitzgerald,2,2.0,1173,3519.0,2026-09-21,,True,hard,"Save Up to $2,100 Off Rent!*",dollar_off,2100.0,4.97,,3344.0,https://www.essexapartmenthomes.com/apartments/fullerton/pinnacle-at-fullerton/floor-plans-and-pricing,2026-04-04,2026-09-09,,,,,Fitzgerald,,
2026-09-09,ESS,Pinnacle at Fullerton,,Orange County,ESS-pinnacle-at-fullerton-2br-1282sqft-ellington-den-townhome,2,2.5,1282,3537.0,2026-09-20,,True,hard,"Save Up to $2,100 Off Rent!*",dollar_off,2100.0,4.95,,3362.0,https://www.essexapartmenthomes.com/apartments/fullerton/pinnacle-at-fullerton/floor-plans-and-pricing,2026-04-19,2026-09-09,,,,,Ellington + Den Townhome,,
2026-09-09,ESS,Pinnacle at Fullerton,,Orange County,ESS-pinnacle-at-fullerton-3br-1591sqft-basie-den-townhome,3,3.0,1591,4469.0,2026-09-11,,True,hard,"Save Up to $2,100 Off Rent!*",dollar_off,2100.0,3.92,,4294.0,https://www.essexapartmenthomes.com/apartments/fullerton/pinnacle-at-fullerton/floor-plans-and-pricing,2026-04-04,2026-09-09,,,,,Basie + Den Townhome,,
2026-09-09,ESS,Wilshire Promenade,,Orange County,ESS-wilshire-promenade-1br-710sqft-plan-1a,1,1.0,710,2747.0,2026-09-09,,False,,,,,,,,https://www.essexapartmenthomes.com/apartments/fullerton/wilshire-promenade/floor-plans-and-pricing,2026-04-04,2026-09-09,,,,,Plan 1A,,
2026-09-09,ESS,Wilshire Promenade,,Orange County,ESS-wilshire-promenade-2br-915sqft-plan-2a,2,2.0,915,3119.0,2026-10-19,,False,,,,,,,,https://www.essexapartmenthomes.com/apartments/fullerton/wilshire-promenade/floor-plans-and-pricing,2026-08-08,2026-09-09,,,,,Plan 2A,,
2026-09-09,ESS,Montejo,,Garden Grove,ESS-montejo-1br-810sqft-plan-1b,1,1.0,810,2589.0,2026-09-09,,False,,,,,,,,https://www.essexapartmenthomes.com/apartments/garden-grove/montejo/floor-plans-and-pricing,2026-04-04,2026-09-09,,,,,Plan 1B,,
2026-09-09,ESS,Montejo,,Garden Grove,ESS-montejo-2br-882sqft-plan-2a,2,1.0,882,2657.0,2026-09-15,,False,,,,,,,,https://www.essexapartmenthomes.com/apartments/garden-grove/montejo/floor-plans-and-pricing,2026-05-03,2026-09-09,,,,,Plan 2A,,
2026-09-09,ESS,Montejo,,Garden Grove,ESS-montejo-2br-1000sqft-plan-2c,2,1.0,1000,2707.0,2026-10-04,,False,,,,,,,,https://www.essexapartmenthomes.com/apartments/garden-grove/montejo/floor-plans-and-pricing,2026-04-04,2026-09-09,,,,,Plan 2C,,
2026-09-09,ESS,Montejo,,Garden Grove,ESS-montejo-2br-950sqft-plan-2b,2,1.0,950,2887.0,2026-09-09,,False,,,,,,,,https://www.essexapartmenthomes.com/apartments/garden-grove/montejo/floor-plans-and-pricing,2026-05-03,2026-09-09,,,,,Plan 2B,,
2026-09-09,ESS,The Henley,,Los Angeles,ESS-the-henley-1br-759sqft-the-grandview,1,1.0,759,1979.0,2026-09-09,,True,hard,Up to 5 Weeks FREE!*,months_free,1.1539,9.62,9.62,1788.7,https://www.essexapartmenthomes.com/apartments/glendale/the-henley/floor-plans-and-pricing,2026-05-17,2026-09-09,,,,,The Grandview,,
2026-09-09,ESS,The Henley,,Los Angeles,ESS-the-henley-1br-781sqft-the-veranda,1,1.0,781,2227.0,2026-09-09,,True,hard,Up to 5 Weeks FREE!*,months_free,1.1539,9.62,9.62,2012.86,https://www.essexapartmenthomes.com/apartments/glendale/the-henley/floor-plans-and-pricing,2026-06-09,2026-09-09,,,,,The Veranda,,
2026-09-09,ESS,The Henley,,Los Angeles,ESS-the-henley-1br-733sqft-the-palm,1,1.0,733,2277.0,2026-09-21,,True,hard,Up to 5 Weeks FREE!*,months_free,1.1539,9.62,9.62,2058.05,https://www.essexapartmenthomes.com/apartments/glendale/the-henley/floor-plans-and-pricing,2026-04-19,2026-09-09,,,,,The Palm,,
2026-09-09,ESS,The Henley,,Los Angeles,ESS-the-henley-1br-890sqft-the-huntington,1,1.0,890,2339.0,2026-09-18,,True,hard,Up to 5 Weeks FREE!*,months_free,1.1539,9.62,9.62,2114.09,https://www.essexapartmenthomes.com/apartments/glendale/the-henley/floor-plans-and-pricing,2026-04-13,2026-09-09,,,,,The Huntington,,
2026-09-09,ESS,The Henley,,Los Angeles,ESS-the-henley-2br-980sqft-the-verdugo-viejo,2,2.0,980,2567.0,2026-10-08,,True,hard,Up to 5 Weeks FREE!*,months_free,1.1539,9.62,9.62,2320.16,https://www.essexapartmenthomes.com/apartments/glendale/the-henley/floor-plans-and-pricing,2026-04-04,2026-09-09,,,,,The Verdugo Viejo,,
2026-09-09,ESS,The Henley,,Los Angeles,ESS-the-henley-2br-1058sqft-the-lorraine,2,2.0,1058,2689.0,2026-10-08,,True,hard,Up to 5 Weeks FREE!*,months_free,1.1539,9.62,9.62,2430.43,https://www.essexapartmenthomes.com/apartments/glendale/the-henley/floor-plans-and-pricing,2026-04-04,2026-09-09,,,,,The Lorraine,,
2026-09-09,ESS,The Henley,,Los Angeles,ESS-the-henley-2br-950sqft-the-rossmoyne,2,2.0,950,2697.0,2026-10-08,,True,hard,Up to 5 Weeks FREE!*,months_free,1.1539,9.62,9.62,2437.66,https://www.essexapartmenthomes.com/apartments/glendale/the-henley/floor-plans-and-pricing,2026-05-03,2026-09-09,,,,,The Rossmoyne,,
2026-09-09,ESS,The Henley,,Los Angeles,ESS-the-henley-2br-1283sqft-the-essex,2,2.0,1283,2967.0,2026-09-29,,True,hard,Up to 5 Weeks FREE!*,months_free,1.1539,9.62,9.62,2681.7,https://www.essexapartmenthomes.com/apartments/glendale/the-henley/floor-plans-and-pricing,2026-05-03,2026-09-09,,,,,The Essex,,
2026-09-09,ESS,The Henley,,Los Angeles,ESS-the-henley-3br-1456sqft-the-glendale,3,2.0,1456,3817.0,2026-09-09,,True,hard,Up to 5 Weeks FREE!*,months_free,1.1539,9.62,9.62,3449.96,https://www.essexapartmenthomes.com/apartments/glendale/the-henley/floor-plans-and-pricing,2026-09-03,2026-09-09,,,,,The Glendale,,
2026-09-09,ESS,City Centre,,Hayward,ESS-city-centre-0br-458sqft-shasta,0,1.0,458,2247.0,2026-09-09,,False,,,,,,,,https://www.essexapartmenthomes.com/apartments/hayward/city-centre/floor-plans-and-pricing,2026-04-19,2026-09-09,,,,,Shasta,,
2026-09-09,ESS,City Centre,,Hayward,ESS-city-centre-1br-708sqft-sierra,1,1.0,708,2569.0,2026-09-09,,False,,,,,,,,https://www.essexapartmenthomes.com/apartments/hayward/city-centre/floor-plans-and-pricing,2026-04-19,2026-09-09,,,,,Sierra,,
2026-09-09,ESS,City Centre,,Hayward,ESS-city-centre-1br-769sqft-aspen,1,1.0,769,2609.0,2026-09-29,,False,,,,,,,,https://www.essexapartmenthomes.com/apartments/hayward/city-centre/floor-plans-and-pricing,2026-04-04,2026-09-09,,,,,Aspen,,
2026-09-09,ESS,City Centre,,Hayward,ESS-city-centre-3br-1255sqft-tahoe,3,2.0,1255,3937.0,2026-09-25,,False,,,,,,,,https://www.essexapartmenthomes.com/apartments/hayward/city-centre/floor-plans-and-pricing,2026-05-03,2026-09-09,,,,,Tahoe,,
2026-09-09,ESS,City View,,Hayward,ESS-city-view-1br-784sqft-plan-1c,1,1.0,784,2219.0,2026-10-14,,False,,,,,,,,https://www.essexapartmenthomes.com/apartments/hayward/city-view/floor-plans-and-pricing,2026-04-04,2026-09-09,,,,,Plan 1C,,
2026-09-09,ESS,City View,,Hayward,ESS-city-view-1br-662sqft-plan-1a,1,1.0,662,2249.0,2026-09-09,,False,,,,,,,,https://www.essexapartmenthomes.com/apartments/hayward/city-view/floor-plans-and-pricing,2026-04-04,2026-09-09,,,,,Plan 1A,,
2026-09-09,ESS,City View,,Hayward,ESS-city-view-1br-713sqft-plan-1b,1,1.0,713,2349.0,2026-09-14,,False,,,,,,,,https://www.essexapartmenthomes.com/apartments/hayward/city-view/floor-plans-and-pricing,2026-04-04,2026-09-09,,,,,Plan 1B,,
2026-09-09,ESS,City View,,Hayward,ESS-city-view-1br-797sqft-plan-1d,1,1.0,797,2349.0,2026-09-09,,False,,,,,,,,https://www.essexapartmenthomes.com/apartments/hayward/city-view/floor-plans-and-pricing,2026-04-04,2026-09-09,,,,,Plan 1D,,
2026-09-09,ESS,City View,,Hayward,ESS-city-view-2br-976sqft-plan-2a,2,1.5,976,2477.0,2026-10-06,,False,,,,,,,,https://www.essexapartmenthomes.com/apartments/hayward/city-view/floor-plans-and-pricing,2026-04-04,2026-09-09,,,,,Plan 2A,,
2026-09-09,ESS,City View,,Hayward,ESS-city-view-2br-1091sqft-plan-2c,2,2.0,1091,2887.0,2026-09-09,,False,,,,,,,,https://www.essexapartmenthomes.com/apartments/hayward/city-view/floor-plans-and-pricing,2026-04-04,2026-09-09,,,,,Plan 2C,,
2026-09-09,ESS,City View,,Hayward,ESS-city-view-2br-1063sqft-plan-2b,2,2.0,1063,3039.0,2026-10-15,,False,,,,,,,,https://www.essexapartmenthomes.com/apartments/hayward/city-view/floor-plans-and-pricing,2026-04-04,2026-09-09,,,,,Plan 2B,,
2026-09-09,ESS,Huntington Breakers,,Huntington Beach,ESS-huntington-breakers-0br-442sqft-plan-sa,0,1.0,442,2217.0,2026-09-14,,False,,,,,,,,https://www.essexapartmenthomes.com/apartments/huntington-beach/huntington-breakers/floor-plans-and-pricing,2026-04-04,2026-09-09,,,,,Plan SA,,
2026-09-09,ESS,Huntington Breakers,,Huntington Beach,ESS-huntington-breakers-1br-632sqft-plan-1b-townhome,1,1.0,632,2627.0,2026-09-09,,False,,,,,,,,https://www.essexapartmenthomes.com/apartments/huntington-beach/huntington-breakers/floor-plans-and-pricing,2026-04-04,2026-09-09,,,,,Plan 1B Townhome,,
2026-09-09,ESS,Huntington Breakers,,Huntington Beach,ESS-huntington-breakers-1br-624sqft-plan-1a,1,1.0,624,2687.0,2026-09-13,,False,,,,,,,,https://www.essexapartmenthomes.com/apartments/huntington-beach/huntington-breakers/floor-plans-and-pricing,2026-04-13,2026-09-09,,,,,Plan 1A,,
2026-09-09,ESS,Huntington Breakers,,Huntington Beach,ESS-huntington-breakers-2br-917sqft-plan-2c-townhome,2,2.0,917,3387.0,2026-09-17,,False,,,,,,,,https://www.essexapartmenthomes.com/apartments/huntington-beach/huntington-breakers/floor-plans-and-pricing,2026-04-04,2026-09-09,,,,,Plan 2C Townhome,,
2026-09-09,ESS,Huntington Breakers,,Huntington Beach,ESS-huntington-breakers-2br-884sqft-plan-2b,2,2.0,884,3497.0,2026-10-09,,False,,,,,,,,https://www.essexapartmenthomes.com/apartments/huntington-beach/huntington-breakers/floor-plans-and-pricing,2026-04-04,2026-09-09,,,,,Plan 2B,,
2026-09-09,ESS,Huntington Breakers,,Huntington Beach,ESS-huntington-breakers-2br-884sqft-plan-2a,2,2.0,884,3537.0,2026-09-26,,False,,,,,,,,https://www.essexapartmenthomes.com/apartments/huntington-beach/huntington-breakers/floor-plans-and-pricing,2026-04-04,2026-09-09,,,,,Plan 2A,,
2026-09-09,ESS,The Huntington,,Huntington Beach,ESS-the-huntington-0br-530sqft-plan-sa,0,1.0,530,2129.0,2026-09-09,,False,,,,,,,,https://www.essexapartmenthomes.com/apartments/huntington-beach/the-huntington/floor-plans-and-pricing,2026-04-04,2026-09-09,,,,,Plan SA,,
2026-09-09,ESS,The Huntington,,Huntington Beach,ESS-the-huntington-1br-677sqft-plan-1a,1,1.0,677,2389.0,2026-09-09,,False,,,,,,,,https://www.essexapartmenthomes.com/apartments/huntington-beach/the-huntington/floor-plans-and-pricing,2026-04-04,2026-09-09,,,,,Plan 1A,,
2026-09-09,ESS,The Huntington,,Huntington Beach,ESS-the-huntington-1br-700sqft-plan-1b,1,1.0,700,2567.0,2026-09-09,,False,,,,,,,,https://www.essexapartmenthomes.com/apartments/huntington-beach/the-huntington/floor-plans-and-pricing,2026-04-04,2026-09-09,,,,,Plan 1B,,
2026-09-09,ESS,The Huntington,,Huntington Beach,ESS-the-huntington-2br-1026sqft-plan-2b,2,2.0,1026,3037.0,2026-09-24,,False,,,,,,,,https://www.essexapartmenthomes.com/apartments/huntington-beach/the-huntington/floor-plans-and-pricing,2026-04-04,2026-09-09,,,,,Plan 2B,,
2026-09-09,ESS,Park Hill at Issaquah,,Seattle,ESS-park-hill-at-issaquah-0br-629sqft-plan-sa,0,1.0,629,1747.0,2026-09-09,,True,hard,"Save Up to $2,100 Off Rent!*",dollar_off,2100.0,10.02,,1572.0,https://www.essexapartmenthomes.com/apartments/issaquah/park-hill-at-issaquah/floor-plans-and-pricing,2026-05-03,2026-09-09,,,,,Plan SA,,
2026-09-09,ESS,Park Hill at Issaquah,,Seattle,ESS-park-hill-at-issaquah-1br-975sqft-plan-1f,1,1.0,975,2299.0,2026-09-17,,True,hard,"Save Up to $2,100 Off Rent!*",dollar_off,2100.0,7.61,,2124.0,https://www.essexapartmenthomes.com/apartments/issaquah/park-hill-at-issaquah/floor-plans-and-pricing,2026-06-09,2026-09-09,,,,,Plan 1F,,
2026-09-09,ESS,Park Hill at Issaquah,,Seattle,ESS-park-hill-at-issaquah-1br-868sqft-plan-1d-townhome,1,1.0,868,2327.0,2026-09-09,,True,hard,"Save Up to $2,100 Off Rent!*",dollar_off,2100.0,7.52,,2152.0,https://www.essexapartmenthomes.com/apartments/issaquah/park-hill-at-issaquah/floor-plans-and-pricing,2026-05-03,2026-09-09,,,,,Plan 1D Townhome,,
2026-09-09,ESS,Park Hill at Issaquah,,Seattle,ESS-park-hill-at-issaquah-2br-1208sqft-plan-2c,2,2.0,1208,2247.0,2026-10-13,,True,hard,"Save Up to $2,100 Off Rent!*",dollar_off,2100.0,7.79,,2072.0,https://www.essexapartmenthomes.com/apartments/issaquah/park-hill-at-issaquah/floor-plans-and-pricing,2026-04-05,2026-09-09,,,,,Plan 2C,,
2026-09-09,ESS,Park Hill at Issaquah,,Seattle,ESS-park-hill-at-issaquah-2br-1079sqft-plan-2a,2,1.0,1079,2257.0,2026-09-09,,True,hard,"Save Up to $2,100 Off Rent!*",dollar_off,2100.0,7.75,,2082.0,https://www.essexapartmenthomes.com/apartments/issaquah/park-hill-at-issaquah/floor-plans-and-pricing,2026-08-10,2026-09-09,,,,,Plan 2A,,
2026-09-09,ESS,Park Hill at Issaquah,,Seattle,ESS-park-hill-at-issaquah-2br-1104sqft-plan-2b,2,2.0,1104,2337.0,2026-09-28,,True,hard,"Save Up to $2,100 Off Rent!*",dollar_off,2100.0,7.49,,2162.0,https://www.essexapartmenthomes.com/apartments/issaquah/park-hill-at-issaquah/floor-plans-and-pricing,2026-05-31,2026-09-09,,,,,Plan 2B,,
2026-09-09,ESS,Park Hill at Issaquah,,Seattle,ESS-park-hill-at-issaquah-2br-1442sqft-plan-2e-townhome,2,2.5,1442,3069.0,2026-09-09,,True,hard,"Save Up to $2,100 Off Rent!*",dollar_off,2100.0,5.7,,2894.0,https://www.essexapartmenthomes.com/apartments/issaquah/park-hill-at-issaquah/floor-plans-and-pricing,2026-04-04,2026-09-09,,,,,Plan 2E Townhome,,
2026-09-09,ESS,Park Hill at Issaquah,,Seattle,ESS-park-hill-at-issaquah-3br-1364sqft-plan-3b,3,2.0,1364,2507.0,2026-09-27,,True,hard,"Save Up to $2,100 Off Rent!*",dollar_off,2100.0,6.98,,2332.0,https://www.essexapartmenthomes.com/apartments/issaquah/park-hill-at-issaquah/floor-plans-and-pricing,2026-04-04,2026-09-09,,,,,Plan 3B,,
2026-09-09,ESS,Park Hill at Issaquah,,Seattle,ESS-park-hill-at-issaquah-3br-1464sqft-plan-3d,3,2.0,1464,2577.0,2026-09-29,,True,hard,"Save Up to $2,100 Off Rent!*",dollar_off,2100.0,6.79,,2402.0,https://www.essexapartmenthomes.com/apartments/issaquah/park-hill-at-issaquah/floor-plans-and-pricing,2026-05-24,2026-09-09,,,,,Plan 3D,,
2026-09-09,ESS,Park Hill at Issaquah,,Seattle,ESS-park-hill-at-issaquah-3br-1448sqft-plan-3c,3,2.0,1448,2867.0,2026-09-30,,True,hard,"Save Up to $2,100 Off Rent!*",dollar_off,2100.0,6.1,,2692.0,https://www.essexapartmenthomes.com/apartments/issaquah/park-hill-at-issaquah/floor-plans-and-pricing,2026-04-19,2026-09-09,,,,,Plan 3C,,
2026-09-09,ESS,The Highlands at Wynhaven,,Seattle,ESS-the-highlands-at-wynhaven-2br-1018sqft-hyacinth,2,1.0,1018,2239.0,2026-09-27,,True,hard,"Save Up to $2,400 Off Rent!*",dollar_off,2400.0,8.93,,2039.0,https://www.essexapartmenthomes.com/apartments/issaquah/the-highlands-at-wynhaven/floor-plans-and-pricing,2026-04-19,2026-09-09,,,,,Hyacinth,,
2026-09-09,ESS,The Highlands at Wynhaven,,Seattle,ESS-the-highlands-at-wynhaven-2br-1188sqft-hyacinth-loft,2,1.0,1188,2357.0,2026-09-09,,True,hard,"Save Up to $2,400 Off Rent!*",dollar_off,2400.0,8.49,,2157.0,https://www.essexapartmenthomes.com/apartments/issaquah/the-highlands-at-wynhaven/floor-plans-and-pricing,2026-08-08,2026-09-09,,,,,Hyacinth Loft,,
2026-09-09,ESS,The Highlands at Wynhaven,,Seattle,ESS-the-highlands-at-wynhaven-2br-1082sqft-lewisia,2,2.0,1082,2657.0,2026-09-09,,True,hard,"Save Up to $2,400 Off Rent!*",dollar_off,2400.0,7.53,,2457.0,https://www.essexapartmenthomes.com/apartments/issaquah/the-highlands-at-wynhaven/floor-plans-and-pricing,2026-04-04,2026-09-09,,,,,Lewisia,,
2026-09-09,ESS,The Highlands at Wynhaven,,Seattle,ESS-the-highlands-at-wynhaven-2br-1210sqft-cypress,2,2.0,1210,2657.0,2026-10-07,,True,hard,"Save Up to $2,400 Off Rent!*",dollar_off,2400.0,7.53,,2457.0,https://www.essexapartmenthomes.com/apartments/issaquah/the-highlands-at-wynhaven/floor-plans-and-pricing,2026-04-04,2026-09-09,,,,,Cypress,,
2026-09-09,ESS,The Highlands at Wynhaven,,Seattle,ESS-the-highlands-at-wynhaven-2br-1299sqft-collomia,2,2.0,1299,2677.0,2026-09-09,,True,hard,"Save Up to $2,400 Off Rent!*",dollar_off,2400.0,7.47,,2477.0,https://www.essexapartmenthomes.com/apartments/issaquah/the-highlands-at-wynhaven/floor-plans-and-pricing,2026-05-31,2026-09-09,,,,,Collomia,,
2026-09-09,ESS,The Highlands at Wynhaven,,Seattle,ESS-the-highlands-at-wynhaven-2br-1208sqft-heather-townhome,2,2.0,1208,3279.0,2026-10-13,,True,hard,"Save Up to $2,400 Off Rent!*",dollar_off,2400.0,6.1,,3079.0,https://www.essexapartmenthomes.com/apartments/issaquah/the-highlands-at-wynhaven/floor-plans-and-pricing,2026-07-19,2026-09-09,,,,,Heather Townhome,,
2026-09-09,ESS,The Highlands at Wynhaven,,Seattle,ESS-the-highlands-at-wynhaven-2br-1187sqft-aster-townhome,2,2.0,1187,3377.0,2026-09-09,,True,hard,"Save Up to $2,400 Off Rent!*",dollar_off,2400.0,5.92,,3177.0,https://www.essexapartmenthomes.com/apartments/issaquah/the-highlands-at-wynhaven/floor-plans-and-pricing,2026-04-04,2026-09-09,,,,,Aster Townhome,,
2026-09-09,ESS,The Highlands at Wynhaven,,Seattle,ESS-the-highlands-at-wynhaven-2br-1300sqft-bellflower-townhome,2,2.0,1300,3427.0,2026-09-09,,True,hard,"Save Up to $2,400 Off Rent!*",dollar_off,2400.0,5.84,,3227.0,https://www.essexapartmenthomes.com/apartments/issaquah/the-highlands-at-wynhaven/floor-plans-and-pricing,2026-04-04,2026-09-09,,,,,Bellflower Townhome,,
2026-09-09,ESS,The Highlands at Wynhaven,,Seattle,ESS-the-highlands-at-wynhaven-2br-1471sqft-larkspur-townhome,2,2.0,1471,3439.0,2026-10-08,,True,hard,"Save Up to $2,400 Off Rent!*",dollar_off,2400.0,5.82,,3239.0,https://www.essexapartmenthomes.com/apartments/issaquah/the-highlands-at-wynhaven/floor-plans-and-pricing,2026-09-06,2026-09-09,,,,,Larkspur Townhome,,
2026-09-09,ESS,The Highlands at Wynhaven,,Seattle,ESS-the-highlands-at-wynhaven-2br-1344sqft-clover-townhome,2,2.0,1344,3467.0,2026-09-09,,True,hard,"Save Up to $2,400 Off Rent!*",dollar_off,2400.0,5.77,,3267.0,https://www.essexapartmenthomes.com/apartments/issaquah/the-highlands-at-wynhaven/floor-plans-and-pricing,2026-04-13,2026-09-09,,,,,Clover Townhome,,
2026-09-09,ESS,The Highlands at Wynhaven,,Seattle,ESS-the-highlands-at-wynhaven-2br-1330sqft-lupine-townhome,2,2.0,1330,3529.0,2026-09-29,,True,hard,"Save Up to $2,400 Off Rent!*",dollar_off,2400.0,5.67,,3329.0,https://www.essexapartmenthomes.com/apartments/issaquah/the-highlands-at-wynhaven/floor-plans-and-pricing,2026-09-06,2026-09-09,,,,,Lupine Townhome,,
2026-09-09,ESS,The Highlands at Wynhaven,,Seattle,ESS-the-highlands-at-wynhaven-3br-1356sqft-juniper-townhome,3,2.0,1356,3129.0,2026-09-09,,True,hard,"Save Up to $2,400 Off Rent!*",dollar_off,2400.0,6.39,,2929.0,https://www.essexapartmenthomes.com/apartments/issaquah/the-highlands-at-wynhaven/floor-plans-and-pricing,2026-05-17,2026-09-09,,,,,Juniper Townhome,,
2026-09-09,ESS,The Highlands at Wynhaven,,Seattle,ESS-the-highlands-at-wynhaven-3br-1518sqft-honeysuckle-townhome,3,3.0,1518,3507.0,2026-09-09,,True,hard,"Save Up to $2,400 Off Rent!*",dollar_off,2400.0,5.7,,3307.0,https://www.essexapartmenthomes.com/apartments/issaquah/the-highlands-at-wynhaven/floor-plans-and-pricing,2026-04-04,2026-09-09,,,,,Honeysuckle Townhome,,
2026-09-09,ESS,The Highlands at Wynhaven,,Seattle,ESS-the-highlands-at-wynhaven-3br-1543sqft-primrose-townhome,3,2.0,1543,3509.0,2026-09-09,,True,hard,"Save Up to $2,400 Off Rent!*",dollar_off,2400.0,5.7,,3309.0,https://www.essexapartmenthomes.com/apartments/issaquah/the-highlands-at-wynhaven/floor-plans-and-pricing,2026-08-08,2026-09-09,,,,,Primrose Townhome,,
2026-09-09,ESS,Wandering Creek,,Seattle,ESS-wandering-creek-1br-667sqft-plan-1a,1,1.0,667,1777.0,2026-10-29,,True,hard,"Save Up to $1,000 Off Rent!*",dollar_off,1000.0,4.69,,1693.67,https://www.essexapartmenthomes.com/apartments/kent/wandering-creek/floor-plans-and-pricing,2026-04-04,2026-09-09,,,,,Plan 1A,,
2026-09-09,ESS,Wandering Creek,,Seattle,ESS-wandering-creek-2br-853sqft-plan-2a,2,2.0,853,1987.0,2026-09-09,,True,hard,"Save Up to $1,000 Off Rent!*",dollar_off,1000.0,4.19,,1903.67,https://www.essexapartmenthomes.com/apartments/kent/wandering-creek/floor-plans-and-pricing,2026-04-04,2026-09-09,,,,,Plan 2A,,
2026-09-09,ESS,Wandering Creek,,Seattle,ESS-wandering-creek-3br-1322sqft-plan-3a-townhome,3,2.0,1322,2667.0,2026-10-07,,True,hard,"Save Up to $1,000 Off Rent!*",dollar_off,1000.0,3.12,,2583.67,https://www.essexapartmenthomes.com/apartments/kent/wandering-creek/floor-plans-and-pricing,2026-07-19,2026-09-09,,,,,Plan 3A Townhome,,
2026-09-09,ESS,Ascent,,Seattle,ESS-ascent-1br-721sqft-the-vinson,1,1.0,721,1857.0,2026-09-27,,False,,,,,,,,https://www.essexapartmenthomes.com/apartments/kirkland/ascent/floor-plans-and-pricing,2026-08-23,2026-09-09,,,,,The Vinson,,
2026-09-09,ESS,Ascent,,Seattle,ESS-ascent-2br-901sqft-the-everest,2,1.0,901,2009.0,2026-10-05,,False,,,,,,,,https://www.essexapartmenthomes.com/apartments/kirkland/ascent/floor-plans-and-pricing,2026-04-04,2026-09-09,,,,,The Everest,,
2026-09-09,ESS,Bridle Trails,,Seattle,ESS-bridle-trails-1br-700sqft-plan-1a,1,1.0,700,2187.0,2026-09-09,,False,,,,,,,,https://www.essexapartmenthomes.com/apartments/kirkland/bridle-trails/floor-plans-and-pricing,2026-04-04,2026-09-09,,,,,Plan 1A,,
2026-09-09,ESS,Bridle Trails,,Seattle,ESS-bridle-trails-2br-900sqft-plan-2b,2,2.0,900,2287.0,2026-09-09,,False,,,,,,,,https://www.essexapartmenthomes.com/apartments/kirkland/bridle-trails/floor-plans-and-pricing,2026-04-04,2026-09-09,,,,,Plan 2B,,
2026-09-09,ESS,Corbella at Juanita Bay,,Seattle,ESS-corbella-at-juanita-bay-0br-400sqft-plan-sa,0,1.0,400,1659.0,2026-09-09,,True,hard,"Save Up to $1,300 Off Rent!*",dollar_off,1300.0,6.53,,1550.67,https://www.essexapartmenthomes.com/apartments/kirkland/corbella-at-juanita-bay/floor-plans-and-pricing,2026-04-04,2026-09-09,,,,,Plan SA,,
2026-09-09,ESS,Corbella at Juanita Bay,,Seattle,ESS-corbella-at-juanita-bay-1br-550sqft-plan-1a,1,1.0,550,1739.0,2026-09-09,,True,hard,"Save Up to $1,300 Off Rent!*",dollar_off,1300.0,6.23,,1630.67,https://www.essexapartmenthomes.com/apartments/kirkland/corbella-at-juanita-bay/floor-plans-and-pricing,2026-04-04,2026-09-09,,,,,Plan 1A,,
2026-09-09,ESS,Corbella at Juanita Bay,,Seattle,ESS-corbella-at-juanita-bay-2br-800sqft-plan-2a,2,1.0,800,2279.0,2026-09-23,,True,hard,"Save Up to $1,300 Off Rent!*",dollar_off,1300.0,4.75,,2170.67,https://www.essexapartmenthomes.com/apartments/kirkland/corbella-at-juanita-bay/floor-plans-and-pricing,2026-05-24,2026-09-09,,,,,Plan 2A,,
2026-09-09,ESS,Evergreen Heights,,Seattle,ESS-evergreen-heights-1br-727sqft-plan-1a,1,1.0,727,1929.0,2026-09-09,,False,,,,,,,,https://www.essexapartmenthomes.com/apartments/kirkland/evergreen-heights/floor-plans-and-pricing,2026-04-04,2026-09-09,,,,,Plan 1A,,
2026-09-09,ESS,Evergreen Heights,,Seattle,ESS-evergreen-heights-2br-1002sqft-plan-2b,2,2.0,1002,2269.0,2026-09-09,,False,,,,,,,,https://www.essexapartmenthomes.com/apartments/kirkland/evergreen-heights/floor-plans-and-pricing,2026-04-04,2026-09-09,,,,,Plan 2B,,
2026-09-09,ESS,Evergreen Heights,,Seattle,ESS-evergreen-heights-3br-1221sqft-plan-3a,3,2.0,1221,2807.0,2026-10-07,,False,,,,,,,,https://www.essexapartmenthomes.com/apartments/kirkland/evergreen-heights/floor-plans-and-pricing,2026-04-26,2026-09-09,,,,,Plan 3A,,
2026-09-09,ESS,Inglenook Court,,Seattle,ESS-inglenook-court-1br-672sqft-plan-1a,1,1.0,672,1727.0,2026-09-09,,True,hard,"Save Up to $1,300 Off Rent!*",dollar_off,1300.0,6.27,,1618.67,https://www.essexapartmenthomes.com/apartments/kirkland/inglenook-court/floor-plans-and-pricing,2026-04-04,2026-09-09,,,,,Plan 1A,,
2026-09-09,ESS,Inglenook Court,,Seattle,ESS-inglenook-court-2br-850sqft-plan-2a,2,1.0,850,1679.0,2026-09-09,,True,hard,"Save Up to $1,300 Off Rent!*",dollar_off,1300.0,6.45,,1570.67,https://www.essexapartmenthomes.com/apartments/kirkland/inglenook-court/floor-plans-and-pricing,2026-04-04,2026-09-09,,,,,Plan 2A,,
2026-09-09,ESS,Inglenook Court,,Seattle,ESS-inglenook-court-2br-907sqft-plan-2b,2,2.0,907,1977.0,2026-09-09,,True,hard,"Save Up to $1,300 Off Rent!*",dollar_off,1300.0,5.48,,1868.67,https://www.essexapartmenthomes.com/apartments/kirkland/inglenook-court/floor-plans-and-pricing,2026-04-04,2026-09-09,,,,,Plan 2B,,
2026-09-09,ESS,Montebello,,Seattle,ESS-montebello-1br-700sqft-capri-townhome,1,1.0,700,1819.0,2026-09-09,,False,,,,,,,,https://www.essexapartmenthomes.com/apartments/kirkland/montebello/floor-plans-and-pricing,2026-04-04,2026-09-09,,,,,Capri Townhome,,
2026-09-09,ESS,Montebello,,Seattle,ESS-montebello-1br-852sqft-corsica,1,1.0,852,1947.0,2026-09-11,,False,,,,,,,,https://www.essexapartmenthomes.com/apartments/kirkland/montebello/floor-plans-and-pricing,2026-04-04,2026-09-09,,,,,Corsica,,
2026-09-09,ESS,Montebello,,Seattle,ESS-montebello-2br-1050sqft-milano,2,2.0,1050,2439.0,2026-09-27,,False,,,,,,,,https://www.essexapartmenthomes.com/apartments/kirkland/montebello/floor-plans-and-pricing,2026-04-13,2026-09-09,,,,,Milano,,
2026-09-09,ESS,Montebello,,Seattle,ESS-montebello-2br-1064sqft-sicilia,2,1.0,1064,2547.0,2026-09-11,,False,,,,,,,,https://www.essexapartmenthomes.com/apartments/kirkland/montebello/floor-plans-and-pricing,2026-04-04,2026-09-09,,,,,Sicilia,,
2026-09-09,ESS,Montebello,,Seattle,ESS-montebello-2br-1171sqft-venetia,2,2.0,1171,2747.0,2026-09-09,,False,,,,,,,,https://www.essexapartmenthomes.com/apartments/kirkland/montebello/floor-plans-and-pricing,2026-05-17,2026-09-09,,,,,Venetia,,
2026-09-09,ESS,Slater 116,,Seattle,ESS-slater-116-1br-607sqft-plan-1a,1,1.0,607,1839.0,2026-10-02,,True,hard,Save Up to $700 Off Rent!*,dollar_off,700.0,3.17,,1780.67,https://www.essexapartmenthomes.com/apartments/kirkland/slater-116/floor-plans-and-pricing,2026-07-19,2026-09-09,,,,,Plan 1A,,
2026-09-09,ESS,Slater 116,,Seattle,ESS-slater-116-1br-739sqft-plan-1c,1,1.0,739,1949.0,2026-10-02,,True,hard,Save Up to $700 Off Rent!*,dollar_off,700.0,2.99,,1890.67,https://www.essexapartmenthomes.com/apartments/kirkland/slater-116/floor-plans-and-pricing,2026-09-03,2026-09-09,,,,,Plan 1C,,
2026-09-09,ESS,Slater 116,,Seattle,ESS-slater-116-1br-726sqft-plan-1b,1,1.0,726,1977.0,2026-09-09,,True,hard,Save Up to $700 Off Rent!*,dollar_off,700.0,2.95,,1918.67,https://www.essexapartmenthomes.com/apartments/kirkland/slater-116/floor-plans-and-pricing,2026-04-04,2026-09-09,,,,,Plan 1B,,
2026-09-09,ESS,Slater 116,,Seattle,ESS-slater-116-1br-865sqft-plan-1d-den,1,1.0,865,2049.0,2026-09-09,,True,hard,Save Up to $700 Off Rent!*,dollar_off,700.0,2.85,,1990.67,https://www.essexapartmenthomes.com/apartments/kirkland/slater-116/floor-plans-and-pricing,2026-06-22,2026-09-09,,,,,Plan 1D + Den,,
2026-09-09,ESS,Hillsborough Park,,La Habra,ESS-hillsborough-park-1br-731sqft-augusta,1,1.0,731,2639.0,2026-09-25,,False,,,,,,,,https://www.essexapartmenthomes.com/apartments/la-habra/hillsborough-park/floor-plans-and-pricing,2026-04-04,2026-09-09,,,,,Augusta,,
2026-09-09,ESS,Hillsborough Park,,La Habra,ESS-hillsborough-park-1br-775sqft-bally-meade,1,1.0,775,2747.0,2026-10-02,,False,,,,,,,,https://www.essexapartmenthomes.com/apartments/la-habra/hillsborough-park/floor-plans-and-pricing,2026-04-04,2026-09-09,,,,,Bally Meade,,
2026-09-09,ESS,Hillsborough Park,,La Habra,ESS-hillsborough-park-2br-1103sqft-pebble-beach,2,2.0,1103,3507.0,2026-09-09,,False,,,,,,,,https://www.essexapartmenthomes.com/apartments/la-habra/hillsborough-park/floor-plans-and-pricing,2026-04-04,2026-09-09,,,,,Pebble Beach,,
2026-09-09,ESS,Village Green,,La Habra,ESS-village-green-1br-593sqft-monterey,1,1.0,593,2169.0,2026-09-26,,False,,,,,,,,https://www.essexapartmenthomes.com/apartments/la-habra/village-green/floor-plans-and-pricing,2026-04-04,2026-09-09,,,,,Monterey,,
2026-09-09,ESS,Village Green,,La Habra,ESS-village-green-1br-656sqft-evergreen,1,1.0,656,2189.0,2026-09-09,,False,,,,,,,,https://www.essexapartmenthomes.com/apartments/la-habra/village-green/floor-plans-and-pricing,2026-04-04,2026-09-09,,,,,Evergreen,,
2026-09-09,ESS,Village Green,,La Habra,ESS-village-green-1br-712sqft-redwood,1,1.0,712,2417.0,2026-10-07,,False,,,,,,,,https://www.essexapartmenthomes.com/apartments/la-habra/village-green/floor-plans-and-pricing,2026-05-17,2026-09-09,,,,,Redwood,,
2026-09-09,ESS,Lafayette Highlands,,Lafayette,ESS-lafayette-highlands-2br-950sqft-plan-2a,2,1.0,950,3157.0,2026-09-09,,False,,,,,,,,https://www.essexapartmenthomes.com/apartments/lafayette/lafayette-highlands/floor-plans-and-pricing,2026-06-09,2026-09-09,,,,,Plan 2A,,
2026-09-09,ESS,Lafayette Highlands,,Lafayette,ESS-lafayette-highlands-2br-1050sqft-plan-2b,2,2.0,1050,3359.0,2026-10-07,,False,,,,,,,,https://www.essexapartmenthomes.com/apartments/lafayette/lafayette-highlands/floor-plans-and-pricing,2026-05-25,2026-09-09,,,,,Plan 2B,,
2026-09-09,ESS,Lafayette Highlands,,Lafayette,ESS-lafayette-highlands-2br-1100sqft-plan-2c,2,2.0,1100,3579.0,2026-09-09,,False,,,,,,,,https://www.essexapartmenthomes.com/apartments/lafayette/lafayette-highlands/floor-plans-and-pricing,2026-04-26,2026-09-09,,,,,Plan 2C,,
2026-09-09,ESS,Lafayette Highlands,,Lafayette,ESS-lafayette-highlands-3br-1300sqft-plan-3a,3,2.0,1300,3819.0,2026-09-27,,False,,,,,,,,https://www.essexapartmenthomes.com/apartments/lafayette/lafayette-highlands/floor-plans-and-pricing,2026-08-23,2026-09-09,,,,,Plan 3A,,
2026-09-09,ESS,The Palms at Laguna Niguel,,Orange County,ESS-the-palms-at-laguna-niguel-1br-543sqft-seville,1,1.0,543,2557.0,2026-10-06,,False,,,,,,,,https://www.essexapartmenthomes.com/apartments/laguna-niguel/the-palms-at-laguna-niguel/floor-plans-and-pricing,2026-04-04,2026-09-09,,,,,Seville,,
2026-09-09,ESS,The Palms at Laguna Niguel,,Orange County,ESS-the-palms-at-laguna-niguel-1br-626sqft-madrid,1,1.0,626,2567.0,2026-09-09,,False,,,,,,,,https://www.essexapartmenthomes.com/apartments/laguna-niguel/the-palms-at-laguna-niguel/floor-plans-and-pricing,2026-04-04,2026-09-09,,,,,Madrid,,
2026-09-09,ESS,The Palms at Laguna Niguel,,Orange County,ESS-the-palms-at-laguna-niguel-1br-727sqft-cordoba,1,1.0,727,2757.0,2026-09-09,,False,,,,,,,,https://www.essexapartmenthomes.com/apartments/laguna-niguel/the-palms-at-laguna-niguel/floor-plans-and-pricing,2026-04-04,2026-09-09,,,,,Cordoba,,
2026-09-09,ESS,The Palms at Laguna Niguel,,Orange County,ESS-the-palms-at-laguna-niguel-2br-865sqft-barcelona,2,1.0,865,2877.0,2026-09-09,,False,,,,,,,,https://www.essexapartmenthomes.com/apartments/laguna-niguel/the-palms-at-laguna-niguel/floor-plans-and-pricing,2026-04-04,2026-09-09,,,,,Barcelona,,
2026-09-09,ESS,The Palms at Laguna Niguel,,Orange County,ESS-the-palms-at-laguna-niguel-2br-905sqft-mallorca,2,1.0,905,2877.0,2026-09-09,,False,,,,,,,,https://www.essexapartmenthomes.com/apartments/laguna-niguel/the-palms-at-laguna-niguel/floor-plans-and-pricing,2026-04-04,2026-09-09,,,,,Mallorca,,
2026-09-09,ESS,The Palms at Laguna Niguel,,Orange County,ESS-the-palms-at-laguna-niguel-2br-950sqft-valencia,2,2.0,950,3179.0,2026-09-09,,False,,,,,,,,https://www.essexapartmenthomes.com/apartments/laguna-niguel/the-palms-at-laguna-niguel/floor-plans-and-pricing,2026-04-04,2026-09-09,,,,,Valencia,,
2026-09-09,ESS,The Palms at Laguna Niguel,,Orange County,ESS-the-palms-at-laguna-niguel-2br-965sqft-la-paz,2,2.0,965,3189.0,2026-09-13,,False,,,,,,,,https://www.essexapartmenthomes.com/apartments/laguna-niguel/the-palms-at-laguna-niguel/floor-plans-and-pricing,2026-04-04,2026-09-09,,,,,La Paz,,
2026-09-09,ESS,Trabuco Villas,,Lake Forest,ESS-trabuco-villas-1br-770sqft-plan-1a,1,1.0,770,2769.0,2026-09-09,,False,,,,,,,,https://www.essexapartmenthomes.com/apartments/lake-forest/trabuco-villas/floor-plans-and-pricing,2026-04-04,2026-09-09,,,,,Plan 1A,,
2026-09-09,ESS,Trabuco Villas,,Lake Forest,ESS-trabuco-villas-2br-1100sqft-plan-2b,2,2.0,1100,3217.0,2026-09-10,,False,,,,,,,,https://www.essexapartmenthomes.com/apartments/lake-forest/trabuco-villas/floor-plans-and-pricing,2026-04-13,2026-09-09,,,,,Plan 2B,,
2026-09-09,ESS,Marbrisa,,Los Angeles,ESS-marbrisa-1br-545sqft-the-bordeaux,1,1.0,545,2507.0,2026-10-26,,True,hard,"Save Up to $2,100 Off Rent!*",dollar_off,2100.0,6.98,,2332.0,https://www.essexapartmenthomes.com/apartments/long-beach/marbrisa/floor-plans-and-pricing,2026-04-04,2026-09-09,,,,,The Bordeaux,,
2026-09-09,ESS,Marbrisa,,Los Angeles,ESS-marbrisa-1br-600sqft-the-calais,1,1.0,600,2527.0,2026-09-09,,True,hard,"Save Up to $2,100 Off Rent!*",dollar_off,2100.0,6.93,,2352.0,https://www.essexapartmenthomes.com/apartments/long-beach/marbrisa/floor-plans-and-pricing,2026-04-04,2026-09-09,,,,,The Calais,,
2026-09-09,ESS,Marbrisa,,Los Angeles,ESS-marbrisa-2br-845sqft-the-lido-grande,2,2.0,845,2989.0,2026-09-09,,True,hard,"Save Up to $2,100 Off Rent!*",dollar_off,2100.0,5.85,,2814.0,https://www.essexapartmenthomes.com/apartments/long-beach/marbrisa/floor-plans-and-pricing,2026-04-04,2026-09-09,,,,,The Lido Grande,,
2026-09-09,ESS,Pathways at Bixby Village,,Los Angeles,ESS-pathways-at-bixby-village-1br-528sqft-the-naples,1,1.0,528,2569.0,2026-09-25,,False,,,,,,,,https://www.essexapartmenthomes.com/apartments/long-beach/pathways-at-bixby-village/floor-plans-and-pricing,2026-04-04,2026-09-09,,,,,The Naples,,
2026-09-09,ESS,Pathways at Bixby Village,,Los Angeles,ESS-pathways-at-bixby-village-1br-660sqft-the-belmont,1,1.0,660,2777.0,2026-09-09,,False,,,,,,,,https://www.essexapartmenthomes.com/apartments/long-beach/pathways-at-bixby-village/floor-plans-and-pricing,2026-04-04,2026-09-09,,,,,The Belmont,,
2026-09-09,ESS,Pathways at Bixby Village,,Los Angeles,ESS-pathways-at-bixby-village-2br-965sqft-the-pacifica-catalina,2,2.0,965,3659.0,2026-09-09,,False,,,,,,,,https://www.essexapartmenthomes.com/apartments/long-beach/pathways-at-bixby-village/floor-plans-and-pricing,2026-08-02,2026-09-09,,,,,The Pacifica/Catalina,,
2026-09-09,ESS,5600 Wilshire,,Los Angeles,ESS-5600-wilshire-0br-530sqft-hollywood-blvd,0,1.0,530,2067.0,2026-09-27,,True,hard,"Save Up to $1,600 Off Rent!*",dollar_off,1600.0,6.45,,1933.67,https://www.essexapartmenthomes.com/apartments/los-angeles/5600-wilshire/floor-plans-and-pricing,2026-07-19,2026-09-09,,,,,Hollywood Blvd,,
2026-09-09,ESS,5600 Wilshire,,Los Angeles,ESS-5600-wilshire-0br-670sqft-melrose-avenue,0,1.0,670,2257.0,2026-09-09,,True,hard,"Save Up to $1,600 Off Rent!*",dollar_off,1600.0,5.91,,2123.67,https://www.essexapartmenthomes.com/apartments/los-angeles/5600-wilshire/floor-plans-and-pricing,2026-04-04,2026-09-09,,,,,Melrose Avenue,,
2026-09-09,ESS,5600 Wilshire,,Los Angeles,ESS-5600-wilshire-1br-731sqft-derby,1,1.0,731,2799.0,2026-09-09,,True,hard,"Save Up to $1,600 Off Rent!*",dollar_off,1600.0,4.76,,2665.67,https://www.essexapartmenthomes.com/apartments/los-angeles/5600-wilshire/floor-plans-and-pricing,2026-04-04,2026-09-09,,,,,Derby,,
2026-09-09,ESS,5600 Wilshire,,Los Angeles,ESS-5600-wilshire-2br-1100sqft-hancock-park,2,2.0,1100,3167.0,2026-09-09,,True,hard,"Save Up to $1,600 Off Rent!*",dollar_off,1600.0,4.21,,3033.67,https://www.essexapartmenthomes.com/apartments/los-angeles/5600-wilshire/floor-plans-and-pricing,2026-04-04,2026-09-09,,,,,Hancock Park,,
2026-09-09,ESS,5600 Wilshire,,Los Angeles,ESS-5600-wilshire-2br-1152sqft-miracle-mile,2,2.0,1152,3547.0,2026-10-10,,True,hard,"Save Up to $1,600 Off Rent!*",dollar_off,1600.0,3.76,,3413.67,https://www.essexapartmenthomes.com/apartments/los-angeles/5600-wilshire/floor-plans-and-pricing,2026-08-08,2026-09-09,,,,,Miracle Mile,,
2026-09-09,ESS,5600 Wilshire,,Los Angeles,ESS-5600-wilshire-2br-1124sqft-beverly-hills,2,2.0,1124,4147.0,2026-10-23,,True,hard,"Save Up to $1,600 Off Rent!*",dollar_off,1600.0,3.22,,4013.67,https://www.essexapartmenthomes.com/apartments/los-angeles/5600-wilshire/floor-plans-and-pricing,2026-04-04,2026-09-09,,,,,Beverly Hills,,
2026-09-09,ESS,Alessio,,Los Angeles,ESS-alessio-1br-666sqft-trapani,1,1.0,666,2317.0,2026-09-09,,False,,,,,,,,https://www.essexapartmenthomes.com/apartments/los-angeles/alessio/floor-plans-and-pricing,2026-04-04,2026-09-09,,,,,Trapani,,
2026-09-09,ESS,Alessio,,Los Angeles,ESS-alessio-1br-710sqft-catania,1,1.0,710,2427.0,2026-09-09,,False,,,,,,,,https://www.essexapartmenthomes.com/apartments/los-angeles/alessio/floor-plans-and-pricing,2026-04-04,2026-09-09,,,,,Catania,,
2026-09-09,ESS,Alessio,,Los Angeles,ESS-alessio-2br-1032sqft-marsala,2,2.0,1032,3269.0,2026-09-09,,False,,,,,,,,https://www.essexapartmenthomes.com/apartments/los-angeles/alessio/floor-plans-and-pricing,2026-04-04,2026-09-09,,,,,Marsala,,
2026-09-09,ESS,Avant,,Los Angeles,ESS-avant-0br-509sqft-plan-sb,0,1.0,509,1709.0,2026-09-09,,True,hard,"Save Up to $1,900 Off Rent!*",dollar_off,1900.0,9.26,,1550.67,https://www.essexapartmenthomes.com/apartments/los-angeles/avant/floor-plans-and-pricing,2026-04-04,2026-09-09,,,,,Plan SB,,
2026-09-09,ESS,Avant,,Los Angeles,ESS-avant-0br-570sqft-plan-se,0,1.0,570,1787.0,2026-09-09,,True,hard,"Save Up to $1,900 Off Rent!*",dollar_off,1900.0,8.86,,1628.67,https://www.essexapartmenthomes.com/apartments/los-angeles/avant/floor-plans-and-pricing,2026-04-04,2026-09-09,,,,,Plan SE,,
2026-09-09,ESS,Avant,,Los Angeles,ESS-avant-0br-561sqft-plan-sa,0,1.0,561,1799.0,2026-09-27,,True,hard,"Save Up to $1,900 Off Rent!*",dollar_off,1900.0,8.8,,1640.67,https://www.essexapartmenthomes.com/apartments/los-angeles/avant/floor-plans-and-pricing,2026-08-23,2026-09-09,,,,,Plan SA,,
2026-09-09,ESS,Avant,,Los Angeles,ESS-avant-0br-1079sqft-plan-sf-live-work,0,1.0,1079,2497.0,2026-09-12,,True,hard,"Save Up to $1,900 Off Rent!*",dollar_off,1900.0,6.34,,2338.67,https://www.essexapartmenthomes.com/apartments/los-angeles/avant/floor-plans-and-pricing,2026-09-06,2026-09-09,,,,,Plan SF Live/Work,,
2026-09-09,ESS,Avant,,Los Angeles,ESS-avant-1br-665sqft-plan-1b,1,1.0,665,1849.0,2026-09-18,,True,hard,"Save Up to $1,900 Off Rent!*",dollar_off,1900.0,8.56,,1690.67,https://www.essexapartmenthomes.com/apartments/los-angeles/avant/floor-plans-and-pricing,2026-07-19,2026-09-09,,,,,Plan 1B,,
2026-09-09,ESS,Avant,,Los Angeles,ESS-avant-1br-710sqft-plan-1e,1,1.0,710,1947.0,2026-10-07,,True,hard,"Save Up to $1,900 Off Rent!*",dollar_off,1900.0,8.13,,1788.67,https://www.essexapartmenthomes.com/apartments/los-angeles/avant/floor-plans-and-pricing,2026-08-02,2026-09-09,,,,,Plan 1E,,
2026-09-09,ESS,Avant,,Los Angeles,ESS-avant-1br-655sqft-plan-1g,1,1.0,655,2019.0,2026-09-09,,True,hard,"Save Up to $1,900 Off Rent!*",dollar_off,1900.0,7.84,,1860.67,https://www.essexapartmenthomes.com/apartments/los-angeles/avant/floor-plans-and-pricing,2026-06-09,2026-09-09,,,,,Plan 1G,,
2026-09-09,ESS,Avant,,Los Angeles,ESS-avant-1br-721sqft-plan-1f,1,1.0,721,2029.0,2026-10-28,,True,hard,"Save Up to $1,900 Off Rent!*",dollar_off,1900.0,7.8,,1870.67,https://www.essexapartmenthomes.com/apartments/los-angeles/avant/floor-plans-and-pricing,2026-06-09,2026-09-09,,,,,Plan 1F,,
2026-09-09,ESS,Avant,,Los Angeles,ESS-avant-1br-691sqft-plan-1a,1,1.0,691,2099.0,2026-09-09,,True,hard,"Save Up to $1,900 Off Rent!*",dollar_off,1900.0,7.54,,1940.67,https://www.essexapartmenthomes.com/apartments/los-angeles/avant/floor-plans-and-pricing,2026-06-09,2026-09-09,,,,,Plan 1A,,
2026-09-09,ESS,Avant,,Los Angeles,ESS-avant-1br-697sqft-plan-1d,1,1.0,697,2169.0,2026-09-09,,True,hard,"Save Up to $1,900 Off Rent!*",dollar_off,1900.0,7.3,,2010.67,https://www.essexapartmenthomes.com/apartments/los-angeles/avant/floor-plans-and-pricing,2026-07-19,2026-09-09,,,,,Plan 1D,,
2026-09-09,ESS,Avant,,Los Angeles,ESS-avant-2br-956sqft-plan-2a,2,1.0,956,2627.0,2026-10-10,,True,hard,"Save Up to $1,900 Off Rent!*",dollar_off,1900.0,6.03,,2468.67,https://www.essexapartmenthomes.com/apartments/los-angeles/avant/floor-plans-and-pricing,2026-04-13,2026-09-09,,,,,Plan 2A,,
2026-09-09,ESS,Avant,,Los Angeles,ESS-avant-2br-1034sqft-plan-2b,2,2.0,1034,2707.0,2026-10-27,,True,hard,"Save Up to $1,900 Off Rent!*",dollar_off,1900.0,5.85,,2548.67,https://www.essexapartmenthomes.com/apartments/los-angeles/avant/floor-plans-and-pricing,2026-09-03,2026-09-09,,,,,Plan 2B,,
2026-09-09,ESS,Bellerive,,Los Angeles,ESS-bellerive-1br-800sqft-plan-1a,1,1.0,800,3287.0,2026-09-09,,False,,,,,,,,https://www.essexapartmenthomes.com/apartments/los-angeles/bellerive/floor-plans-and-pricing,2026-07-19,2026-09-09,,,,,Plan 1A,,
2026-09-09,ESS,Bellerive,,Los Angeles,ESS-bellerive-2br-1259sqft-plan-2a,2,2.0,1259,3947.0,2026-10-03,,False,,,,,,,,https://www.essexapartmenthomes.com/apartments/los-angeles/bellerive/floor-plans-and-pricing,2026-04-04,2026-09-09,,,,,Plan 2A,,
2026-09-09,ESS,Belmont Station,,Los Angeles,ESS-belmont-station-0br-556sqft-seal-beach,0,1.0,556,1709.0,2026-09-09,,False,,,,,,,,https://www.essexapartmenthomes.com/apartments/los-angeles/belmont-station/floor-plans-and-pricing,2026-04-04,2026-09-09,,,,,Seal Beach,,
2026-09-09,ESS,Belmont Station,,Los Angeles,ESS-belmont-station-1br-681sqft-huntington,1,1.0,681,2097.0,2026-10-23,,False,,,,,,,,https://www.essexapartmenthomes.com/apartments/los-angeles/belmont-station/floor-plans-and-pricing,2026-08-10,2026-09-09,,,,,Huntington,,
2026-09-09,ESS,Belmont Station,,Los Angeles,ESS-belmont-station-2br-925sqft-toluca,2,2.0,925,2377.0,2026-09-09,,False,,,,,,,,https://www.essexapartmenthomes.com/apartments/los-angeles/belmont-station/floor-plans-and-pricing,2026-08-02,2026-09-09,,,,,Toluca,,
2026-09-09,ESS,Belmont Station,,Los Angeles,ESS-belmont-station-2br-911sqft-balboa,2,2.0,911,2507.0,2026-09-29,,False,,,,,,,,https://www.essexapartmenthomes.com/apartments/los-angeles/belmont-station/floor-plans-and-pricing,2026-09-03,2026-09-09,,,,,Balboa,,
2026-09-09,ESS,Belmont Station,,Los Angeles,ESS-belmont-station-2br-1139sqft-alameda-loft,2,2.0,1139,3179.0,2026-09-09,,False,,,,,,,,https://www.essexapartmenthomes.com/apartments/los-angeles/belmont-station/floor-plans-and-pricing,2026-05-17,2026-09-09,,,,,Alameda Loft,,
2026-09-09,ESS,Catalina Gardens,,Los Angeles,ESS-catalina-gardens-1br-725sqft-clemente,1,1.0,725,1747.0,2026-09-26,,True,hard,"Save Up to $1,900 Off Rent!*",dollar_off,1900.0,9.06,,1588.67,https://www.essexapartmenthomes.com/apartments/los-angeles/catalina-gardens/floor-plans-and-pricing,2026-04-19,2026-09-09,,,,,Clemente,,
2026-09-09,ESS,Catalina Gardens,,Los Angeles,ESS-catalina-gardens-2br-1025sqft-catalina,2,2.0,1025,2107.0,2026-09-13,,True,hard,"Save Up to $1,900 Off Rent!*",dollar_off,1900.0,7.51,,1948.67,https://www.essexapartmenthomes.com/apartments/los-angeles/catalina-gardens/floor-plans-and-pricing,2026-04-04,2026-09-09,,,,,Catalina,,
2026-09-09,ESS,Catalina Gardens,,Los Angeles,ESS-catalina-gardens-2br-975sqft-descanso,2,2.0,975,2249.0,2026-09-15,,True,hard,"Save Up to $1,900 Off Rent!*",dollar_off,1900.0,7.04,,2090.67,https://www.essexapartmenthomes.com/apartments/los-angeles/catalina-gardens/floor-plans-and-pricing,2026-08-08,2026-09-09,,,,,Descanso,,
2026-09-09,ESS,Catalina Gardens,,Los Angeles,ESS-catalina-gardens-2br-1050sqft-avalon,2,2.0,1050,2429.0,2026-09-18,,True,hard,"Save Up to $1,900 Off Rent!*",dollar_off,1900.0,6.52,,2270.67,https://www.essexapartmenthomes.com/apartments/los-angeles/catalina-gardens/floor-plans-and-pricing,2026-05-09,2026-09-09,,,,,Avalon,,
2026-09-09,ESS,Essex Properties at Miracle Mile,,Los Angeles,ESS-essex-properties-at-miracle-mile-0br-700sqft-plan-sc,0,1.0,700,2099.0,2026-09-09,,True,hard,"Save Up to $1,900 Off Rent!*",dollar_off,1900.0,7.54,,1940.67,https://www.essexapartmenthomes.com/apartments/los-angeles/essex-properties-at-miracle-mile/floor-plans-and-pricing,2026-06-09,2026-09-09,,,,,Plan SC,,
2026-09-09,ESS,Essex Properties at Miracle Mile,,Los Angeles,ESS-essex-properties-at-miracle-mile-1br-774sqft-plan-1c,1,1.0,774,2049.0,2026-10-08,,True,hard,"Save Up to $1,900 Off Rent!*",dollar_off,1900.0,7.73,,1890.67,https://www.essexapartmenthomes.com/apartments/los-angeles/essex-properties-at-miracle-mile/floor-plans-and-pricing,2026-04-04,2026-09-09,,,,,Plan 1C,,
2026-09-09,ESS,Essex Properties at Miracle Mile,,Los Angeles,ESS-essex-properties-at-miracle-mile-2br-997sqft-plan-2b,2,2.0,997,2477.0,2026-09-09,,True,hard,"Save Up to $1,900 Off Rent!*",dollar_off,1900.0,6.39,,2318.67,https://www.essexapartmenthomes.com/apartments/los-angeles/essex-properties-at-miracle-mile/floor-plans-and-pricing,2026-04-04,2026-09-09,,,,,Plan 2B,,
2026-09-09,ESS,Park Catalina,,Los Angeles,ESS-park-catalina-2br-945sqft-plan-2a,2,2.0,945,2527.0,2026-09-11,,False,,,,,,,,https://www.essexapartmenthomes.com/apartments/los-angeles/park-catalina/floor-plans-and-pricing,2026-09-06,2026-09-09,,,,,Plan 2A,,
2026-09-09,ESS,Regency Palm Court,,Los Angeles,ESS-regency-palm-court-0br-384sqft-plan-sa,0,1.0,384,1519.0,2026-09-15,,False,,,,,,,,https://www.essexapartmenthomes.com/apartments/los-angeles/regency-palm-court/floor-plans-and-pricing,2026-04-04,2026-09-09,,,,,Plan SA,,
2026-09-09,ESS,Regency Palm Court,,Los Angeles,ESS-regency-palm-court-1br-484sqft-plan-1a,1,1.0,484,1657.0,2026-09-09,,False,,,,,,,,https://www.essexapartmenthomes.com/apartments/los-angeles/regency-palm-court/floor-plans-and-pricing,2026-04-04,2026-09-09,,,,,Plan 1A,,
2026-09-09,ESS,Skye at Bunker Hill,,Los Angeles,ESS-skye-at-bunker-hill-0br-588sqft-hope,0,1.0,588,2017.0,2026-09-09,,True,hard,"Save Up to $3,200 Off Rent!*",dollar_off,3200.0,13.22,,1750.33,https://www.essexapartmenthomes.com/apartments/los-angeles/skye-at-bunker-hill/floor-plans-and-pricing,2026-04-04,2026-09-09,,,,,Hope,,
2026-09-09,ESS,Skye at Bunker Hill,,Los Angeles,ESS-skye-at-bunker-hill-0br-505sqft-flower,0,1.0,505,2137.0,2026-10-10,,True,hard,"Save Up to $3,200 Off Rent!*",dollar_off,3200.0,12.48,,1870.33,https://www.essexapartmenthomes.com/apartments/los-angeles/skye-at-bunker-hill/floor-plans-and-pricing,2026-04-04,2026-09-09,,,,,Flower,,
2026-09-09,ESS,Skye at Bunker Hill,,Los Angeles,ESS-skye-at-bunker-hill-1br-631sqft-figueroa,1,1.0,631,2227.0,2026-09-09,,True,hard,"Save Up to $3,200 Off Rent!*",dollar_off,3200.0,11.97,,1960.33,https://www.essexapartmenthomes.com/apartments/los-angeles/skye-at-bunker-hill/floor-plans-and-pricing,2026-05-17,2026-09-09,,,,,Figueroa,,
2026-09-09,ESS,Skye at Bunker Hill,,Los Angeles,ESS-skye-at-bunker-hill-2br-1116sqft-grand,2,2.0,1116,3099.0,2026-09-09,,True,hard,"Save Up to $3,200 Off Rent!*",dollar_off,3200.0,8.6,,2832.33,https://www.essexapartmenthomes.com/apartments/los-angeles/skye-at-bunker-hill/floor-plans-and-pricing,2026-04-04,2026-09-09,,,,,Grand,,
2026-09-09,ESS,Skylux on Wilshire,,Los Angeles,ESS-skylux-on-wilshire-0br-581sqft-plan-sb-den,0,1.0,581,2077.0,2026-09-09,,True,hard,"CLOSE OUT SPECIAL! FINAL PHASE NOW LEASING!
Save Up to $7,800 + FREE App Fee & Parking",dollar_off,7800.0,31.3,,1427.0,https://www.essexapartmenthomes.com/apartments/los-angeles/skylux-on-wilshire/floor-plans-and-pricing,2026-08-02,2026-09-09,,,,,Plan SB + Den,,
2026-09-09,ESS,Skylux on Wilshire,,Los Angeles,ESS-skylux-on-wilshire-0br-575sqft-plan-sa,0,1.0,575,2539.0,2026-09-09,,True,hard,"CLOSE OUT SPECIAL! FINAL PHASE NOW LEASING!
Save Up to $7,800 + FREE App Fee & Parking",dollar_off,7800.0,25.6,,1889.0,https://www.essexapartmenthomes.com/apartments/los-angeles/skylux-on-wilshire/floor-plans-and-pricing,2026-08-10,2026-09-09,,,,,Plan SA,,
2026-09-09,ESS,Skylux on Wilshire,,Los Angeles,ESS-skylux-on-wilshire-1br-822sqft-plan-1j-den,1,2.0,822,2727.0,2026-09-09,,True,hard,"CLOSE OUT SPECIAL! FINAL PHASE NOW LEASING!
Save Up to $7,800 + FREE App Fee & Parking",dollar_off,7800.0,23.84,,2077.0,https://www.essexapartmenthomes.com/apartments/los-angeles/skylux-on-wilshire/floor-plans-and-pricing,2026-08-10,2026-09-09,,,,,Plan 1J + Den,,
2026-09-09,ESS,Skylux on Wilshire,,Los Angeles,ESS-skylux-on-wilshire-1br-759sqft-plan-1h-den,1,2.0,759,2797.0,2026-09-09,,True,hard,"CLOSE OUT SPECIAL! FINAL PHASE NOW LEASING!
Save Up to $7,800 + FREE App Fee & Parking",dollar_off,7800.0,23.24,,2147.0,https://www.essexapartmenthomes.com/apartments/los-angeles/skylux-on-wilshire/floor-plans-and-pricing,2026-07-19,2026-09-09,,,,,Plan 1H + Den,,
2026-09-09,ESS,Skylux on Wilshire,,Los Angeles,ESS-skylux-on-wilshire-1br-626sqft-plan-1a,1,1.0,626,2927.0,2026-10-07,,True,hard,"CLOSE OUT SPECIAL! FINAL PHASE NOW LEASING!
Save Up to $7,800 + FREE App Fee & Parking",dollar_off,7800.0,22.21,,2277.0,https://www.essexapartmenthomes.com/apartments/los-angeles/skylux-on-wilshire/floor-plans-and-pricing,2026-06-09,2026-09-09,,,,,Plan 1A,,
2026-09-09,ESS,Skylux on Wilshire,,Los Angeles,ESS-skylux-on-wilshire-1br-767sqft-plan-1i-den,1,2.0,767,3027.0,2026-10-07,,True,hard,"CLOSE OUT SPECIAL! FINAL PHASE NOW LEASING!
Save Up to $7,800 + FREE App Fee & Parking",dollar_off,7800.0,21.47,,2377.0,https://www.essexapartmenthomes.com/apartments/los-angeles/skylux-on-wilshire/floor-plans-and-pricing,2026-05-24,2026-09-09,,,,,Plan 1I + Den,,
2026-09-09,ESS,Skylux on Wilshire,,Los Angeles,ESS-skylux-on-wilshire-1br-821sqft-plan-1l-den,1,2.0,821,3157.0,2026-10-07,,True,hard,"CLOSE OUT SPECIAL! FINAL PHASE NOW LEASING!
Save Up to $7,800 + FREE App Fee & Parking",dollar_off,7800.0,20.59,,2507.0,https://www.essexapartmenthomes.com/apartments/los-angeles/skylux-on-wilshire/floor-plans-and-pricing,2026-08-08,2026-09-09,,,,,Plan 1L + Den,,
2026-09-09,ESS,Skylux on Wilshire,,Los Angeles,ESS-skylux-on-wilshire-1br-976sqft-plan-1o-den,1,2.0,976,3187.0,2026-09-15,,True,hard,"CLOSE OUT SPECIAL! FINAL PHASE NOW LEASING!
Save Up to $7,800 + FREE App Fee & Parking",dollar_off,7800.0,20.4,,2537.0,https://www.essexapartmenthomes.com/apartments/los-angeles/skylux-on-wilshire/floor-plans-and-pricing,2026-07-19,2026-09-09,,,,,Plan 1O + Den,,
2026-09-09,ESS,Skylux on Wilshire,,Los Angeles,ESS-skylux-on-wilshire-1br-1030sqft-plan-1q-den,1,2.0,1030,3437.0,2026-09-27,,True,hard,"CLOSE OUT SPECIAL! FINAL PHASE NOW LEASING!
Save Up to $7,800 + FREE App Fee & Parking",dollar_off,7800.0,18.91,,2787.0,https://www.essexapartmenthomes.com/apartments/los-angeles/skylux-on-wilshire/floor-plans-and-pricing,2026-09-03,2026-09-09,,,,,Plan 1Q + Den,,
2026-09-09,ESS,Skylux on Wilshire,,Los Angeles,ESS-skylux-on-wilshire-2br-723sqft-plan-2a,2,2.0,723,2897.0,2026-09-09,,True,hard,"CLOSE OUT SPECIAL! FINAL PHASE NOW LEASING!
Save Up to $7,800 + FREE App Fee & Parking",dollar_off,7800.0,22.44,,2247.0,https://www.essexapartmenthomes.com/apartments/los-angeles/skylux-on-wilshire/floor-plans-and-pricing,2026-06-09,2026-09-09,,,,,Plan 2A,,
2026-09-09,ESS,Skylux on Wilshire,,Los Angeles,ESS-skylux-on-wilshire-2br-1054sqft-plan-2c,2,2.0,1054,3699.0,2026-10-02,,True,hard,"CLOSE OUT SPECIAL! FINAL PHASE NOW LEASING!
Save Up to $7,800 + FREE App Fee & Parking",dollar_off,7800.0,17.57,,3049.0,https://www.essexapartmenthomes.com/apartments/los-angeles/skylux-on-wilshire/floor-plans-and-pricing,2026-09-03,2026-09-09,,,,,Plan 2C,,
2026-09-09,ESS,Skylux on Wilshire,,Los Angeles,ESS-skylux-on-wilshire-2br-1009sqft-plan-2d,2,2.0,1009,3737.0,2026-09-09,,True,hard,"CLOSE OUT SPECIAL! FINAL PHASE NOW LEASING!
Save Up to $7,800 + FREE App Fee & Parking",dollar_off,7800.0,17.39,,3087.0,https://www.essexapartmenthomes.com/apartments/los-angeles/skylux-on-wilshire/floor-plans-and-pricing,2026-09-03,2026-09-09,,,,,Plan 2D,,
2026-09-09,ESS,Skylux on Wilshire,,Los Angeles,ESS-skylux-on-wilshire-2br-1095sqft-plan-2e,2,2.0,1095,3897.0,2026-10-07,,True,hard,"CLOSE OUT SPECIAL! FINAL PHASE NOW LEASING!
Save Up to $7,800 + FREE App Fee & Parking",dollar_off,7800.0,16.68,,3247.0,https://www.essexapartmenthomes.com/apartments/los-angeles/skylux-on-wilshire/floor-plans-and-pricing,2026-08-02,2026-09-09,,,,,Plan 2E,,
2026-09-09,ESS,Skylux on Wilshire,,Los Angeles,ESS-skylux-on-wilshire-2br-1228sqft-plan-2g,2,2.0,1228,4037.0,2026-10-07,,True,hard,"CLOSE OUT SPECIAL! FINAL PHASE NOW LEASING!
Save Up to $7,800 + FREE App Fee & Parking",dollar_off,7800.0,16.1,,3387.0,https://www.essexapartmenthomes.com/apartments/los-angeles/skylux-on-wilshire/floor-plans-and-pricing,2026-08-02,2026-09-09,,,,,Plan 2G,,
2026-09-09,ESS,The Blake LA,,Los Angeles,ESS-the-blake-la-0br-416sqft-plan-sb,0,1.0,416,2107.0,2026-10-07,,False,,,,,,,,https://www.essexapartmenthomes.com/apartments/los-angeles/the-blake-la/floor-plans-and-pricing,2026-04-04,2026-09-09,,,,,Plan SB,,
2026-09-09,ESS,The Blake LA,,Los Angeles,ESS-the-blake-la-1br-700sqft-plan-1a,1,1.0,700,2697.0,2026-09-19,,False,,,,,,,,https://www.essexapartmenthomes.com/apartments/los-angeles/the-blake-la/floor-plans-and-pricing,2026-04-04,2026-09-09,,,,,Plan 1A,,
2026-09-09,ESS,The Blake LA,,Los Angeles,ESS-the-blake-la-1br-854sqft-plan-1b-loft,1,1.0,854,3067.0,2026-09-14,,False,,,,,,,,https://www.essexapartmenthomes.com/apartments/los-angeles/the-blake-la/floor-plans-and-pricing,2026-07-19,2026-09-09,,,,,Plan 1B Loft,,
2026-09-09,ESS,Tiffany Court,,Los Angeles,ESS-tiffany-court-0br-620sqft-plan-sa,0,1.0,620,1977.0,2026-09-09,,False,,,,,,,,https://www.essexapartmenthomes.com/apartments/los-angeles/tiffany-court/floor-plans-and-pricing,2026-04-04,2026-09-09,,,,,Plan SA,,
2026-09-09,ESS,Tiffany Court,,Los Angeles,ESS-tiffany-court-1br-809sqft-plan-1d,1,1.0,809,2309.0,2026-10-02,,False,,,,,,,,https://www.essexapartmenthomes.com/apartments/los-angeles/tiffany-court/floor-plans-and-pricing,2026-04-13,2026-09-09,,,,,Plan 1D,,
2026-09-09,ESS,Vela on Ox,,Los Angeles,ESS-vela-on-ox-0br-627sqft-nebula,0,1.0,627,2299.0,2026-09-12,,True,hard,"Save Up to $2,200 Off Rent!*",dollar_off,2200.0,7.97,,2115.67,https://www.essexapartmenthomes.com/apartments/los-angeles/vela-on-ox/floor-plans-and-pricing,2026-05-24,2026-09-09,,,,,Nebula,,
2026-09-09,ESS,Vela on Ox,,Los Angeles,ESS-vela-on-ox-1br-702sqft-aurora,1,1.0,702,2237.0,2026-09-19,,True,hard,"Save Up to $2,200 Off Rent!*",dollar_off,2200.0,8.2,,2053.67,https://www.essexapartmenthomes.com/apartments/los-angeles/vela-on-ox/floor-plans-and-pricing,2026-04-04,2026-09-09,,,,,Aurora,,
2026-09-09,ESS,Vela on Ox,,Los Angeles,ESS-vela-on-ox-1br-746sqft-jupiter,1,1.0,746,2349.0,2026-09-19,,True,hard,"Save Up to $2,200 Off Rent!*",dollar_off,2200.0,7.8,,2165.67,https://www.essexapartmenthomes.com/apartments/los-angeles/vela-on-ox/floor-plans-and-pricing,2026-04-04,2026-09-09,,,,,Jupiter,,
2026-09-09,ESS,Vela on Ox,,Los Angeles,ESS-vela-on-ox-1br-784sqft-solstice,1,1.0,784,2407.0,2026-09-12,,True,hard,"Save Up to $2,200 Off Rent!*",dollar_off,2200.0,7.62,,2223.67,https://www.essexapartmenthomes.com/apartments/los-angeles/vela-on-ox/floor-plans-and-pricing,2026-04-05,2026-09-09,,,,,Solstice,,
2026-09-09,ESS,Vela on Ox,,Los Angeles,ESS-vela-on-ox-2br-1038sqft-cosmo,2,2.0,1038,2947.0,2026-09-09,,True,hard,"Save Up to $2,200 Off Rent!*",dollar_off,2200.0,6.22,,2763.67,https://www.essexapartmenthomes.com/apartments/los-angeles/vela-on-ox/floor-plans-and-pricing,2026-04-04,2026-09-09,,,,,Cosmo,,
2026-09-09,ESS,Vela on Ox,,Los Angeles,ESS-vela-on-ox-2br-1085sqft-orbit,2,2.0,1085,3147.0,2026-09-16,,True,hard,"Save Up to $2,200 Off Rent!*",dollar_off,2200.0,5.83,,2963.67,https://www.essexapartmenthomes.com/apartments/los-angeles/vela-on-ox/floor-plans-and-pricing,2026-04-04,2026-09-09,,,,,Orbit,,
2026-09-09,ESS,Vela on Ox,,Los Angeles,ESS-vela-on-ox-2br-1239sqft-skye,2,2.0,1239,3349.0,2026-09-10,,True,hard,"Save Up to $2,200 Off Rent!*",dollar_off,2200.0,5.47,,3165.67,https://www.essexapartmenthomes.com/apartments/los-angeles/vela-on-ox/floor-plans-and-pricing,2026-08-23,2026-09-09,,,,,Skye,,
2026-09-09,ESS,Wallace on Sunset,,Los Angeles,ESS-wallace-on-sunset-0br-540sqft-melrose,0,1.0,540,2277.0,2026-10-22,,True,hard,"Save Up to $2,200 Off Rent!*",dollar_off,2200.0,8.05,,2093.67,https://www.essexapartmenthomes.com/apartments/los-angeles/wallace-on-sunset/floor-plans-and-pricing,2026-04-04,2026-09-09,,,,,Melrose,,
2026-09-09,ESS,Wallace on Sunset,,Los Angeles,ESS-wallace-on-sunset-2br-1091sqft-selma,2,2.0,1091,4177.0,2026-09-09,,True,hard,"Save Up to $2,200 Off Rent!*",dollar_off,2200.0,4.39,,3993.67,https://www.essexapartmenthomes.com/apartments/los-angeles/wallace-on-sunset/floor-plans-and-pricing,2026-04-04,2026-09-09,,,,,Selma,,
2026-09-09,ESS,Wallace on Sunset,,Los Angeles,ESS-wallace-on-sunset-3br-1396sqft-vine,3,2.0,1396,4367.0,2026-09-09,,True,hard,"Save Up to $2,200 Off Rent!*",dollar_off,2200.0,4.2,,4183.67,https://www.essexapartmenthomes.com/apartments/los-angeles/wallace-on-sunset/floor-plans-and-pricing,2026-04-13,2026-09-09,,,,,Vine,,
2026-09-09,ESS,Wallace on Sunset,,Los Angeles,ESS-wallace-on-sunset-3br-1488sqft-centro,3,2.0,1488,4569.0,2026-09-09,,True,hard,"Save Up to $2,200 Off Rent!*",dollar_off,2200.0,4.01,,4385.67,https://www.essexapartmenthomes.com/apartments/los-angeles/wallace-on-sunset/floor-plans-and-pricing,2026-06-22,2026-09-09,,,,,Centro,,
2026-09-09,ESS,Wilshire La Brea,,Los Angeles,ESS-wilshire-la-brea-0br-404sqft-redwood,0,1.0,404,1717.0,2026-09-23,,True,hard,"Save Up to $2,700 Off Rent!*",dollar_off,2700.0,13.1,,1492.0,https://www.essexapartmenthomes.com/apartments/los-angeles/wilshire-la-brea/floor-plans-and-pricing,2026-05-17,2026-09-09,,,,,Redwood,,
2026-09-09,ESS,Wilshire La Brea,,Los Angeles,ESS-wilshire-la-brea-0br-555sqft-key,0,1.0,555,2359.0,2026-09-16,,True,hard,"Save Up to $2,700 Off Rent!*",dollar_off,2700.0,9.54,,2134.0,https://www.essexapartmenthomes.com/apartments/los-angeles/wilshire-la-brea/floor-plans-and-pricing,2026-04-04,2026-09-09,,,,,Key,,
2026-09-09,ESS,Wilshire La Brea,,Los Angeles,ESS-wilshire-la-brea-1br-580sqft-vicente,1,1.0,580,2297.0,2026-09-09,,True,hard,"Save Up to $2,700 Off Rent!*",dollar_off,2700.0,9.8,,2072.0,https://www.essexapartmenthomes.com/apartments/los-angeles/wilshire-la-brea/floor-plans-and-pricing,2026-04-04,2026-09-09,,,,,Vicente,,
2026-09-09,ESS,Wilshire La Brea,,Los Angeles,ESS-wilshire-la-brea-1br-586sqft-angelino,1,1.0,586,2469.0,2026-09-09,,True,hard,"Save Up to $2,700 Off Rent!*",dollar_off,2700.0,9.11,,2244.0,https://www.essexapartmenthomes.com/apartments/los-angeles/wilshire-la-brea/floor-plans-and-pricing,2026-04-04,2026-09-09,,,,,Angelino,,
2026-09-09,ESS,Wilshire La Brea,,Los Angeles,ESS-wilshire-la-brea-1br-708sqft-mint,1,1.0,708,2727.0,2026-10-11,,True,hard,"Save Up to $2,700 Off Rent!*",dollar_off,2700.0,8.25,,2502.0,https://www.essexapartmenthomes.com/apartments/los-angeles/wilshire-la-brea/floor-plans-and-pricing,2026-04-04,2026-09-09,,,,,Mint,,
2026-09-09,ESS,Wilshire La Brea,,Los Angeles,ESS-wilshire-la-brea-1br-714sqft-whisky-loft,1,1.0,714,3057.0,2026-10-03,,True,hard,"Save Up to $2,700 Off Rent!*",dollar_off,2700.0,7.36,,2832.0,https://www.essexapartmenthomes.com/apartments/los-angeles/wilshire-la-brea/floor-plans-and-pricing,2026-09-03,2026-09-09,,,,,Whisky Loft,,
2026-09-09,ESS,Wilshire La Brea,,Los Angeles,ESS-wilshire-la-brea-1br-837sqft-dragonfly-loft,1,1.0,837,3217.0,2026-09-12,,True,hard,"Save Up to $2,700 Off Rent!*",dollar_off,2700.0,6.99,,2992.0,https://www.essexapartmenthomes.com/apartments/los-angeles/wilshire-la-brea/floor-plans-and-pricing,2026-04-26,2026-09-09,,,,,Dragonfly Loft,,
2026-09-09,ESS,Wilshire La Brea,,Los Angeles,ESS-wilshire-la-brea-2br-968sqft-frolic,2,2.0,968,3497.0,2026-09-09,,True,hard,"Save Up to $2,700 Off Rent!*",dollar_off,2700.0,6.43,,3272.0,https://www.essexapartmenthomes.com/apartments/los-angeles/wilshire-la-brea/floor-plans-and-pricing,2026-04-13,2026-09-09,,,,,Frolic,,
2026-09-09,ESS,Wilshire La Brea,,Los Angeles,ESS-wilshire-la-brea-2br-1183sqft-broadway,2,2.0,1183,3849.0,2026-09-16,,True,hard,"Save Up to $2,700 Off Rent!*",dollar_off,2700.0,5.85,,3624.0,https://www.essexapartmenthomes.com/apartments/los-angeles/wilshire-la-brea/floor-plans-and-pricing,2026-09-09,2026-09-09,,,,,Broadway,,
2026-09-09,ESS,Windsor Court,,Los Angeles,ESS-windsor-court-1br-484sqft-plan-1a,1,1.0,484,1637.0,2026-10-11,,False,,,,,,,,https://www.essexapartmenthomes.com/apartments/los-angeles/windsor-court/floor-plans-and-pricing,2026-04-04,2026-09-09,,,,,Plan 1A,,
2026-09-09,ESS,Windsor Court,,Los Angeles,ESS-windsor-court-2br-739sqft-plan-2a,2,1.0,739,2087.0,2026-09-09,,False,,,,,,,,https://www.essexapartmenthomes.com/apartments/los-angeles/windsor-court/floor-plans-and-pricing,2026-04-04,2026-09-09,,,,,Plan 2A,,
2026-09-09,ESS,Martha Lake,,Seattle,ESS-martha-lake-1br-700sqft-plan-1b,1,1.0,700,1679.0,2026-09-25,,False,,,,,,,,https://www.essexapartmenthomes.com/apartments/lynnwood/martha-lake/floor-plans-and-pricing,2026-04-04,2026-09-09,,,,,Plan 1B,,
2026-09-09,ESS,Martha Lake,,Seattle,ESS-martha-lake-2br-900sqft-plan-2a,2,1.0,900,1937.0,2026-09-09,,False,,,,,,,,https://www.essexapartmenthomes.com/apartments/lynnwood/martha-lake/floor-plans-and-pricing,2026-04-04,2026-09-09,,,,,Plan 2A,,
2026-09-09,ESS,Martha Lake,,Seattle,ESS-martha-lake-3br-1109sqft-plan-3a,3,2.0,1109,2227.0,2026-09-27,,False,,,,,,,,https://www.essexapartmenthomes.com/apartments/lynnwood/martha-lake/floor-plans-and-pricing,2026-04-04,2026-09-09,,,,,Plan 3A,,
2026-09-09,ESS,AQUA Marina del Rey,,Los Angeles,ESS-aqua-marina-del-rey-1br-769sqft-azure,1,1.0,769,3087.0,2026-09-10,,True,hard,"Save Up to $5,600 Off Rent!*",dollar_off,5600.0,15.12,,2620.33,https://www.essexapartmenthomes.com/apartments/marina-del-rey/aqua-marina-del-rey/floor-plans-and-pricing,2026-04-26,2026-09-09,,,,,Azure,,
2026-09-09,ESS,AQUA Marina del Rey,,Los Angeles,ESS-aqua-marina-del-rey-1br-767sqft-royal,1,1.0,767,3109.0,2026-10-07,,True,hard,"Save Up to $5,600 Off Rent!*",dollar_off,5600.0,15.01,,2642.33,https://www.essexapartmenthomes.com/apartments/marina-del-rey/aqua-marina-del-rey/floor-plans-and-pricing,2026-04-26,2026-09-09,,,,,Royal,,
2026-09-09,ESS,AQUA Marina del Rey,,Los Angeles,ESS-aqua-marina-del-rey-2br-1072sqft-aquamarine,2,2.0,1072,3317.0,2026-09-09,,True,hard,"Save Up to $5,600 Off Rent!*",dollar_off,5600.0,14.07,,2850.33,https://www.essexapartmenthomes.com/apartments/marina-del-rey/aqua-marina-del-rey/floor-plans-and-pricing,2026-04-26,2026-09-09,,,,,Aquamarine,,
2026-09-09,ESS,AQUA Marina del Rey,,Los Angeles,ESS-aqua-marina-del-rey-2br-1105sqft-periwinkle,2,2.0,1105,3469.0,2026-09-09,,True,hard,"Save Up to $5,600 Off Rent!*",dollar_off,5600.0,13.45,,3002.33,https://www.essexapartmenthomes.com/apartments/marina-del-rey/aqua-marina-del-rey/floor-plans-and-pricing,2026-05-31,2026-09-09,,,,,Periwinkle,,
2026-09-09,ESS,AQUA Marina del Rey,,Los Angeles,ESS-aqua-marina-del-rey-2br-1006sqft-tide,2,2.0,1006,3509.0,2026-10-07,,True,hard,"Save Up to $5,600 Off Rent!*",dollar_off,5600.0,13.3,,3042.33,https://www.essexapartmenthomes.com/apartments/marina-del-rey/aqua-marina-del-rey/floor-plans-and-pricing,2026-04-26,2026-09-09,,,,,Tide,,
2026-09-09,ESS,AQUA Marina del Rey,,Los Angeles,ESS-aqua-marina-del-rey-2br-1039sqft-teal,2,2.0,1039,3609.0,2026-09-09,,True,hard,"Save Up to $5,600 Off Rent!*",dollar_off,5600.0,12.93,,3142.33,https://www.essexapartmenthomes.com/apartments/marina-del-rey/aqua-marina-del-rey/floor-plans-and-pricing,2026-08-02,2026-09-09,,,,,Teal,,
2026-09-09,ESS,AQUA Marina del Rey,,Los Angeles,ESS-aqua-marina-del-rey-2br-1138sqft-aquarium,2,2.0,1138,3629.0,2026-10-11,,True,hard,"Save Up to $5,600 Off Rent!*",dollar_off,5600.0,12.86,,3162.33,https://www.essexapartmenthomes.com/apartments/marina-del-rey/aqua-marina-del-rey/floor-plans-and-pricing,2026-08-23,2026-09-09,,,,,Aquarium,,
2026-09-09,ESS,AQUA Marina del Rey,,Los Angeles,ESS-aqua-marina-del-rey-2br-1258sqft-nile,2,2.0,1258,3867.0,2026-10-07,,True,hard,"Save Up to $5,600 Off Rent!*",dollar_off,5600.0,12.07,,3400.33,https://www.essexapartmenthomes.com/apartments/marina-del-rey/aqua-marina-del-rey/floor-plans-and-pricing,2026-04-26,2026-09-09,,,,,Nile,,
2026-09-09,ESS,AQUA Marina del Rey,,Los Angeles,ESS-aqua-marina-del-rey-3br-1749sqft-cadet,3,3.0,1749,5629.0,2026-09-09,,True,hard,"Save Up to $5,600 Off Rent!*",dollar_off,5600.0,8.29,,5162.33,https://www.essexapartmenthomes.com/apartments/marina-del-rey/aqua-marina-del-rey/floor-plans-and-pricing,2026-07-19,2026-09-09,,,,,Cadet,,
2026-09-09,ESS,Mirabella,,Los Angeles,ESS-mirabella-1br-630sqft-cannes,1,1.0,630,2737.0,2026-10-07,,False,,,,,,,,https://www.essexapartmenthomes.com/apartments/marina-del-rey/mirabella/floor-plans-and-pricing,2026-05-03,2026-09-09,,,,,Cannes,,
2026-09-09,ESS,Mirabella,,Los Angeles,ESS-mirabella-1br-750sqft-ventana,1,1.0,750,2887.0,2026-10-15,,False,,,,,,,,https://www.essexapartmenthomes.com/apartments/marina-del-rey/mirabella/floor-plans-and-pricing,2026-04-04,2026-09-09,,,,,Ventana,,
2026-09-09,ESS,Mirabella,,Los Angeles,ESS-mirabella-2br-1060sqft-ravenna,2,2.0,1060,3549.0,2026-09-09,,False,,,,,,,,https://www.essexapartmenthomes.com/apartments/marina-del-rey/mirabella/floor-plans-and-pricing,2026-04-04,2026-09-09,,,,,Ravenna,,
2026-09-09,ESS,ROEN Menlo Park,,Menlo Park,ESS-roen-menlo-park-1br-717sqft-plan-1b,1,1.0,717,3577.0,2026-09-09,,False,,,,,,,,https://www.essexapartmenthomes.com/apartments/menlo-park/roen-menlo-park/floor-plans-and-pricing,2026-04-04,2026-09-09,,,,,Plan 1B,,
2026-09-09,ESS,ROEN Menlo Park,,Menlo Park,ESS-roen-menlo-park-1br-715sqft-plan-1a,1,1.0,715,3847.0,2026-09-09,,False,,,,,,,,https://www.essexapartmenthomes.com/apartments/menlo-park/roen-menlo-park/floor-plans-and-pricing,2026-06-14,2026-09-09,,,,,Plan 1A,,
2026-09-09,ESS,ROEN Menlo Park,,Menlo Park,ESS-roen-menlo-park-2br-980sqft-plan-2a,2,2.0,980,4409.0,2026-09-13,,False,,,,,,,,https://www.essexapartmenthomes.com/apartments/menlo-park/roen-menlo-park/floor-plans-and-pricing,2026-04-04,2026-09-09,,,,,Plan 2A,,
2026-09-09,ESS,ROEN Menlo Park,,Menlo Park,ESS-roen-menlo-park-2br-1022sqft-plan-2b,2,2.0,1022,4647.0,2026-09-20,,False,,,,,,,,https://www.essexapartmenthomes.com/apartments/menlo-park/roen-menlo-park/floor-plans-and-pricing,2026-04-04,2026-09-09,,,,,Plan 2B,,
2026-09-09,ESS,777 Hamilton,,Menlo Park,ESS-777-hamilton-1br-707sqft-java,1,1.0,707,3737.0,2026-09-28,,False,,,,,,,,https://www.essexapartmenthomes.com/apartments/menlo-park/777-hamilton/floor-plans-and-pricing,2026-08-08,2026-09-09,,,,,Java,,
2026-09-09,ESS,777 Hamilton,,Menlo Park,ESS-777-hamilton-1br-791sqft-cloud,1,1.0,791,3867.0,2026-10-12,,False,,,,,,,,https://www.essexapartmenthomes.com/apartments/menlo-park/777-hamilton/floor-plans-and-pricing,2026-04-04,2026-09-09,,,,,Cloud,,
2026-09-09,ESS,777 Hamilton,,Menlo Park,ESS-777-hamilton-2br-997sqft-cache,2,2.0,997,4327.0,2026-09-28,,False,,,,,,,,https://www.essexapartmenthomes.com/apartments/menlo-park/777-hamilton/floor-plans-and-pricing,2026-05-31,2026-09-09,,,,,Cache,,
2026-09-09,ESS,777 Hamilton,,Menlo Park,ESS-777-hamilton-2br-1039sqft-element,2,2.0,1039,4577.0,2026-09-17,,False,,,,,,,,https://www.essexapartmenthomes.com/apartments/menlo-park/777-hamilton/floor-plans-and-pricing,2026-04-05,2026-09-09,,,,,Element,,
2026-09-09,ESS,777 Hamilton,,Menlo Park,ESS-777-hamilton-3br-1375sqft-flash,3,3.0,1375,5637.0,2026-10-07,,False,,,,,,,,https://www.essexapartmenthomes.com/apartments/menlo-park/777-hamilton/floor-plans-and-pricing,2026-04-26,2026-09-09,,,,,Flash,,
2026-09-09,ESS,Aviara,,Mercer Island,ESS-aviara-0br-500sqft-shoreline,0,1.0,500,2039.0,2026-09-09,,True,hard,"Save Up to $4,000 Off Rent!*",dollar_off,4000.0,16.35,,1705.67,https://www.essexapartmenthomes.com/apartments/mercer-island/aviara/floor-plans-and-pricing,2026-04-04,2026-09-09,,,,,Shoreline,,
2026-09-09,ESS,Aviara,,Mercer Island,ESS-aviara-0br-682sqft-breakwater,0,1.0,682,2159.0,2026-10-23,,True,hard,"Save Up to $4,000 Off Rent!*",dollar_off,4000.0,15.44,,1825.67,https://www.essexapartmenthomes.com/apartments/mercer-island/aviara/floor-plans-and-pricing,2026-05-31,2026-09-09,,,,,Breakwater,,
2026-09-09,ESS,Aviara,,Mercer Island,ESS-aviara-1br-655sqft-northshore,1,1.0,655,2227.0,2026-10-20,,True,hard,"Save Up to $4,000 Off Rent!*",dollar_off,4000.0,14.97,,1893.67,https://www.essexapartmenthomes.com/apartments/mercer-island/aviara/floor-plans-and-pricing,2026-05-24,2026-09-09,,,,,Northshore,,
2026-09-09,ESS,Aviara,,Mercer Island,ESS-aviara-1br-751sqft-delta,1,1.0,751,2517.0,2026-09-09,,True,hard,"Save Up to $4,000 Off Rent!*",dollar_off,4000.0,13.24,,2183.67,https://www.essexapartmenthomes.com/apartments/mercer-island/aviara/floor-plans-and-pricing,2026-04-13,2026-09-09,,,,,Delta,,
2026-09-09,ESS,Aviara,,Mercer Island,ESS-aviara-1br-763sqft-fairway,1,1.0,763,2639.0,2026-09-09,,True,hard,"Save Up to $4,000 Off Rent!*",dollar_off,4000.0,12.63,,2305.67,https://www.essexapartmenthomes.com/apartments/mercer-island/aviara/floor-plans-and-pricing,2026-05-31,2026-09-09,,,,,Fairway,,
2026-09-09,ESS,Aviara,,Mercer Island,ESS-aviara-2br-1081sqft-lagoon,2,2.0,1081,3167.0,2026-10-07,,True,hard,"Save Up to $4,000 Off Rent!*",dollar_off,4000.0,10.53,,2833.67,https://www.essexapartmenthomes.com/apartments/mercer-island/aviara/floor-plans-and-pricing,2026-04-04,2026-09-09,,,,,Lagoon,,
2026-09-09,ESS,Aviara,,Mercer Island,ESS-aviara-2br-1148sqft-peninsula,2,2.0,1148,3587.0,2026-11-01,,True,hard,"Save Up to $4,000 Off Rent!*",dollar_off,4000.0,9.29,,3253.67,https://www.essexapartmenthomes.com/apartments/mercer-island/aviara/floor-plans-and-pricing,2026-09-03,2026-09-09,,,,,Peninsula,,
2026-09-09,ESS,Aviara,,Mercer Island,ESS-aviara-2br-1234sqft-sandbar-loft,2,2.0,1234,4037.0,2026-10-28,,True,hard,"Save Up to $4,000 Off Rent!*",dollar_off,4000.0,8.26,,3703.67,https://www.essexapartmenthomes.com/apartments/mercer-island/aviara/floor-plans-and-pricing,2026-06-09,2026-09-09,,,,,Sandbar Loft,,
2026-09-09,ESS,Aviara,,Mercer Island,ESS-aviara-3br-1436sqft-tombolo,3,2.0,1436,4047.0,2026-09-09,,True,hard,"Save Up to $4,000 Off Rent!*",dollar_off,4000.0,8.24,,3713.67,https://www.essexapartmenthomes.com/apartments/mercer-island/aviara/floor-plans-and-pricing,2026-07-19,2026-09-09,,,,,Tombolo,,
2026-09-09,ESS,Monterra In Mill Creek,,Mill Creek,ESS-monterra-in-mill-creek-1br-761sqft-plan-1a,1,1.0,761,1899.0,2026-09-24,,True,hard,"Save Up to $1,000 Off Rent!*",dollar_off,1000.0,4.39,,1815.67,https://www.essexapartmenthomes.com/apartments/mill-creek/monterra-in-mill-creek/floor-plans-and-pricing,2026-04-26,2026-09-09,,,,,Plan 1A,,
2026-09-09,ESS,Monterra In Mill Creek,,Mill Creek,ESS-monterra-in-mill-creek-2br-984sqft-plan-2a,2,2.0,984,2089.0,2026-09-10,,True,hard,"Save Up to $1,000 Off Rent!*",dollar_off,1000.0,3.99,,2005.67,https://www.essexapartmenthomes.com/apartments/mill-creek/monterra-in-mill-creek/floor-plans-and-pricing,2026-06-09,2026-09-09,,,,,Plan 2A,,
2026-09-09,ESS,Monterra In Mill Creek,,Mill Creek,ESS-monterra-in-mill-creek-2br-1026sqft-plan-2b,2,2.0,1026,2207.0,2026-09-09,,True,hard,"Save Up to $1,000 Off Rent!*",dollar_off,1000.0,3.78,,2123.67,https://www.essexapartmenthomes.com/apartments/mill-creek/monterra-in-mill-creek/floor-plans-and-pricing,2026-04-04,2026-09-09,,,,,Plan 2B,,
2026-09-09,ESS,Monterra In Mill Creek,,Mill Creek,ESS-monterra-in-mill-creek-3br-1173sqft-plan-3a,3,2.0,1173,2489.0,2026-11-07,,True,hard,"Save Up to $1,000 Off Rent!*",dollar_off,1000.0,3.35,,2405.67,https://www.essexapartmenthomes.com/apartments/mill-creek/monterra-in-mill-creek/floor-plans-and-pricing,2026-04-26,2026-09-09,,,,,Plan 3A,,
2026-09-09,ESS,Laurels at Mill Creek,,Mill Creek,ESS-laurels-at-mill-creek-1br-656sqft-huckleberry,1,1.0,656,1597.0,2026-09-09,,False,,,,,,,,https://www.essexapartmenthomes.com/apartments/mill-creek/laurels-at-mill-creek/floor-plans-and-pricing,2026-04-04,2026-09-09,,,,,Huckleberry,,
2026-09-09,ESS,Laurels at Mill Creek,,Mill Creek,ESS-laurels-at-mill-creek-2br-953sqft-juniper,2,2.0,953,2009.0,2026-09-09,,False,,,,,,,,https://www.essexapartmenthomes.com/apartments/mill-creek/laurels-at-mill-creek/floor-plans-and-pricing,2026-04-04,2026-09-09,,,,,Juniper,,
2026-09-09,ESS,Laurels at Mill Creek,,Mill Creek,ESS-laurels-at-mill-creek-2br-891sqft-heather,2,2.0,891,2257.0,2026-10-06,,False,,,,,,,,https://www.essexapartmenthomes.com/apartments/mill-creek/laurels-at-mill-creek/floor-plans-and-pricing,2026-04-04,2026-09-09,,,,,Heather,,
2026-09-09,ESS,Laurels at Mill Creek,,Mill Creek,ESS-laurels-at-mill-creek-3br-1236sqft-honeysuckle,3,2.0,1236,2349.0,2026-10-08,,False,,,,,,,,https://www.essexapartmenthomes.com/apartments/mill-creek/laurels-at-mill-creek/floor-plans-and-pricing,2026-09-09,2026-09-09,,,,,Honeysuckle,,
2026-09-09,ESS,Parkwood at Mill Creek,,Mill Creek,ESS-parkwood-at-mill-creek-1br-800sqft-plan-1a,1,1.0,800,1787.0,2026-09-09,,False,,,,,,,,https://www.essexapartmenthomes.com/apartments/mill-creek/parkwood-at-mill-creek/floor-plans-and-pricing,2026-04-04,2026-09-09,,,,,Plan 1A,,
2026-09-09,ESS,Parkwood at Mill Creek,,Mill Creek,ESS-parkwood-at-mill-creek-2br-1062sqft-plan-2a,2,2.0,1062,2417.0,2026-10-07,,False,,,,,,,,https://www.essexapartmenthomes.com/apartments/mill-creek/parkwood-at-mill-creek/floor-plans-and-pricing,2026-04-04,2026-09-09,,,,,Plan 2A,,
2026-09-09,ESS,Parkwood at Mill Creek,,Mill Creek,ESS-parkwood-at-mill-creek-3br-1340sqft-plan-3a,3,2.0,1340,2939.0,2026-10-12,,False,,,,,,,,https://www.essexapartmenthomes.com/apartments/mill-creek/parkwood-at-mill-creek/floor-plans-and-pricing,2026-04-26,2026-09-09,,,,,Plan 3A,,
2026-09-09,ESS,Apex,,San Jose,ESS-apex-1br-717sqft-plan-1a,1,1.0,717,3117.0,2026-09-09,,False,,,,,,,,https://www.essexapartmenthomes.com/apartments/milpitas/apex/floor-plans-and-pricing,2026-04-04,2026-09-09,,,,,Plan 1A,,
2026-09-09,ESS,Apex,,San Jose,ESS-apex-1br-762sqft-plan-1c,1,1.0,762,3237.0,2026-09-25,,False,,,,,,,,https://www.essexapartmenthomes.com/apartments/milpitas/apex/floor-plans-and-pricing,2026-04-04,2026-09-09,,,,,Plan 1C,,
2026-09-09,ESS,Apex,,San Jose,ESS-apex-1br-756sqft-plan-1b,1,1.0,756,3249.0,2026-09-09,,False,,,,,,,,https://www.essexapartmenthomes.com/apartments/milpitas/apex/floor-plans-and-pricing,2026-04-04,2026-09-09,,,,,Plan 1B,,
2026-09-09,ESS,Apex,,San Jose,ESS-apex-2br-1030sqft-plan-2a,2,2.0,1030,3737.0,2026-09-15,,False,,,,,,,,https://www.essexapartmenthomes.com/apartments/milpitas/apex/floor-plans-and-pricing,2026-04-04,2026-09-09,,,,,Plan 2A,,
2026-09-09,ESS,Apex,,San Jose,ESS-apex-2br-1050sqft-plan-2b,2,2.0,1050,3849.0,2026-09-09,,False,,,,,,,,https://www.essexapartmenthomes.com/apartments/milpitas/apex/floor-plans-and-pricing,2026-04-04,2026-09-09,,,,,Plan 2B,,
2026-09-09,ESS,Apex,,San Jose,ESS-apex-3br-1423sqft-plan-3b,3,2.0,1423,4599.0,2026-09-09,,False,,,,,,,,https://www.essexapartmenthomes.com/apartments/milpitas/apex/floor-plans-and-pricing,2026-04-04,2026-09-09,,,,,Plan 3B,,
2026-09-09,ESS,ARLO Mountain View,,San Jose,ESS-arlo-mountain-view-0br-610sqft-plan-sa,0,1.0,610,3807.0,2026-10-08,,False,,,,,,,,https://www.essexapartmenthomes.com/apartments/mountain-view/arlo-mountain-view/floor-plans-and-pricing,2026-08-23,2026-09-09,,,,,Plan SA,,
2026-09-09,ESS,ARLO Mountain View,,San Jose,ESS-arlo-mountain-view-1br-642sqft-plan-1a,1,1.0,642,4049.0,2026-10-07,,False,,,,,,,,https://www.essexapartmenthomes.com/apartments/mountain-view/arlo-mountain-view/floor-plans-and-pricing,2026-09-09,2026-09-09,,,,,Plan 1A,,
2026-09-09,ESS,ARLO Mountain View,,San Jose,ESS-arlo-mountain-view-1br-642sqft-plan-1b,1,1.0,642,4109.0,2026-09-26,,False,,,,,,,,https://www.essexapartmenthomes.com/apartments/mountain-view/arlo-mountain-view/floor-plans-and-pricing,2026-05-09,2026-09-09,,,,,Plan 1B,,
2026-09-09,ESS,ARLO Mountain View,,San Jose,ESS-arlo-mountain-view-1br-722sqft-plan-1h,1,1.0,722,4207.0,2026-09-09,,False,,,,,,,,https://www.essexapartmenthomes.com/apartments/mountain-view/arlo-mountain-view/floor-plans-and-pricing,2026-04-26,2026-09-09,,,,,Plan 1H,,
2026-09-09,ESS,ARLO Mountain View,,San Jose,ESS-arlo-mountain-view-1br-712sqft-plan-1c,1,1.0,712,4247.0,2026-09-20,,False,,,,,,,,https://www.essexapartmenthomes.com/apartments/mountain-view/arlo-mountain-view/floor-plans-and-pricing,2026-06-09,2026-09-09,,,,,Plan 1C,,
2026-09-09,ESS,ARLO Mountain View,,San Jose,ESS-arlo-mountain-view-1br-709sqft-plan-1e,1,1.0,709,4259.0,2026-09-14,,False,,,,,,,,https://www.essexapartmenthomes.com/apartments/mountain-view/arlo-mountain-view/floor-plans-and-pricing,2026-08-08,2026-09-09,,,,,Plan 1E,,
2026-09-09,ESS,ARLO Mountain View,,San Jose,ESS-arlo-mountain-view-1br-773sqft-plan-1i,1,1.0,773,4317.0,2026-11-08,,False,,,,,,,,https://www.essexapartmenthomes.com/apartments/mountain-view/arlo-mountain-view/floor-plans-and-pricing,2026-05-24,2026-09-09,,,,,Plan 1I,,
2026-09-09,ESS,ARLO Mountain View,,San Jose,ESS-arlo-mountain-view-1br-899sqft-plan-1k,1,1.0,899,4407.0,2026-09-09,,False,,,,,,,,https://www.essexapartmenthomes.com/apartments/mountain-view/arlo-mountain-view/floor-plans-and-pricing,2026-07-19,2026-09-09,,,,,Plan 1K,,
2026-09-09,ESS,ARLO Mountain View,,San Jose,ESS-arlo-mountain-view-2br-1238sqft-plan-2i,2,2.0,1238,5797.0,2026-10-07,,False,,,,,,,,https://www.essexapartmenthomes.com/apartments/mountain-view/arlo-mountain-view/floor-plans-and-pricing,2026-04-04,2026-09-09,,,,,Plan 2I,,
2026-09-09,ESS,Regency at Mountain View,,San Jose,ESS-regency-at-mountain-view-1br-700sqft-plan-1a,1,1.0,700,3249.0,2026-09-09,,False,,,,,,,,https://www.essexapartmenthomes.com/apartments/mountain-view/regency-at-mountain-view/floor-plans-and-pricing,2026-04-04,2026-09-09,,,,,Plan 1A,,
2026-09-09,ESS,Regency at Mountain View,,San Jose,ESS-regency-at-mountain-view-2br-1100sqft-plan-2a,2,2.0,1100,4357.0,2026-09-09,,False,,,,,,,,https://www.essexapartmenthomes.com/apartments/mountain-view/regency-at-mountain-view/floor-plans-and-pricing,2026-05-03,2026-09-09,,,,,Plan 2A,,
2026-09-09,ESS,Regency at Mountain View,,San Jose,ESS-regency-at-mountain-view-2br-1300sqft-plan-2b-townhome,2,2.5,1300,4839.0,2026-09-28,,False,,,,,,,,https://www.essexapartmenthomes.com/apartments/mountain-view/regency-at-mountain-view/floor-plans-and-pricing,2026-09-06,2026-09-09,,,,,Plan 2B Townhome,,
2026-09-09,ESS,The Elliot at Mukilteo,,Mukilteo,ESS-the-elliot-at-mukilteo-1br-676sqft-the-schooner,1,1.0,676,1657.0,2026-09-09,,True,hard,"Save Up to $1,000 Off Rent!*",dollar_off,1000.0,5.03,,1573.67,https://www.essexapartmenthomes.com/apartments/mukilteo/the-elliot-at-mukilteo/floor-plans-and-pricing,2026-04-04,2026-09-09,,,,,The Schooner,,
2026-09-09,ESS,The Elliot at Mukilteo,,Mukilteo,ESS-the-elliot-at-mukilteo-2br-780sqft-the-spinnaker,2,1.0,780,1579.0,2026-09-09,,True,hard,"Save Up to $1,000 Off Rent!*",dollar_off,1000.0,5.28,,1495.67,https://www.essexapartmenthomes.com/apartments/mukilteo/the-elliot-at-mukilteo/floor-plans-and-pricing,2026-04-04,2026-09-09,,,,,The Spinnaker,,
2026-09-09,ESS,The Elliot at Mukilteo,,Mukilteo,ESS-the-elliot-at-mukilteo-2br-890sqft-the-seaside,2,2.0,890,2237.0,2026-09-25,,True,hard,"Save Up to $1,000 Off Rent!*",dollar_off,1000.0,3.73,,2153.67,https://www.essexapartmenthomes.com/apartments/mukilteo/the-elliot-at-mukilteo/floor-plans-and-pricing,2026-04-04,2026-09-09,,,,,The Seaside,,
2026-09-09,ESS,Bridgeport,,Bay Area,ESS-bridgeport-1br-620sqft-plan-1a,1,1.0,620,2657.0,2026-10-02,,False,,,,,,,,https://www.essexapartmenthomes.com/apartments/newark/bridgeport/floor-plans-and-pricing,2026-04-04,2026-09-09,,,,,Plan 1A,,
2026-09-09,ESS,Bridgeport,,Bay Area,ESS-bridgeport-2br-875sqft-plan-2a,2,1.5,875,2937.0,2026-09-09,,False,,,,,,,,https://www.essexapartmenthomes.com/apartments/newark/bridgeport/floor-plans-and-pricing,2026-04-04,2026-09-09,,,,,Plan 2A,,
2026-09-09,ESS,Bridgeport,,Bay Area,ESS-bridgeport-2br-800sqft-plan-2c,2,2.0,800,3237.0,2026-09-09,,False,,,,,,,,https://www.essexapartmenthomes.com/apartments/newark/bridgeport/floor-plans-and-pricing,2026-04-04,2026-09-09,,,,,Plan 2C,,
2026-09-09,ESS,Hillcrest Park,,Newbury Park,ESS-hillcrest-park-1br-712sqft-the-miramar,1,1.0,712,1929.0,2026-09-09,,False,,,,,,,,https://www.essexapartmenthomes.com/apartments/newbury-park/hillcrest-park/floor-plans-and-pricing,2026-04-04,2026-09-09,,,,,The Miramar,,
2026-09-09,ESS,Hillcrest Park,,Newbury Park,ESS-hillcrest-park-1br-656sqft-the-carmel,1,1.0,656,1999.0,2026-09-12,,False,,,,,,,,https://www.essexapartmenthomes.com/apartments/newbury-park/hillcrest-park/floor-plans-and-pricing,2026-04-04,2026-09-09,,,,,The Carmel,,
2026-09-09,ESS,Hillcrest Park,,Newbury Park,ESS-hillcrest-park-1br-834sqft-the-miramar-den,1,1.0,834,2169.0,2026-09-09,,False,,,,,,,,https://www.essexapartmenthomes.com/apartments/newbury-park/hillcrest-park/floor-plans-and-pricing,2026-04-19,2026-09-09,,,,,The Miramar + Den,,
2026-09-09,ESS,Hillcrest Park,,Newbury Park,ESS-hillcrest-park-2br-992sqft-the-monterey,2,1.0,992,2309.0,2026-09-09,,False,,,,,,,,https://www.essexapartmenthomes.com/apartments/newbury-park/hillcrest-park/floor-plans-and-pricing,2026-04-04,2026-09-09,,,,,The Monterey,,
2026-09-09,ESS,Hillcrest Park,,Newbury Park,ESS-hillcrest-park-2br-912sqft-the-pacifica,2,1.0,912,2429.0,2026-09-11,,False,,,,,,,,https://www.essexapartmenthomes.com/apartments/newbury-park/hillcrest-park/floor-plans-and-pricing,2026-08-02,2026-09-09,,,,,The Pacifica,,
2026-09-09,ESS,Hillcrest Park,,Newbury Park,ESS-hillcrest-park-2br-1099sqft-the-monterey-den,2,1.0,1099,2669.0,2026-09-09,,False,,,,,,,,https://www.essexapartmenthomes.com/apartments/newbury-park/hillcrest-park/floor-plans-and-pricing,2026-04-13,2026-09-09,,,,,The Monterey + Den,,
2026-09-09,ESS,Castle Creek,,Seattle,ESS-castle-creek-1br-710sqft-plan-1a,1,1.0,710,1977.0,2026-09-09,,True,hard,"Save Up to $3,300 Off Rent!*",dollar_off,3300.0,13.91,,1702.0,https://www.essexapartmenthomes.com/apartments/newcastle/castle-creek/floor-plans-and-pricing,2026-04-26,2026-09-09,,,,,Plan 1A,,
2026-09-09,ESS,Castle Creek,,Seattle,ESS-castle-creek-1br-722sqft-plan-1b,1,1.0,722,2009.0,2026-09-10,,True,hard,"Save Up to $3,300 Off Rent!*",dollar_off,3300.0,13.69,,1734.0,https://www.essexapartmenthomes.com/apartments/newcastle/castle-creek/floor-plans-and-pricing,2026-04-13,2026-09-09,,,,,Plan 1B,,
2026-09-09,ESS,Castle Creek,,Seattle,ESS-castle-creek-1br-759sqft-plan-1c,1,1.0,759,2189.0,2026-09-09,,True,hard,"Save Up to $3,300 Off Rent!*",dollar_off,3300.0,12.56,,1914.0,https://www.essexapartmenthomes.com/apartments/newcastle/castle-creek/floor-plans-and-pricing,2026-04-13,2026-09-09,,,,,Plan 1C,,
2026-09-09,ESS,Castle Creek,,Seattle,ESS-castle-creek-2br-977sqft-plan-2d,2,2.0,977,2427.0,2026-09-09,,True,hard,"Save Up to $3,300 Off Rent!*",dollar_off,3300.0,11.33,,2152.0,https://www.essexapartmenthomes.com/apartments/newcastle/castle-creek/floor-plans-and-pricing,2026-04-04,2026-09-09,,,,,Plan 2D,,
2026-09-09,ESS,Castle Creek,,Seattle,ESS-castle-creek-2br-949sqft-plan-2b,2,1.0,949,2429.0,2026-09-09,,True,hard,"Save Up to $3,300 Off Rent!*",dollar_off,3300.0,11.32,,2154.0,https://www.essexapartmenthomes.com/apartments/newcastle/castle-creek/floor-plans-and-pricing,2026-06-22,2026-09-09,,,,,Plan 2B,,
2026-09-09,ESS,Castle Creek,,Seattle,ESS-castle-creek-3br-1273sqft-plan-3c,3,2.0,1273,2607.0,2026-10-13,,True,hard,"Save Up to $3,300 Off Rent!*",dollar_off,3300.0,10.55,,2332.0,https://www.essexapartmenthomes.com/apartments/newcastle/castle-creek/floor-plans-and-pricing,2026-04-04,2026-09-09,,,,,Plan 3C,,
2026-09-09,ESS,Castle Creek,,Seattle,ESS-castle-creek-3br-1172sqft-plan-3a,3,2.0,1172,2677.0,2026-09-09,,True,hard,"Save Up to $3,300 Off Rent!*",dollar_off,3300.0,10.27,,2402.0,https://www.essexapartmenthomes.com/apartments/newcastle/castle-creek/floor-plans-and-pricing,2026-04-04,2026-09-09,,,,,Plan 3A,,
2026-09-09,ESS,Fairway at Big Canyon,,Newport Beach,ESS-fairway-at-big-canyon-1br-1080sqft-plan-1a,1,1.0,1080,3979.0,2026-10-22,,True,hard,"Save Up to $2,100 Off Rent!*",dollar_off,2100.0,4.4,,3804.0,https://www.essexapartmenthomes.com/apartments/newport-beach/fairway-at-big-canyon/floor-plans-and-pricing,2026-04-04,2026-09-09,,,,,Plan 1A,,
2026-09-09,ESS,Fairway at Big Canyon,,Newport Beach,ESS-fairway-at-big-canyon-2br-1460sqft-plan-2a-townhome,2,2.0,1460,4599.0,2026-09-15,,True,hard,"Save Up to $2,100 Off Rent!*",dollar_off,2100.0,3.81,,4424.0,https://www.essexapartmenthomes.com/apartments/newport-beach/fairway-at-big-canyon/floor-plans-and-pricing,2026-07-19,2026-09-09,,,,,Plan 2A Townhome,,
2026-09-09,ESS,Fairway at Big Canyon,,Newport Beach,ESS-fairway-at-big-canyon-2br-1470sqft-plan-2b,2,2.0,1470,4899.0,2026-09-09,,True,hard,"Save Up to $2,100 Off Rent!*",dollar_off,2100.0,3.57,,4724.0,https://www.essexapartmenthomes.com/apartments/newport-beach/fairway-at-big-canyon/floor-plans-and-pricing,2026-08-02,2026-09-09,,,,,Plan 2B,,
2026-09-09,ESS,Muse,,Los Angeles,ESS-muse-0br-582sqft-canvas,0,1.0,582,2129.0,2026-09-09,,True,hard,"Save Up to $1,600 Off Rent!*",dollar_off,1600.0,6.26,,1995.67,https://www.essexapartmenthomes.com/apartments/north-hollywood/muse/floor-plans-and-pricing,2026-04-04,2026-09-09,,,,,Canvas,,
2026-09-09,ESS,Muse,,Los Angeles,ESS-muse-2br-1017sqft-orchestrate,2,2.0,1017,2677.0,2026-10-14,,True,hard,"Save Up to $1,600 Off Rent!*",dollar_off,1600.0,4.98,,2543.67,https://www.essexapartmenthomes.com/apartments/north-hollywood/muse/floor-plans-and-pricing,2026-09-03,2026-09-09,,,,,Orchestrate,,
2026-09-09,ESS,Muse,,Los Angeles,ESS-muse-2br-1009sqft-soul,2,2.0,1009,2869.0,2026-09-09,,True,hard,"Save Up to $1,600 Off Rent!*",dollar_off,1600.0,4.65,,2735.67,https://www.essexapartmenthomes.com/apartments/north-hollywood/muse/floor-plans-and-pricing,2026-04-04,2026-09-09,,,,,Soul,,
2026-09-09,ESS,Muse,,Los Angeles,ESS-muse-3br-1201sqft-expression,3,2.0,1201,3419.0,2026-09-09,,True,hard,"Save Up to $1,600 Off Rent!*",dollar_off,1600.0,3.9,,3285.67,https://www.essexapartmenthomes.com/apartments/north-hollywood/muse/floor-plans-and-pricing,2026-04-04,2026-09-09,,,,,Expression,,
2026-09-09,ESS,Artizan,,Oakland,ESS-artizan-1br-705sqft-plan-1d,1,1.0,705,2757.0,2026-09-09,,False,,,,,,,,https://www.essexapartmenthomes.com/apartments/oakland/artizan/floor-plans-and-pricing,2026-06-22,2026-09-09,,,,,Plan 1D,,
2026-09-09,ESS,Artizan,,Oakland,ESS-artizan-1br-827sqft-plan-1m,1,1.0,827,2907.0,2026-09-17,,False,,,,,,,,https://www.essexapartmenthomes.com/apartments/oakland/artizan/floor-plans-and-pricing,2026-04-04,2026-09-09,,,,,Plan 1M,,
2026-09-09,ESS,Artizan,,Oakland,ESS-artizan-1br-784sqft-plan-1h,1,1.0,784,2909.0,2026-09-20,,False,,,,,,,,https://www.essexapartmenthomes.com/apartments/oakland/artizan/floor-plans-and-pricing,2026-04-13,2026-09-09,,,,,Plan 1H,,
2026-09-09,ESS,Artizan,,Oakland,ESS-artizan-1br-861sqft-plan-1k,1,1.0,861,2909.0,2026-10-07,,False,,,,,,,,https://www.essexapartmenthomes.com/apartments/oakland/artizan/floor-plans-and-pricing,2026-09-06,2026-09-09,,,,,Plan 1K,,
2026-09-09,ESS,Artizan,,Oakland,ESS-artizan-2br-1140sqft-plan-2m,2,2.0,1140,3937.0,2026-10-28,,False,,,,,,,,https://www.essexapartmenthomes.com/apartments/oakland/artizan/floor-plans-and-pricing,2026-09-09,2026-09-09,,,,,Plan 2M,,
2026-09-09,ESS,The Landing at Jack London Square,,Oakland,ESS-the-landing-at-jack-london-square-1br-771sqft-coastal,1,1.0,771,2877.0,2026-09-28,,False,,,,,,,,https://www.essexapartmenthomes.com/apartments/oakland/the-landing-at-jack-london-square/floor-plans-and-pricing,2026-04-04,2026-09-09,,,,,Coastal,,
2026-09-09,ESS,The Landing at Jack London Square,,Oakland,ESS-the-landing-at-jack-london-square-2br-1075sqft-waterside,2,2.0,1075,3447.0,2026-09-09,,False,,,,,,,,https://www.essexapartmenthomes.com/apartments/oakland/the-landing-at-jack-london-square/floor-plans-and-pricing,2026-04-26,2026-09-09,,,,,Waterside,,
2026-09-09,ESS,The Landing at Jack London Square,,Oakland,ESS-the-landing-at-jack-london-square-2br-1052sqft-sunrise,2,2.0,1052,3599.0,2026-09-09,,False,,,,,,,,https://www.essexapartmenthomes.com/apartments/oakland/the-landing-at-jack-london-square/floor-plans-and-pricing,2026-04-04,2026-09-09,,,,,Sunrise,,
2026-09-09,ESS,Country Villas,,San Diego,ESS-country-villas-2br-978sqft-plan-2a,2,2.0,978,2257.0,2026-09-25,,False,,,,,,,,https://www.essexapartmenthomes.com/apartments/oceanside/country-villas/floor-plans-and-pricing,2026-04-04,2026-09-09,,,,,Plan 2A,,
2026-09-09,ESS,Country Villas,,San Diego,ESS-country-villas-2br-998sqft-plan-2b,2,2.0,998,2649.0,2026-09-18,,False,,,,,,,,https://www.essexapartmenthomes.com/apartments/oceanside/country-villas/floor-plans-and-pricing,2026-04-04,2026-09-09,,,,,Plan 2B,,
2026-09-09,ESS,Mission Hills,,San Diego,ESS-mission-hills-2br-984sqft-plan-2b,2,1.0,984,2609.0,2026-09-09,,False,,,,,,,,https://www.essexapartmenthomes.com/apartments/oceanside/mission-hills/floor-plans-and-pricing,2026-04-04,2026-09-09,,,,,Plan 2B,,
2026-09-09,ESS,Mission Hills,,San Diego,ESS-mission-hills-2br-978sqft-plan-2d,2,2.0,978,2679.0,2026-09-09,,False,,,,,,,,https://www.essexapartmenthomes.com/apartments/oceanside/mission-hills/floor-plans-and-pricing,2026-04-04,2026-09-09,,,,,Plan 2D,,
2026-09-09,ESS,Mission Hills,,San Diego,ESS-mission-hills-2br-984sqft-plan-2c,2,2.0,984,2727.0,2026-09-12,,False,,,,,,,,https://www.essexapartmenthomes.com/apartments/oceanside/mission-hills/floor-plans-and-pricing,2026-04-04,2026-09-09,,,,,Plan 2C,,
2026-09-09,ESS,Mission Hills,,San Diego,ESS-mission-hills-2br-1012sqft-plan-2e,2,2.0,1012,2737.0,2026-09-25,,False,,,,,,,,https://www.essexapartmenthomes.com/apartments/oceanside/mission-hills/floor-plans-and-pricing,2026-04-04,2026-09-09,,,,,Plan 2E,,
2026-09-09,ESS,Renaissance at Uptown Orange,,Orange County,ESS-renaissance-at-uptown-orange-1br-750sqft-plan-1f,1,1.0,750,2617.0,2026-09-09,,True,hard,"Save Up to $1,600 Off Rent!*",dollar_off,1600.0,5.09,,2483.67,https://www.essexapartmenthomes.com/apartments/orange/renaissance-at-uptown-orange/floor-plans-and-pricing,2026-04-04,2026-09-09,,,,,Plan 1F,,
2026-09-09,ESS,Renaissance at Uptown Orange,,Orange County,ESS-renaissance-at-uptown-orange-1br-751sqft-plan-1g,1,1.0,751,2629.0,2026-09-09,,True,hard,"Save Up to $1,600 Off Rent!*",dollar_off,1600.0,5.07,,2495.67,https://www.essexapartmenthomes.com/apartments/orange/renaissance-at-uptown-orange/floor-plans-and-pricing,2026-04-04,2026-09-09,,,,,Plan 1G,,
2026-09-09,ESS,Renaissance at Uptown Orange,,Orange County,ESS-renaissance-at-uptown-orange-1br-788sqft-plan-1h,1,1.0,788,2649.0,2026-09-13,,True,hard,"Save Up to $1,600 Off Rent!*",dollar_off,1600.0,5.03,,2515.67,https://www.essexapartmenthomes.com/apartments/orange/renaissance-at-uptown-orange/floor-plans-and-pricing,2026-04-05,2026-09-09,,,,,Plan 1H,,
2026-09-09,ESS,Renaissance at Uptown Orange,,Orange County,ESS-renaissance-at-uptown-orange-1br-746sqft-plan-1e,1,1.0,746,2689.0,2026-10-27,,True,hard,"Save Up to $1,600 Off Rent!*",dollar_off,1600.0,4.96,,2555.67,https://www.essexapartmenthomes.com/apartments/orange/renaissance-at-uptown-orange/floor-plans-and-pricing,2026-08-02,2026-09-09,,,,,Plan 1E,,
2026-09-09,ESS,Renaissance at Uptown Orange,,Orange County,ESS-renaissance-at-uptown-orange-1br-910sqft-plan-1j-den,1,1.0,910,2799.0,2026-09-09,,True,hard,"Save Up to $1,600 Off Rent!*",dollar_off,1600.0,4.76,,2665.67,https://www.essexapartmenthomes.com/apartments/orange/renaissance-at-uptown-orange/floor-plans-and-pricing,2026-04-19,2026-09-09,,,,,Plan 1J + Den,,
2026-09-09,ESS,Renaissance at Uptown Orange,,Orange County,ESS-renaissance-at-uptown-orange-1br-976sqft-plan-1l,1,1.0,976,2887.0,2026-09-29,,True,hard,"Save Up to $1,600 Off Rent!*",dollar_off,1600.0,4.62,,2753.67,https://www.essexapartmenthomes.com/apartments/orange/renaissance-at-uptown-orange/floor-plans-and-pricing,2026-04-04,2026-09-09,,,,,Plan 1L,,
2026-09-09,ESS,Renaissance at Uptown Orange,,Orange County,ESS-renaissance-at-uptown-orange-2br-1111sqft-plan-2a,2,2.0,1111,3207.0,2026-09-15,,True,hard,"Save Up to $1,600 Off Rent!*",dollar_off,1600.0,4.16,,3073.67,https://www.essexapartmenthomes.com/apartments/orange/renaissance-at-uptown-orange/floor-plans-and-pricing,2026-04-04,2026-09-09,,,,,Plan 2A,,
2026-09-09,ESS,Renaissance at Uptown Orange,,Orange County,ESS-renaissance-at-uptown-orange-2br-1126sqft-plan-2c,2,2.0,1126,3237.0,2026-09-09,,True,hard,"Save Up to $1,600 Off Rent!*",dollar_off,1600.0,4.12,,3103.67,https://www.essexapartmenthomes.com/apartments/orange/renaissance-at-uptown-orange/floor-plans-and-pricing,2026-04-04,2026-09-09,,,,,Plan 2C,,
2026-09-09,ESS,Renaissance at Uptown Orange,,Orange County,ESS-renaissance-at-uptown-orange-2br-1138sqft-plan-2d,2,2.0,1138,3257.0,2026-09-12,,True,hard,"Save Up to $1,600 Off Rent!*",dollar_off,1600.0,4.09,,3123.67,https://www.essexapartmenthomes.com/apartments/orange/renaissance-at-uptown-orange/floor-plans-and-pricing,2026-05-24,2026-09-09,,,,,Plan 2D,,
2026-09-09,ESS,Arbors at Parc Rose,,Los Angeles,ESS-arbors-at-parc-rose-2br-1252sqft-jasmine-townhome,2,2.0,1252,2847.0,2026-10-30,,True,hard,"Save Up to $1,600 Off Rent!*",dollar_off,1600.0,4.68,,2713.67,https://www.essexapartmenthomes.com/apartments/oxnard/arbors-at-parc-rose/floor-plans-and-pricing,2026-04-04,2026-09-09,,,,,Jasmine Townhome,,
2026-09-09,ESS,Arbors at Parc Rose,,Los Angeles,ESS-arbors-at-parc-rose-2br-1412sqft-begonia-den-townhome,2,2.0,1412,2959.0,2026-09-09,,True,hard,"Save Up to $1,600 Off Rent!*",dollar_off,1600.0,4.51,,2825.67,https://www.essexapartmenthomes.com/apartments/oxnard/arbors-at-parc-rose/floor-plans-and-pricing,2026-05-31,2026-09-09,,,,,Begonia + Den Townhome,,
2026-09-09,ESS,Arbors at Parc Rose,,Los Angeles,ESS-arbors-at-parc-rose-2br-1404sqft-gardenia-den-townhome,2,2.0,1404,3027.0,2026-09-09,,True,hard,"Save Up to $1,600 Off Rent!*",dollar_off,1600.0,4.4,,2893.67,https://www.essexapartmenthomes.com/apartments/oxnard/arbors-at-parc-rose/floor-plans-and-pricing,2026-05-31,2026-09-09,,,,,Gardenia + Den Townhome,,
2026-09-09,ESS,Arbors at Parc Rose,,Los Angeles,ESS-arbors-at-parc-rose-3br-1517sqft-orchid-townhome,3,2.0,1517,3587.0,2026-09-20,,True,hard,"Save Up to $1,600 Off Rent!*",dollar_off,1600.0,3.72,,3453.67,https://www.essexapartmenthomes.com/apartments/oxnard/arbors-at-parc-rose/floor-plans-and-pricing,2026-07-19,2026-09-09,,,,,Orchid Townhome,,
2026-09-09,ESS,Arbors at Parc Rose,,Los Angeles,ESS-arbors-at-parc-rose-3br-1534sqft-marigold-townhome,3,3.0,1534,3737.0,2026-09-30,,True,hard,"Save Up to $1,600 Off Rent!*",dollar_off,1600.0,3.57,,3603.67,https://www.essexapartmenthomes.com/apartments/oxnard/arbors-at-parc-rose/floor-plans-and-pricing,2026-04-04,2026-09-09,,,,,Marigold Townhome,,
2026-09-09,ESS,Arbors at Parc Rose,,Los Angeles,ESS-arbors-at-parc-rose-3br-1530sqft-violet-townhome,3,3.0,1530,3807.0,2026-09-14,,True,hard,"Save Up to $1,600 Off Rent!*",dollar_off,1600.0,3.5,,3673.67,https://www.essexapartmenthomes.com/apartments/oxnard/arbors-at-parc-rose/floor-plans-and-pricing,2026-04-26,2026-09-09,,,,,Violet Townhome,,
2026-09-09,ESS,Mariners Place,,Los Angeles,ESS-mariners-place-1br-616sqft-plan-1c,1,1.0,616,2029.0,2026-09-09,,True,hard,"Save Up to $2,400 Off Rent!*",dollar_off,2400.0,9.86,,1829.0,https://www.essexapartmenthomes.com/apartments/oxnard/mariners-place/floor-plans-and-pricing,2026-04-04,2026-09-09,,,,,Plan 1C,,
2026-09-09,ESS,Mariners Place,,Los Angeles,ESS-mariners-place-2br-888sqft-plan-2b,2,2.0,888,2317.0,2026-09-19,,True,hard,"Save Up to $2,400 Off Rent!*",dollar_off,2400.0,8.63,,2117.0,https://www.essexapartmenthomes.com/apartments/oxnard/mariners-place/floor-plans-and-pricing,2026-05-17,2026-09-09,,,,,Plan 2B,,
2026-09-09,ESS,Mariners Place,,Los Angeles,ESS-mariners-place-2br-882sqft-plan-2a,2,2.0,882,2507.0,2026-09-22,,True,hard,"Save Up to $2,400 Off Rent!*",dollar_off,2400.0,7.98,,2307.0,https://www.essexapartmenthomes.com/apartments/oxnard/mariners-place/floor-plans-and-pricing,2026-05-24,2026-09-09,,,,,Plan 2A,,
2026-09-09,ESS,Monterey Villas,,Los Angeles,ESS-monterey-villas-2br-790sqft-plan-2a,2,1.0,790,2499.0,2026-09-19,,False,,,,,,,,https://www.essexapartmenthomes.com/apartments/oxnard/monterey-villas/floor-plans-and-pricing,2026-04-04,2026-09-09,,,,,Plan 2A,,
2026-09-09,ESS,Tierra Vista,,Los Angeles,ESS-tierra-vista-1br-755sqft-the-malibu,1,1.0,755,2197.0,2026-09-09,,True,hard,"Save Up to $2,700 Off Rent!*",dollar_off,2700.0,10.24,,1972.0,https://www.essexapartmenthomes.com/apartments/oxnard/tierra-vista/floor-plans-and-pricing,2026-04-04,2026-09-09,,,,,The Malibu,,
2026-09-09,ESS,Tierra Vista,,Los Angeles,ESS-tierra-vista-1br-771sqft-the-ventura,1,1.0,771,2307.0,2026-09-09,,True,hard,"Save Up to $2,700 Off Rent!*",dollar_off,2700.0,9.75,,2082.0,https://www.essexapartmenthomes.com/apartments/oxnard/tierra-vista/floor-plans-and-pricing,2026-04-04,2026-09-09,,,,,The Ventura,,
2026-09-09,ESS,Tierra Vista,,Los Angeles,ESS-tierra-vista-2br-1046sqft-the-mandalay,2,2.0,1046,2667.0,2026-09-09,,True,hard,"Save Up to $2,700 Off Rent!*",dollar_off,2700.0,8.44,,2442.0,https://www.essexapartmenthomes.com/apartments/oxnard/tierra-vista/floor-plans-and-pricing,2026-04-04,2026-09-09,,,,,The Mandalay,,
2026-09-09,ESS,Tierra Vista,,Los Angeles,ESS-tierra-vista-2br-1036sqft-the-huntington,2,2.0,1036,2829.0,2026-09-28,,True,hard,"Save Up to $2,700 Off Rent!*",dollar_off,2700.0,7.95,,2604.0,https://www.essexapartmenthomes.com/apartments/oxnard/tierra-vista/floor-plans-and-pricing,2026-04-04,2026-09-09,,,,,The Huntington,,
2026-09-09,ESS,Tierra Vista,,Los Angeles,ESS-tierra-vista-2br-1096sqft-the-manhattan,2,2.0,1096,2869.0,2026-09-12,,True,hard,"Save Up to $2,700 Off Rent!*",dollar_off,2700.0,7.84,,2644.0,https://www.essexapartmenthomes.com/apartments/oxnard/tierra-vista/floor-plans-and-pricing,2026-04-04,2026-09-09,,,,,The Manhattan,,
2026-09-09,ESS,The Hallie,,Pasadena,ESS-the-hallie-0br-490sqft-plan-sa,0,1.0,490,2239.0,2026-10-04,,False,,,,,,,,https://www.essexapartmenthomes.com/apartments/pasadena/the-hallie/floor-plans-and-pricing,2026-08-08,2026-09-09,,,,,Plan SA,,
2026-09-09,ESS,The Hallie,,Pasadena,ESS-the-hallie-0br-580sqft-plan-sc,0,1.0,580,2467.0,2026-10-18,,False,,,,,,,,https://www.essexapartmenthomes.com/apartments/pasadena/the-hallie/floor-plans-and-pricing,2026-05-31,2026-09-09,,,,,Plan SC,,
2026-09-09,ESS,The Hallie,,Pasadena,ESS-the-hallie-1br-700sqft-plan-1d,1,1.0,700,2679.0,2026-09-09,,False,,,,,,,,https://www.essexapartmenthomes.com/apartments/pasadena/the-hallie/floor-plans-and-pricing,2026-05-31,2026-09-09,,,,,Plan 1D,,
2026-09-09,ESS,The Hallie,,Pasadena,ESS-the-hallie-1br-660sqft-plan-1c,1,1.0,660,2699.0,2026-09-09,,False,,,,,,,,https://www.essexapartmenthomes.com/apartments/pasadena/the-hallie/floor-plans-and-pricing,2026-06-09,2026-09-09,,,,,Plan 1C,,
2026-09-09,ESS,The Hallie,,Pasadena,ESS-the-hallie-1br-790sqft-plan-1e,1,1.0,790,2779.0,2026-09-13,,False,,,,,,,,https://www.essexapartmenthomes.com/apartments/pasadena/the-hallie/floor-plans-and-pricing,2026-05-31,2026-09-09,,,,,Plan 1E,,
2026-09-09,ESS,The Hallie,,Pasadena,ESS-the-hallie-2br-1050sqft-plan-2d,2,2.0,1050,3509.0,2026-09-09,,False,,,,,,,,https://www.essexapartmenthomes.com/apartments/pasadena/the-hallie/floor-plans-and-pricing,2026-05-09,2026-09-09,,,,,Plan 2D,,
2026-09-09,ESS,The Stuart at Sierra Madre Villa,,Pasadena,ESS-the-stuart-at-sierra-madre-villa-1br-792sqft-the-anita,1,1.0,792,2699.0,2026-10-07,,False,,,,,,,,https://www.essexapartmenthomes.com/apartments/pasadena/the-stuart-at-sierra-madre-villa/floor-plans-and-pricing,2026-04-04,2026-09-09,,,,,The Anita,,
2026-09-09,ESS,Villa Angelina,,Placentia,ESS-villa-angelina-1br-756sqft-plan-1a,1,1.0,756,2149.0,2026-09-09,,False,,,,,,,,https://www.essexapartmenthomes.com/apartments/placentia/villa-angelina/floor-plans-and-pricing,2026-04-04,2026-09-09,,,,,Plan 1A,,
2026-09-09,ESS,Villa Angelina,,Placentia,ESS-villa-angelina-1br-760sqft-plan-1b,1,1.0,760,2149.0,2026-09-09,,False,,,,,,,,https://www.essexapartmenthomes.com/apartments/placentia/villa-angelina/floor-plans-and-pricing,2026-04-04,2026-09-09,,,,,Plan 1B,,
2026-09-09,ESS,Villa Angelina,,Placentia,ESS-villa-angelina-2br-1120sqft-plan-2a,2,2.0,1120,3019.0,2026-09-09,,False,,,,,,,,https://www.essexapartmenthomes.com/apartments/placentia/villa-angelina/floor-plans-and-pricing,2026-04-04,2026-09-09,,,,,Plan 2A,,
2026-09-09,ESS,Fountain Park at Playa Vista,,Playa Vista,ESS-fountain-park-at-playa-vista-1br-684sqft-trevi,1,1.0,684,3029.0,2026-09-27,,False,,,,,,,,https://www.essexapartmenthomes.com/apartments/playa-vista/fountain-park-at-playa-vista/floor-plans-and-pricing,2026-05-09,2026-09-09,,,,,Trevi,,
2026-09-09,ESS,Fountain Park at Playa Vista,,Playa Vista,ESS-fountain-park-at-playa-vista-2br-1012sqft-medici,2,2.0,1012,3757.0,2026-09-25,,False,,,,,,,,https://www.essexapartmenthomes.com/apartments/playa-vista/fountain-park-at-playa-vista/floor-plans-and-pricing,2026-04-04,2026-09-09,,,,,Medici,,
2026-09-09,ESS,The Galloway,,Bay Area,ESS-the-galloway-0br-591sqft-plan-sb,0,1.0,591,2427.0,2026-09-15,,False,,,,,,,,https://www.essexapartmenthomes.com/apartments/pleasanton/the-galloway/floor-plans-and-pricing,2026-04-04,2026-09-09,,,,,Plan SB,,
2026-09-09,ESS,The Galloway,,Bay Area,ESS-the-galloway-1br-724sqft-plan-1b,1,1.0,724,2539.0,2026-09-09,,False,,,,,,,,https://www.essexapartmenthomes.com/apartments/pleasanton/the-galloway/floor-plans-and-pricing,2026-04-04,2026-09-09,,,,,Plan 1B,,
2026-09-09,ESS,The Galloway,,Bay Area,ESS-the-galloway-1br-819sqft-plan-1a,1,1.0,819,2747.0,2026-09-17,,False,,,,,,,,https://www.essexapartmenthomes.com/apartments/pleasanton/the-galloway/floor-plans-and-pricing,2026-08-23,2026-09-09,,,,,Plan 1A,,
2026-09-09,ESS,The Galloway,,Bay Area,ESS-the-galloway-1br-794sqft-plan-1d,1,1.0,794,2837.0,2026-09-27,,False,,,,,,,,https://www.essexapartmenthomes.com/apartments/pleasanton/the-galloway/floor-plans-and-pricing,2026-04-04,2026-09-09,,,,,Plan 1D,,
2026-09-09,ESS,The Galloway,,Bay Area,ESS-the-galloway-1br-907sqft-plan-1e,1,1.0,907,2997.0,2026-09-09,,False,,,,,,,,https://www.essexapartmenthomes.com/apartments/pleasanton/the-galloway/floor-plans-and-pricing,2026-04-04,2026-09-09,,,,,Plan 1E,,
2026-09-09,ESS,The Galloway,,Bay Area,ESS-the-galloway-2br-1092sqft-plan-2d,2,2.0,1092,3209.0,2026-09-09,,False,,,,,,,,https://www.essexapartmenthomes.com/apartments/pleasanton/the-galloway/floor-plans-and-pricing,2026-05-09,2026-09-09,,,,,Plan 2D,,
2026-09-09,ESS,The Galloway,,Bay Area,ESS-the-galloway-2br-1175sqft-plan-2e,2,2.0,1175,3267.0,2026-09-09,,False,,,,,,,,https://www.essexapartmenthomes.com/apartments/pleasanton/the-galloway/floor-plans-and-pricing,2026-07-19,2026-09-09,,,,,Plan 2E,,
2026-09-09,ESS,The Galloway,,Bay Area,ESS-the-galloway-2br-1091sqft-plan-2c,2,2.0,1091,3277.0,2026-10-03,,False,,,,,,,,https://www.essexapartmenthomes.com/apartments/pleasanton/the-galloway/floor-plans-and-pricing,2026-09-03,2026-09-09,,,,,Plan 2C,,
2026-09-09,ESS,The Galloway,,Bay Area,ESS-the-galloway-2br-1089sqft-plan-2b,2,2.0,1089,3279.0,2026-09-17,,False,,,,,,,,https://www.essexapartmenthomes.com/apartments/pleasanton/the-galloway/floor-plans-and-pricing,2026-05-17,2026-09-09,,,,,Plan 2B,,
2026-09-09,ESS,The Galloway,,Bay Area,ESS-the-galloway-2br-1035sqft-plan-2a,2,2.0,1035,3419.0,2026-09-14,,False,,,,,,,,https://www.essexapartmenthomes.com/apartments/pleasanton/the-galloway/floor-plans-and-pricing,2026-05-17,2026-09-09,,,,,Plan 2A,,
2026-09-09,ESS,The Galloway,,Bay Area,ESS-the-galloway-3br-1352sqft-plan-3a,3,2.0,1352,4069.0,2026-10-08,,False,,,,,,,,https://www.essexapartmenthomes.com/apartments/pleasanton/the-galloway/floor-plans-and-pricing,2026-09-03,2026-09-09,,,,,Plan 3A,,
2026-09-09,ESS,The Galloway,,Bay Area,ESS-the-galloway-3br-1376sqft-plan-3b,3,2.0,1376,4257.0,2026-09-22,,False,,,,,,,,https://www.essexapartmenthomes.com/apartments/pleasanton/the-galloway/floor-plans-and-pricing,2026-04-04,2026-09-09,,,,,Plan 3B,,
2026-09-09,ESS,Cortesia at Rancho Santa Margarita,,Rancho Santa Margarita,ESS-cortesia-at-rancho-santa-margarita-1br-615sqft-siena,1,1.0,615,2319.0,2026-09-09,,True,hard,"Save Up to $1,600 Off Rent!*",dollar_off,1600.0,5.75,,2185.67,https://www.essexapartmenthomes.com/apartments/rancho-santa-margarita/cortesia-at-rancho-santa-margarita/floor-plans-and-pricing,2026-04-04,2026-09-09,,,,,Siena,,
2026-09-09,ESS,Cortesia at Rancho Santa Margarita,,Rancho Santa Margarita,ESS-cortesia-at-rancho-santa-margarita-1br-835sqft-venice,1,1.0,835,2529.0,2026-09-11,,True,hard,"Save Up to $1,600 Off Rent!*",dollar_off,1600.0,5.27,,2395.67,https://www.essexapartmenthomes.com/apartments/rancho-santa-margarita/cortesia-at-rancho-santa-margarita/floor-plans-and-pricing,2026-04-04,2026-09-09,,,,,Venice,,
2026-09-09,ESS,Cortesia at Rancho Santa Margarita,,Rancho Santa Margarita,ESS-cortesia-at-rancho-santa-margarita-2br-1135sqft-tuscany,2,2.0,1135,2997.0,2026-09-09,,True,hard,"Save Up to $1,600 Off Rent!*",dollar_off,1600.0,4.45,,2863.67,https://www.essexapartmenthomes.com/apartments/rancho-santa-margarita/cortesia-at-rancho-santa-margarita/floor-plans-and-pricing,2026-04-04,2026-09-09,,,,,Tuscany,,
2026-09-09,ESS,Cortesia at Rancho Santa Margarita,,Rancho Santa Margarita,ESS-cortesia-at-rancho-santa-margarita-3br-1390sqft-milan,3,2.0,1390,3709.0,2026-09-09,,True,hard,"Save Up to $1,600 Off Rent!*",dollar_off,1600.0,3.59,,3575.67,https://www.essexapartmenthomes.com/apartments/rancho-santa-margarita/cortesia-at-rancho-santa-margarita/floor-plans-and-pricing,2026-05-17,2026-09-09,,,,,Milan,,
2026-09-09,ESS,Elevation,,Seattle,ESS-elevation-2br-887sqft-plan-2b,2,1.0,887,2007.0,2026-09-09,,True,hard,"Save Up to $2,100 Off Rent!*",dollar_off,2100.0,8.72,,1832.0,https://www.essexapartmenthomes.com/apartments/redmond/elevation/floor-plans-and-pricing,2026-04-26,2026-09-09,,,,,Plan 2B,,
2026-09-09,ESS,Elevation,,Seattle,ESS-elevation-2br-932sqft-plan-2d,2,2.0,932,2099.0,2026-09-09,,True,hard,"Save Up to $2,100 Off Rent!*",dollar_off,2100.0,8.34,,1924.0,https://www.essexapartmenthomes.com/apartments/redmond/elevation/floor-plans-and-pricing,2026-04-04,2026-09-09,,,,,Plan 2D,,
2026-09-09,ESS,Elevation,,Seattle,ESS-elevation-2br-897sqft-plan-2c,2,2.0,897,2149.0,2026-09-10,,True,hard,"Save Up to $2,100 Off Rent!*",dollar_off,2100.0,8.14,,1974.0,https://www.essexapartmenthomes.com/apartments/redmond/elevation/floor-plans-and-pricing,2026-04-13,2026-09-09,,,,,Plan 2C,,
2026-09-09,ESS,Elevation,,Seattle,ESS-elevation-2br-850sqft-plan-2a,2,1.0,850,2159.0,2026-09-27,,True,hard,"Save Up to $2,100 Off Rent!*",dollar_off,2100.0,8.11,,1984.0,https://www.essexapartmenthomes.com/apartments/redmond/elevation/floor-plans-and-pricing,2026-04-04,2026-09-09,,,,,Plan 2A,,
2026-09-09,ESS,Pure Redmond,,Seattle,ESS-pure-redmond-1br-529sqft-ruby,1,1.0,529,1717.0,2026-09-09,,True,hard,Save Up to $400 Off Rent!*,dollar_off,400.0,1.94,,1683.67,https://www.essexapartmenthomes.com/apartments/redmond/pure-redmond/floor-plans-and-pricing,2026-06-09,2026-09-09,,,,,Ruby,,
2026-09-09,ESS,Pure Redmond,,Seattle,ESS-pure-redmond-1br-611sqft-sapphire,1,1.0,611,1837.0,2026-09-09,,True,hard,Save Up to $400 Off Rent!*,dollar_off,400.0,1.81,,1803.67,https://www.essexapartmenthomes.com/apartments/redmond/pure-redmond/floor-plans-and-pricing,2026-04-19,2026-09-09,,,,,Sapphire,,
2026-09-09,ESS,Pure Redmond,,Seattle,ESS-pure-redmond-1br-606sqft-jasper,1,1.0,606,1849.0,2026-09-25,,True,hard,Save Up to $400 Off Rent!*,dollar_off,400.0,1.8,,1815.67,https://www.essexapartmenthomes.com/apartments/redmond/pure-redmond/floor-plans-and-pricing,2026-09-03,2026-09-09,,,,,Jasper,,
2026-09-09,ESS,Pure Redmond,,Seattle,ESS-pure-redmond-1br-578sqft-jade,1,1.0,578,1889.0,2026-09-09,,True,hard,Save Up to $400 Off Rent!*,dollar_off,400.0,1.76,,1855.67,https://www.essexapartmenthomes.com/apartments/redmond/pure-redmond/floor-plans-and-pricing,2026-04-04,2026-09-09,,,,,Jade,,
2026-09-09,ESS,Pure Redmond,,Seattle,ESS-pure-redmond-1br-550sqft-amber,1,1.0,550,1979.0,2026-09-09,,True,hard,Save Up to $400 Off Rent!*,dollar_off,400.0,1.68,,1945.67,https://www.essexapartmenthomes.com/apartments/redmond/pure-redmond/floor-plans-and-pricing,2026-08-02,2026-09-09,,,,,Amber,,
2026-09-09,ESS,Pure Redmond,,Seattle,ESS-pure-redmond-1br-744sqft-citrine,1,1.0,744,1997.0,2026-09-23,,True,hard,Save Up to $400 Off Rent!*,dollar_off,400.0,1.67,,1963.67,https://www.essexapartmenthomes.com/apartments/redmond/pure-redmond/floor-plans-and-pricing,2026-04-04,2026-09-09,,,,,Citrine,,
2026-09-09,ESS,Pure Redmond,,Seattle,ESS-pure-redmond-2br-1115sqft-topaz,2,2.0,1115,3059.0,2026-09-09,,True,hard,Save Up to $400 Off Rent!*,dollar_off,400.0,1.09,,3025.67,https://www.essexapartmenthomes.com/apartments/redmond/pure-redmond/floor-plans-and-pricing,2026-06-22,2026-09-09,,,,,Topaz,,
2026-09-09,ESS,Redmond Hill,,Seattle,ESS-redmond-hill-1br-542sqft-plan-1b,1,1.0,542,1569.0,2026-09-09,,True,hard,"Save Up to $2,700 Off Rent!*",dollar_off,2700.0,14.34,,1344.0,https://www.essexapartmenthomes.com/apartments/redmond/redmond-hill/floor-plans-and-pricing,2026-04-04,2026-09-09,,,,,Plan 1B,,
2026-09-09,ESS,Redmond Hill,,Seattle,ESS-redmond-hill-1br-700sqft-plan-1d,1,1.0,700,1789.0,2026-09-09,,True,hard,"Save Up to $2,700 Off Rent!*",dollar_off,2700.0,12.58,,1564.0,https://www.essexapartmenthomes.com/apartments/redmond/redmond-hill/floor-plans-and-pricing,2026-04-04,2026-09-09,,,,,Plan 1D,,
2026-09-09,ESS,Redmond Hill,,Seattle,ESS-redmond-hill-1br-735sqft-plan-1e,1,1.0,735,1809.0,2026-09-09,,True,hard,"Save Up to $2,700 Off Rent!*",dollar_off,2700.0,12.44,,1584.0,https://www.essexapartmenthomes.com/apartments/redmond/redmond-hill/floor-plans-and-pricing,2026-04-04,2026-09-09,,,,,Plan 1E,,
2026-09-09,ESS,Redmond Hill,,Seattle,ESS-redmond-hill-1br-625sqft-plan-1c,1,1.0,625,1827.0,2026-09-09,,True,hard,"Save Up to $2,700 Off Rent!*",dollar_off,2700.0,12.32,,1602.0,https://www.essexapartmenthomes.com/apartments/redmond/redmond-hill/floor-plans-and-pricing,2026-06-22,2026-09-09,,,,,Plan 1C,,
2026-09-09,ESS,Redmond Hill,,Seattle,ESS-redmond-hill-2br-947sqft-plan-2d,2,2.0,947,2157.0,2026-09-09,,True,hard,"Save Up to $2,700 Off Rent!*",dollar_off,2700.0,10.43,,1932.0,https://www.essexapartmenthomes.com/apartments/redmond/redmond-hill/floor-plans-and-pricing,2026-04-04,2026-09-09,,,,,Plan 2D,,
2026-09-09,ESS,Redmond Hill,,Seattle,ESS-redmond-hill-2br-887sqft-plan-2b,2,1.0,887,2259.0,2026-09-09,,True,hard,"Save Up to $2,700 Off Rent!*",dollar_off,2700.0,9.96,,2034.0,https://www.essexapartmenthomes.com/apartments/redmond/redmond-hill/floor-plans-and-pricing,2026-04-13,2026-09-09,,,,,Plan 2B,,
2026-09-09,ESS,Redmond Hill,,Seattle,ESS-redmond-hill-2br-1000sqft-plan-2e,2,2.0,1000,2377.0,2026-09-09,,True,hard,"Save Up to $2,700 Off Rent!*",dollar_off,2700.0,9.47,,2152.0,https://www.essexapartmenthomes.com/apartments/redmond/redmond-hill/floor-plans-and-pricing,2026-04-04,2026-09-09,,,,,Plan 2E,,
2026-09-09,ESS,Redmond Hill,,Seattle,ESS-redmond-hill-2br-1077sqft-plan-2g,2,2.0,1077,2477.0,2026-11-06,,True,hard,"Save Up to $2,700 Off Rent!*",dollar_off,2700.0,9.08,,2252.0,https://www.essexapartmenthomes.com/apartments/redmond/redmond-hill/floor-plans-and-pricing,2026-04-04,2026-09-09,,,,,Plan 2G,,
2026-09-09,ESS,Shadowbrook,,Seattle,ESS-shadowbrook-1br-540sqft-juniper,1,1.0,540,1817.0,2026-09-09,,True,hard,"Save Up to $3,300 Off Rent!*",dollar_off,3300.0,15.13,,1542.0,https://www.essexapartmenthomes.com/apartments/redmond/shadowbrook/floor-plans-and-pricing,2026-04-04,2026-09-09,,,,,Juniper,,
2026-09-09,ESS,Shadowbrook,,Seattle,ESS-shadowbrook-1br-670sqft-elm,1,1.0,670,1827.0,2026-09-09,,True,hard,"Save Up to $3,300 Off Rent!*",dollar_off,3300.0,15.05,,1552.0,https://www.essexapartmenthomes.com/apartments/redmond/shadowbrook/floor-plans-and-pricing,2026-04-04,2026-09-09,,,,,Elm,,
2026-09-09,ESS,Shadowbrook,,Seattle,ESS-shadowbrook-1br-670sqft-cedar,1,1.0,670,1887.0,2026-09-09,,True,hard,"Save Up to $3,300 Off Rent!*",dollar_off,3300.0,14.57,,1612.0,https://www.essexapartmenthomes.com/apartments/redmond/shadowbrook/floor-plans-and-pricing,2026-04-04,2026-09-09,,,,,Cedar,,
2026-09-09,ESS,Shadowbrook,,Seattle,ESS-shadowbrook-2br-920sqft-sycamore,2,1.0,920,2207.0,2026-09-21,,True,hard,"Save Up to $3,300 Off Rent!*",dollar_off,3300.0,12.46,,1932.0,https://www.essexapartmenthomes.com/apartments/redmond/shadowbrook/floor-plans-and-pricing,2026-08-23,2026-09-09,,,,,Sycamore,,
2026-09-09,ESS,Shadowbrook,,Seattle,ESS-shadowbrook-2br-840sqft-cypress,2,1.0,840,2249.0,2026-09-09,,True,hard,"Save Up to $3,300 Off Rent!*",dollar_off,3300.0,12.23,,1974.0,https://www.essexapartmenthomes.com/apartments/redmond/shadowbrook/floor-plans-and-pricing,2026-04-04,2026-09-09,,,,,Cypress,,
2026-09-09,ESS,Shadowbrook,,Seattle,ESS-shadowbrook-2br-970sqft-sierra,2,2.0,970,2507.0,2026-09-09,,True,hard,"Save Up to $3,300 Off Rent!*",dollar_off,3300.0,10.97,,2232.0,https://www.essexapartmenthomes.com/apartments/redmond/shadowbrook/floor-plans-and-pricing,2026-04-04,2026-09-09,,,,,Sierra,,
2026-09-09,ESS,The Trails of Redmond,,Seattle,ESS-the-trails-of-redmond-1br-536sqft-the-douglas,1,1.0,536,1799.0,2026-09-09,,False,,,,,,,,https://www.essexapartmenthomes.com/apartments/redmond/the-trails-of-redmond/floor-plans-and-pricing,2026-04-04,2026-09-09,,,,,The Douglas,,
2026-09-09,ESS,The Trails of Redmond,,Seattle,ESS-the-trails-of-redmond-1br-758sqft-the-cypress,1,1.0,758,1887.0,2026-10-03,,False,,,,,,,,https://www.essexapartmenthomes.com/apartments/redmond/the-trails-of-redmond/floor-plans-and-pricing,2026-04-04,2026-09-09,,,,,The Cypress,,
2026-09-09,ESS,The Trails of Redmond,,Seattle,ESS-the-trails-of-redmond-1br-670sqft-the-spruce,1,1.0,670,1997.0,2026-09-09,,False,,,,,,,,https://www.essexapartmenthomes.com/apartments/redmond/the-trails-of-redmond/floor-plans-and-pricing,2026-04-04,2026-09-09,,,,,The Spruce,,
2026-09-09,ESS,The Trails of Redmond,,Seattle,ESS-the-trails-of-redmond-2br-960sqft-the-holly,2,2.0,960,2247.0,2026-09-09,,False,,,,,,,,https://www.essexapartmenthomes.com/apartments/redmond/the-trails-of-redmond/floor-plans-and-pricing,2026-04-04,2026-09-09,,,,,The Holly,,
2026-09-09,ESS,The Trails of Redmond,,Seattle,ESS-the-trails-of-redmond-2br-840sqft-the-cedar,2,1.0,840,2269.0,2026-09-09,,False,,,,,,,,https://www.essexapartmenthomes.com/apartments/redmond/the-trails-of-redmond/floor-plans-and-pricing,2026-04-04,2026-09-09,,,,,The Cedar,,
2026-09-09,ESS,The Trails of Redmond,,Seattle,ESS-the-trails-of-redmond-2br-875sqft-the-balsam,2,1.0,875,2397.0,2026-09-19,,False,,,,,,,,https://www.essexapartmenthomes.com/apartments/redmond/the-trails-of-redmond/floor-plans-and-pricing,2026-04-19,2026-09-09,,,,,The Balsam,,
2026-09-09,ESS,The Trails of Redmond,,Seattle,ESS-the-trails-of-redmond-3br-1097sqft-the-laurel,3,2.0,1097,2587.0,2026-09-29,,False,,,,,,,,https://www.essexapartmenthomes.com/apartments/redmond/the-trails-of-redmond/floor-plans-and-pricing,2026-04-04,2026-09-09,,,,,The Laurel,,
2026-09-09,ESS,Vesta,,Seattle,ESS-vesta-1br-667sqft-plan-1b,1,1.0,667,1589.0,2026-09-09,,True,hard,"Save Up to $1,600 Off Rent!*",dollar_off,1600.0,8.39,,1455.67,https://www.essexapartmenthomes.com/apartments/redmond/vesta/floor-plans-and-pricing,2026-04-04,2026-09-09,,,,,Plan 1B,,
2026-09-09,ESS,Vesta,,Seattle,ESS-vesta-1br-652sqft-plan-1a,1,1.0,652,1707.0,2026-09-09,,True,hard,"Save Up to $1,600 Off Rent!*",dollar_off,1600.0,7.81,,1573.67,https://www.essexapartmenthomes.com/apartments/redmond/vesta/floor-plans-and-pricing,2026-04-04,2026-09-09,,,,,Plan 1A,,
2026-09-09,ESS,Vesta,,Seattle,ESS-vesta-2br-922sqft-plan-2c,2,2.0,922,2249.0,2026-09-09,,True,hard,"Save Up to $1,600 Off Rent!*",dollar_off,1600.0,5.93,,2115.67,https://www.essexapartmenthomes.com/apartments/redmond/vesta/floor-plans-and-pricing,2026-04-04,2026-09-09,,,,,Plan 2C,,
2026-09-09,ESS,Vesta,,Seattle,ESS-vesta-2br-933sqft-plan-2d,2,2.0,933,2489.0,2026-09-09,,True,hard,"Save Up to $1,600 Off Rent!*",dollar_off,1600.0,5.36,,2355.67,https://www.essexapartmenthomes.com/apartments/redmond/vesta/floor-plans-and-pricing,2026-06-09,2026-09-09,,,,,Plan 2D,,
2026-09-09,ESS,Vesta,,Seattle,ESS-vesta-2br-836sqft-plan-2a,2,1.0,836,2569.0,2026-09-09,,True,hard,"Save Up to $1,600 Off Rent!*",dollar_off,1600.0,5.19,,2435.67,https://www.essexapartmenthomes.com/apartments/redmond/vesta/floor-plans-and-pricing,2026-06-14,2026-09-09,,,,,Plan 2A,,
2026-09-09,ESS,Vesta,,Seattle,ESS-vesta-3br-1011sqft-plan-3b,3,2.0,1011,3037.0,2026-09-21,,True,hard,"Save Up to $1,600 Off Rent!*",dollar_off,1600.0,4.39,,2903.67,https://www.essexapartmenthomes.com/apartments/redmond/vesta/floor-plans-and-pricing,2026-04-04,2026-09-09,,,,,Plan 3B,,
2026-09-09,ESS,Radius,,Bay Area,ESS-radius-1br-937sqft-ray,1,1.0,937,4019.0,2026-09-30,,False,,,,,,,,https://www.essexapartmenthomes.com/apartments/redwood-city/radius/floor-plans-and-pricing,2026-04-04,2026-09-09,,,,,Ray,,
2026-09-09,ESS,Radius,,Bay Area,ESS-radius-2br-1030sqft-apex,2,2.0,1030,4789.0,2026-09-09,,False,,,,,,,,https://www.essexapartmenthomes.com/apartments/redwood-city/radius/floor-plans-and-pricing,2026-04-04,2026-09-09,,,,,Apex,,
2026-09-09,ESS,Radius,,Bay Area,ESS-radius-2br-1153sqft-ratio,2,2.0,1153,4817.0,2026-09-09,,False,,,,,,,,https://www.essexapartmenthomes.com/apartments/redwood-city/radius/floor-plans-and-pricing,2026-04-26,2026-09-09,,,,,Ratio,,
2026-09-09,ESS,Radius,,Bay Area,ESS-radius-2br-1208sqft-chord,2,2.0,1208,4929.0,2026-10-15,,False,,,,,,,,https://www.essexapartmenthomes.com/apartments/redwood-city/radius/floor-plans-and-pricing,2026-05-17,2026-09-09,,,,,Chord,,
2026-09-09,ESS,Radius,,Bay Area,ESS-radius-3br-1266sqft-tangent,3,2.0,1266,5707.0,2026-10-03,,False,,,,,,,,https://www.essexapartmenthomes.com/apartments/redwood-city/radius/floor-plans-and-pricing,2026-08-23,2026-09-09,,,,,Tangent,,
2026-09-09,ESS,Radius,,Bay Area,ESS-radius-3br-1311sqft-vertex,3,2.0,1311,5729.0,2026-10-06,,False,,,,,,,,https://www.essexapartmenthomes.com/apartments/redwood-city/radius/floor-plans-and-pricing,2026-04-04,2026-09-09,,,,,Vertex,,
2026-09-09,ESS,Township,,Bay Area,ESS-township-1br-769sqft-augusta,1,1.0,769,3847.0,2026-09-09,,False,,,,,,,,https://www.essexapartmenthomes.com/apartments/redwood-city/township/floor-plans-and-pricing,2026-04-04,2026-09-09,,,,,Augusta,,
2026-09-09,ESS,Brighton Ridge,,Seattle,ESS-brighton-ridge-1br-530sqft-plan-1a,1,1.0,530,1409.0,2026-09-09,,True,hard,Save Up to $400 Off Rent!*,dollar_off,400.0,2.37,,1375.67,https://www.essexapartmenthomes.com/apartments/renton/brighton-ridge/floor-plans-and-pricing,2026-04-04,2026-09-09,,,,,Plan 1A,,
2026-09-09,ESS,Brighton Ridge,,Seattle,ESS-brighton-ridge-1br-670sqft-plan-1b,1,1.0,670,1629.0,2026-11-03,,True,hard,Save Up to $400 Off Rent!*,dollar_off,400.0,2.05,,1595.67,https://www.essexapartmenthomes.com/apartments/renton/brighton-ridge/floor-plans-and-pricing,2026-04-04,2026-09-09,,,,,Plan 1B,,
2026-09-09,ESS,Brighton Ridge,,Seattle,ESS-brighton-ridge-2br-950sqft-plan-2b,2,2.0,950,1867.0,2026-09-09,,True,hard,Save Up to $400 Off Rent!*,dollar_off,400.0,1.79,,1833.67,https://www.essexapartmenthomes.com/apartments/renton/brighton-ridge/floor-plans-and-pricing,2026-04-04,2026-09-09,,,,,Plan 2B,,
2026-09-09,ESS,Brighton Ridge,,Seattle,ESS-brighton-ridge-2br-900sqft-plan-2a,2,1.0,900,1879.0,2026-09-09,,True,hard,Save Up to $400 Off Rent!*,dollar_off,400.0,1.77,,1845.67,https://www.essexapartmenthomes.com/apartments/renton/brighton-ridge/floor-plans-and-pricing,2026-04-04,2026-09-09,,,,,Plan 2A,,
2026-09-09,ESS,Fairwood Pond,,Seattle,ESS-fairwood-pond-1br-754sqft-plan-1a,1,1.0,754,1949.0,2026-09-09,,True,hard,"Save Up to $1,600 Off Rent!*",dollar_off,1600.0,6.84,,1815.67,https://www.essexapartmenthomes.com/apartments/renton/fairwood-pond/floor-plans-and-pricing,2026-04-04,2026-09-09,,,,,Plan 1A,,
2026-09-09,ESS,Fairwood Pond,,Seattle,ESS-fairwood-pond-2br-920sqft-plan-2b,2,1.0,920,1779.0,2026-09-09,,True,hard,"Save Up to $1,600 Off Rent!*",dollar_off,1600.0,7.49,,1645.67,https://www.essexapartmenthomes.com/apartments/renton/fairwood-pond/floor-plans-and-pricing,2026-04-04,2026-09-09,,,,,Plan 2B,,
2026-09-09,ESS,Fairwood Pond,,Seattle,ESS-fairwood-pond-2br-996sqft-plan-2c,2,2.0,996,1919.0,2026-10-06,,True,hard,"Save Up to $1,600 Off Rent!*",dollar_off,1600.0,6.95,,1785.67,https://www.essexapartmenthomes.com/apartments/renton/fairwood-pond/floor-plans-and-pricing,2026-04-13,2026-09-09,,,,,Plan 2C,,
2026-09-09,ESS,Fairwood Pond,,Seattle,ESS-fairwood-pond-3br-1212sqft-plan-3a,3,2.0,1212,2517.0,2026-10-05,,True,hard,"Save Up to $1,600 Off Rent!*",dollar_off,1600.0,5.3,,2383.67,https://www.essexapartmenthomes.com/apartments/renton/fairwood-pond/floor-plans-and-pricing,2026-05-03,2026-09-09,,,,,Plan 3A,,
2026-09-09,ESS,Forestview,,Seattle,ESS-forestview-2br-995sqft-plan-2b,2,2.0,995,2147.0,2026-10-06,,False,,,,,,,,https://www.essexapartmenthomes.com/apartments/renton/forestview/floor-plans-and-pricing,2026-04-04,2026-09-09,,,,,Plan 2B,,
2026-09-09,ESS,Forestview,,Seattle,ESS-forestview-2br-899sqft-plan-2a,2,1.0,899,2277.0,2026-10-01,,False,,,,,,,,https://www.essexapartmenthomes.com/apartments/renton/forestview/floor-plans-and-pricing,2026-04-04,2026-09-09,,,,,Plan 2A,,
2026-09-09,ESS,Forestview,,Seattle,ESS-forestview-3br-1299sqft-plan-3a-townhome,3,3.0,1299,3159.0,2026-09-09,,False,,,,,,,,https://www.essexapartmenthomes.com/apartments/renton/forestview/floor-plans-and-pricing,2026-07-19,2026-09-09,,,,,Plan 3A Townhome,,
2026-09-09,ESS,Pinnacle on Lake Washington,,Seattle,ESS-pinnacle-on-lake-washington-1br-828sqft-antiqua,1,1.0,828,2107.0,2026-09-09,,False,,,,,,,,https://www.essexapartmenthomes.com/apartments/renton/pinnacle-on-lake-washington/floor-plans-and-pricing,2026-04-04,2026-09-09,,,,,Antiqua,,
2026-09-09,ESS,Pinnacle on Lake Washington,,Seattle,ESS-pinnacle-on-lake-washington-2br-1215sqft-martinique,2,2.0,1215,2497.0,2026-09-09,,False,,,,,,,,https://www.essexapartmenthomes.com/apartments/renton/pinnacle-on-lake-washington/floor-plans-and-pricing,2026-04-04,2026-09-09,,,,,Martinique,,
2026-09-09,ESS,Pinnacle on Lake Washington,,Seattle,ESS-pinnacle-on-lake-washington-2br-1166sqft-oceanis,2,2.0,1166,2949.0,2026-09-09,,False,,,,,,,,https://www.essexapartmenthomes.com/apartments/renton/pinnacle-on-lake-washington/floor-plans-and-pricing,2026-08-02,2026-09-09,,,,,Oceanis,,
2026-09-09,ESS,Pinnacle on Lake Washington,,Seattle,ESS-pinnacle-on-lake-washington-2br-1305sqft-saratoga,2,2.0,1305,2979.0,2026-09-09,,False,,,,,,,,https://www.essexapartmenthomes.com/apartments/renton/pinnacle-on-lake-washington/floor-plans-and-pricing,2026-04-04,2026-09-09,,,,,Saratoga,,
2026-09-09,ESS,San Marcos,,Richmond,ESS-san-marcos-1br-738sqft-the-varenna,1,1.0,738,2439.0,2026-09-09,,False,,,,,,,,https://www.essexapartmenthomes.com/apartments/richmond/san-marcos/floor-plans-and-pricing,2026-04-04,2026-09-09,,,,,The Varenna,,
2026-09-09,ESS,San Marcos,,Richmond,ESS-san-marcos-1br-802sqft-the-firenze,1,1.0,802,2469.0,2026-09-09,,False,,,,,,,,https://www.essexapartmenthomes.com/apartments/richmond/san-marcos/floor-plans-and-pricing,2026-04-04,2026-09-09,,,,,The Firenze,,
2026-09-09,ESS,San Marcos,,Richmond,ESS-san-marcos-1br-742sqft-the-vernazza,1,1.0,742,2529.0,2026-09-09,,False,,,,,,,,https://www.essexapartmenthomes.com/apartments/richmond/san-marcos/floor-plans-and-pricing,2026-04-04,2026-09-09,,,,,The Vernazza,,
2026-09-09,ESS,San Marcos,,Richmond,ESS-san-marcos-1br-904sqft-the-pavia,1,1.0,904,2677.0,2026-10-07,,False,,,,,,,,https://www.essexapartmenthomes.com/apartments/richmond/san-marcos/floor-plans-and-pricing,2026-05-09,2026-09-09,,,,,The Pavia,,
2026-09-09,ESS,San Marcos,,Richmond,ESS-san-marcos-2br-1029sqft-the-palermo,2,2.0,1029,2737.0,2026-09-09,,False,,,,,,,,https://www.essexapartmenthomes.com/apartments/richmond/san-marcos/floor-plans-and-pricing,2026-04-04,2026-09-09,,,,,The Palermo,,
2026-09-09,ESS,San Marcos,,Richmond,ESS-san-marcos-2br-1114sqft-the-sorrento,2,2.0,1114,2819.0,2026-09-09,,False,,,,,,,,https://www.essexapartmenthomes.com/apartments/richmond/san-marcos/floor-plans-and-pricing,2026-04-04,2026-09-09,,,,,The Sorrento,,
2026-09-09,ESS,San Marcos,,Richmond,ESS-san-marcos-2br-1101sqft-the-toscana,2,2.0,1101,2877.0,2026-09-09,,False,,,,,,,,https://www.essexapartmenthomes.com/apartments/richmond/san-marcos/floor-plans-and-pricing,2026-04-19,2026-09-09,,,,,The Toscana,,
2026-09-09,ESS,San Marcos,,Richmond,ESS-san-marcos-2br-1189sqft-the-venezia,2,2.0,1189,3287.0,2026-09-09,,False,,,,,,,,https://www.essexapartmenthomes.com/apartments/richmond/san-marcos/floor-plans-and-pricing,2026-04-04,2026-09-09,,,,,The Venezia,,
2026-09-09,ESS,Pinnacle at Talega,,San Clemente,ESS-pinnacle-at-talega-1br-632sqft-aspire,1,1.0,632,2689.0,2026-09-09,,True,hard,"Save Up to $1,900 Off Rent!*",dollar_off,1900.0,5.89,,2530.67,https://www.essexapartmenthomes.com/apartments/san-clemente/pinnacle-at-talega/floor-plans-and-pricing,2026-04-04,2026-09-09,,,,,Aspire,,
2026-09-09,ESS,Pinnacle at Talega,,San Clemente,ESS-pinnacle-at-talega-1br-841sqft-tranquility,1,1.0,841,2779.0,2026-09-09,,True,hard,"Save Up to $1,900 Off Rent!*",dollar_off,1900.0,5.7,,2620.67,https://www.essexapartmenthomes.com/apartments/san-clemente/pinnacle-at-talega/floor-plans-and-pricing,2026-09-06,2026-09-09,,,,,Tranquility,,
2026-09-09,ESS,Pinnacle at Talega,,San Clemente,ESS-pinnacle-at-talega-2br-1115sqft-lavish,2,2.0,1115,3227.0,2026-09-09,,True,hard,"Save Up to $1,900 Off Rent!*",dollar_off,1900.0,4.91,,3068.67,https://www.essexapartmenthomes.com/apartments/san-clemente/pinnacle-at-talega/floor-plans-and-pricing,2026-04-04,2026-09-09,,,,,Lavish,,
2026-09-09,ESS,Pinnacle at Talega,,San Clemente,ESS-pinnacle-at-talega-2br-1112sqft-rejuvenate,2,2.0,1112,3289.0,2026-09-14,,True,hard,"Save Up to $1,900 Off Rent!*",dollar_off,1900.0,4.81,,3130.67,https://www.essexapartmenthomes.com/apartments/san-clemente/pinnacle-at-talega/floor-plans-and-pricing,2026-04-04,2026-09-09,,,,,Rejuvenate,,
2026-09-09,ESS,Pinnacle at Talega,,San Clemente,ESS-pinnacle-at-talega-2br-1091sqft-luxury-townhome,2,2.0,1091,3447.0,2026-10-02,,True,hard,"Save Up to $1,900 Off Rent!*",dollar_off,1900.0,4.59,,3288.67,https://www.essexapartmenthomes.com/apartments/san-clemente/pinnacle-at-talega/floor-plans-and-pricing,2026-04-04,2026-09-09,,,,,Luxury Townhome,,
2026-09-09,ESS,Pinnacle at Talega,,San Clemente,ESS-pinnacle-at-talega-3br-1337sqft-lustrous,3,2.0,1337,3817.0,2026-09-21,,True,hard,"Save Up to $1,900 Off Rent!*",dollar_off,1900.0,4.15,,3658.67,https://www.essexapartmenthomes.com/apartments/san-clemente/pinnacle-at-talega/floor-plans-and-pricing,2026-08-02,2026-09-09,,,,,Lustrous,,
2026-09-09,ESS,Allure at Scripps Ranch,,San Diego,ESS-allure-at-scripps-ranch-1br-855sqft-maple,1,1.0,855,2597.0,2026-09-17,,True,hard,"Save Up to $2,400 Off Rent!*",dollar_off,2400.0,7.7,,2397.0,https://www.essexapartmenthomes.com/apartments/san-diego/allure-at-scripps-ranch/floor-plans-and-pricing,2026-04-04,2026-09-09,,,,,Maple,,
2026-09-09,ESS,Allure at Scripps Ranch,,San Diego,ESS-allure-at-scripps-ranch-1br-803sqft-sierra,1,1.0,803,2659.0,2026-10-05,,True,hard,"Save Up to $2,400 Off Rent!*",dollar_off,2400.0,7.52,,2459.0,https://www.essexapartmenthomes.com/apartments/san-diego/allure-at-scripps-ranch/floor-plans-and-pricing,2026-04-04,2026-09-09,,,,,Sierra,,
2026-09-09,ESS,Allure at Scripps Ranch,,San Diego,ESS-allure-at-scripps-ranch-1br-803sqft-laurel,1,1.0,803,2787.0,2026-09-09,,True,hard,"Save Up to $2,400 Off Rent!*",dollar_off,2400.0,7.18,,2587.0,https://www.essexapartmenthomes.com/apartments/san-diego/allure-at-scripps-ranch/floor-plans-and-pricing,2026-04-04,2026-09-09,,,,,Laurel,,
2026-09-09,ESS,Allure at Scripps Ranch,,San Diego,ESS-allure-at-scripps-ranch-2br-1201sqft-magnolia,2,2.0,1201,3207.0,2026-09-09,,True,hard,"Save Up to $2,400 Off Rent!*",dollar_off,2400.0,6.24,,3007.0,https://www.essexapartmenthomes.com/apartments/san-diego/allure-at-scripps-ranch/floor-plans-and-pricing,2026-04-04,2026-09-09,,,,,Magnolia,,
2026-09-09,ESS,Allure at Scripps Ranch,,San Diego,ESS-allure-at-scripps-ranch-2br-1327sqft-pine,2,2.0,1327,3507.0,2026-09-30,,True,hard,"Save Up to $2,400 Off Rent!*",dollar_off,2400.0,5.7,,3307.0,https://www.essexapartmenthomes.com/apartments/san-diego/allure-at-scripps-ranch/floor-plans-and-pricing,2026-09-03,2026-09-09,,,,,Pine,,
2026-09-09,ESS,Bernardo Crest,,San Diego,ESS-bernardo-crest-1br-744sqft-aspen,1,1.0,744,2467.0,2026-09-18,,True,hard,Save Up to $700 Off Rent!*,dollar_off,700.0,2.36,,2408.67,https://www.essexapartmenthomes.com/apartments/san-diego/bernardo-crest/floor-plans-and-pricing,2026-04-04,2026-09-09,,,,,Aspen,,
2026-09-09,ESS,Bernardo Crest,,San Diego,ESS-bernardo-crest-2br-1005sqft-beech,2,2.0,1005,2889.0,2026-09-29,,True,hard,Save Up to $700 Off Rent!*,dollar_off,700.0,2.02,,2830.67,https://www.essexapartmenthomes.com/apartments/san-diego/bernardo-crest/floor-plans-and-pricing,2026-04-04,2026-09-09,,,,,Beech,,
2026-09-09,ESS,Bernardo Crest,,San Diego,ESS-bernardo-crest-2br-993sqft-magnolia,2,2.0,993,2989.0,2026-09-09,,True,hard,Save Up to $700 Off Rent!*,dollar_off,700.0,1.95,,2930.67,https://www.essexapartmenthomes.com/apartments/san-diego/bernardo-crest/floor-plans-and-pricing,2026-04-04,2026-09-09,,,,,Magnolia,,
2026-09-09,ESS,Bernardo Crest,,San Diego,ESS-bernardo-crest-2br-993sqft-coral,2,2.0,993,3189.0,2026-09-13,,True,hard,Save Up to $700 Off Rent!*,dollar_off,700.0,1.83,,3130.67,https://www.essexapartmenthomes.com/apartments/san-diego/bernardo-crest/floor-plans-and-pricing,2026-04-04,2026-09-09,,,,,Coral,,
2026-09-09,ESS,Bernardo Crest,,San Diego,ESS-bernardo-crest-2br-1289sqft-tupilo,2,2.0,1289,3357.0,2026-09-16,,True,hard,Save Up to $700 Off Rent!*,dollar_off,700.0,1.74,,3298.67,https://www.essexapartmenthomes.com/apartments/san-diego/bernardo-crest/floor-plans-and-pricing,2026-04-04,2026-09-09,,,,,Tupilo,,
2026-09-09,ESS,Cambridge Park,,San Diego,ESS-cambridge-park-1br-701sqft-newport,1,1.0,701,2727.0,2026-09-09,,True,hard,"Save Up to $1,600 Off Rent!*",dollar_off,1600.0,4.89,,2593.67,https://www.essexapartmenthomes.com/apartments/san-diego/cambridge-park/floor-plans-and-pricing,2026-04-04,2026-09-09,,,,,Newport,,
2026-09-09,ESS,Cambridge Park,,San Diego,ESS-cambridge-park-2br-1118sqft-hampton,2,2.0,1118,3347.0,2026-09-09,,True,hard,"Save Up to $1,600 Off Rent!*",dollar_off,1600.0,3.98,,3213.67,https://www.essexapartmenthomes.com/apartments/san-diego/cambridge-park/floor-plans-and-pricing,2026-04-04,2026-09-09,,,,,Hampton,,
2026-09-09,ESS,Cambridge Park,,San Diego,ESS-cambridge-park-2br-1115sqft-nantucket-3rd,2,2.0,1115,3377.0,2026-09-09,,True,hard,"Save Up to $1,600 Off Rent!*",dollar_off,1600.0,3.95,,3243.67,https://www.essexapartmenthomes.com/apartments/san-diego/cambridge-park/floor-plans-and-pricing,2026-04-13,2026-09-09,,,,,Nantucket 3rd,,
2026-09-09,ESS,Cambridge Park,,San Diego,ESS-cambridge-park-2br-1173sqft-nantucket-2nd,2,2.0,1173,3517.0,2026-09-09,,True,hard,"Save Up to $1,600 Off Rent!*",dollar_off,1600.0,3.79,,3383.67,https://www.essexapartmenthomes.com/apartments/san-diego/cambridge-park/floor-plans-and-pricing,2026-04-04,2026-09-09,,,,,Nantucket 2nd,,
2026-09-09,ESS,Cambridge Park,,San Diego,ESS-cambridge-park-3br-1308sqft-rockport,3,2.0,1308,3647.0,2026-09-09,,True,hard,"Save Up to $1,600 Off Rent!*",dollar_off,1600.0,3.66,,3513.67,https://www.essexapartmenthomes.com/apartments/san-diego/cambridge-park/floor-plans-and-pricing,2026-04-04,2026-09-09,,,,,Rockport,,
2026-09-09,ESS,Carmel Creek,,San Diego,ESS-carmel-creek-1br-901sqft-plan-1g-den,1,1.0,901,3109.0,2026-09-09,,True,hard,"Save Up to $1,900 Off Rent!*",dollar_off,1900.0,5.09,,2950.67,https://www.essexapartmenthomes.com/apartments/san-diego/carmel-creek/floor-plans-and-pricing,2026-06-09,2026-09-09,,,,,Plan 1G + Den,,
2026-09-09,ESS,Carmel Creek,,San Diego,ESS-carmel-creek-2br-1214sqft-plan-2d,2,2.0,1214,3657.0,2026-09-12,,True,hard,"Save Up to $1,900 Off Rent!*",dollar_off,1900.0,4.33,,3498.67,https://www.essexapartmenthomes.com/apartments/san-diego/carmel-creek/floor-plans-and-pricing,2026-04-04,2026-09-09,,,,,Plan 2D,,
2026-09-09,ESS,Carmel Creek,,San Diego,ESS-carmel-creek-2br-1072sqft-plan-2a,2,2.0,1072,3667.0,2026-09-09,,True,hard,"Save Up to $1,900 Off Rent!*",dollar_off,1900.0,4.32,,3508.67,https://www.essexapartmenthomes.com/apartments/san-diego/carmel-creek/floor-plans-and-pricing,2026-04-04,2026-09-09,,,,,Plan 2A,,
2026-09-09,ESS,Carmel Creek,,San Diego,ESS-carmel-creek-2br-1204sqft-plan-2c,2,2.0,1204,3707.0,2026-09-15,,True,hard,"Save Up to $1,900 Off Rent!*",dollar_off,1900.0,4.27,,3548.67,https://www.essexapartmenthomes.com/apartments/san-diego/carmel-creek/floor-plans-and-pricing,2026-04-04,2026-09-09,,,,,Plan 2C,,
2026-09-09,ESS,Carmel Creek,,San Diego,ESS-carmel-creek-3br-1371sqft-plan-3a,3,2.0,1371,4187.0,2026-09-17,,True,hard,"Save Up to $1,900 Off Rent!*",dollar_off,1900.0,3.78,,4028.67,https://www.essexapartmenthomes.com/apartments/san-diego/carmel-creek/floor-plans-and-pricing,2026-04-04,2026-09-09,,,,,Plan 3A,,
2026-09-09,ESS,Carmel Landing,,San Diego,ESS-carmel-landing-1br-542sqft-nantucket,1,1.0,542,2367.0,2026-09-09,,False,,,,,,,,https://www.essexapartmenthomes.com/apartments/san-diego/carmel-landing/floor-plans-and-pricing,2026-04-04,2026-09-09,,,,,Nantucket,,
2026-09-09,ESS,Carmel Landing,,San Diego,ESS-carmel-landing-1br-660sqft-newport,1,1.0,660,2477.0,2026-09-09,,False,,,,,,,,https://www.essexapartmenthomes.com/apartments/san-diego/carmel-landing/floor-plans-and-pricing,2026-04-04,2026-09-09,,,,,Newport,,
2026-09-09,ESS,Carmel Landing,,San Diego,ESS-carmel-landing-1br-660sqft-hampton,1,1.0,660,2499.0,2026-09-29,,False,,,,,,,,https://www.essexapartmenthomes.com/apartments/san-diego/carmel-landing/floor-plans-and-pricing,2026-04-04,2026-09-09,,,,,Hampton,,
2026-09-09,ESS,Carmel Landing,,San Diego,ESS-carmel-landing-1br-726sqft-atlantic,1,1.0,726,2587.0,2026-09-27,,False,,,,,,,,https://www.essexapartmenthomes.com/apartments/san-diego/carmel-landing/floor-plans-and-pricing,2026-04-04,2026-09-09,,,,,Atlantic,,
2026-09-09,ESS,Carmel Landing,,San Diego,ESS-carmel-landing-2br-863sqft-chesapeake,2,2.0,863,2837.0,2026-09-09,,False,,,,,,,,https://www.essexapartmenthomes.com/apartments/san-diego/carmel-landing/floor-plans-and-pricing,2026-04-04,2026-09-09,,,,,Chesapeake,,
2026-09-09,ESS,Carmel Landing,,San Diego,ESS-carmel-landing-2br-899sqft-saybrook,2,2.0,899,3007.0,2026-09-29,,False,,,,,,,,https://www.essexapartmenthomes.com/apartments/san-diego/carmel-landing/floor-plans-and-pricing,2026-04-04,2026-09-09,,,,,Saybrook,,
2026-09-09,ESS,Carmel Landing,,San Diego,ESS-carmel-landing-2br-1034sqft-sarasota,2,2.0,1034,3107.0,2026-09-09,,False,,,,,,,,https://www.essexapartmenthomes.com/apartments/san-diego/carmel-landing/floor-plans-and-pricing,2026-04-04,2026-09-09,,,,,Sarasota,,
2026-09-09,ESS,Carmel Landing,,San Diego,ESS-carmel-landing-2br-991sqft-hyannis,2,2.0,991,3107.0,2026-09-09,,False,,,,,,,,https://www.essexapartmenthomes.com/apartments/san-diego/carmel-landing/floor-plans-and-pricing,2026-04-04,2026-09-09,,,,,Hyannis,,
2026-09-09,ESS,Carmel Summit,,San Diego,ESS-carmel-summit-1br-745sqft-del-mar,1,1.0,745,2709.0,2026-09-11,,True,hard,"Save Up to $1,600 Off Rent!*",dollar_off,1600.0,4.92,,2575.67,https://www.essexapartmenthomes.com/apartments/san-diego/carmel-summit/floor-plans-and-pricing,2026-04-04,2026-09-09,,,,,Del Mar,,
2026-09-09,ESS,Carmel Summit,,San Diego,ESS-carmel-summit-1br-825sqft-la-jolla,1,1.0,825,3069.0,2026-09-15,,True,hard,"Save Up to $1,600 Off Rent!*",dollar_off,1600.0,4.34,,2935.67,https://www.essexapartmenthomes.com/apartments/san-diego/carmel-summit/floor-plans-and-pricing,2026-04-04,2026-09-09,,,,,La Jolla,,
2026-09-09,ESS,Carmel Summit,,San Diego,ESS-carmel-summit-2br-1080sqft-coronado,2,2.0,1080,3309.0,2026-09-09,,True,hard,"Save Up to $1,600 Off Rent!*",dollar_off,1600.0,4.03,,3175.67,https://www.essexapartmenthomes.com/apartments/san-diego/carmel-summit/floor-plans-and-pricing,2026-04-04,2026-09-09,,,,,Coronado,,
2026-09-09,ESS,Carmel Summit,,San Diego,ESS-carmel-summit-2br-935sqft-solana,2,2.0,935,3477.0,2026-09-09,,True,hard,"Save Up to $1,600 Off Rent!*",dollar_off,1600.0,3.83,,3343.67,https://www.essexapartmenthomes.com/apartments/san-diego/carmel-summit/floor-plans-and-pricing,2026-06-09,2026-09-09,,,,,Solana,,
2026-09-09,ESS,CentrePointe,,San Diego,ESS-centrepointe-0br-400sqft-plan-sa,0,1.0,400,1987.0,2026-09-09,,True,hard,"Save Up to $1,900 Off Rent!*",dollar_off,1900.0,7.97,,1828.67,https://www.essexapartmenthomes.com/apartments/san-diego/centrepointe/floor-plans-and-pricing,2026-04-04,2026-09-09,,,,,Plan SA,,
2026-09-09,ESS,CentrePointe,,San Diego,ESS-centrepointe-0br-400sqft-plan-sb,0,1.0,400,2127.0,2026-09-25,,True,hard,"Save Up to $1,900 Off Rent!*",dollar_off,1900.0,7.44,,1968.67,https://www.essexapartmenthomes.com/apartments/san-diego/centrepointe/floor-plans-and-pricing,2026-04-04,2026-09-09,,,,,Plan SB,,
2026-09-09,ESS,CentrePointe,,San Diego,ESS-centrepointe-1br-630sqft-plan-1a,1,1.0,630,2539.0,2026-09-09,,True,hard,"Save Up to $1,900 Off Rent!*",dollar_off,1900.0,6.24,,2380.67,https://www.essexapartmenthomes.com/apartments/san-diego/centrepointe/floor-plans-and-pricing,2026-04-04,2026-09-09,,,,,Plan 1A,,
2026-09-09,ESS,CentrePointe,,San Diego,ESS-centrepointe-1br-635sqft-plan-1b,1,1.0,635,2549.0,2026-09-11,,True,hard,"Save Up to $1,900 Off Rent!*",dollar_off,1900.0,6.21,,2390.67,https://www.essexapartmenthomes.com/apartments/san-diego/centrepointe/floor-plans-and-pricing,2026-04-04,2026-09-09,,,,,Plan 1B,,
2026-09-09,ESS,Esplanade,,San Diego,ESS-esplanade-1br-588sqft-barcelona,1,1.0,588,2207.0,2026-09-09,,True,hard,"Save Up to $1,300 Off Rent!*",dollar_off,1300.0,4.91,,2098.67,https://www.essexapartmenthomes.com/apartments/san-diego/esplanade/floor-plans-and-pricing,2026-04-04,2026-09-09,,,,,Barcelona,,
2026-09-09,ESS,Esplanade,,San Diego,ESS-esplanade-2br-907sqft-valencia,2,2.0,907,2409.0,2026-09-09,,True,hard,"Save Up to $1,300 Off Rent!*",dollar_off,1300.0,4.5,,2300.67,https://www.essexapartmenthomes.com/apartments/san-diego/esplanade/floor-plans-and-pricing,2026-04-04,2026-09-09,,,,,Valencia,,
2026-09-09,ESS,Form 15,,San Diego,ESS-form-15-0br-616sqft-plan-sb,0,1.0,616,2257.0,2026-10-07,,False,,,,,,,,https://www.essexapartmenthomes.com/apartments/san-diego/form-15/floor-plans-and-pricing,2026-09-03,2026-09-09,,,,,Plan SB,,
2026-09-09,ESS,Form 15,,San Diego,ESS-form-15-0br-681sqft-plan-sc,0,1.0,681,2527.0,2026-09-09,,False,,,,,,,,https://www.essexapartmenthomes.com/apartments/san-diego/form-15/floor-plans-and-pricing,2026-07-19,2026-09-09,,,,,Plan SC,,
2026-09-09,ESS,Form 15,,San Diego,ESS-form-15-1br-834sqft-plan-1c,1,1.0,834,2767.0,2026-09-20,,False,,,,,,,,https://www.essexapartmenthomes.com/apartments/san-diego/form-15/floor-plans-and-pricing,2026-08-15,2026-09-09,,,,,Plan 1C,,
2026-09-09,ESS,Form 15,,San Diego,ESS-form-15-2br-1204sqft-plan-2b,2,2.0,1204,3049.0,2026-10-20,,False,,,,,,,,https://www.essexapartmenthomes.com/apartments/san-diego/form-15/floor-plans-and-pricing,2026-05-09,2026-09-09,,,,,Plan 2B,,
2026-09-09,ESS,Form 15,,San Diego,ESS-form-15-3br-1535sqft-plan-3b,3,2.0,1535,3667.0,2026-10-08,,False,,,,,,,,https://www.essexapartmenthomes.com/apartments/san-diego/form-15/floor-plans-and-pricing,2026-09-03,2026-09-09,,,,,Plan 3B,,
2026-09-09,ESS,LIVIA at Scripps Ranch,,San Diego,ESS-livia-at-scripps-ranch-1br-758sqft-del-mar,1,1.0,758,2969.0,2026-09-22,,True,hard,"Save Up to $2,300 Off Rent!*",dollar_off,2300.0,6.46,,2777.33,https://www.essexapartmenthomes.com/apartments/san-diego/livia-at-scripps-ranch/floor-plans-and-pricing,2026-04-04,2026-09-09,,,,,Del Mar,,
2026-09-09,ESS,LIVIA at Scripps Ranch,,San Diego,ESS-livia-at-scripps-ranch-1br-755sqft-torrey-pines,1,1.0,755,3209.0,2026-09-09,,True,hard,"Save Up to $2,300 Off Rent!*",dollar_off,2300.0,5.97,,3017.33,https://www.essexapartmenthomes.com/apartments/san-diego/livia-at-scripps-ranch/floor-plans-and-pricing,2026-04-04,2026-09-09,,,,,Torrey Pines,,
2026-09-09,ESS,LIVIA at Scripps Ranch,,San Diego,ESS-livia-at-scripps-ranch-2br-1113sqft-pacific,2,2.0,1113,3937.0,2026-10-06,,True,hard,"Save Up to $2,300 Off Rent!*",dollar_off,2300.0,4.87,,3745.33,https://www.essexapartmenthomes.com/apartments/san-diego/livia-at-scripps-ranch/floor-plans-and-pricing,2026-04-04,2026-09-09,,,,,Pacific,,
2026-09-09,ESS,LIVIA at Scripps Ranch,,San Diego,ESS-livia-at-scripps-ranch-2br-1095sqft-cardiff,2,2.0,1095,3969.0,2026-09-09,,True,hard,"Save Up to $2,300 Off Rent!*",dollar_off,2300.0,4.83,,3777.33,https://www.essexapartmenthomes.com/apartments/san-diego/livia-at-scripps-ranch/floor-plans-and-pricing,2026-04-04,2026-09-09,,,,,Cardiff,,
2026-09-09,ESS,LIVIA at Scripps Ranch,,San Diego,ESS-livia-at-scripps-ranch-2br-1148sqft-imperial,2,2.0,1148,4027.0,2026-09-09,,True,hard,"Save Up to $2,300 Off Rent!*",dollar_off,2300.0,4.76,,3835.33,https://www.essexapartmenthomes.com/apartments/san-diego/livia-at-scripps-ranch/floor-plans-and-pricing,2026-04-04,2026-09-09,,,,,Imperial,,
2026-09-09,ESS,LIVIA at Scripps Ranch,,San Diego,ESS-livia-at-scripps-ranch-2br-1148sqft-sunset-cliffs,2,2.0,1148,4239.0,2026-10-07,,True,hard,"Save Up to $2,300 Off Rent!*",dollar_off,2300.0,4.52,,4047.33,https://www.essexapartmenthomes.com/apartments/san-diego/livia-at-scripps-ranch/floor-plans-and-pricing,2026-09-03,2026-09-09,,,,,Sunset Cliffs,,
2026-09-09,ESS,LIVIA at Scripps Ranch,,San Diego,ESS-livia-at-scripps-ranch-3br-1376sqft-coronado,3,2.0,1376,4609.0,2026-09-09,,True,hard,"Save Up to $2,300 Off Rent!*",dollar_off,2300.0,4.16,,4417.33,https://www.essexapartmenthomes.com/apartments/san-diego/livia-at-scripps-ranch/floor-plans-and-pricing,2026-04-04,2026-09-09,,,,,Coronado,,
2026-09-09,ESS,Mesa Village,,San Diego,ESS-mesa-village-0br-270sqft-plan-sa,0,1.0,270,1637.0,2026-09-30,,True,hard,"Save Up to $1,000 Off Rent!*",dollar_off,1000.0,5.09,,1553.67,https://www.essexapartmenthomes.com/apartments/san-diego/mesa-village/floor-plans-and-pricing,2026-04-04,2026-09-09,,,,,Plan SA,,
2026-09-09,ESS,Mesa Village,,San Diego,ESS-mesa-village-0br-380sqft-plan-sb,0,1.0,380,1807.0,2026-10-03,,True,hard,"Save Up to $1,000 Off Rent!*",dollar_off,1000.0,4.61,,1723.67,https://www.essexapartmenthomes.com/apartments/san-diego/mesa-village/floor-plans-and-pricing,2026-04-04,2026-09-09,,,,,Plan SB,,
2026-09-09,ESS,Mira Monte,,San Diego,ESS-mira-monte-1br-638sqft-plan-1a,1,1.0,638,2249.0,2026-09-12,,False,,,,,,,,https://www.essexapartmenthomes.com/apartments/san-diego/mira-monte/floor-plans-and-pricing,2026-04-04,2026-09-09,,,,,Plan 1A,,
2026-09-09,ESS,Mira Monte,,San Diego,ESS-mira-monte-2br-880sqft-plan-2a,2,2.0,880,2597.0,2026-09-15,,False,,,,,,,,https://www.essexapartmenthomes.com/apartments/san-diego/mira-monte/floor-plans-and-pricing,2026-04-04,2026-09-09,,,,,Plan 2A,,
2026-09-09,ESS,Montanosa,,San Diego,ESS-montanosa-1br-631sqft-windward,1,1.0,631,2509.0,2026-09-09,,False,,,,,,,,https://www.essexapartmenthomes.com/apartments/san-diego/montanosa/floor-plans-and-pricing,2026-04-04,2026-09-09,,,,,Windward,,
2026-09-09,ESS,Montanosa,,San Diego,ESS-montanosa-1br-783sqft-cardenas,1,1.0,783,2617.0,2026-09-09,,False,,,,,,,,https://www.essexapartmenthomes.com/apartments/san-diego/montanosa/floor-plans-and-pricing,2026-04-04,2026-09-09,,,,,Cardenas,,
2026-09-09,ESS,Montanosa,,San Diego,ESS-montanosa-2br-907sqft-veranda,2,1.0,907,2919.0,2026-09-09,,False,,,,,,,,https://www.essexapartmenthomes.com/apartments/san-diego/montanosa/floor-plans-and-pricing,2026-04-04,2026-09-09,,,,,Veranda,,
2026-09-09,ESS,Montanosa,,San Diego,ESS-montanosa-2br-1018sqft-serrana,2,2.0,1018,3097.0,2026-10-25,,False,,,,,,,,https://www.essexapartmenthomes.com/apartments/san-diego/montanosa/floor-plans-and-pricing,2026-04-04,2026-09-09,,,,,Serrana,,
2026-09-09,ESS,Montanosa,,San Diego,ESS-montanosa-2br-1057sqft-marcay,2,2.0,1057,3129.0,2026-09-09,,False,,,,,,,,https://www.essexapartmenthomes.com/apartments/san-diego/montanosa/floor-plans-and-pricing,2026-04-04,2026-09-09,,,,,Marcay,,
2026-09-09,ESS,Summit Park Village,,San Diego,ESS-summit-park-village-1br-721sqft-plan-1a,1,1.0,721,2157.0,2026-09-09,,False,,,,,,,,https://www.essexapartmenthomes.com/apartments/san-diego/summit-park-village/floor-plans-and-pricing,2026-04-04,2026-09-09,,,,,Plan 1A,,
2026-09-09,ESS,Summit Park Village,,San Diego,ESS-summit-park-village-2br-918sqft-plan-2a,2,2.0,918,2267.0,2026-10-02,,False,,,,,,,,https://www.essexapartmenthomes.com/apartments/san-diego/summit-park-village/floor-plans-and-pricing,2026-04-04,2026-09-09,,,,,Plan 2A,,
2026-09-09,ESS,500 Folsom,,San Francisco,ESS-500-folsom-0br-616sqft-plan-angelo,0,1.0,616,4907.0,2026-09-09,,False,,,,,,,,https://www.essexapartmenthomes.com/apartments/san-francisco/500-folsom/floor-plans-and-pricing,2026-08-10,2026-09-09,,,,,Plan Angelo,,
2026-09-09,ESS,500 Folsom,,San Francisco,ESS-500-folsom-0br-733sqft-plan-bassett,0,1.0,733,5917.0,2026-09-09,,False,,,,,,,,https://www.essexapartmenthomes.com/apartments/san-francisco/500-folsom/floor-plans-and-pricing,2026-04-04,2026-09-09,,,,,Plan Bassett,,
2026-09-09,ESS,500 Folsom,,San Francisco,ESS-500-folsom-1br-615sqft-plan-sunset,1,1.0,615,5339.0,2026-09-09,,False,,,,,,,,https://www.essexapartmenthomes.com/apartments/san-francisco/500-folsom/floor-plans-and-pricing,2026-04-04,2026-09-09,,,,,Plan Sunset,,
2026-09-09,ESS,500 Folsom,,San Francisco,ESS-500-folsom-1br-639sqft-plan-russian-hill,1,1.0,639,5439.0,2026-10-10,,False,,,,,,,,https://www.essexapartmenthomes.com/apartments/san-francisco/500-folsom/floor-plans-and-pricing,2026-09-06,2026-09-09,,,,,Plan Russian Hill,,
2026-09-09,ESS,500 Folsom,,San Francisco,ESS-500-folsom-1br-714sqft-plan-pacific,1,1.0,714,5519.0,2026-09-29,,False,,,,,,,,https://www.essexapartmenthomes.com/apartments/san-francisco/500-folsom/floor-plans-and-pricing,2026-08-08,2026-09-09,,,,,Plan Pacific,,
2026-09-09,ESS,500 Folsom,,San Francisco,ESS-500-folsom-1br-855sqft-plan-castro,1,1.0,855,5917.0,2026-09-09,,False,,,,,,,,https://www.essexapartmenthomes.com/apartments/san-francisco/500-folsom/floor-plans-and-pricing,2026-06-22,2026-09-09,,,,,Plan Castro,,
2026-09-09,ESS,500 Folsom,,San Francisco,ESS-500-folsom-1br-769sqft-plan-presidio,1,1.0,769,6467.0,2026-09-09,,False,,,,,,,,https://www.essexapartmenthomes.com/apartments/san-francisco/500-folsom/floor-plans-and-pricing,2026-08-02,2026-09-09,,,,,Plan Presidio,,
2026-09-09,ESS,500 Folsom,,San Francisco,ESS-500-folsom-1br-839sqft-plan-ashbury,1,1.0,839,6507.0,2026-09-09,,False,,,,,,,,https://www.essexapartmenthomes.com/apartments/san-francisco/500-folsom/floor-plans-and-pricing,2026-08-23,2026-09-09,,,,,Plan Ashbury,,
2026-09-09,ESS,Bennett Lofts,,San Francisco,ESS-bennett-lofts-0br-888sqft-plan-sb-loft,0,1.0,888,4117.0,2026-09-20,,False,,,,,,,,https://www.essexapartmenthomes.com/apartments/san-francisco/bennett-lofts/floor-plans-and-pricing,2026-08-23,2026-09-09,,,,,Plan SB Loft,,
2026-09-09,ESS,Bennett Lofts,,San Francisco,ESS-bennett-lofts-0br-1022sqft-plan-sc-loft,0,2.0,1022,4357.0,2026-10-11,,False,,,,,,,,https://www.essexapartmenthomes.com/apartments/san-francisco/bennett-lofts/floor-plans-and-pricing,2026-09-09,2026-09-09,,,,,Plan SC Loft,,
2026-09-09,ESS,Bennett Lofts,,San Francisco,ESS-bennett-lofts-1br-602sqft-1-bed-1-bath,1,1.0,602,4407.0,2026-09-09,,False,,,,,,,,https://www.essexapartmenthomes.com/apartments/san-francisco/bennett-lofts/floor-plans-and-pricing,2026-05-09,2026-09-09,,,,,"1 Bed, 1 Bath",,
2026-09-09,ESS,Bennett Lofts,,San Francisco,ESS-bennett-lofts-1br-1218sqft-1-bed-2-bath-c,1,2.0,1218,5107.0,2026-09-09,,False,,,,,,,,https://www.essexapartmenthomes.com/apartments/san-francisco/bennett-lofts/floor-plans-and-pricing,2026-09-06,2026-09-09,,,,,"1 Bed, 2 Bath C",,
2026-09-09,ESS,Fox Plaza,,San Francisco,ESS-fox-plaza-0br-450sqft-plan-sa,0,1.0,450,3029.0,2026-10-09,,False,,,,,,,,https://www.essexapartmenthomes.com/apartments/san-francisco/fox-plaza/floor-plans-and-pricing,2026-04-04,2026-09-09,,,,,Plan SA,,
2026-09-09,ESS,Fox Plaza,,San Francisco,ESS-fox-plaza-0br-450sqft-plan-sb,0,1.0,450,3249.0,2026-09-09,,False,,,,,,,,https://www.essexapartmenthomes.com/apartments/san-francisco/fox-plaza/floor-plans-and-pricing,2026-04-04,2026-09-09,,,,,Plan SB,,
2026-09-09,ESS,Fox Plaza,,San Francisco,ESS-fox-plaza-1br-591sqft-plan-1a,1,1.0,591,4029.0,2026-09-26,,False,,,,,,,,https://www.essexapartmenthomes.com/apartments/san-francisco/fox-plaza/floor-plans-and-pricing,2026-07-19,2026-09-09,,,,,Plan 1A,,
2026-09-09,ESS,MB360,,San Francisco,ESS-mb360-0br-529sqft-orb,0,1.0,529,4437.0,2026-09-09,,False,,,,,,,,https://www.essexapartmenthomes.com/apartments/san-francisco/mb360/floor-plans-and-pricing,2026-06-22,2026-09-09,,,,,Orb,,
2026-09-09,ESS,MB360,,San Francisco,ESS-mb360-0br-768sqft-rev,0,1.5,768,4979.0,2026-09-20,,False,,,,,,,,https://www.essexapartmenthomes.com/apartments/san-francisco/mb360/floor-plans-and-pricing,2026-08-15,2026-09-09,,,,,Rev,,
2026-09-09,ESS,MB360,,San Francisco,ESS-mb360-1br-739sqft-halo,1,1.0,739,5379.0,2026-09-09,,False,,,,,,,,https://www.essexapartmenthomes.com/apartments/san-francisco/mb360/floor-plans-and-pricing,2026-04-04,2026-09-09,,,,,Halo,,
2026-09-09,ESS,MB360,,San Francisco,ESS-mb360-2br-1070sqft-panorama,2,2.0,1070,6977.0,2026-09-27,,False,,,,,,,,https://www.essexapartmenthomes.com/apartments/san-francisco/mb360/floor-plans-and-pricing,2026-04-04,2026-09-09,,,,,Panorama,,
2026-09-09,ESS,MB360,,San Francisco,ESS-mb360-2br-1225sqft-compass,2,2.0,1225,7139.0,2026-10-07,,False,,,,,,,,https://www.essexapartmenthomes.com/apartments/san-francisco/mb360/floor-plans-and-pricing,2026-09-03,2026-09-09,,,,,Compass,,
2026-09-09,ESS,Park West,,San Francisco,ESS-park-west-1br-644sqft-plan-1a,1,1.0,644,4287.0,2026-09-09,,False,,,,,,,,https://www.essexapartmenthomes.com/apartments/san-francisco/park-west/floor-plans-and-pricing,2026-04-13,2026-09-09,,,,,Plan 1A,,
2026-09-09,ESS,101 San Fernando,,San Jose,ESS-101-san-fernando-1br-938sqft-plan-1f,1,1.0,938,3157.0,2026-09-09,,False,,,,,,,,https://www.essexapartmenthomes.com/apartments/san-jose/101-san-fernando/floor-plans-and-pricing,2026-08-08,2026-09-09,,,,,Plan 1F,,
2026-09-09,ESS,101 San Fernando,,San Jose,ESS-101-san-fernando-1br-946sqft-plan-1g-townhome,1,1.0,946,3157.0,2026-09-09,,False,,,,,,,,https://www.essexapartmenthomes.com/apartments/san-jose/101-san-fernando/floor-plans-and-pricing,2026-04-04,2026-09-09,,,,,Plan 1G Townhome,,
2026-09-09,ESS,101 San Fernando,,San Jose,ESS-101-san-fernando-1br-792sqft-plan-1c,1,1.0,792,3207.0,2026-09-09,,False,,,,,,,,https://www.essexapartmenthomes.com/apartments/san-jose/101-san-fernando/floor-plans-and-pricing,2026-08-08,2026-09-09,,,,,Plan 1C,,
2026-09-09,ESS,101 San Fernando,,San Jose,ESS-101-san-fernando-1br-793sqft-plan-1d,1,1.0,793,3427.0,2026-09-09,,False,,,,,,,,https://www.essexapartmenthomes.com/apartments/san-jose/101-san-fernando/floor-plans-and-pricing,2026-08-02,2026-09-09,,,,,Plan 1D,,
2026-09-09,ESS,101 San Fernando,,San Jose,ESS-101-san-fernando-2br-1226sqft-plan-2e-townhome,2,2.5,1226,3927.0,2026-09-09,,False,,,,,,,,https://www.essexapartmenthomes.com/apartments/san-jose/101-san-fernando/floor-plans-and-pricing,2026-04-04,2026-09-09,,,,,Plan 2E Townhome,,
2026-09-09,ESS,101 San Fernando,,San Jose,ESS-101-san-fernando-2br-1077sqft-plan-2a,2,2.0,1077,3957.0,2026-09-09,,False,,,,,,,,https://www.essexapartmenthomes.com/apartments/san-jose/101-san-fernando/floor-plans-and-pricing,2026-04-19,2026-09-09,,,,,Plan 2A,,
2026-09-09,ESS,101 San Fernando,,San Jose,ESS-101-san-fernando-2br-1187sqft-plan-2b-townhome,2,2.0,1187,3989.0,2026-09-19,,False,,,,,,,,https://www.essexapartmenthomes.com/apartments/san-jose/101-san-fernando/floor-plans-and-pricing,2026-07-19,2026-09-09,,,,,Plan 2B Townhome,,
2026-09-09,ESS,101 San Fernando,,San Jose,ESS-101-san-fernando-2br-1426sqft-plan-2g-townhome,2,2.5,1426,4127.0,2026-09-09,,False,,,,,,,,https://www.essexapartmenthomes.com/apartments/san-jose/101-san-fernando/floor-plans-and-pricing,2026-09-06,2026-09-09,,,,,Plan 2G Townhome,,
2026-09-09,ESS,360 Residences,,San Jose,ESS-360-residences-1br-795sqft-plan-1a,1,1.0,795,3149.0,2026-10-05,,False,,,,,,,,https://www.essexapartmenthomes.com/apartments/san-jose/360-residences/floor-plans-and-pricing,2026-09-06,2026-09-09,,,,,Plan 1A,,
2026-09-09,ESS,360 Residences,,San Jose,ESS-360-residences-1br-817sqft-plan-1b,1,1.0,817,3299.0,2026-09-09,,False,,,,,,,,https://www.essexapartmenthomes.com/apartments/san-jose/360-residences/floor-plans-and-pricing,2026-07-19,2026-09-09,,,,,Plan 1B,,
2026-09-09,ESS,360 Residences,,San Jose,ESS-360-residences-1br-910sqft-plan-1d,1,1.0,910,3339.0,2026-09-12,,False,,,,,,,,https://www.essexapartmenthomes.com/apartments/san-jose/360-residences/floor-plans-and-pricing,2026-04-04,2026-09-09,,,,,Plan 1D,,
2026-09-09,ESS,360 Residences,,San Jose,ESS-360-residences-2br-1641sqft-plan-2n-den,2,2.5,1641,4449.0,2026-09-14,,False,,,,,,,,https://www.essexapartmenthomes.com/apartments/san-jose/360-residences/floor-plans-and-pricing,2026-07-19,2026-09-09,,,,,Plan 2N + Den,,
2026-09-09,ESS,360 Residences,,San Jose,ESS-360-residences-2br-1544sqft-plan-2k,2,2.0,1544,4467.0,2026-09-27,,False,,,,,,,,https://www.essexapartmenthomes.com/apartments/san-jose/360-residences/floor-plans-and-pricing,2026-07-19,2026-09-09,,,,,Plan 2K,,
2026-09-09,ESS,360 Residences,,San Jose,ESS-360-residences-2br-1669sqft-plan-2o-townhome,2,2.5,1669,4667.0,2026-09-09,,False,,,,,,,,https://www.essexapartmenthomes.com/apartments/san-jose/360-residences/floor-plans-and-pricing,2026-07-19,2026-09-09,,,,,Plan 2O Townhome,,
2026-09-09,ESS,360 Residences,,San Jose,ESS-360-residences-2br-1592sqft-plan-2l,2,2.0,1592,5019.0,2026-09-14,,False,,,,,,,,https://www.essexapartmenthomes.com/apartments/san-jose/360-residences/floor-plans-and-pricing,2026-07-19,2026-09-09,,,,,Plan 2L,,
2026-09-09,ESS,360 Residences,,San Jose,ESS-360-residences-2br-1682sqft-plan-2m,2,2.0,1682,5347.0,2026-09-17,,False,,,,,,,,https://www.essexapartmenthomes.com/apartments/san-jose/360-residences/floor-plans-and-pricing,2026-04-04,2026-09-09,,,,,Plan 2M,,
2026-09-09,ESS,Bella Villagio,,San Jose,ESS-bella-villagio-1br-824sqft-bella-cielo-den,1,1.0,824,2899.0,2026-09-15,,False,,,,,,,,https://www.essexapartmenthomes.com/apartments/san-jose/bella-villagio/floor-plans-and-pricing,2026-04-04,2026-09-09,,,,,Bella Cielo + Den,,
2026-09-09,ESS,Bella Villagio,,San Jose,ESS-bella-villagio-2br-1046sqft-bella-sole,2,2.0,1046,3737.0,2026-09-09,,False,,,,,,,,https://www.essexapartmenthomes.com/apartments/san-jose/bella-villagio/floor-plans-and-pricing,2026-04-04,2026-09-09,,,,,Bella Sole,,
2026-09-09,ESS,Bella Villagio,,San Jose,ESS-bella-villagio-3br-1319sqft-bella-terra,3,3.0,1319,4539.0,2026-09-09,,False,,,,,,,,https://www.essexapartmenthomes.com/apartments/san-jose/bella-villagio/floor-plans-and-pricing,2026-04-04,2026-09-09,,,,,Bella Terra,,
2026-09-09,ESS,Century Towers,,San Jose,ESS-century-towers-1br-586sqft-plan-1b,1,1.0,586,3129.0,2026-09-16,,False,,,,,,,,https://www.essexapartmenthomes.com/apartments/san-jose/century-towers/floor-plans-and-pricing,2026-04-04,2026-09-09,,,,,Plan 1B,,
2026-09-09,ESS,Century Towers,,San Jose,ESS-century-towers-1br-720sqft-plan-1c,1,1.0,720,3227.0,2026-10-22,,False,,,,,,,,https://www.essexapartmenthomes.com/apartments/san-jose/century-towers/floor-plans-and-pricing,2026-04-04,2026-09-09,,,,,Plan 1C,,
2026-09-09,ESS,Century Towers,,San Jose,ESS-century-towers-1br-472sqft-plan-1a,1,1.0,472,3297.0,2026-09-26,,False,,,,,,,,https://www.essexapartmenthomes.com/apartments/san-jose/century-towers/floor-plans-and-pricing,2026-04-04,2026-09-09,,,,,Plan 1A,,
2026-09-09,ESS,Century Towers,,San Jose,ESS-century-towers-1br-779sqft-plan-1e,1,1.0,779,3327.0,2026-09-28,,False,,,,,,,,https://www.essexapartmenthomes.com/apartments/san-jose/century-towers/floor-plans-and-pricing,2026-04-04,2026-09-09,,,,,Plan 1E,,
2026-09-09,ESS,Century Towers,,San Jose,ESS-century-towers-1br-936sqft-plan-1h,1,1.0,936,3379.0,2026-09-15,,False,,,,,,,,https://www.essexapartmenthomes.com/apartments/san-jose/century-towers/floor-plans-and-pricing,2026-04-26,2026-09-09,,,,,Plan 1H,,
2026-09-09,ESS,Century Towers,,San Jose,ESS-century-towers-1br-802sqft-plan-1f,1,1.0,802,3457.0,2026-09-09,,False,,,,,,,,https://www.essexapartmenthomes.com/apartments/san-jose/century-towers/floor-plans-and-pricing,2026-04-04,2026-09-09,,,,,Plan 1F,,
2026-09-09,ESS,Century Towers,,San Jose,ESS-century-towers-1br-869sqft-plan-1g,1,1.0,869,3529.0,2026-09-09,,False,,,,,,,,https://www.essexapartmenthomes.com/apartments/san-jose/century-towers/floor-plans-and-pricing,2026-07-19,2026-09-09,,,,,Plan 1G,,
2026-09-09,ESS,Century Towers,,San Jose,ESS-century-towers-2br-1172sqft-plan-2b,2,2.0,1172,4127.0,2026-09-09,,False,,,,,,,,https://www.essexapartmenthomes.com/apartments/san-jose/century-towers/floor-plans-and-pricing,2026-04-04,2026-09-09,,,,,Plan 2B,,
2026-09-09,ESS,Century Towers,,San Jose,ESS-century-towers-2br-1188sqft-plan-2c,2,2.0,1188,4167.0,2026-09-26,,False,,,,,,,,https://www.essexapartmenthomes.com/apartments/san-jose/century-towers/floor-plans-and-pricing,2026-04-04,2026-09-09,,,,,Plan 2C,,
2026-09-09,ESS,Enso,,San Jose,ESS-enso-0br-598sqft-plan-sb,0,1.0,598,3089.0,2026-09-25,,False,,,,,,,,https://www.essexapartmenthomes.com/apartments/san-jose/enso/floor-plans-and-pricing,2026-08-02,2026-09-09,,,,,Plan SB,,
2026-09-09,ESS,Enso,,San Jose,ESS-enso-1br-792sqft-plan-1a,1,1.0,792,3397.0,2026-09-29,,False,,,,,,,,https://www.essexapartmenthomes.com/apartments/san-jose/enso/floor-plans-and-pricing,2026-04-04,2026-09-09,,,,,Plan 1A,,
2026-09-09,ESS,Enso,,San Jose,ESS-enso-2br-1185sqft-plan-2b,2,2.0,1185,4109.0,2026-09-18,,False,,,,,,,,https://www.essexapartmenthomes.com/apartments/san-jose/enso/floor-plans-and-pricing,2026-04-04,2026-09-09,,,,,Plan 2B,,
2026-09-09,ESS,Enso,,San Jose,ESS-enso-2br-1221sqft-plan-2c,2,2.0,1221,4137.0,2026-10-05,,False,,,,,,,,https://www.essexapartmenthomes.com/apartments/san-jose/enso/floor-plans-and-pricing,2026-09-03,2026-09-09,,,,,Plan 2C,,
2026-09-09,ESS,Enso,,San Jose,ESS-enso-2br-1245sqft-plan-2d,2,2.0,1245,4137.0,2026-09-26,,False,,,,,,,,https://www.essexapartmenthomes.com/apartments/san-jose/enso/floor-plans-and-pricing,2026-04-04,2026-09-09,,,,,Plan 2D,,
2026-09-09,ESS,Enso,,San Jose,ESS-enso-2br-1270sqft-plan-2e,2,2.0,1270,4187.0,2026-09-09,,False,,,,,,,,https://www.essexapartmenthomes.com/apartments/san-jose/enso/floor-plans-and-pricing,2026-07-19,2026-09-09,,,,,Plan 2E,,
2026-09-09,ESS,Epic,,San Jose,ESS-epic-0br-565sqft-heroic,0,1.0,565,2999.0,2026-10-06,,False,,,,,,,,https://www.essexapartmenthomes.com/apartments/san-jose/epic/floor-plans-and-pricing,2026-04-04,2026-09-09,,,,,Heroic,,
2026-09-09,ESS,Epic,,San Jose,ESS-epic-1br-739sqft-chronicle,1,1.0,739,3209.0,2026-09-09,,False,,,,,,,,https://www.essexapartmenthomes.com/apartments/san-jose/epic/floor-plans-and-pricing,2026-04-04,2026-09-09,,,,,Chronicle,,
2026-09-09,ESS,Epic,,San Jose,ESS-epic-1br-778sqft-saga,1,1.0,778,3307.0,2026-09-09,,False,,,,,,,,https://www.essexapartmenthomes.com/apartments/san-jose/epic/floor-plans-and-pricing,2026-04-04,2026-09-09,,,,,Saga,,
2026-09-09,ESS,Epic,,San Jose,ESS-epic-1br-720sqft-odyssey,1,1.0,720,3309.0,2026-09-09,,False,,,,,,,,https://www.essexapartmenthomes.com/apartments/san-jose/epic/floor-plans-and-pricing,2026-04-04,2026-09-09,,,,,Odyssey,,
2026-09-09,ESS,Epic,,San Jose,ESS-epic-1br-803sqft-empire-den,1,1.0,803,3499.0,2026-09-09,,False,,,,,,,,https://www.essexapartmenthomes.com/apartments/san-jose/epic/floor-plans-and-pricing,2026-07-19,2026-09-09,,,,,Empire + Den,,
2026-09-09,ESS,Epic,,San Jose,ESS-epic-2br-1044sqft-folklore,2,2.0,1044,3987.0,2026-09-09,,False,,,,,,,,https://www.essexapartmenthomes.com/apartments/san-jose/epic/floor-plans-and-pricing,2026-04-04,2026-09-09,,,,,Folklore,,
2026-09-09,ESS,Epic,,San Jose,ESS-epic-2br-1100sqft-legend,2,2.0,1100,4037.0,2026-09-11,,False,,,,,,,,https://www.essexapartmenthomes.com/apartments/san-jose/epic/floor-plans-and-pricing,2026-04-04,2026-09-09,,,,,Legend,,
2026-09-09,ESS,Epic,,San Jose,ESS-epic-2br-1045sqft-fable,2,2.0,1045,4069.0,2026-09-09,,False,,,,,,,,https://www.essexapartmenthomes.com/apartments/san-jose/epic/floor-plans-and-pricing,2026-05-03,2026-09-09,,,,,Fable,,
2026-09-09,ESS,Epic,,San Jose,ESS-epic-3br-1213sqft-paragon,3,2.0,1213,4759.0,2026-10-06,,False,,,,,,,,https://www.essexapartmenthomes.com/apartments/san-jose/epic/floor-plans-and-pricing,2026-08-08,2026-09-09,,,,,Paragon,,
2026-09-09,ESS,Fountains at River Oaks,,San Jose,ESS-fountains-at-river-oaks-1br-725sqft-angel-falls,1,1.0,725,3359.0,2026-09-21,,False,,,,,,,,https://www.essexapartmenthomes.com/apartments/san-jose/fountains-at-river-oaks/floor-plans-and-pricing,2026-04-04,2026-09-09,,,,,Angel Falls,,
2026-09-09,ESS,Fountains at River Oaks,,San Jose,ESS-fountains-at-river-oaks-1br-875sqft-yosemite-falls,1,1.0,875,3479.0,2026-09-09,,False,,,,,,,,https://www.essexapartmenthomes.com/apartments/san-jose/fountains-at-river-oaks/floor-plans-and-pricing,2026-04-04,2026-09-09,,,,,Yosemite Falls,,
2026-09-09,ESS,Fountains at River Oaks,,San Jose,ESS-fountains-at-river-oaks-2br-1025sqft-cascade-falls,2,2.0,1025,4189.0,2026-10-17,,False,,,,,,,,https://www.essexapartmenthomes.com/apartments/san-jose/fountains-at-river-oaks/floor-plans-and-pricing,2026-04-04,2026-09-09,,,,,Cascade Falls,,
2026-09-09,ESS,Fountains at River Oaks,,San Jose,ESS-fountains-at-river-oaks-2br-1050sqft-victoria-falls,2,2.0,1050,4259.0,2026-09-09,,False,,,,,,,,https://www.essexapartmenthomes.com/apartments/san-jose/fountains-at-river-oaks/floor-plans-and-pricing,2026-04-13,2026-09-09,,,,,Victoria Falls,,
2026-09-09,ESS,Fountains at River Oaks,,San Jose,ESS-fountains-at-river-oaks-2br-1075sqft-crystal-falls,2,2.0,1075,4307.0,2026-09-09,,False,,,,,,,,https://www.essexapartmenthomes.com/apartments/san-jose/fountains-at-river-oaks/floor-plans-and-pricing,2026-06-22,2026-09-09,,,,,Crystal Falls,,
2026-09-09,ESS,Marquis,,San Jose,ESS-marquis-0br-554sqft-plan-sb,0,1.0,554,2737.0,2026-09-09,,False,,,,,,,,https://www.essexapartmenthomes.com/apartments/san-jose/marquis/floor-plans-and-pricing,2026-05-09,2026-09-09,,,,,Plan SB,,
2026-09-09,ESS,Marquis,,San Jose,ESS-marquis-0br-530sqft-plan-sa,0,1.0,530,2837.0,2026-09-09,,False,,,,,,,,https://www.essexapartmenthomes.com/apartments/san-jose/marquis/floor-plans-and-pricing,2026-05-09,2026-09-09,,,,,Plan SA,,
2026-09-09,ESS,Marquis,,San Jose,ESS-marquis-1br-710sqft-plan-1a,1,1.0,710,3089.0,2026-10-14,,False,,,,,,,,https://www.essexapartmenthomes.com/apartments/san-jose/marquis/floor-plans-and-pricing,2026-04-04,2026-09-09,,,,,Plan 1A,,
2026-09-09,ESS,Marquis,,San Jose,ESS-marquis-2br-1042sqft-plan-2b,2,2.0,1042,3887.0,2026-09-09,,False,,,,,,,,https://www.essexapartmenthomes.com/apartments/san-jose/marquis/floor-plans-and-pricing,2026-04-13,2026-09-09,,,,,Plan 2B,,
2026-09-09,ESS,Mio,,San Jose,ESS-mio-2br-980sqft-plan-2a,2,2.0,980,3717.0,2026-09-09,,False,,,,,,,,https://www.essexapartmenthomes.com/apartments/san-jose/mio/floor-plans-and-pricing,2026-04-04,2026-09-09,,,,,Plan 2A,,
2026-09-09,ESS,Mio,,San Jose,ESS-mio-2br-1100sqft-plan-2d,2,2.0,1100,3939.0,2026-09-12,,False,,,,,,,,https://www.essexapartmenthomes.com/apartments/san-jose/mio/floor-plans-and-pricing,2026-08-08,2026-09-09,,,,,Plan 2D,,
2026-09-09,ESS,Palma Sorrento at Palm Valley,,San Jose,ESS-palma-sorrento-at-palm-valley-1br-764sqft-la-spezia,1,1.0,764,3159.0,2026-09-12,,False,,,,,,,,https://www.essexapartmenthomes.com/apartments/san-jose/palma-sorrento-at-palm-valley/floor-plans-and-pricing,2026-04-04,2026-09-09,,,,,La Spezia,,
2026-09-09,ESS,Palma Sorrento at Palm Valley,,San Jose,ESS-palma-sorrento-at-palm-valley-2br-1178sqft-del-bellagio,2,2.0,1178,3179.0,2026-09-09,,False,,,,,,,,https://www.essexapartmenthomes.com/apartments/san-jose/palma-sorrento-at-palm-valley/floor-plans-and-pricing,2026-04-26,2026-09-09,,,,,Del Bellagio,,
2026-09-09,ESS,Palma Sorrento at Palm Valley,,San Jose,ESS-palma-sorrento-at-palm-valley-2br-1095sqft-il-napoli,2,2.0,1095,3357.0,2026-09-09,,False,,,,,,,,https://www.essexapartmenthomes.com/apartments/san-jose/palma-sorrento-at-palm-valley/floor-plans-and-pricing,2026-04-04,2026-09-09,,,,,Il Napoli,,
2026-09-09,ESS,Palma Sorrento at Palm Valley,,San Jose,ESS-palma-sorrento-at-palm-valley-2br-1258sqft-la-catania,2,2.0,1258,3669.0,2026-09-09,,False,,,,,,,,https://www.essexapartmenthomes.com/apartments/san-jose/palma-sorrento-at-palm-valley/floor-plans-and-pricing,2026-04-04,2026-09-09,,,,,La Catania,,
2026-09-09,ESS,Palma Sorrento at Palm Valley,,San Jose,ESS-palma-sorrento-at-palm-valley-3br-1264sqft-il-bergamo,3,2.0,1264,3949.0,2026-09-09,,False,,,,,,,,https://www.essexapartmenthomes.com/apartments/san-jose/palma-sorrento-at-palm-valley/floor-plans-and-pricing,2026-04-04,2026-09-09,,,,,Il Bergamo,,
2026-09-09,ESS,Patina at Midtown,,San Jose,ESS-patina-at-midtown-0br-528sqft-slate,0,1.0,528,2557.0,2026-09-09,,False,,,,,,,,https://www.essexapartmenthomes.com/apartments/san-jose/patina-at-midtown/floor-plans-and-pricing,2026-04-04,2026-09-09,,,,,Slate,,
2026-09-09,ESS,Patina at Midtown,,San Jose,ESS-patina-at-midtown-1br-715sqft-granite,1,1.0,715,3239.0,2026-09-24,,False,,,,,,,,https://www.essexapartmenthomes.com/apartments/san-jose/patina-at-midtown/floor-plans-and-pricing,2026-04-04,2026-09-09,,,,,Granite,,
2026-09-09,ESS,Patina at Midtown,,San Jose,ESS-patina-at-midtown-1br-711sqft-basalt,1,1.0,711,3247.0,2026-10-31,,False,,,,,,,,https://www.essexapartmenthomes.com/apartments/san-jose/patina-at-midtown/floor-plans-and-pricing,2026-04-04,2026-09-09,,,,,Basalt,,
2026-09-09,ESS,Patina at Midtown,,San Jose,ESS-patina-at-midtown-1br-1031sqft-onyx,1,1.0,1031,3617.0,2026-09-16,,False,,,,,,,,https://www.essexapartmenthomes.com/apartments/san-jose/patina-at-midtown/floor-plans-and-pricing,2026-04-04,2026-09-09,,,,,Onyx,,
2026-09-09,ESS,Patina at Midtown,,San Jose,ESS-patina-at-midtown-2br-1040sqft-coral,2,2.0,1040,3657.0,2026-09-15,,False,,,,,,,,https://www.essexapartmenthomes.com/apartments/san-jose/patina-at-midtown/floor-plans-and-pricing,2026-04-04,2026-09-09,,,,,Coral,,
2026-09-09,ESS,Patina at Midtown,,San Jose,ESS-patina-at-midtown-2br-1125sqft-marble,2,2.0,1125,3897.0,2026-09-27,,False,,,,,,,,https://www.essexapartmenthomes.com/apartments/san-jose/patina-at-midtown/floor-plans-and-pricing,2026-09-09,2026-09-09,,,,,Marble,,
2026-09-09,ESS,Santa Palmia at Palm Valley,,San Jose,ESS-santa-palmia-at-palm-valley-1br-698sqft-la-sofia,1,1.0,698,3089.0,2026-09-09,,False,,,,,,,,https://www.essexapartmenthomes.com/apartments/san-jose/santa-palmia-at-palm-valley/floor-plans-and-pricing,2026-04-04,2026-09-09,,,,,La Sofia,,
2026-09-09,ESS,Santa Palmia at Palm Valley,,San Jose,ESS-santa-palmia-at-palm-valley-1br-806sqft-il-greco,1,1.0,806,3119.0,2026-09-09,,False,,,,,,,,https://www.essexapartmenthomes.com/apartments/san-jose/santa-palmia-at-palm-valley/floor-plans-and-pricing,2026-04-04,2026-09-09,,,,,Il Greco,,
2026-09-09,ESS,Santa Palmia at Palm Valley,,San Jose,ESS-santa-palmia-at-palm-valley-2br-1073sqft-il-mondello,2,2.0,1073,3239.0,2026-09-09,,False,,,,,,,,https://www.essexapartmenthomes.com/apartments/san-jose/santa-palmia-at-palm-valley/floor-plans-and-pricing,2026-04-04,2026-09-09,,,,,Il Mondello,,
2026-09-09,ESS,Santa Palmia at Palm Valley,,San Jose,ESS-santa-palmia-at-palm-valley-2br-1033sqft-la-calabria,2,2.0,1033,3549.0,2026-09-09,,False,,,,,,,,https://www.essexapartmenthomes.com/apartments/san-jose/santa-palmia-at-palm-valley/floor-plans-and-pricing,2026-04-04,2026-09-09,,,,,La Calabria,,
2026-09-09,ESS,Santa Palmia at Palm Valley,,San Jose,ESS-santa-palmia-at-palm-valley-2br-1228sqft-il-bari,2,2.0,1228,3767.0,2026-09-09,,False,,,,,,,,https://www.essexapartmenthomes.com/apartments/san-jose/santa-palmia-at-palm-valley/floor-plans-and-pricing,2026-05-09,2026-09-09,,,,,Il Bari,,
2026-09-09,ESS,Santa Palmia at Palm Valley,,San Jose,ESS-santa-palmia-at-palm-valley-3br-1358sqft-san-remo,3,2.0,1358,3917.0,2026-09-09,,False,,,,,,,,https://www.essexapartmenthomes.com/apartments/san-jose/santa-palmia-at-palm-valley/floor-plans-and-pricing,2026-04-04,2026-09-09,,,,,San Remo,,
2026-09-09,ESS,Santa Palmia at Palm Valley,,San Jose,ESS-santa-palmia-at-palm-valley-3br-1610sqft-del-palazzo,3,2.0,1610,4747.0,2026-09-09,,False,,,,,,,,https://www.essexapartmenthomes.com/apartments/san-jose/santa-palmia-at-palm-valley/floor-plans-and-pricing,2026-04-04,2026-09-09,,,,,Del Palazzo,,
2026-09-09,ESS,The Carlyle,,San Jose,ESS-the-carlyle-1br-760sqft-the-atherton,1,1.0,760,2999.0,2026-09-19,,False,,,,,,,,https://www.essexapartmenthomes.com/apartments/san-jose/the-carlyle/floor-plans-and-pricing,2026-04-04,2026-09-09,,,,,The Atherton,,
2026-09-09,ESS,The Carlyle,,San Jose,ESS-the-carlyle-2br-1028sqft-the-monterey,2,2.0,1028,3607.0,2026-09-09,,False,,,,,,,,https://www.essexapartmenthomes.com/apartments/san-jose/the-carlyle/floor-plans-and-pricing,2026-04-04,2026-09-09,,,,,The Monterey,,
2026-09-09,ESS,The Carlyle,,San Jose,ESS-the-carlyle-3br-1232sqft-the-saratoga,3,2.0,1232,4279.0,2026-09-13,,False,,,,,,,,https://www.essexapartmenthomes.com/apartments/san-jose/the-carlyle/floor-plans-and-pricing,2026-05-03,2026-09-09,,,,,The Saratoga,,
2026-09-09,ESS,The Esplanade,,San Jose,ESS-the-esplanade-1br-737sqft-plan-1a,1,1.0,737,3017.0,2026-09-17,,False,,,,,,,,https://www.essexapartmenthomes.com/apartments/san-jose/the-esplanade/floor-plans-and-pricing,2026-04-04,2026-09-09,,,,,Plan 1A,,
2026-09-09,ESS,The Esplanade,,San Jose,ESS-the-esplanade-1br-737sqft-plan-1b,1,1.0,737,3067.0,2026-09-09,,False,,,,,,,,https://www.essexapartmenthomes.com/apartments/san-jose/the-esplanade/floor-plans-and-pricing,2026-04-04,2026-09-09,,,,,Plan 1B,,
2026-09-09,ESS,The Esplanade,,San Jose,ESS-the-esplanade-2br-1204sqft-plan-2a-loft-townhome,2,2.0,1204,4327.0,2026-09-23,,False,,,,,,,,https://www.essexapartmenthomes.com/apartments/san-jose/the-esplanade/floor-plans-and-pricing,2026-05-09,2026-09-09,,,,,Plan 2A + Loft Townhome,,
2026-09-09,ESS,The Esplanade,,San Jose,ESS-the-esplanade-2br-1267sqft-plan-2b-loft-townhome,2,2.0,1267,4427.0,2026-09-09,,False,,,,,,,,https://www.essexapartmenthomes.com/apartments/san-jose/the-esplanade/floor-plans-and-pricing,2026-08-15,2026-09-09,,,,,Plan 2B + Loft Townhome,,
2026-09-09,ESS,The Esplanade,,San Jose,ESS-the-esplanade-3br-1495sqft-plan-3a-loft-townhome,3,3.0,1495,5047.0,2026-09-09,,False,,,,,,,,https://www.essexapartmenthomes.com/apartments/san-jose/the-esplanade/floor-plans-and-pricing,2026-04-13,2026-09-09,,,,,Plan 3A + Loft Townhome,,
2026-09-09,ESS,Villa Veneto at Palm Valley,,San Jose,ESS-villa-veneto-at-palm-valley-1br-833sqft-il-palermo,1,1.0,833,3147.0,2026-09-09,,False,,,,,,,,https://www.essexapartmenthomes.com/apartments/san-jose/villa-veneto-at-palm-valley/floor-plans-and-pricing,2026-04-04,2026-09-09,,,,,Il Palermo,,
2026-09-09,ESS,Villa Veneto at Palm Valley,,San Jose,ESS-villa-veneto-at-palm-valley-1br-1003sqft-la-messina,1,1.0,1003,3499.0,2026-09-09,,False,,,,,,,,https://www.essexapartmenthomes.com/apartments/san-jose/villa-veneto-at-palm-valley/floor-plans-and-pricing,2026-08-02,2026-09-09,,,,,La Messina,,
2026-09-09,ESS,Villa Veneto at Palm Valley,,San Jose,ESS-villa-veneto-at-palm-valley-2br-1253sqft-la-roma,2,2.5,1253,3367.0,2026-09-09,,False,,,,,,,,https://www.essexapartmenthomes.com/apartments/san-jose/villa-veneto-at-palm-valley/floor-plans-and-pricing,2026-04-04,2026-09-09,,,,,La Roma,,
2026-09-09,ESS,Villa Veneto at Palm Valley,,San Jose,ESS-villa-veneto-at-palm-valley-2br-1051sqft-il-milano,2,1.0,1051,3577.0,2026-09-09,,False,,,,,,,,https://www.essexapartmenthomes.com/apartments/san-jose/villa-veneto-at-palm-valley/floor-plans-and-pricing,2026-04-04,2026-09-09,,,,,Il Milano,,
2026-09-09,ESS,Villa Veneto at Palm Valley,,San Jose,ESS-villa-veneto-at-palm-valley-2br-1294sqft-la-florenza,2,2.0,1294,3859.0,2026-09-09,,False,,,,,,,,https://www.essexapartmenthomes.com/apartments/san-jose/villa-veneto-at-palm-valley/floor-plans-and-pricing,2026-04-04,2026-09-09,,,,,La Florenza,,
2026-09-09,ESS,Villa Veneto at Palm Valley,,San Jose,ESS-villa-veneto-at-palm-valley-3br-1406sqft-il-venetian,3,2.0,1406,4507.0,2026-09-09,,False,,,,,,,,https://www.essexapartmenthomes.com/apartments/san-jose/villa-veneto-at-palm-valley/floor-plans-and-pricing,2026-04-04,2026-09-09,,,,,Il Venetian,,
2026-09-09,ESS,ViO,,San Jose,ESS-vio-1br-761sqft-plan-1d,1,1.0,761,3097.0,2026-10-13,,False,,,,,,,,https://www.essexapartmenthomes.com/apartments/san-jose/vio/floor-plans-and-pricing,2026-04-04,2026-09-09,,,,,Plan 1D,,
2026-09-09,ESS,ViO,,San Jose,ESS-vio-2br-1024sqft-plan-2c,2,2.0,1024,3627.0,2026-09-09,,False,,,,,,,,https://www.essexapartmenthomes.com/apartments/san-jose/vio/floor-plans-and-pricing,2026-04-19,2026-09-09,,,,,Plan 2C,,
2026-09-09,ESS,ViO,,San Jose,ESS-vio-2br-1166sqft-plan-2f,2,2.0,1166,3777.0,2026-09-09,,False,,,,,,,,https://www.essexapartmenthomes.com/apartments/san-jose/vio/floor-plans-and-pricing,2026-04-04,2026-09-09,,,,,Plan 2F,,
2026-09-09,ESS,ViO,,San Jose,ESS-vio-2br-1098sqft-plan-2d,2,2.0,1098,3827.0,2026-09-28,,False,,,,,,,,https://www.essexapartmenthomes.com/apartments/san-jose/vio/floor-plans-and-pricing,2026-04-04,2026-09-09,,,,,Plan 2D,,
2026-09-09,ESS,ViO,,San Jose,ESS-vio-3br-1200sqft-plan-3a,3,2.0,1200,4857.0,2026-09-09,,False,,,,,,,,https://www.essexapartmenthomes.com/apartments/san-jose/vio/floor-plans-and-pricing,2026-07-19,2026-09-09,,,,,Plan 3A,,
2026-09-09,ESS,ViO,,San Jose,ESS-vio-3br-1327sqft-plan-3b,3,2.0,1327,4857.0,2026-09-20,,False,,,,,,,,https://www.essexapartmenthomes.com/apartments/san-jose/vio/floor-plans-and-pricing,2026-04-04,2026-09-09,,,,,Plan 3B,,
2026-09-09,ESS,Waterford Place,,San Jose,ESS-waterford-place-1br-731sqft-the-carlton,1,1.0,731,3137.0,2026-09-18,,False,,,,,,,,https://www.essexapartmenthomes.com/apartments/san-jose/waterford-place/floor-plans-and-pricing,2026-04-04,2026-09-09,,,,,The Carlton,,
2026-09-09,ESS,Waterford Place,,San Jose,ESS-waterford-place-2br-1095sqft-the-ashworth,2,2.0,1095,3589.0,2026-09-09,,False,,,,,,,,https://www.essexapartmenthomes.com/apartments/san-jose/waterford-place/floor-plans-and-pricing,2026-04-04,2026-09-09,,,,,The Ashworth,,
2026-09-09,ESS,Waterford Place,,San Jose,ESS-waterford-place-2br-1151sqft-the-kelsey,2,2.0,1151,3819.0,2026-09-09,,False,,,,,,,,https://www.essexapartmenthomes.com/apartments/san-jose/waterford-place/floor-plans-and-pricing,2026-04-04,2026-09-09,,,,,The Kelsey,,
2026-09-09,ESS,Waterford Place,,San Jose,ESS-waterford-place-3br-1305sqft-the-lismore,3,2.0,1305,4429.0,2026-09-09,,False,,,,,,,,https://www.essexapartmenthomes.com/apartments/san-jose/waterford-place/floor-plans-and-pricing,2026-04-04,2026-09-09,,,,,The Lismore,,
2026-09-09,ESS,Willow Lake,,San Jose,ESS-willow-lake-1br-732sqft-maple,1,1.0,732,3137.0,2026-09-09,,False,,,,,,,,https://www.essexapartmenthomes.com/apartments/san-jose/willow-lake/floor-plans-and-pricing,2026-04-04,2026-09-09,,,,,Maple,,
2026-09-09,ESS,Willow Lake,,San Jose,ESS-willow-lake-1br-860sqft-sycamore,1,1.0,860,3237.0,2026-09-18,,False,,,,,,,,https://www.essexapartmenthomes.com/apartments/san-jose/willow-lake/floor-plans-and-pricing,2026-04-13,2026-09-09,,,,,Sycamore,,
2026-09-09,ESS,Willow Lake,,San Jose,ESS-willow-lake-2br-1015sqft-magnolia,2,2.0,1015,3579.0,2026-09-09,,False,,,,,,,,https://www.essexapartmenthomes.com/apartments/san-jose/willow-lake/floor-plans-and-pricing,2026-04-04,2026-09-09,,,,,Magnolia,,
2026-09-09,ESS,Willow Lake,,San Jose,ESS-willow-lake-2br-1150sqft-chestnut,2,2.0,1150,3789.0,2026-10-10,,False,,,,,,,,https://www.essexapartmenthomes.com/apartments/san-jose/willow-lake/floor-plans-and-pricing,2026-04-13,2026-09-09,,,,,Chestnut,,
2026-09-09,ESS,Willow Lake,,San Jose,ESS-willow-lake-3br-1303sqft-cypress,3,3.0,1303,4759.0,2026-09-09,,False,,,,,,,,https://www.essexapartmenthomes.com/apartments/san-jose/willow-lake/floor-plans-and-pricing,2026-04-05,2026-09-09,,,,,Cypress,,
2026-09-09,ESS,Lakeshore Landing,,Bay Area,ESS-lakeshore-landing-1br-570sqft-shoreline,1,1.0,570,3417.0,2026-09-09,,False,,,,,,,,https://www.essexapartmenthomes.com/apartments/san-mateo/lakeshore-landing/floor-plans-and-pricing,2026-04-04,2026-09-09,,,,,Shoreline,,
2026-09-09,ESS,Lakeshore Landing,,Bay Area,ESS-lakeshore-landing-1br-672sqft-mooring-den,1,1.0,672,3517.0,2026-10-02,,False,,,,,,,,https://www.essexapartmenthomes.com/apartments/san-mateo/lakeshore-landing/floor-plans-and-pricing,2026-04-05,2026-09-09,,,,,Mooring + Den,,
2026-09-09,ESS,Lakeshore Landing,,Bay Area,ESS-lakeshore-landing-1br-609sqft-dockside,1,1.0,609,3607.0,2026-09-09,,False,,,,,,,,https://www.essexapartmenthomes.com/apartments/san-mateo/lakeshore-landing/floor-plans-and-pricing,2026-06-09,2026-09-09,,,,,Dockside,,
2026-09-09,ESS,Lakeshore Landing,,Bay Area,ESS-lakeshore-landing-1br-653sqft-pier-den,1,1.0,653,3607.0,2026-09-09,,False,,,,,,,,https://www.essexapartmenthomes.com/apartments/san-mateo/lakeshore-landing/floor-plans-and-pricing,2026-05-09,2026-09-09,,,,,Pier + Den,,
2026-09-09,ESS,Lakeshore Landing,,Bay Area,ESS-lakeshore-landing-2br-858sqft-marina,2,2.0,858,3857.0,2026-09-09,,False,,,,,,,,https://www.essexapartmenthomes.com/apartments/san-mateo/lakeshore-landing/floor-plans-and-pricing,2026-04-04,2026-09-09,,,,,Marina,,
2026-09-09,ESS,Lakeshore Landing,,Bay Area,ESS-lakeshore-landing-2br-899sqft-harbor,2,2.0,899,3879.0,2026-09-09,,False,,,,,,,,https://www.essexapartmenthomes.com/apartments/san-mateo/lakeshore-landing/floor-plans-and-pricing,2026-04-04,2026-09-09,,,,,Harbor,,
2026-09-09,ESS,Station Park Green,,Bay Area,ESS-station-park-green-0br-632sqft-maple,0,1.0,632,3747.0,2026-09-09,,False,,,,,,,,https://www.essexapartmenthomes.com/apartments/san-mateo/station-park-green/floor-plans-and-pricing,2026-08-02,2026-09-09,,,,,Maple,,
2026-09-09,ESS,Station Park Green,,Bay Area,ESS-station-park-green-0br-745sqft-birch,0,1.0,745,3967.0,2026-09-09,,False,,,,,,,,https://www.essexapartmenthomes.com/apartments/san-mateo/station-park-green/floor-plans-and-pricing,2026-04-04,2026-09-09,,,,,Birch,,
2026-09-09,ESS,Station Park Green,,Bay Area,ESS-station-park-green-1br-721sqft-fir,1,1.0,721,3749.0,2026-09-09,,False,,,,,,,,https://www.essexapartmenthomes.com/apartments/san-mateo/station-park-green/floor-plans-and-pricing,2026-05-17,2026-09-09,,,,,Fir,,
2026-09-09,ESS,Station Park Green,,Bay Area,ESS-station-park-green-1br-727sqft-elm,1,1.0,727,3867.0,2026-09-09,,False,,,,,,,,https://www.essexapartmenthomes.com/apartments/san-mateo/station-park-green/floor-plans-and-pricing,2026-04-04,2026-09-09,,,,,Elm,,
2026-09-09,ESS,Station Park Green,,Bay Area,ESS-station-park-green-1br-750sqft-balsam,1,1.0,750,3887.0,2026-09-09,,False,,,,,,,,https://www.essexapartmenthomes.com/apartments/san-mateo/station-park-green/floor-plans-and-pricing,2026-09-03,2026-09-09,,,,,Balsam,,
2026-09-09,ESS,Station Park Green,,Bay Area,ESS-station-park-green-1br-735sqft-cedar,1,1.0,735,3899.0,2026-09-09,,False,,,,,,,,https://www.essexapartmenthomes.com/apartments/san-mateo/station-park-green/floor-plans-and-pricing,2026-05-03,2026-09-09,,,,,Cedar,,
2026-09-09,ESS,Station Park Green,,Bay Area,ESS-station-park-green-1br-865sqft-alder,1,1.0,865,4249.0,2026-10-10,,False,,,,,,,,https://www.essexapartmenthomes.com/apartments/san-mateo/station-park-green/floor-plans-and-pricing,2026-04-04,2026-09-09,,,,,Alder,,
2026-09-09,ESS,Station Park Green,,Bay Area,ESS-station-park-green-1br-947sqft-spruce-den,1,1.0,947,4509.0,2026-09-09,,False,,,,,,,,https://www.essexapartmenthomes.com/apartments/san-mateo/station-park-green/floor-plans-and-pricing,2026-07-19,2026-09-09,,,,,Spruce + Den,,
2026-09-09,ESS,Station Park Green,,Bay Area,ESS-station-park-green-2br-1039sqft-redwood,2,2.0,1039,5639.0,2026-09-09,,False,,,,,,,,https://www.essexapartmenthomes.com/apartments/san-mateo/station-park-green/floor-plans-and-pricing,2026-04-04,2026-09-09,,,,,Redwood,,
2026-09-09,ESS,Station Park Green,,Bay Area,ESS-station-park-green-2br-1021sqft-juniper,2,2.0,1021,5727.0,2026-10-15,,False,,,,,,,,https://www.essexapartmenthomes.com/apartments/san-mateo/station-park-green/floor-plans-and-pricing,2026-09-09,2026-09-09,,,,,Juniper,,
2026-09-09,ESS,Deer Valley,,San Rafael,ESS-deer-valley-1br-706sqft-plan-1a,1,1.0,706,2927.0,2026-09-09,,False,,,,,,,,https://www.essexapartmenthomes.com/apartments/san-rafael/deer-valley/floor-plans-and-pricing,2026-04-13,2026-09-09,,,,,Plan 1A,,
2026-09-09,ESS,Deer Valley,,San Rafael,ESS-deer-valley-1br-748sqft-plan-1b-den,1,1.0,748,2959.0,2026-09-28,,False,,,,,,,,https://www.essexapartmenthomes.com/apartments/san-rafael/deer-valley/floor-plans-and-pricing,2026-04-04,2026-09-09,,,,,Plan 1B + Den,,
2026-09-09,ESS,Deer Valley,,San Rafael,ESS-deer-valley-2br-981sqft-plan-2b,2,2.0,981,3647.0,2026-10-07,,False,,,,,,,,https://www.essexapartmenthomes.com/apartments/san-rafael/deer-valley/floor-plans-and-pricing,2026-04-04,2026-09-09,,,,,Plan 2B,,
2026-09-09,ESS,Bel Air,,Bay Area,ESS-bel-air-0br-436sqft-the-sandcove,0,1.0,436,2197.0,2026-09-09,,False,,,,,,,,https://www.essexapartmenthomes.com/apartments/san-ramon/bel-air/floor-plans-and-pricing,2026-04-04,2026-09-09,,,,,The Sandcove,,
2026-09-09,ESS,Bel Air,,Bay Area,ESS-bel-air-1br-712sqft-the-sunridge,1,1.0,712,2387.0,2026-09-09,,False,,,,,,,,https://www.essexapartmenthomes.com/apartments/san-ramon/bel-air/floor-plans-and-pricing,2026-04-04,2026-09-09,,,,,The Sunridge,,
2026-09-09,ESS,Bel Air,,Bay Area,ESS-bel-air-1br-702sqft-the-shoreview,1,1.0,702,2667.0,2026-09-09,,False,,,,,,,,https://www.essexapartmenthomes.com/apartments/san-ramon/bel-air/floor-plans-and-pricing,2026-04-04,2026-09-09,,,,,The Shoreview,,
2026-09-09,ESS,Bel Air,,Bay Area,ESS-bel-air-2br-900sqft-the-skycrest,2,2.0,900,2957.0,2026-09-09,,False,,,,,,,,https://www.essexapartmenthomes.com/apartments/san-ramon/bel-air/floor-plans-and-pricing,2026-04-04,2026-09-09,,,,,The Skycrest,,
2026-09-09,ESS,Bel Air,,Bay Area,ESS-bel-air-2br-1067sqft-the-fairway,2,2.0,1067,3529.0,2026-09-27,,False,,,,,,,,https://www.essexapartmenthomes.com/apartments/san-ramon/bel-air/floor-plans-and-pricing,2026-04-13,2026-09-09,,,,,The Fairway,,
2026-09-09,ESS,Bel Air,,Bay Area,ESS-bel-air-2br-1114sqft-the-eagle-townhome,2,2.0,1114,3599.0,2026-09-16,,False,,,,,,,,https://www.essexapartmenthomes.com/apartments/san-ramon/bel-air/floor-plans-and-pricing,2026-06-09,2026-09-09,,,,,The Eagle Townhome,,
2026-09-09,ESS,Bel Air,,Bay Area,ESS-bel-air-2br-1093sqft-the-birdie,2,2.0,1093,3869.0,2026-11-03,,False,,,,,,,,https://www.essexapartmenthomes.com/apartments/san-ramon/bel-air/floor-plans-and-pricing,2026-09-06,2026-09-09,,,,,The Birdie,,
2026-09-09,ESS,Canyon Oaks at Windemere,,Bay Area,ESS-canyon-oaks-at-windemere-1br-775sqft-plan-1a,1,1.0,775,2437.0,2026-09-09,,False,,,,,,,,https://www.essexapartmenthomes.com/apartments/san-ramon/canyon-oaks-at-windemere/floor-plans-and-pricing,2026-04-04,2026-09-09,,,,,Plan 1A,,
2026-09-09,ESS,Canyon Oaks at Windemere,,Bay Area,ESS-canyon-oaks-at-windemere-1br-890sqft-plan-1b,1,1.0,890,2547.0,2026-09-09,,False,,,,,,,,https://www.essexapartmenthomes.com/apartments/san-ramon/canyon-oaks-at-windemere/floor-plans-and-pricing,2026-04-04,2026-09-09,,,,,Plan 1B,,
2026-09-09,ESS,Canyon Oaks at Windemere,,Bay Area,ESS-canyon-oaks-at-windemere-2br-1052sqft-plan-2a,2,2.0,1052,3039.0,2026-11-07,,False,,,,,,,,https://www.essexapartmenthomes.com/apartments/san-ramon/canyon-oaks-at-windemere/floor-plans-and-pricing,2026-04-04,2026-09-09,,,,,Plan 2A,,
2026-09-09,ESS,Canyon Oaks at Windemere,,Bay Area,ESS-canyon-oaks-at-windemere-2br-1160sqft-plan-2e,2,2.0,1160,3277.0,2026-09-09,,False,,,,,,,,https://www.essexapartmenthomes.com/apartments/san-ramon/canyon-oaks-at-windemere/floor-plans-and-pricing,2026-05-09,2026-09-09,,,,,Plan 2E,,
2026-09-09,ESS,Canyon Oaks at Windemere,,Bay Area,ESS-canyon-oaks-at-windemere-2br-1128sqft-plan-2c,2,2.0,1128,3777.0,2026-09-20,,False,,,,,,,,https://www.essexapartmenthomes.com/apartments/san-ramon/canyon-oaks-at-windemere/floor-plans-and-pricing,2026-04-04,2026-09-09,,,,,Plan 2C,,
2026-09-09,ESS,Crow Canyon,,Bay Area,ESS-crow-canyon-1br-575sqft-plan-1a,1,1.0,575,2307.0,2026-09-09,,False,,,,,,,,https://www.essexapartmenthomes.com/apartments/san-ramon/crow-canyon/floor-plans-and-pricing,2026-06-14,2026-09-09,,,,,Plan 1A,,
2026-09-09,ESS,Crow Canyon,,Bay Area,ESS-crow-canyon-1br-727sqft-plan-1b,1,1.0,727,2469.0,2026-09-09,,False,,,,,,,,https://www.essexapartmenthomes.com/apartments/san-ramon/crow-canyon/floor-plans-and-pricing,2026-06-14,2026-09-09,,,,,Plan 1B,,
2026-09-09,ESS,Crow Canyon,,Bay Area,ESS-crow-canyon-2br-956sqft-plan-2a,2,1.0,956,3007.0,2026-10-01,,False,,,,,,,,https://www.essexapartmenthomes.com/apartments/san-ramon/crow-canyon/floor-plans-and-pricing,2026-06-22,2026-09-09,,,,,Plan 2A,,
2026-09-09,ESS,Crow Canyon,,Bay Area,ESS-crow-canyon-2br-1057sqft-plan-2b,2,2.0,1057,3157.0,2026-10-05,,False,,,,,,,,https://www.essexapartmenthomes.com/apartments/san-ramon/crow-canyon/floor-plans-and-pricing,2026-06-14,2026-09-09,,,,,Plan 2B,,
2026-09-09,ESS,Crow Canyon,,Bay Area,ESS-crow-canyon-3br-1332sqft-plan-3a,3,2.0,1332,3937.0,2026-09-09,,False,,,,,,,,https://www.essexapartmenthomes.com/apartments/san-ramon/crow-canyon/floor-plans-and-pricing,2026-06-14,2026-09-09,,,,,Plan 3A,,
2026-09-09,ESS,Foothill - Twin Creeks Condos,,Bay Area,ESS-foothill-twin-creeks-condos-2br-1175sqft-plan-2a,2,2.0,1175,2917.0,2026-09-09,,False,,,,,,,,https://www.essexapartmenthomes.com/apartments/san-ramon/foothill-twin-creeks-condos/floor-plans-and-pricing,2026-04-04,2026-09-09,,,,,Plan 2A,,
2026-09-09,ESS,Mill Creek at Windemere,,Bay Area,ESS-mill-creek-at-windemere-1br-775sqft-plan-1a,1,1.0,775,2319.0,2026-09-09,,False,,,,,,,,https://www.essexapartmenthomes.com/apartments/san-ramon/mill-creek-at-windemere/floor-plans-and-pricing,2026-04-04,2026-09-09,,,,,Plan 1A,,
2026-09-09,ESS,Mill Creek at Windemere,,Bay Area,ESS-mill-creek-at-windemere-1br-890sqft-plan-1b,1,1.0,890,2559.0,2026-09-09,,False,,,,,,,,https://www.essexapartmenthomes.com/apartments/san-ramon/mill-creek-at-windemere/floor-plans-and-pricing,2026-04-04,2026-09-09,,,,,Plan 1B,,
2026-09-09,ESS,Mill Creek at Windemere,,Bay Area,ESS-mill-creek-at-windemere-2br-1052sqft-plan-2a,2,2.0,1052,3107.0,2026-09-09,,False,,,,,,,,https://www.essexapartmenthomes.com/apartments/san-ramon/mill-creek-at-windemere/floor-plans-and-pricing,2026-04-04,2026-09-09,,,,,Plan 2A,,
2026-09-09,ESS,Mill Creek at Windemere,,Bay Area,ESS-mill-creek-at-windemere-2br-1088sqft-plan-2b,2,2.0,1088,3127.0,2026-09-09,,False,,,,,,,,https://www.essexapartmenthomes.com/apartments/san-ramon/mill-creek-at-windemere/floor-plans-and-pricing,2026-04-04,2026-09-09,,,,,Plan 2B,,
2026-09-09,ESS,Mill Creek at Windemere,,Bay Area,ESS-mill-creek-at-windemere-2br-1128sqft-plan-2c,2,2.0,1128,3317.0,2026-09-09,,False,,,,,,,,https://www.essexapartmenthomes.com/apartments/san-ramon/mill-creek-at-windemere/floor-plans-and-pricing,2026-05-09,2026-09-09,,,,,Plan 2C,,
2026-09-09,ESS,Mill Creek at Windemere,,Bay Area,ESS-mill-creek-at-windemere-2br-1157sqft-plan-2d,2,2.0,1157,3327.0,2026-09-09,,False,,,,,,,,https://www.essexapartmenthomes.com/apartments/san-ramon/mill-creek-at-windemere/floor-plans-and-pricing,2026-06-14,2026-09-09,,,,,Plan 2D,,
2026-09-09,ESS,Fairhaven,,Santa Ana,ESS-fairhaven-1br-750sqft-plan-1a,1,1.0,750,2267.0,2026-09-09,,False,,,,,,,,https://www.essexapartmenthomes.com/apartments/santa-ana/fairhaven/floor-plans-and-pricing,2026-04-04,2026-09-09,,,,,Plan 1A,,
2026-09-09,ESS,Fairhaven,,Santa Ana,ESS-fairhaven-2br-1050sqft-plan-2a,2,2.0,1050,2637.0,2026-09-25,,False,,,,,,,,https://www.essexapartmenthomes.com/apartments/santa-ana/fairhaven/floor-plans-and-pricing,2026-04-04,2026-09-09,,,,,Plan 2A,,
2026-09-09,ESS,Parkside Court,,Santa Ana,ESS-parkside-court-1br-631sqft-caribbean,1,1.0,631,2407.0,2026-10-10,,False,,,,,,,,https://www.essexapartmenthomes.com/apartments/santa-ana/parkside-court/floor-plans-and-pricing,2026-04-04,2026-09-09,,,,,Caribbean,,
2026-09-09,ESS,Parkside Court,,Santa Ana,ESS-parkside-court-1br-550sqft-mediterranean,1,1.0,550,2497.0,2026-10-02,,False,,,,,,,,https://www.essexapartmenthomes.com/apartments/santa-ana/parkside-court/floor-plans-and-pricing,2026-04-04,2026-09-09,,,,,Mediterranean,,
2026-09-09,ESS,Parkside Court,,Santa Ana,ESS-parkside-court-2br-879sqft-pacifica,2,2.0,879,2839.0,2026-09-09,,False,,,,,,,,https://www.essexapartmenthomes.com/apartments/santa-ana/parkside-court/floor-plans-and-pricing,2026-04-04,2026-09-09,,,,,Pacifica,,
2026-09-09,ESS,Pinnacle at MacArthur Place,,Santa Ana,ESS-pinnacle-at-macarthur-place-1br-551sqft-plan-1a,1,1.0,551,2727.0,2026-10-24,,True,hard,"Save Up to $2,400 Off Rent!*",dollar_off,2400.0,7.33,,2527.0,https://www.essexapartmenthomes.com/apartments/santa-ana/pinnacle-at-macarthur-place/floor-plans-and-pricing,2026-04-04,2026-09-09,,,,,Plan 1A,,
2026-09-09,ESS,Pinnacle at MacArthur Place,,Santa Ana,ESS-pinnacle-at-macarthur-place-1br-819sqft-plan-1b,1,1.0,819,2747.0,2026-09-09,,True,hard,"Save Up to $2,400 Off Rent!*",dollar_off,2400.0,7.28,,2547.0,https://www.essexapartmenthomes.com/apartments/santa-ana/pinnacle-at-macarthur-place/floor-plans-and-pricing,2026-04-04,2026-09-09,,,,,Plan 1B,,
2026-09-09,ESS,Pinnacle at MacArthur Place,,Santa Ana,ESS-pinnacle-at-macarthur-place-2br-1204sqft-plan-2c,2,2.0,1204,3319.0,2026-09-09,,True,hard,"Save Up to $2,400 Off Rent!*",dollar_off,2400.0,6.03,,3119.0,https://www.essexapartmenthomes.com/apartments/santa-ana/pinnacle-at-macarthur-place/floor-plans-and-pricing,2026-04-04,2026-09-09,,,,,Plan 2C,,
2026-09-09,ESS,Pinnacle at MacArthur Place,,Santa Ana,ESS-pinnacle-at-macarthur-place-2br-1318sqft-plan-2d,2,2.0,1318,3417.0,2026-09-09,,True,hard,"Save Up to $2,400 Off Rent!*",dollar_off,2400.0,5.85,,3217.0,https://www.essexapartmenthomes.com/apartments/santa-ana/pinnacle-at-macarthur-place/floor-plans-and-pricing,2026-04-04,2026-09-09,,,,,Plan 2D,,
2026-09-09,ESS,Pinnacle at MacArthur Place,,Santa Ana,ESS-pinnacle-at-macarthur-place-2br-1525sqft-plan-2e,2,2.0,1525,3689.0,2026-10-10,,True,hard,"Save Up to $2,400 Off Rent!*",dollar_off,2400.0,5.42,,3489.0,https://www.essexapartmenthomes.com/apartments/santa-ana/pinnacle-at-macarthur-place/floor-plans-and-pricing,2026-08-10,2026-09-09,,,,,Plan 2E,,
2026-09-09,ESS,Hope Ranch,,Santa Barbara,ESS-hope-ranch-1br-515sqft-plan-1a,1,1.0,515,2879.0,2026-10-24,,False,,,,,,,,https://www.essexapartmenthomes.com/apartments/santa-barbara/hope-ranch/floor-plans-and-pricing,2026-04-04,2026-09-09,,,,,Plan 1A,,
2026-09-09,ESS,Hope Ranch,,Santa Barbara,ESS-hope-ranch-1br-650sqft-plan-1b,1,1.0,650,2999.0,2026-09-09,,False,,,,,,,,https://www.essexapartmenthomes.com/apartments/santa-barbara/hope-ranch/floor-plans-and-pricing,2026-04-04,2026-09-09,,,,,Plan 1B,,
2026-09-09,ESS,1000 Kiely,,San Jose,ESS-1000-kiely-2br-1008sqft-plan-2a,2,1.0,1008,4059.0,2026-09-09,,False,,,,,,,,https://www.essexapartmenthomes.com/apartments/santa-clara/1000-kiely/floor-plans-and-pricing,2026-04-04,2026-09-09,,,,,Plan 2A,,
2026-09-09,ESS,1000 Kiely,,San Jose,ESS-1000-kiely-3br-1185sqft-plan-3a,3,2.0,1185,4589.0,2026-10-02,,False,,,,,,,,https://www.essexapartmenthomes.com/apartments/santa-clara/1000-kiely/floor-plans-and-pricing,2026-04-13,2026-09-09,,,,,Plan 3A,,
2026-09-09,ESS,Le Parc,,San Jose,ESS-le-parc-1br-725sqft-geneve,1,1.0,725,3077.0,2026-09-25,,False,,,,,,,,https://www.essexapartmenthomes.com/apartments/santa-clara/le-parc/floor-plans-and-pricing,2026-04-04,2026-09-09,,,,,Geneve,,
2026-09-09,ESS,Le Parc,,San Jose,ESS-le-parc-2br-925sqft-nice,2,1.0,925,3607.0,2026-09-09,,False,,,,,,,,https://www.essexapartmenthomes.com/apartments/santa-clara/le-parc/floor-plans-and-pricing,2026-04-04,2026-09-09,,,,,Nice,,
2026-09-09,ESS,Marina Cove,,San Jose,ESS-marina-cove-1br-720sqft-1-bed-1-bath-al,1,1.0,720,3079.0,2026-10-07,,False,,,,,,,,https://www.essexapartmenthomes.com/apartments/santa-clara/marina-cove/floor-plans-and-pricing,2026-04-19,2026-09-09,,,,,1 Bed 1 Bath (AL),,
2026-09-09,ESS,Marina Cove,,San Jose,ESS-marina-cove-1br-720sqft-1-bed-1-bath-a,1,1.0,720,3157.0,2026-09-09,,False,,,,,,,,https://www.essexapartmenthomes.com/apartments/santa-clara/marina-cove/floor-plans-and-pricing,2026-04-04,2026-09-09,,,,,1 Bed 1 Bath (A),,
2026-09-09,ESS,Marina Cove,,San Jose,ESS-marina-cove-2br-900sqft-2-bed-1-bath-dl,2,1.0,900,3807.0,2026-09-15,,False,,,,,,,,https://www.essexapartmenthomes.com/apartments/santa-clara/marina-cove/floor-plans-and-pricing,2026-05-24,2026-09-09,,,,,2 Bed 1 Bath (DL),,
2026-09-09,ESS,Marina Cove,,San Jose,ESS-marina-cove-2br-900sqft-2-bed-1-bath-d,2,1.0,900,3869.0,2026-09-09,,False,,,,,,,,https://www.essexapartmenthomes.com/apartments/santa-clara/marina-cove/floor-plans-and-pricing,2026-05-09,2026-09-09,,,,,2 Bed 1 Bath (D),,
2026-09-09,ESS,Marina Cove,,San Jose,ESS-marina-cove-2br-1056sqft-2-bed-2-bath-f,2,2.0,1056,3899.0,2026-10-03,,False,,,,,,,,https://www.essexapartmenthomes.com/apartments/santa-clara/marina-cove/floor-plans-and-pricing,2026-04-04,2026-09-09,,,,,2 Bed 2 Bath (F),,
2026-09-09,ESS,Marina Cove,,San Jose,ESS-marina-cove-2br-1051sqft-2-bed-2-bath-e,2,2.0,1051,3957.0,2026-10-04,,False,,,,,,,,https://www.essexapartmenthomes.com/apartments/santa-clara/marina-cove/floor-plans-and-pricing,2026-04-19,2026-09-09,,,,,2 Bed 2 Bath (E),,
2026-09-09,ESS,Mylo Santa Clara,,San Jose,ESS-mylo-santa-clara-1br-718sqft-cascade,1,1.0,718,3399.0,2026-09-09,,False,,,,,,,,https://www.essexapartmenthomes.com/apartments/santa-clara/mylo-santa-clara/floor-plans-and-pricing,2026-08-02,2026-09-09,,,,,Cascade,,
2026-09-09,ESS,Mylo Santa Clara,,San Jose,ESS-mylo-santa-clara-1br-818sqft-inyo,1,1.0,818,3667.0,2026-09-09,,False,,,,,,,,https://www.essexapartmenthomes.com/apartments/santa-clara/mylo-santa-clara/floor-plans-and-pricing,2026-07-19,2026-09-09,,,,,Inyo,,
2026-09-09,ESS,Mylo Santa Clara,,San Jose,ESS-mylo-santa-clara-1br-852sqft-klamath-loft,1,1.0,852,3737.0,2026-09-09,,False,,,,,,,,https://www.essexapartmenthomes.com/apartments/santa-clara/mylo-santa-clara/floor-plans-and-pricing,2026-04-04,2026-09-09,,,,,Klamath Loft,,
2026-09-09,ESS,Mylo Santa Clara,,San Jose,ESS-mylo-santa-clara-1br-852sqft-trinity,1,1.0,852,4207.0,2026-09-28,,False,,,,,,,,https://www.essexapartmenthomes.com/apartments/santa-clara/mylo-santa-clara/floor-plans-and-pricing,2026-04-04,2026-09-09,,,,,Trinity,,
2026-09-09,ESS,Mylo Santa Clara,,San Jose,ESS-mylo-santa-clara-2br-1113sqft-santa-cruz,2,2.0,1113,4467.0,2026-09-09,,False,,,,,,,,https://www.essexapartmenthomes.com/apartments/santa-clara/mylo-santa-clara/floor-plans-and-pricing,2026-04-13,2026-09-09,,,,,Santa Cruz,,
2026-09-09,ESS,Mylo Santa Clara,,San Jose,ESS-mylo-santa-clara-2br-1149sqft-sierra,2,2.0,1149,4709.0,2026-09-09,,False,,,,,,,,https://www.essexapartmenthomes.com/apartments/santa-clara/mylo-santa-clara/floor-plans-and-pricing,2026-06-09,2026-09-09,,,,,Sierra,,
2026-09-09,ESS,Riley Square,,San Jose,ESS-riley-square-2br-870sqft-capistrano,2,1.0,870,3769.0,2026-09-09,,False,,,,,,,,https://www.essexapartmenthomes.com/apartments/santa-clara/riley-square/floor-plans-and-pricing,2026-04-04,2026-09-09,,,,,Capistrano,,
2026-09-09,ESS,Villa Granada,,San Jose,ESS-villa-granada-1br-760sqft-toledo,1,1.0,760,3519.0,2026-09-10,,False,,,,,,,,https://www.essexapartmenthomes.com/apartments/santa-clara/villa-granada/floor-plans-and-pricing,2026-09-03,2026-09-09,,,,,Toledo,,
2026-09-09,ESS,Villa Granada,,San Jose,ESS-villa-granada-2br-1155sqft-barcelona,2,2.0,1155,4667.0,2026-09-09,,False,,,,,,,,https://www.essexapartmenthomes.com/apartments/santa-clara/villa-granada/floor-plans-and-pricing,2026-05-03,2026-09-09,,,,,Barcelona,,
2026-09-09,ESS,Villa Granada,,San Jose,ESS-villa-granada-2br-1035sqft-las-palmas-b1,2,2.0,1035,4717.0,2026-09-09,,False,,,,,,,,https://www.essexapartmenthomes.com/apartments/santa-clara/villa-granada/floor-plans-and-pricing,2026-04-13,2026-09-09,,,,,Las Palmas B1,,
2026-09-09,ESS,Bridgeport Coast,,Santa Clarita,ESS-bridgeport-coast-1br-759sqft-huntington,1,1.0,759,2247.0,2026-09-12,,True,hard,"Save Up to $1,600 Off Rent!*",dollar_off,1600.0,5.93,,2113.67,https://www.essexapartmenthomes.com/apartments/santa-clarita/bridgeport-coast/floor-plans-and-pricing,2026-04-04,2026-09-09,,,,,Huntington,,
2026-09-09,ESS,Bridgeport Coast,,Santa Clarita,ESS-bridgeport-coast-1br-635sqft-malibu,1,1.0,635,2469.0,2026-09-09,,True,hard,"Save Up to $1,600 Off Rent!*",dollar_off,1600.0,5.4,,2335.67,https://www.essexapartmenthomes.com/apartments/santa-clarita/bridgeport-coast/floor-plans-and-pricing,2026-07-19,2026-09-09,,,,,Malibu,,
2026-09-09,ESS,Bridgeport Coast,,Santa Clarita,ESS-bridgeport-coast-1br-764sqft-oceanside,1,1.0,764,2527.0,2026-10-08,,True,hard,"Save Up to $1,600 Off Rent!*",dollar_off,1600.0,5.28,,2393.67,https://www.essexapartmenthomes.com/apartments/santa-clarita/bridgeport-coast/floor-plans-and-pricing,2026-04-04,2026-09-09,,,,,Oceanside,,
2026-09-09,ESS,Bridgeport Coast,,Santa Clarita,ESS-bridgeport-coast-2br-1096sqft-newport,2,2.0,1096,3129.0,2026-11-07,,True,hard,"Save Up to $1,600 Off Rent!*",dollar_off,1600.0,4.26,,2995.67,https://www.essexapartmenthomes.com/apartments/santa-clarita/bridgeport-coast/floor-plans-and-pricing,2026-04-04,2026-09-09,,,,,Newport,,
2026-09-09,ESS,Bridgeport Coast,,Santa Clarita,ESS-bridgeport-coast-2br-1052sqft-cardiff,2,2.0,1052,3209.0,2026-09-09,,True,hard,"Save Up to $1,600 Off Rent!*",dollar_off,1600.0,4.15,,3075.67,https://www.essexapartmenthomes.com/apartments/santa-clarita/bridgeport-coast/floor-plans-and-pricing,2026-04-04,2026-09-09,,,,,Cardiff,,
2026-09-09,ESS,Bridgeport Coast,,Santa Clarita,ESS-bridgeport-coast-3br-1334sqft-balboa,3,2.0,1334,3427.0,2026-09-09,,True,hard,"Save Up to $1,600 Off Rent!*",dollar_off,1600.0,3.89,,3293.67,https://www.essexapartmenthomes.com/apartments/santa-clarita/bridgeport-coast/floor-plans-and-pricing,2026-04-04,2026-09-09,,,,,Balboa,,
2026-09-09,ESS,Chestnut Street,,Santa Cruz,ESS-chestnut-street-1br-650sqft-plan-1a,1,1.0,650,2807.0,2026-09-09,,False,,,,,,,,https://www.essexapartmenthomes.com/apartments/santa-cruz/chestnut-street/floor-plans-and-pricing,2026-04-04,2026-09-09,,,,,Plan 1A,,
2026-09-09,ESS,Chestnut Street,,Santa Cruz,ESS-chestnut-street-2br-900sqft-plan-2a,2,1.0,900,3697.0,2026-09-09,,False,,,,,,,,https://www.essexapartmenthomes.com/apartments/santa-cruz/chestnut-street/floor-plans-and-pricing,2026-05-17,2026-09-09,,,,,Plan 2A,,
2026-09-09,ESS,Chestnut Street,,Santa Cruz,ESS-chestnut-street-2br-1070sqft-plan-2d-townhome,2,2.5,1070,3759.0,2026-10-06,,False,,,,,,,,https://www.essexapartmenthomes.com/apartments/santa-cruz/chestnut-street/floor-plans-and-pricing,2026-04-04,2026-09-09,,,,,Plan 2D Townhome,,
2026-09-09,ESS,Chestnut Street,,Santa Cruz,ESS-chestnut-street-2br-1040sqft-plan-2b-townhome,2,1.5,1040,3839.0,2026-09-09,,False,,,,,,,,https://www.essexapartmenthomes.com/apartments/santa-cruz/chestnut-street/floor-plans-and-pricing,2026-04-04,2026-09-09,,,,,Plan 2B Townhome,,
2026-09-09,ESS,Annaliese,,Seattle,ESS-annaliese-1br-937sqft-plan-1c,1,1.0,937,2407.0,2026-09-09,,False,,,,,,,,https://www.essexapartmenthomes.com/apartments/seattle/annaliese/floor-plans-and-pricing,2026-06-09,2026-09-09,,,,,Plan 1C,,
2026-09-09,ESS,Canvas,,Seattle,ESS-canvas-1br-488sqft-plan-1a,1,1.0,488,1667.0,2026-09-22,,True,hard,"Save Up to $2,100 Off Rent!*",dollar_off,2100.0,10.5,,1492.0,https://www.essexapartmenthomes.com/apartments/seattle/canvas/floor-plans-and-pricing,2026-09-03,2026-09-09,,,,,Plan 1A,,
2026-09-09,ESS,Canvas,,Seattle,ESS-canvas-1br-526sqft-plan-1c,1,1.0,526,1687.0,2026-09-09,,True,hard,"Save Up to $2,100 Off Rent!*",dollar_off,2100.0,10.37,,1512.0,https://www.essexapartmenthomes.com/apartments/seattle/canvas/floor-plans-and-pricing,2026-04-04,2026-09-09,,,,,Plan 1C,,
2026-09-09,ESS,Canvas,,Seattle,ESS-canvas-2br-1130sqft-plan-2d,2,2.0,1130,2837.0,2026-10-08,,True,hard,"Save Up to $2,100 Off Rent!*",dollar_off,2100.0,6.17,,2662.0,https://www.essexapartmenthomes.com/apartments/seattle/canvas/floor-plans-and-pricing,2026-08-23,2026-09-09,,,,,Plan 2D,,
2026-09-09,ESS,Canvas,,Seattle,ESS-canvas-2br-1012sqft-plan-2b,2,2.0,1012,2959.0,2026-09-09,,True,hard,"Save Up to $2,100 Off Rent!*",dollar_off,2100.0,5.91,,2784.0,https://www.essexapartmenthomes.com/apartments/seattle/canvas/floor-plans-and-pricing,2026-05-03,2026-09-09,,,,,Plan 2B,,
2026-09-09,ESS,Domaine,,Seattle,ESS-domaine-1br-651sqft-plan-1a,1,1.0,651,1987.0,2026-09-09,,True,hard,"Save Up to $1,600 Off Rent!*",dollar_off,1600.0,6.71,,1853.67,https://www.essexapartmenthomes.com/apartments/seattle/domaine/floor-plans-and-pricing,2026-08-02,2026-09-09,,,,,Plan 1A,,
2026-09-09,ESS,Domaine,,Seattle,ESS-domaine-2br-1022sqft-plan-2b-townhome,2,2.0,1022,3247.0,2026-09-09,,True,hard,"Save Up to $1,600 Off Rent!*",dollar_off,1600.0,4.11,,3113.67,https://www.essexapartmenthomes.com/apartments/seattle/domaine/floor-plans-and-pricing,2026-08-02,2026-09-09,,,,,Plan 2B Townhome,,
2026-09-09,ESS,Domaine,,Seattle,ESS-domaine-2br-1092sqft-plan-2a-townhome,2,1.5,1092,3337.0,2026-09-20,,True,hard,"Save Up to $1,600 Off Rent!*",dollar_off,1600.0,4.0,,3203.67,https://www.essexapartmenthomes.com/apartments/seattle/domaine/floor-plans-and-pricing,2026-04-04,2026-09-09,,,,,Plan 2A Townhome,,
2026-09-09,ESS,Expo,,Seattle,ESS-expo-1br-582sqft-icon,1,1.0,582,1847.0,2026-09-09,,False,,,,,,,,https://www.essexapartmenthomes.com/apartments/seattle/expo/floor-plans-and-pricing,2026-08-23,2026-09-09,,,,,Icon,,
2026-09-09,ESS,Expo,,Seattle,ESS-expo-1br-680sqft-exposition,1,1.0,680,2027.0,2026-09-09,,False,,,,,,,,https://www.essexapartmenthomes.com/apartments/seattle/expo/floor-plans-and-pricing,2026-09-03,2026-09-09,,,,,Exposition,,
2026-09-09,ESS,Expo,,Seattle,ESS-expo-1br-808sqft-skyline,1,1.0,808,2187.0,2026-09-20,,False,,,,,,,,https://www.essexapartmenthomes.com/apartments/seattle/expo/floor-plans-and-pricing,2026-04-13,2026-09-09,,,,,Skyline,,
2026-09-09,ESS,Expo,,Seattle,ESS-expo-2br-961sqft-pavilion,2,2.0,961,3147.0,2026-09-09,,False,,,,,,,,https://www.essexapartmenthomes.com/apartments/seattle/expo/floor-plans-and-pricing,2026-04-04,2026-09-09,,,,,Pavilion,,
2026-09-09,ESS,Expo,,Seattle,ESS-expo-2br-926sqft-international,2,2.0,926,3237.0,2026-09-09,,False,,,,,,,,https://www.essexapartmenthomes.com/apartments/seattle/expo/floor-plans-and-pricing,2026-07-19,2026-09-09,,,,,International,,
2026-09-09,ESS,Patent 523,,Seattle,ESS-patent-523-0br-408sqft-fervor,0,1.0,408,1417.0,2026-09-09,,False,,,,,,,,https://www.essexapartmenthomes.com/apartments/seattle/patent-523/floor-plans-and-pricing,2026-04-04,2026-09-09,,,,,Fervor,,
2026-09-09,ESS,Patent 523,,Seattle,ESS-patent-523-0br-607sqft-flare,0,1.0,607,1417.0,2026-10-31,,False,,,,,,,,https://www.essexapartmenthomes.com/apartments/seattle/patent-523/floor-plans-and-pricing,2026-09-09,2026-09-09,,,,,Flare,,
2026-09-09,ESS,Patent 523,,Seattle,ESS-patent-523-0br-553sqft-aspiration,0,1.0,553,1719.0,2026-09-09,,False,,,,,,,,https://www.essexapartmenthomes.com/apartments/seattle/patent-523/floor-plans-and-pricing,2026-08-02,2026-09-09,,,,,Aspiration,,
2026-09-09,ESS,Patent 523,,Seattle,ESS-patent-523-1br-630sqft-flurry,1,1.0,630,2107.0,2026-09-09,,False,,,,,,,,https://www.essexapartmenthomes.com/apartments/seattle/patent-523/floor-plans-and-pricing,2026-08-02,2026-09-09,,,,,Flurry,,
2026-09-09,ESS,Patent 523,,Seattle,ESS-patent-523-1br-816sqft-verve,1,1.0,816,2219.0,2026-09-09,,False,,,,,,,,https://www.essexapartmenthomes.com/apartments/seattle/patent-523/floor-plans-and-pricing,2026-09-03,2026-09-09,,,,,Verve,,
2026-09-09,ESS,Patent 523,,Seattle,ESS-patent-523-1br-782sqft-panache,1,1.0,782,2267.0,2026-09-22,,False,,,,,,,,https://www.essexapartmenthomes.com/apartments/seattle/patent-523/floor-plans-and-pricing,2026-04-26,2026-09-09,,,,,Panache,,
2026-09-09,ESS,Patent 523,,Seattle,ESS-patent-523-1br-587sqft-tide,1,1.0,587,2367.0,2026-09-09,,False,,,,,,,,https://www.essexapartmenthomes.com/apartments/seattle/patent-523/floor-plans-and-pricing,2026-04-04,2026-09-09,,,,,Tide,,
2026-09-09,ESS,Taylor 28,,Seattle,ESS-taylor-28-0br-538sqft-independent,0,1.0,538,1859.0,2026-09-26,,False,,,,,,,,https://www.essexapartmenthomes.com/apartments/seattle/taylor-28/floor-plans-and-pricing,2026-04-04,2026-09-09,,,,,Independent,,
2026-09-09,ESS,Taylor 28,,Seattle,ESS-taylor-28-1br-671sqft-integrity,1,1.0,671,2107.0,2026-09-09,,False,,,,,,,,https://www.essexapartmenthomes.com/apartments/seattle/taylor-28/floor-plans-and-pricing,2026-04-05,2026-09-09,,,,,Integrity,,
2026-09-09,ESS,Taylor 28,,Seattle,ESS-taylor-28-1br-724sqft-fulfillment,1,1.0,724,2257.0,2026-10-02,,False,,,,,,,,https://www.essexapartmenthomes.com/apartments/seattle/taylor-28/floor-plans-and-pricing,2026-04-04,2026-09-09,,,,,Fulfillment,,
2026-09-09,ESS,Taylor 28,,Seattle,ESS-taylor-28-2br-1099sqft-dramatic,2,2.0,1099,3329.0,2026-09-21,,False,,,,,,,,https://www.essexapartmenthomes.com/apartments/seattle/taylor-28/floor-plans-and-pricing,2026-09-03,2026-09-09,,,,,Dramatic,,
2026-09-09,ESS,The Audrey at Belltown,,Seattle,ESS-the-audrey-at-belltown-0br-676sqft-plan-sc,0,1.0,676,1619.0,2026-09-09,,True,hard,Save Up to $400 Off Rent!*,dollar_off,400.0,2.06,,1585.67,https://www.essexapartmenthomes.com/apartments/seattle/the-audrey-at-belltown/floor-plans-and-pricing,2026-08-02,2026-09-09,,,,,Plan SC,,
2026-09-09,ESS,The Audrey at Belltown,,Seattle,ESS-the-audrey-at-belltown-0br-554sqft-plan-sb,0,1.0,554,1659.0,2026-09-09,,True,hard,Save Up to $400 Off Rent!*,dollar_off,400.0,2.01,,1625.67,https://www.essexapartmenthomes.com/apartments/seattle/the-audrey-at-belltown/floor-plans-and-pricing,2026-04-04,2026-09-09,,,,,Plan SB,,
2026-09-09,ESS,The Audrey at Belltown,,Seattle,ESS-the-audrey-at-belltown-1br-606sqft-plan-1b,1,1.0,606,1837.0,2026-09-09,,True,hard,Save Up to $400 Off Rent!*,dollar_off,400.0,1.81,,1803.67,https://www.essexapartmenthomes.com/apartments/seattle/the-audrey-at-belltown/floor-plans-and-pricing,2026-04-04,2026-09-09,,,,,Plan 1B,,
2026-09-09,ESS,The Audrey at Belltown,,Seattle,ESS-the-audrey-at-belltown-1br-617sqft-plan-1c,1,1.0,617,1909.0,2026-09-09,,True,hard,Save Up to $400 Off Rent!*,dollar_off,400.0,1.75,,1875.67,https://www.essexapartmenthomes.com/apartments/seattle/the-audrey-at-belltown/floor-plans-and-pricing,2026-05-25,2026-09-09,,,,,Plan 1C,,
2026-09-09,ESS,The Bernard,,Seattle,ESS-the-bernard-0br-610sqft-plan-sc,0,1.0,610,1759.0,2026-09-09,,False,,,,,,,,https://www.essexapartmenthomes.com/apartments/seattle/the-bernard/floor-plans-and-pricing,2026-04-04,2026-09-09,,,,,Plan SC,,
2026-09-09,ESS,The Cairns,,Seattle,ESS-the-cairns-1br-636sqft-plan-1b,1,1.0,636,1957.0,2026-10-07,,False,,,,,,,,https://www.essexapartmenthomes.com/apartments/seattle/the-cairns/floor-plans-and-pricing,2026-05-17,2026-09-09,,,,,Plan 1B,,
2026-09-09,ESS,The Cairns,,Seattle,ESS-the-cairns-2br-977sqft-plan-2a,2,1.0,977,2867.0,2026-09-09,,False,,,,,,,,https://www.essexapartmenthomes.com/apartments/seattle/the-cairns/floor-plans-and-pricing,2026-08-08,2026-09-09,,,,,Plan 2A,,
2026-09-09,ESS,Velo and Ray,,Seattle,ESS-velo-and-ray-0br-414sqft-plan-sa,0,1.0,414,1687.0,2026-09-11,,True,hard,"Save Up to $1,300 Off Rent!*",dollar_off,1300.0,6.42,,1578.67,https://www.essexapartmenthomes.com/apartments/seattle/velo-and-ray/floor-plans-and-pricing,2026-04-04,2026-09-09,,,,,Plan SA,,
2026-09-09,ESS,Velo and Ray,,Seattle,ESS-velo-and-ray-1br-526sqft-plan-1a-open-one-bedroom,1,1.0,526,1897.0,2026-09-27,,True,hard,"Save Up to $1,300 Off Rent!*",dollar_off,1300.0,5.71,,1788.67,https://www.essexapartmenthomes.com/apartments/seattle/velo-and-ray/floor-plans-and-pricing,2026-05-17,2026-09-09,,,,,Plan 1A - Open One Bedroom,,
2026-09-09,ESS,Velo and Ray,,Seattle,ESS-velo-and-ray-1br-605sqft-plan-1f,1,1.0,605,2129.0,2026-10-13,,True,hard,"Save Up to $1,300 Off Rent!*",dollar_off,1300.0,5.09,,2020.67,https://www.essexapartmenthomes.com/apartments/seattle/velo-and-ray/floor-plans-and-pricing,2026-04-13,2026-09-09,,,,,Plan 1F,,
2026-09-09,ESS,Velo and Ray,,Seattle,ESS-velo-and-ray-1br-556sqft-plan-1b-open-one-bedroom,1,1.0,556,2129.0,2026-09-15,,True,hard,"Save Up to $1,300 Off Rent!*",dollar_off,1300.0,5.09,,2020.67,https://www.essexapartmenthomes.com/apartments/seattle/velo-and-ray/floor-plans-and-pricing,2026-05-03,2026-09-09,,,,,Plan 1B - Open One Bedroom,,
2026-09-09,ESS,Velo and Ray,,Seattle,ESS-velo-and-ray-1br-576sqft-plan-1e-open-one-bedroom,1,1.0,576,2229.0,2026-09-24,,True,hard,"Save Up to $1,300 Off Rent!*",dollar_off,1300.0,4.86,,2120.67,https://www.essexapartmenthomes.com/apartments/seattle/velo-and-ray/floor-plans-and-pricing,2026-04-04,2026-09-09,,,,,Plan 1E - Open One Bedroom,,
2026-09-09,ESS,Velo and Ray,,Seattle,ESS-velo-and-ray-1br-702sqft-plan-1l-open-one-bedroom,1,1.0,702,2309.0,2026-09-28,,True,hard,"Save Up to $1,300 Off Rent!*",dollar_off,1300.0,4.69,,2200.67,https://www.essexapartmenthomes.com/apartments/seattle/velo-and-ray/floor-plans-and-pricing,2026-09-09,2026-09-09,,,,,Plan 1L - Open One Bedroom,,
2026-09-09,ESS,Velo and Ray,,Seattle,ESS-velo-and-ray-2br-768sqft-plan-2a,2,1.0,768,3139.0,2026-10-07,,True,hard,"Save Up to $1,300 Off Rent!*",dollar_off,1300.0,3.45,,3030.67,https://www.essexapartmenthomes.com/apartments/seattle/velo-and-ray/floor-plans-and-pricing,2026-09-03,2026-09-09,,,,,Plan 2A,,
2026-09-09,ESS,Velo and Ray,,Seattle,ESS-velo-and-ray-2br-870sqft-plan-2b,2,1.0,870,3237.0,2026-09-25,,True,hard,"Save Up to $1,300 Off Rent!*",dollar_off,1300.0,3.35,,3128.67,https://www.essexapartmenthomes.com/apartments/seattle/velo-and-ray/floor-plans-and-pricing,2026-04-13,2026-09-09,,,,,Plan 2B,,
2026-09-09,ESS,Vox,,Seattle,ESS-vox-0br-397sqft-plan-sa,0,1.0,397,1439.0,2026-09-09,,True,hard,"Save Up to $2,100 Off Rent!*",dollar_off,2100.0,12.16,,1264.0,https://www.essexapartmenthomes.com/apartments/seattle/vox/floor-plans-and-pricing,2026-07-19,2026-09-09,,,,,Plan SA,,
2026-09-09,ESS,Vox,,Seattle,ESS-vox-2br-943sqft-plan-2a,2,2.0,943,3057.0,2026-09-09,,True,hard,"Save Up to $2,100 Off Rent!*",dollar_off,2100.0,5.72,,2882.0,https://www.essexapartmenthomes.com/apartments/seattle/vox/floor-plans-and-pricing,2026-06-09,2026-09-09,,,,,Plan 2A,,
2026-09-09,ESS,Wharfside Pointe,,Seattle,ESS-wharfside-pointe-1br-539sqft-plan-1a,1,1.0,539,1687.0,2026-09-09,,False,,,,,,,,https://www.essexapartmenthomes.com/apartments/seattle/wharfside-pointe/floor-plans-and-pricing,2026-08-15,2026-09-09,,,,,Plan 1A,,
2026-09-09,ESS,Wharfside Pointe,,Seattle,ESS-wharfside-pointe-1br-687sqft-plan-1b,1,1.0,687,1847.0,2026-10-07,,False,,,,,,,,https://www.essexapartmenthomes.com/apartments/seattle/wharfside-pointe/floor-plans-and-pricing,2026-09-03,2026-09-09,,,,,Plan 1B,,
2026-09-09,ESS,Wharfside Pointe,,Seattle,ESS-wharfside-pointe-2br-832sqft-plan-2a,2,1.0,832,2307.0,2026-10-07,,False,,,,,,,,https://www.essexapartmenthomes.com/apartments/seattle/wharfside-pointe/floor-plans-and-pricing,2026-08-23,2026-09-09,,,,,Plan 2A,,
2026-09-09,ESS,Wharfside Pointe,,Seattle,ESS-wharfside-pointe-2br-980sqft-plan-2c,2,2.0,980,2457.0,2026-09-22,,False,,,,,,,,https://www.essexapartmenthomes.com/apartments/seattle/wharfside-pointe/floor-plans-and-pricing,2026-08-08,2026-09-09,,,,,Plan 2C,,
2026-09-09,ESS,Meadowood,,Simi Valley,ESS-meadowood-1br-627sqft-plan-1a,1,1.0,627,2207.0,2026-09-20,,True,hard,"Save Up to $1,300 Off Rent!*",dollar_off,1300.0,4.91,,2098.67,https://www.essexapartmenthomes.com/apartments/simi-valley/meadowood/floor-plans-and-pricing,2026-04-04,2026-09-09,,,,,Plan 1A,,
2026-09-09,ESS,Meadowood,,Simi Valley,ESS-meadowood-2br-805sqft-plan-2a,2,1.0,805,2297.0,2026-09-09,,True,hard,"Save Up to $1,300 Off Rent!*",dollar_off,1300.0,4.72,,2188.67,https://www.essexapartmenthomes.com/apartments/simi-valley/meadowood/floor-plans-and-pricing,2026-04-04,2026-09-09,,,,,Plan 2A,,
2026-09-09,ESS,Meadowood,,Simi Valley,ESS-meadowood-2br-875sqft-plan-2b,2,2.0,875,2427.0,2026-09-24,,True,hard,"Save Up to $1,300 Off Rent!*",dollar_off,1300.0,4.46,,2318.67,https://www.essexapartmenthomes.com/apartments/simi-valley/meadowood/floor-plans-and-pricing,2026-04-04,2026-09-09,,,,,Plan 2B,,
2026-09-09,ESS,Meadowood,,Simi Valley,ESS-meadowood-3br-1040sqft-plan-3a,3,2.0,1040,2877.0,2026-10-07,,True,hard,"Save Up to $1,300 Off Rent!*",dollar_off,1300.0,3.77,,2768.67,https://www.essexapartmenthomes.com/apartments/simi-valley/meadowood/floor-plans-and-pricing,2026-05-24,2026-09-09,,,,,Plan 3A,,
2026-09-09,ESS,Shadow Point,,Spring Valley,ESS-shadow-point-1br-630sqft-plan-1a,1,1.0,630,1939.0,2026-09-30,,False,,,,,,,,https://www.essexapartmenthomes.com/apartments/spring-valley/shadow-point/floor-plans-and-pricing,2026-04-04,2026-09-09,,,,,Plan 1A,,
2026-09-09,ESS,Shadow Point,,Spring Valley,ESS-shadow-point-2br-730sqft-plan-2a,2,1.0,730,2227.0,2026-09-09,,False,,,,,,,,https://www.essexapartmenthomes.com/apartments/spring-valley/shadow-point/floor-plans-and-pricing,2026-04-04,2026-09-09,,,,,Plan 2A,,
2026-09-09,ESS,Shadow Point,,Spring Valley,ESS-shadow-point-2br-920sqft-plan-2b,2,2.0,920,2267.0,2026-10-15,,False,,,,,,,,https://www.essexapartmenthomes.com/apartments/spring-valley/shadow-point/floor-plans-and-pricing,2026-04-04,2026-09-09,,,,,Plan 2B,,
2026-09-09,ESS,1250 Lakeside,,San Jose,ESS-1250-lakeside-0br-481sqft-plan-sc,0,1.0,481,3637.0,2026-09-21,,False,,,,,,,,https://www.essexapartmenthomes.com/apartments/sunnyvale/1250-lakeside/floor-plans-and-pricing,2026-04-04,2026-09-09,,,,,Plan SC,,
2026-09-09,ESS,1250 Lakeside,,San Jose,ESS-1250-lakeside-1br-731sqft-plan-1b,1,1.0,731,3759.0,2026-10-13,,False,,,,,,,,https://www.essexapartmenthomes.com/apartments/sunnyvale/1250-lakeside/floor-plans-and-pricing,2026-07-19,2026-09-09,,,,,Plan 1B,,
2026-09-09,ESS,1250 Lakeside,,San Jose,ESS-1250-lakeside-1br-727sqft-plan-1a,1,1.0,727,3977.0,2026-09-30,,False,,,,,,,,https://www.essexapartmenthomes.com/apartments/sunnyvale/1250-lakeside/floor-plans-and-pricing,2026-04-19,2026-09-09,,,,,Plan 1A,,
2026-09-09,ESS,1250 Lakeside,,San Jose,ESS-1250-lakeside-1br-845sqft-plan-1d,1,1.0,845,4079.0,2026-09-10,,False,,,,,,,,https://www.essexapartmenthomes.com/apartments/sunnyvale/1250-lakeside/floor-plans-and-pricing,2026-06-14,2026-09-09,,,,,Plan 1D,,
2026-09-09,ESS,1250 Lakeside,,San Jose,ESS-1250-lakeside-2br-973sqft-plan-2a,2,2.0,973,4829.0,2026-09-22,,False,,,,,,,,https://www.essexapartmenthomes.com/apartments/sunnyvale/1250-lakeside/floor-plans-and-pricing,2026-08-23,2026-09-09,,,,,Plan 2A,,
2026-09-09,ESS,1250 Lakeside,,San Jose,ESS-1250-lakeside-2br-1427sqft-plan-2c,2,2.0,1427,5339.0,2026-09-09,,False,,,,,,,,https://www.essexapartmenthomes.com/apartments/sunnyvale/1250-lakeside/floor-plans-and-pricing,2026-08-15,2026-09-09,,,,,Plan 2C,,
2026-09-09,ESS,Bristol Commons,,San Jose,ESS-bristol-commons-1br-670sqft-the-hyannis,1,1.0,670,3477.0,2026-09-09,,False,,,,,,,,https://www.essexapartmenthomes.com/apartments/sunnyvale/bristol-commons/floor-plans-and-pricing,2026-04-04,2026-09-09,,,,,The Hyannis,,
2026-09-09,ESS,Bristol Commons,,San Jose,ESS-bristol-commons-1br-868sqft-chatham,1,1.0,868,3517.0,2026-10-03,,False,,,,,,,,https://www.essexapartmenthomes.com/apartments/sunnyvale/bristol-commons/floor-plans-and-pricing,2026-04-04,2026-09-09,,,,,Chatham,,
2026-09-09,ESS,Bristol Commons,,San Jose,ESS-bristol-commons-2br-935sqft-the-wellfleet-ii,2,1.0,935,3889.0,2026-09-09,,False,,,,,,,,https://www.essexapartmenthomes.com/apartments/sunnyvale/bristol-commons/floor-plans-and-pricing,2026-04-04,2026-09-09,,,,,The Wellfleet II,,
2026-09-09,ESS,Bristol Commons,,San Jose,ESS-bristol-commons-2br-1100sqft-nantucket,2,2.0,1100,4389.0,2026-09-19,,False,,,,,,,,https://www.essexapartmenthomes.com/apartments/sunnyvale/bristol-commons/floor-plans-and-pricing,2026-04-04,2026-09-09,,,,,Nantucket,,
2026-09-09,ESS,Brookside Oaks,,San Jose,ESS-brookside-oaks-1br-690sqft-plan-1d,1,1.0,690,3377.0,2026-09-09,,False,,,,,,,,https://www.essexapartmenthomes.com/apartments/sunnyvale/brookside-oaks/floor-plans-and-pricing,2026-07-19,2026-09-09,,,,,Plan 1D,,
2026-09-09,ESS,Brookside Oaks,,San Jose,ESS-brookside-oaks-1br-650sqft-plan-1c,1,1.0,650,3437.0,2026-09-09,,False,,,,,,,,https://www.essexapartmenthomes.com/apartments/sunnyvale/brookside-oaks/floor-plans-and-pricing,2026-06-09,2026-09-09,,,,,Plan 1C,,
2026-09-09,ESS,Brookside Oaks,,San Jose,ESS-brookside-oaks-2br-1000sqft-plan-2c,2,2.0,1000,4167.0,2026-09-09,,False,,,,,,,,https://www.essexapartmenthomes.com/apartments/sunnyvale/brookside-oaks/floor-plans-and-pricing,2026-07-19,2026-09-09,,,,,Plan 2C,,
2026-09-09,ESS,Lawrence Station,,San Jose,ESS-lawrence-station-1br-604sqft-apollo,1,1.0,604,3309.0,2026-11-01,,False,,,,,,,,https://www.essexapartmenthomes.com/apartments/sunnyvale/lawrence-station/floor-plans-and-pricing,2026-04-04,2026-09-09,,,,,Apollo,,
2026-09-09,ESS,Lawrence Station,,San Jose,ESS-lawrence-station-1br-751sqft-ra,1,1.0,751,3527.0,2026-09-09,,False,,,,,,,,https://www.essexapartmenthomes.com/apartments/sunnyvale/lawrence-station/floor-plans-and-pricing,2026-04-04,2026-09-09,,,,,Ra,,
2026-09-09,ESS,Lawrence Station,,San Jose,ESS-lawrence-station-2br-987sqft-sunna,2,2.0,987,4247.0,2026-09-09,,False,,,,,,,,https://www.essexapartmenthomes.com/apartments/sunnyvale/lawrence-station/floor-plans-and-pricing,2026-05-31,2026-09-09,,,,,Sunna,,
2026-09-09,ESS,Lawrence Station,,San Jose,ESS-lawrence-station-2br-1035sqft-surya,2,2.0,1035,4309.0,2026-09-09,,False,,,,,,,,https://www.essexapartmenthomes.com/apartments/sunnyvale/lawrence-station/floor-plans-and-pricing,2026-04-04,2026-09-09,,,,,Surya,,
2026-09-09,ESS,Lawrence Station,,San Jose,ESS-lawrence-station-2br-2132sqft-malina-townhome-live-work,2,2.5,2132,5307.0,2026-09-28,,False,,,,,,,,https://www.essexapartmenthomes.com/apartments/sunnyvale/lawrence-station/floor-plans-and-pricing,2026-04-04,2026-09-09,,,,,Malina Townhome - Live/Work,,
2026-09-09,ESS,Magnolia Square,,San Jose,ESS-magnolia-square-1br-735sqft-plan-1b,1,1.0,735,3407.0,2026-09-09,,False,,,,,,,,https://www.essexapartmenthomes.com/apartments/sunnyvale/magnolia-square/floor-plans-and-pricing,2026-04-04,2026-09-09,,,,,Plan 1B,,
2026-09-09,ESS,Magnolia Square,,San Jose,ESS-magnolia-square-1br-734sqft-plan-1a,1,1.0,734,3699.0,2026-10-17,,False,,,,,,,,https://www.essexapartmenthomes.com/apartments/sunnyvale/magnolia-square/floor-plans-and-pricing,2026-09-09,2026-09-09,,,,,Plan 1A,,
2026-09-09,ESS,Magnolia Square,,San Jose,ESS-magnolia-square-1br-735sqft-plan-1c,1,1.0,735,3759.0,2026-10-21,,False,,,,,,,,https://www.essexapartmenthomes.com/apartments/sunnyvale/magnolia-square/floor-plans-and-pricing,2026-04-04,2026-09-09,,,,,Plan 1C,,
2026-09-09,ESS,Magnolia Square,,San Jose,ESS-magnolia-square-2br-915sqft-plan-2a,2,1.0,915,4189.0,2026-09-24,,False,,,,,,,,https://www.essexapartmenthomes.com/apartments/sunnyvale/magnolia-square/floor-plans-and-pricing,2026-04-04,2026-09-09,,,,,Plan 2A,,
2026-09-09,ESS,Reed Square,,San Jose,ESS-reed-square-2br-1198sqft-plan-2a,2,2.0,1198,4117.0,2026-09-09,,False,,,,,,,,https://www.essexapartmenthomes.com/apartments/sunnyvale/reed-square/floor-plans-and-pricing,2026-04-04,2026-09-09,,,,,Plan 2A,,
2026-09-09,ESS,Solstice,,San Jose,ESS-solstice-1br-690sqft-crystal,1,1.0,690,4007.0,2026-10-17,,False,,,,,,,,https://www.essexapartmenthomes.com/apartments/sunnyvale/solstice/floor-plans-and-pricing,2026-04-04,2026-09-09,,,,,Crystal,,
2026-09-09,ESS,Solstice,,San Jose,ESS-solstice-1br-735sqft-metal,1,1.0,735,4047.0,2026-09-29,,False,,,,,,,,https://www.essexapartmenthomes.com/apartments/sunnyvale/solstice/floor-plans-and-pricing,2026-04-04,2026-09-09,,,,,Metal,,
2026-09-09,ESS,Solstice,,San Jose,ESS-solstice-1br-786sqft-stone,1,1.0,786,4237.0,2026-10-06,,False,,,,,,,,https://www.essexapartmenthomes.com/apartments/sunnyvale/solstice/floor-plans-and-pricing,2026-04-04,2026-09-09,,,,,Stone,,
2026-09-09,ESS,Solstice,,San Jose,ESS-solstice-2br-1085sqft-sea,2,2.0,1085,5317.0,2026-09-20,,False,,,,,,,,https://www.essexapartmenthomes.com/apartments/sunnyvale/solstice/floor-plans-and-pricing,2026-05-09,2026-09-09,,,,,Sea,,
2026-09-09,ESS,Summerhill Park,,San Jose,ESS-summerhill-park-1br-710sqft-golden-gate,1,1.0,710,3629.0,2026-09-09,,False,,,,,,,,https://www.essexapartmenthomes.com/apartments/sunnyvale/summerhill-park/floor-plans-and-pricing,2026-04-04,2026-09-09,,,,,Golden Gate,,
2026-09-09,ESS,The Montclaire,,San Jose,ESS-the-montclaire-0br-410sqft-plan-sa,0,1.0,410,2699.0,2026-09-09,,False,,,,,,,,https://www.essexapartmenthomes.com/apartments/sunnyvale/the-montclaire/floor-plans-and-pricing,2026-04-04,2026-09-09,,,,,Plan SA,,
2026-09-09,ESS,The Montclaire,,San Jose,ESS-the-montclaire-1br-710sqft-plan-1a,1,1.0,710,3347.0,2026-09-09,,False,,,,,,,,https://www.essexapartmenthomes.com/apartments/sunnyvale/the-montclaire/floor-plans-and-pricing,2026-04-04,2026-09-09,,,,,Plan 1A,,
2026-09-09,ESS,The Montclaire,,San Jose,ESS-the-montclaire-2br-910sqft-plan-2b,2,2.0,910,3999.0,2026-09-09,,False,,,,,,,,https://www.essexapartmenthomes.com/apartments/sunnyvale/the-montclaire/floor-plans-and-pricing,2026-04-04,2026-09-09,,,,,Plan 2B,,
2026-09-09,ESS,The Montclaire,,San Jose,ESS-the-montclaire-2br-1100sqft-plan-2c,2,2.0,1100,4069.0,2026-09-25,,False,,,,,,,,https://www.essexapartmenthomes.com/apartments/sunnyvale/the-montclaire/floor-plans-and-pricing,2026-05-24,2026-09-09,,,,,Plan 2C,,
2026-09-09,ESS,Via,,San Jose,ESS-via-1br-694sqft-the-downtown,1,1.0,694,3567.0,2026-09-09,,False,,,,,,,,https://www.essexapartmenthomes.com/apartments/sunnyvale/via/floor-plans-and-pricing,2026-04-04,2026-09-09,,,,,The Downtown,,
2026-09-09,ESS,Via,,San Jose,ESS-via-1br-922sqft-the-redwoods,1,1.0,922,3817.0,2026-10-09,,False,,,,,,,,https://www.essexapartmenthomes.com/apartments/sunnyvale/via/floor-plans-and-pricing,2026-04-04,2026-09-09,,,,,The Redwoods,,
2026-09-09,ESS,Via,,San Jose,ESS-via-1br-916sqft-the-coast,1,1.0,916,3827.0,2026-10-07,,False,,,,,,,,https://www.essexapartmenthomes.com/apartments/sunnyvale/via/floor-plans-and-pricing,2026-04-13,2026-09-09,,,,,The Coast,,
2026-09-09,ESS,Via,,San Jose,ESS-via-2br-1043sqft-the-lakeside,2,2.0,1043,4407.0,2026-09-11,,False,,,,,,,,https://www.essexapartmenthomes.com/apartments/sunnyvale/via/floor-plans-and-pricing,2026-04-04,2026-09-09,,,,,The Lakeside,,
2026-09-09,ESS,Via,,San Jose,ESS-via-2br-1225sqft-the-vineyard,2,2.0,1225,4797.0,2026-10-06,,False,,,,,,,,https://www.essexapartmenthomes.com/apartments/sunnyvale/via/floor-plans-and-pricing,2026-06-14,2026-09-09,,,,,The Vineyard,,
2026-09-09,ESS,Windsor Ridge,,San Jose,ESS-windsor-ridge-2br-925sqft-plan-2b,2,1.0,925,3729.0,2026-09-20,,False,,,,,,,,https://www.essexapartmenthomes.com/apartments/sunnyvale/windsor-ridge/floor-plans-and-pricing,2026-04-04,2026-09-09,,,,,Plan 2B,,
2026-09-09,ESS,Windsor Ridge,,San Jose,ESS-windsor-ridge-2br-900sqft-plan-2a,2,1.0,900,3749.0,2026-09-19,,False,,,,,,,,https://www.essexapartmenthomes.com/apartments/sunnyvale/windsor-ridge/floor-plans-and-pricing,2026-04-26,2026-09-09,,,,,Plan 2A,,
2026-09-09,ESS,Windsor Ridge,,San Jose,ESS-windsor-ridge-2br-1015sqft-plan-2c,2,2.0,1015,3887.0,2026-09-09,,False,,,,,,,,https://www.essexapartmenthomes.com/apartments/sunnyvale/windsor-ridge/floor-plans-and-pricing,2026-04-13,2026-09-09,,,,,Plan 2C,,
2026-09-09,ESS,Windsor Ridge,,San Jose,ESS-windsor-ridge-2br-1100sqft-plan-2d-loft,2,2.0,1100,4067.0,2026-09-13,,False,,,,,,,,https://www.essexapartmenthomes.com/apartments/sunnyvale/windsor-ridge/floor-plans-and-pricing,2026-04-04,2026-09-09,,,,,Plan 2D Loft,,
2026-09-09,ESS,Vista Belvedere,,Tiburon,ESS-vista-belvedere-1br-880sqft-plan-1a,1,1.0,880,3197.0,2026-09-09,,False,,,,,,,,https://www.essexapartmenthomes.com/apartments/tiburon/vista-belvedere/floor-plans-and-pricing,2026-04-04,2026-09-09,,,,,Plan 1A,,
2026-09-09,ESS,Vista Belvedere,,Tiburon,ESS-vista-belvedere-2br-1160sqft-plan-2d,2,2.0,1160,3717.0,2026-09-16,,False,,,,,,,,https://www.essexapartmenthomes.com/apartments/tiburon/vista-belvedere/floor-plans-and-pricing,2026-04-04,2026-09-09,,,,,Plan 2D,,
2026-09-09,ESS,Vista Belvedere,,Tiburon,ESS-vista-belvedere-2br-1080sqft-plan-2c,2,2.0,1080,3727.0,2026-09-09,,False,,,,,,,,https://www.essexapartmenthomes.com/apartments/tiburon/vista-belvedere/floor-plans-and-pricing,2026-04-04,2026-09-09,,,,,Plan 2C,,
2026-09-09,ESS,Vista Belvedere,,Tiburon,ESS-vista-belvedere-2br-1200sqft-plan-2b-den-townhome,2,1.5,1200,4467.0,2026-09-09,,False,,,,,,,,https://www.essexapartmenthomes.com/apartments/tiburon/vista-belvedere/floor-plans-and-pricing,2026-04-26,2026-09-09,,,,,Plan 2B + Den Townhome,,
2026-09-09,ESS,Verandas,,Union City,ESS-verandas-0br-510sqft-decoto,0,1.0,510,2439.0,2026-09-09,,False,,,,,,,,https://www.essexapartmenthomes.com/apartments/union-city/verandas/floor-plans-and-pricing,2026-04-04,2026-09-09,,,,,Decoto,,
2026-09-09,ESS,Verandas,,Union City,ESS-verandas-1br-603sqft-alvarado,1,1.0,603,2719.0,2026-09-09,,False,,,,,,,,https://www.essexapartmenthomes.com/apartments/union-city/verandas/floor-plans-and-pricing,2026-04-04,2026-09-09,,,,,Alvarado,,
2026-09-09,ESS,Verandas,,Union City,ESS-verandas-1br-777sqft-veranda,1,1.0,777,2849.0,2026-09-09,,False,,,,,,,,https://www.essexapartmenthomes.com/apartments/union-city/verandas/floor-plans-and-pricing,2026-04-04,2026-09-09,,,,,Veranda,,
2026-09-09,ESS,Verandas,,Union City,ESS-verandas-2br-955sqft-mission,2,2.0,955,3259.0,2026-09-09,,False,,,,,,,,https://www.essexapartmenthomes.com/apartments/union-city/verandas/floor-plans-and-pricing,2026-04-19,2026-09-09,,,,,Mission,,
2026-09-09,ESS,The Fairways at Westridge,,Valencia,ESS-the-fairways-at-westridge-1br-694sqft-la-costa,1,1.0,694,2249.0,2026-09-09,,True,hard,"Save Up to $1,600 Off Rent!*",dollar_off,1600.0,5.93,,2115.67,https://www.essexapartmenthomes.com/apartments/valencia/the-fairways-at-westridge/floor-plans-and-pricing,2026-04-04,2026-09-09,,,,,La Costa,,
2026-09-09,ESS,The Fairways at Westridge,,Valencia,ESS-the-fairways-at-westridge-1br-804sqft-torrey-pines,1,1.0,804,2539.0,2026-09-09,,True,hard,"Save Up to $1,600 Off Rent!*",dollar_off,1600.0,5.25,,2405.67,https://www.essexapartmenthomes.com/apartments/valencia/the-fairways-at-westridge/floor-plans-and-pricing,2026-04-13,2026-09-09,,,,,Torrey Pines,,
2026-09-09,ESS,The Fairways at Westridge,,Valencia,ESS-the-fairways-at-westridge-2br-1139sqft-spyglass,2,2.0,1139,3039.0,2026-09-09,,True,hard,"Save Up to $1,600 Off Rent!*",dollar_off,1600.0,4.39,,2905.67,https://www.essexapartmenthomes.com/apartments/valencia/the-fairways-at-westridge/floor-plans-and-pricing,2026-04-04,2026-09-09,,,,,Spyglass,,
2026-09-09,ESS,The Fairways at Westridge,,Valencia,ESS-the-fairways-at-westridge-2br-1086sqft-riviera,2,2.0,1086,3269.0,2026-09-15,,True,hard,"Save Up to $1,600 Off Rent!*",dollar_off,1600.0,4.08,,3135.67,https://www.essexapartmenthomes.com/apartments/valencia/the-fairways-at-westridge/floor-plans-and-pricing,2026-06-22,2026-09-09,,,,,Riviera,,
2026-09-09,ESS,The Fairways at Westridge,,Valencia,ESS-the-fairways-at-westridge-3br-1315sqft-pebble-beach,3,2.0,1315,3357.0,2026-09-09,,True,hard,"Save Up to $1,600 Off Rent!*",dollar_off,1600.0,3.97,,3223.67,https://www.essexapartmenthomes.com/apartments/valencia/the-fairways-at-westridge/floor-plans-and-pricing,2026-04-04,2026-09-09,,,,,Pebble Beach,,
2026-09-09,ESS,The Vistas of West Hills,,Valencia,ESS-the-vistas-of-west-hills-1br-741sqft-san-carlos,1,1.0,741,2447.0,2026-09-09,,True,hard,"Save Up to $1,600 Off Rent!*",dollar_off,1600.0,5.45,,2313.67,https://www.essexapartmenthomes.com/apartments/valencia/the-vistas-of-west-hills/floor-plans-and-pricing,2026-04-04,2026-09-09,,,,,San Carlos,,
2026-09-09,ESS,The Vistas of West Hills,,Valencia,ESS-the-vistas-of-west-hills-2br-1015sqft-san-luis,2,2.0,1015,2919.0,2026-10-12,,True,hard,"Save Up to $1,600 Off Rent!*",dollar_off,1600.0,4.57,,2785.67,https://www.essexapartmenthomes.com/apartments/valencia/the-vistas-of-west-hills/floor-plans-and-pricing,2026-05-17,2026-09-09,,,,,San Luis,,
2026-09-09,ESS,The Vistas of West Hills,,Valencia,ESS-the-vistas-of-west-hills-2br-1089sqft-san-miguel,2,2.0,1089,3077.0,2026-10-03,,True,hard,"Save Up to $1,600 Off Rent!*",dollar_off,1600.0,4.33,,2943.67,https://www.essexapartmenthomes.com/apartments/valencia/the-vistas-of-west-hills/floor-plans-and-pricing,2026-06-22,2026-09-09,,,,,San Miguel,,
2026-09-09,ESS,The Vistas of West Hills,,Valencia,ESS-the-vistas-of-west-hills-2br-1092sqft-san-juan,2,2.0,1092,3119.0,2026-09-24,,True,hard,"Save Up to $1,600 Off Rent!*",dollar_off,1600.0,4.27,,2985.67,https://www.essexapartmenthomes.com/apartments/valencia/the-vistas-of-west-hills/floor-plans-and-pricing,2026-04-04,2026-09-09,,,,,San Juan,,
2026-09-09,ESS,The Vistas of West Hills,,Valencia,ESS-the-vistas-of-west-hills-3br-1229sqft-san-rafael,3,2.0,1229,3217.0,2026-09-09,,True,hard,"Save Up to $1,600 Off Rent!*",dollar_off,1600.0,4.14,,3083.67,https://www.essexapartmenthomes.com/apartments/valencia/the-vistas-of-west-hills/floor-plans-and-pricing,2026-04-04,2026-09-09,,,,,San Rafael,,
2026-09-09,ESS,Allegro,,Valley Village,ESS-allegro-2br-1162sqft-plan-2f,2,2.5,1162,2947.0,2026-09-30,,False,,,,,,,,https://www.essexapartmenthomes.com/apartments/valley-village/allegro/floor-plans-and-pricing,2026-08-23,2026-09-09,,,,,Plan 2F,,
2026-09-09,ESS,Ashton Sherman Village,,Valley Village,ESS-ashton-sherman-village-1br-920sqft-plan-1d,1,1.0,920,2319.0,2026-09-09,,True,hard,"Save Up to $2,700 Off Rent!*",dollar_off,2700.0,9.7,,2094.0,https://www.essexapartmenthomes.com/apartments/valley-village/ashton-sherman-village/floor-plans-and-pricing,2026-05-09,2026-09-09,,,,,Plan 1D,,
2026-09-09,ESS,Ashton Sherman Village,,Valley Village,ESS-ashton-sherman-village-2br-1284sqft-plan-2b,2,2.0,1284,3007.0,2026-10-01,,True,hard,"Save Up to $2,700 Off Rent!*",dollar_off,2700.0,7.48,,2782.0,https://www.essexapartmenthomes.com/apartments/valley-village/ashton-sherman-village/floor-plans-and-pricing,2026-08-02,2026-09-09,,,,,Plan 2B,,
2026-09-09,ESS,Ashton Sherman Village,,Valley Village,ESS-ashton-sherman-village-2br-1336sqft-plan-2c,2,2.0,1336,3137.0,2026-09-09,,True,hard,"Save Up to $2,700 Off Rent!*",dollar_off,2700.0,7.17,,2912.0,https://www.essexapartmenthomes.com/apartments/valley-village/ashton-sherman-village/floor-plans-and-pricing,2026-05-17,2026-09-09,,,,,Plan 2C,,
2026-09-09,ESS,Avery,,Valley Village,ESS-avery-1br-876sqft-plan-1b-loft-brand-new,1,1.0,876,2667.0,2026-09-28,,True,hard,Up to 5 Weeks FREE!*,months_free,1.1539,9.62,9.62,2410.55,https://www.essexapartmenthomes.com/apartments/valley-village/avery/floor-plans-and-pricing,2026-09-03,2026-09-09,,,,,Plan 1B Loft - BRAND NEW!,,
2026-09-09,ESS,Avery,,Valley Village,ESS-avery-2br-1056sqft-plan-2a,2,2.0,1056,2607.0,2026-09-09,,True,hard,Up to 5 Weeks FREE!*,months_free,1.1539,9.62,9.62,2356.32,https://www.essexapartmenthomes.com/apartments/valley-village/avery/floor-plans-and-pricing,2026-04-04,2026-09-09,,,,,Plan 2A,,
2026-09-09,ESS,Avery,,Valley Village,ESS-avery-2br-1099sqft-plan-2b,2,2.0,1099,2839.0,2026-10-07,,True,hard,Up to 5 Weeks FREE!*,months_free,1.1539,9.62,9.62,2566.01,https://www.essexapartmenthomes.com/apartments/valley-village/avery/floor-plans-and-pricing,2026-05-31,2026-09-09,,,,,Plan 2B,,
2026-09-09,ESS,Emerson Valley Village,,Valley Village,ESS-emerson-valley-village-2br-1184sqft-plan-2b,2,2.0,1184,2937.0,2026-09-09,,False,,,,,,,,https://www.essexapartmenthomes.com/apartments/valley-village/emerson-valley-village/floor-plans-and-pricing,2026-06-22,2026-09-09,,,,,Plan 2B,,
2026-09-09,ESS,Emerson Valley Village,,Valley Village,ESS-emerson-valley-village-2br-1065sqft-plan-2a,2,2.0,1065,2969.0,2026-09-11,,False,,,,,,,,https://www.essexapartmenthomes.com/apartments/valley-village/emerson-valley-village/floor-plans-and-pricing,2026-04-04,2026-09-09,,,,,Plan 2A,,
2026-09-09,ESS,Emerson Valley Village,,Valley Village,ESS-emerson-valley-village-2br-1338sqft-plan-2e,2,2.0,1338,3409.0,2026-09-10,,False,,,,,,,,https://www.essexapartmenthomes.com/apartments/valley-village/emerson-valley-village/floor-plans-and-pricing,2026-05-31,2026-09-09,,,,,Plan 2E,,
2026-09-09,ESS,Pinehurst,,Ventura,ESS-pinehurst-1br-757sqft-plan-1a,1,1.0,757,2207.0,2026-09-09,,False,,,,,,,,https://www.essexapartmenthomes.com/apartments/ventura/pinehurst/floor-plans-and-pricing,2026-05-24,2026-09-09,,,,,Plan 1A,,
2026-09-09,ESS,The Lofts at Pinehurst,,Ventura,ESS-the-lofts-at-pinehurst-0br-473sqft-plan-sa,0,1.0,473,2127.0,2026-09-09,,True,hard,"Save Up to $1,000 Off Rent!*",dollar_off,1000.0,3.92,,2043.67,https://www.essexapartmenthomes.com/apartments/ventura/the-lofts-at-pinehurst/floor-plans-and-pricing,2026-04-19,2026-09-09,,,,,Plan SA,,
2026-09-09,ESS,The Lofts at Pinehurst,,Ventura,ESS-the-lofts-at-pinehurst-1br-665sqft-plan-1b-loft,1,1.0,665,2127.0,2026-09-09,,True,hard,"Save Up to $1,000 Off Rent!*",dollar_off,1000.0,3.92,,2043.67,https://www.essexapartmenthomes.com/apartments/ventura/the-lofts-at-pinehurst/floor-plans-and-pricing,2026-04-19,2026-09-09,,,,,Plan 1B Loft,,
2026-09-09,ESS,The Lofts at Pinehurst,,Ventura,ESS-the-lofts-at-pinehurst-1br-662sqft-plan-1a,1,1.0,662,2137.0,2026-09-25,,True,hard,"Save Up to $1,000 Off Rent!*",dollar_off,1000.0,3.9,,2053.67,https://www.essexapartmenthomes.com/apartments/ventura/the-lofts-at-pinehurst/floor-plans-and-pricing,2026-09-06,2026-09-09,,,,,Plan 1A,,
2026-09-09,ESS,Woodside Village,,Ventura,ESS-woodside-village-2br-798sqft-plan-2b,2,2.0,798,2807.0,2026-09-25,,False,,,,,,,,https://www.essexapartmenthomes.com/apartments/ventura/woodside-village/floor-plans-and-pricing,2026-04-04,2026-09-09,,,,,Plan 2B,,
2026-09-09,ESS,Woodside Village,,Ventura,ESS-woodside-village-3br-1150sqft-plan-3a-townhome,3,2.5,1150,3407.0,2026-09-11,,False,,,,,,,,https://www.essexapartmenthomes.com/apartments/ventura/woodside-village/floor-plans-and-pricing,2026-04-04,2026-09-09,,,,,Plan 3A Townhome,,
2026-09-09,ESS,Passage Buena Vista,,Vista,ESS-passage-buena-vista-1br-732sqft-aster,1,1.0,732,2589.0,2026-09-10,,True,hard,"Save Up to $2,700 Off Rent!*",dollar_off,2700.0,8.69,,2364.0,https://www.essexapartmenthomes.com/apartments/vista/passage-buena-vista/floor-plans-and-pricing,2026-04-04,2026-09-09,,,,,Aster,,
2026-09-09,ESS,Passage Buena Vista,,Vista,ESS-passage-buena-vista-2br-1259sqft-cassia,2,2.0,1259,3309.0,2026-09-09,,True,hard,"Save Up to $2,700 Off Rent!*",dollar_off,2700.0,6.8,,3084.0,https://www.essexapartmenthomes.com/apartments/vista/passage-buena-vista/floor-plans-and-pricing,2026-08-23,2026-09-09,,,,,Cassia,,
2026-09-09,ESS,Passage Buena Vista,,Vista,ESS-passage-buena-vista-3br-1343sqft-jasmine,3,2.0,1343,3649.0,2026-09-11,,True,hard,"Save Up to $2,700 Off Rent!*",dollar_off,2700.0,6.17,,3424.0,https://www.essexapartmenthomes.com/apartments/vista/passage-buena-vista/floor-plans-and-pricing,2026-04-13,2026-09-09,,,,,Jasmine,,
2026-09-09,ESS,Walnut Heights,,Walnut,ESS-walnut-heights-1br-750sqft-plan-1a,1,1.0,750,2087.0,2026-09-09,,True,hard,"Save Up to $2,700 Off Rent!*",dollar_off,2700.0,10.78,,1862.0,https://www.essexapartmenthomes.com/apartments/walnut/walnut-heights/floor-plans-and-pricing,2026-04-04,2026-09-09,,,,,Plan 1A,,
2026-09-09,ESS,Walnut Heights,,Walnut,ESS-walnut-heights-2br-850sqft-plan-2a,2,1.0,850,2327.0,2026-09-09,,True,hard,"Save Up to $2,700 Off Rent!*",dollar_off,2700.0,9.67,,2102.0,https://www.essexapartmenthomes.com/apartments/walnut/walnut-heights/floor-plans-and-pricing,2026-04-04,2026-09-09,,,,,Plan 2A,,
2026-09-09,ESS,Walnut Heights,,Walnut,ESS-walnut-heights-3br-1050sqft-plan-3a,3,1.5,1050,2887.0,2026-09-26,,True,hard,"Save Up to $2,700 Off Rent!*",dollar_off,2700.0,7.79,,2662.0,https://www.essexapartmenthomes.com/apartments/walnut/walnut-heights/floor-plans-and-pricing,2026-04-04,2026-09-09,,,,,Plan 3A,,
2026-09-09,ESS,Agora at South Main,,Bay Area,ESS-agora-at-south-main-2br-1209sqft-plan-2a,2,2.0,1209,4699.0,2026-09-09,,False,,,,,,,,https://www.essexapartmenthomes.com/apartments/walnut-creek/agora-at-south-main/floor-plans-and-pricing,2026-04-26,2026-09-09,,,,,Plan 2A,,
2026-09-09,ESS,Agora at South Main,,Bay Area,ESS-agora-at-south-main-2br-1624sqft-plan-2b-den-townhome-rooftop-deck,2,2.5,1624,5277.0,2026-09-09,,False,,,,,,,,https://www.essexapartmenthomes.com/apartments/walnut-creek/agora-at-south-main/floor-plans-and-pricing,2026-06-14,2026-09-09,,,,,Plan 2B + Den Townhome + Rooftop Deck,,
2026-09-09,ESS,Brio,,Bay Area,ESS-brio-1br-667sqft-thalia,1,1.0,667,2499.0,2026-09-09,,False,,,,,,,,https://www.essexapartmenthomes.com/apartments/walnut-creek/brio/floor-plans-and-pricing,2026-04-04,2026-09-09,,,,,Thalia,,
2026-09-09,ESS,Brio,,Bay Area,ESS-brio-1br-766sqft-iris,1,1.0,766,2619.0,2026-09-09,,False,,,,,,,,https://www.essexapartmenthomes.com/apartments/walnut-creek/brio/floor-plans-and-pricing,2026-04-04,2026-09-09,,,,,Iris,,
2026-09-09,ESS,Brio,,Bay Area,ESS-brio-1br-746sqft-lacy,1,1.0,746,2647.0,2026-09-09,,False,,,,,,,,https://www.essexapartmenthomes.com/apartments/walnut-creek/brio/floor-plans-and-pricing,2026-04-04,2026-09-09,,,,,Lacy,,
2026-09-09,ESS,Brio,,Bay Area,ESS-brio-2br-1020sqft-cassia,2,2.0,1020,2957.0,2026-09-09,,False,,,,,,,,https://www.essexapartmenthomes.com/apartments/walnut-creek/brio/floor-plans-and-pricing,2026-05-24,2026-09-09,,,,,Cassia,,
2026-09-09,ESS,Brio,,Bay Area,ESS-brio-2br-1051sqft-abelia,2,2.0,1051,3107.0,2026-09-09,,False,,,,,,,,https://www.essexapartmenthomes.com/apartments/walnut-creek/brio/floor-plans-and-pricing,2026-07-19,2026-09-09,,,,,Abelia,,
2026-09-09,ESS,The Dylan,,Los Angeles,ESS-the-dylan-0br-682sqft-the-coleridge,0,1.0,682,2677.0,2026-09-25,,False,,,,,,,,https://www.essexapartmenthomes.com/apartments/west-hollywood/the-dylan/floor-plans-and-pricing,2026-04-04,2026-09-09,,,,,The Coleridge,,
2026-09-09,ESS,The Dylan,,Los Angeles,ESS-the-dylan-1br-713sqft-the-shelley,1,1.0,713,2807.0,2026-10-04,,False,,,,,,,,https://www.essexapartmenthomes.com/apartments/west-hollywood/the-dylan/floor-plans-and-pricing,2026-04-13,2026-09-09,,,,,The Shelley,,
2026-09-09,ESS,The Dylan,,Los Angeles,ESS-the-dylan-1br-768sqft-the-keats,1,1.0,768,2939.0,2026-10-03,,False,,,,,,,,https://www.essexapartmenthomes.com/apartments/west-hollywood/the-dylan/floor-plans-and-pricing,2026-04-04,2026-09-09,,,,,The Keats,,
2026-09-09,ESS,The Huxley,,Los Angeles,ESS-the-huxley-0br-681sqft-the-orwell,0,1.0,681,2247.0,2026-09-09,,True,hard,"Save Up to $3,200 Off Rent!*",dollar_off,3200.0,11.87,,1980.33,https://www.essexapartmenthomes.com/apartments/west-hollywood/the-huxley/floor-plans-and-pricing,2026-04-04,2026-09-09,,,,,The Orwell,,
2026-09-09,ESS,The Huxley,,Los Angeles,ESS-the-huxley-1br-833sqft-the-kerouac,1,1.0,833,2769.0,2026-10-10,,True,hard,"Save Up to $3,200 Off Rent!*",dollar_off,3200.0,9.63,,2502.33,https://www.essexapartmenthomes.com/apartments/west-hollywood/the-huxley/floor-plans-and-pricing,2026-05-31,2026-09-09,,,,,The Kerouac,,
2026-09-09,ESS,The Huxley,,Los Angeles,ESS-the-huxley-1br-767sqft-the-wells,1,1.0,767,2797.0,2026-09-19,,True,hard,"Save Up to $3,200 Off Rent!*",dollar_off,3200.0,9.53,,2530.33,https://www.essexapartmenthomes.com/apartments/west-hollywood/the-huxley/floor-plans-and-pricing,2026-04-04,2026-09-09,,,,,The Wells,,
2026-09-09,ESS,The Huxley,,Los Angeles,ESS-the-huxley-1br-768sqft-the-thompson,1,1.0,768,2807.0,2026-10-07,,True,hard,"Save Up to $3,200 Off Rent!*",dollar_off,3200.0,9.5,,2540.33,https://www.essexapartmenthomes.com/apartments/west-hollywood/the-huxley/floor-plans-and-pricing,2026-06-09,2026-09-09,,,,,The Thompson,,
2026-09-09,ESS,The Huxley,,Los Angeles,ESS-the-huxley-2br-1053sqft-the-bradbury,2,2.0,1053,3437.0,2026-09-09,,True,hard,"Save Up to $3,200 Off Rent!*",dollar_off,3200.0,7.76,,3170.33,https://www.essexapartmenthomes.com/apartments/west-hollywood/the-huxley/floor-plans-and-pricing,2026-04-04,2026-09-09,,,,,The Bradbury,,
2026-09-09,ESS,Beaumont,,Woodinville,ESS-beaumont-0br-571sqft-plan-sc,0,1.0,571,1837.0,2026-09-09,,False,,,,,,,,https://www.essexapartmenthomes.com/apartments/woodinville/beaumont/floor-plans-and-pricing,2026-04-04,2026-09-09,,,,,Plan SC,,
2026-09-09,ESS,Beaumont,,Woodinville,ESS-beaumont-1br-710sqft-plan-1b,1,1.0,710,2037.0,2026-09-16,,False,,,,,,,,https://www.essexapartmenthomes.com/apartments/woodinville/beaumont/floor-plans-and-pricing,2026-04-04,2026-09-09,,,,,Plan 1B,,
2026-09-09,ESS,Beaumont,,Woodinville,ESS-beaumont-1br-696sqft-plan-1a,1,1.0,696,2109.0,2026-09-09,,False,,,,,,,,https://www.essexapartmenthomes.com/apartments/woodinville/beaumont/floor-plans-and-pricing,2026-07-19,2026-09-09,,,,,Plan 1A,,
2026-09-09,ESS,Beaumont,,Woodinville,ESS-beaumont-2br-1046sqft-plan-2b,2,2.0,1046,2347.0,2026-09-09,,False,,,,,,,,https://www.essexapartmenthomes.com/apartments/woodinville/beaumont/floor-plans-and-pricing,2026-04-04,2026-09-09,,,,,Plan 2B,,
2026-09-09,ESS,Beaumont,,Woodinville,ESS-beaumont-2br-1002sqft-plan-2a,2,1.0,1002,2477.0,2026-09-09,,False,,,,,,,,https://www.essexapartmenthomes.com/apartments/woodinville/beaumont/floor-plans-and-pricing,2026-04-04,2026-09-09,,,,,Plan 2A,,
2026-09-09,ESS,Beaumont,,Woodinville,ESS-beaumont-2br-1218sqft-plan-2d,2,2.0,1218,2477.0,2026-10-11,,False,,,,,,,,https://www.essexapartmenthomes.com/apartments/woodinville/beaumont/floor-plans-and-pricing,2026-04-04,2026-09-09,,,,,Plan 2D,,
2026-09-09,ESS,Avondale at Warner Center,,Los Angeles,ESS-avondale-at-warner-center-0br-460sqft-oak,0,1.0,460,1737.0,2026-09-11,,False,,,,,,,,https://www.essexapartmenthomes.com/apartments/woodland-hills/avondale-at-warner-center/floor-plans-and-pricing,2026-04-04,2026-09-09,,,,,Oak,,
2026-09-09,ESS,Avondale at Warner Center,,Los Angeles,ESS-avondale-at-warner-center-1br-665sqft-sycamore,1,1.0,665,1877.0,2026-09-09,,False,,,,,,,,https://www.essexapartmenthomes.com/apartments/woodland-hills/avondale-at-warner-center/floor-plans-and-pricing,2026-04-04,2026-09-09,,,,,Sycamore,,
2026-09-09,ESS,Avondale at Warner Center,,Los Angeles,ESS-avondale-at-warner-center-2br-989sqft-cottonwood,2,2.0,989,2517.0,2026-09-09,,False,,,,,,,,https://www.essexapartmenthomes.com/apartments/woodland-hills/avondale-at-warner-center/floor-plans-and-pricing,2026-04-04,2026-09-09,,,,,Cottonwood,,
2026-09-09,ESS,Reveal,,Los Angeles,ESS-reveal-1br-866sqft-prosperity,1,1.0,866,2309.0,2026-09-09,,False,,,,,,,,https://www.essexapartmenthomes.com/apartments/woodland-hills/reveal/floor-plans-and-pricing,2026-04-04,2026-09-09,,,,,Prosperity,,
2026-09-09,ESS,Reveal,,Los Angeles,ESS-reveal-1br-690sqft-destiny,1,1.0,690,2357.0,2026-10-08,,False,,,,,,,,https://www.essexapartmenthomes.com/apartments/woodland-hills/reveal/floor-plans-and-pricing,2026-04-04,2026-09-09,,,,,Destiny,,
2026-09-09,ESS,Reveal,,Los Angeles,ESS-reveal-2br-1070sqft-fortune,2,2.0,1070,2667.0,2026-09-09,,False,,,,,,,,https://www.essexapartmenthomes.com/apartments/woodland-hills/reveal/floor-plans-and-pricing,2026-04-04,2026-09-09,,,,,Fortune,,
2026-09-09,ESS,Reveal,,Los Angeles,ESS-reveal-2br-1119sqft-radiance,2,2.0,1119,2697.0,2026-09-15,,False,,,,,,,,https://www.essexapartmenthomes.com/apartments/woodland-hills/reveal/floor-plans-and-pricing,2026-04-04,2026-09-09,,,,,Radiance,,
2026-09-09,ESS,Reveal,,Los Angeles,ESS-reveal-2br-1126sqft-peace,2,2.0,1126,2729.0,2026-11-07,,False,,,,,,,,https://www.essexapartmenthomes.com/apartments/woodland-hills/reveal/floor-plans-and-pricing,2026-04-04,2026-09-09,,,,,Peace,,
2026-09-09,ESS,Reveal,,Los Angeles,ESS-reveal-3br-1447sqft-victory,3,2.0,1447,3677.0,2026-09-26,,False,,,,,,,,https://www.essexapartmenthomes.com/apartments/woodland-hills/reveal/floor-plans-and-pricing,2026-04-04,2026-09-09,,,,,Victory,,
