scrape_date,reit,community,address,market,unit_id,beds,baths,sqft,rent,move_in_date,lease_term,has_concession,concession_hardness,concession_raw,concession_type,concession_value,concession_pct_lease_value,concession_pct_lease_term,effective_monthly_rent,listing_url,first_seen,last_seen,state,city,latitude,longitude,floorplan_name,floor_level,rentcafe_property_id
2026-05-30,ESS,Alpine Village,,Alpine,ESS-alpine-village-2br-817sqft-plan-2b,2,1.0,817,1849.0,2026-05-30,,True,hard,"Save Up to $1,300 Off Rent!*",dollar_off,1300.0,5.86,,1740.67,https://www.essexapartmenthomes.com/apartments/alpine/alpine-village/floor-plans-and-pricing,2026-04-04,2026-05-31,,,,,Plan 2B,,
2026-05-30,ESS,Alpine Village,,Alpine,ESS-alpine-village-2br-672sqft-plan-2a,2,1.0,672,1879.0,2026-06-26,,True,hard,"Save Up to $1,300 Off Rent!*",dollar_off,1300.0,5.77,,1770.67,https://www.essexapartmenthomes.com/apartments/alpine/alpine-village/floor-plans-and-pricing,2026-04-04,2026-05-31,,,,,Plan 2A,,
2026-05-30,ESS,Alpine Village,,Alpine,ESS-alpine-village-2br-920sqft-plan-2c,2,2.0,920,2357.0,2026-06-18,,True,hard,"Save Up to $1,300 Off Rent!*",dollar_off,1300.0,4.6,,2248.67,https://www.essexapartmenthomes.com/apartments/alpine/alpine-village/floor-plans-and-pricing,2026-04-04,2026-05-31,,,,,Plan 2C,,
2026-05-30,ESS,Park Viridian,,Orange County,ESS-park-viridian-0br-593sqft-central-park,0,1.0,593,2249.0,2026-06-30,,True,hard,"Save Up to $2,000 Off Rent!*",dollar_off,2000.0,7.41,,2082.33,https://www.essexapartmenthomes.com/apartments/anaheim/park-viridian/floor-plans-and-pricing,2026-04-04,2026-05-31,,,,,Central Park,,
2026-05-30,ESS,Park Viridian,,Orange County,ESS-park-viridian-0br-558sqft-city-park,0,1.0,558,2259.0,2026-07-02,,True,hard,"Save Up to $2,000 Off Rent!*",dollar_off,2000.0,7.38,,2092.33,https://www.essexapartmenthomes.com/apartments/anaheim/park-viridian/floor-plans-and-pricing,2026-04-04,2026-05-31,,,,,City Park,,
2026-05-30,ESS,Park Viridian,,Orange County,ESS-park-viridian-0br-586sqft-hyde-park,0,1.0,586,2339.0,2026-07-23,,True,hard,"Save Up to $2,000 Off Rent!*",dollar_off,2000.0,7.13,,2172.33,https://www.essexapartmenthomes.com/apartments/anaheim/park-viridian/floor-plans-and-pricing,2026-05-24,2026-05-31,,,,,Hyde Park,,
2026-05-30,ESS,Park Viridian,,Orange County,ESS-park-viridian-1br-674sqft-lincoln-park,1,1.0,674,2349.0,2026-05-30,,True,hard,"Save Up to $2,000 Off Rent!*",dollar_off,2000.0,7.1,,2182.33,https://www.essexapartmenthomes.com/apartments/anaheim/park-viridian/floor-plans-and-pricing,2026-04-04,2026-05-31,,,,,Lincoln Park,,
2026-05-30,ESS,Park Viridian,,Orange County,ESS-park-viridian-1br-760sqft-grant-park,1,1.0,760,2497.0,2026-06-29,,True,hard,"Save Up to $2,000 Off Rent!*",dollar_off,2000.0,6.67,,2330.33,https://www.essexapartmenthomes.com/apartments/anaheim/park-viridian/floor-plans-and-pricing,2026-04-13,2026-05-31,,,,,Grant Park,,
2026-05-30,ESS,Park Viridian,,Orange County,ESS-park-viridian-2br-992sqft-fairmont-park,2,2.0,992,2997.0,2026-06-06,,True,hard,"Save Up to $2,000 Off Rent!*",dollar_off,2000.0,5.56,,2830.33,https://www.essexapartmenthomes.com/apartments/anaheim/park-viridian/floor-plans-and-pricing,2026-04-04,2026-05-31,,,,,Fairmont Park,,
2026-05-30,ESS,Park Viridian,,Orange County,ESS-park-viridian-2br-972sqft-macarthur-park,2,2.0,972,3039.0,2026-05-30,,True,hard,"Save Up to $2,000 Off Rent!*",dollar_off,2000.0,5.48,,2872.33,https://www.essexapartmenthomes.com/apartments/anaheim/park-viridian/floor-plans-and-pricing,2026-04-19,2026-05-31,,,,,MacArthur Park,,
2026-05-30,ESS,The Barkley,,Orange County,ESS-the-barkley-1br-700sqft-plan-1a,1,1.0,700,2207.0,2026-05-30,,False,,,,,,,,https://www.essexapartmenthomes.com/apartments/anaheim/the-barkley/floor-plans-and-pricing,2026-04-04,2026-05-31,,,,,Plan 1A,,
2026-05-30,ESS,The Barkley,,Orange County,ESS-the-barkley-2br-1035sqft-plan-2a,2,2.0,1035,2707.0,2026-05-30,,False,,,,,,,,https://www.essexapartmenthomes.com/apartments/anaheim/the-barkley/floor-plans-and-pricing,2026-04-04,2026-05-31,,,,,Plan 2A,,
2026-05-30,ESS,Belcarra,,Seattle,ESS-belcarra-0br-552sqft-plan-sb,0,1.0,552,2177.0,2026-05-30,,False,,,,,,,,https://www.essexapartmenthomes.com/apartments/bellevue/belcarra/floor-plans-and-pricing,2026-04-04,2026-05-31,,,,,Plan SB,,
2026-05-30,ESS,Belcarra,,Seattle,ESS-belcarra-1br-700sqft-plan-1c,1,1.0,700,2549.0,2026-06-07,,False,,,,,,,,https://www.essexapartmenthomes.com/apartments/bellevue/belcarra/floor-plans-and-pricing,2026-04-26,2026-05-31,,,,,Plan 1C,,
2026-05-30,ESS,Belcarra,,Seattle,ESS-belcarra-1br-792sqft-plan-1g,1,1.0,792,2629.0,2026-05-30,,False,,,,,,,,https://www.essexapartmenthomes.com/apartments/bellevue/belcarra/floor-plans-and-pricing,2026-04-04,2026-05-31,,,,,Plan 1G,,
2026-05-30,ESS,Belcarra,,Seattle,ESS-belcarra-1br-646sqft-plan-1b,1,1.0,646,2637.0,2026-06-01,,False,,,,,,,,https://www.essexapartmenthomes.com/apartments/bellevue/belcarra/floor-plans-and-pricing,2026-05-09,2026-05-31,,,,,Plan 1B,,
2026-05-30,ESS,Belcarra,,Seattle,ESS-belcarra-2br-1046sqft-plan-22b,2,2.0,1046,3479.0,2026-06-28,,False,,,,,,,,https://www.essexapartmenthomes.com/apartments/bellevue/belcarra/floor-plans-and-pricing,2026-04-04,2026-05-31,,,,,Plan 22B,,
2026-05-30,ESS,Belcarra,,Seattle,ESS-belcarra-2br-1145sqft-plan-22d,2,2.0,1145,3837.0,2026-06-22,,False,,,,,,,,https://www.essexapartmenthomes.com/apartments/bellevue/belcarra/floor-plans-and-pricing,2026-05-24,2026-05-31,,,,,Plan 22D,,
2026-05-30,ESS,BellCentre,,Seattle,ESS-bellcentre-0br-575sqft-plan-se,0,1.0,575,2167.0,2026-05-30,,False,,,,,,,,https://www.essexapartmenthomes.com/apartments/bellevue/bellcentre/floor-plans-and-pricing,2026-04-04,2026-05-31,,,,,Plan SE,,
2026-05-30,ESS,BellCentre,,Seattle,ESS-bellcentre-1br-563sqft-plan-1a,1,1.0,563,2339.0,2026-05-30,,False,,,,,,,,https://www.essexapartmenthomes.com/apartments/bellevue/bellcentre/floor-plans-and-pricing,2026-04-04,2026-05-31,,,,,Plan 1A,,
2026-05-30,ESS,BellCentre,,Seattle,ESS-bellcentre-1br-724sqft-plan-1d,1,1.0,724,2379.0,2026-05-30,,False,,,,,,,,https://www.essexapartmenthomes.com/apartments/bellevue/bellcentre/floor-plans-and-pricing,2026-04-05,2026-05-31,,,,,Plan 1D,,
2026-05-30,ESS,BellCentre,,Seattle,ESS-bellcentre-1br-739sqft-plan-1e,1,1.0,739,2447.0,2026-06-09,,False,,,,,,,,https://www.essexapartmenthomes.com/apartments/bellevue/bellcentre/floor-plans-and-pricing,2026-04-04,2026-05-31,,,,,Plan 1E,,
2026-05-30,ESS,BellCentre,,Seattle,ESS-bellcentre-2br-1031sqft-plan-2a,2,2.0,1031,3447.0,2026-06-07,,False,,,,,,,,https://www.essexapartmenthomes.com/apartments/bellevue/bellcentre/floor-plans-and-pricing,2026-04-26,2026-05-31,,,,,Plan 2A,,
2026-05-30,ESS,BellCentre,,Seattle,ESS-bellcentre-2br-1065sqft-plan-2b,2,2.0,1065,3547.0,2026-05-30,,False,,,,,,,,https://www.essexapartmenthomes.com/apartments/bellevue/bellcentre/floor-plans-and-pricing,2026-04-19,2026-05-31,,,,,Plan 2B,,
2026-05-30,ESS,Cedar Terrace,,Seattle,ESS-cedar-terrace-1br-834sqft-rhododendron,1,1.0,834,1917.0,2026-06-07,,False,,,,,,,,https://www.essexapartmenthomes.com/apartments/bellevue/cedar-terrace/floor-plans-and-pricing,2026-04-04,2026-05-31,,,,,Rhododendron,,
2026-05-30,ESS,Cedar Terrace,,Seattle,ESS-cedar-terrace-2br-986sqft-dogwood,2,1.0,986,2189.0,2026-05-31,,False,,,,,,,,https://www.essexapartmenthomes.com/apartments/bellevue/cedar-terrace/floor-plans-and-pricing,2026-04-04,2026-05-31,,,,,Dogwood,,
2026-05-30,ESS,Cedar Terrace,,Seattle,ESS-cedar-terrace-2br-1108sqft-hawthorn,2,2.0,1108,2209.0,2026-06-02,,False,,,,,,,,https://www.essexapartmenthomes.com/apartments/bellevue/cedar-terrace/floor-plans-and-pricing,2026-04-04,2026-05-31,,,,,Hawthorn,,
2026-05-30,ESS,Cedar Terrace,,Seattle,ESS-cedar-terrace-3br-1225sqft-cottonwood,3,2.0,1225,3097.0,2026-05-30,,False,,,,,,,,https://www.essexapartmenthomes.com/apartments/bellevue/cedar-terrace/floor-plans-and-pricing,2026-04-04,2026-05-31,,,,,Cottonwood,,
2026-05-30,ESS,Cedar Terrace,,Seattle,ESS-cedar-terrace-3br-1506sqft-salmonberry,3,2.0,1506,3497.0,2026-07-03,,False,,,,,,,,https://www.essexapartmenthomes.com/apartments/bellevue/cedar-terrace/floor-plans-and-pricing,2026-05-31,2026-05-31,,,,,Salmonberry,,
2026-05-30,ESS,Courtyard Off Main,,Seattle,ESS-courtyard-off-main-1br-736sqft-wildwood-ii,1,1.0,736,2337.0,2026-07-30,,True,soft,Courtyard Off Main,,,,,,https://www.essexapartmenthomes.com/apartments/bellevue/courtyard-off-main/floor-plans-and-pricing,2026-05-31,2026-05-31,,,,,Wildwood II,,
2026-05-30,ESS,Courtyard Off Main,,Seattle,ESS-courtyard-off-main-1br-699sqft-wildwood-i,1,1.0,699,2439.0,2026-07-07,,True,soft,Courtyard Off Main,,,,,,https://www.essexapartmenthomes.com/apartments/bellevue/courtyard-off-main/floor-plans-and-pricing,2026-05-09,2026-05-31,,,,,Wildwood I,,
2026-05-30,ESS,Courtyard Off Main,,Seattle,ESS-courtyard-off-main-1br-731sqft-wildwood-iii,1,1.0,731,2537.0,2026-05-30,,True,soft,Courtyard Off Main,,,,,,https://www.essexapartmenthomes.com/apartments/bellevue/courtyard-off-main/floor-plans-and-pricing,2026-04-04,2026-05-31,,,,,Wildwood III,,
2026-05-30,ESS,Courtyard Off Main,,Seattle,ESS-courtyard-off-main-1br-893sqft-robinswood-iii-w-den,1,1.0,893,2687.0,2026-06-09,,True,soft,Courtyard Off Main,,,,,,https://www.essexapartmenthomes.com/apartments/bellevue/courtyard-off-main/floor-plans-and-pricing,2026-04-04,2026-05-31,,,,,Robinswood III w/Den,,
2026-05-30,ESS,Courtyard Off Main,,Seattle,ESS-courtyard-off-main-2br-1055sqft-newcastle,2,2.0,1055,3317.0,2026-05-30,,True,soft,Courtyard Off Main,,,,,,https://www.essexapartmenthomes.com/apartments/bellevue/courtyard-off-main/floor-plans-and-pricing,2026-04-04,2026-05-31,,,,,Newcastle,,
2026-05-30,ESS,Ellington at Bellevue,,Seattle,ESS-ellington-at-bellevue-1br-653sqft-plan-1c,1,1.0,653,2317.0,2026-05-30,,False,,,,,,,,https://www.essexapartmenthomes.com/apartments/bellevue/ellington-at-bellevue/floor-plans-and-pricing,2026-04-04,2026-05-31,,,,,Plan 1C,,
2026-05-30,ESS,Ellington at Bellevue,,Seattle,ESS-ellington-at-bellevue-2br-802sqft-plan-2a,2,1.0,802,2867.0,2026-07-05,,False,,,,,,,,https://www.essexapartmenthomes.com/apartments/bellevue/ellington-at-bellevue/floor-plans-and-pricing,2026-05-09,2026-05-31,,,,,Plan 2A,,
2026-05-30,ESS,Emerald Ridge,,Seattle,ESS-emerald-ridge-1br-666sqft-plan-1b,1,1.0,666,1947.0,2026-07-03,,False,,,,,,,,https://www.essexapartmenthomes.com/apartments/bellevue/emerald-ridge/floor-plans-and-pricing,2026-05-17,2026-05-31,,,,,Plan 1B,,
2026-05-30,ESS,Emerald Ridge,,Seattle,ESS-emerald-ridge-1br-666sqft-plan-1a,1,1.0,666,1959.0,2026-05-30,,False,,,,,,,,https://www.essexapartmenthomes.com/apartments/bellevue/emerald-ridge/floor-plans-and-pricing,2026-04-04,2026-05-31,,,,,Plan 1A,,
2026-05-30,ESS,Emerald Ridge,,Seattle,ESS-emerald-ridge-2br-837sqft-plan-2a,2,1.0,837,2307.0,2026-06-13,,False,,,,,,,,https://www.essexapartmenthomes.com/apartments/bellevue/emerald-ridge/floor-plans-and-pricing,2026-04-04,2026-05-31,,,,,Plan 2A,,
2026-05-30,ESS,Emerald Ridge,,Seattle,ESS-emerald-ridge-2br-958sqft-plan-2b,2,2.0,958,2387.0,2026-05-30,,False,,,,,,,,https://www.essexapartmenthomes.com/apartments/bellevue/emerald-ridge/floor-plans-and-pricing,2026-04-04,2026-05-31,,,,,Plan 2B,,
2026-05-30,ESS,Foothill Commons,,Seattle,ESS-foothill-commons-1br-683sqft-plan-1a,1,1.0,683,1819.0,2026-05-30,,False,,,,,,,,https://www.essexapartmenthomes.com/apartments/bellevue/foothill-commons/floor-plans-and-pricing,2026-04-04,2026-05-31,,,,,Plan 1A,,
2026-05-30,ESS,Foothill Commons,,Seattle,ESS-foothill-commons-1br-730sqft-plan-1c,1,1.0,730,1907.0,2026-05-30,,False,,,,,,,,https://www.essexapartmenthomes.com/apartments/bellevue/foothill-commons/floor-plans-and-pricing,2026-04-13,2026-05-31,,,,,Plan 1C,,
2026-05-30,ESS,Foothill Commons,,Seattle,ESS-foothill-commons-1br-708sqft-plan-1b,1,1.0,708,2137.0,2026-06-12,,False,,,,,,,,https://www.essexapartmenthomes.com/apartments/bellevue/foothill-commons/floor-plans-and-pricing,2026-05-17,2026-05-31,,,,,Plan 1B,,
2026-05-30,ESS,Foothill Commons,,Seattle,ESS-foothill-commons-2br-1067sqft-plan-2b,2,2.0,1067,2737.0,2026-05-30,,False,,,,,,,,https://www.essexapartmenthomes.com/apartments/bellevue/foothill-commons/floor-plans-and-pricing,2026-04-04,2026-05-31,,,,,Plan 2B,,
2026-05-30,ESS,Foothill Commons,,Seattle,ESS-foothill-commons-2br-1010sqft-plan-2a,2,2.0,1010,2867.0,2026-06-30,,False,,,,,,,,https://www.essexapartmenthomes.com/apartments/bellevue/foothill-commons/floor-plans-and-pricing,2026-04-04,2026-05-31,,,,,Plan 2A,,
2026-05-30,ESS,Foothill Commons,,Seattle,ESS-foothill-commons-2br-1276sqft-plan-2c,2,2.0,1276,2959.0,2026-07-05,,False,,,,,,,,https://www.essexapartmenthomes.com/apartments/bellevue/foothill-commons/floor-plans-and-pricing,2026-05-24,2026-05-31,,,,,Plan 2C,,
2026-05-30,ESS,Palisades,,Seattle,ESS-palisades-1br-700sqft-plan-1a,1,1.0,700,2117.0,2026-06-12,,False,,,,,,,,https://www.essexapartmenthomes.com/apartments/bellevue/palisades/floor-plans-and-pricing,2026-04-04,2026-05-31,,,,,Plan 1A,,
2026-05-30,ESS,Palisades,,Seattle,ESS-palisades-1br-750sqft-plan-1c,1,1.0,750,2147.0,2026-06-23,,False,,,,,,,,https://www.essexapartmenthomes.com/apartments/bellevue/palisades/floor-plans-and-pricing,2026-04-13,2026-05-31,,,,,Plan 1C,,
2026-05-30,ESS,Palisades,,Seattle,ESS-palisades-1br-762sqft-plan-1d,1,1.0,762,2187.0,2026-06-15,,False,,,,,,,,https://www.essexapartmenthomes.com/apartments/bellevue/palisades/floor-plans-and-pricing,2026-05-31,2026-05-31,,,,,Plan 1D,,
2026-05-30,ESS,Palisades,,Seattle,ESS-palisades-2br-900sqft-plan-2a,2,1.0,900,2727.0,2026-05-30,,False,,,,,,,,https://www.essexapartmenthomes.com/apartments/bellevue/palisades/floor-plans-and-pricing,2026-04-04,2026-05-31,,,,,Plan 2A,,
2026-05-30,ESS,Palisades,,Seattle,ESS-palisades-2br-1020sqft-plan-2b,2,2.0,1020,2989.0,2026-06-12,,False,,,,,,,,https://www.essexapartmenthomes.com/apartments/bellevue/palisades/floor-plans-and-pricing,2026-05-09,2026-05-31,,,,,Plan 2B,,
2026-05-30,ESS,Park Highland,,Seattle,ESS-park-highland-2br-1108sqft-evergreen,2,2.0,1108,2937.0,2026-05-30,,False,,,,,,,,https://www.essexapartmenthomes.com/apartments/bellevue/park-highland/floor-plans-and-pricing,2026-04-04,2026-05-31,,,,,Evergreen,,
2026-05-30,ESS,Park Highland,,Seattle,ESS-park-highland-3br-1328sqft-sycamore,3,2.0,1328,3499.0,2026-07-07,,False,,,,,,,,https://www.essexapartmenthomes.com/apartments/bellevue/park-highland/floor-plans-and-pricing,2026-04-04,2026-05-31,,,,,Sycamore,,
2026-05-30,ESS,Piedmont,,Seattle,ESS-piedmont-0br-469sqft-anise,0,1.0,469,1697.0,2026-05-30,,True,hard,"Save Up to $1,400 Off Rent!*",dollar_off,1400.0,6.87,,1580.33,https://www.essexapartmenthomes.com/apartments/bellevue/piedmont/floor-plans-and-pricing,2026-04-04,2026-05-31,,,,,Anise,,
2026-05-30,ESS,Piedmont,,Seattle,ESS-piedmont-1br-764sqft-cinnamon,1,1.0,764,1877.0,2026-06-13,,True,hard,"Save Up to $1,400 Off Rent!*",dollar_off,1400.0,6.22,,1760.33,https://www.essexapartmenthomes.com/apartments/bellevue/piedmont/floor-plans-and-pricing,2026-04-04,2026-05-31,,,,,Cinnamon,,
2026-05-30,ESS,Piedmont,,Seattle,ESS-piedmont-2br-892sqft-dandelion,2,1.5,892,2197.0,2026-05-30,,True,hard,"Save Up to $1,400 Off Rent!*",dollar_off,1400.0,5.31,,2080.33,https://www.essexapartmenthomes.com/apartments/bellevue/piedmont/floor-plans-and-pricing,2026-04-04,2026-05-31,,,,,Dandelion,,
2026-05-30,ESS,Piedmont,,Seattle,ESS-piedmont-2br-983sqft-fennel,2,2.0,983,2317.0,2026-06-06,,True,hard,"Save Up to $1,400 Off Rent!*",dollar_off,1400.0,5.04,,2200.33,https://www.essexapartmenthomes.com/apartments/bellevue/piedmont/floor-plans-and-pricing,2026-04-04,2026-05-31,,,,,Fennel,,
2026-05-30,ESS,Piedmont,,Seattle,ESS-piedmont-2br-949sqft-elder-berry,2,1.5,949,2487.0,2026-06-01,,True,hard,"Save Up to $1,400 Off Rent!*",dollar_off,1400.0,4.69,,2370.33,https://www.essexapartmenthomes.com/apartments/bellevue/piedmont/floor-plans-and-pricing,2026-04-04,2026-05-31,,,,,Elder Berry,,
2026-05-30,ESS,Sammamish View,,Seattle,ESS-sammamish-view-1br-776sqft-plan-1a,1,1.0,776,2087.0,2026-05-30,,True,hard,"Save Up to $2,000 Off Rent!*",dollar_off,2000.0,7.99,,1920.33,https://www.essexapartmenthomes.com/apartments/bellevue/sammamish-view/floor-plans-and-pricing,2026-04-04,2026-05-31,,,,,Plan 1A,,
2026-05-30,ESS,Sammamish View,,Seattle,ESS-sammamish-view-2br-904sqft-plan-2a,2,1.0,904,2357.0,2026-05-30,,True,hard,"Save Up to $2,000 Off Rent!*",dollar_off,2000.0,7.07,,2190.33,https://www.essexapartmenthomes.com/apartments/bellevue/sammamish-view/floor-plans-and-pricing,2026-04-04,2026-05-31,,,,,Plan 2A,,
2026-05-30,ESS,Woodland Commons,,Seattle,ESS-woodland-commons-0br-413sqft-plan-sa,0,1.0,413,1627.0,2026-05-30,,True,hard,"Save Up to $2,000 Off Rent!*",dollar_off,2000.0,10.24,,1460.33,https://www.essexapartmenthomes.com/apartments/bellevue/woodland-commons/floor-plans-and-pricing,2026-04-04,2026-05-31,,,,,Plan SA,,
2026-05-30,ESS,Woodland Commons,,Seattle,ESS-woodland-commons-1br-662sqft-plan-1c,1,1.0,662,1929.0,2026-05-30,,True,hard,"Save Up to $2,000 Off Rent!*",dollar_off,2000.0,8.64,,1762.33,https://www.essexapartmenthomes.com/apartments/bellevue/woodland-commons/floor-plans-and-pricing,2026-04-04,2026-05-31,,,,,Plan 1C,,
2026-05-30,ESS,Woodland Commons,,Seattle,ESS-woodland-commons-1br-612sqft-plan-1b,1,1.0,612,2367.0,2026-06-08,,True,hard,"Save Up to $2,000 Off Rent!*",dollar_off,2000.0,7.04,,2200.33,https://www.essexapartmenthomes.com/apartments/bellevue/woodland-commons/floor-plans-and-pricing,2026-05-31,2026-05-31,,,,,Plan 1B,,
2026-05-30,ESS,Woodland Commons,,Seattle,ESS-woodland-commons-2br-886sqft-plan-2a,2,1.0,886,2307.0,2026-06-04,,True,hard,"Save Up to $2,000 Off Rent!*",dollar_off,2000.0,7.22,,2140.33,https://www.essexapartmenthomes.com/apartments/bellevue/woodland-commons/floor-plans-and-pricing,2026-04-04,2026-05-31,,,,,Plan 2A,,
2026-05-30,ESS,Woodland Commons,,Seattle,ESS-woodland-commons-2br-950sqft-plan-2c,2,2.0,950,2439.0,2026-05-30,,True,hard,"Save Up to $2,000 Off Rent!*",dollar_off,2000.0,6.83,,2272.33,https://www.essexapartmenthomes.com/apartments/bellevue/woodland-commons/floor-plans-and-pricing,2026-04-04,2026-05-31,,,,,Plan 2C,,
2026-05-30,ESS,Woodland Commons,,Seattle,ESS-woodland-commons-2br-940sqft-plan-2b,2,2.0,940,2829.0,2026-05-30,,True,hard,"Save Up to $2,000 Off Rent!*",dollar_off,2000.0,5.89,,2662.33,https://www.essexapartmenthomes.com/apartments/bellevue/woodland-commons/floor-plans-and-pricing,2026-04-04,2026-05-31,,,,,Plan 2B,,
2026-05-30,ESS,Bonita Cedars,,Bonita,ESS-bonita-cedars-1br-733sqft-plan-1a,1,1.0,733,2097.0,2026-05-30,,True,hard,"Save Up to $1,400 Off Rent!*",dollar_off,1400.0,5.56,,1980.33,https://www.essexapartmenthomes.com/apartments/bonita/bonita-cedars/floor-plans-and-pricing,2026-04-04,2026-05-31,,,,,Plan 1A,,
2026-05-30,ESS,Bonita Cedars,,Bonita,ESS-bonita-cedars-2br-1024sqft-plan-2a,2,2.0,1024,2677.0,2026-05-30,,True,hard,"Save Up to $1,400 Off Rent!*",dollar_off,1400.0,4.36,,2560.33,https://www.essexapartmenthomes.com/apartments/bonita/bonita-cedars/floor-plans-and-pricing,2026-04-04,2026-05-31,,,,,Plan 2A,,
2026-05-30,ESS,Bonita Cedars,,Bonita,ESS-bonita-cedars-3br-1200sqft-plan-3a,3,2.0,1200,2789.0,2026-05-30,,True,hard,"Save Up to $1,400 Off Rent!*",dollar_off,1400.0,4.18,,2672.33,https://www.essexapartmenthomes.com/apartments/bonita/bonita-cedars/floor-plans-and-pricing,2026-04-04,2026-05-31,,,,,Plan 3A,,
2026-05-30,ESS,Bothell Ridge,,Seattle,ESS-bothell-ridge-1br-550sqft-countryside,1,1.0,550,1737.0,2026-05-30,,False,,,,,,,,https://www.essexapartmenthomes.com/apartments/bothell/bothell-ridge/floor-plans-and-pricing,2026-04-04,2026-05-31,,,,,Countryside,,
2026-05-30,ESS,Bothell Ridge,,Seattle,ESS-bothell-ridge-1br-650sqft-woodland,1,1.0,650,1867.0,2026-05-30,,False,,,,,,,,https://www.essexapartmenthomes.com/apartments/bothell/bothell-ridge/floor-plans-and-pricing,2026-04-04,2026-05-31,,,,,Woodland,,
2026-05-30,ESS,Bothell Ridge,,Seattle,ESS-bothell-ridge-1br-770sqft-creekside,1,1.0,770,1867.0,2026-06-24,,False,,,,,,,,https://www.essexapartmenthomes.com/apartments/bothell/bothell-ridge/floor-plans-and-pricing,2026-04-04,2026-05-31,,,,,Creekside,,
2026-05-30,ESS,Bothell Ridge,,Seattle,ESS-bothell-ridge-2br-1077sqft-glen,2,2.0,1077,2217.0,2026-06-28,,False,,,,,,,,https://www.essexapartmenthomes.com/apartments/bothell/bothell-ridge/floor-plans-and-pricing,2026-05-09,2026-05-31,,,,,Glen,,
2026-05-30,ESS,Bothell Ridge,,Seattle,ESS-bothell-ridge-2br-1065sqft-prairie,2,2.0,1065,2327.0,2026-07-07,,False,,,,,,,,https://www.essexapartmenthomes.com/apartments/bothell/bothell-ridge/floor-plans-and-pricing,2026-05-09,2026-05-31,,,,,Prairie,,
2026-05-30,ESS,Canyon Pointe,,Seattle,ESS-canyon-pointe-1br-672sqft-plan-1a,1,1.0,672,1667.0,2026-05-30,,True,hard,"Save Up to $1,300 Off Rent!*",dollar_off,1300.0,6.5,,1558.67,https://www.essexapartmenthomes.com/apartments/bothell/canyon-pointe/floor-plans-and-pricing,2026-04-04,2026-05-31,,,,,Plan 1A,,
2026-05-30,ESS,Canyon Pointe,,Seattle,ESS-canyon-pointe-1br-692sqft-plan-1b,1,1.0,692,1677.0,2026-05-30,,True,hard,"Save Up to $1,300 Off Rent!*",dollar_off,1300.0,6.46,,1568.67,https://www.essexapartmenthomes.com/apartments/bothell/canyon-pointe/floor-plans-and-pricing,2026-04-04,2026-05-31,,,,,Plan 1B,,
2026-05-30,ESS,Canyon Pointe,,Seattle,ESS-canyon-pointe-2br-908sqft-plan-2c,2,2.0,908,2227.0,2026-06-10,,True,hard,"Save Up to $1,300 Off Rent!*",dollar_off,1300.0,4.86,,2118.67,https://www.essexapartmenthomes.com/apartments/bothell/canyon-pointe/floor-plans-and-pricing,2026-05-17,2026-05-31,,,,,Plan 2C,,
2026-05-30,ESS,Canyon Pointe,,Seattle,ESS-canyon-pointe-2br-930sqft-plan-2e,2,2.0,930,2297.0,2026-06-10,,True,hard,"Save Up to $1,300 Off Rent!*",dollar_off,1300.0,4.72,,2188.67,https://www.essexapartmenthomes.com/apartments/bothell/canyon-pointe/floor-plans-and-pricing,2026-04-04,2026-05-31,,,,,Plan 2E,,
2026-05-30,ESS,Pinnacle Sonata,,Seattle,ESS-pinnacle-sonata-1br-875sqft-crescendo,1,1.0,875,2187.0,2026-06-03,,False,,,,,,,,https://www.essexapartmenthomes.com/apartments/bothell/pinnacle-sonata/floor-plans-and-pricing,2026-04-04,2026-05-31,,,,,Crescendo,,
2026-05-30,ESS,Pinnacle Sonata,,Seattle,ESS-pinnacle-sonata-1br-1038sqft-solo,1,1.0,1038,2609.0,2026-05-30,,False,,,,,,,,https://www.essexapartmenthomes.com/apartments/bothell/pinnacle-sonata/floor-plans-and-pricing,2026-04-04,2026-05-31,,,,,Solo,,
2026-05-30,ESS,Pinnacle Sonata,,Seattle,ESS-pinnacle-sonata-2br-1193sqft-tremolo-townhome,2,2.0,1193,2887.0,2026-06-02,,False,,,,,,,,https://www.essexapartmenthomes.com/apartments/bothell/pinnacle-sonata/floor-plans-and-pricing,2026-04-04,2026-05-31,,,,,Tremolo Townhome,,
2026-05-30,ESS,Pinnacle Sonata,,Seattle,ESS-pinnacle-sonata-2br-1304sqft-staccato-townhome,2,2.0,1304,3167.0,2026-07-21,,False,,,,,,,,https://www.essexapartmenthomes.com/apartments/bothell/pinnacle-sonata/floor-plans-and-pricing,2026-04-04,2026-05-31,,,,,Staccato Townhome,,
2026-05-30,ESS,Pinnacle Sonata,,Seattle,ESS-pinnacle-sonata-3br-1249sqft-acapella-townhome,3,2.0,1249,3437.0,2026-05-30,,False,,,,,,,,https://www.essexapartmenthomes.com/apartments/bothell/pinnacle-sonata/floor-plans-and-pricing,2026-04-04,2026-05-31,,,,,Acapella Townhome,,
2026-05-30,ESS,Pinnacle Sonata,,Seattle,ESS-pinnacle-sonata-3br-1575sqft-andante-townhome,3,2.5,1575,3589.0,2026-05-30,,False,,,,,,,,https://www.essexapartmenthomes.com/apartments/bothell/pinnacle-sonata/floor-plans-and-pricing,2026-05-31,2026-05-31,,,,,Andante Townhome,,
2026-05-30,ESS,Salmon Run at Perry Creek,,Seattle,ESS-salmon-run-at-perry-creek-1br-532sqft-plan-1a,1,1.0,532,1869.0,2026-05-30,,True,hard,"Save Up to $1,900 Off Rent!*",dollar_off,1900.0,8.47,,1710.67,https://www.essexapartmenthomes.com/apartments/bothell/salmon-run-at-perry-creek/floor-plans-and-pricing,2026-04-04,2026-05-31,,,,,Plan 1A,,
2026-05-30,ESS,Salmon Run at Perry Creek,,Seattle,ESS-salmon-run-at-perry-creek-1br-827sqft-plan-1b,1,1.0,827,1949.0,2026-05-30,,True,hard,"Save Up to $1,900 Off Rent!*",dollar_off,1900.0,8.12,,1790.67,https://www.essexapartmenthomes.com/apartments/bothell/salmon-run-at-perry-creek/floor-plans-and-pricing,2026-04-04,2026-05-31,,,,,Plan 1B,,
2026-05-30,ESS,Salmon Run at Perry Creek,,Seattle,ESS-salmon-run-at-perry-creek-3br-1161sqft-plan-3a,3,2.0,1161,2867.0,2026-05-30,,True,hard,"Save Up to $1,900 Off Rent!*",dollar_off,1900.0,5.52,,2708.67,https://www.essexapartmenthomes.com/apartments/bothell/salmon-run-at-perry-creek/floor-plans-and-pricing,2026-04-13,2026-05-31,,,,,Plan 3A,,
2026-05-30,ESS,Stonehedge Village,,Seattle,ESS-stonehedge-village-2br-1100sqft-plan-2b-townhome,2,1.5,1100,2289.0,2026-05-30,,True,hard,"Save Up to $1,400 Off Rent!*",dollar_off,1400.0,5.1,,2172.33,https://www.essexapartmenthomes.com/apartments/bothell/stonehedge-village/floor-plans-and-pricing,2026-04-04,2026-05-31,,,,,Plan 2B Townhome,,
2026-05-30,ESS,Stonehedge Village,,Seattle,ESS-stonehedge-village-2br-1070sqft-plan-2a,2,1.0,1070,2319.0,2026-05-30,,True,hard,"Save Up to $1,400 Off Rent!*",dollar_off,1400.0,5.03,,2202.33,https://www.essexapartmenthomes.com/apartments/bothell/stonehedge-village/floor-plans-and-pricing,2026-04-04,2026-05-31,,,,,Plan 2A,,
2026-05-30,ESS,Stonehedge Village,,Seattle,ESS-stonehedge-village-2br-1040sqft-plan-2c,2,2.0,1040,2659.0,2026-05-30,,True,hard,"Save Up to $1,400 Off Rent!*",dollar_off,1400.0,4.39,,2542.33,https://www.essexapartmenthomes.com/apartments/bothell/stonehedge-village/floor-plans-and-pricing,2026-04-04,2026-05-31,,,,,Plan 2C,,
2026-05-30,ESS,Stonehedge Village,,Seattle,ESS-stonehedge-village-2br-1336sqft-plan-2d-townhome,2,2.5,1336,3149.0,2026-05-30,,True,hard,"Save Up to $1,400 Off Rent!*",dollar_off,1400.0,3.7,,3032.33,https://www.essexapartmenthomes.com/apartments/bothell/stonehedge-village/floor-plans-and-pricing,2026-04-13,2026-05-31,,,,,Plan 2D Townhome,,
2026-05-30,ESS,The Village at Toluca Lake,,Los Angeles,ESS-the-village-at-toluca-lake-0br-550sqft-plan-sa,0,1.0,550,1819.0,2026-06-06,,False,,,,,,,,https://www.essexapartmenthomes.com/apartments/burbank/the-village-at-toluca-lake/floor-plans-and-pricing,2026-05-03,2026-05-31,,,,,Plan SA,,
2026-05-30,ESS,The Village at Toluca Lake,,Los Angeles,ESS-the-village-at-toluca-lake-1br-750sqft-plan-1b,1,1.0,750,2277.0,2026-05-30,,False,,,,,,,,https://www.essexapartmenthomes.com/apartments/burbank/the-village-at-toluca-lake/floor-plans-and-pricing,2026-04-04,2026-05-31,,,,,Plan 1B,,
2026-05-30,ESS,The Village at Toluca Lake,,Los Angeles,ESS-the-village-at-toluca-lake-1br-1037sqft-plan-1f-townhome,1,1.5,1037,2919.0,2026-05-30,,False,,,,,,,,https://www.essexapartmenthomes.com/apartments/burbank/the-village-at-toluca-lake/floor-plans-and-pricing,2026-04-04,2026-05-31,,,,,Plan 1F Townhome,,
2026-05-30,ESS,The Village at Toluca Lake,,Los Angeles,ESS-the-village-at-toluca-lake-2br-1000sqft-plan-2d,2,2.0,1000,2867.0,2026-06-07,,False,,,,,,,,https://www.essexapartmenthomes.com/apartments/burbank/the-village-at-toluca-lake/floor-plans-and-pricing,2026-04-04,2026-05-31,,,,,Plan 2D,,
2026-05-30,ESS,The Village at Toluca Lake,,Los Angeles,ESS-the-village-at-toluca-lake-2br-1000sqft-plan-2c,2,2.0,1000,2887.0,2026-06-27,,False,,,,,,,,https://www.essexapartmenthomes.com/apartments/burbank/the-village-at-toluca-lake/floor-plans-and-pricing,2026-05-03,2026-05-31,,,,,Plan 2C,,
2026-05-30,ESS,The Village at Toluca Lake,,Los Angeles,ESS-the-village-at-toluca-lake-2br-1308sqft-plan-2i-townhome,2,2.5,1308,3499.0,2026-07-07,,False,,,,,,,,https://www.essexapartmenthomes.com/apartments/burbank/the-village-at-toluca-lake/floor-plans-and-pricing,2026-05-03,2026-05-31,,,,,Plan 2I Townhome,,
2026-05-30,ESS,Camarillo Oaks,,Los Angeles,ESS-camarillo-oaks-1br-672sqft-plan-1a,1,1.0,672,2009.0,2026-05-30,,True,hard,"Save Up to $3,100 Off Rent!*",dollar_off,3100.0,12.86,,1750.67,https://www.essexapartmenthomes.com/apartments/camarillo/camarillo-oaks/floor-plans-and-pricing,2026-04-04,2026-05-31,,,,,Plan 1A,,
2026-05-30,ESS,Camarillo Oaks,,Los Angeles,ESS-camarillo-oaks-1br-672sqft-plan-1c,1,1.0,672,2009.0,2026-05-30,,True,hard,"Save Up to $3,100 Off Rent!*",dollar_off,3100.0,12.86,,1750.67,https://www.essexapartmenthomes.com/apartments/camarillo/camarillo-oaks/floor-plans-and-pricing,2026-04-04,2026-05-31,,,,,Plan 1C,,
2026-05-30,ESS,Camarillo Oaks,,Los Angeles,ESS-camarillo-oaks-1br-672sqft-plan-1b,1,1.0,672,2049.0,2026-06-22,,True,hard,"Save Up to $3,100 Off Rent!*",dollar_off,3100.0,12.61,,1790.67,https://www.essexapartmenthomes.com/apartments/camarillo/camarillo-oaks/floor-plans-and-pricing,2026-05-09,2026-05-31,,,,,Plan 1B,,
2026-05-30,ESS,Camarillo Oaks,,Los Angeles,ESS-camarillo-oaks-2br-800sqft-plan-2a,2,1.0,800,2349.0,2026-05-30,,True,hard,"Save Up to $3,100 Off Rent!*",dollar_off,3100.0,11.0,,2090.67,https://www.essexapartmenthomes.com/apartments/camarillo/camarillo-oaks/floor-plans-and-pricing,2026-04-04,2026-05-31,,,,,Plan 2A,,
2026-05-30,ESS,Camarillo Oaks,,Los Angeles,ESS-camarillo-oaks-2br-880sqft-plan-2c,2,1.5,880,2427.0,2026-05-30,,True,hard,"Save Up to $3,100 Off Rent!*",dollar_off,3100.0,10.64,,2168.67,https://www.essexapartmenthomes.com/apartments/camarillo/camarillo-oaks/floor-plans-and-pricing,2026-04-04,2026-05-31,,,,,Plan 2C,,
2026-05-30,ESS,Camarillo Oaks,,Los Angeles,ESS-camarillo-oaks-2br-1050sqft-plan-2d-townhome,2,1.5,1050,2517.0,2026-05-30,,True,hard,"Save Up to $3,100 Off Rent!*",dollar_off,3100.0,10.26,,2258.67,https://www.essexapartmenthomes.com/apartments/camarillo/camarillo-oaks/floor-plans-and-pricing,2026-04-13,2026-05-31,,,,,Plan 2D Townhome,,
2026-05-30,ESS,Camarillo Oaks,,Los Angeles,ESS-camarillo-oaks-3br-1344sqft-plan-3a-townhome,3,2.0,1344,3269.0,2026-05-30,,True,hard,"Save Up to $3,100 Off Rent!*",dollar_off,3100.0,7.9,,3010.67,https://www.essexapartmenthomes.com/apartments/camarillo/camarillo-oaks/floor-plans-and-pricing,2026-04-04,2026-05-31,,,,,Plan 3A Townhome,,
2026-05-30,ESS,Camarillo Oaks,,Los Angeles,ESS-camarillo-oaks-3br-1344sqft-plan-3b-townhome,3,2.5,1344,3269.0,2026-06-02,,True,hard,"Save Up to $3,100 Off Rent!*",dollar_off,3100.0,7.9,,3010.67,https://www.essexapartmenthomes.com/apartments/camarillo/camarillo-oaks/floor-plans-and-pricing,2026-04-04,2026-05-31,,,,,Plan 3B Townhome,,
2026-05-30,ESS,Camino Ruiz Square,,Los Angeles,ESS-camino-ruiz-square-1br-588sqft-plan-1a,1,1.0,588,2257.0,2026-05-30,,True,hard,"Save Up to $2,000 Off Rent!*",dollar_off,2000.0,7.38,,2090.33,https://www.essexapartmenthomes.com/apartments/camarillo/camino-ruiz-square/floor-plans-and-pricing,2026-04-04,2026-05-31,,,,,Plan 1A,,
2026-05-30,ESS,Camino Ruiz Square,,Los Angeles,ESS-camino-ruiz-square-1br-620sqft-plan-1b,1,1.0,620,2319.0,2026-05-30,,True,hard,"Save Up to $2,000 Off Rent!*",dollar_off,2000.0,7.19,,2152.33,https://www.essexapartmenthomes.com/apartments/camarillo/camino-ruiz-square/floor-plans-and-pricing,2026-04-04,2026-05-31,,,,,Plan 1B,,
2026-05-30,ESS,Hacienda at Camarillo Oaks,,Los Angeles,ESS-hacienda-at-camarillo-oaks-1br-800sqft-plan-1b,1,1.0,800,2537.0,2026-06-02,,True,hard,"Save Up to $2,000 Off Rent!*",dollar_off,2000.0,6.57,,2370.33,https://www.essexapartmenthomes.com/apartments/camarillo/hacienda-at-camarillo-oaks/floor-plans-and-pricing,2026-05-03,2026-05-31,,,,,Plan 1B,,
2026-05-30,ESS,Hacienda at Camarillo Oaks,,Los Angeles,ESS-hacienda-at-camarillo-oaks-2br-800sqft-plan-2a,2,1.0,800,2307.0,2026-05-30,,True,hard,"Save Up to $2,000 Off Rent!*",dollar_off,2000.0,7.22,,2140.33,https://www.essexapartmenthomes.com/apartments/camarillo/hacienda-at-camarillo-oaks/floor-plans-and-pricing,2026-04-04,2026-05-31,,,,,Plan 2A,,
2026-05-30,ESS,Hacienda at Camarillo Oaks,,Los Angeles,ESS-hacienda-at-camarillo-oaks-2br-880sqft-plan-2b,2,2.0,880,2369.0,2026-05-30,,True,hard,"Save Up to $2,000 Off Rent!*",dollar_off,2000.0,7.04,,2202.33,https://www.essexapartmenthomes.com/apartments/camarillo/hacienda-at-camarillo-oaks/floor-plans-and-pricing,2026-04-04,2026-05-31,,,,,Plan 2B,,
2026-05-30,ESS,Revere Campbell,,San Jose,ESS-revere-campbell-1br-839sqft-plan-1a,1,1.0,839,3617.0,2026-07-07,,False,,,,,,,,https://www.essexapartmenthomes.com/apartments/campbell/revere-campbell/floor-plans-and-pricing,2026-04-04,2026-05-31,,,,,Plan 1A,,
2026-05-30,ESS,Revere Campbell,,San Jose,ESS-revere-campbell-1br-1218sqft-plan-1c,1,1.0,1218,4199.0,2026-06-20,,False,,,,,,,,https://www.essexapartmenthomes.com/apartments/campbell/revere-campbell/floor-plans-and-pricing,2026-04-04,2026-05-31,,,,,Plan 1C,,
2026-05-30,ESS,Revere Campbell,,San Jose,ESS-revere-campbell-2br-1179sqft-plan-2d,2,2.0,1179,4807.0,2026-05-30,,False,,,,,,,,https://www.essexapartmenthomes.com/apartments/campbell/revere-campbell/floor-plans-and-pricing,2026-04-04,2026-05-31,,,,,Plan 2D,,
2026-05-30,ESS,Revere Campbell,,San Jose,ESS-revere-campbell-2br-1379sqft-plan-2e,2,2.0,1379,4957.0,2026-07-07,,False,,,,,,,,https://www.essexapartmenthomes.com/apartments/campbell/revere-campbell/floor-plans-and-pricing,2026-05-17,2026-05-31,,,,,Plan 2E,,
2026-05-30,ESS,The Parc at Pruneyard,,San Jose,ESS-the-parc-at-pruneyard-1br-750sqft-plan-1a,1,1.0,750,3347.0,2026-05-30,,False,,,,,,,,https://www.essexapartmenthomes.com/apartments/campbell/the-parc-at-pruneyard/floor-plans-and-pricing,2026-04-04,2026-05-31,,,,,Plan 1A,,
2026-05-30,ESS,The Commons,,San Jose,ESS-the-commons-0br-461sqft-the-cornell,0,1.0,461,2627.0,2026-05-30,,False,,,,,,,,https://www.essexapartmenthomes.com/apartments/campbell/the-commons/floor-plans-and-pricing,2026-04-04,2026-05-31,,,,,The Cornell,,
2026-05-30,ESS,The Commons,,San Jose,ESS-the-commons-1br-660sqft-the-columbia,1,1.0,660,2889.0,2026-05-30,,False,,,,,,,,https://www.essexapartmenthomes.com/apartments/campbell/the-commons/floor-plans-and-pricing,2026-04-04,2026-05-31,,,,,The Columbia,,
2026-05-30,ESS,The Commons,,San Jose,ESS-the-commons-2br-815sqft-the-oxford,2,1.0,815,3559.0,2026-06-16,,False,,,,,,,,https://www.essexapartmenthomes.com/apartments/campbell/the-commons/floor-plans-and-pricing,2026-04-04,2026-05-31,,,,,The Oxford,,
2026-05-30,ESS,Pinnacle at Otay Ranch,,San Diego,ESS-pinnacle-at-otay-ranch-1br-746sqft-shetland,1,1.0,746,2197.0,2026-05-30,,True,hard,"Save Up to $4,100 Off Rent!*",dollar_off,4100.0,15.55,,1855.33,https://www.essexapartmenthomes.com/apartments/chula-vista/pinnacle-at-otay-ranch/floor-plans-and-pricing,2026-04-04,2026-05-31,,,,,Shetland,,
2026-05-30,ESS,Pinnacle at Otay Ranch,,San Diego,ESS-pinnacle-at-otay-ranch-1br-871sqft-equestrian,1,1.0,871,2409.0,2026-05-30,,True,hard,"Save Up to $4,100 Off Rent!*",dollar_off,4100.0,14.18,,2067.33,https://www.essexapartmenthomes.com/apartments/chula-vista/pinnacle-at-otay-ranch/floor-plans-and-pricing,2026-04-04,2026-05-31,,,,,Equestrian,,
2026-05-30,ESS,Pinnacle at Otay Ranch,,San Diego,ESS-pinnacle-at-otay-ranch-2br-1163sqft-appaloosa,2,2.0,1163,2797.0,2026-05-30,,True,hard,"Save Up to $4,100 Off Rent!*",dollar_off,4100.0,12.22,,2455.33,https://www.essexapartmenthomes.com/apartments/chula-vista/pinnacle-at-otay-ranch/floor-plans-and-pricing,2026-04-04,2026-05-31,,,,,Appaloosa,,
2026-05-30,ESS,Pinnacle at Otay Ranch,,San Diego,ESS-pinnacle-at-otay-ranch-2br-1098sqft-homestead,2,2.0,1098,2877.0,2026-05-30,,True,hard,"Save Up to $4,100 Off Rent!*",dollar_off,4100.0,11.88,,2535.33,https://www.essexapartmenthomes.com/apartments/chula-vista/pinnacle-at-otay-ranch/floor-plans-and-pricing,2026-04-04,2026-05-31,,,,,Homestead,,
2026-05-30,ESS,Pinnacle at Otay Ranch,,San Diego,ESS-pinnacle-at-otay-ranch-2br-1274sqft-montana,2,2.0,1274,2987.0,2026-06-05,,True,hard,"Save Up to $4,100 Off Rent!*",dollar_off,4100.0,11.44,,2645.33,https://www.essexapartmenthomes.com/apartments/chula-vista/pinnacle-at-otay-ranch/floor-plans-and-pricing,2026-04-13,2026-05-31,,,,,Montana,,
2026-05-30,ESS,Pinnacle at Otay Ranch,,San Diego,ESS-pinnacle-at-otay-ranch-2br-1220sqft-palomino,2,2.0,1220,2989.0,2026-05-30,,True,hard,"Save Up to $4,100 Off Rent!*",dollar_off,4100.0,11.43,,2647.33,https://www.essexapartmenthomes.com/apartments/chula-vista/pinnacle-at-otay-ranch/floor-plans-and-pricing,2026-04-04,2026-05-31,,,,,Palomino,,
2026-05-30,ESS,Pinnacle at Otay Ranch,,San Diego,ESS-pinnacle-at-otay-ranch-3br-1445sqft-clydesdale,3,2.0,1445,3629.0,2026-05-30,,True,hard,"Save Up to $4,100 Off Rent!*",dollar_off,4100.0,9.41,,3287.33,https://www.essexapartmenthomes.com/apartments/chula-vista/pinnacle-at-otay-ranch/floor-plans-and-pricing,2026-04-04,2026-05-31,,,,,Clydesdale,,
2026-05-30,ESS,Villa Siena,,Orange County,ESS-villa-siena-1br-710sqft-huntington,1,1.0,710,2229.0,2026-05-30,,True,hard,"Save Up to $2,300 Off Rent!*",dollar_off,2300.0,8.6,,2037.33,https://www.essexapartmenthomes.com/apartments/costa-mesa/villa-siena/floor-plans-and-pricing,2026-04-04,2026-05-31,,,,,Huntington,,
2026-05-30,ESS,Villa Siena,,Orange County,ESS-villa-siena-2br-978sqft-sunset,2,2.0,978,2609.0,2026-05-30,,True,hard,"Save Up to $2,300 Off Rent!*",dollar_off,2300.0,7.35,,2417.33,https://www.essexapartmenthomes.com/apartments/costa-mesa/villa-siena/floor-plans-and-pricing,2026-04-04,2026-05-31,,,,,Sunset,,
2026-05-30,ESS,Villa Siena,,Orange County,ESS-villa-siena-3br-1159sqft-newport,3,2.0,1159,2997.0,2026-05-30,,True,hard,"Save Up to $2,300 Off Rent!*",dollar_off,2300.0,6.4,,2805.33,https://www.essexapartmenthomes.com/apartments/costa-mesa/villa-siena/floor-plans-and-pricing,2026-04-04,2026-05-31,,,,,Newport,,
2026-05-30,ESS,Sage at Cupertino,,Cupertino,ESS-sage-at-cupertino-1br-685sqft-plan-1a,1,1.0,685,3087.0,2026-06-05,,False,,,,,,,,https://www.essexapartmenthomes.com/apartments/cupertino/sage-at-cupertino/floor-plans-and-pricing,2026-04-04,2026-05-31,,,,,Plan 1A,,
2026-05-30,ESS,The Pointe at Cupertino,,Cupertino,ESS-the-pointe-at-cupertino-3br-1212sqft-stevens-townhome,3,1.5,1212,4167.0,2026-05-30,,False,,,,,,,,https://www.essexapartmenthomes.com/apartments/cupertino/the-pointe-at-cupertino/floor-plans-and-pricing,2026-04-04,2026-05-31,,,,,Stevens Townhome,,
2026-05-30,ESS,The Pointe at Cupertino,,Cupertino,ESS-the-pointe-at-cupertino-3br-1152sqft-portola-townhome,3,1.5,1152,4167.0,2026-05-30,,False,,,,,,,,https://www.essexapartmenthomes.com/apartments/cupertino/the-pointe-at-cupertino/floor-plans-and-pricing,2026-04-04,2026-05-31,,,,,Portola Townhome,,
2026-05-30,ESS,Emerald Pointe,,Diamond Bar,ESS-emerald-pointe-1br-708sqft-donegal,1,1.0,708,2517.0,2026-06-28,,False,,,,,,,,https://www.essexapartmenthomes.com/apartments/diamond-bar/emerald-pointe/floor-plans-and-pricing,2026-04-04,2026-05-31,,,,,Donegal,,
2026-05-30,ESS,Emerald Pointe,,Diamond Bar,ESS-emerald-pointe-1br-800sqft-galway,1,1.0,800,2577.0,2026-06-14,,False,,,,,,,,https://www.essexapartmenthomes.com/apartments/diamond-bar/emerald-pointe/floor-plans-and-pricing,2026-04-04,2026-05-31,,,,,Galway,,
2026-05-30,ESS,Emerald Pointe,,Diamond Bar,ESS-emerald-pointe-2br-1010sqft-killarney,2,2.0,1010,3159.0,2026-05-30,,False,,,,,,,,https://www.essexapartmenthomes.com/apartments/diamond-bar/emerald-pointe/floor-plans-and-pricing,2026-04-04,2026-05-31,,,,,Killarney,,
2026-05-30,ESS,Connolly Station,,Dublin,ESS-connolly-station-1br-786sqft-the-oxford,1,1.0,786,2507.0,2026-05-30,,False,,,,,,,,https://www.essexapartmenthomes.com/apartments/dublin/connolly-station/floor-plans-and-pricing,2026-04-04,2026-05-31,,,,,The Oxford,,
2026-05-30,ESS,Connolly Station,,Dublin,ESS-connolly-station-2br-1118sqft-the-metro,2,2.0,1118,3169.0,2026-06-14,,False,,,,,,,,https://www.essexapartmenthomes.com/apartments/dublin/connolly-station/floor-plans-and-pricing,2026-04-26,2026-05-31,,,,,The Metro,,
2026-05-30,ESS,Connolly Station,,Dublin,ESS-connolly-station-2br-1518sqft-the-uptown,2,3.0,1518,4487.0,2026-05-30,,False,,,,,,,,https://www.essexapartmenthomes.com/apartments/dublin/connolly-station/floor-plans-and-pricing,2026-05-03,2026-05-31,,,,,The Uptown,,
2026-05-30,ESS,Avenue 64,,Emeryville,ESS-avenue-64-1br-714sqft-christie-avenue,1,1.0,714,2659.0,2026-06-27,,True,hard,"Save Up to $1,900 Off Rent!*",dollar_off,1900.0,5.95,,2500.67,https://www.essexapartmenthomes.com/apartments/emeryville/avenue-64/floor-plans-and-pricing,2026-04-04,2026-05-31,,,,,Christie Avenue,,
2026-05-30,ESS,Avenue 64,,Emeryville,ESS-avenue-64-2br-1089sqft-fifth-avenue,2,2.0,1089,3379.0,2026-05-30,,True,hard,"Save Up to $1,900 Off Rent!*",dollar_off,1900.0,4.69,,3220.67,https://www.essexapartmenthomes.com/apartments/emeryville/avenue-64/floor-plans-and-pricing,2026-04-04,2026-05-31,,,,,Fifth Avenue,,
2026-05-30,ESS,Avenue 64,,Emeryville,ESS-avenue-64-2br-1073sqft-michigan-avenue,2,2.0,1073,3787.0,2026-06-13,,True,hard,"Save Up to $1,900 Off Rent!*",dollar_off,1900.0,4.18,,3628.67,https://www.essexapartmenthomes.com/apartments/emeryville/avenue-64/floor-plans-and-pricing,2026-04-04,2026-05-31,,,,,Michigan Avenue,,
2026-05-30,ESS,Avenue 64,,Emeryville,ESS-avenue-64-3br-1340sqft-park-avenue,3,2.0,1340,3847.0,2026-06-07,,True,hard,"Save Up to $1,900 Off Rent!*",dollar_off,1900.0,4.12,,3688.67,https://www.essexapartmenthomes.com/apartments/emeryville/avenue-64/floor-plans-and-pricing,2026-04-04,2026-05-31,,,,,Park Avenue,,
2026-05-30,ESS,Emme,,Emeryville,ESS-emme-1br-596sqft-adeline-loft,1,1.0,596,2767.0,2026-05-30,,True,hard,"Save Up to $1,400 Off Rent!*",dollar_off,1400.0,4.22,,2650.33,https://www.essexapartmenthomes.com/apartments/emeryville/emme/floor-plans-and-pricing,2026-04-04,2026-05-31,,,,,Adeline Loft,,
2026-05-30,ESS,Emme,,Emeryville,ESS-emme-1br-593sqft-powell,1,1.0,593,2799.0,2026-06-12,,True,hard,"Save Up to $1,400 Off Rent!*",dollar_off,1400.0,4.17,,2682.33,https://www.essexapartmenthomes.com/apartments/emeryville/emme/floor-plans-and-pricing,2026-04-04,2026-05-31,,,,,Powell,,
2026-05-30,ESS,Emme,,Emeryville,ESS-emme-2br-967sqft-san-pablo,2,2.0,967,3247.0,2026-05-30,,True,hard,"Save Up to $1,400 Off Rent!*",dollar_off,1400.0,3.59,,3130.33,https://www.essexapartmenthomes.com/apartments/emeryville/emme/floor-plans-and-pricing,2026-04-04,2026-05-31,,,,,San Pablo,,
2026-05-30,ESS,Emme,,Emeryville,ESS-emme-2br-1182sqft-doyle,2,2.0,1182,3419.0,2026-05-30,,True,hard,"Save Up to $1,400 Off Rent!*",dollar_off,1400.0,3.41,,3302.33,https://www.essexapartmenthomes.com/apartments/emeryville/emme/floor-plans-and-pricing,2026-04-19,2026-05-31,,,,,Doyle,,
2026-05-30,ESS,The Courtyards at 65th Street,,Emeryville,ESS-the-courtyards-at-65th-street-2br-961sqft-amelia,2,2.0,961,3589.0,2026-05-30,,False,,,,,,,,https://www.essexapartmenthomes.com/apartments/emeryville/the-courtyards-at-65th-street/floor-plans-and-pricing,2026-04-04,2026-05-31,,,,,Amelia,,
2026-05-30,ESS,The Courtyards at 65th Street,,Emeryville,ESS-the-courtyards-at-65th-street-2br-1165sqft-santa-fe,2,2.0,1165,3589.0,2026-06-10,,False,,,,,,,,https://www.essexapartmenthomes.com/apartments/emeryville/the-courtyards-at-65th-street/floor-plans-and-pricing,2026-04-26,2026-05-31,,,,,Santa Fe,,
2026-05-30,ESS,The Courtyards at 65th Street,,Emeryville,ESS-the-courtyards-at-65th-street-2br-1035sqft-wallace,2,2.0,1035,3689.0,2026-05-30,,False,,,,,,,,https://www.essexapartmenthomes.com/apartments/emeryville/the-courtyards-at-65th-street/floor-plans-and-pricing,2026-04-04,2026-05-31,,,,,Wallace,,
2026-05-30,ESS,Regency at Encino,,Encino,ESS-regency-at-encino-1br-744sqft-beverly,1,1.0,744,2707.0,2026-05-30,,False,,,,,,,,https://www.essexapartmenthomes.com/apartments/encino/regency-at-encino/floor-plans-and-pricing,2026-04-04,2026-05-31,,,,,Beverly,,
2026-05-30,ESS,One Hundred Grand,,Bay Area,ESS-one-hundred-grand-1br-768sqft-plan-1a,1,1.0,768,3759.0,2026-07-12,,False,,,,,,,,https://www.essexapartmenthomes.com/apartments/foster-city/one-hundred-grand/floor-plans-and-pricing,2026-05-17,2026-05-31,,,,,Plan 1A,,
2026-05-30,ESS,One Hundred Grand,,Bay Area,ESS-one-hundred-grand-2br-1138sqft-plan-2a,2,2.0,1138,4967.0,2026-06-24,,False,,,,,,,,https://www.essexapartmenthomes.com/apartments/foster-city/one-hundred-grand/floor-plans-and-pricing,2026-05-24,2026-05-31,,,,,Plan 2A,,
2026-05-30,ESS,One Hundred Grand,,Bay Area,ESS-one-hundred-grand-2br-1173sqft-plan-2d-loft,2,2.0,1173,5007.0,2026-05-30,,False,,,,,,,,https://www.essexapartmenthomes.com/apartments/foster-city/one-hundred-grand/floor-plans-and-pricing,2026-05-09,2026-05-31,,,,,Plan 2D Loft,,
2026-05-30,ESS,The Plaza,,Bay Area,ESS-the-plaza-1br-656sqft-plan-1c,1,1.0,656,3507.0,2026-06-14,,False,,,,,,,,https://www.essexapartmenthomes.com/apartments/foster-city/the-plaza/floor-plans-and-pricing,2026-04-19,2026-05-31,,,,,Plan 1C,,
2026-05-30,ESS,The Plaza,,Bay Area,ESS-the-plaza-1br-666sqft-plan-1d,1,1.0,666,3557.0,2026-07-23,,False,,,,,,,,https://www.essexapartmenthomes.com/apartments/foster-city/the-plaza/floor-plans-and-pricing,2026-04-04,2026-05-31,,,,,Plan 1D,,
2026-05-30,ESS,The Plaza,,Bay Area,ESS-the-plaza-1br-602sqft-plan-1a,1,1.0,602,3597.0,2026-07-09,,False,,,,,,,,https://www.essexapartmenthomes.com/apartments/foster-city/the-plaza/floor-plans-and-pricing,2026-04-04,2026-05-31,,,,,Plan 1A,,
2026-05-30,ESS,The Plaza,,Bay Area,ESS-the-plaza-2br-977sqft-plan-2b,2,2.0,977,4569.0,2026-06-20,,False,,,,,,,,https://www.essexapartmenthomes.com/apartments/foster-city/the-plaza/floor-plans-and-pricing,2026-04-04,2026-05-31,,,,,Plan 2B,,
2026-05-30,ESS,The Plaza,,Bay Area,ESS-the-plaza-2br-1086sqft-plan-2c,2,2.0,1086,4747.0,2026-06-11,,False,,,,,,,,https://www.essexapartmenthomes.com/apartments/foster-city/the-plaza/floor-plans-and-pricing,2026-05-03,2026-05-31,,,,,Plan 2C,,
2026-05-30,ESS,The Plaza,,Bay Area,ESS-the-plaza-3br-1424sqft-plan-3a,3,2.0,1424,5829.0,2026-07-09,,False,,,,,,,,https://www.essexapartmenthomes.com/apartments/foster-city/the-plaza/floor-plans-and-pricing,2026-05-25,2026-05-31,,,,,Plan 3A,,
2026-05-30,ESS,Fosters Landing,,Bay Area,ESS-fosters-landing-1br-635sqft-plan-1a,1,1.0,635,3259.0,2026-05-30,,False,,,,,,,,https://www.essexapartmenthomes.com/apartments/foster-city/fosters-landing/floor-plans-and-pricing,2026-05-09,2026-05-31,,,,,Plan 1A,,
2026-05-30,ESS,Fosters Landing,,Bay Area,ESS-fosters-landing-1br-725sqft-plan-1b,1,1.0,725,3337.0,2026-06-09,,False,,,,,,,,https://www.essexapartmenthomes.com/apartments/foster-city/fosters-landing/floor-plans-and-pricing,2026-05-09,2026-05-31,,,,,Plan 1B,,
2026-05-30,ESS,Fosters Landing,,Bay Area,ESS-fosters-landing-1br-745sqft-plan-1c,1,1.0,745,3517.0,2026-05-30,,False,,,,,,,,https://www.essexapartmenthomes.com/apartments/foster-city/fosters-landing/floor-plans-and-pricing,2026-05-09,2026-05-31,,,,,Plan 1C,,
2026-05-30,ESS,Fosters Landing,,Bay Area,ESS-fosters-landing-1br-900sqft-plan-1d,1,1.0,900,3589.0,2026-05-30,,False,,,,,,,,https://www.essexapartmenthomes.com/apartments/foster-city/fosters-landing/floor-plans-and-pricing,2026-05-09,2026-05-31,,,,,Plan 1D,,
2026-05-30,ESS,Fosters Landing,,Bay Area,ESS-fosters-landing-1br-900sqft-plan-1e-den,1,1.0,900,3877.0,2026-05-30,,False,,,,,,,,https://www.essexapartmenthomes.com/apartments/foster-city/fosters-landing/floor-plans-and-pricing,2026-05-09,2026-05-31,,,,,Plan 1E + Den,,
2026-05-30,ESS,Fosters Landing,,Bay Area,ESS-fosters-landing-1br-925sqft-plan-1f-den,1,1.0,925,3989.0,2026-05-30,,False,,,,,,,,https://www.essexapartmenthomes.com/apartments/foster-city/fosters-landing/floor-plans-and-pricing,2026-05-09,2026-05-31,,,,,Plan 1F + Den,,
2026-05-30,ESS,Fosters Landing,,Bay Area,ESS-fosters-landing-2br-1100sqft-plan-2c,2,2.0,1100,4269.0,2026-06-02,,False,,,,,,,,https://www.essexapartmenthomes.com/apartments/foster-city/fosters-landing/floor-plans-and-pricing,2026-05-24,2026-05-31,,,,,Plan 2C,,
2026-05-30,ESS,The Havens,,Fountain Valley,ESS-the-havens-1br-767sqft-plan-1a,1,1.0,767,2277.0,2026-05-30,,False,,,,,,,,https://www.essexapartmenthomes.com/apartments/fountain-valley/the-havens/floor-plans-and-pricing,2026-04-04,2026-05-31,,,,,Plan 1A,,
2026-05-30,ESS,The Havens,,Fountain Valley,ESS-the-havens-1br-790sqft-plan-1b,1,1.0,790,2339.0,2026-05-30,,False,,,,,,,,https://www.essexapartmenthomes.com/apartments/fountain-valley/the-havens/floor-plans-and-pricing,2026-04-04,2026-05-31,,,,,Plan 1B,,
2026-05-30,ESS,The Havens,,Fountain Valley,ESS-the-havens-2br-1055sqft-plan-2a,2,2.0,1055,2807.0,2026-05-30,,False,,,,,,,,https://www.essexapartmenthomes.com/apartments/fountain-valley/the-havens/floor-plans-and-pricing,2026-04-04,2026-05-31,,,,,Plan 2A,,
2026-05-30,ESS,Valley Park,,Fountain Valley,ESS-valley-park-2br-1002sqft-plan-2a,2,1.5,1002,2439.0,2026-05-30,,True,hard,"Save Up to $1,000 Off Rent!*",dollar_off,1000.0,3.42,,2355.67,https://www.essexapartmenthomes.com/apartments/fountain-valley/valley-park/floor-plans-and-pricing,2026-04-04,2026-05-31,,,,,Plan 2A,,
2026-05-30,ESS,Valley Park,,Fountain Valley,ESS-valley-park-2br-1163sqft-plan-2b-townhome,2,1.5,1163,2887.0,2026-06-09,,True,hard,"Save Up to $1,000 Off Rent!*",dollar_off,1000.0,2.89,,2803.67,https://www.essexapartmenthomes.com/apartments/fountain-valley/valley-park/floor-plans-and-pricing,2026-05-03,2026-05-31,,,,,Plan 2B Townhome,,
2026-05-30,ESS,Boulevard,,Bay Area,ESS-boulevard-1br-700sqft-plan-1a,1,1.0,700,2579.0,2026-05-30,,False,,,,,,,,https://www.essexapartmenthomes.com/apartments/fremont/boulevard/floor-plans-and-pricing,2026-04-04,2026-05-31,,,,,Plan 1A,,
2026-05-30,ESS,Boulevard,,Bay Area,ESS-boulevard-1br-800sqft-plan-1b-loft,1,1.0,800,2777.0,2026-07-07,,False,,,,,,,,https://www.essexapartmenthomes.com/apartments/fremont/boulevard/floor-plans-and-pricing,2026-05-25,2026-05-31,,,,,Plan 1B Loft,,
2026-05-30,ESS,Briarwood at Central Park,,Bay Area,ESS-briarwood-at-central-park-1br-600sqft-plan-1a,1,1.0,600,2357.0,2026-05-30,,True,hard,"Save Up to $1,900 Off Rent!*",dollar_off,1900.0,6.72,,2198.67,https://www.essexapartmenthomes.com/apartments/fremont/briarwood-at-central-park/floor-plans-and-pricing,2026-04-04,2026-05-31,,,,,Plan 1A,,
2026-05-30,ESS,Briarwood at Central Park,,Bay Area,ESS-briarwood-at-central-park-2br-800sqft-plan-2a,2,1.0,800,2859.0,2026-05-30,,True,hard,"Save Up to $1,900 Off Rent!*",dollar_off,1900.0,5.54,,2700.67,https://www.essexapartmenthomes.com/apartments/fremont/briarwood-at-central-park/floor-plans-and-pricing,2026-04-04,2026-05-31,,,,,Plan 2A,,
2026-05-30,ESS,Briarwood at Central Park,,Bay Area,ESS-briarwood-at-central-park-2br-850sqft-plan-2b,2,2.0,850,3027.0,2026-05-30,,True,hard,"Save Up to $1,900 Off Rent!*",dollar_off,1900.0,5.23,,2868.67,https://www.essexapartmenthomes.com/apartments/fremont/briarwood-at-central-park/floor-plans-and-pricing,2026-04-04,2026-05-31,,,,,Plan 2B,,
2026-05-30,ESS,Mission Peaks,,Bay Area,ESS-mission-peaks-1br-709sqft-mendocino,1,1.0,709,2697.0,2026-07-07,,False,,,,,,,,https://www.essexapartmenthomes.com/apartments/fremont/mission-peaks/floor-plans-and-pricing,2026-05-09,2026-05-31,,,,,Mendocino,,
2026-05-30,ESS,Mission Peaks,,Bay Area,ESS-mission-peaks-1br-725sqft-santa-cruz,1,1.0,725,2707.0,2026-05-30,,False,,,,,,,,https://www.essexapartmenthomes.com/apartments/fremont/mission-peaks/floor-plans-and-pricing,2026-04-04,2026-05-31,,,,,Santa Cruz,,
2026-05-30,ESS,Mission Peaks,,Bay Area,ESS-mission-peaks-1br-735sqft-sonoma,1,1.0,735,2757.0,2026-06-05,,False,,,,,,,,https://www.essexapartmenthomes.com/apartments/fremont/mission-peaks/floor-plans-and-pricing,2026-04-04,2026-05-31,,,,,Sonoma,,
2026-05-30,ESS,Mission Peaks,,Bay Area,ESS-mission-peaks-1br-748sqft-napa-valley,1,1.0,748,2857.0,2026-07-06,,False,,,,,,,,https://www.essexapartmenthomes.com/apartments/fremont/mission-peaks/floor-plans-and-pricing,2026-04-19,2026-05-31,,,,,Napa Valley,,
2026-05-30,ESS,Mission Peaks,,Bay Area,ESS-mission-peaks-2br-1061sqft-castlewood,2,2.0,1061,3277.0,2026-05-30,,False,,,,,,,,https://www.essexapartmenthomes.com/apartments/fremont/mission-peaks/floor-plans-and-pricing,2026-04-04,2026-05-31,,,,,Castlewood,,
2026-05-30,ESS,Mission Peaks,,Bay Area,ESS-mission-peaks-2br-1014sqft-santa-barbara,2,2.0,1014,3287.0,2026-05-30,,False,,,,,,,,https://www.essexapartmenthomes.com/apartments/fremont/mission-peaks/floor-plans-and-pricing,2026-04-04,2026-05-31,,,,,Santa Barbara,,
2026-05-30,ESS,Mission Peaks,,Bay Area,ESS-mission-peaks-2br-1070sqft-calistoga,2,2.0,1070,3357.0,2026-06-30,,False,,,,,,,,https://www.essexapartmenthomes.com/apartments/fremont/mission-peaks/floor-plans-and-pricing,2026-04-04,2026-05-31,,,,,Calistoga,,
2026-05-30,ESS,Mission Peaks,,Bay Area,ESS-mission-peaks-3br-1366sqft-monterey,3,2.5,1366,3957.0,2026-06-08,,False,,,,,,,,https://www.essexapartmenthomes.com/apartments/fremont/mission-peaks/floor-plans-and-pricing,2026-05-03,2026-05-31,,,,,Monterey,,
2026-05-30,ESS,Mission Peaks II,,Bay Area,ESS-mission-peaks-ii-1br-704sqft-sierra,1,1.0,704,2689.0,2026-05-30,,False,,,,,,,,https://www.essexapartmenthomes.com/apartments/fremont/mission-peaks-ii/floor-plans-and-pricing,2026-04-04,2026-05-31,,,,,Sierra,,
2026-05-30,ESS,Mission Peaks II,,Bay Area,ESS-mission-peaks-ii-2br-1108sqft-sonora,2,2.0,1108,3259.0,2026-05-30,,False,,,,,,,,https://www.essexapartmenthomes.com/apartments/fremont/mission-peaks-ii/floor-plans-and-pricing,2026-04-04,2026-05-31,,,,,Sonora,,
2026-05-30,ESS,Paragon,,Bay Area,ESS-paragon-1br-738sqft-plan-1b,1,1.0,738,2957.0,2026-05-30,,False,,,,,,,,https://www.essexapartmenthomes.com/apartments/fremont/paragon/floor-plans-and-pricing,2026-04-04,2026-05-31,,,,,Plan 1B,,
2026-05-30,ESS,Stevenson Place,,Bay Area,ESS-stevenson-place-1br-620sqft-the-birch-suite,1,1.0,620,2367.0,2026-05-30,,False,,,,,,,,https://www.essexapartmenthomes.com/apartments/fremont/stevenson-place/floor-plans-and-pricing,2026-04-04,2026-05-31,,,,,The Birch Suite,,
2026-05-30,ESS,Stevenson Place,,Bay Area,ESS-stevenson-place-1br-520sqft-the-oak-suite,1,1.0,520,2369.0,2026-05-30,,False,,,,,,,,https://www.essexapartmenthomes.com/apartments/fremont/stevenson-place/floor-plans-and-pricing,2026-04-04,2026-05-31,,,,,The Oak Suite,,
2026-05-30,ESS,Stevenson Place,,Bay Area,ESS-stevenson-place-1br-730sqft-the-cedar-suite,1,1.0,730,2547.0,2026-07-07,,False,,,,,,,,https://www.essexapartmenthomes.com/apartments/fremont/stevenson-place/floor-plans-and-pricing,2026-04-04,2026-05-31,,,,,The Cedar Suite,,
2026-05-30,ESS,Stevenson Place,,Bay Area,ESS-stevenson-place-2br-1010sqft-the-maple-suite,2,2.0,1010,2967.0,2026-06-02,,False,,,,,,,,https://www.essexapartmenthomes.com/apartments/fremont/stevenson-place/floor-plans-and-pricing,2026-04-04,2026-05-31,,,,,The Maple Suite,,
2026-05-30,ESS,The Rexford,,Bay Area,ESS-the-rexford-1br-720sqft-plan-1a,1,1.0,720,2637.0,2026-06-28,,False,,,,,,,,https://www.essexapartmenthomes.com/apartments/fremont/the-rexford/floor-plans-and-pricing,2026-05-24,2026-05-31,,,,,Plan 1A,,
2026-05-30,ESS,The Woods,,Bay Area,ESS-the-woods-0br-410sqft-plan-sa,0,1.0,410,2107.0,2026-05-30,,False,,,,,,,,https://www.essexapartmenthomes.com/apartments/fremont/the-woods/floor-plans-and-pricing,2026-04-04,2026-05-31,,,,,Plan SA,,
2026-05-30,ESS,The Woods,,Bay Area,ESS-the-woods-1br-600sqft-plan-1a,1,1.0,600,2447.0,2026-06-24,,False,,,,,,,,https://www.essexapartmenthomes.com/apartments/fremont/the-woods/floor-plans-and-pricing,2026-04-04,2026-05-31,,,,,Plan 1A,,
2026-05-30,ESS,The Woods,,Bay Area,ESS-the-woods-2br-800sqft-plan-2a,2,1.0,800,2817.0,2026-05-30,,False,,,,,,,,https://www.essexapartmenthomes.com/apartments/fremont/the-woods/floor-plans-and-pricing,2026-04-04,2026-05-31,,,,,Plan 2A,,
2026-05-30,ESS,The Woods,,Bay Area,ESS-the-woods-2br-850sqft-plan-2b,2,2.0,850,2869.0,2026-05-30,,False,,,,,,,,https://www.essexapartmenthomes.com/apartments/fremont/the-woods/floor-plans-and-pricing,2026-04-13,2026-05-31,,,,,Plan 2B,,
2026-05-30,ESS,Capri at Sunny Hills,,Orange County,ESS-capri-at-sunny-hills-3br-1281sqft-plan-3a-townhome,3,2.5,1281,3777.0,2026-05-30,,False,,,,,,,,https://www.essexapartmenthomes.com/apartments/fullerton/capri-at-sunny-hills/floor-plans-and-pricing,2026-04-04,2026-05-31,,,,,Plan 3A Townhome,,
2026-05-30,ESS,Haver Hill,,Orange County,ESS-haver-hill-0br-585sqft-plan-sa,0,1.0,585,2049.0,2026-07-07,,False,,,,,,,,https://www.essexapartmenthomes.com/apartments/fullerton/haver-hill/floor-plans-and-pricing,2026-05-09,2026-05-31,,,,,Plan SA,,
2026-05-30,ESS,Haver Hill,,Orange County,ESS-haver-hill-1br-744sqft-plan-1a,1,1.0,744,2399.0,2026-06-20,,False,,,,,,,,https://www.essexapartmenthomes.com/apartments/fullerton/haver-hill/floor-plans-and-pricing,2026-04-04,2026-05-31,,,,,Plan 1A,,
2026-05-30,ESS,Haver Hill,,Orange County,ESS-haver-hill-2br-1106sqft-plan-2a,2,2.0,1106,2859.0,2026-07-06,,False,,,,,,,,https://www.essexapartmenthomes.com/apartments/fullerton/haver-hill/floor-plans-and-pricing,2026-04-04,2026-05-31,,,,,Plan 2A,,
2026-05-30,ESS,Pinnacle at Fullerton,,Orange County,ESS-pinnacle-at-fullerton-0br-662sqft-gillespie,0,1.0,662,2239.0,2026-06-06,,True,hard,"Save Up to $3,400 Off Rent!*",dollar_off,3400.0,12.65,,1955.67,https://www.essexapartmenthomes.com/apartments/fullerton/pinnacle-at-fullerton/floor-plans-and-pricing,2026-04-04,2026-05-31,,,,,Gillespie,,
2026-05-30,ESS,Pinnacle at Fullerton,,Orange County,ESS-pinnacle-at-fullerton-1br-719sqft-coltrane,1,1.0,719,2669.0,2026-05-30,,True,hard,"Save Up to $3,400 Off Rent!*",dollar_off,3400.0,10.62,,2385.67,https://www.essexapartmenthomes.com/apartments/fullerton/pinnacle-at-fullerton/floor-plans-and-pricing,2026-04-04,2026-05-31,,,,,Coltrane,,
2026-05-30,ESS,Pinnacle at Fullerton,,Orange County,ESS-pinnacle-at-fullerton-2br-1048sqft-goodman,2,2.0,1048,3247.0,2026-05-30,,True,hard,"Save Up to $3,400 Off Rent!*",dollar_off,3400.0,8.73,,2963.67,https://www.essexapartmenthomes.com/apartments/fullerton/pinnacle-at-fullerton/floor-plans-and-pricing,2026-04-04,2026-05-31,,,,,Goodman,,
2026-05-30,ESS,Wilshire Promenade,,Orange County,ESS-wilshire-promenade-1br-710sqft-plan-1a,1,1.0,710,2449.0,2026-05-30,,False,,,,,,,,https://www.essexapartmenthomes.com/apartments/fullerton/wilshire-promenade/floor-plans-and-pricing,2026-04-04,2026-05-31,,,,,Plan 1A,,
2026-05-30,ESS,Wilshire Promenade,,Orange County,ESS-wilshire-promenade-1br-903sqft-plan-1b,1,1.0,903,3237.0,2026-06-27,,False,,,,,,,,https://www.essexapartmenthomes.com/apartments/fullerton/wilshire-promenade/floor-plans-and-pricing,2026-05-24,2026-05-31,,,,,Plan 1B,,
2026-05-30,ESS,Wilshire Promenade,,Orange County,ESS-wilshire-promenade-2br-1110sqft-plan-2b,2,2.0,1110,3287.0,2026-07-03,,False,,,,,,,,https://www.essexapartmenthomes.com/apartments/fullerton/wilshire-promenade/floor-plans-and-pricing,2026-05-25,2026-05-31,,,,,Plan 2B,,
2026-05-30,ESS,Montejo,,Garden Grove,ESS-montejo-1br-753sqft-plan-1a,1,1.0,753,2167.0,2026-06-20,,True,hard,"Save Up to $2,400 Off Rent!*",dollar_off,2400.0,9.23,,1967.0,https://www.essexapartmenthomes.com/apartments/garden-grove/montejo/floor-plans-and-pricing,2026-04-04,2026-05-31,,,,,Plan 1A,,
2026-05-30,ESS,Montejo,,Garden Grove,ESS-montejo-2br-950sqft-plan-2b,2,1.0,950,2529.0,2026-06-07,,True,hard,"Save Up to $2,400 Off Rent!*",dollar_off,2400.0,7.91,,2329.0,https://www.essexapartmenthomes.com/apartments/garden-grove/montejo/floor-plans-and-pricing,2026-05-03,2026-05-31,,,,,Plan 2B,,
2026-05-30,ESS,Montejo,,Garden Grove,ESS-montejo-2br-1000sqft-plan-2c,2,1.0,1000,2777.0,2026-05-30,,True,hard,"Save Up to $2,400 Off Rent!*",dollar_off,2400.0,7.2,,2577.0,https://www.essexapartmenthomes.com/apartments/garden-grove/montejo/floor-plans-and-pricing,2026-04-04,2026-05-31,,,,,Plan 2C,,
2026-05-30,ESS,The Henley,,Los Angeles,ESS-the-henley-1br-759sqft-the-grandview,1,1.0,759,2157.0,2026-05-30,,False,,,,,,,,https://www.essexapartmenthomes.com/apartments/glendale/the-henley/floor-plans-and-pricing,2026-05-17,2026-05-31,,,,,The Grandview,,
2026-05-30,ESS,The Henley,,Los Angeles,ESS-the-henley-1br-783sqft-the-veranda,1,1.0,783,2409.0,2026-05-30,,False,,,,,,,,https://www.essexapartmenthomes.com/apartments/glendale/the-henley/floor-plans-and-pricing,2026-04-04,2026-05-31,,,,,The Veranda,,
2026-05-30,ESS,The Henley,,Los Angeles,ESS-the-henley-2br-980sqft-the-essex,2,2.0,980,3169.0,2026-07-08,,False,,,,,,,,https://www.essexapartmenthomes.com/apartments/glendale/the-henley/floor-plans-and-pricing,2026-05-25,2026-05-31,,,,,The Essex,,
2026-05-30,ESS,The Henley,,Los Angeles,ESS-the-henley-2br-1058sqft-the-lorraine,2,2.0,1058,3177.0,2026-06-19,,False,,,,,,,,https://www.essexapartmenthomes.com/apartments/glendale/the-henley/floor-plans-and-pricing,2026-04-04,2026-05-31,,,,,The Lorraine,,
2026-05-30,ESS,City Centre,,Hayward,ESS-city-centre-0br-458sqft-shasta,0,1.0,458,2249.0,2026-07-06,,False,,,,,,,,https://www.essexapartmenthomes.com/apartments/hayward/city-centre/floor-plans-and-pricing,2026-04-19,2026-05-31,,,,,Shasta,,
2026-05-30,ESS,City Centre,,Hayward,ESS-city-centre-1br-708sqft-sierra,1,1.0,708,2457.0,2026-06-08,,False,,,,,,,,https://www.essexapartmenthomes.com/apartments/hayward/city-centre/floor-plans-and-pricing,2026-04-19,2026-05-31,,,,,Sierra,,
2026-05-30,ESS,City Centre,,Hayward,ESS-city-centre-1br-769sqft-aspen,1,1.0,769,2489.0,2026-05-30,,False,,,,,,,,https://www.essexapartmenthomes.com/apartments/hayward/city-centre/floor-plans-and-pricing,2026-04-04,2026-05-31,,,,,Aspen,,
2026-05-30,ESS,City Centre,,Hayward,ESS-city-centre-2br-1029sqft-summit,2,2.0,1029,3127.0,2026-07-03,,False,,,,,,,,https://www.essexapartmenthomes.com/apartments/hayward/city-centre/floor-plans-and-pricing,2026-04-04,2026-05-31,,,,,Summit,,
2026-05-30,ESS,City Centre,,Hayward,ESS-city-centre-3br-1255sqft-tahoe,3,2.0,1255,3727.0,2026-05-30,,False,,,,,,,,https://www.essexapartmenthomes.com/apartments/hayward/city-centre/floor-plans-and-pricing,2026-05-03,2026-05-31,,,,,Tahoe,,
2026-05-30,ESS,City View,,Hayward,ESS-city-view-1br-662sqft-plan-1a,1,1.0,662,2147.0,2026-05-30,,True,hard,"Save Up to $1,000 Off Rent!*",dollar_off,1000.0,3.88,,2063.67,https://www.essexapartmenthomes.com/apartments/hayward/city-view/floor-plans-and-pricing,2026-04-04,2026-05-31,,,,,Plan 1A,,
2026-05-30,ESS,City View,,Hayward,ESS-city-view-1br-784sqft-plan-1c,1,1.0,784,2217.0,2026-05-30,,True,hard,"Save Up to $1,000 Off Rent!*",dollar_off,1000.0,3.76,,2133.67,https://www.essexapartmenthomes.com/apartments/hayward/city-view/floor-plans-and-pricing,2026-04-04,2026-05-31,,,,,Plan 1C,,
2026-05-30,ESS,City View,,Hayward,ESS-city-view-1br-713sqft-plan-1b,1,1.0,713,2229.0,2026-07-02,,True,hard,"Save Up to $1,000 Off Rent!*",dollar_off,1000.0,3.74,,2145.67,https://www.essexapartmenthomes.com/apartments/hayward/city-view/floor-plans-and-pricing,2026-04-04,2026-05-31,,,,,Plan 1B,,
2026-05-30,ESS,City View,,Hayward,ESS-city-view-1br-797sqft-plan-1d,1,1.0,797,2337.0,2026-06-26,,True,hard,"Save Up to $1,000 Off Rent!*",dollar_off,1000.0,3.57,,2253.67,https://www.essexapartmenthomes.com/apartments/hayward/city-view/floor-plans-and-pricing,2026-04-04,2026-05-31,,,,,Plan 1D,,
2026-05-30,ESS,City View,,Hayward,ESS-city-view-2br-976sqft-plan-2a,2,1.5,976,2567.0,2026-05-30,,True,hard,"Save Up to $1,000 Off Rent!*",dollar_off,1000.0,3.25,,2483.67,https://www.essexapartmenthomes.com/apartments/hayward/city-view/floor-plans-and-pricing,2026-04-04,2026-05-31,,,,,Plan 2A,,
2026-05-30,ESS,City View,,Hayward,ESS-city-view-2br-1091sqft-plan-2c,2,2.0,1091,2587.0,2026-05-30,,True,hard,"Save Up to $1,000 Off Rent!*",dollar_off,1000.0,3.22,,2503.67,https://www.essexapartmenthomes.com/apartments/hayward/city-view/floor-plans-and-pricing,2026-04-04,2026-05-31,,,,,Plan 2C,,
2026-05-30,ESS,City View,,Hayward,ESS-city-view-2br-1063sqft-plan-2b,2,2.0,1063,2659.0,2026-05-30,,True,hard,"Save Up to $1,000 Off Rent!*",dollar_off,1000.0,3.13,,2575.67,https://www.essexapartmenthomes.com/apartments/hayward/city-view/floor-plans-and-pricing,2026-04-04,2026-05-31,,,,,Plan 2B,,
2026-05-30,ESS,Huntington Breakers,,Huntington Beach,ESS-huntington-breakers-0br-442sqft-plan-sa,0,1.0,442,2167.0,2026-05-30,,True,hard,"Save Up to $1,300 Off Rent!*",dollar_off,1300.0,5.0,,2058.67,https://www.essexapartmenthomes.com/apartments/huntington-beach/huntington-breakers/floor-plans-and-pricing,2026-04-04,2026-05-31,,,,,Plan SA,,
2026-05-30,ESS,Huntington Breakers,,Huntington Beach,ESS-huntington-breakers-1br-632sqft-plan-1b-townhome,1,1.0,632,2659.0,2026-06-12,,True,hard,"Save Up to $1,300 Off Rent!*",dollar_off,1300.0,4.07,,2550.67,https://www.essexapartmenthomes.com/apartments/huntington-beach/huntington-breakers/floor-plans-and-pricing,2026-04-04,2026-05-31,,,,,Plan 1B Townhome,,
2026-05-30,ESS,Huntington Breakers,,Huntington Beach,ESS-huntington-breakers-1br-624sqft-plan-1a,1,1.0,624,2747.0,2026-06-03,,True,hard,"Save Up to $1,300 Off Rent!*",dollar_off,1300.0,3.94,,2638.67,https://www.essexapartmenthomes.com/apartments/huntington-beach/huntington-breakers/floor-plans-and-pricing,2026-04-13,2026-05-31,,,,,Plan 1A,,
2026-05-30,ESS,Huntington Breakers,,Huntington Beach,ESS-huntington-breakers-2br-917sqft-plan-2c-townhome,2,2.0,917,3347.0,2026-05-30,,True,hard,"Save Up to $1,300 Off Rent!*",dollar_off,1300.0,3.24,,3238.67,https://www.essexapartmenthomes.com/apartments/huntington-beach/huntington-breakers/floor-plans-and-pricing,2026-04-04,2026-05-31,,,,,Plan 2C Townhome,,
2026-05-30,ESS,The Huntington,,Huntington Beach,ESS-the-huntington-0br-530sqft-plan-sa,0,1.0,530,2057.0,2026-05-30,,False,,,,,,,,https://www.essexapartmenthomes.com/apartments/huntington-beach/the-huntington/floor-plans-and-pricing,2026-04-04,2026-05-31,,,,,Plan SA,,
2026-05-30,ESS,The Huntington,,Huntington Beach,ESS-the-huntington-1br-677sqft-plan-1a,1,1.0,677,2189.0,2026-06-24,,False,,,,,,,,https://www.essexapartmenthomes.com/apartments/huntington-beach/the-huntington/floor-plans-and-pricing,2026-04-04,2026-05-31,,,,,Plan 1A,,
2026-05-30,ESS,The Huntington,,Huntington Beach,ESS-the-huntington-1br-700sqft-plan-1b,1,1.0,700,2247.0,2026-07-07,,False,,,,,,,,https://www.essexapartmenthomes.com/apartments/huntington-beach/the-huntington/floor-plans-and-pricing,2026-04-04,2026-05-31,,,,,Plan 1B,,
2026-05-30,ESS,The Huntington,,Huntington Beach,ESS-the-huntington-2br-839sqft-plan-2a,2,1.0,839,2547.0,2026-05-30,,False,,,,,,,,https://www.essexapartmenthomes.com/apartments/huntington-beach/the-huntington/floor-plans-and-pricing,2026-04-04,2026-05-31,,,,,Plan 2A,,
2026-05-30,ESS,The Huntington,,Huntington Beach,ESS-the-huntington-2br-1026sqft-plan-2b,2,2.0,1026,2727.0,2026-05-30,,False,,,,,,,,https://www.essexapartmenthomes.com/apartments/huntington-beach/the-huntington/floor-plans-and-pricing,2026-04-04,2026-05-31,,,,,Plan 2B,,
2026-05-30,ESS,Park Hill at Issaquah,,Seattle,ESS-park-hill-at-issaquah-0br-629sqft-plan-sa,0,1.0,629,2169.0,2026-06-03,,False,,,,,,,,https://www.essexapartmenthomes.com/apartments/issaquah/park-hill-at-issaquah/floor-plans-and-pricing,2026-05-03,2026-05-31,,,,,Plan SA,,
2026-05-30,ESS,Park Hill at Issaquah,,Seattle,ESS-park-hill-at-issaquah-1br-785sqft-plan-1a,1,1.0,785,2207.0,2026-06-04,,False,,,,,,,,https://www.essexapartmenthomes.com/apartments/issaquah/park-hill-at-issaquah/floor-plans-and-pricing,2026-04-04,2026-05-31,,,,,Plan 1A,,
2026-05-30,ESS,Park Hill at Issaquah,,Seattle,ESS-park-hill-at-issaquah-1br-868sqft-plan-1d-townhome,1,1.0,868,2517.0,2026-06-07,,False,,,,,,,,https://www.essexapartmenthomes.com/apartments/issaquah/park-hill-at-issaquah/floor-plans-and-pricing,2026-05-03,2026-05-31,,,,,Plan 1D Townhome,,
2026-05-30,ESS,Park Hill at Issaquah,,Seattle,ESS-park-hill-at-issaquah-2br-1104sqft-plan-2b,2,2.0,1104,2477.0,2026-06-23,,False,,,,,,,,https://www.essexapartmenthomes.com/apartments/issaquah/park-hill-at-issaquah/floor-plans-and-pricing,2026-05-31,2026-05-31,,,,,Plan 2B,,
2026-05-30,ESS,Park Hill at Issaquah,,Seattle,ESS-park-hill-at-issaquah-2br-1442sqft-plan-2e-townhome,2,2.5,1442,3317.0,2026-05-30,,False,,,,,,,,https://www.essexapartmenthomes.com/apartments/issaquah/park-hill-at-issaquah/floor-plans-and-pricing,2026-04-04,2026-05-31,,,,,Plan 2E Townhome,,
2026-05-30,ESS,Park Hill at Issaquah,,Seattle,ESS-park-hill-at-issaquah-3br-1261sqft-plan-3a,3,2.0,1261,3047.0,2026-07-15,,False,,,,,,,,https://www.essexapartmenthomes.com/apartments/issaquah/park-hill-at-issaquah/floor-plans-and-pricing,2026-04-04,2026-05-31,,,,,Plan 3A,,
2026-05-30,ESS,Park Hill at Issaquah,,Seattle,ESS-park-hill-at-issaquah-3br-1464sqft-plan-3d,3,2.0,1464,3189.0,2026-06-04,,False,,,,,,,,https://www.essexapartmenthomes.com/apartments/issaquah/park-hill-at-issaquah/floor-plans-and-pricing,2026-05-24,2026-05-31,,,,,Plan 3D,,
2026-05-30,ESS,The Highlands at Wynhaven,,Seattle,ESS-the-highlands-at-wynhaven-1br-857sqft-marigold,1,1.0,857,2389.0,2026-05-30,,False,,,,,,,,https://www.essexapartmenthomes.com/apartments/issaquah/the-highlands-at-wynhaven/floor-plans-and-pricing,2026-04-26,2026-05-31,,,,,Marigold,,
2026-05-30,ESS,The Highlands at Wynhaven,,Seattle,ESS-the-highlands-at-wynhaven-2br-1018sqft-hyacinth,2,1.0,1018,2347.0,2026-07-09,,False,,,,,,,,https://www.essexapartmenthomes.com/apartments/issaquah/the-highlands-at-wynhaven/floor-plans-and-pricing,2026-04-19,2026-05-31,,,,,Hyacinth,,
2026-05-30,ESS,The Highlands at Wynhaven,,Seattle,ESS-the-highlands-at-wynhaven-2br-1082sqft-lewisia,2,2.0,1082,2817.0,2026-07-05,,False,,,,,,,,https://www.essexapartmenthomes.com/apartments/issaquah/the-highlands-at-wynhaven/floor-plans-and-pricing,2026-04-04,2026-05-31,,,,,Lewisia,,
2026-05-30,ESS,The Highlands at Wynhaven,,Seattle,ESS-the-highlands-at-wynhaven-2br-1299sqft-collomia,2,2.0,1299,2917.0,2026-06-27,,False,,,,,,,,https://www.essexapartmenthomes.com/apartments/issaquah/the-highlands-at-wynhaven/floor-plans-and-pricing,2026-05-31,2026-05-31,,,,,Collomia,,
2026-05-30,ESS,The Highlands at Wynhaven,,Seattle,ESS-the-highlands-at-wynhaven-2br-1187sqft-aster-townhome,2,2.0,1187,3189.0,2026-05-30,,False,,,,,,,,https://www.essexapartmenthomes.com/apartments/issaquah/the-highlands-at-wynhaven/floor-plans-and-pricing,2026-04-04,2026-05-31,,,,,Aster Townhome,,
2026-05-30,ESS,The Highlands at Wynhaven,,Seattle,ESS-the-highlands-at-wynhaven-2br-1257sqft-trillium-townhome,2,2.0,1257,3229.0,2026-05-30,,False,,,,,,,,https://www.essexapartmenthomes.com/apartments/issaquah/the-highlands-at-wynhaven/floor-plans-and-pricing,2026-04-13,2026-05-31,,,,,Trillium Townhome,,
2026-05-30,ESS,The Highlands at Wynhaven,,Seattle,ESS-the-highlands-at-wynhaven-2br-1300sqft-bellflower-townhome,2,2.0,1300,3327.0,2026-07-11,,False,,,,,,,,https://www.essexapartmenthomes.com/apartments/issaquah/the-highlands-at-wynhaven/floor-plans-and-pricing,2026-04-04,2026-05-31,,,,,Bellflower Townhome,,
2026-05-30,ESS,The Highlands at Wynhaven,,Seattle,ESS-the-highlands-at-wynhaven-2br-1344sqft-clover-townhome,2,2.0,1344,3529.0,2026-06-08,,False,,,,,,,,https://www.essexapartmenthomes.com/apartments/issaquah/the-highlands-at-wynhaven/floor-plans-and-pricing,2026-04-13,2026-05-31,,,,,Clover Townhome,,
2026-05-30,ESS,The Highlands at Wynhaven,,Seattle,ESS-the-highlands-at-wynhaven-3br-1356sqft-juniper-townhome,3,2.0,1356,3917.0,2026-06-07,,False,,,,,,,,https://www.essexapartmenthomes.com/apartments/issaquah/the-highlands-at-wynhaven/floor-plans-and-pricing,2026-05-17,2026-05-31,,,,,Juniper Townhome,,
2026-05-30,ESS,Wandering Creek,,Seattle,ESS-wandering-creek-1br-667sqft-plan-1a,1,1.0,667,1537.0,2026-05-30,,False,,,,,,,,https://www.essexapartmenthomes.com/apartments/kent/wandering-creek/floor-plans-and-pricing,2026-04-04,2026-05-31,,,,,Plan 1A,,
2026-05-30,ESS,Wandering Creek,,Seattle,ESS-wandering-creek-2br-853sqft-plan-2a,2,2.0,853,2227.0,2026-05-30,,False,,,,,,,,https://www.essexapartmenthomes.com/apartments/kent/wandering-creek/floor-plans-and-pricing,2026-04-04,2026-05-31,,,,,Plan 2A,,
2026-05-30,ESS,Ascent,,Seattle,ESS-ascent-1br-697sqft-the-vinson,1,1.0,697,1749.0,2026-05-30,,True,hard,"Save Up to $1,300 Off Rent!*",dollar_off,1300.0,6.19,,1640.67,https://www.essexapartmenthomes.com/apartments/kirkland/ascent/floor-plans-and-pricing,2026-04-04,2026-05-31,,,,,The Vinson,,
2026-05-30,ESS,Ascent,,Seattle,ESS-ascent-2br-980sqft-the-denali,2,2.0,980,2217.0,2026-06-11,,True,hard,"Save Up to $1,300 Off Rent!*",dollar_off,1300.0,4.89,,2108.67,https://www.essexapartmenthomes.com/apartments/kirkland/ascent/floor-plans-and-pricing,2026-05-09,2026-05-31,,,,,The Denali,,
2026-05-30,ESS,Ascent,,Seattle,ESS-ascent-3br-1145sqft-the-kilimanjaro,3,2.0,1145,3009.0,2026-05-30,,True,hard,"Save Up to $1,300 Off Rent!*",dollar_off,1300.0,3.6,,2900.67,https://www.essexapartmenthomes.com/apartments/kirkland/ascent/floor-plans-and-pricing,2026-04-13,2026-05-31,,,,,The Kilimanjaro,,
2026-05-30,ESS,Bridle Trails,,Seattle,ESS-bridle-trails-2br-900sqft-plan-2b,2,2.0,900,2477.0,2026-05-30,,False,,,,,,,,https://www.essexapartmenthomes.com/apartments/kirkland/bridle-trails/floor-plans-and-pricing,2026-04-04,2026-05-31,,,,,Plan 2B,,
2026-05-30,ESS,Corbella at Juanita Bay,,Seattle,ESS-corbella-at-juanita-bay-0br-400sqft-plan-sa,0,1.0,400,1919.0,2026-07-09,,False,,,,,,,,https://www.essexapartmenthomes.com/apartments/kirkland/corbella-at-juanita-bay/floor-plans-and-pricing,2026-04-04,2026-05-31,,,,,Plan SA,,
2026-05-30,ESS,Corbella at Juanita Bay,,Seattle,ESS-corbella-at-juanita-bay-1br-550sqft-plan-1a,1,1.0,550,2149.0,2026-06-20,,False,,,,,,,,https://www.essexapartmenthomes.com/apartments/kirkland/corbella-at-juanita-bay/floor-plans-and-pricing,2026-04-04,2026-05-31,,,,,Plan 1A,,
2026-05-30,ESS,Corbella at Juanita Bay,,Seattle,ESS-corbella-at-juanita-bay-2br-800sqft-plan-2a,2,1.0,800,2347.0,2026-06-27,,False,,,,,,,,https://www.essexapartmenthomes.com/apartments/kirkland/corbella-at-juanita-bay/floor-plans-and-pricing,2026-05-24,2026-05-31,,,,,Plan 2A,,
2026-05-30,ESS,Evergreen Heights,,Seattle,ESS-evergreen-heights-1br-727sqft-plan-1a,1,1.0,727,2019.0,2026-05-30,,True,hard,"Save Up to $1,400 Off Rent!*",dollar_off,1400.0,5.78,,1902.33,https://www.essexapartmenthomes.com/apartments/kirkland/evergreen-heights/floor-plans-and-pricing,2026-04-04,2026-05-31,,,,,Plan 1A,,
2026-05-30,ESS,Evergreen Heights,,Seattle,ESS-evergreen-heights-2br-922sqft-plan-2a,2,1.0,922,2359.0,2026-05-30,,True,hard,"Save Up to $1,400 Off Rent!*",dollar_off,1400.0,4.95,,2242.33,https://www.essexapartmenthomes.com/apartments/kirkland/evergreen-heights/floor-plans-and-pricing,2026-04-04,2026-05-31,,,,,Plan 2A,,
2026-05-30,ESS,Evergreen Heights,,Seattle,ESS-evergreen-heights-2br-1002sqft-plan-2b,2,2.0,1002,2377.0,2026-05-30,,True,hard,"Save Up to $1,400 Off Rent!*",dollar_off,1400.0,4.91,,2260.33,https://www.essexapartmenthomes.com/apartments/kirkland/evergreen-heights/floor-plans-and-pricing,2026-04-04,2026-05-31,,,,,Plan 2B,,
2026-05-30,ESS,Evergreen Heights,,Seattle,ESS-evergreen-heights-3br-1221sqft-plan-3a,3,2.0,1221,2879.0,2026-06-08,,True,hard,"Save Up to $1,400 Off Rent!*",dollar_off,1400.0,4.05,,2762.33,https://www.essexapartmenthomes.com/apartments/kirkland/evergreen-heights/floor-plans-and-pricing,2026-04-26,2026-05-31,,,,,Plan 3A,,
2026-05-30,ESS,Inglenook Court,,Seattle,ESS-inglenook-court-1br-672sqft-plan-1a,1,1.0,672,1937.0,2026-05-30,,False,,,,,,,,https://www.essexapartmenthomes.com/apartments/kirkland/inglenook-court/floor-plans-and-pricing,2026-04-04,2026-05-31,,,,,Plan 1A,,
2026-05-30,ESS,Inglenook Court,,Seattle,ESS-inglenook-court-2br-850sqft-plan-2a,2,1.0,850,2029.0,2026-05-30,,False,,,,,,,,https://www.essexapartmenthomes.com/apartments/kirkland/inglenook-court/floor-plans-and-pricing,2026-04-04,2026-05-31,,,,,Plan 2A,,
2026-05-30,ESS,Inglenook Court,,Seattle,ESS-inglenook-court-2br-907sqft-plan-2b,2,2.0,907,2077.0,2026-05-30,,False,,,,,,,,https://www.essexapartmenthomes.com/apartments/kirkland/inglenook-court/floor-plans-and-pricing,2026-04-04,2026-05-31,,,,,Plan 2B,,
2026-05-30,ESS,Montebello,,Seattle,ESS-montebello-1br-700sqft-capri-townhome,1,1.0,700,2139.0,2026-05-30,,True,hard,"Save Up to $1,400 Off Rent!*",dollar_off,1400.0,5.45,,2022.33,https://www.essexapartmenthomes.com/apartments/kirkland/montebello/floor-plans-and-pricing,2026-04-04,2026-05-31,,,,,Capri Townhome,,
2026-05-30,ESS,Montebello,,Seattle,ESS-montebello-1br-852sqft-corsica,1,1.0,852,2187.0,2026-05-30,,True,hard,"Save Up to $1,400 Off Rent!*",dollar_off,1400.0,5.33,,2070.33,https://www.essexapartmenthomes.com/apartments/kirkland/montebello/floor-plans-and-pricing,2026-04-04,2026-05-31,,,,,Corsica,,
2026-05-30,ESS,Montebello,,Seattle,ESS-montebello-2br-1064sqft-sicilia,2,1.0,1064,2477.0,2026-05-30,,True,hard,"Save Up to $1,400 Off Rent!*",dollar_off,1400.0,4.71,,2360.33,https://www.essexapartmenthomes.com/apartments/kirkland/montebello/floor-plans-and-pricing,2026-04-04,2026-05-31,,,,,Sicilia,,
2026-05-30,ESS,Montebello,,Seattle,ESS-montebello-2br-1050sqft-milano,2,2.0,1050,2487.0,2026-06-09,,True,hard,"Save Up to $1,400 Off Rent!*",dollar_off,1400.0,4.69,,2370.33,https://www.essexapartmenthomes.com/apartments/kirkland/montebello/floor-plans-and-pricing,2026-04-13,2026-05-31,,,,,Milano,,
2026-05-30,ESS,Montebello,,Seattle,ESS-montebello-2br-1171sqft-venetia,2,2.0,1171,2577.0,2026-06-09,,True,hard,"Save Up to $1,400 Off Rent!*",dollar_off,1400.0,4.53,,2460.33,https://www.essexapartmenthomes.com/apartments/kirkland/montebello/floor-plans-and-pricing,2026-05-17,2026-05-31,,,,,Venetia,,
2026-05-30,ESS,Montebello,,Seattle,ESS-montebello-2br-1215sqft-sorrento-townhome,2,2.0,1215,2667.0,2026-06-05,,True,hard,"Save Up to $1,400 Off Rent!*",dollar_off,1400.0,4.37,,2550.33,https://www.essexapartmenthomes.com/apartments/kirkland/montebello/floor-plans-and-pricing,2026-05-09,2026-05-31,,,,,Sorrento Townhome,,
2026-05-30,ESS,Montebello,,Seattle,ESS-montebello-2br-1668sqft-torino-den-townhome,2,2.5,1668,3147.0,2026-06-12,,True,hard,"Save Up to $1,400 Off Rent!*",dollar_off,1400.0,3.71,,3030.33,https://www.essexapartmenthomes.com/apartments/kirkland/montebello/floor-plans-and-pricing,2026-05-24,2026-05-31,,,,,Torino + Den Townhome,,
2026-05-30,ESS,Montebello,,Seattle,ESS-montebello-3br-1409sqft-roma,3,2.0,1409,3059.0,2026-05-30,,True,hard,"Save Up to $1,400 Off Rent!*",dollar_off,1400.0,3.81,,2942.33,https://www.essexapartmenthomes.com/apartments/kirkland/montebello/floor-plans-and-pricing,2026-04-13,2026-05-31,,,,,Roma,,
2026-05-30,ESS,Slater 116,,Seattle,ESS-slater-116-1br-659sqft-plan-1c,1,1.0,659,1659.0,2026-05-30,,True,hard,"Save Up to $2,000 Off Rent!*",dollar_off,2000.0,10.05,,1492.33,https://www.essexapartmenthomes.com/apartments/kirkland/slater-116/floor-plans-and-pricing,2026-04-04,2026-05-31,,,,,Plan 1C,,
2026-05-30,ESS,Slater 116,,Seattle,ESS-slater-116-1br-726sqft-plan-1b,1,1.0,726,1739.0,2026-05-30,,True,hard,"Save Up to $2,000 Off Rent!*",dollar_off,2000.0,9.58,,1572.33,https://www.essexapartmenthomes.com/apartments/kirkland/slater-116/floor-plans-and-pricing,2026-04-04,2026-05-31,,,,,Plan 1B,,
2026-05-30,ESS,Slater 116,,Seattle,ESS-slater-116-1br-1025sqft-plan-1e-den-loft,1,1.5,1025,2227.0,2026-06-19,,True,hard,"Save Up to $2,000 Off Rent!*",dollar_off,2000.0,7.48,,2060.33,https://www.essexapartmenthomes.com/apartments/kirkland/slater-116/floor-plans-and-pricing,2026-05-25,2026-05-31,,,,,Plan 1E + Den Loft,,
2026-05-30,ESS,Hillsborough Park,,La Habra,ESS-hillsborough-park-1br-729sqft-chapel-hill,1,1.0,729,2687.0,2026-06-13,,True,hard,"Save Up to $2,700 Off Rent!*",dollar_off,2700.0,8.37,,2462.0,https://www.essexapartmenthomes.com/apartments/la-habra/hillsborough-park/floor-plans-and-pricing,2026-04-04,2026-05-31,,,,,Chapel Hill,,
2026-05-30,ESS,Hillsborough Park,,La Habra,ESS-hillsborough-park-1br-731sqft-augusta,1,1.0,731,2687.0,2026-05-30,,True,hard,"Save Up to $2,700 Off Rent!*",dollar_off,2700.0,8.37,,2462.0,https://www.essexapartmenthomes.com/apartments/la-habra/hillsborough-park/floor-plans-and-pricing,2026-04-04,2026-05-31,,,,,Augusta,,
2026-05-30,ESS,Hillsborough Park,,La Habra,ESS-hillsborough-park-1br-775sqft-bally-meade,1,1.0,775,2789.0,2026-06-09,,True,hard,"Save Up to $2,700 Off Rent!*",dollar_off,2700.0,8.07,,2564.0,https://www.essexapartmenthomes.com/apartments/la-habra/hillsborough-park/floor-plans-and-pricing,2026-04-04,2026-05-31,,,,,Bally Meade,,
2026-05-30,ESS,Hillsborough Park,,La Habra,ESS-hillsborough-park-1br-886sqft-deer-creek,1,1.0,886,2929.0,2026-06-12,,True,hard,"Save Up to $2,700 Off Rent!*",dollar_off,2700.0,7.68,,2704.0,https://www.essexapartmenthomes.com/apartments/la-habra/hillsborough-park/floor-plans-and-pricing,2026-05-24,2026-05-31,,,,,Deer Creek,,
2026-05-30,ESS,Hillsborough Park,,La Habra,ESS-hillsborough-park-2br-986sqft-greenbrier,2,2.0,986,2937.0,2026-05-30,,True,hard,"Save Up to $2,700 Off Rent!*",dollar_off,2700.0,7.66,,2712.0,https://www.essexapartmenthomes.com/apartments/la-habra/hillsborough-park/floor-plans-and-pricing,2026-04-04,2026-05-31,,,,,Greenbrier,,
2026-05-30,ESS,Hillsborough Park,,La Habra,ESS-hillsborough-park-2br-1103sqft-pebble-beach,2,2.0,1103,3349.0,2026-06-02,,True,hard,"Save Up to $2,700 Off Rent!*",dollar_off,2700.0,6.72,,3124.0,https://www.essexapartmenthomes.com/apartments/la-habra/hillsborough-park/floor-plans-and-pricing,2026-04-04,2026-05-31,,,,,Pebble Beach,,
2026-05-30,ESS,Hillsborough Park,,La Habra,ESS-hillsborough-park-2br-1182sqft-torrey-pines,2,2.0,1182,3377.0,2026-05-30,,True,hard,"Save Up to $2,700 Off Rent!*",dollar_off,2700.0,6.66,,3152.0,https://www.essexapartmenthomes.com/apartments/la-habra/hillsborough-park/floor-plans-and-pricing,2026-05-03,2026-05-31,,,,,Torrey Pines,,
2026-05-31,ESS,Village Green,,La Habra,ESS-village-green-1br-610sqft-sierra,1,1.0,610,2147.0,2026-06-26,,False,,,,,,,,https://www.essexapartmenthomes.com/apartments/la-habra/village-green/floor-plans-and-pricing,2026-04-04,2026-05-31,,,,,Sierra,,
2026-05-31,ESS,Village Green,,La Habra,ESS-village-green-1br-593sqft-monterey,1,1.0,593,2179.0,2026-05-31,,False,,,,,,,,https://www.essexapartmenthomes.com/apartments/la-habra/village-green/floor-plans-and-pricing,2026-04-04,2026-05-31,,,,,Monterey,,
2026-05-31,ESS,Village Green,,La Habra,ESS-village-green-1br-656sqft-evergreen,1,1.0,656,2207.0,2026-05-31,,False,,,,,,,,https://www.essexapartmenthomes.com/apartments/la-habra/village-green/floor-plans-and-pricing,2026-04-04,2026-05-31,,,,,Evergreen,,
2026-05-31,ESS,Village Green,,La Habra,ESS-village-green-1br-712sqft-redwood,1,1.0,712,2367.0,2026-06-21,,False,,,,,,,,https://www.essexapartmenthomes.com/apartments/la-habra/village-green/floor-plans-and-pricing,2026-05-17,2026-05-31,,,,,Redwood,,
2026-05-31,ESS,Village Green,,La Habra,ESS-village-green-2br-840sqft-oak,2,1.0,840,2607.0,2026-06-11,,False,,,,,,,,https://www.essexapartmenthomes.com/apartments/la-habra/village-green/floor-plans-and-pricing,2026-05-03,2026-05-31,,,,,Oak,,
2026-05-31,ESS,Village Green,,La Habra,ESS-village-green-2br-946sqft-alder,2,1.0,946,2707.0,2026-05-31,,False,,,,,,,,https://www.essexapartmenthomes.com/apartments/la-habra/village-green/floor-plans-and-pricing,2026-04-04,2026-05-31,,,,,Alder,,
2026-05-31,ESS,Lafayette Highlands,,Lafayette,ESS-lafayette-highlands-2br-953sqft-plan-2a,2,1.0,953,3299.0,2026-06-23,,False,,,,,,,,https://www.essexapartmenthomes.com/apartments/lafayette/lafayette-highlands/floor-plans-and-pricing,2026-04-26,2026-05-31,,,,,Plan 2A,,
2026-05-31,ESS,Lafayette Highlands,,Lafayette,ESS-lafayette-highlands-2br-1050sqft-plan-2b,2,2.0,1050,3547.0,2026-07-02,,False,,,,,,,,https://www.essexapartmenthomes.com/apartments/lafayette/lafayette-highlands/floor-plans-and-pricing,2026-05-25,2026-05-31,,,,,Plan 2B,,
2026-05-31,ESS,Lafayette Highlands,,Lafayette,ESS-lafayette-highlands-2br-1100sqft-plan-2c,2,2.0,1100,3747.0,2026-05-31,,False,,,,,,,,https://www.essexapartmenthomes.com/apartments/lafayette/lafayette-highlands/floor-plans-and-pricing,2026-04-26,2026-05-31,,,,,Plan 2C,,
2026-05-31,ESS,The Palms at Laguna Niguel,,Orange County,ESS-the-palms-at-laguna-niguel-1br-543sqft-seville,1,1.0,543,2707.0,2026-05-31,,False,,,,,,,,https://www.essexapartmenthomes.com/apartments/laguna-niguel/the-palms-at-laguna-niguel/floor-plans-and-pricing,2026-04-04,2026-05-31,,,,,Seville,,
2026-05-31,ESS,The Palms at Laguna Niguel,,Orange County,ESS-the-palms-at-laguna-niguel-1br-626sqft-madrid,1,1.0,626,2747.0,2026-06-07,,False,,,,,,,,https://www.essexapartmenthomes.com/apartments/laguna-niguel/the-palms-at-laguna-niguel/floor-plans-and-pricing,2026-04-04,2026-05-31,,,,,Madrid,,
2026-05-31,ESS,The Palms at Laguna Niguel,,Orange County,ESS-the-palms-at-laguna-niguel-1br-727sqft-cordoba,1,1.0,727,2829.0,2026-05-31,,False,,,,,,,,https://www.essexapartmenthomes.com/apartments/laguna-niguel/the-palms-at-laguna-niguel/floor-plans-and-pricing,2026-04-04,2026-05-31,,,,,Cordoba,,
2026-05-31,ESS,The Palms at Laguna Niguel,,Orange County,ESS-the-palms-at-laguna-niguel-2br-865sqft-barcelona,2,1.0,865,3017.0,2026-05-31,,False,,,,,,,,https://www.essexapartmenthomes.com/apartments/laguna-niguel/the-palms-at-laguna-niguel/floor-plans-and-pricing,2026-04-04,2026-05-31,,,,,Barcelona,,
2026-05-31,ESS,The Palms at Laguna Niguel,,Orange County,ESS-the-palms-at-laguna-niguel-2br-950sqft-valencia,2,2.0,950,3179.0,2026-05-31,,False,,,,,,,,https://www.essexapartmenthomes.com/apartments/laguna-niguel/the-palms-at-laguna-niguel/floor-plans-and-pricing,2026-04-04,2026-05-31,,,,,Valencia,,
2026-05-31,ESS,The Palms at Laguna Niguel,,Orange County,ESS-the-palms-at-laguna-niguel-2br-965sqft-la-paz,2,2.0,965,3189.0,2026-05-31,,False,,,,,,,,https://www.essexapartmenthomes.com/apartments/laguna-niguel/the-palms-at-laguna-niguel/floor-plans-and-pricing,2026-04-04,2026-05-31,,,,,La Paz,,
2026-05-31,ESS,Trabuco Villas,,Lake Forest,ESS-trabuco-villas-1br-770sqft-plan-1a,1,1.0,770,2737.0,2026-05-31,,True,hard,"Save Up to $1,400 Off Rent!*",dollar_off,1400.0,4.26,,2620.33,https://www.essexapartmenthomes.com/apartments/lake-forest/trabuco-villas/floor-plans-and-pricing,2026-04-04,2026-05-31,,,,,Plan 1A,,
2026-05-31,ESS,Trabuco Villas,,Lake Forest,ESS-trabuco-villas-2br-1100sqft-plan-2b,2,2.0,1100,3267.0,2026-05-31,,True,hard,"Save Up to $1,400 Off Rent!*",dollar_off,1400.0,3.57,,3150.33,https://www.essexapartmenthomes.com/apartments/lake-forest/trabuco-villas/floor-plans-and-pricing,2026-04-13,2026-05-31,,,,,Plan 2B,,
2026-05-31,ESS,Trabuco Villas,,Lake Forest,ESS-trabuco-villas-2br-1100sqft-plan-2a,2,2.0,1100,3417.0,2026-06-08,,True,hard,"Save Up to $1,400 Off Rent!*",dollar_off,1400.0,3.41,,3300.33,https://www.essexapartmenthomes.com/apartments/lake-forest/trabuco-villas/floor-plans-and-pricing,2026-04-04,2026-05-31,,,,,Plan 2A,,
2026-05-31,ESS,Marbrisa,,Los Angeles,ESS-marbrisa-0br-475sqft-the-antigua,0,1.0,475,2137.0,2026-05-31,,True,hard,Up to 3 Weeks FREE!*,months_free,0.6924,5.77,5.77,2013.7,https://www.essexapartmenthomes.com/apartments/long-beach/marbrisa/floor-plans-and-pricing,2026-04-04,2026-05-31,,,,,The Antigua,,
2026-05-31,ESS,Marbrisa,,Los Angeles,ESS-marbrisa-1br-545sqft-the-bordeaux,1,1.0,545,2419.0,2026-06-08,,True,hard,Up to 3 Weeks FREE!*,months_free,0.6924,5.77,5.77,2279.42,https://www.essexapartmenthomes.com/apartments/long-beach/marbrisa/floor-plans-and-pricing,2026-04-04,2026-05-31,,,,,The Bordeaux,,
2026-05-31,ESS,Marbrisa,,Los Angeles,ESS-marbrisa-1br-600sqft-the-calais,1,1.0,600,2497.0,2026-06-07,,True,hard,Up to 3 Weeks FREE!*,months_free,0.6924,5.77,5.77,2352.92,https://www.essexapartmenthomes.com/apartments/long-beach/marbrisa/floor-plans-and-pricing,2026-04-04,2026-05-31,,,,,The Calais,,
2026-05-31,ESS,Marbrisa,,Los Angeles,ESS-marbrisa-2br-845sqft-the-lido-grande,2,2.0,845,3247.0,2026-06-27,,True,hard,Up to 3 Weeks FREE!*,months_free,0.6924,5.77,5.77,3059.65,https://www.essexapartmenthomes.com/apartments/long-beach/marbrisa/floor-plans-and-pricing,2026-04-04,2026-05-31,,,,,The Lido Grande,,
2026-05-31,ESS,Pathways at Bixby Village,,Los Angeles,ESS-pathways-at-bixby-village-1br-528sqft-the-naples,1,1.0,528,2229.0,2026-05-31,,True,hard,"Save Up to $3,500 Off Rent!*",dollar_off,3500.0,13.09,,1937.33,https://www.essexapartmenthomes.com/apartments/long-beach/pathways-at-bixby-village/floor-plans-and-pricing,2026-04-04,2026-05-31,,,,,The Naples,,
2026-05-31,ESS,Pathways at Bixby Village,,Los Angeles,ESS-pathways-at-bixby-village-1br-660sqft-the-belmont,1,1.0,660,2847.0,2026-05-31,,True,hard,"Save Up to $3,500 Off Rent!*",dollar_off,3500.0,10.24,,2555.33,https://www.essexapartmenthomes.com/apartments/long-beach/pathways-at-bixby-village/floor-plans-and-pricing,2026-04-04,2026-05-31,,,,,The Belmont,,
2026-05-31,ESS,Pathways at Bixby Village,,Los Angeles,ESS-pathways-at-bixby-village-2br-970sqft-the-pacifica-catalina,2,2.0,970,3547.0,2026-06-13,,True,hard,"Save Up to $3,500 Off Rent!*",dollar_off,3500.0,8.22,,3255.33,https://www.essexapartmenthomes.com/apartments/long-beach/pathways-at-bixby-village/floor-plans-and-pricing,2026-04-13,2026-05-31,,,,,The Pacifica/Catalina,,
2026-05-31,ESS,Skylux on Wilshire,,Los Angeles,ESS-skylux-on-wilshire-0br-594sqft-plan-sb-den,0,1.0,594,2449.0,2026-05-31,,True,hard,"Save Up to $8,400 + FREE App Fee & Parking",dollar_off,8400.0,28.58,,1749.0,https://www.essexapartmenthomes.com/apartments/los-angeles/skylux-on-wilshire/floor-plans-and-pricing,2026-05-24,2026-05-31,,,,,Plan SB + Den,,
2026-05-31,ESS,Skylux on Wilshire,,Los Angeles,ESS-skylux-on-wilshire-1br-627sqft-plan-1a,1,1.0,627,2107.0,2026-05-31,,True,hard,"Save Up to $8,400 + FREE App Fee & Parking",dollar_off,8400.0,33.22,,1407.0,https://www.essexapartmenthomes.com/apartments/los-angeles/skylux-on-wilshire/floor-plans-and-pricing,2026-05-24,2026-05-31,,,,,Plan 1A,,
2026-05-31,ESS,Skylux on Wilshire,,Los Angeles,ESS-skylux-on-wilshire-1br-778sqft-plan-1j-den,1,2.0,778,2577.0,2026-05-31,,True,hard,"Save Up to $8,400 + FREE App Fee & Parking",dollar_off,8400.0,27.16,,1877.0,https://www.essexapartmenthomes.com/apartments/los-angeles/skylux-on-wilshire/floor-plans-and-pricing,2026-05-24,2026-05-31,,,,,Plan 1J + Den,,
2026-05-31,ESS,Skylux on Wilshire,,Los Angeles,ESS-skylux-on-wilshire-1br-817sqft-plan-1k-den,1,2.0,817,2579.0,2026-05-31,,True,hard,"Save Up to $8,400 + FREE App Fee & Parking",dollar_off,8400.0,27.14,,1879.0,https://www.essexapartmenthomes.com/apartments/los-angeles/skylux-on-wilshire/floor-plans-and-pricing,2026-05-24,2026-05-31,,,,,Plan 1K + Den,,
2026-05-31,ESS,Skylux on Wilshire,,Los Angeles,ESS-skylux-on-wilshire-1br-767sqft-plan-1i-den,1,2.0,767,2949.0,2026-05-31,,True,hard,"Save Up to $8,400 + FREE App Fee & Parking",dollar_off,8400.0,23.74,,2249.0,https://www.essexapartmenthomes.com/apartments/los-angeles/skylux-on-wilshire/floor-plans-and-pricing,2026-05-24,2026-05-31,,,,,Plan 1I + Den,,
2026-05-31,ESS,Skylux on Wilshire,,Los Angeles,ESS-skylux-on-wilshire-1br-859sqft-plan-1h-den,1,2.0,859,3019.0,2026-05-31,,True,hard,"Save Up to $8,400 + FREE App Fee & Parking",dollar_off,8400.0,23.19,,2319.0,https://www.essexapartmenthomes.com/apartments/los-angeles/skylux-on-wilshire/floor-plans-and-pricing,2026-05-24,2026-05-31,,,,,Plan 1H + Den,,
2026-05-31,ESS,Skylux on Wilshire,,Los Angeles,ESS-skylux-on-wilshire-1br-865sqft-plan-1m-den,1,2.0,865,3029.0,2026-05-31,,True,hard,"Save Up to $8,400 + FREE App Fee & Parking",dollar_off,8400.0,23.11,,2329.0,https://www.essexapartmenthomes.com/apartments/los-angeles/skylux-on-wilshire/floor-plans-and-pricing,2026-05-31,2026-05-31,,,,,Plan 1M + Den,,
2026-05-31,ESS,Skylux on Wilshire,,Los Angeles,ESS-skylux-on-wilshire-1br-929sqft-plan-1p-den,1,2.0,929,3069.0,2026-05-31,,True,hard,"Save Up to $8,400 + FREE App Fee & Parking",dollar_off,8400.0,22.81,,2369.0,https://www.essexapartmenthomes.com/apartments/los-angeles/skylux-on-wilshire/floor-plans-and-pricing,2026-05-24,2026-05-31,,,,,Plan 1P + Den,,
2026-05-31,ESS,Skylux on Wilshire,,Los Angeles,ESS-skylux-on-wilshire-2br-986sqft-plan-2c,2,2.0,986,2879.0,2026-05-31,,True,hard,"Save Up to $8,400 + FREE App Fee & Parking",dollar_off,8400.0,24.31,,2179.0,https://www.essexapartmenthomes.com/apartments/los-angeles/skylux-on-wilshire/floor-plans-and-pricing,2026-05-31,2026-05-31,,,,,Plan 2C,,
2026-05-31,ESS,Skylux on Wilshire,,Los Angeles,ESS-skylux-on-wilshire-2br-1011sqft-plan-2d,2,2.0,1011,2927.0,2026-05-31,,True,hard,"Save Up to $8,400 + FREE App Fee & Parking",dollar_off,8400.0,23.92,,2227.0,https://www.essexapartmenthomes.com/apartments/los-angeles/skylux-on-wilshire/floor-plans-and-pricing,2026-05-31,2026-05-31,,,,,Plan 2D,,
2026-05-31,ESS,Skylux on Wilshire,,Los Angeles,ESS-skylux-on-wilshire-2br-943sqft-plan-2b,2,2.0,943,3357.0,2026-05-31,,True,hard,"Save Up to $8,400 + FREE App Fee & Parking",dollar_off,8400.0,20.85,,2657.0,https://www.essexapartmenthomes.com/apartments/los-angeles/skylux-on-wilshire/floor-plans-and-pricing,2026-05-31,2026-05-31,,,,,Plan 2B,,
2026-05-31,ESS,Skylux on Wilshire,,Los Angeles,ESS-skylux-on-wilshire-2br-1146sqft-plan-2f,2,2.0,1146,3549.0,2026-05-31,,True,hard,"Save Up to $8,400 + FREE App Fee & Parking",dollar_off,8400.0,19.72,,2849.0,https://www.essexapartmenthomes.com/apartments/los-angeles/skylux-on-wilshire/floor-plans-and-pricing,2026-05-24,2026-05-31,,,,,Plan 2F,,
2026-05-31,ESS,Skylux on Wilshire,,Los Angeles,ESS-skylux-on-wilshire-2br-1240sqft-plan-2g,2,2.0,1240,3639.0,2026-05-31,,True,hard,"Save Up to $8,400 + FREE App Fee & Parking",dollar_off,8400.0,19.24,,2939.0,https://www.essexapartmenthomes.com/apartments/los-angeles/skylux-on-wilshire/floor-plans-and-pricing,2026-05-24,2026-05-31,,,,,Plan 2G,,
2026-05-31,ESS,5600 Wilshire,,Los Angeles,ESS-5600-wilshire-0br-524sqft-sunset-blvd,0,1.0,524,2207.0,2026-06-07,,False,,,,,,,,https://www.essexapartmenthomes.com/apartments/los-angeles/5600-wilshire/floor-plans-and-pricing,2026-04-04,2026-05-31,,,,,Sunset Blvd,,
2026-05-31,ESS,5600 Wilshire,,Los Angeles,ESS-5600-wilshire-0br-670sqft-melrose-avenue,0,1.0,670,2689.0,2026-05-31,,False,,,,,,,,https://www.essexapartmenthomes.com/apartments/los-angeles/5600-wilshire/floor-plans-and-pricing,2026-04-04,2026-05-31,,,,,Melrose Avenue,,
2026-05-31,ESS,5600 Wilshire,,Los Angeles,ESS-5600-wilshire-1br-731sqft-derby,1,1.0,731,3007.0,2026-05-31,,False,,,,,,,,https://www.essexapartmenthomes.com/apartments/los-angeles/5600-wilshire/floor-plans-and-pricing,2026-04-04,2026-05-31,,,,,Derby,,
2026-05-31,ESS,5600 Wilshire,,Los Angeles,ESS-5600-wilshire-1br-893sqft-griffith,1,1.0,893,3139.0,2026-06-22,,False,,,,,,,,https://www.essexapartmenthomes.com/apartments/los-angeles/5600-wilshire/floor-plans-and-pricing,2026-04-19,2026-05-31,,,,,Griffith,,
2026-05-31,ESS,5600 Wilshire,,Los Angeles,ESS-5600-wilshire-2br-1132sqft-wilshire-blvd,2,2.0,1132,3339.0,2026-06-09,,False,,,,,,,,https://www.essexapartmenthomes.com/apartments/los-angeles/5600-wilshire/floor-plans-and-pricing,2026-05-17,2026-05-31,,,,,Wilshire Blvd,,
2026-05-31,ESS,5600 Wilshire,,Los Angeles,ESS-5600-wilshire-2br-1100sqft-hancock-park,2,2.0,1100,3467.0,2026-05-31,,False,,,,,,,,https://www.essexapartmenthomes.com/apartments/los-angeles/5600-wilshire/floor-plans-and-pricing,2026-04-04,2026-05-31,,,,,Hancock Park,,
2026-05-31,ESS,Alessio,,Los Angeles,ESS-alessio-1br-666sqft-trapani,1,1.0,666,2207.0,2026-05-31,,True,hard,"Save Up to $3,000 Off Rent!*",dollar_off,3000.0,11.33,,1957.0,https://www.essexapartmenthomes.com/apartments/los-angeles/alessio/floor-plans-and-pricing,2026-04-04,2026-05-31,,,,,Trapani,,
2026-05-31,ESS,Alessio,,Los Angeles,ESS-alessio-1br-840sqft-bellini-loft,1,1.0,840,2999.0,2026-07-04,,True,hard,"Save Up to $3,000 Off Rent!*",dollar_off,3000.0,8.34,,2749.0,https://www.essexapartmenthomes.com/apartments/los-angeles/alessio/floor-plans-and-pricing,2026-04-04,2026-05-31,,,,,Bellini Loft,,
2026-05-31,ESS,Alessio,,Los Angeles,ESS-alessio-2br-1032sqft-marsala,2,2.0,1032,3059.0,2026-05-31,,True,hard,"Save Up to $3,000 Off Rent!*",dollar_off,3000.0,8.17,,2809.0,https://www.essexapartmenthomes.com/apartments/los-angeles/alessio/floor-plans-and-pricing,2026-04-04,2026-05-31,,,,,Marsala,,
2026-05-31,ESS,Alessio,,Los Angeles,ESS-alessio-2br-1173sqft-palermo-loft,2,2.0,1173,3497.0,2026-05-31,,True,hard,"Save Up to $3,000 Off Rent!*",dollar_off,3000.0,7.15,,3247.0,https://www.essexapartmenthomes.com/apartments/los-angeles/alessio/floor-plans-and-pricing,2026-04-04,2026-05-31,,,,,Palermo Loft,,
2026-05-31,ESS,Avant,,Los Angeles,ESS-avant-0br-510sqft-plan-sa,0,1.0,510,1677.0,2026-06-18,,True,hard,"Save Up to $3,100 Off Rent!*",dollar_off,3100.0,15.4,,1418.67,https://www.essexapartmenthomes.com/apartments/los-angeles/avant/floor-plans-and-pricing,2026-05-17,2026-05-31,,,,,Plan SA,,
2026-05-31,ESS,Avant,,Los Angeles,ESS-avant-0br-566sqft-plan-se,0,1.0,566,1689.0,2026-06-04,,True,hard,"Save Up to $3,100 Off Rent!*",dollar_off,3100.0,15.3,,1430.67,https://www.essexapartmenthomes.com/apartments/los-angeles/avant/floor-plans-and-pricing,2026-04-26,2026-05-31,,,,,Plan SE,,
2026-05-31,ESS,Avant,,Los Angeles,ESS-avant-0br-561sqft-plan-sb,0,1.0,561,1707.0,2026-05-31,,True,hard,"Save Up to $3,100 Off Rent!*",dollar_off,3100.0,15.13,,1448.67,https://www.essexapartmenthomes.com/apartments/los-angeles/avant/floor-plans-and-pricing,2026-05-17,2026-05-31,,,,,Plan SB,,
2026-05-31,ESS,Avant,,Los Angeles,ESS-avant-0br-999sqft-plan-sf-live-work,0,1.0,999,2357.0,2026-05-31,,True,hard,"Save Up to $3,100 Off Rent!*",dollar_off,3100.0,10.96,,2098.67,https://www.essexapartmenthomes.com/apartments/los-angeles/avant/floor-plans-and-pricing,2026-04-04,2026-05-31,,,,,Plan SF Live/Work,,
2026-05-31,ESS,Avant,,Los Angeles,ESS-avant-1br-694sqft-plan-1a,1,1.0,694,2069.0,2026-06-11,,True,hard,"Save Up to $3,100 Off Rent!*",dollar_off,3100.0,12.49,,1810.67,https://www.essexapartmenthomes.com/apartments/los-angeles/avant/floor-plans-and-pricing,2026-04-13,2026-05-31,,,,,Plan 1A,,
2026-05-31,ESS,Avant,,Los Angeles,ESS-avant-1br-669sqft-plan-1d,1,1.0,669,2097.0,2026-05-31,,True,hard,"Save Up to $3,100 Off Rent!*",dollar_off,3100.0,12.32,,1838.67,https://www.essexapartmenthomes.com/apartments/los-angeles/avant/floor-plans-and-pricing,2026-04-13,2026-05-31,,,,,Plan 1D,,
2026-05-31,ESS,Avant,,Los Angeles,ESS-avant-1br-666sqft-plan-1b,1,1.0,666,2119.0,2026-05-31,,True,hard,"Save Up to $3,100 Off Rent!*",dollar_off,3100.0,12.19,,1860.67,https://www.essexapartmenthomes.com/apartments/los-angeles/avant/floor-plans-and-pricing,2026-05-24,2026-05-31,,,,,Plan 1B,,
2026-05-31,ESS,Avant,,Los Angeles,ESS-avant-1br-625sqft-plan-1f,1,1.0,625,2127.0,2026-05-31,,True,hard,"Save Up to $3,100 Off Rent!*",dollar_off,3100.0,12.15,,1868.67,https://www.essexapartmenthomes.com/apartments/los-angeles/avant/floor-plans-and-pricing,2026-04-04,2026-05-31,,,,,Plan 1F,,
2026-05-31,ESS,Avant,,Los Angeles,ESS-avant-2br-967sqft-plan-2b,2,2.0,967,2679.0,2026-05-31,,True,hard,"Save Up to $3,100 Off Rent!*",dollar_off,3100.0,9.64,,2420.67,https://www.essexapartmenthomes.com/apartments/los-angeles/avant/floor-plans-and-pricing,2026-04-13,2026-05-31,,,,,Plan 2B,,
2026-05-31,ESS,Bellerive,,Los Angeles,ESS-bellerive-2br-1259sqft-plan-2a,2,2.0,1259,3799.0,2026-05-31,,False,,,,,,,,https://www.essexapartmenthomes.com/apartments/los-angeles/bellerive/floor-plans-and-pricing,2026-04-04,2026-05-31,,,,,Plan 2A,,
2026-05-31,ESS,Belmont Station,,Los Angeles,ESS-belmont-station-0br-556sqft-seal-beach,0,1.0,556,1687.0,2026-05-31,,True,hard,"Save Up to $1,700 Off Rent!*",dollar_off,1700.0,8.4,,1545.33,https://www.essexapartmenthomes.com/apartments/los-angeles/belmont-station/floor-plans-and-pricing,2026-04-04,2026-05-31,,,,,Seal Beach,,
2026-05-31,ESS,Belmont Station,,Los Angeles,ESS-belmont-station-1br-715sqft-pasadena,1,1.0,715,2127.0,2026-07-17,,True,hard,"Save Up to $1,700 Off Rent!*",dollar_off,1700.0,6.66,,1985.33,https://www.essexapartmenthomes.com/apartments/los-angeles/belmont-station/floor-plans-and-pricing,2026-04-04,2026-05-31,,,,,Pasadena,,
2026-05-31,ESS,Belmont Station,,Los Angeles,ESS-belmont-station-1br-651sqft-marina,1,1.0,651,2167.0,2026-06-21,,True,hard,"Save Up to $1,700 Off Rent!*",dollar_off,1700.0,6.54,,2025.33,https://www.essexapartmenthomes.com/apartments/los-angeles/belmont-station/floor-plans-and-pricing,2026-04-13,2026-05-31,,,,,Marina,,
2026-05-31,ESS,Belmont Station,,Los Angeles,ESS-belmont-station-1br-862sqft-san-bernadino-loft,1,1.5,862,2429.0,2026-05-31,,True,hard,"Save Up to $1,700 Off Rent!*",dollar_off,1700.0,5.83,,2287.33,https://www.essexapartmenthomes.com/apartments/los-angeles/belmont-station/floor-plans-and-pricing,2026-04-04,2026-05-31,,,,,San Bernadino Loft,,
2026-05-31,ESS,Belmont Station,,Los Angeles,ESS-belmont-station-2br-923sqft-toluca,2,2.0,923,2497.0,2026-06-17,,True,hard,"Save Up to $1,700 Off Rent!*",dollar_off,1700.0,5.67,,2355.33,https://www.essexapartmenthomes.com/apartments/los-angeles/belmont-station/floor-plans-and-pricing,2026-05-09,2026-05-31,,,,,Toluca,,
2026-05-31,ESS,Belmont Station,,Los Angeles,ESS-belmont-station-2br-922sqft-balboa,2,2.0,922,2537.0,2026-06-26,,True,hard,"Save Up to $1,700 Off Rent!*",dollar_off,1700.0,5.58,,2395.33,https://www.essexapartmenthomes.com/apartments/los-angeles/belmont-station/floor-plans-and-pricing,2026-05-24,2026-05-31,,,,,Balboa,,
2026-05-31,ESS,Belmont Station,,Los Angeles,ESS-belmont-station-2br-1137sqft-miramar-loft,2,2.0,1137,3069.0,2026-05-31,,True,hard,"Save Up to $1,700 Off Rent!*",dollar_off,1700.0,4.62,,2927.33,https://www.essexapartmenthomes.com/apartments/los-angeles/belmont-station/floor-plans-and-pricing,2026-05-17,2026-05-31,,,,,Miramar Loft,,
2026-05-31,ESS,Belmont Station,,Los Angeles,ESS-belmont-station-2br-1139sqft-alameda-loft,2,2.0,1139,3099.0,2026-06-10,,True,hard,"Save Up to $1,700 Off Rent!*",dollar_off,1700.0,4.57,,2957.33,https://www.essexapartmenthomes.com/apartments/los-angeles/belmont-station/floor-plans-and-pricing,2026-05-17,2026-05-31,,,,,Alameda Loft,,
2026-05-31,ESS,Catalina Gardens,,Los Angeles,ESS-catalina-gardens-1br-725sqft-clemente,1,1.0,725,1977.0,2026-05-31,,True,hard,"Save Up to $2,000 Off Rent!*",dollar_off,2000.0,8.43,,1810.33,https://www.essexapartmenthomes.com/apartments/los-angeles/catalina-gardens/floor-plans-and-pricing,2026-04-19,2026-05-31,,,,,Clemente,,
2026-05-31,ESS,Catalina Gardens,,Los Angeles,ESS-catalina-gardens-2br-1025sqft-catalina,2,2.0,1025,2349.0,2026-05-31,,True,hard,"Save Up to $2,000 Off Rent!*",dollar_off,2000.0,7.1,,2182.33,https://www.essexapartmenthomes.com/apartments/los-angeles/catalina-gardens/floor-plans-and-pricing,2026-04-04,2026-05-31,,,,,Catalina,,
2026-05-31,ESS,Catalina Gardens,,Los Angeles,ESS-catalina-gardens-2br-1050sqft-avalon,2,2.0,1050,2357.0,2026-06-13,,True,hard,"Save Up to $2,000 Off Rent!*",dollar_off,2000.0,7.07,,2190.33,https://www.essexapartmenthomes.com/apartments/los-angeles/catalina-gardens/floor-plans-and-pricing,2026-05-09,2026-05-31,,,,,Avalon,,
2026-05-31,ESS,Catalina Gardens,,Los Angeles,ESS-catalina-gardens-2br-1175sqft-monica,2,2.0,1175,2627.0,2026-06-08,,True,hard,"Save Up to $2,000 Off Rent!*",dollar_off,2000.0,6.34,,2460.33,https://www.essexapartmenthomes.com/apartments/los-angeles/catalina-gardens/floor-plans-and-pricing,2026-05-24,2026-05-31,,,,,Monica,,
2026-05-31,ESS,Essex Properties at Miracle Mile,,Los Angeles,ESS-essex-properties-at-miracle-mile-1br-774sqft-plan-1c,1,1.0,774,2079.0,2026-06-06,,True,hard,"Save Up to $3,100 Off Rent!*",dollar_off,3100.0,12.43,,1820.67,https://www.essexapartmenthomes.com/apartments/los-angeles/essex-properties-at-miracle-mile/floor-plans-and-pricing,2026-04-04,2026-05-31,,,,,Plan 1C,,
2026-05-31,ESS,Essex Properties at Miracle Mile,,Los Angeles,ESS-essex-properties-at-miracle-mile-1br-676sqft-plan-1a,1,1.0,676,2087.0,2026-06-17,,True,hard,"Save Up to $3,100 Off Rent!*",dollar_off,3100.0,12.38,,1828.67,https://www.essexapartmenthomes.com/apartments/los-angeles/essex-properties-at-miracle-mile/floor-plans-and-pricing,2026-04-04,2026-05-31,,,,,Plan 1A,,
2026-05-31,ESS,Essex Properties at Miracle Mile,,Los Angeles,ESS-essex-properties-at-miracle-mile-2br-997sqft-plan-2b,2,2.0,997,2699.0,2026-05-31,,True,hard,"Save Up to $3,100 Off Rent!*",dollar_off,3100.0,9.57,,2440.67,https://www.essexapartmenthomes.com/apartments/los-angeles/essex-properties-at-miracle-mile/floor-plans-and-pricing,2026-04-04,2026-05-31,,,,,Plan 2B,,
2026-05-31,ESS,Essex Properties at Miracle Mile,,Los Angeles,ESS-essex-properties-at-miracle-mile-2br-1027sqft-plan-2c,2,2.0,1027,2937.0,2026-06-22,,True,hard,"Save Up to $3,100 Off Rent!*",dollar_off,3100.0,8.8,,2678.67,https://www.essexapartmenthomes.com/apartments/los-angeles/essex-properties-at-miracle-mile/floor-plans-and-pricing,2026-04-04,2026-05-31,,,,,Plan 2C,,
2026-05-31,ESS,Park Catalina,,Los Angeles,ESS-park-catalina-2br-920sqft-plan-2a,2,2.0,920,2627.0,2026-05-31,,False,,,,,,,,https://www.essexapartmenthomes.com/apartments/los-angeles/park-catalina/floor-plans-and-pricing,2026-04-04,2026-05-31,,,,,Plan 2A,,
2026-05-31,ESS,Regency Palm Court,,Los Angeles,ESS-regency-palm-court-0br-384sqft-plan-sa,0,1.0,384,1479.0,2026-05-31,,True,hard,"Save Up to $2,000 Off Rent!*",dollar_off,2000.0,11.27,,1312.33,https://www.essexapartmenthomes.com/apartments/los-angeles/regency-palm-court/floor-plans-and-pricing,2026-04-04,2026-05-31,,,,,Plan SA,,
2026-05-31,ESS,Regency Palm Court,,Los Angeles,ESS-regency-palm-court-1br-484sqft-plan-1a,1,1.0,484,1517.0,2026-05-31,,True,hard,"Save Up to $2,000 Off Rent!*",dollar_off,2000.0,10.99,,1350.33,https://www.essexapartmenthomes.com/apartments/los-angeles/regency-palm-court/floor-plans-and-pricing,2026-04-04,2026-05-31,,,,,Plan 1A,,
2026-05-31,ESS,Skye at Bunker Hill,,Los Angeles,ESS-skye-at-bunker-hill-0br-505sqft-flower,0,1.0,505,1799.0,2026-05-31,,False,,,,,,,,https://www.essexapartmenthomes.com/apartments/los-angeles/skye-at-bunker-hill/floor-plans-and-pricing,2026-04-04,2026-05-31,,,,,Flower,,
2026-05-31,ESS,Skye at Bunker Hill,,Los Angeles,ESS-skye-at-bunker-hill-0br-588sqft-hope,0,1.0,588,1869.0,2026-05-31,,False,,,,,,,,https://www.essexapartmenthomes.com/apartments/los-angeles/skye-at-bunker-hill/floor-plans-and-pricing,2026-04-04,2026-05-31,,,,,Hope,,
2026-05-31,ESS,Skye at Bunker Hill,,Los Angeles,ESS-skye-at-bunker-hill-1br-631sqft-figueroa,1,1.0,631,2329.0,2026-05-31,,False,,,,,,,,https://www.essexapartmenthomes.com/apartments/los-angeles/skye-at-bunker-hill/floor-plans-and-pricing,2026-05-17,2026-05-31,,,,,Figueroa,,
2026-05-31,ESS,Skye at Bunker Hill,,Los Angeles,ESS-skye-at-bunker-hill-2br-1116sqft-grand,2,2.0,1116,3427.0,2026-05-31,,False,,,,,,,,https://www.essexapartmenthomes.com/apartments/los-angeles/skye-at-bunker-hill/floor-plans-and-pricing,2026-04-04,2026-05-31,,,,,Grand,,
2026-05-31,ESS,The Blake LA,,Los Angeles,ESS-the-blake-la-0br-416sqft-plan-sb,0,1.0,416,1899.0,2026-05-31,,True,hard,"Save Up to $2,700 Off Rent!*",dollar_off,2700.0,11.85,,1674.0,https://www.essexapartmenthomes.com/apartments/los-angeles/the-blake-la/floor-plans-and-pricing,2026-04-04,2026-05-31,,,,,Plan SB,,
2026-05-31,ESS,The Blake LA,,Los Angeles,ESS-the-blake-la-1br-700sqft-plan-1a,1,1.0,700,2539.0,2026-05-31,,True,hard,"Save Up to $2,700 Off Rent!*",dollar_off,2700.0,8.86,,2314.0,https://www.essexapartmenthomes.com/apartments/los-angeles/the-blake-la/floor-plans-and-pricing,2026-04-04,2026-05-31,,,,,Plan 1A,,
2026-05-31,ESS,The Blake LA,,Los Angeles,ESS-the-blake-la-2br-981sqft-plan-2a,2,2.0,981,3027.0,2026-06-05,,True,hard,"Save Up to $2,700 Off Rent!*",dollar_off,2700.0,7.43,,2802.0,https://www.essexapartmenthomes.com/apartments/los-angeles/the-blake-la/floor-plans-and-pricing,2026-04-04,2026-05-31,,,,,Plan 2A,,
2026-05-31,ESS,Tiffany Court,,Los Angeles,ESS-tiffany-court-0br-620sqft-plan-sa,0,1.0,620,2019.0,2026-05-31,,True,hard,"Save Up to $1,400 Off Rent!*",dollar_off,1400.0,5.78,,1902.33,https://www.essexapartmenthomes.com/apartments/los-angeles/tiffany-court/floor-plans-and-pricing,2026-04-04,2026-05-31,,,,,Plan SA,,
2026-05-31,ESS,Tiffany Court,,Los Angeles,ESS-tiffany-court-1br-809sqft-plan-1d,1,1.0,809,2367.0,2026-05-31,,True,hard,"Save Up to $1,400 Off Rent!*",dollar_off,1400.0,4.93,,2250.33,https://www.essexapartmenthomes.com/apartments/los-angeles/tiffany-court/floor-plans-and-pricing,2026-04-13,2026-05-31,,,,,Plan 1D,,
2026-05-31,ESS,Tiffany Court,,Los Angeles,ESS-tiffany-court-2br-940sqft-plan-2a,2,2.0,940,3059.0,2026-07-08,,True,hard,"Save Up to $1,400 Off Rent!*",dollar_off,1400.0,3.81,,2942.33,https://www.essexapartmenthomes.com/apartments/los-angeles/tiffany-court/floor-plans-and-pricing,2026-05-03,2026-05-31,,,,,Plan 2A,,
2026-05-31,ESS,Vela on Ox,,Los Angeles,ESS-vela-on-ox-0br-627sqft-nebula,0,1.0,627,2317.0,2026-07-11,,True,hard,"Save Up to $1,700 Off Rent!*",dollar_off,1700.0,6.11,,2175.33,https://www.essexapartmenthomes.com/apartments/los-angeles/vela-on-ox/floor-plans-and-pricing,2026-05-24,2026-05-31,,,,,Nebula,,
2026-05-31,ESS,Vela on Ox,,Los Angeles,ESS-vela-on-ox-1br-702sqft-aurora,1,1.0,702,2359.0,2026-05-31,,True,hard,"Save Up to $1,700 Off Rent!*",dollar_off,1700.0,6.01,,2217.33,https://www.essexapartmenthomes.com/apartments/los-angeles/vela-on-ox/floor-plans-and-pricing,2026-04-04,2026-05-31,,,,,Aurora,,
2026-05-31,ESS,Vela on Ox,,Los Angeles,ESS-vela-on-ox-1br-746sqft-jupiter,1,1.0,746,2477.0,2026-05-31,,True,hard,"Save Up to $1,700 Off Rent!*",dollar_off,1700.0,5.72,,2335.33,https://www.essexapartmenthomes.com/apartments/los-angeles/vela-on-ox/floor-plans-and-pricing,2026-04-04,2026-05-31,,,,,Jupiter,,
2026-05-31,ESS,Vela on Ox,,Los Angeles,ESS-vela-on-ox-1br-785sqft-solstice,1,1.0,785,2587.0,2026-06-10,,True,hard,"Save Up to $1,700 Off Rent!*",dollar_off,1700.0,5.48,,2445.33,https://www.essexapartmenthomes.com/apartments/los-angeles/vela-on-ox/floor-plans-and-pricing,2026-05-24,2026-05-31,,,,,Solstice,,
2026-05-31,ESS,Vela on Ox,,Los Angeles,ESS-vela-on-ox-2br-993sqft-galaxy,2,2.0,993,3109.0,2026-06-08,,True,hard,"Save Up to $1,700 Off Rent!*",dollar_off,1700.0,4.56,,2967.33,https://www.essexapartmenthomes.com/apartments/los-angeles/vela-on-ox/floor-plans-and-pricing,2026-04-04,2026-05-31,,,,,Galaxy,,
2026-05-31,ESS,Vela on Ox,,Los Angeles,ESS-vela-on-ox-2br-1038sqft-cosmo,2,2.0,1038,3239.0,2026-07-08,,True,hard,"Save Up to $1,700 Off Rent!*",dollar_off,1700.0,4.37,,3097.33,https://www.essexapartmenthomes.com/apartments/los-angeles/vela-on-ox/floor-plans-and-pricing,2026-04-04,2026-05-31,,,,,Cosmo,,
2026-05-31,ESS,Wallace on Sunset,,Los Angeles,ESS-wallace-on-sunset-0br-539sqft-melrose,0,1.0,539,2049.0,2026-05-31,,True,hard,"Save Up to $4,100 Off Rent!*",dollar_off,4100.0,16.67,,1707.33,https://www.essexapartmenthomes.com/apartments/los-angeles/wallace-on-sunset/floor-plans-and-pricing,2026-05-09,2026-05-31,,,,,Melrose,,
2026-05-31,ESS,Wallace on Sunset,,Los Angeles,ESS-wallace-on-sunset-1br-708sqft-sunset,1,1.0,708,2439.0,2026-05-31,,True,hard,"Save Up to $4,100 Off Rent!*",dollar_off,4100.0,14.01,,2097.33,https://www.essexapartmenthomes.com/apartments/los-angeles/wallace-on-sunset/floor-plans-and-pricing,2026-05-09,2026-05-31,,,,,Sunset,,
2026-05-31,ESS,Wallace on Sunset,,Los Angeles,ESS-wallace-on-sunset-1br-675sqft-rodeo,1,1.0,675,2677.0,2026-05-31,,True,hard,"Save Up to $4,100 Off Rent!*",dollar_off,4100.0,12.76,,2335.33,https://www.essexapartmenthomes.com/apartments/los-angeles/wallace-on-sunset/floor-plans-and-pricing,2026-04-04,2026-05-31,,,,,Rodeo,,
2026-05-31,ESS,Wallace on Sunset,,Los Angeles,ESS-wallace-on-sunset-1br-906sqft-highland,1,1.0,906,2907.0,2026-05-31,,True,hard,"Save Up to $4,100 Off Rent!*",dollar_off,4100.0,11.75,,2565.33,https://www.essexapartmenthomes.com/apartments/los-angeles/wallace-on-sunset/floor-plans-and-pricing,2026-05-17,2026-05-31,,,,,Highland,,
2026-05-31,ESS,Wallace on Sunset,,Los Angeles,ESS-wallace-on-sunset-2br-1091sqft-selma,2,2.0,1091,4009.0,2026-05-31,,True,hard,"Save Up to $4,100 Off Rent!*",dollar_off,4100.0,8.52,,3667.33,https://www.essexapartmenthomes.com/apartments/los-angeles/wallace-on-sunset/floor-plans-and-pricing,2026-04-04,2026-05-31,,,,,Selma,,
2026-05-31,ESS,Wilshire La Brea,,Los Angeles,ESS-wilshire-la-brea-0br-404sqft-redwood,0,1.0,404,1907.0,2026-05-31,,False,,,,,,,,https://www.essexapartmenthomes.com/apartments/los-angeles/wilshire-la-brea/floor-plans-and-pricing,2026-05-17,2026-05-31,,,,,Redwood,,
2026-05-31,ESS,Wilshire La Brea,,Los Angeles,ESS-wilshire-la-brea-0br-539sqft-key,0,1.0,539,2319.0,2026-06-08,,False,,,,,,,,https://www.essexapartmenthomes.com/apartments/los-angeles/wilshire-la-brea/floor-plans-and-pricing,2026-04-26,2026-05-31,,,,,Key,,
2026-05-31,ESS,Wilshire La Brea,,Los Angeles,ESS-wilshire-la-brea-1br-580sqft-vicente,1,1.0,580,2417.0,2026-05-31,,False,,,,,,,,https://www.essexapartmenthomes.com/apartments/los-angeles/wilshire-la-brea/floor-plans-and-pricing,2026-04-04,2026-05-31,,,,,Vicente,,
2026-05-31,ESS,Wilshire La Brea,,Los Angeles,ESS-wilshire-la-brea-1br-586sqft-angelino,1,1.0,586,2499.0,2026-05-31,,False,,,,,,,,https://www.essexapartmenthomes.com/apartments/los-angeles/wilshire-la-brea/floor-plans-and-pricing,2026-04-04,2026-05-31,,,,,Angelino,,
2026-05-31,ESS,Wilshire La Brea,,Los Angeles,ESS-wilshire-la-brea-1br-837sqft-dragonfly-loft,1,1.0,837,3117.0,2026-05-31,,False,,,,,,,,https://www.essexapartmenthomes.com/apartments/los-angeles/wilshire-la-brea/floor-plans-and-pricing,2026-04-26,2026-05-31,,,,,Dragonfly Loft,,
2026-05-31,ESS,Wilshire La Brea,,Los Angeles,ESS-wilshire-la-brea-2br-957sqft-frolic,2,2.0,957,3417.0,2026-06-15,,False,,,,,,,,https://www.essexapartmenthomes.com/apartments/los-angeles/wilshire-la-brea/floor-plans-and-pricing,2026-05-17,2026-05-31,,,,,Frolic,,
2026-05-31,ESS,Wilshire La Brea,,Los Angeles,ESS-wilshire-la-brea-2br-1079sqft-broadway,2,2.0,1079,3657.0,2026-06-08,,False,,,,,,,,https://www.essexapartmenthomes.com/apartments/los-angeles/wilshire-la-brea/floor-plans-and-pricing,2026-05-03,2026-05-31,,,,,Broadway,,
2026-05-31,ESS,Windsor Court,,Los Angeles,ESS-windsor-court-1br-484sqft-plan-1a,1,1.0,484,1667.0,2026-05-31,,True,hard,"Save Up to $2,300 Off Rent!*",dollar_off,2300.0,11.5,,1475.33,https://www.essexapartmenthomes.com/apartments/los-angeles/windsor-court/floor-plans-and-pricing,2026-04-04,2026-05-31,,,,,Plan 1A,,
2026-05-31,ESS,Windsor Court,,Los Angeles,ESS-windsor-court-2br-739sqft-plan-2a,2,1.0,739,1989.0,2026-05-31,,True,hard,"Save Up to $2,300 Off Rent!*",dollar_off,2300.0,9.64,,1797.33,https://www.essexapartmenthomes.com/apartments/los-angeles/windsor-court/floor-plans-and-pricing,2026-04-04,2026-05-31,,,,,Plan 2A,,
2026-05-31,ESS,Martha Lake,,Seattle,ESS-martha-lake-2br-1000sqft-plan-2b,2,2.0,1000,1907.0,2026-06-28,,True,hard,"Save Up to $2,700 Off Rent!*",dollar_off,2700.0,11.8,,1682.0,https://www.essexapartmenthomes.com/apartments/lynnwood/martha-lake/floor-plans-and-pricing,2026-04-04,2026-05-31,,,,,Plan 2B,,
2026-05-31,ESS,Martha Lake,,Seattle,ESS-martha-lake-2br-900sqft-plan-2a,2,1.0,900,1977.0,2026-06-22,,True,hard,"Save Up to $2,700 Off Rent!*",dollar_off,2700.0,11.38,,1752.0,https://www.essexapartmenthomes.com/apartments/lynnwood/martha-lake/floor-plans-and-pricing,2026-04-04,2026-05-31,,,,,Plan 2A,,
2026-05-31,ESS,Martha Lake,,Seattle,ESS-martha-lake-3br-1109sqft-plan-3a,3,2.0,1109,2227.0,2026-05-31,,True,hard,"Save Up to $2,700 Off Rent!*",dollar_off,2700.0,10.1,,2002.0,https://www.essexapartmenthomes.com/apartments/lynnwood/martha-lake/floor-plans-and-pricing,2026-04-04,2026-05-31,,,,,Plan 3A,,
2026-05-31,ESS,AQUA Marina del Rey,,Los Angeles,ESS-aqua-marina-del-rey-1br-767sqft-royal,1,1.0,767,2827.0,2026-05-31,,True,hard,"Save Up to $4,100 Off Rent!*",dollar_off,4100.0,12.09,,2485.33,https://www.essexapartmenthomes.com/apartments/marina-del-rey/aqua-marina-del-rey/floor-plans-and-pricing,2026-04-26,2026-05-31,,,,,Royal,,
2026-05-31,ESS,AQUA Marina del Rey,,Los Angeles,ESS-aqua-marina-del-rey-1br-757sqft-sky,1,1.0,757,2889.0,2026-05-31,,True,hard,"Save Up to $4,100 Off Rent!*",dollar_off,4100.0,11.83,,2547.33,https://www.essexapartmenthomes.com/apartments/marina-del-rey/aqua-marina-del-rey/floor-plans-and-pricing,2026-04-26,2026-05-31,,,,,Sky,,
2026-05-31,ESS,AQUA Marina del Rey,,Los Angeles,ESS-aqua-marina-del-rey-1br-730sqft-cobalt,1,1.0,730,2947.0,2026-05-31,,True,hard,"Save Up to $4,100 Off Rent!*",dollar_off,4100.0,11.59,,2605.33,https://www.essexapartmenthomes.com/apartments/marina-del-rey/aqua-marina-del-rey/floor-plans-and-pricing,2026-05-03,2026-05-31,,,,,Cobalt,,
2026-05-31,ESS,AQUA Marina del Rey,,Los Angeles,ESS-aqua-marina-del-rey-1br-772sqft-sapphire,1,1.0,772,2997.0,2026-06-05,,True,hard,"Save Up to $4,100 Off Rent!*",dollar_off,4100.0,11.4,,2655.33,https://www.essexapartmenthomes.com/apartments/marina-del-rey/aqua-marina-del-rey/floor-plans-and-pricing,2026-05-24,2026-05-31,,,,,Sapphire,,
2026-05-31,ESS,AQUA Marina del Rey,,Los Angeles,ESS-aqua-marina-del-rey-1br-794sqft-twilight,1,1.0,794,3057.0,2026-06-13,,True,hard,"Save Up to $4,100 Off Rent!*",dollar_off,4100.0,11.18,,2715.33,https://www.essexapartmenthomes.com/apartments/marina-del-rey/aqua-marina-del-rey/floor-plans-and-pricing,2026-04-26,2026-05-31,,,,,Twilight,,
2026-05-31,ESS,AQUA Marina del Rey,,Los Angeles,ESS-aqua-marina-del-rey-1br-769sqft-azure,1,1.0,769,3059.0,2026-05-31,,True,hard,"Save Up to $4,100 Off Rent!*",dollar_off,4100.0,11.17,,2717.33,https://www.essexapartmenthomes.com/apartments/marina-del-rey/aqua-marina-del-rey/floor-plans-and-pricing,2026-04-26,2026-05-31,,,,,Azure,,
2026-05-31,ESS,AQUA Marina del Rey,,Los Angeles,ESS-aqua-marina-del-rey-2br-945sqft-navy,2,2.0,945,3477.0,2026-06-15,,True,hard,"Save Up to $4,100 Off Rent!*",dollar_off,4100.0,9.83,,3135.33,https://www.essexapartmenthomes.com/apartments/marina-del-rey/aqua-marina-del-rey/floor-plans-and-pricing,2026-04-26,2026-05-31,,,,,Navy,,
2026-05-31,ESS,AQUA Marina del Rey,,Los Angeles,ESS-aqua-marina-del-rey-2br-1105sqft-periwinkle,2,2.0,1105,3547.0,2026-06-04,,True,hard,"Save Up to $4,100 Off Rent!*",dollar_off,4100.0,9.63,,3205.33,https://www.essexapartmenthomes.com/apartments/marina-del-rey/aqua-marina-del-rey/floor-plans-and-pricing,2026-05-31,2026-05-31,,,,,Periwinkle,,
2026-05-31,ESS,AQUA Marina del Rey,,Los Angeles,ESS-aqua-marina-del-rey-2br-1006sqft-tide,2,2.0,1006,3577.0,2026-05-31,,True,hard,"Save Up to $4,100 Off Rent!*",dollar_off,4100.0,9.55,,3235.33,https://www.essexapartmenthomes.com/apartments/marina-del-rey/aqua-marina-del-rey/floor-plans-and-pricing,2026-04-26,2026-05-31,,,,,Tide,,
2026-05-31,ESS,AQUA Marina del Rey,,Los Angeles,ESS-aqua-marina-del-rey-2br-1072sqft-aquamarine,2,2.0,1072,3577.0,2026-05-31,,True,hard,"Save Up to $4,100 Off Rent!*",dollar_off,4100.0,9.55,,3235.33,https://www.essexapartmenthomes.com/apartments/marina-del-rey/aqua-marina-del-rey/floor-plans-and-pricing,2026-04-26,2026-05-31,,,,,Aquamarine,,
2026-05-31,ESS,AQUA Marina del Rey,,Los Angeles,ESS-aqua-marina-del-rey-2br-1237sqft-neon,2,2.0,1237,3587.0,2026-07-15,,True,hard,"Save Up to $4,100 Off Rent!*",dollar_off,4100.0,9.53,,3245.33,https://www.essexapartmenthomes.com/apartments/marina-del-rey/aqua-marina-del-rey/floor-plans-and-pricing,2026-05-17,2026-05-31,,,,,Neon,,
2026-05-31,ESS,AQUA Marina del Rey,,Los Angeles,ESS-aqua-marina-del-rey-2br-1177sqft-ice,2,2.0,1177,3667.0,2026-05-31,,True,hard,"Save Up to $4,100 Off Rent!*",dollar_off,4100.0,9.32,,3325.33,https://www.essexapartmenthomes.com/apartments/marina-del-rey/aqua-marina-del-rey/floor-plans-and-pricing,2026-04-26,2026-05-31,,,,,Ice,,
2026-05-31,ESS,AQUA Marina del Rey,,Los Angeles,ESS-aqua-marina-del-rey-2br-1258sqft-nile,2,2.0,1258,3939.0,2026-05-31,,True,hard,"Save Up to $4,100 Off Rent!*",dollar_off,4100.0,8.67,,3597.33,https://www.essexapartmenthomes.com/apartments/marina-del-rey/aqua-marina-del-rey/floor-plans-and-pricing,2026-04-26,2026-05-31,,,,,Nile,,
2026-05-31,ESS,AQUA Marina del Rey,,Los Angeles,ESS-aqua-marina-del-rey-3br-1627sqft-iris,3,3.0,1627,5519.0,2026-06-09,,True,hard,"Save Up to $4,100 Off Rent!*",dollar_off,4100.0,6.19,,5177.33,https://www.essexapartmenthomes.com/apartments/marina-del-rey/aqua-marina-del-rey/floor-plans-and-pricing,2026-05-17,2026-05-31,,,,,Iris,,
2026-05-31,ESS,Mirabella,,Los Angeles,ESS-mirabella-1br-750sqft-ventana,1,1.0,750,2769.0,2026-05-31,,True,hard,"Save Up to $2,000 Off Rent!*",dollar_off,2000.0,6.02,,2602.33,https://www.essexapartmenthomes.com/apartments/marina-del-rey/mirabella/floor-plans-and-pricing,2026-04-04,2026-05-31,,,,,Ventana,,
2026-05-31,ESS,Mirabella,,Los Angeles,ESS-mirabella-1br-840sqft-messina,1,1.0,840,2869.0,2026-05-31,,True,hard,"Save Up to $2,000 Off Rent!*",dollar_off,2000.0,5.81,,2702.33,https://www.essexapartmenthomes.com/apartments/marina-del-rey/mirabella/floor-plans-and-pricing,2026-05-03,2026-05-31,,,,,Messina,,
2026-05-31,ESS,Mirabella,,Los Angeles,ESS-mirabella-2br-860sqft-st-tropez,2,1.0,860,3589.0,2026-06-08,,True,hard,"Save Up to $2,000 Off Rent!*",dollar_off,2000.0,4.64,,3422.33,https://www.essexapartmenthomes.com/apartments/marina-del-rey/mirabella/floor-plans-and-pricing,2026-05-03,2026-05-31,,,,,St. Tropez,,
2026-05-31,ESS,Mirabella,,Los Angeles,ESS-mirabella-2br-1060sqft-ravenna,2,2.0,1060,3897.0,2026-06-06,,True,hard,"Save Up to $2,000 Off Rent!*",dollar_off,2000.0,4.28,,3730.33,https://www.essexapartmenthomes.com/apartments/marina-del-rey/mirabella/floor-plans-and-pricing,2026-04-04,2026-05-31,,,,,Ravenna,,
2026-05-31,ESS,The Promenade at Marina City Club,,Los Angeles,ESS-the-promenade-at-marina-city-club-2br-1171sqft-plan-2a,2,2.0,1171,4847.0,2026-05-31,,False,,,,,,,,https://www.essexapartmenthomes.com/apartments/marina-del-rey/the-promenade-at-marina-city-club/floor-plans-and-pricing,2026-04-04,2026-05-31,,,,,Plan 2A,,
2026-05-31,ESS,ROEN Menlo Park,,Menlo Park,ESS-roen-menlo-park-2br-980sqft-plan-2a,2,2.0,980,4499.0,2026-05-31,,False,,,,,,,,https://www.essexapartmenthomes.com/apartments/menlo-park/roen-menlo-park/floor-plans-and-pricing,2026-04-04,2026-05-31,,,,,Plan 2A,,
2026-05-31,ESS,ROEN Menlo Park,,Menlo Park,ESS-roen-menlo-park-2br-1022sqft-plan-2b,2,2.0,1022,4549.0,2026-07-04,,False,,,,,,,,https://www.essexapartmenthomes.com/apartments/menlo-park/roen-menlo-park/floor-plans-and-pricing,2026-04-04,2026-05-31,,,,,Plan 2B,,
2026-05-31,ESS,777 Hamilton,,Menlo Park,ESS-777-hamilton-1br-722sqft-java,1,1.0,722,3967.0,2026-07-03,,False,,,,,,,,https://www.essexapartmenthomes.com/apartments/menlo-park/777-hamilton/floor-plans-and-pricing,2026-05-09,2026-05-31,,,,,Java,,
2026-05-31,ESS,777 Hamilton,,Menlo Park,ESS-777-hamilton-2br-997sqft-cache,2,2.0,997,4777.0,2026-06-07,,False,,,,,,,,https://www.essexapartmenthomes.com/apartments/menlo-park/777-hamilton/floor-plans-and-pricing,2026-05-31,2026-05-31,,,,,Cache,,
2026-05-31,ESS,777 Hamilton,,Menlo Park,ESS-777-hamilton-2br-1039sqft-element,2,2.0,1039,4827.0,2026-05-31,,False,,,,,,,,https://www.essexapartmenthomes.com/apartments/menlo-park/777-hamilton/floor-plans-and-pricing,2026-04-05,2026-05-31,,,,,Element,,
2026-05-31,ESS,Aviara,,Mercer Island,ESS-aviara-0br-500sqft-shoreline,0,1.0,500,2027.0,2026-07-25,,False,,,,,,,,https://www.essexapartmenthomes.com/apartments/mercer-island/aviara/floor-plans-and-pricing,2026-04-04,2026-05-31,,,,,Shoreline,,
2026-05-31,ESS,Aviara,,Mercer Island,ESS-aviara-0br-682sqft-breakwater,0,1.0,682,2277.0,2026-06-14,,False,,,,,,,,https://www.essexapartmenthomes.com/apartments/mercer-island/aviara/floor-plans-and-pricing,2026-05-31,2026-05-31,,,,,Breakwater,,
2026-05-31,ESS,Aviara,,Mercer Island,ESS-aviara-1br-655sqft-northshore,1,1.0,655,2319.0,2026-07-07,,False,,,,,,,,https://www.essexapartmenthomes.com/apartments/mercer-island/aviara/floor-plans-and-pricing,2026-05-24,2026-05-31,,,,,Northshore,,
2026-05-31,ESS,Aviara,,Mercer Island,ESS-aviara-1br-738sqft-continental,1,1.0,738,2627.0,2026-06-05,,False,,,,,,,,https://www.essexapartmenthomes.com/apartments/mercer-island/aviara/floor-plans-and-pricing,2026-04-13,2026-05-31,,,,,Continental,,
2026-05-31,ESS,Aviara,,Mercer Island,ESS-aviara-1br-763sqft-fairway,1,1.0,763,2637.0,2026-07-18,,False,,,,,,,,https://www.essexapartmenthomes.com/apartments/mercer-island/aviara/floor-plans-and-pricing,2026-05-31,2026-05-31,,,,,Fairway,,
2026-05-31,ESS,Monterra in Mill Creek,,Mill Creek,ESS-monterra-in-mill-creek-1br-860sqft-plan-1b-den,1,1.0,860,1937.0,2026-06-18,,True,hard,"Save Up to $2,000 Off Rent!*",dollar_off,2000.0,8.6,,1770.33,https://www.essexapartmenthomes.com/apartments/mill-creek/monterra-in-mill-creek/floor-plans-and-pricing,2026-04-04,2026-05-31,,,,,Plan 1B Den,,
2026-05-31,ESS,Monterra in Mill Creek,,Mill Creek,ESS-monterra-in-mill-creek-2br-1026sqft-plan-2b,2,2.0,1026,2197.0,2026-07-07,,True,hard,"Save Up to $2,000 Off Rent!*",dollar_off,2000.0,7.59,,2030.33,https://www.essexapartmenthomes.com/apartments/mill-creek/monterra-in-mill-creek/floor-plans-and-pricing,2026-04-04,2026-05-31,,,,,Plan 2B,,
2026-05-31,ESS,Laurels at Mill Creek,,Mill Creek,ESS-laurels-at-mill-creek-1br-656sqft-huckleberry,1,1.0,656,1767.0,2026-05-31,,True,hard,"Save Up to $1,400 Off Rent!*",dollar_off,1400.0,6.6,,1650.33,https://www.essexapartmenthomes.com/apartments/mill-creek/laurels-at-mill-creek/floor-plans-and-pricing,2026-04-04,2026-05-31,,,,,Huckleberry,,
2026-05-31,ESS,Laurels at Mill Creek,,Mill Creek,ESS-laurels-at-mill-creek-2br-891sqft-heather,2,2.0,891,2137.0,2026-05-31,,True,hard,"Save Up to $1,400 Off Rent!*",dollar_off,1400.0,5.46,,2020.33,https://www.essexapartmenthomes.com/apartments/mill-creek/laurels-at-mill-creek/floor-plans-and-pricing,2026-04-04,2026-05-31,,,,,Heather,,
2026-05-31,ESS,Laurels at Mill Creek,,Mill Creek,ESS-laurels-at-mill-creek-2br-953sqft-juniper,2,2.0,953,2187.0,2026-06-05,,True,hard,"Save Up to $1,400 Off Rent!*",dollar_off,1400.0,5.33,,2070.33,https://www.essexapartmenthomes.com/apartments/mill-creek/laurels-at-mill-creek/floor-plans-and-pricing,2026-04-04,2026-05-31,,,,,Juniper,,
2026-05-31,ESS,Parkwood at Mill Creek,,Mill Creek,ESS-parkwood-at-mill-creek-2br-1062sqft-plan-2a,2,2.0,1062,2307.0,2026-05-31,,False,,,,,,,,https://www.essexapartmenthomes.com/apartments/mill-creek/parkwood-at-mill-creek/floor-plans-and-pricing,2026-04-04,2026-05-31,,,,,Plan 2A,,
2026-05-31,ESS,Apex,,San Jose,ESS-apex-0br-581sqft-plan-sb,0,1.0,581,2677.0,2026-05-31,,False,,,,,,,,https://www.essexapartmenthomes.com/apartments/milpitas/apex/floor-plans-and-pricing,2026-04-04,2026-05-31,,,,,Plan SB,,
2026-05-31,ESS,Apex,,San Jose,ESS-apex-1br-717sqft-plan-1a,1,1.0,717,3049.0,2026-05-31,,False,,,,,,,,https://www.essexapartmenthomes.com/apartments/milpitas/apex/floor-plans-and-pricing,2026-04-04,2026-05-31,,,,,Plan 1A,,
2026-05-31,ESS,Apex,,San Jose,ESS-apex-1br-762sqft-plan-1c,1,1.0,762,3129.0,2026-06-03,,False,,,,,,,,https://www.essexapartmenthomes.com/apartments/milpitas/apex/floor-plans-and-pricing,2026-04-04,2026-05-31,,,,,Plan 1C,,
2026-05-31,ESS,Apex,,San Jose,ESS-apex-2br-1030sqft-plan-2a,2,2.0,1030,3947.0,2026-06-12,,False,,,,,,,,https://www.essexapartmenthomes.com/apartments/milpitas/apex/floor-plans-and-pricing,2026-04-04,2026-05-31,,,,,Plan 2A,,
2026-05-31,ESS,Apex,,San Jose,ESS-apex-3br-1423sqft-plan-3b,3,2.0,1423,4547.0,2026-07-04,,False,,,,,,,,https://www.essexapartmenthomes.com/apartments/milpitas/apex/floor-plans-and-pricing,2026-04-04,2026-05-31,,,,,Plan 3B,,
2026-05-31,ESS,ARLO Mountain View,,San Jose,ESS-arlo-mountain-view-0br-590sqft-plan-sa,0,1.0,590,3657.0,2026-07-13,,False,,,,,,,,https://www.essexapartmenthomes.com/apartments/mountain-view/arlo-mountain-view/floor-plans-and-pricing,2026-05-31,2026-05-31,,,,,Plan SA,,
2026-05-31,ESS,ARLO Mountain View,,San Jose,ESS-arlo-mountain-view-1br-722sqft-plan-1g,1,1.0,722,4067.0,2026-07-27,,False,,,,,,,,https://www.essexapartmenthomes.com/apartments/mountain-view/arlo-mountain-view/floor-plans-and-pricing,2026-05-31,2026-05-31,,,,,Plan 1G,,
2026-05-31,ESS,ARLO Mountain View,,San Jose,ESS-arlo-mountain-view-1br-717sqft-plan-1c,1,1.0,717,4187.0,2026-07-07,,False,,,,,,,,https://www.essexapartmenthomes.com/apartments/mountain-view/arlo-mountain-view/floor-plans-and-pricing,2026-05-09,2026-05-31,,,,,Plan 1C,,
2026-05-31,ESS,ARLO Mountain View,,San Jose,ESS-arlo-mountain-view-1br-773sqft-plan-1i,1,1.0,773,4297.0,2026-07-04,,False,,,,,,,,https://www.essexapartmenthomes.com/apartments/mountain-view/arlo-mountain-view/floor-plans-and-pricing,2026-05-24,2026-05-31,,,,,Plan 1I,,
2026-05-31,ESS,ARLO Mountain View,,San Jose,ESS-arlo-mountain-view-1br-875sqft-plan-1k,1,1.0,875,4449.0,2026-06-28,,False,,,,,,,,https://www.essexapartmenthomes.com/apartments/mountain-view/arlo-mountain-view/floor-plans-and-pricing,2026-05-24,2026-05-31,,,,,Plan 1K,,
2026-05-31,ESS,Regency at Mountain View,,San Jose,ESS-regency-at-mountain-view-1br-700sqft-plan-1a,1,1.0,700,3567.0,2026-07-06,,False,,,,,,,,https://www.essexapartmenthomes.com/apartments/mountain-view/regency-at-mountain-view/floor-plans-and-pricing,2026-04-04,2026-05-31,,,,,Plan 1A,,
2026-05-31,ESS,The Elliot at Mukilteo,,Mukilteo,ESS-the-elliot-at-mukilteo-1br-676sqft-the-schooner,1,1.0,676,1577.0,2026-05-31,,True,hard,"Save Up to $1,700 Off Rent!*",dollar_off,1700.0,8.98,,1435.33,https://www.essexapartmenthomes.com/apartments/mukilteo/the-elliot-at-mukilteo/floor-plans-and-pricing,2026-04-04,2026-05-31,,,,,The Schooner,,
2026-05-31,ESS,The Elliot at Mukilteo,,Mukilteo,ESS-the-elliot-at-mukilteo-2br-780sqft-the-spinnaker,2,1.0,780,1777.0,2026-05-31,,True,hard,"Save Up to $1,700 Off Rent!*",dollar_off,1700.0,7.97,,1635.33,https://www.essexapartmenthomes.com/apartments/mukilteo/the-elliot-at-mukilteo/floor-plans-and-pricing,2026-04-04,2026-05-31,,,,,The Spinnaker,,
2026-05-31,ESS,The Elliot at Mukilteo,,Mukilteo,ESS-the-elliot-at-mukilteo-2br-890sqft-the-seaside,2,2.0,890,1909.0,2026-05-31,,True,hard,"Save Up to $1,700 Off Rent!*",dollar_off,1700.0,7.42,,1767.33,https://www.essexapartmenthomes.com/apartments/mukilteo/the-elliot-at-mukilteo/floor-plans-and-pricing,2026-04-04,2026-05-31,,,,,The Seaside,,
2026-05-31,ESS,The Elliot at Mukilteo,,Mukilteo,ESS-the-elliot-at-mukilteo-2br-1080sqft-the-regatta,2,2.0,1080,2129.0,2026-05-31,,True,hard,"Save Up to $1,700 Off Rent!*",dollar_off,1700.0,6.65,,1987.33,https://www.essexapartmenthomes.com/apartments/mukilteo/the-elliot-at-mukilteo/floor-plans-and-pricing,2026-04-04,2026-05-31,,,,,The Regatta,,
2026-05-31,ESS,Bridgeport,,Bay Area,ESS-bridgeport-1br-620sqft-plan-1a,1,1.0,620,2487.0,2026-07-02,,False,,,,,,,,https://www.essexapartmenthomes.com/apartments/newark/bridgeport/floor-plans-and-pricing,2026-04-04,2026-05-31,,,,,Plan 1A,,
2026-05-31,ESS,Bridgeport,,Bay Area,ESS-bridgeport-2br-875sqft-plan-2a,2,1.5,875,2909.0,2026-06-27,,False,,,,,,,,https://www.essexapartmenthomes.com/apartments/newark/bridgeport/floor-plans-and-pricing,2026-04-04,2026-05-31,,,,,Plan 2A,,
2026-05-31,ESS,Bridgeport,,Bay Area,ESS-bridgeport-2br-800sqft-plan-2d,2,2.0,800,2909.0,2026-05-31,,False,,,,,,,,https://www.essexapartmenthomes.com/apartments/newark/bridgeport/floor-plans-and-pricing,2026-04-04,2026-05-31,,,,,Plan 2D,,
2026-05-31,ESS,Hillcrest Park,,Newbury Park,ESS-hillcrest-park-1br-656sqft-the-carmel,1,1.0,656,2117.0,2026-05-31,,True,hard,"Save Up to $1,900 Off Rent!*",dollar_off,1900.0,7.48,,1958.67,https://www.essexapartmenthomes.com/apartments/newbury-park/hillcrest-park/floor-plans-and-pricing,2026-04-04,2026-05-31,,,,,The Carmel,,
2026-05-31,ESS,Hillcrest Park,,Newbury Park,ESS-hillcrest-park-1br-712sqft-the-miramar,1,1.0,712,2239.0,2026-05-31,,True,hard,"Save Up to $1,900 Off Rent!*",dollar_off,1900.0,7.07,,2080.67,https://www.essexapartmenthomes.com/apartments/newbury-park/hillcrest-park/floor-plans-and-pricing,2026-04-04,2026-05-31,,,,,The Miramar,,
2026-05-31,ESS,Hillcrest Park,,Newbury Park,ESS-hillcrest-park-1br-834sqft-the-miramar-den,1,1.0,834,2439.0,2026-05-31,,True,hard,"Save Up to $1,900 Off Rent!*",dollar_off,1900.0,6.49,,2280.67,https://www.essexapartmenthomes.com/apartments/newbury-park/hillcrest-park/floor-plans-and-pricing,2026-04-19,2026-05-31,,,,,The Miramar + Den,,
2026-05-31,ESS,Hillcrest Park,,Newbury Park,ESS-hillcrest-park-2br-992sqft-the-monterey,2,1.0,992,2527.0,2026-05-31,,True,hard,"Save Up to $1,900 Off Rent!*",dollar_off,1900.0,6.27,,2368.67,https://www.essexapartmenthomes.com/apartments/newbury-park/hillcrest-park/floor-plans-and-pricing,2026-04-04,2026-05-31,,,,,The Monterey,,
2026-05-31,ESS,Hillcrest Park,,Newbury Park,ESS-hillcrest-park-2br-1099sqft-the-monterey-den,2,1.0,1099,2869.0,2026-06-03,,True,hard,"Save Up to $1,900 Off Rent!*",dollar_off,1900.0,5.52,,2710.67,https://www.essexapartmenthomes.com/apartments/newbury-park/hillcrest-park/floor-plans-and-pricing,2026-04-13,2026-05-31,,,,,The Monterey + Den,,
2026-05-31,ESS,Castle Creek,,Seattle,ESS-castle-creek-1br-710sqft-plan-1a,1,1.0,710,2059.0,2026-06-03,,False,,,,,,,,https://www.essexapartmenthomes.com/apartments/newcastle/castle-creek/floor-plans-and-pricing,2026-04-26,2026-05-31,,,,,Plan 1A,,
2026-05-31,ESS,Castle Creek,,Seattle,ESS-castle-creek-1br-722sqft-plan-1b,1,1.0,722,2167.0,2026-06-01,,False,,,,,,,,https://www.essexapartmenthomes.com/apartments/newcastle/castle-creek/floor-plans-and-pricing,2026-04-13,2026-05-31,,,,,Plan 1B,,
2026-05-31,ESS,Castle Creek,,Seattle,ESS-castle-creek-2br-955sqft-plan-2c,2,1.0,955,2339.0,2026-06-06,,False,,,,,,,,https://www.essexapartmenthomes.com/apartments/newcastle/castle-creek/floor-plans-and-pricing,2026-05-24,2026-05-31,,,,,Plan 2C,,
2026-05-31,ESS,Castle Creek,,Seattle,ESS-castle-creek-2br-998sqft-plan-2e,2,2.0,998,2549.0,2026-06-13,,False,,,,,,,,https://www.essexapartmenthomes.com/apartments/newcastle/castle-creek/floor-plans-and-pricing,2026-05-24,2026-05-31,,,,,Plan 2E,,
2026-05-31,ESS,Castle Creek,,Seattle,ESS-castle-creek-3br-1172sqft-plan-3a,3,2.0,1172,2987.0,2026-06-30,,False,,,,,,,,https://www.essexapartmenthomes.com/apartments/newcastle/castle-creek/floor-plans-and-pricing,2026-04-04,2026-05-31,,,,,Plan 3A,,
2026-05-31,ESS,Fairway at Big Canyon,,Newport Beach,ESS-fairway-at-big-canyon-2br-1500sqft-plan-2b,2,2.0,1500,4979.0,2026-05-31,,False,,,,,,,,https://www.essexapartmenthomes.com/apartments/newport-beach/fairway-at-big-canyon/floor-plans-and-pricing,2026-04-04,2026-05-31,,,,,Plan 2B,,
2026-05-31,ESS,Muse,,Los Angeles,ESS-muse-1br-714sqft-cortina,1,1.0,714,2269.0,2026-06-19,,True,hard,"Save Up to $2,000 Off Rent!*",dollar_off,2000.0,7.35,,2102.33,https://www.essexapartmenthomes.com/apartments/north-hollywood/muse/floor-plans-and-pricing,2026-04-04,2026-05-31,,,,,Cortina,,
2026-05-31,ESS,Muse,,Los Angeles,ESS-muse-1br-757sqft-virtuoso,1,1.0,757,2349.0,2026-06-15,,True,hard,"Save Up to $2,000 Off Rent!*",dollar_off,2000.0,7.1,,2182.33,https://www.essexapartmenthomes.com/apartments/north-hollywood/muse/floor-plans-and-pricing,2026-04-04,2026-05-31,,,,,Virtuoso,,
2026-05-31,ESS,Muse,,Los Angeles,ESS-muse-1br-820sqft-allegro,1,1.0,820,2549.0,2026-05-31,,True,hard,"Save Up to $2,000 Off Rent!*",dollar_off,2000.0,6.54,,2382.33,https://www.essexapartmenthomes.com/apartments/north-hollywood/muse/floor-plans-and-pricing,2026-04-04,2026-05-31,,,,,Allegro,,
2026-05-31,ESS,Muse,,Los Angeles,ESS-muse-2br-1009sqft-soul,2,2.0,1009,3057.0,2026-06-09,,True,hard,"Save Up to $2,000 Off Rent!*",dollar_off,2000.0,5.45,,2890.33,https://www.essexapartmenthomes.com/apartments/north-hollywood/muse/floor-plans-and-pricing,2026-04-04,2026-05-31,,,,,Soul,,
2026-05-31,ESS,Muse,,Los Angeles,ESS-muse-3br-1201sqft-expression,3,2.0,1201,3579.0,2026-05-31,,True,hard,"Save Up to $2,000 Off Rent!*",dollar_off,2000.0,4.66,,3412.33,https://www.essexapartmenthomes.com/apartments/north-hollywood/muse/floor-plans-and-pricing,2026-04-04,2026-05-31,,,,,Expression,,
2026-05-31,ESS,Artizan,,Oakland,ESS-artizan-1br-763sqft-plan-1d,1,1.0,763,2557.0,2026-05-31,,False,,,,,,,,https://www.essexapartmenthomes.com/apartments/oakland/artizan/floor-plans-and-pricing,2026-04-19,2026-05-31,,,,,Plan 1D,,
2026-05-31,ESS,Artizan,,Oakland,ESS-artizan-1br-698sqft-plan-1b,1,1.0,698,2587.0,2026-07-02,,False,,,,,,,,https://www.essexapartmenthomes.com/apartments/oakland/artizan/floor-plans-and-pricing,2026-05-09,2026-05-31,,,,,Plan 1B,,
2026-05-31,ESS,Artizan,,Oakland,ESS-artizan-1br-661sqft-plan-1c,1,1.0,661,2679.0,2026-07-05,,False,,,,,,,,https://www.essexapartmenthomes.com/apartments/oakland/artizan/floor-plans-and-pricing,2026-05-31,2026-05-31,,,,,Plan 1C,,
2026-05-31,ESS,Artizan,,Oakland,ESS-artizan-1br-791sqft-plan-1j,1,1.0,791,2747.0,2026-06-16,,False,,,,,,,,https://www.essexapartmenthomes.com/apartments/oakland/artizan/floor-plans-and-pricing,2026-05-31,2026-05-31,,,,,Plan 1J,,
2026-05-31,ESS,Artizan,,Oakland,ESS-artizan-1br-827sqft-plan-1m,1,1.0,827,2819.0,2026-06-17,,False,,,,,,,,https://www.essexapartmenthomes.com/apartments/oakland/artizan/floor-plans-and-pricing,2026-04-04,2026-05-31,,,,,Plan 1M,,
2026-05-31,ESS,Artizan,,Oakland,ESS-artizan-2br-1099sqft-plan-2k,2,2.0,1099,3459.0,2026-07-04,,False,,,,,,,,https://www.essexapartmenthomes.com/apartments/oakland/artizan/floor-plans-and-pricing,2026-04-13,2026-05-31,,,,,Plan 2K,,
2026-05-31,ESS,Artizan,,Oakland,ESS-artizan-2br-1221sqft-plan-2p,2,2.0,1221,3529.0,2026-05-31,,False,,,,,,,,https://www.essexapartmenthomes.com/apartments/oakland/artizan/floor-plans-and-pricing,2026-05-09,2026-05-31,,,,,Plan 2P,,
2026-05-31,ESS,Artizan,,Oakland,ESS-artizan-2br-1216sqft-plan-2o,2,2.0,1216,3769.0,2026-06-08,,False,,,,,,,,https://www.essexapartmenthomes.com/apartments/oakland/artizan/floor-plans-and-pricing,2026-04-13,2026-05-31,,,,,Plan 2O,,
2026-05-31,ESS,The Landing at Jack London Square,,Oakland,ESS-the-landing-at-jack-london-square-0br-553sqft-bay-breeze,0,1.0,553,2169.0,2026-05-31,,False,,,,,,,,https://www.essexapartmenthomes.com/apartments/oakland/the-landing-at-jack-london-square/floor-plans-and-pricing,2026-04-04,2026-05-31,,,,,Bay Breeze,,
2026-05-31,ESS,The Landing at Jack London Square,,Oakland,ESS-the-landing-at-jack-london-square-1br-771sqft-coastal,1,1.0,771,2717.0,2026-06-22,,False,,,,,,,,https://www.essexapartmenthomes.com/apartments/oakland/the-landing-at-jack-london-square/floor-plans-and-pricing,2026-04-04,2026-05-31,,,,,Coastal,,
2026-05-31,ESS,The Landing at Jack London Square,,Oakland,ESS-the-landing-at-jack-london-square-2br-1075sqft-waterside,2,2.0,1075,3047.0,2026-05-31,,False,,,,,,,,https://www.essexapartmenthomes.com/apartments/oakland/the-landing-at-jack-london-square/floor-plans-and-pricing,2026-04-26,2026-05-31,,,,,Waterside,,
2026-05-31,ESS,The Landing at Jack London Square,,Oakland,ESS-the-landing-at-jack-london-square-2br-1052sqft-sunrise,2,2.0,1052,3067.0,2026-06-03,,False,,,,,,,,https://www.essexapartmenthomes.com/apartments/oakland/the-landing-at-jack-london-square/floor-plans-and-pricing,2026-04-04,2026-05-31,,,,,Sunrise,,
2026-05-31,ESS,Country Villas,,San Diego,ESS-country-villas-2br-978sqft-plan-2a,2,2.0,978,2557.0,2026-05-31,,False,,,,,,,,https://www.essexapartmenthomes.com/apartments/oceanside/country-villas/floor-plans-and-pricing,2026-04-04,2026-05-31,,,,,Plan 2A,,
2026-05-31,ESS,Country Villas,,San Diego,ESS-country-villas-2br-998sqft-plan-2b,2,2.0,998,2567.0,2026-07-12,,False,,,,,,,,https://www.essexapartmenthomes.com/apartments/oceanside/country-villas/floor-plans-and-pricing,2026-04-04,2026-05-31,,,,,Plan 2B,,
2026-05-31,ESS,Country Villas,,San Diego,ESS-country-villas-3br-1056sqft-plan-3a,3,2.0,1056,3109.0,2026-05-31,,False,,,,,,,,https://www.essexapartmenthomes.com/apartments/oceanside/country-villas/floor-plans-and-pricing,2026-04-04,2026-05-31,,,,,Plan 3A,,
2026-05-31,ESS,Mission Hills,,San Diego,ESS-mission-hills-2br-964sqft-plan-2a,2,1.0,964,2629.0,2026-05-31,,True,hard,"Save Up to $3,000 Off Rent!*",dollar_off,3000.0,9.51,,2379.0,https://www.essexapartmenthomes.com/apartments/oceanside/mission-hills/floor-plans-and-pricing,2026-04-04,2026-05-31,,,,,Plan 2A,,
2026-05-31,ESS,Mission Hills,,San Diego,ESS-mission-hills-2br-984sqft-plan-2b,2,1.0,984,2747.0,2026-05-31,,True,hard,"Save Up to $3,000 Off Rent!*",dollar_off,3000.0,9.1,,2497.0,https://www.essexapartmenthomes.com/apartments/oceanside/mission-hills/floor-plans-and-pricing,2026-04-04,2026-05-31,,,,,Plan 2B,,
2026-05-31,ESS,Mission Hills,,San Diego,ESS-mission-hills-2br-978sqft-plan-2d,2,2.0,978,2759.0,2026-06-07,,True,hard,"Save Up to $3,000 Off Rent!*",dollar_off,3000.0,9.06,,2509.0,https://www.essexapartmenthomes.com/apartments/oceanside/mission-hills/floor-plans-and-pricing,2026-04-04,2026-05-31,,,,,Plan 2D,,
2026-05-31,ESS,Mission Hills,,San Diego,ESS-mission-hills-2br-984sqft-plan-2c,2,2.0,984,2827.0,2026-05-31,,True,hard,"Save Up to $3,000 Off Rent!*",dollar_off,3000.0,8.84,,2577.0,https://www.essexapartmenthomes.com/apartments/oceanside/mission-hills/floor-plans-and-pricing,2026-04-04,2026-05-31,,,,,Plan 2C,,
2026-05-31,ESS,Mission Hills,,San Diego,ESS-mission-hills-2br-1012sqft-plan-2e,2,2.0,1012,2859.0,2026-05-31,,True,hard,"Save Up to $3,000 Off Rent!*",dollar_off,3000.0,8.74,,2609.0,https://www.essexapartmenthomes.com/apartments/oceanside/mission-hills/floor-plans-and-pricing,2026-04-04,2026-05-31,,,,,Plan 2E,,
2026-05-31,ESS,Renaissance at Uptown Orange,,Orange County,ESS-renaissance-at-uptown-orange-1br-601sqft-plan-1a,1,1.0,601,2397.0,2026-05-31,,True,hard,"Save Up to $2,300 Off Rent!*",dollar_off,2300.0,8.0,,2205.33,https://www.essexapartmenthomes.com/apartments/orange/renaissance-at-uptown-orange/floor-plans-and-pricing,2026-04-19,2026-05-31,,,,,Plan 1A,,
2026-05-31,ESS,Renaissance at Uptown Orange,,Orange County,ESS-renaissance-at-uptown-orange-1br-751sqft-plan-1g,1,1.0,751,2429.0,2026-05-31,,True,hard,"Save Up to $2,300 Off Rent!*",dollar_off,2300.0,7.89,,2237.33,https://www.essexapartmenthomes.com/apartments/orange/renaissance-at-uptown-orange/floor-plans-and-pricing,2026-04-04,2026-05-31,,,,,Plan 1G,,
2026-05-31,ESS,Renaissance at Uptown Orange,,Orange County,ESS-renaissance-at-uptown-orange-1br-750sqft-plan-1f,1,1.0,750,2499.0,2026-06-04,,True,hard,"Save Up to $2,300 Off Rent!*",dollar_off,2300.0,7.67,,2307.33,https://www.essexapartmenthomes.com/apartments/orange/renaissance-at-uptown-orange/floor-plans-and-pricing,2026-04-04,2026-05-31,,,,,Plan 1F,,
2026-05-31,ESS,Renaissance at Uptown Orange,,Orange County,ESS-renaissance-at-uptown-orange-1br-976sqft-plan-1l,1,1.0,976,2919.0,2026-07-07,,True,hard,"Save Up to $2,300 Off Rent!*",dollar_off,2300.0,6.57,,2727.33,https://www.essexapartmenthomes.com/apartments/orange/renaissance-at-uptown-orange/floor-plans-and-pricing,2026-04-04,2026-05-31,,,,,Plan 1L,,
2026-05-31,ESS,Renaissance at Uptown Orange,,Orange County,ESS-renaissance-at-uptown-orange-1br-910sqft-plan-1j-den,1,1.0,910,2927.0,2026-06-07,,True,hard,"Save Up to $2,300 Off Rent!*",dollar_off,2300.0,6.55,,2735.33,https://www.essexapartmenthomes.com/apartments/orange/renaissance-at-uptown-orange/floor-plans-and-pricing,2026-04-19,2026-05-31,,,,,Plan 1J + Den,,
2026-05-31,ESS,Renaissance at Uptown Orange,,Orange County,ESS-renaissance-at-uptown-orange-2br-1126sqft-plan-2c,2,2.0,1126,3177.0,2026-05-31,,True,hard,"Save Up to $2,300 Off Rent!*",dollar_off,2300.0,6.03,,2985.33,https://www.essexapartmenthomes.com/apartments/orange/renaissance-at-uptown-orange/floor-plans-and-pricing,2026-04-04,2026-05-31,,,,,Plan 2C,,
2026-05-31,ESS,Renaissance at Uptown Orange,,Orange County,ESS-renaissance-at-uptown-orange-2br-1113sqft-plan-2b,2,2.0,1113,3227.0,2026-05-31,,True,hard,"Save Up to $2,300 Off Rent!*",dollar_off,2300.0,5.94,,3035.33,https://www.essexapartmenthomes.com/apartments/orange/renaissance-at-uptown-orange/floor-plans-and-pricing,2026-04-13,2026-05-31,,,,,Plan 2B,,
2026-05-31,ESS,Renaissance at Uptown Orange,,Orange County,ESS-renaissance-at-uptown-orange-2br-1138sqft-plan-2d,2,2.0,1138,3237.0,2026-06-25,,True,hard,"Save Up to $2,300 Off Rent!*",dollar_off,2300.0,5.92,,3045.33,https://www.essexapartmenthomes.com/apartments/orange/renaissance-at-uptown-orange/floor-plans-and-pricing,2026-05-24,2026-05-31,,,,,Plan 2D,,
2026-05-31,ESS,Renaissance at Uptown Orange,,Orange County,ESS-renaissance-at-uptown-orange-2br-1111sqft-plan-2a,2,2.0,1111,3317.0,2026-05-31,,True,hard,"Save Up to $2,300 Off Rent!*",dollar_off,2300.0,5.78,,3125.33,https://www.essexapartmenthomes.com/apartments/orange/renaissance-at-uptown-orange/floor-plans-and-pricing,2026-04-04,2026-05-31,,,,,Plan 2A,,
2026-05-31,ESS,Arbors at Parc Rose,,Los Angeles,ESS-arbors-at-parc-rose-1br-988sqft-azalea-townhome,1,1.0,988,2717.0,2026-06-05,,True,hard,"Save Up to $3,100 Off Rent!*",dollar_off,3100.0,9.51,,2458.67,https://www.essexapartmenthomes.com/apartments/oxnard/arbors-at-parc-rose/floor-plans-and-pricing,2026-04-04,2026-05-31,,,,,Azalea Townhome,,
2026-05-31,ESS,Arbors at Parc Rose,,Los Angeles,ESS-arbors-at-parc-rose-2br-1204sqft-camellia-den-townhome,2,2.0,1204,2769.0,2026-05-31,,True,hard,"Save Up to $3,100 Off Rent!*",dollar_off,3100.0,9.33,,2510.67,https://www.essexapartmenthomes.com/apartments/oxnard/arbors-at-parc-rose/floor-plans-and-pricing,2026-05-31,2026-05-31,,,,,Camellia + Den Townhome,,
2026-05-31,ESS,Arbors at Parc Rose,,Los Angeles,ESS-arbors-at-parc-rose-2br-1190sqft-lavender,2,2.0,1190,2819.0,2026-06-11,,True,hard,"Save Up to $3,100 Off Rent!*",dollar_off,3100.0,9.16,,2560.67,https://www.essexapartmenthomes.com/apartments/oxnard/arbors-at-parc-rose/floor-plans-and-pricing,2026-05-03,2026-05-31,,,,,Lavender,,
2026-05-31,ESS,Arbors at Parc Rose,,Los Angeles,ESS-arbors-at-parc-rose-2br-1412sqft-begonia-den-townhome,2,2.0,1412,2949.0,2026-05-31,,True,hard,"Save Up to $3,100 Off Rent!*",dollar_off,3100.0,8.76,,2690.67,https://www.essexapartmenthomes.com/apartments/oxnard/arbors-at-parc-rose/floor-plans-and-pricing,2026-05-31,2026-05-31,,,,,Begonia + Den Townhome,,
2026-05-31,ESS,Arbors at Parc Rose,,Los Angeles,ESS-arbors-at-parc-rose-2br-1404sqft-gardenia-den-townhome,2,2.0,1404,2987.0,2026-06-02,,True,hard,"Save Up to $3,100 Off Rent!*",dollar_off,3100.0,8.65,,2728.67,https://www.essexapartmenthomes.com/apartments/oxnard/arbors-at-parc-rose/floor-plans-and-pricing,2026-05-31,2026-05-31,,,,,Gardenia + Den Townhome,,
2026-05-31,ESS,Arbors at Parc Rose,,Los Angeles,ESS-arbors-at-parc-rose-3br-1534sqft-marigold-townhome,3,3.0,1534,3977.0,2026-05-31,,True,hard,"Save Up to $3,100 Off Rent!*",dollar_off,3100.0,6.5,,3718.67,https://www.essexapartmenthomes.com/apartments/oxnard/arbors-at-parc-rose/floor-plans-and-pricing,2026-04-04,2026-05-31,,,,,Marigold Townhome,,
2026-05-31,ESS,Arbors at Parc Rose,,Los Angeles,ESS-arbors-at-parc-rose-3br-1530sqft-violet-townhome,3,3.0,1530,4169.0,2026-06-15,,True,hard,"Save Up to $3,100 Off Rent!*",dollar_off,3100.0,6.2,,3910.67,https://www.essexapartmenthomes.com/apartments/oxnard/arbors-at-parc-rose/floor-plans-and-pricing,2026-04-26,2026-05-31,,,,,Violet Townhome,,
2026-05-31,ESS,Mariners Place,,Los Angeles,ESS-mariners-place-1br-616sqft-plan-1c,1,1.0,616,2149.0,2026-05-31,,False,,,,,,,,https://www.essexapartmenthomes.com/apartments/oxnard/mariners-place/floor-plans-and-pricing,2026-04-04,2026-05-31,,,,,Plan 1C,,
2026-05-31,ESS,Mariners Place,,Los Angeles,ESS-mariners-place-1br-577sqft-plan-1b-brand-new,1,1.0,577,2319.0,2026-05-31,,False,,,,,,,,https://www.essexapartmenthomes.com/apartments/oxnard/mariners-place/floor-plans-and-pricing,2026-04-04,2026-05-31,,,,,Plan 1B - BRAND NEW!,,
2026-05-31,ESS,Mariners Place,,Los Angeles,ESS-mariners-place-2br-888sqft-plan-2b,2,2.0,888,2757.0,2026-06-28,,False,,,,,,,,https://www.essexapartmenthomes.com/apartments/oxnard/mariners-place/floor-plans-and-pricing,2026-05-17,2026-05-31,,,,,Plan 2B,,
2026-05-31,ESS,Monterey Villas,,Los Angeles,ESS-monterey-villas-2br-1020sqft-plan-2c-townhome,2,1.5,1020,2767.0,2026-05-31,,False,,,,,,,,https://www.essexapartmenthomes.com/apartments/oxnard/monterey-villas/floor-plans-and-pricing,2026-04-04,2026-05-31,,,,,Plan 2C Townhome,,
2026-05-31,ESS,Tierra Vista,,Los Angeles,ESS-tierra-vista-1br-755sqft-the-malibu,1,1.0,755,2367.0,2026-06-01,,False,,,,,,,,https://www.essexapartmenthomes.com/apartments/oxnard/tierra-vista/floor-plans-and-pricing,2026-04-04,2026-05-31,,,,,The Malibu,,
2026-05-31,ESS,Tierra Vista,,Los Angeles,ESS-tierra-vista-1br-771sqft-the-ventura,1,1.0,771,2489.0,2026-06-04,,False,,,,,,,,https://www.essexapartmenthomes.com/apartments/oxnard/tierra-vista/floor-plans-and-pricing,2026-04-04,2026-05-31,,,,,The Ventura,,
2026-05-31,ESS,Tierra Vista,,Los Angeles,ESS-tierra-vista-2br-1036sqft-the-huntington,2,2.0,1036,2837.0,2026-05-31,,False,,,,,,,,https://www.essexapartmenthomes.com/apartments/oxnard/tierra-vista/floor-plans-and-pricing,2026-04-04,2026-05-31,,,,,The Huntington,,
2026-05-31,ESS,Tierra Vista,,Los Angeles,ESS-tierra-vista-2br-1046sqft-the-mandalay,2,2.0,1046,2877.0,2026-05-31,,False,,,,,,,,https://www.essexapartmenthomes.com/apartments/oxnard/tierra-vista/floor-plans-and-pricing,2026-04-04,2026-05-31,,,,,The Mandalay,,
2026-05-31,ESS,Tierra Vista,,Los Angeles,ESS-tierra-vista-2br-1096sqft-the-manhattan,2,2.0,1096,2917.0,2026-05-31,,False,,,,,,,,https://www.essexapartmenthomes.com/apartments/oxnard/tierra-vista/floor-plans-and-pricing,2026-04-04,2026-05-31,,,,,The Manhattan,,
2026-05-31,ESS,The Hallie,,Pasadena,ESS-the-hallie-0br-580sqft-plan-sc,0,1.0,580,2377.0,2026-06-20,,True,hard,"Save Up to $1,400 Off Rent!*",dollar_off,1400.0,4.91,,2260.33,https://www.essexapartmenthomes.com/apartments/pasadena/the-hallie/floor-plans-and-pricing,2026-05-31,2026-05-31,,,,,Plan SC,,
2026-05-31,ESS,The Hallie,,Pasadena,ESS-the-hallie-1br-700sqft-plan-1d,1,1.0,700,2537.0,2026-07-07,,True,hard,"Save Up to $1,400 Off Rent!*",dollar_off,1400.0,4.6,,2420.33,https://www.essexapartmenthomes.com/apartments/pasadena/the-hallie/floor-plans-and-pricing,2026-05-31,2026-05-31,,,,,Plan 1D,,
2026-05-31,ESS,The Hallie,,Pasadena,ESS-the-hallie-1br-820sqft-plan-1f,1,1.0,820,2599.0,2026-05-31,,True,hard,"Save Up to $1,400 Off Rent!*",dollar_off,1400.0,4.49,,2482.33,https://www.essexapartmenthomes.com/apartments/pasadena/the-hallie/floor-plans-and-pricing,2026-05-31,2026-05-31,,,,,Plan 1F,,
2026-05-31,ESS,The Hallie,,Pasadena,ESS-the-hallie-1br-790sqft-plan-1e,1,1.0,790,2639.0,2026-05-31,,True,hard,"Save Up to $1,400 Off Rent!*",dollar_off,1400.0,4.42,,2522.33,https://www.essexapartmenthomes.com/apartments/pasadena/the-hallie/floor-plans-and-pricing,2026-05-31,2026-05-31,,,,,Plan 1E,,
2026-05-31,ESS,The Hallie,,Pasadena,ESS-the-hallie-2br-975sqft-plan-2a,2,1.0,975,3167.0,2026-06-07,,True,hard,"Save Up to $1,400 Off Rent!*",dollar_off,1400.0,3.68,,3050.33,https://www.essexapartmenthomes.com/apartments/pasadena/the-hallie/floor-plans-and-pricing,2026-04-04,2026-05-31,,,,,Plan 2A,,
2026-05-31,ESS,The Hallie,,Pasadena,ESS-the-hallie-2br-1050sqft-plan-2d,2,2.0,1050,3309.0,2026-06-20,,True,hard,"Save Up to $1,400 Off Rent!*",dollar_off,1400.0,3.53,,3192.33,https://www.essexapartmenthomes.com/apartments/pasadena/the-hallie/floor-plans-and-pricing,2026-05-09,2026-05-31,,,,,Plan 2D,,
2026-05-31,ESS,The Hallie,,Pasadena,ESS-the-hallie-3br-1200sqft-plan-3b,3,2.0,1200,3879.0,2026-06-07,,True,hard,"Save Up to $1,400 Off Rent!*",dollar_off,1400.0,3.01,,3762.33,https://www.essexapartmenthomes.com/apartments/pasadena/the-hallie/floor-plans-and-pricing,2026-05-09,2026-05-31,,,,,Plan 3B,,
2026-05-31,ESS,The Stuart at Sierra Madre Villa,,Pasadena,ESS-the-stuart-at-sierra-madre-villa-1br-585sqft-the-huntington,1,1.0,585,2487.0,2026-05-31,,True,hard,"Save Up to $1,700 Off Rent!*",dollar_off,1700.0,5.7,,2345.33,https://www.essexapartmenthomes.com/apartments/pasadena/the-stuart-at-sierra-madre-villa/floor-plans-and-pricing,2026-04-04,2026-05-31,,,,,The Huntington,,
2026-05-31,ESS,The Stuart at Sierra Madre Villa,,Pasadena,ESS-the-stuart-at-sierra-madre-villa-1br-737sqft-the-arroyo,1,1.0,737,2559.0,2026-05-31,,True,hard,"Save Up to $1,700 Off Rent!*",dollar_off,1700.0,5.54,,2417.33,https://www.essexapartmenthomes.com/apartments/pasadena/the-stuart-at-sierra-madre-villa/floor-plans-and-pricing,2026-04-04,2026-05-31,,,,,The Arroyo,,
2026-05-31,ESS,The Stuart at Sierra Madre Villa,,Pasadena,ESS-the-stuart-at-sierra-madre-villa-1br-713sqft-the-rose,1,1.0,713,2569.0,2026-05-31,,True,hard,"Save Up to $1,700 Off Rent!*",dollar_off,1700.0,5.51,,2427.33,https://www.essexapartmenthomes.com/apartments/pasadena/the-stuart-at-sierra-madre-villa/floor-plans-and-pricing,2026-04-04,2026-05-31,,,,,The Rose,,
2026-05-31,ESS,The Stuart at Sierra Madre Villa,,Pasadena,ESS-the-stuart-at-sierra-madre-villa-1br-771sqft-the-descanso,1,1.0,771,2707.0,2026-06-19,,True,hard,"Save Up to $1,700 Off Rent!*",dollar_off,1700.0,5.23,,2565.33,https://www.essexapartmenthomes.com/apartments/pasadena/the-stuart-at-sierra-madre-villa/floor-plans-and-pricing,2026-04-04,2026-05-31,,,,,The Descanso,,
2026-05-31,ESS,The Stuart at Sierra Madre Villa,,Pasadena,ESS-the-stuart-at-sierra-madre-villa-1br-792sqft-the-anita,1,1.0,792,2737.0,2026-05-31,,True,hard,"Save Up to $1,700 Off Rent!*",dollar_off,1700.0,5.18,,2595.33,https://www.essexapartmenthomes.com/apartments/pasadena/the-stuart-at-sierra-madre-villa/floor-plans-and-pricing,2026-04-04,2026-05-31,,,,,The Anita,,
2026-05-31,ESS,The Stuart at Sierra Madre Villa,,Pasadena,ESS-the-stuart-at-sierra-madre-villa-2br-1176sqft-the-san-marino,2,2.0,1176,3547.0,2026-06-05,,True,hard,"Save Up to $1,700 Off Rent!*",dollar_off,1700.0,3.99,,3405.33,https://www.essexapartmenthomes.com/apartments/pasadena/the-stuart-at-sierra-madre-villa/floor-plans-and-pricing,2026-04-13,2026-05-31,,,,,The San Marino,,
2026-05-31,ESS,Villa Angelina,,Placentia,ESS-villa-angelina-1br-760sqft-plan-1b,1,1.0,760,2087.0,2026-05-31,,True,hard,"Save Up to $2,600 Off Rent!*",dollar_off,2600.0,10.38,,1870.33,https://www.essexapartmenthomes.com/apartments/placentia/villa-angelina/floor-plans-and-pricing,2026-04-04,2026-05-31,,,,,Plan 1B,,
2026-05-31,ESS,Villa Angelina,,Placentia,ESS-villa-angelina-1br-756sqft-plan-1a,1,1.0,756,2189.0,2026-05-31,,True,hard,"Save Up to $2,600 Off Rent!*",dollar_off,2600.0,9.9,,1972.33,https://www.essexapartmenthomes.com/apartments/placentia/villa-angelina/floor-plans-and-pricing,2026-04-04,2026-05-31,,,,,Plan 1A,,
2026-05-31,ESS,Villa Angelina,,Placentia,ESS-villa-angelina-2br-1120sqft-plan-2a,2,2.0,1120,2887.0,2026-05-31,,True,hard,"Save Up to $2,600 Off Rent!*",dollar_off,2600.0,7.5,,2670.33,https://www.essexapartmenthomes.com/apartments/placentia/villa-angelina/floor-plans-and-pricing,2026-04-04,2026-05-31,,,,,Plan 2A,,
2026-05-31,ESS,Fountain Park at Playa Vista,,Playa Vista,ESS-fountain-park-at-playa-vista-1br-675sqft-trevi,1,1.0,675,2869.0,2026-06-17,,True,hard,"Save Up to $2,300 Off Rent!*",dollar_off,2300.0,6.68,,2677.33,https://www.essexapartmenthomes.com/apartments/playa-vista/fountain-park-at-playa-vista/floor-plans-and-pricing,2026-04-04,2026-05-31,,,,,Trevi,,
2026-05-31,ESS,Fountain Park at Playa Vista,,Playa Vista,ESS-fountain-park-at-playa-vista-2br-907sqft-terrina,2,1.0,907,3239.0,2026-06-06,,True,hard,"Save Up to $2,300 Off Rent!*",dollar_off,2300.0,5.92,,3047.33,https://www.essexapartmenthomes.com/apartments/playa-vista/fountain-park-at-playa-vista/floor-plans-and-pricing,2026-04-26,2026-05-31,,,,,Terrina,,
2026-05-31,ESS,Fountain Park at Playa Vista,,Playa Vista,ESS-fountain-park-at-playa-vista-2br-1012sqft-medici,2,2.0,1012,3689.0,2026-06-07,,True,hard,"Save Up to $2,300 Off Rent!*",dollar_off,2300.0,5.2,,3497.33,https://www.essexapartmenthomes.com/apartments/playa-vista/fountain-park-at-playa-vista/floor-plans-and-pricing,2026-04-04,2026-05-31,,,,,Medici,,
2026-05-31,ESS,Fountain Park at Playa Vista,,Playa Vista,ESS-fountain-park-at-playa-vista-3br-1071sqft-pantheon,3,2.0,1071,4799.0,2026-05-31,,True,hard,"Save Up to $2,300 Off Rent!*",dollar_off,2300.0,3.99,,4607.33,https://www.essexapartmenthomes.com/apartments/playa-vista/fountain-park-at-playa-vista/floor-plans-and-pricing,2026-05-17,2026-05-31,,,,,Pantheon,,
2026-05-31,ESS,The Galloway,,Bay Area,ESS-the-galloway-0br-544sqft-plan-sa,0,1.0,544,2359.0,2026-07-01,,False,,,,,,,,https://www.essexapartmenthomes.com/apartments/pleasanton/the-galloway/floor-plans-and-pricing,2026-05-31,2026-05-31,,,,,Plan SA,,
2026-05-31,ESS,The Galloway,,Bay Area,ESS-the-galloway-0br-591sqft-plan-sb,0,1.0,591,2389.0,2026-06-20,,False,,,,,,,,https://www.essexapartmenthomes.com/apartments/pleasanton/the-galloway/floor-plans-and-pricing,2026-04-04,2026-05-31,,,,,Plan SB,,
2026-05-31,ESS,The Galloway,,Bay Area,ESS-the-galloway-1br-724sqft-plan-1b,1,1.0,724,2799.0,2026-05-31,,False,,,,,,,,https://www.essexapartmenthomes.com/apartments/pleasanton/the-galloway/floor-plans-and-pricing,2026-04-04,2026-05-31,,,,,Plan 1B,,
2026-05-31,ESS,The Galloway,,Bay Area,ESS-the-galloway-1br-820sqft-plan-1a,1,1.0,820,3027.0,2026-06-14,,False,,,,,,,,https://www.essexapartmenthomes.com/apartments/pleasanton/the-galloway/floor-plans-and-pricing,2026-04-26,2026-05-31,,,,,Plan 1A,,
2026-05-31,ESS,The Galloway,,Bay Area,ESS-the-galloway-2br-1134sqft-plan-2e,2,2.0,1134,3257.0,2026-06-21,,False,,,,,,,,https://www.essexapartmenthomes.com/apartments/pleasanton/the-galloway/floor-plans-and-pricing,2026-04-04,2026-05-31,,,,,Plan 2E,,
2026-05-31,ESS,The Galloway,,Bay Area,ESS-the-galloway-2br-1092sqft-plan-2d,2,2.0,1092,3267.0,2026-05-31,,False,,,,,,,,https://www.essexapartmenthomes.com/apartments/pleasanton/the-galloway/floor-plans-and-pricing,2026-05-09,2026-05-31,,,,,Plan 2D,,
2026-05-31,ESS,The Galloway,,Bay Area,ESS-the-galloway-2br-1089sqft-plan-2c,2,2.0,1089,3737.0,2026-05-31,,False,,,,,,,,https://www.essexapartmenthomes.com/apartments/pleasanton/the-galloway/floor-plans-and-pricing,2026-04-26,2026-05-31,,,,,Plan 2C,,
2026-05-31,ESS,The Galloway,,Bay Area,ESS-the-galloway-3br-1416sqft-plan-3c,3,2.0,1416,3837.0,2026-05-31,,False,,,,,,,,https://www.essexapartmenthomes.com/apartments/pleasanton/the-galloway/floor-plans-and-pricing,2026-04-13,2026-05-31,,,,,Plan 3C,,
2026-05-31,ESS,The Galloway,,Bay Area,ESS-the-galloway-3br-1376sqft-plan-3b,3,2.0,1376,3977.0,2026-05-31,,False,,,,,,,,https://www.essexapartmenthomes.com/apartments/pleasanton/the-galloway/floor-plans-and-pricing,2026-04-04,2026-05-31,,,,,Plan 3B,,
2026-05-31,ESS,Cortesia at Rancho Santa Margarita,,Rancho Santa Margarita,ESS-cortesia-at-rancho-santa-margarita-1br-615sqft-siena,1,1.0,615,2289.0,2026-05-31,,True,hard,"Save Up to $2,000 Off Rent!*",dollar_off,2000.0,7.28,,2122.33,https://www.essexapartmenthomes.com/apartments/rancho-santa-margarita/cortesia-at-rancho-santa-margarita/floor-plans-and-pricing,2026-04-04,2026-05-31,,,,,Siena,,
2026-05-31,ESS,Cortesia at Rancho Santa Margarita,,Rancho Santa Margarita,ESS-cortesia-at-rancho-santa-margarita-1br-835sqft-venice,1,1.0,835,2589.0,2026-05-31,,True,hard,"Save Up to $2,000 Off Rent!*",dollar_off,2000.0,6.44,,2422.33,https://www.essexapartmenthomes.com/apartments/rancho-santa-margarita/cortesia-at-rancho-santa-margarita/floor-plans-and-pricing,2026-04-04,2026-05-31,,,,,Venice,,
2026-05-31,ESS,Cortesia at Rancho Santa Margarita,,Rancho Santa Margarita,ESS-cortesia-at-rancho-santa-margarita-2br-1135sqft-tuscany,2,2.0,1135,2927.0,2026-05-31,,True,hard,"Save Up to $2,000 Off Rent!*",dollar_off,2000.0,5.69,,2760.33,https://www.essexapartmenthomes.com/apartments/rancho-santa-margarita/cortesia-at-rancho-santa-margarita/floor-plans-and-pricing,2026-04-04,2026-05-31,,,,,Tuscany,,
2026-05-31,ESS,Cortesia at Rancho Santa Margarita,,Rancho Santa Margarita,ESS-cortesia-at-rancho-santa-margarita-3br-1390sqft-milan,3,2.0,1390,3749.0,2026-07-05,,True,hard,"Save Up to $2,000 Off Rent!*",dollar_off,2000.0,4.45,,3582.33,https://www.essexapartmenthomes.com/apartments/rancho-santa-margarita/cortesia-at-rancho-santa-margarita/floor-plans-and-pricing,2026-05-17,2026-05-31,,,,,Milan,,
2026-05-31,ESS,Elevation,,Seattle,ESS-elevation-2br-887sqft-plan-2b,2,1.0,887,2399.0,2026-05-31,,False,,,,,,,,https://www.essexapartmenthomes.com/apartments/redmond/elevation/floor-plans-and-pricing,2026-04-26,2026-05-31,,,,,Plan 2B,,
2026-05-31,ESS,Elevation,,Seattle,ESS-elevation-2br-932sqft-plan-2d,2,2.0,932,2487.0,2026-07-18,,False,,,,,,,,https://www.essexapartmenthomes.com/apartments/redmond/elevation/floor-plans-and-pricing,2026-04-04,2026-05-31,,,,,Plan 2D,,
2026-05-31,ESS,Pure Redmond,,Seattle,ESS-pure-redmond-1br-578sqft-jade,1,1.0,578,2077.0,2026-05-31,,False,,,,,,,,https://www.essexapartmenthomes.com/apartments/redmond/pure-redmond/floor-plans-and-pricing,2026-04-04,2026-05-31,,,,,Jade,,
2026-05-31,ESS,Pure Redmond,,Seattle,ESS-pure-redmond-1br-611sqft-sapphire,1,1.0,611,2217.0,2026-05-31,,False,,,,,,,,https://www.essexapartmenthomes.com/apartments/redmond/pure-redmond/floor-plans-and-pricing,2026-04-19,2026-05-31,,,,,Sapphire,,
2026-05-31,ESS,Pure Redmond,,Seattle,ESS-pure-redmond-1br-790sqft-emerald,1,1.0,790,2367.0,2026-07-03,,False,,,,,,,,https://www.essexapartmenthomes.com/apartments/redmond/pure-redmond/floor-plans-and-pricing,2026-05-24,2026-05-31,,,,,Emerald,,
2026-05-31,ESS,Redmond Hill,,Seattle,ESS-redmond-hill-1br-700sqft-plan-1d,1,1.0,700,2099.0,2026-05-31,,False,,,,,,,,https://www.essexapartmenthomes.com/apartments/redmond/redmond-hill/floor-plans-and-pricing,2026-04-04,2026-05-31,,,,,Plan 1D,,
2026-05-31,ESS,Redmond Hill,,Seattle,ESS-redmond-hill-1br-735sqft-plan-1e,1,1.0,735,2199.0,2026-05-31,,False,,,,,,,,https://www.essexapartmenthomes.com/apartments/redmond/redmond-hill/floor-plans-and-pricing,2026-04-04,2026-05-31,,,,,Plan 1E,,
2026-05-31,ESS,Redmond Hill,,Seattle,ESS-redmond-hill-2br-947sqft-plan-2d,2,2.0,947,2287.0,2026-05-31,,False,,,,,,,,https://www.essexapartmenthomes.com/apartments/redmond/redmond-hill/floor-plans-and-pricing,2026-04-04,2026-05-31,,,,,Plan 2D,,
2026-05-31,ESS,Redmond Hill,,Seattle,ESS-redmond-hill-2br-887sqft-plan-2b,2,1.0,887,2439.0,2026-06-04,,False,,,,,,,,https://www.essexapartmenthomes.com/apartments/redmond/redmond-hill/floor-plans-and-pricing,2026-04-13,2026-05-31,,,,,Plan 2B,,
2026-05-31,ESS,Redmond Hill,,Seattle,ESS-redmond-hill-2br-1000sqft-plan-2e,2,2.0,1000,2887.0,2026-05-31,,False,,,,,,,,https://www.essexapartmenthomes.com/apartments/redmond/redmond-hill/floor-plans-and-pricing,2026-04-04,2026-05-31,,,,,Plan 2E,,
2026-05-31,ESS,Shadowbrook,,Seattle,ESS-shadowbrook-1br-540sqft-juniper,1,1.0,540,1807.0,2026-05-31,,False,,,,,,,,https://www.essexapartmenthomes.com/apartments/redmond/shadowbrook/floor-plans-and-pricing,2026-04-04,2026-05-31,,,,,Juniper,,
2026-05-31,ESS,Shadowbrook,,Seattle,ESS-shadowbrook-1br-670sqft-elm,1,1.0,670,1819.0,2026-05-31,,False,,,,,,,,https://www.essexapartmenthomes.com/apartments/redmond/shadowbrook/floor-plans-and-pricing,2026-04-04,2026-05-31,,,,,Elm,,
2026-05-31,ESS,Shadowbrook,,Seattle,ESS-shadowbrook-1br-670sqft-cedar,1,1.0,670,1969.0,2026-05-31,,False,,,,,,,,https://www.essexapartmenthomes.com/apartments/redmond/shadowbrook/floor-plans-and-pricing,2026-04-04,2026-05-31,,,,,Cedar,,
2026-05-31,ESS,Shadowbrook,,Seattle,ESS-shadowbrook-2br-970sqft-sierra,2,2.0,970,2437.0,2026-05-31,,False,,,,,,,,https://www.essexapartmenthomes.com/apartments/redmond/shadowbrook/floor-plans-and-pricing,2026-04-04,2026-05-31,,,,,Sierra,,
2026-05-31,ESS,Shadowbrook,,Seattle,ESS-shadowbrook-2br-940sqft-magnolia,2,2.0,940,2737.0,2026-05-31,,False,,,,,,,,https://www.essexapartmenthomes.com/apartments/redmond/shadowbrook/floor-plans-and-pricing,2026-04-04,2026-05-31,,,,,Magnolia,,
2026-05-31,ESS,The Trails of Redmond,,Seattle,ESS-the-trails-of-redmond-1br-536sqft-the-douglas,1,1.0,536,1879.0,2026-05-31,,False,,,,,,,,https://www.essexapartmenthomes.com/apartments/redmond/the-trails-of-redmond/floor-plans-and-pricing,2026-04-04,2026-05-31,,,,,The Douglas,,
2026-05-31,ESS,The Trails of Redmond,,Seattle,ESS-the-trails-of-redmond-1br-670sqft-the-spruce,1,1.0,670,1957.0,2026-05-31,,False,,,,,,,,https://www.essexapartmenthomes.com/apartments/redmond/the-trails-of-redmond/floor-plans-and-pricing,2026-04-04,2026-05-31,,,,,The Spruce,,
2026-05-31,ESS,The Trails of Redmond,,Seattle,ESS-the-trails-of-redmond-1br-758sqft-the-cypress,1,1.0,758,2077.0,2026-06-10,,False,,,,,,,,https://www.essexapartmenthomes.com/apartments/redmond/the-trails-of-redmond/floor-plans-and-pricing,2026-04-04,2026-05-31,,,,,The Cypress,,
2026-05-31,ESS,The Trails of Redmond,,Seattle,ESS-the-trails-of-redmond-2br-840sqft-the-cedar,2,1.0,840,2217.0,2026-05-31,,False,,,,,,,,https://www.essexapartmenthomes.com/apartments/redmond/the-trails-of-redmond/floor-plans-and-pricing,2026-04-04,2026-05-31,,,,,The Cedar,,
2026-05-31,ESS,The Trails of Redmond,,Seattle,ESS-the-trails-of-redmond-2br-875sqft-the-balsam,2,1.0,875,2267.0,2026-06-07,,False,,,,,,,,https://www.essexapartmenthomes.com/apartments/redmond/the-trails-of-redmond/floor-plans-and-pricing,2026-04-19,2026-05-31,,,,,The Balsam,,
2026-05-31,ESS,The Trails of Redmond,,Seattle,ESS-the-trails-of-redmond-3br-1100sqft-the-redwood,3,2.0,1100,2889.0,2026-05-31,,False,,,,,,,,https://www.essexapartmenthomes.com/apartments/redmond/the-trails-of-redmond/floor-plans-and-pricing,2026-04-13,2026-05-31,,,,,The Redwood,,
2026-05-31,ESS,The Trails of Redmond,,Seattle,ESS-the-trails-of-redmond-3br-1097sqft-the-laurel,3,2.0,1097,2927.0,2026-06-04,,False,,,,,,,,https://www.essexapartmenthomes.com/apartments/redmond/the-trails-of-redmond/floor-plans-and-pricing,2026-04-04,2026-05-31,,,,,The Laurel,,
2026-05-31,ESS,Vesta,,Seattle,ESS-vesta-1br-667sqft-plan-1b,1,1.0,667,2069.0,2026-05-31,,False,,,,,,,,https://www.essexapartmenthomes.com/apartments/redmond/vesta/floor-plans-and-pricing,2026-04-04,2026-05-31,,,,,Plan 1B,,
2026-05-31,ESS,Vesta,,Seattle,ESS-vesta-2br-887sqft-plan-2b,2,1.0,887,2367.0,2026-05-31,,False,,,,,,,,https://www.essexapartmenthomes.com/apartments/redmond/vesta/floor-plans-and-pricing,2026-04-04,2026-05-31,,,,,Plan 2B,,
2026-05-31,ESS,Vesta,,Seattle,ESS-vesta-2br-944sqft-plan-2d,2,2.0,944,2637.0,2026-06-24,,False,,,,,,,,https://www.essexapartmenthomes.com/apartments/redmond/vesta/floor-plans-and-pricing,2026-05-03,2026-05-31,,,,,Plan 2D,,
2026-05-31,ESS,Vesta,,Seattle,ESS-vesta-2br-922sqft-plan-2c,2,2.0,922,2669.0,2026-05-31,,False,,,,,,,,https://www.essexapartmenthomes.com/apartments/redmond/vesta/floor-plans-and-pricing,2026-04-04,2026-05-31,,,,,Plan 2C,,
2026-05-31,ESS,Vesta,,Seattle,ESS-vesta-3br-1011sqft-plan-3b,3,2.0,1011,3067.0,2026-05-31,,False,,,,,,,,https://www.essexapartmenthomes.com/apartments/redmond/vesta/floor-plans-and-pricing,2026-04-04,2026-05-31,,,,,Plan 3B,,
2026-05-31,ESS,Radius,,Bay Area,ESS-radius-1br-743sqft-arc,1,1.0,743,3539.0,2026-06-07,,False,,,,,,,,https://www.essexapartmenthomes.com/apartments/redwood-city/radius/floor-plans-and-pricing,2026-04-04,2026-05-31,,,,,Arc,,
2026-05-31,ESS,Radius,,Bay Area,ESS-radius-1br-754sqft-axis,1,1.0,754,3589.0,2026-05-31,,False,,,,,,,,https://www.essexapartmenthomes.com/apartments/redwood-city/radius/floor-plans-and-pricing,2026-04-04,2026-05-31,,,,,Axis,,
2026-05-31,ESS,Township,,Bay Area,ESS-township-1br-764sqft-augusta,1,1.0,764,3759.0,2026-06-13,,False,,,,,,,,https://www.essexapartmenthomes.com/apartments/redwood-city/township/floor-plans-and-pricing,2026-05-09,2026-05-31,,,,,Augusta,,
2026-05-31,ESS,Brighton Ridge,,Seattle,ESS-brighton-ridge-1br-530sqft-plan-1a,1,1.0,530,1659.0,2026-05-31,,False,,,,,,,,https://www.essexapartmenthomes.com/apartments/renton/brighton-ridge/floor-plans-and-pricing,2026-04-04,2026-05-31,,,,,Plan 1A,,
2026-05-31,ESS,Brighton Ridge,,Seattle,ESS-brighton-ridge-1br-670sqft-plan-1b,1,1.0,670,1727.0,2026-05-31,,False,,,,,,,,https://www.essexapartmenthomes.com/apartments/renton/brighton-ridge/floor-plans-and-pricing,2026-04-04,2026-05-31,,,,,Plan 1B,,
2026-05-31,ESS,Brighton Ridge,,Seattle,ESS-brighton-ridge-2br-900sqft-plan-2a,2,1.0,900,1797.0,2026-05-31,,False,,,,,,,,https://www.essexapartmenthomes.com/apartments/renton/brighton-ridge/floor-plans-and-pricing,2026-04-04,2026-05-31,,,,,Plan 2A,,
2026-05-31,ESS,Brighton Ridge,,Seattle,ESS-brighton-ridge-2br-950sqft-plan-2b,2,2.0,950,2209.0,2026-05-31,,False,,,,,,,,https://www.essexapartmenthomes.com/apartments/renton/brighton-ridge/floor-plans-and-pricing,2026-04-04,2026-05-31,,,,,Plan 2B,,
2026-05-31,ESS,Fairwood Pond,,Seattle,ESS-fairwood-pond-1br-754sqft-plan-1a,1,1.0,754,1737.0,2026-05-31,,False,,,,,,,,https://www.essexapartmenthomes.com/apartments/renton/fairwood-pond/floor-plans-and-pricing,2026-04-04,2026-05-31,,,,,Plan 1A,,
2026-05-31,ESS,Fairwood Pond,,Seattle,ESS-fairwood-pond-2br-996sqft-plan-2c,2,2.0,996,1977.0,2026-06-03,,False,,,,,,,,https://www.essexapartmenthomes.com/apartments/renton/fairwood-pond/floor-plans-and-pricing,2026-04-13,2026-05-31,,,,,Plan 2C,,
2026-05-31,ESS,Fairwood Pond,,Seattle,ESS-fairwood-pond-2br-920sqft-plan-2b,2,1.0,920,2169.0,2026-07-07,,False,,,,,,,,https://www.essexapartmenthomes.com/apartments/renton/fairwood-pond/floor-plans-and-pricing,2026-04-04,2026-05-31,,,,,Plan 2B,,
2026-05-31,ESS,Forestview,,Seattle,ESS-forestview-1br-704sqft-plan-1a,1,1.0,704,1957.0,2026-05-31,,False,,,,,,,,https://www.essexapartmenthomes.com/apartments/renton/forestview/floor-plans-and-pricing,2026-04-13,2026-05-31,,,,,Plan 1A,,
2026-05-31,ESS,Forestview,,Seattle,ESS-forestview-2br-899sqft-plan-2a,2,1.0,899,2059.0,2026-05-31,,False,,,,,,,,https://www.essexapartmenthomes.com/apartments/renton/forestview/floor-plans-and-pricing,2026-04-04,2026-05-31,,,,,Plan 2A,,
2026-05-31,ESS,Forestview,,Seattle,ESS-forestview-2br-995sqft-plan-2b,2,2.0,995,2149.0,2026-05-31,,False,,,,,,,,https://www.essexapartmenthomes.com/apartments/renton/forestview/floor-plans-and-pricing,2026-04-04,2026-05-31,,,,,Plan 2B,,
2026-05-31,ESS,Pinnacle on Lake Washington,,Seattle,ESS-pinnacle-on-lake-washington-1br-828sqft-antiqua,1,1.0,828,2247.0,2026-05-31,,False,,,,,,,,https://www.essexapartmenthomes.com/apartments/renton/pinnacle-on-lake-washington/floor-plans-and-pricing,2026-04-04,2026-05-31,,,,,Antiqua,,
2026-05-31,ESS,Pinnacle on Lake Washington,,Seattle,ESS-pinnacle-on-lake-washington-2br-1215sqft-martinique,2,2.0,1215,2819.0,2026-07-14,,False,,,,,,,,https://www.essexapartmenthomes.com/apartments/renton/pinnacle-on-lake-washington/floor-plans-and-pricing,2026-04-04,2026-05-31,,,,,Martinique,,
2026-05-31,ESS,Pinnacle on Lake Washington,,Seattle,ESS-pinnacle-on-lake-washington-2br-1305sqft-saratoga,2,2.0,1305,3007.0,2026-05-31,,False,,,,,,,,https://www.essexapartmenthomes.com/apartments/renton/pinnacle-on-lake-washington/floor-plans-and-pricing,2026-04-04,2026-05-31,,,,,Saratoga,,
2026-05-31,ESS,Pinnacle on Lake Washington,,Seattle,ESS-pinnacle-on-lake-washington-3br-1943sqft-zuma,3,2.0,1943,4377.0,2026-05-31,,False,,,,,,,,https://www.essexapartmenthomes.com/apartments/renton/pinnacle-on-lake-washington/floor-plans-and-pricing,2026-05-09,2026-05-31,,,,,Zuma,,
2026-05-31,ESS,San Marcos,,Richmond,ESS-san-marcos-1br-742sqft-the-vernazza,1,1.0,742,2347.0,2026-06-06,,True,hard,"Save Up to $2,600 Off Rent!*",dollar_off,2600.0,9.23,,2130.33,https://www.essexapartmenthomes.com/apartments/richmond/san-marcos/floor-plans-and-pricing,2026-04-04,2026-05-31,,,,,The Vernazza,,
2026-05-31,ESS,San Marcos,,Richmond,ESS-san-marcos-1br-802sqft-the-firenze,1,1.0,802,2557.0,2026-05-31,,True,hard,"Save Up to $2,600 Off Rent!*",dollar_off,2600.0,8.47,,2340.33,https://www.essexapartmenthomes.com/apartments/richmond/san-marcos/floor-plans-and-pricing,2026-04-04,2026-05-31,,,,,The Firenze,,
2026-05-31,ESS,San Marcos,,Richmond,ESS-san-marcos-1br-738sqft-the-varenna,1,1.0,738,2587.0,2026-05-31,,True,hard,"Save Up to $2,600 Off Rent!*",dollar_off,2600.0,8.38,,2370.33,https://www.essexapartmenthomes.com/apartments/richmond/san-marcos/floor-plans-and-pricing,2026-04-04,2026-05-31,,,,,The Varenna,,
2026-05-31,ESS,San Marcos,,Richmond,ESS-san-marcos-1br-904sqft-the-pavia,1,1.0,904,2597.0,2026-05-31,,True,hard,"Save Up to $2,600 Off Rent!*",dollar_off,2600.0,8.34,,2380.33,https://www.essexapartmenthomes.com/apartments/richmond/san-marcos/floor-plans-and-pricing,2026-05-09,2026-05-31,,,,,The Pavia,,
2026-05-31,ESS,San Marcos,,Richmond,ESS-san-marcos-2br-1029sqft-the-palermo,2,2.0,1029,2759.0,2026-05-31,,True,hard,"Save Up to $2,600 Off Rent!*",dollar_off,2600.0,7.85,,2542.33,https://www.essexapartmenthomes.com/apartments/richmond/san-marcos/floor-plans-and-pricing,2026-04-04,2026-05-31,,,,,The Palermo,,
2026-05-31,ESS,San Marcos,,Richmond,ESS-san-marcos-2br-1114sqft-the-sorrento,2,2.0,1114,2879.0,2026-05-31,,True,hard,"Save Up to $2,600 Off Rent!*",dollar_off,2600.0,7.53,,2662.33,https://www.essexapartmenthomes.com/apartments/richmond/san-marcos/floor-plans-and-pricing,2026-04-04,2026-05-31,,,,,The Sorrento,,
2026-05-31,ESS,San Marcos,,Richmond,ESS-san-marcos-2br-1189sqft-the-venezia,2,2.0,1189,3067.0,2026-05-31,,True,hard,"Save Up to $2,600 Off Rent!*",dollar_off,2600.0,7.06,,2850.33,https://www.essexapartmenthomes.com/apartments/richmond/san-marcos/floor-plans-and-pricing,2026-04-04,2026-05-31,,,,,The Venezia,,
2026-05-31,ESS,San Marcos,,Richmond,ESS-san-marcos-2br-1101sqft-the-toscana,2,2.0,1101,3169.0,2026-06-07,,True,hard,"Save Up to $2,600 Off Rent!*",dollar_off,2600.0,6.84,,2952.33,https://www.essexapartmenthomes.com/apartments/richmond/san-marcos/floor-plans-and-pricing,2026-04-19,2026-05-31,,,,,The Toscana,,
2026-05-31,ESS,Pinnacle at Talega,,San Clemente,ESS-pinnacle-at-talega-1br-667sqft-prestige,1,1.0,667,2517.0,2026-05-31,,True,hard,"Save Up to $2,000 Off Rent!*",dollar_off,2000.0,6.62,,2350.33,https://www.essexapartmenthomes.com/apartments/san-clemente/pinnacle-at-talega/floor-plans-and-pricing,2026-04-04,2026-05-31,,,,,Prestige,,
2026-05-31,ESS,Pinnacle at Talega,,San Clemente,ESS-pinnacle-at-talega-1br-632sqft-aspire,1,1.0,632,2529.0,2026-05-31,,True,hard,"Save Up to $2,000 Off Rent!*",dollar_off,2000.0,6.59,,2362.33,https://www.essexapartmenthomes.com/apartments/san-clemente/pinnacle-at-talega/floor-plans-and-pricing,2026-04-04,2026-05-31,,,,,Aspire,,
2026-05-31,ESS,Pinnacle at Talega,,San Clemente,ESS-pinnacle-at-talega-1br-821sqft-tranquility,1,1.0,821,2639.0,2026-05-31,,True,hard,"Save Up to $2,000 Off Rent!*",dollar_off,2000.0,6.32,,2472.33,https://www.essexapartmenthomes.com/apartments/san-clemente/pinnacle-at-talega/floor-plans-and-pricing,2026-04-04,2026-05-31,,,,,Tranquility,,
2026-05-31,ESS,Pinnacle at Talega,,San Clemente,ESS-pinnacle-at-talega-2br-1054sqft-splendor,2,2.0,1054,2967.0,2026-05-31,,True,hard,"Save Up to $2,000 Off Rent!*",dollar_off,2000.0,5.62,,2800.33,https://www.essexapartmenthomes.com/apartments/san-clemente/pinnacle-at-talega/floor-plans-and-pricing,2026-04-04,2026-05-31,,,,,Splendor,,
2026-05-31,ESS,Pinnacle at Talega,,San Clemente,ESS-pinnacle-at-talega-2br-1112sqft-rejuvenate,2,2.0,1112,3029.0,2026-06-10,,True,hard,"Save Up to $2,000 Off Rent!*",dollar_off,2000.0,5.5,,2862.33,https://www.essexapartmenthomes.com/apartments/san-clemente/pinnacle-at-talega/floor-plans-and-pricing,2026-04-04,2026-05-31,,,,,Rejuvenate,,
2026-05-31,ESS,Pinnacle at Talega,,San Clemente,ESS-pinnacle-at-talega-2br-1145sqft-lavish,2,2.0,1145,3097.0,2026-05-31,,True,hard,"Save Up to $2,000 Off Rent!*",dollar_off,2000.0,5.38,,2930.33,https://www.essexapartmenthomes.com/apartments/san-clemente/pinnacle-at-talega/floor-plans-and-pricing,2026-04-13,2026-05-31,,,,,Lavish,,
2026-05-31,ESS,Pinnacle at Talega,,San Clemente,ESS-pinnacle-at-talega-2br-1091sqft-luxury-townhome,2,2.0,1091,3237.0,2026-05-31,,True,hard,"Save Up to $2,000 Off Rent!*",dollar_off,2000.0,5.15,,3070.33,https://www.essexapartmenthomes.com/apartments/san-clemente/pinnacle-at-talega/floor-plans-and-pricing,2026-04-04,2026-05-31,,,,,Luxury Townhome,,
2026-05-31,ESS,Allure at Scripps Ranch,,San Diego,ESS-allure-at-scripps-ranch-1br-803sqft-sierra,1,1.0,803,2597.0,2026-07-22,,False,,,,,,,,https://www.essexapartmenthomes.com/apartments/san-diego/allure-at-scripps-ranch/floor-plans-and-pricing,2026-04-04,2026-05-31,,,,,Sierra,,
2026-05-31,ESS,Allure at Scripps Ranch,,San Diego,ESS-allure-at-scripps-ranch-1br-855sqft-maple,1,1.0,855,2677.0,2026-05-31,,False,,,,,,,,https://www.essexapartmenthomes.com/apartments/san-diego/allure-at-scripps-ranch/floor-plans-and-pricing,2026-04-04,2026-05-31,,,,,Maple,,
2026-05-31,ESS,Allure at Scripps Ranch,,San Diego,ESS-allure-at-scripps-ranch-1br-831sqft-laurel,1,1.0,831,2737.0,2026-06-19,,False,,,,,,,,https://www.essexapartmenthomes.com/apartments/san-diego/allure-at-scripps-ranch/floor-plans-and-pricing,2026-05-09,2026-05-31,,,,,Laurel,,
2026-05-31,ESS,Allure at Scripps Ranch,,San Diego,ESS-allure-at-scripps-ranch-2br-1201sqft-magnolia,2,2.0,1201,3427.0,2026-05-31,,False,,,,,,,,https://www.essexapartmenthomes.com/apartments/san-diego/allure-at-scripps-ranch/floor-plans-and-pricing,2026-04-04,2026-05-31,,,,,Magnolia,,
2026-05-31,ESS,Bernardo Crest,,San Diego,ESS-bernardo-crest-1br-744sqft-aspen,1,1.0,744,2399.0,2026-05-31,,True,hard,"Save Up to $2,700 Off Rent!*",dollar_off,2700.0,9.38,,2174.0,https://www.essexapartmenthomes.com/apartments/san-diego/bernardo-crest/floor-plans-and-pricing,2026-04-04,2026-05-31,,,,,Aspen,,
2026-05-31,ESS,Bernardo Crest,,San Diego,ESS-bernardo-crest-2br-1005sqft-beech,2,2.0,1005,2909.0,2026-05-31,,True,hard,"Save Up to $2,700 Off Rent!*",dollar_off,2700.0,7.73,,2684.0,https://www.essexapartmenthomes.com/apartments/san-diego/bernardo-crest/floor-plans-and-pricing,2026-04-04,2026-05-31,,,,,Beech,,
2026-05-31,ESS,Bernardo Crest,,San Diego,ESS-bernardo-crest-2br-993sqft-magnolia,2,2.0,993,3197.0,2026-05-31,,True,hard,"Save Up to $2,700 Off Rent!*",dollar_off,2700.0,7.04,,2972.0,https://www.essexapartmenthomes.com/apartments/san-diego/bernardo-crest/floor-plans-and-pricing,2026-04-04,2026-05-31,,,,,Magnolia,,
2026-05-31,ESS,Bernardo Crest,,San Diego,ESS-bernardo-crest-2br-1289sqft-tupilo,2,2.0,1289,3569.0,2026-06-05,,True,hard,"Save Up to $2,700 Off Rent!*",dollar_off,2700.0,6.3,,3344.0,https://www.essexapartmenthomes.com/apartments/san-diego/bernardo-crest/floor-plans-and-pricing,2026-04-04,2026-05-31,,,,,Tupilo,,
2026-05-31,ESS,Bernardo Crest,,San Diego,ESS-bernardo-crest-3br-1004sqft-sycamore,3,2.0,1004,3279.0,2026-05-31,,True,hard,"Save Up to $2,700 Off Rent!*",dollar_off,2700.0,6.86,,3054.0,https://www.essexapartmenthomes.com/apartments/san-diego/bernardo-crest/floor-plans-and-pricing,2026-04-04,2026-05-31,,,,,Sycamore,,
2026-05-31,ESS,Cambridge Park,,San Diego,ESS-cambridge-park-1br-701sqft-newport,1,1.0,701,2509.0,2026-05-31,,True,hard,"Save Up to $3,500 Off Rent!*",dollar_off,3500.0,11.62,,2217.33,https://www.essexapartmenthomes.com/apartments/san-diego/cambridge-park/floor-plans-and-pricing,2026-04-04,2026-05-31,,,,,Newport,,
2026-05-31,ESS,Cambridge Park,,San Diego,ESS-cambridge-park-2br-1118sqft-hampton,2,2.0,1118,3139.0,2026-05-31,,True,hard,"Save Up to $3,500 Off Rent!*",dollar_off,3500.0,9.29,,2847.33,https://www.essexapartmenthomes.com/apartments/san-diego/cambridge-park/floor-plans-and-pricing,2026-04-04,2026-05-31,,,,,Hampton,,
2026-05-31,ESS,Cambridge Park,,San Diego,ESS-cambridge-park-2br-1115sqft-nantucket-3rd,2,2.0,1115,3327.0,2026-05-31,,True,hard,"Save Up to $3,500 Off Rent!*",dollar_off,3500.0,8.77,,3035.33,https://www.essexapartmenthomes.com/apartments/san-diego/cambridge-park/floor-plans-and-pricing,2026-04-13,2026-05-31,,,,,Nantucket 3rd,,
2026-05-31,ESS,Cambridge Park,,San Diego,ESS-cambridge-park-2br-1173sqft-nantucket-2nd,2,2.0,1173,3629.0,2026-06-08,,True,hard,"Save Up to $3,500 Off Rent!*",dollar_off,3500.0,8.04,,3337.33,https://www.essexapartmenthomes.com/apartments/san-diego/cambridge-park/floor-plans-and-pricing,2026-04-04,2026-05-31,,,,,Nantucket 2nd,,
2026-05-31,ESS,Cambridge Park,,San Diego,ESS-cambridge-park-3br-1308sqft-rockport,3,2.0,1308,3927.0,2026-05-31,,True,hard,"Save Up to $3,500 Off Rent!*",dollar_off,3500.0,7.43,,3635.33,https://www.essexapartmenthomes.com/apartments/san-diego/cambridge-park/floor-plans-and-pricing,2026-04-04,2026-05-31,,,,,Rockport,,
2026-05-31,ESS,Carmel Creek,,San Diego,ESS-carmel-creek-1br-686sqft-plan-1c,1,1.0,686,3207.0,2026-06-13,,False,,,,,,,,https://www.essexapartmenthomes.com/apartments/san-diego/carmel-creek/floor-plans-and-pricing,2026-04-26,2026-05-31,,,,,Plan 1C,,
2026-05-31,ESS,Carmel Creek,,San Diego,ESS-carmel-creek-1br-809sqft-plan-1e,1,1.0,809,3327.0,2026-05-31,,False,,,,,,,,https://www.essexapartmenthomes.com/apartments/san-diego/carmel-creek/floor-plans-and-pricing,2026-04-04,2026-05-31,,,,,Plan 1E,,
2026-05-31,ESS,Carmel Creek,,San Diego,ESS-carmel-creek-2br-1072sqft-plan-2a,2,2.0,1072,3687.0,2026-05-31,,False,,,,,,,,https://www.essexapartmenthomes.com/apartments/san-diego/carmel-creek/floor-plans-and-pricing,2026-04-04,2026-05-31,,,,,Plan 2A,,
2026-05-31,ESS,Carmel Creek,,San Diego,ESS-carmel-creek-2br-1204sqft-plan-2c,2,2.0,1204,3867.0,2026-05-31,,False,,,,,,,,https://www.essexapartmenthomes.com/apartments/san-diego/carmel-creek/floor-plans-and-pricing,2026-04-04,2026-05-31,,,,,Plan 2C,,
2026-05-31,ESS,Carmel Creek,,San Diego,ESS-carmel-creek-3br-1371sqft-plan-3a,3,2.0,1371,4539.0,2026-06-26,,False,,,,,,,,https://www.essexapartmenthomes.com/apartments/san-diego/carmel-creek/floor-plans-and-pricing,2026-04-04,2026-05-31,,,,,Plan 3A,,
2026-05-31,ESS,Carmel Landing,,San Diego,ESS-carmel-landing-1br-542sqft-nantucket,1,1.0,542,2437.0,2026-05-31,,True,hard,"Save Up to $3,000 Off Rent!*",dollar_off,3000.0,10.26,,2187.0,https://www.essexapartmenthomes.com/apartments/san-diego/carmel-landing/floor-plans-and-pricing,2026-04-04,2026-05-31,,,,,Nantucket,,
2026-05-31,ESS,Carmel Landing,,San Diego,ESS-carmel-landing-1br-660sqft-newport,1,1.0,660,2579.0,2026-06-14,,True,hard,"Save Up to $3,000 Off Rent!*",dollar_off,3000.0,9.69,,2329.0,https://www.essexapartmenthomes.com/apartments/san-diego/carmel-landing/floor-plans-and-pricing,2026-04-04,2026-05-31,,,,,Newport,,
2026-05-31,ESS,Carmel Landing,,San Diego,ESS-carmel-landing-1br-726sqft-atlantic,1,1.0,726,2817.0,2026-05-31,,True,hard,"Save Up to $3,000 Off Rent!*",dollar_off,3000.0,8.87,,2567.0,https://www.essexapartmenthomes.com/apartments/san-diego/carmel-landing/floor-plans-and-pricing,2026-04-04,2026-05-31,,,,,Atlantic,,
2026-05-31,ESS,Carmel Landing,,San Diego,ESS-carmel-landing-2br-991sqft-hyannis,2,2.0,991,3107.0,2026-05-31,,True,hard,"Save Up to $3,000 Off Rent!*",dollar_off,3000.0,8.05,,2857.0,https://www.essexapartmenthomes.com/apartments/san-diego/carmel-landing/floor-plans-and-pricing,2026-04-04,2026-05-31,,,,,Hyannis,,
2026-05-31,ESS,Carmel Landing,,San Diego,ESS-carmel-landing-2br-1034sqft-sarasota,2,2.0,1034,3199.0,2026-05-31,,True,hard,"Save Up to $3,000 Off Rent!*",dollar_off,3000.0,7.81,,2949.0,https://www.essexapartmenthomes.com/apartments/san-diego/carmel-landing/floor-plans-and-pricing,2026-04-04,2026-05-31,,,,,Sarasota,,
2026-05-31,ESS,Carmel Landing,,San Diego,ESS-carmel-landing-2br-899sqft-saybrook,2,2.0,899,3199.0,2026-05-31,,True,hard,"Save Up to $3,000 Off Rent!*",dollar_off,3000.0,7.81,,2949.0,https://www.essexapartmenthomes.com/apartments/san-diego/carmel-landing/floor-plans-and-pricing,2026-04-04,2026-05-31,,,,,Saybrook,,
2026-05-31,ESS,Carmel Summit,,San Diego,ESS-carmel-summit-1br-745sqft-del-mar,1,1.0,745,2579.0,2026-05-31,,True,hard,"Save Up to $1,400 Off Rent!*",dollar_off,1400.0,4.52,,2462.33,https://www.essexapartmenthomes.com/apartments/san-diego/carmel-summit/floor-plans-and-pricing,2026-04-04,2026-05-31,,,,,Del Mar,,
2026-05-31,ESS,Carmel Summit,,San Diego,ESS-carmel-summit-2br-1080sqft-coronado,2,2.0,1080,3367.0,2026-05-31,,True,hard,"Save Up to $1,400 Off Rent!*",dollar_off,1400.0,3.47,,3250.33,https://www.essexapartmenthomes.com/apartments/san-diego/carmel-summit/floor-plans-and-pricing,2026-04-04,2026-05-31,,,,,Coronado,,
2026-05-31,ESS,Carmel Summit,,San Diego,ESS-carmel-summit-2br-1035sqft-encinitas-brand-new,2,2.0,1035,3377.0,2026-05-31,,True,hard,"Save Up to $1,400 Off Rent!*",dollar_off,1400.0,3.45,,3260.33,https://www.essexapartmenthomes.com/apartments/san-diego/carmel-summit/floor-plans-and-pricing,2026-04-05,2026-05-31,,,,,Encinitas - BRAND NEW!,,
2026-05-31,ESS,CentrePointe,,San Diego,ESS-centrepointe-0br-400sqft-plan-sa,0,1.0,400,2107.0,2026-06-13,,True,hard,"Save Up to $3,100 Off Rent!*",dollar_off,3100.0,12.26,,1848.67,https://www.essexapartmenthomes.com/apartments/san-diego/centrepointe/floor-plans-and-pricing,2026-04-04,2026-05-31,,,,,Plan SA,,
2026-05-31,ESS,CentrePointe,,San Diego,ESS-centrepointe-0br-400sqft-plan-sb,0,1.0,400,2139.0,2026-05-31,,True,hard,"Save Up to $3,100 Off Rent!*",dollar_off,3100.0,12.08,,1880.67,https://www.essexapartmenthomes.com/apartments/san-diego/centrepointe/floor-plans-and-pricing,2026-04-04,2026-05-31,,,,,Plan SB,,
2026-05-31,ESS,CentrePointe,,San Diego,ESS-centrepointe-1br-630sqft-plan-1a,1,1.0,630,2337.0,2026-05-31,,True,hard,"Save Up to $3,100 Off Rent!*",dollar_off,3100.0,11.05,,2078.67,https://www.essexapartmenthomes.com/apartments/san-diego/centrepointe/floor-plans-and-pricing,2026-04-04,2026-05-31,,,,,Plan 1A,,
2026-05-31,ESS,CentrePointe,,San Diego,ESS-centrepointe-1br-635sqft-plan-1b,1,1.0,635,2509.0,2026-06-23,,True,hard,"Save Up to $3,100 Off Rent!*",dollar_off,3100.0,10.3,,2250.67,https://www.essexapartmenthomes.com/apartments/san-diego/centrepointe/floor-plans-and-pricing,2026-04-04,2026-05-31,,,,,Plan 1B,,
2026-05-31,ESS,CentrePointe,,San Diego,ESS-centrepointe-2br-900sqft-plan-2a,2,2.0,900,3127.0,2026-06-06,,True,hard,"Save Up to $3,100 Off Rent!*",dollar_off,3100.0,8.26,,2868.67,https://www.essexapartmenthomes.com/apartments/san-diego/centrepointe/floor-plans-and-pricing,2026-04-04,2026-05-31,,,,,Plan 2A,,
2026-05-31,ESS,Esplanade,,San Diego,ESS-esplanade-1br-588sqft-barcelona,1,1.0,588,2167.0,2026-05-31,,True,hard,"Save Up to $1,700 Off Rent!*",dollar_off,1700.0,6.54,,2025.33,https://www.essexapartmenthomes.com/apartments/san-diego/esplanade/floor-plans-and-pricing,2026-04-04,2026-05-31,,,,,Barcelona,,
2026-05-31,ESS,Esplanade,,San Diego,ESS-esplanade-2br-907sqft-valencia,2,2.0,907,2509.0,2026-05-31,,True,hard,"Save Up to $1,700 Off Rent!*",dollar_off,1700.0,5.65,,2367.33,https://www.essexapartmenthomes.com/apartments/san-diego/esplanade/floor-plans-and-pricing,2026-04-04,2026-05-31,,,,,Valencia,,
2026-05-31,ESS,Form 15,,San Diego,ESS-form-15-0br-506sqft-plan-sa,0,1.0,506,2167.0,2026-06-15,,True,hard,"Save Up to $3,900 Off Rent!*",dollar_off,3900.0,15.0,,1842.0,https://www.essexapartmenthomes.com/apartments/san-diego/form-15/floor-plans-and-pricing,2026-04-19,2026-05-31,,,,,Plan SA,,
2026-05-31,ESS,Form 15,,San Diego,ESS-form-15-0br-602sqft-plan-sb,0,1.0,602,2187.0,2026-06-08,,True,hard,"Save Up to $3,900 Off Rent!*",dollar_off,3900.0,14.86,,1862.0,https://www.essexapartmenthomes.com/apartments/san-diego/form-15/floor-plans-and-pricing,2026-05-31,2026-05-31,,,,,Plan SB,,
2026-05-31,ESS,Form 15,,San Diego,ESS-form-15-1br-791sqft-plan-1b,1,1.0,791,2337.0,2026-06-10,,True,hard,"Save Up to $3,900 Off Rent!*",dollar_off,3900.0,13.91,,2012.0,https://www.essexapartmenthomes.com/apartments/san-diego/form-15/floor-plans-and-pricing,2026-05-31,2026-05-31,,,,,Plan 1B,,
2026-05-31,ESS,Form 15,,San Diego,ESS-form-15-1br-796sqft-plan-1c,1,1.0,796,2347.0,2026-07-03,,True,hard,"Save Up to $3,900 Off Rent!*",dollar_off,3900.0,13.85,,2022.0,https://www.essexapartmenthomes.com/apartments/san-diego/form-15/floor-plans-and-pricing,2026-04-13,2026-05-31,,,,,Plan 1C,,
2026-05-31,ESS,Form 15,,San Diego,ESS-form-15-1br-841sqft-plan-1a,1,1.0,841,2407.0,2026-06-11,,True,hard,"Save Up to $3,900 Off Rent!*",dollar_off,3900.0,13.5,,2082.0,https://www.essexapartmenthomes.com/apartments/san-diego/form-15/floor-plans-and-pricing,2026-05-09,2026-05-31,,,,,Plan 1A,,
2026-05-31,ESS,Form 15,,San Diego,ESS-form-15-2br-1204sqft-plan-2b,2,2.0,1204,3537.0,2026-07-04,,True,hard,"Save Up to $3,900 Off Rent!*",dollar_off,3900.0,9.19,,3212.0,https://www.essexapartmenthomes.com/apartments/san-diego/form-15/floor-plans-and-pricing,2026-05-09,2026-05-31,,,,,Plan 2B,,
2026-05-31,ESS,Form 15,,San Diego,ESS-form-15-3br-1306sqft-plan-3a,3,2.0,1306,4017.0,2026-05-31,,True,hard,"Save Up to $3,900 Off Rent!*",dollar_off,3900.0,8.09,,3692.0,https://www.essexapartmenthomes.com/apartments/san-diego/form-15/floor-plans-and-pricing,2026-04-04,2026-05-31,,,,,Plan 3A,,
2026-05-31,ESS,LIVIA at Scripps Ranch,,San Diego,ESS-livia-at-scripps-ranch-1br-755sqft-torrey-pines,1,1.0,755,3179.0,2026-05-31,,True,soft,"Choose from two designer-selected interior finishes across our variety of one-, two-, and three-bedroom apartment homes. The spacious interiors showcase sought-after features, including gourmet kitchens with gas cooktops, Whirlpool® stainless steel appliances, quartz countertops, and tile backsplashes. Select bathrooms feature dual sinks, walk-in showers, and oversized soaking tubs. Wood-style floors are found throughout all living areas and select residences have nine- or 11-foot ceilings, and an expansive patio or balcony offering the perfect location to unwind for your own oasis. Select your desired move-in date below.",,,,,,https://www.essexapartmenthomes.com/apartments/san-diego/livia-at-scripps-ranch/floor-plans-and-pricing,2026-04-04,2026-05-31,,,,,Torrey Pines,,
2026-05-31,ESS,LIVIA at Scripps Ranch,,San Diego,ESS-livia-at-scripps-ranch-2br-1095sqft-cardiff,2,2.0,1095,3677.0,2026-06-07,,True,soft,"Choose from two designer-selected interior finishes across our variety of one-, two-, and three-bedroom apartment homes. The spacious interiors showcase sought-after features, including gourmet kitchens with gas cooktops, Whirlpool® stainless steel appliances, quartz countertops, and tile backsplashes. Select bathrooms feature dual sinks, walk-in showers, and oversized soaking tubs. Wood-style floors are found throughout all living areas and select residences have nine- or 11-foot ceilings, and an expansive patio or balcony offering the perfect location to unwind for your own oasis. Select your desired move-in date below.",,,,,,https://www.essexapartmenthomes.com/apartments/san-diego/livia-at-scripps-ranch/floor-plans-and-pricing,2026-04-04,2026-05-31,,,,,Cardiff,,
2026-05-31,ESS,LIVIA at Scripps Ranch,,San Diego,ESS-livia-at-scripps-ranch-3br-1376sqft-coronado,3,2.0,1376,4337.0,2026-05-31,,True,soft,"Choose from two designer-selected interior finishes across our variety of one-, two-, and three-bedroom apartment homes. The spacious interiors showcase sought-after features, including gourmet kitchens with gas cooktops, Whirlpool® stainless steel appliances, quartz countertops, and tile backsplashes. Select bathrooms feature dual sinks, walk-in showers, and oversized soaking tubs. Wood-style floors are found throughout all living areas and select residences have nine- or 11-foot ceilings, and an expansive patio or balcony offering the perfect location to unwind for your own oasis. Select your desired move-in date below.",,,,,,https://www.essexapartmenthomes.com/apartments/san-diego/livia-at-scripps-ranch/floor-plans-and-pricing,2026-04-04,2026-05-31,,,,,Coronado,,
2026-05-31,ESS,Mesa Village,,San Diego,ESS-mesa-village-0br-380sqft-plan-sb,0,1.0,380,1677.0,2026-05-31,,True,hard,"Save Up to $1,000 Off Rent!*",dollar_off,1000.0,4.97,,1593.67,https://www.essexapartmenthomes.com/apartments/san-diego/mesa-village/floor-plans-and-pricing,2026-04-04,2026-05-31,,,,,Plan SB,,
2026-05-31,ESS,Mesa Village,,San Diego,ESS-mesa-village-0br-270sqft-plan-sa,0,1.0,270,1877.0,2026-06-17,,True,hard,"Save Up to $1,000 Off Rent!*",dollar_off,1000.0,4.44,,1793.67,https://www.essexapartmenthomes.com/apartments/san-diego/mesa-village/floor-plans-and-pricing,2026-04-04,2026-05-31,,,,,Plan SA,,
2026-05-31,ESS,Mira Monte,,San Diego,ESS-mira-monte-0br-425sqft-plan-sa,0,1.0,425,1889.0,2026-05-31,,True,hard,"Save Up to $1,700 Off Rent!*",dollar_off,1700.0,7.5,,1747.33,https://www.essexapartmenthomes.com/apartments/san-diego/mira-monte/floor-plans-and-pricing,2026-04-04,2026-05-31,,,,,Plan SA,,
2026-05-31,ESS,Mira Monte,,San Diego,ESS-mira-monte-1br-638sqft-plan-1a,1,1.0,638,2127.0,2026-05-31,,True,hard,"Save Up to $1,700 Off Rent!*",dollar_off,1700.0,6.66,,1985.33,https://www.essexapartmenthomes.com/apartments/san-diego/mira-monte/floor-plans-and-pricing,2026-04-04,2026-05-31,,,,,Plan 1A,,
2026-05-31,ESS,Mira Monte,,San Diego,ESS-mira-monte-2br-880sqft-plan-2a,2,2.0,880,2507.0,2026-05-31,,True,hard,"Save Up to $1,700 Off Rent!*",dollar_off,1700.0,5.65,,2365.33,https://www.essexapartmenthomes.com/apartments/san-diego/mira-monte/floor-plans-and-pricing,2026-04-04,2026-05-31,,,,,Plan 2A,,
2026-05-31,ESS,Montanosa,,San Diego,ESS-montanosa-1br-631sqft-windward,1,1.0,631,2627.0,2026-07-07,,False,,,,,,,,https://www.essexapartmenthomes.com/apartments/san-diego/montanosa/floor-plans-and-pricing,2026-04-04,2026-05-31,,,,,Windward,,
2026-05-31,ESS,Montanosa,,San Diego,ESS-montanosa-1br-783sqft-cardenas,1,1.0,783,2667.0,2026-05-31,,False,,,,,,,,https://www.essexapartmenthomes.com/apartments/san-diego/montanosa/floor-plans-and-pricing,2026-04-04,2026-05-31,,,,,Cardenas,,
2026-05-31,ESS,Montanosa,,San Diego,ESS-montanosa-2br-907sqft-veranda,2,1.0,907,2849.0,2026-05-31,,False,,,,,,,,https://www.essexapartmenthomes.com/apartments/san-diego/montanosa/floor-plans-and-pricing,2026-04-04,2026-05-31,,,,,Veranda,,
2026-05-31,ESS,Montanosa,,San Diego,ESS-montanosa-2br-1018sqft-serrana,2,2.0,1018,2977.0,2026-05-31,,False,,,,,,,,https://www.essexapartmenthomes.com/apartments/san-diego/montanosa/floor-plans-and-pricing,2026-04-04,2026-05-31,,,,,Serrana,,
2026-05-31,ESS,Montanosa,,San Diego,ESS-montanosa-2br-1057sqft-marcay,2,2.0,1057,3017.0,2026-05-31,,False,,,,,,,,https://www.essexapartmenthomes.com/apartments/san-diego/montanosa/floor-plans-and-pricing,2026-04-04,2026-05-31,,,,,Marcay,,
2026-05-31,ESS,Summit Park Village,,San Diego,ESS-summit-park-village-1br-721sqft-plan-1a,1,1.0,721,2099.0,2026-05-31,,False,,,,,,,,https://www.essexapartmenthomes.com/apartments/san-diego/summit-park-village/floor-plans-and-pricing,2026-04-04,2026-05-31,,,,,Plan 1A,,
2026-05-31,ESS,Summit Park Village,,San Diego,ESS-summit-park-village-2br-918sqft-plan-2a,2,2.0,918,2427.0,2026-06-03,,False,,,,,,,,https://www.essexapartmenthomes.com/apartments/san-diego/summit-park-village/floor-plans-and-pricing,2026-04-04,2026-05-31,,,,,Plan 2A,,
2026-05-31,ESS,500 Folsom,,San Francisco,ESS-500-folsom-0br-564sqft-plan-angelo,0,1.0,564,4817.0,2026-06-07,,False,,,,,,,,https://www.essexapartmenthomes.com/apartments/san-francisco/500-folsom/floor-plans-and-pricing,2026-04-13,2026-05-31,,,,,Plan Angelo,,
2026-05-31,ESS,500 Folsom,,San Francisco,ESS-500-folsom-0br-462sqft-plan-twain,0,1.0,462,4839.0,2026-06-19,,False,,,,,,,,https://www.essexapartmenthomes.com/apartments/san-francisco/500-folsom/floor-plans-and-pricing,2026-05-31,2026-05-31,,,,,Plan Twain,,
2026-05-31,ESS,500 Folsom,,San Francisco,ESS-500-folsom-0br-733sqft-plan-bassett,0,1.0,733,5817.0,2026-05-31,,False,,,,,,,,https://www.essexapartmenthomes.com/apartments/san-francisco/500-folsom/floor-plans-and-pricing,2026-04-04,2026-05-31,,,,,Plan Bassett,,
2026-05-31,ESS,500 Folsom,,San Francisco,ESS-500-folsom-1br-663sqft-plan-telegraph,1,1.0,663,5477.0,2026-06-14,,False,,,,,,,,https://www.essexapartmenthomes.com/apartments/san-francisco/500-folsom/floor-plans-and-pricing,2026-05-09,2026-05-31,,,,,Plan Telegraph,,
2026-05-31,ESS,500 Folsom,,San Francisco,ESS-500-folsom-1br-636sqft-plan-golden-gate,1,1.0,636,5687.0,2026-05-31,,False,,,,,,,,https://www.essexapartmenthomes.com/apartments/san-francisco/500-folsom/floor-plans-and-pricing,2026-04-04,2026-05-31,,,,,Plan Golden Gate,,
2026-05-31,ESS,500 Folsom,,San Francisco,ESS-500-folsom-1br-606sqft-plan-sunset,1,1.0,606,5787.0,2026-06-29,,False,,,,,,,,https://www.essexapartmenthomes.com/apartments/san-francisco/500-folsom/floor-plans-and-pricing,2026-05-24,2026-05-31,,,,,Plan Sunset,,
2026-05-31,ESS,500 Folsom,,San Francisco,ESS-500-folsom-1br-891sqft-plan-north-beach,1,1.0,891,5817.0,2026-06-13,,False,,,,,,,,https://www.essexapartmenthomes.com/apartments/san-francisco/500-folsom/floor-plans-and-pricing,2026-05-17,2026-05-31,,,,,Plan North Beach,,
2026-05-31,ESS,500 Folsom,,San Francisco,ESS-500-folsom-1br-724sqft-plan-pacific,1,1.0,724,5957.0,2026-07-01,,False,,,,,,,,https://www.essexapartmenthomes.com/apartments/san-francisco/500-folsom/floor-plans-and-pricing,2026-05-24,2026-05-31,,,,,Plan Pacific,,
2026-05-31,ESS,500 Folsom,,San Francisco,ESS-500-folsom-1br-841sqft-plan-ashbury,1,1.0,841,6737.0,2026-05-31,,False,,,,,,,,https://www.essexapartmenthomes.com/apartments/san-francisco/500-folsom/floor-plans-and-pricing,2026-04-04,2026-05-31,,,,,Plan Ashbury,,
2026-05-31,ESS,Bennett Lofts,,San Francisco,ESS-bennett-lofts-0br-640sqft-plan-sa,0,1.0,640,3577.0,2026-05-31,,False,,,,,,,,https://www.essexapartmenthomes.com/apartments/san-francisco/bennett-lofts/floor-plans-and-pricing,2026-05-03,2026-05-31,,,,,Plan SA,,
2026-05-31,ESS,Bennett Lofts,,San Francisco,ESS-bennett-lofts-1br-602sqft-1-bed-1-bath,1,1.0,602,4619.0,2026-06-19,,False,,,,,,,,https://www.essexapartmenthomes.com/apartments/san-francisco/bennett-lofts/floor-plans-and-pricing,2026-05-09,2026-05-31,,,,,"1 Bed, 1 Bath",,
2026-05-31,ESS,Bennett Lofts,,San Francisco,ESS-bennett-lofts-1br-901sqft-1-bed-2-bath-c,1,2.0,901,5107.0,2026-07-08,,False,,,,,,,,https://www.essexapartmenthomes.com/apartments/san-francisco/bennett-lofts/floor-plans-and-pricing,2026-05-24,2026-05-31,,,,,"1 Bed, 2 Bath C",,
2026-05-31,ESS,Fox Plaza,,San Francisco,ESS-fox-plaza-0br-450sqft-plan-sa,0,1.0,450,2877.0,2026-06-06,,False,,,,,,,,https://www.essexapartmenthomes.com/apartments/san-francisco/fox-plaza/floor-plans-and-pricing,2026-04-04,2026-05-31,,,,,Plan SA,,
2026-05-31,ESS,Fox Plaza,,San Francisco,ESS-fox-plaza-0br-450sqft-plan-sb,0,1.0,450,3157.0,2026-05-31,,False,,,,,,,,https://www.essexapartmenthomes.com/apartments/san-francisco/fox-plaza/floor-plans-and-pricing,2026-04-04,2026-05-31,,,,,Plan SB,,
2026-05-31,ESS,Fox Plaza,,San Francisco,ESS-fox-plaza-1br-672sqft-plan-1a,1,1.0,672,4067.0,2026-06-24,,False,,,,,,,,https://www.essexapartmenthomes.com/apartments/san-francisco/fox-plaza/floor-plans-and-pricing,2026-05-24,2026-05-31,,,,,Plan 1A,,
2026-05-31,ESS,MB360,,San Francisco,ESS-mb360-1br-771sqft-iris,1,1.0,771,4919.0,2026-06-14,,False,,,,,,,,https://www.essexapartmenthomes.com/apartments/san-francisco/mb360/floor-plans-and-pricing,2026-05-09,2026-05-31,,,,,Iris,,
2026-05-31,ESS,MB360,,San Francisco,ESS-mb360-1br-861sqft-helix,1,1.0,861,4987.0,2026-06-13,,False,,,,,,,,https://www.essexapartmenthomes.com/apartments/san-francisco/mb360/floor-plans-and-pricing,2026-05-17,2026-05-31,,,,,Helix,,
2026-05-31,ESS,MB360,,San Francisco,ESS-mb360-1br-804sqft-halo,1,1.0,804,4989.0,2026-05-31,,False,,,,,,,,https://www.essexapartmenthomes.com/apartments/san-francisco/mb360/floor-plans-and-pricing,2026-05-31,2026-05-31,,,,,Halo,,
2026-05-31,ESS,MB360,,San Francisco,ESS-mb360-2br-1135sqft-panorama,2,2.0,1135,6527.0,2026-06-13,,False,,,,,,,,https://www.essexapartmenthomes.com/apartments/san-francisco/mb360/floor-plans-and-pricing,2026-05-24,2026-05-31,,,,,Panorama,,
2026-05-31,ESS,MB360,,San Francisco,ESS-mb360-2br-1215sqft-vortex,2,2.0,1215,6577.0,2026-06-14,,False,,,,,,,,https://www.essexapartmenthomes.com/apartments/san-francisco/mb360/floor-plans-and-pricing,2026-05-09,2026-05-31,,,,,Vortex,,
2026-05-31,ESS,Park West,,San Francisco,ESS-park-west-1br-644sqft-plan-1a,1,1.0,644,4397.0,2026-06-08,,False,,,,,,,,https://www.essexapartmenthomes.com/apartments/san-francisco/park-west/floor-plans-and-pricing,2026-04-13,2026-05-31,,,,,Plan 1A,,
2026-05-31,ESS,101 San Fernando,,San Jose,ESS-101-san-fernando-0br-560sqft-plan-sc,0,1.0,560,2669.0,2026-05-31,,False,,,,,,,,https://www.essexapartmenthomes.com/apartments/san-jose/101-san-fernando/floor-plans-and-pricing,2026-04-04,2026-05-31,,,,,Plan SC,,
2026-05-31,ESS,101 San Fernando,,San Jose,ESS-101-san-fernando-1br-769sqft-plan-1c,1,1.0,769,2857.0,2026-05-31,,False,,,,,,,,https://www.essexapartmenthomes.com/apartments/san-jose/101-san-fernando/floor-plans-and-pricing,2026-04-04,2026-05-31,,,,,Plan 1C,,
2026-05-31,ESS,101 San Fernando,,San Jose,ESS-101-san-fernando-2br-1077sqft-plan-2a,2,2.0,1077,3739.0,2026-05-31,,False,,,,,,,,https://www.essexapartmenthomes.com/apartments/san-jose/101-san-fernando/floor-plans-and-pricing,2026-04-19,2026-05-31,,,,,Plan 2A,,
2026-05-31,ESS,101 San Fernando,,San Jose,ESS-101-san-fernando-2br-1412sqft-plan-2f-townhome,2,2.5,1412,3917.0,2026-06-07,,False,,,,,,,,https://www.essexapartmenthomes.com/apartments/san-jose/101-san-fernando/floor-plans-and-pricing,2026-04-04,2026-05-31,,,,,Plan 2F Townhome,,
2026-05-31,ESS,360 Residences,,San Jose,ESS-360-residences-1br-815sqft-plan-1a,1,1.0,815,3509.0,2026-06-24,,False,,,,,,,,https://www.essexapartmenthomes.com/apartments/san-jose/360-residences/floor-plans-and-pricing,2026-04-26,2026-05-31,,,,,Plan 1A,,
2026-05-31,ESS,360 Residences,,San Jose,ESS-360-residences-1br-940sqft-plan-1c,1,1.0,940,3517.0,2026-07-24,,False,,,,,,,,https://www.essexapartmenthomes.com/apartments/san-jose/360-residences/floor-plans-and-pricing,2026-05-25,2026-05-31,,,,,Plan 1C,,
2026-05-31,ESS,360 Residences,,San Jose,ESS-360-residences-1br-910sqft-plan-1d,1,1.0,910,3689.0,2026-07-02,,False,,,,,,,,https://www.essexapartmenthomes.com/apartments/san-jose/360-residences/floor-plans-and-pricing,2026-04-04,2026-05-31,,,,,Plan 1D,,
2026-05-31,ESS,Bella Villagio,,San Jose,ESS-bella-villagio-1br-824sqft-bella-cielo-den,1,1.0,824,2897.0,2026-06-04,,False,,,,,,,,https://www.essexapartmenthomes.com/apartments/san-jose/bella-villagio/floor-plans-and-pricing,2026-04-04,2026-05-31,,,,,Bella Cielo + Den,,
2026-05-31,ESS,Bella Villagio,,San Jose,ESS-bella-villagio-2br-876sqft-bella-vita,2,1.0,876,3079.0,2026-05-31,,False,,,,,,,,https://www.essexapartmenthomes.com/apartments/san-jose/bella-villagio/floor-plans-and-pricing,2026-04-04,2026-05-31,,,,,Bella Vita,,
2026-05-31,ESS,Bella Villagio,,San Jose,ESS-bella-villagio-2br-1046sqft-bella-sole,2,2.0,1046,3189.0,2026-07-06,,False,,,,,,,,https://www.essexapartmenthomes.com/apartments/san-jose/bella-villagio/floor-plans-and-pricing,2026-04-04,2026-05-31,,,,,Bella Sole,,
2026-05-31,ESS,Bella Villagio,,San Jose,ESS-bella-villagio-2br-1180sqft-bella-luna,2,2.0,1180,3617.0,2026-07-20,,False,,,,,,,,https://www.essexapartmenthomes.com/apartments/san-jose/bella-villagio/floor-plans-and-pricing,2026-04-19,2026-05-31,,,,,Bella Luna,,
2026-05-31,ESS,Bella Villagio,,San Jose,ESS-bella-villagio-3br-1319sqft-bella-terra,3,3.0,1319,4549.0,2026-07-10,,False,,,,,,,,https://www.essexapartmenthomes.com/apartments/san-jose/bella-villagio/floor-plans-and-pricing,2026-04-04,2026-05-31,,,,,Bella Terra,,
2026-05-31,ESS,Century Towers,,San Jose,ESS-century-towers-1br-720sqft-plan-1c,1,1.0,720,3257.0,2026-07-18,,False,,,,,,,,https://www.essexapartmenthomes.com/apartments/san-jose/century-towers/floor-plans-and-pricing,2026-04-04,2026-05-31,,,,,Plan 1C,,
2026-05-31,ESS,Century Towers,,San Jose,ESS-century-towers-1br-769sqft-plan-1d,1,1.0,769,3389.0,2026-06-07,,False,,,,,,,,https://www.essexapartmenthomes.com/apartments/san-jose/century-towers/floor-plans-and-pricing,2026-05-31,2026-05-31,,,,,Plan 1D,,
2026-05-31,ESS,Century Towers,,San Jose,ESS-century-towers-1br-936sqft-plan-1h,1,1.0,936,3497.0,2026-06-13,,False,,,,,,,,https://www.essexapartmenthomes.com/apartments/san-jose/century-towers/floor-plans-and-pricing,2026-04-26,2026-05-31,,,,,Plan 1H,,
2026-05-31,ESS,Century Towers,,San Jose,ESS-century-towers-1br-586sqft-plan-1b,1,1.0,586,3669.0,2026-06-21,,False,,,,,,,,https://www.essexapartmenthomes.com/apartments/san-jose/century-towers/floor-plans-and-pricing,2026-04-04,2026-05-31,,,,,Plan 1B,,
2026-05-31,ESS,Century Towers,,San Jose,ESS-century-towers-2br-1096sqft-plan-2a,2,2.0,1096,3817.0,2026-05-31,,False,,,,,,,,https://www.essexapartmenthomes.com/apartments/san-jose/century-towers/floor-plans-and-pricing,2026-04-04,2026-05-31,,,,,Plan 2A,,
2026-05-31,ESS,Century Towers,,San Jose,ESS-century-towers-2br-1172sqft-plan-2b,2,2.0,1172,4099.0,2026-07-18,,False,,,,,,,,https://www.essexapartmenthomes.com/apartments/san-jose/century-towers/floor-plans-and-pricing,2026-04-04,2026-05-31,,,,,Plan 2B,,
2026-05-31,ESS,Century Towers,,San Jose,ESS-century-towers-2br-1188sqft-plan-2c,2,2.0,1188,4497.0,2026-07-04,,False,,,,,,,,https://www.essexapartmenthomes.com/apartments/san-jose/century-towers/floor-plans-and-pricing,2026-04-04,2026-05-31,,,,,Plan 2C,,
2026-05-31,ESS,Enso,,San Jose,ESS-enso-0br-593sqft-plan-sa,0,1.0,593,2877.0,2026-05-31,,False,,,,,,,,https://www.essexapartmenthomes.com/apartments/san-jose/enso/floor-plans-and-pricing,2026-04-04,2026-05-31,,,,,Plan SA,,
2026-05-31,ESS,Enso,,San Jose,ESS-enso-1br-889sqft-plan-1c,1,1.0,889,3397.0,2026-07-05,,False,,,,,,,,https://www.essexapartmenthomes.com/apartments/san-jose/enso/floor-plans-and-pricing,2026-05-31,2026-05-31,,,,,Plan 1C,,
2026-05-31,ESS,Enso,,San Jose,ESS-enso-2br-1185sqft-plan-2b,2,2.0,1185,4239.0,2026-06-09,,False,,,,,,,,https://www.essexapartmenthomes.com/apartments/san-jose/enso/floor-plans-and-pricing,2026-04-04,2026-05-31,,,,,Plan 2B,,
2026-05-31,ESS,Epic,,San Jose,ESS-epic-0br-565sqft-heroic,0,1.0,565,2847.0,2026-05-31,,False,,,,,,,,https://www.essexapartmenthomes.com/apartments/san-jose/epic/floor-plans-and-pricing,2026-04-04,2026-05-31,,,,,Heroic,,
2026-05-31,ESS,Epic,,San Jose,ESS-epic-1br-739sqft-chronicle,1,1.0,739,3057.0,2026-05-31,,False,,,,,,,,https://www.essexapartmenthomes.com/apartments/san-jose/epic/floor-plans-and-pricing,2026-04-04,2026-05-31,,,,,Chronicle,,
2026-05-31,ESS,Epic,,San Jose,ESS-epic-1br-778sqft-saga,1,1.0,778,3057.0,2026-05-31,,False,,,,,,,,https://www.essexapartmenthomes.com/apartments/san-jose/epic/floor-plans-and-pricing,2026-04-04,2026-05-31,,,,,Saga,,
2026-05-31,ESS,Epic,,San Jose,ESS-epic-1br-720sqft-odyssey,1,1.0,720,3207.0,2026-05-31,,False,,,,,,,,https://www.essexapartmenthomes.com/apartments/san-jose/epic/floor-plans-and-pricing,2026-04-04,2026-05-31,,,,,Odyssey,,
2026-05-31,ESS,Epic,,San Jose,ESS-epic-2br-1044sqft-folklore,2,2.0,1044,4477.0,2026-06-08,,False,,,,,,,,https://www.essexapartmenthomes.com/apartments/san-jose/epic/floor-plans-and-pricing,2026-04-04,2026-05-31,,,,,Folklore,,
2026-05-31,ESS,Epic,,San Jose,ESS-epic-2br-1100sqft-legend,2,2.0,1100,4537.0,2026-05-31,,False,,,,,,,,https://www.essexapartmenthomes.com/apartments/san-jose/epic/floor-plans-and-pricing,2026-04-04,2026-05-31,,,,,Legend,,
2026-05-31,ESS,Epic,,San Jose,ESS-epic-2br-1045sqft-fable,2,2.0,1045,4597.0,2026-06-07,,False,,,,,,,,https://www.essexapartmenthomes.com/apartments/san-jose/epic/floor-plans-and-pricing,2026-05-03,2026-05-31,,,,,Fable,,
2026-05-31,ESS,Fountains at River Oaks,,San Jose,ESS-fountains-at-river-oaks-1br-875sqft-yosemite-falls,1,1.0,875,3417.0,2026-06-09,,False,,,,,,,,https://www.essexapartmenthomes.com/apartments/san-jose/fountains-at-river-oaks/floor-plans-and-pricing,2026-04-04,2026-05-31,,,,,Yosemite Falls,,
2026-05-31,ESS,Fountains at River Oaks,,San Jose,ESS-fountains-at-river-oaks-2br-1050sqft-victoria-falls,2,2.0,1050,3919.0,2026-05-31,,False,,,,,,,,https://www.essexapartmenthomes.com/apartments/san-jose/fountains-at-river-oaks/floor-plans-and-pricing,2026-04-13,2026-05-31,,,,,Victoria Falls,,
2026-05-31,ESS,Marquis,,San Jose,ESS-marquis-0br-554sqft-plan-sb,0,1.0,554,2667.0,2026-07-17,,False,,,,,,,,https://www.essexapartmenthomes.com/apartments/san-jose/marquis/floor-plans-and-pricing,2026-05-09,2026-05-31,,,,,Plan SB,,
2026-05-31,ESS,Marquis,,San Jose,ESS-marquis-0br-530sqft-plan-sa,0,1.0,530,2677.0,2026-06-10,,False,,,,,,,,https://www.essexapartmenthomes.com/apartments/san-jose/marquis/floor-plans-and-pricing,2026-05-09,2026-05-31,,,,,Plan SA,,
2026-05-31,ESS,Marquis,,San Jose,ESS-marquis-1br-715sqft-plan-1b,1,1.0,715,2897.0,2026-05-31,,False,,,,,,,,https://www.essexapartmenthomes.com/apartments/san-jose/marquis/floor-plans-and-pricing,2026-04-04,2026-05-31,,,,,Plan 1B,,
2026-05-31,ESS,Marquis,,San Jose,ESS-marquis-2br-1042sqft-plan-2b,2,2.0,1042,3549.0,2026-05-31,,False,,,,,,,,https://www.essexapartmenthomes.com/apartments/san-jose/marquis/floor-plans-and-pricing,2026-04-13,2026-05-31,,,,,Plan 2B,,
2026-05-31,ESS,Marquis,,San Jose,ESS-marquis-2br-1173sqft-plan-2d,2,2.0,1173,3599.0,2026-06-25,,False,,,,,,,,https://www.essexapartmenthomes.com/apartments/san-jose/marquis/floor-plans-and-pricing,2026-05-31,2026-05-31,,,,,Plan 2D,,
2026-05-31,ESS,Marquis,,San Jose,ESS-marquis-2br-1038sqft-plan-2a,2,2.0,1038,3629.0,2026-06-26,,False,,,,,,,,https://www.essexapartmenthomes.com/apartments/san-jose/marquis/floor-plans-and-pricing,2026-04-04,2026-05-31,,,,,Plan 2A,,
2026-05-31,ESS,Marquis,,San Jose,ESS-marquis-2br-1043sqft-plan-2c,2,2.0,1043,3629.0,2026-06-09,,False,,,,,,,,https://www.essexapartmenthomes.com/apartments/san-jose/marquis/floor-plans-and-pricing,2026-04-19,2026-05-31,,,,,Plan 2C,,
2026-05-31,ESS,Meridian at Midtown,,San Jose,ESS-meridian-at-midtown-0br-557sqft-plan-sa,0,1.0,557,2647.0,2026-07-03,,False,,,,,,,,https://www.essexapartmenthomes.com/apartments/san-jose/meridian-at-midtown/floor-plans-and-pricing,2026-05-17,2026-05-31,,,,,Plan SA,,
2026-05-31,ESS,Meridian at Midtown,,San Jose,ESS-meridian-at-midtown-0br-533sqft-plan-sc,0,1.0,533,2699.0,2026-06-06,,False,,,,,,,,https://www.essexapartmenthomes.com/apartments/san-jose/meridian-at-midtown/floor-plans-and-pricing,2026-05-31,2026-05-31,,,,,Plan SC,,
2026-05-31,ESS,Meridian at Midtown,,San Jose,ESS-meridian-at-midtown-0br-567sqft-plan-sb-den,0,1.0,567,2737.0,2026-06-20,,False,,,,,,,,https://www.essexapartmenthomes.com/apartments/san-jose/meridian-at-midtown/floor-plans-and-pricing,2026-05-24,2026-05-31,,,,,Plan SB + Den,,
2026-05-31,ESS,Meridian at Midtown,,San Jose,ESS-meridian-at-midtown-1br-760sqft-plan-1b,1,1.0,760,2909.0,2026-05-31,,False,,,,,,,,https://www.essexapartmenthomes.com/apartments/san-jose/meridian-at-midtown/floor-plans-and-pricing,2026-05-09,2026-05-31,,,,,Plan 1B,,
2026-05-31,ESS,Meridian at Midtown,,San Jose,ESS-meridian-at-midtown-1br-737sqft-plan-1a,1,1.0,737,2937.0,2026-05-31,,False,,,,,,,,https://www.essexapartmenthomes.com/apartments/san-jose/meridian-at-midtown/floor-plans-and-pricing,2026-04-04,2026-05-31,,,,,Plan 1A,,
2026-05-31,ESS,Meridian at Midtown,,San Jose,ESS-meridian-at-midtown-2br-1044sqft-plan-2d,2,2.0,1044,3517.0,2026-06-07,,False,,,,,,,,https://www.essexapartmenthomes.com/apartments/san-jose/meridian-at-midtown/floor-plans-and-pricing,2026-04-04,2026-05-31,,,,,Plan 2D,,
2026-05-31,ESS,Meridian at Midtown,,San Jose,ESS-meridian-at-midtown-2br-1079sqft-plan-2c,2,2.0,1079,3807.0,2026-06-24,,False,,,,,,,,https://www.essexapartmenthomes.com/apartments/san-jose/meridian-at-midtown/floor-plans-and-pricing,2026-05-24,2026-05-31,,,,,Plan 2C,,
2026-05-31,ESS,Meridian at Midtown,,San Jose,ESS-meridian-at-midtown-2br-1321sqft-plan-2i,2,2.0,1321,3919.0,2026-06-09,,False,,,,,,,,https://www.essexapartmenthomes.com/apartments/san-jose/meridian-at-midtown/floor-plans-and-pricing,2026-05-31,2026-05-31,,,,,Plan 2I,,
2026-05-31,ESS,Mio,,San Jose,ESS-mio-1br-759sqft-plan-1d,1,1.0,759,3437.0,2026-05-31,,False,,,,,,,,https://www.essexapartmenthomes.com/apartments/san-jose/mio/floor-plans-and-pricing,2026-04-04,2026-05-31,,,,,Plan 1D,,
2026-05-31,ESS,Mio,,San Jose,ESS-mio-2br-980sqft-plan-2a,2,2.0,980,3817.0,2026-05-31,,False,,,,,,,,https://www.essexapartmenthomes.com/apartments/san-jose/mio/floor-plans-and-pricing,2026-04-04,2026-05-31,,,,,Plan 2A,,
2026-05-31,ESS,Mio,,San Jose,ESS-mio-2br-1129sqft-plan-2e,2,2.0,1129,4089.0,2026-07-04,,False,,,,,,,,https://www.essexapartmenthomes.com/apartments/san-jose/mio/floor-plans-and-pricing,2026-05-31,2026-05-31,,,,,Plan 2E,,
2026-05-31,ESS,Palma Sorrento at Palm Valley,,San Jose,ESS-palma-sorrento-at-palm-valley-1br-840sqft-la-verona,1,1.0,840,3047.0,2026-07-20,,False,,,,,,,,https://www.essexapartmenthomes.com/apartments/san-jose/palma-sorrento-at-palm-valley/floor-plans-and-pricing,2026-05-03,2026-05-31,,,,,La Verona,,
2026-05-31,ESS,Palma Sorrento at Palm Valley,,San Jose,ESS-palma-sorrento-at-palm-valley-1br-764sqft-la-spezia,1,1.0,764,3097.0,2026-05-31,,False,,,,,,,,https://www.essexapartmenthomes.com/apartments/san-jose/palma-sorrento-at-palm-valley/floor-plans-and-pricing,2026-04-04,2026-05-31,,,,,La Spezia,,
2026-05-31,ESS,Palma Sorrento at Palm Valley,,San Jose,ESS-palma-sorrento-at-palm-valley-2br-1258sqft-la-catania,2,2.0,1258,3669.0,2026-06-07,,False,,,,,,,,https://www.essexapartmenthomes.com/apartments/san-jose/palma-sorrento-at-palm-valley/floor-plans-and-pricing,2026-04-04,2026-05-31,,,,,La Catania,,
2026-05-31,ESS,Patina at Midtown,,San Jose,ESS-patina-at-midtown-0br-528sqft-slate,0,1.0,528,2757.0,2026-07-08,,False,,,,,,,,https://www.essexapartmenthomes.com/apartments/san-jose/patina-at-midtown/floor-plans-and-pricing,2026-04-04,2026-05-31,,,,,Slate,,
2026-05-31,ESS,Patina at Midtown,,San Jose,ESS-patina-at-midtown-1br-1031sqft-onyx,1,1.0,1031,3219.0,2026-05-31,,False,,,,,,,,https://www.essexapartmenthomes.com/apartments/san-jose/patina-at-midtown/floor-plans-and-pricing,2026-04-04,2026-05-31,,,,,Onyx,,
2026-05-31,ESS,Patina at Midtown,,San Jose,ESS-patina-at-midtown-2br-1040sqft-coral,2,2.0,1040,3497.0,2026-07-12,,False,,,,,,,,https://www.essexapartmenthomes.com/apartments/san-jose/patina-at-midtown/floor-plans-and-pricing,2026-04-04,2026-05-31,,,,,Coral,,
2026-05-31,ESS,Santa Palmia at Palm Valley,,San Jose,ESS-santa-palmia-at-palm-valley-1br-698sqft-la-sofia,1,1.0,698,2869.0,2026-05-31,,False,,,,,,,,https://www.essexapartmenthomes.com/apartments/san-jose/santa-palmia-at-palm-valley/floor-plans-and-pricing,2026-04-04,2026-05-31,,,,,La Sofia,,
2026-05-31,ESS,Santa Palmia at Palm Valley,,San Jose,ESS-santa-palmia-at-palm-valley-1br-806sqft-il-greco,1,1.0,806,2969.0,2026-05-31,,False,,,,,,,,https://www.essexapartmenthomes.com/apartments/san-jose/santa-palmia-at-palm-valley/floor-plans-and-pricing,2026-04-04,2026-05-31,,,,,Il Greco,,
2026-05-31,ESS,Santa Palmia at Palm Valley,,San Jose,ESS-santa-palmia-at-palm-valley-2br-1033sqft-la-calabria,2,2.0,1033,3677.0,2026-06-23,,False,,,,,,,,https://www.essexapartmenthomes.com/apartments/san-jose/santa-palmia-at-palm-valley/floor-plans-and-pricing,2026-04-04,2026-05-31,,,,,La Calabria,,
2026-05-31,ESS,Santa Palmia at Palm Valley,,San Jose,ESS-santa-palmia-at-palm-valley-2br-1073sqft-il-mondello,2,2.0,1073,4047.0,2026-07-03,,False,,,,,,,,https://www.essexapartmenthomes.com/apartments/san-jose/santa-palmia-at-palm-valley/floor-plans-and-pricing,2026-04-04,2026-05-31,,,,,Il Mondello,,
2026-05-31,ESS,Santa Palmia at Palm Valley,,San Jose,ESS-santa-palmia-at-palm-valley-2br-1228sqft-il-bari,2,2.0,1228,4187.0,2026-06-20,,False,,,,,,,,https://www.essexapartmenthomes.com/apartments/san-jose/santa-palmia-at-palm-valley/floor-plans-and-pricing,2026-05-09,2026-05-31,,,,,Il Bari,,
2026-05-31,ESS,Silver,,San Jose,ESS-silver-0br-523sqft-plan-sa,0,1.0,523,2759.0,2026-05-31,,False,,,,,,,,https://www.essexapartmenthomes.com/apartments/san-jose/silver/floor-plans-and-pricing,2026-04-04,2026-05-31,,,,,Plan SA,,
2026-05-31,ESS,Silver,,San Jose,ESS-silver-1br-666sqft-plan-1a,1,1.0,666,3337.0,2026-05-31,,False,,,,,,,,https://www.essexapartmenthomes.com/apartments/san-jose/silver/floor-plans-and-pricing,2026-04-04,2026-05-31,,,,,Plan 1A,,
2026-05-31,ESS,Silver,,San Jose,ESS-silver-1br-723sqft-plan-1c,1,1.0,723,3439.0,2026-06-16,,False,,,,,,,,https://www.essexapartmenthomes.com/apartments/san-jose/silver/floor-plans-and-pricing,2026-04-05,2026-05-31,,,,,Plan 1C,,
2026-05-31,ESS,Silver,,San Jose,ESS-silver-1br-916sqft-plan-1i-loft,1,2.0,916,3839.0,2026-06-02,,False,,,,,,,,https://www.essexapartmenthomes.com/apartments/san-jose/silver/floor-plans-and-pricing,2026-05-09,2026-05-31,,,,,Plan 1I Loft,,
2026-05-31,ESS,Silver,,San Jose,ESS-silver-2br-1102sqft-plan-2d,2,2.0,1102,3687.0,2026-06-02,,False,,,,,,,,https://www.essexapartmenthomes.com/apartments/san-jose/silver/floor-plans-and-pricing,2026-04-04,2026-05-31,,,,,Plan 2D,,
2026-05-31,ESS,Silver,,San Jose,ESS-silver-2br-1040sqft-plan-2b,2,2.0,1040,3859.0,2026-06-09,,False,,,,,,,,https://www.essexapartmenthomes.com/apartments/san-jose/silver/floor-plans-and-pricing,2026-04-04,2026-05-31,,,,,Plan 2B,,
2026-05-31,ESS,Silver,,San Jose,ESS-silver-2br-1247sqft-plan-2h,2,2.0,1247,4177.0,2026-07-04,,False,,,,,,,,https://www.essexapartmenthomes.com/apartments/san-jose/silver/floor-plans-and-pricing,2026-05-17,2026-05-31,,,,,Plan 2H,,
2026-05-31,ESS,The Carlyle,,San Jose,ESS-the-carlyle-2br-1028sqft-the-monterey,2,2.0,1028,3569.0,2026-05-31,,False,,,,,,,,https://www.essexapartmenthomes.com/apartments/san-jose/the-carlyle/floor-plans-and-pricing,2026-04-04,2026-05-31,,,,,The Monterey,,
2026-05-31,ESS,The Carlyle,,San Jose,ESS-the-carlyle-3br-1232sqft-the-saratoga,3,2.0,1232,4239.0,2026-06-11,,False,,,,,,,,https://www.essexapartmenthomes.com/apartments/san-jose/the-carlyle/floor-plans-and-pricing,2026-05-03,2026-05-31,,,,,The Saratoga,,
2026-05-31,ESS,The Esplanade,,San Jose,ESS-the-esplanade-1br-737sqft-plan-1a,1,1.0,737,3017.0,2026-05-31,,False,,,,,,,,https://www.essexapartmenthomes.com/apartments/san-jose/the-esplanade/floor-plans-and-pricing,2026-04-04,2026-05-31,,,,,Plan 1A,,
2026-05-31,ESS,The Esplanade,,San Jose,ESS-the-esplanade-1br-737sqft-plan-1b,1,1.0,737,3069.0,2026-06-13,,False,,,,,,,,https://www.essexapartmenthomes.com/apartments/san-jose/the-esplanade/floor-plans-and-pricing,2026-04-04,2026-05-31,,,,,Plan 1B,,
2026-05-31,ESS,The Esplanade,,San Jose,ESS-the-esplanade-2br-1204sqft-plan-2a-loft-townhome,2,2.0,1204,4097.0,2026-05-31,,False,,,,,,,,https://www.essexapartmenthomes.com/apartments/san-jose/the-esplanade/floor-plans-and-pricing,2026-05-09,2026-05-31,,,,,Plan 2A + Loft Townhome,,
2026-05-31,ESS,The Esplanade,,San Jose,ESS-the-esplanade-2br-1204sqft-plan-2b-loft-townhome,2,2.0,1204,4139.0,2026-06-14,,False,,,,,,,,https://www.essexapartmenthomes.com/apartments/san-jose/the-esplanade/floor-plans-and-pricing,2026-04-04,2026-05-31,,,,,Plan 2B + Loft Townhome,,
2026-05-31,ESS,Villa Veneto at Palm Valley,,San Jose,ESS-villa-veneto-at-palm-valley-1br-833sqft-il-palermo,1,1.0,833,3299.0,2026-07-01,,False,,,,,,,,https://www.essexapartmenthomes.com/apartments/san-jose/villa-veneto-at-palm-valley/floor-plans-and-pricing,2026-04-04,2026-05-31,,,,,Il Palermo,,
2026-05-31,ESS,Villa Veneto at Palm Valley,,San Jose,ESS-villa-veneto-at-palm-valley-2br-1253sqft-la-roma,2,2.5,1253,4177.0,2026-06-20,,False,,,,,,,,https://www.essexapartmenthomes.com/apartments/san-jose/villa-veneto-at-palm-valley/floor-plans-and-pricing,2026-04-04,2026-05-31,,,,,La Roma,,
2026-05-31,ESS,Villa Veneto at Palm Valley,,San Jose,ESS-villa-veneto-at-palm-valley-3br-1406sqft-il-venetian,3,2.0,1406,4989.0,2026-07-03,,False,,,,,,,,https://www.essexapartmenthomes.com/apartments/san-jose/villa-veneto-at-palm-valley/floor-plans-and-pricing,2026-04-04,2026-05-31,,,,,Il Venetian,,
2026-05-31,ESS,ViO,,San Jose,ESS-vio-1br-761sqft-plan-1d,1,1.0,761,2867.0,2026-05-31,,False,,,,,,,,https://www.essexapartmenthomes.com/apartments/san-jose/vio/floor-plans-and-pricing,2026-04-04,2026-05-31,,,,,Plan 1D,,
2026-05-31,ESS,ViO,,San Jose,ESS-vio-1br-817sqft-plan-1e,1,1.0,817,2997.0,2026-06-09,,False,,,,,,,,https://www.essexapartmenthomes.com/apartments/san-jose/vio/floor-plans-and-pricing,2026-04-04,2026-05-31,,,,,Plan 1E,,
2026-05-31,ESS,ViO,,San Jose,ESS-vio-3br-1327sqft-plan-3b,3,2.0,1327,4807.0,2026-06-25,,False,,,,,,,,https://www.essexapartmenthomes.com/apartments/san-jose/vio/floor-plans-and-pricing,2026-04-04,2026-05-31,,,,,Plan 3B,,
2026-05-31,ESS,Waterford Place,,San Jose,ESS-waterford-place-1br-731sqft-the-carlton,1,1.0,731,2877.0,2026-05-31,,False,,,,,,,,https://www.essexapartmenthomes.com/apartments/san-jose/waterford-place/floor-plans-and-pricing,2026-04-04,2026-05-31,,,,,The Carlton,,
2026-05-31,ESS,Waterford Place,,San Jose,ESS-waterford-place-2br-1095sqft-the-ashworth,2,2.0,1095,3287.0,2026-06-25,,False,,,,,,,,https://www.essexapartmenthomes.com/apartments/san-jose/waterford-place/floor-plans-and-pricing,2026-04-04,2026-05-31,,,,,The Ashworth,,
2026-05-31,ESS,Waterford Place,,San Jose,ESS-waterford-place-2br-1063sqft-the-harcourt,2,2.0,1063,3387.0,2026-07-04,,False,,,,,,,,https://www.essexapartmenthomes.com/apartments/san-jose/waterford-place/floor-plans-and-pricing,2026-04-04,2026-05-31,,,,,The Harcourt,,
2026-05-31,ESS,Willow Lake,,San Jose,ESS-willow-lake-1br-732sqft-maple,1,1.0,732,3027.0,2026-05-31,,False,,,,,,,,https://www.essexapartmenthomes.com/apartments/san-jose/willow-lake/floor-plans-and-pricing,2026-04-04,2026-05-31,,,,,Maple,,
2026-05-31,ESS,Willow Lake,,San Jose,ESS-willow-lake-2br-1015sqft-magnolia,2,2.0,1015,3539.0,2026-05-31,,False,,,,,,,,https://www.essexapartmenthomes.com/apartments/san-jose/willow-lake/floor-plans-and-pricing,2026-04-04,2026-05-31,,,,,Magnolia,,
2026-05-31,ESS,Willow Lake,,San Jose,ESS-willow-lake-2br-1150sqft-chestnut,2,2.0,1150,3827.0,2026-06-15,,False,,,,,,,,https://www.essexapartmenthomes.com/apartments/san-jose/willow-lake/floor-plans-and-pricing,2026-04-13,2026-05-31,,,,,Chestnut,,
2026-05-31,ESS,Willow Lake,,San Jose,ESS-willow-lake-3br-1303sqft-cypress,3,3.0,1303,4617.0,2026-07-07,,False,,,,,,,,https://www.essexapartmenthomes.com/apartments/san-jose/willow-lake/floor-plans-and-pricing,2026-04-05,2026-05-31,,,,,Cypress,,
2026-05-31,ESS,Lakeshore Landing,,Bay Area,ESS-lakeshore-landing-1br-570sqft-shoreline,1,1.0,570,3009.0,2026-06-14,,False,,,,,,,,https://www.essexapartmenthomes.com/apartments/san-mateo/lakeshore-landing/floor-plans-and-pricing,2026-04-04,2026-05-31,,,,,Shoreline,,
2026-05-31,ESS,Lakeshore Landing,,Bay Area,ESS-lakeshore-landing-1br-835sqft-bayfront-den,1,1.0,835,3607.0,2026-05-31,,False,,,,,,,,https://www.essexapartmenthomes.com/apartments/san-mateo/lakeshore-landing/floor-plans-and-pricing,2026-04-13,2026-05-31,,,,,Bayfront + Den,,
2026-05-31,ESS,Lakeshore Landing,,Bay Area,ESS-lakeshore-landing-2br-899sqft-harbor,2,2.0,899,4267.0,2026-06-03,,False,,,,,,,,https://www.essexapartmenthomes.com/apartments/san-mateo/lakeshore-landing/floor-plans-and-pricing,2026-04-04,2026-05-31,,,,,Harbor,,
2026-05-31,ESS,Lakeshore Landing,,Bay Area,ESS-lakeshore-landing-2br-858sqft-marina,2,2.0,858,4459.0,2026-07-04,,False,,,,,,,,https://www.essexapartmenthomes.com/apartments/san-mateo/lakeshore-landing/floor-plans-and-pricing,2026-04-04,2026-05-31,,,,,Marina,,
2026-05-31,ESS,Station Park Green,,Bay Area,ESS-station-park-green-1br-721sqft-fir,1,1.0,721,3747.0,2026-05-31,,False,,,,,,,,https://www.essexapartmenthomes.com/apartments/san-mateo/station-park-green/floor-plans-and-pricing,2026-05-17,2026-05-31,,,,,Fir,,
2026-05-31,ESS,Station Park Green,,Bay Area,ESS-station-park-green-1br-824sqft-walnut,1,1.0,824,3837.0,2026-06-21,,False,,,,,,,,https://www.essexapartmenthomes.com/apartments/san-mateo/station-park-green/floor-plans-and-pricing,2026-05-17,2026-05-31,,,,,Walnut,,
2026-05-31,ESS,Station Park Green,,Bay Area,ESS-station-park-green-1br-735sqft-cedar,1,1.0,735,3869.0,2026-06-12,,False,,,,,,,,https://www.essexapartmenthomes.com/apartments/san-mateo/station-park-green/floor-plans-and-pricing,2026-05-03,2026-05-31,,,,,Cedar,,
2026-05-31,ESS,Station Park Green,,Bay Area,ESS-station-park-green-1br-773sqft-balsam,1,1.0,773,4049.0,2026-06-13,,False,,,,,,,,https://www.essexapartmenthomes.com/apartments/san-mateo/station-park-green/floor-plans-and-pricing,2026-04-04,2026-05-31,,,,,Balsam,,
2026-05-31,ESS,Station Park Green,,Bay Area,ESS-station-park-green-1br-808sqft-olive,1,1.0,808,4079.0,2026-05-31,,False,,,,,,,,https://www.essexapartmenthomes.com/apartments/san-mateo/station-park-green/floor-plans-and-pricing,2026-04-04,2026-05-31,,,,,Olive,,
2026-05-31,ESS,Station Park Green,,Bay Area,ESS-station-park-green-1br-831sqft-gingko-den,1,1.0,831,4137.0,2026-06-26,,False,,,,,,,,https://www.essexapartmenthomes.com/apartments/san-mateo/station-park-green/floor-plans-and-pricing,2026-04-04,2026-05-31,,,,,Gingko + Den,,
2026-05-31,ESS,Station Park Green,,Bay Area,ESS-station-park-green-1br-865sqft-alder,1,1.0,865,4179.0,2026-07-05,,False,,,,,,,,https://www.essexapartmenthomes.com/apartments/san-mateo/station-park-green/floor-plans-and-pricing,2026-04-04,2026-05-31,,,,,Alder,,
2026-05-31,ESS,Station Park Green,,Bay Area,ESS-station-park-green-1br-945sqft-oak-den,1,1.0,945,4307.0,2026-07-12,,False,,,,,,,,https://www.essexapartmenthomes.com/apartments/san-mateo/station-park-green/floor-plans-and-pricing,2026-05-31,2026-05-31,,,,,Oak + Den,,
2026-05-31,ESS,Station Park Green,,Bay Area,ESS-station-park-green-2br-1039sqft-redwood,2,2.0,1039,5357.0,2026-05-31,,False,,,,,,,,https://www.essexapartmenthomes.com/apartments/san-mateo/station-park-green/floor-plans-and-pricing,2026-04-04,2026-05-31,,,,,Redwood,,
2026-05-31,ESS,Station Park Green,,Bay Area,ESS-station-park-green-2br-1200sqft-sequoia,2,2.0,1200,5397.0,2026-06-14,,False,,,,,,,,https://www.essexapartmenthomes.com/apartments/san-mateo/station-park-green/floor-plans-and-pricing,2026-04-04,2026-05-31,,,,,Sequoia,,
2026-05-31,ESS,Station Park Green,,Bay Area,ESS-station-park-green-2br-1176sqft-acacia,2,2.0,1176,5757.0,2026-06-10,,False,,,,,,,,https://www.essexapartmenthomes.com/apartments/san-mateo/station-park-green/floor-plans-and-pricing,2026-05-17,2026-05-31,,,,,Acacia,,
2026-05-31,ESS,Station Park Green,,Bay Area,ESS-station-park-green-3br-1271sqft-madrone,3,2.0,1271,5449.0,2026-06-24,,False,,,,,,,,https://www.essexapartmenthomes.com/apartments/san-mateo/station-park-green/floor-plans-and-pricing,2026-05-24,2026-05-31,,,,,Madrone,,
2026-05-31,ESS,Deer Valley,,San Rafael,ESS-deer-valley-1br-706sqft-plan-1a,1,1.0,706,2829.0,2026-05-31,,False,,,,,,,,https://www.essexapartmenthomes.com/apartments/san-rafael/deer-valley/floor-plans-and-pricing,2026-04-13,2026-05-31,,,,,Plan 1A,,
2026-05-31,ESS,Deer Valley,,San Rafael,ESS-deer-valley-2br-981sqft-plan-2b,2,2.0,981,3267.0,2026-06-08,,False,,,,,,,,https://www.essexapartmenthomes.com/apartments/san-rafael/deer-valley/floor-plans-and-pricing,2026-04-04,2026-05-31,,,,,Plan 2B,,
2026-05-31,ESS,Bel Air,,Bay Area,ESS-bel-air-0br-436sqft-the-sandcove,0,1.0,436,2069.0,2026-06-11,,False,,,,,,,,https://www.essexapartmenthomes.com/apartments/san-ramon/bel-air/floor-plans-and-pricing,2026-04-04,2026-05-31,,,,,The Sandcove,,
2026-05-31,ESS,Bel Air,,Bay Area,ESS-bel-air-1br-712sqft-the-sunridge,1,1.0,712,2499.0,2026-06-02,,False,,,,,,,,https://www.essexapartmenthomes.com/apartments/san-ramon/bel-air/floor-plans-and-pricing,2026-04-04,2026-05-31,,,,,The Sunridge,,
2026-05-31,ESS,Bel Air,,Bay Area,ESS-bel-air-1br-845sqft-the-back-nine,1,1.0,845,2947.0,2026-06-27,,False,,,,,,,,https://www.essexapartmenthomes.com/apartments/san-ramon/bel-air/floor-plans-and-pricing,2026-05-03,2026-05-31,,,,,The Back-Nine,,
2026-05-31,ESS,Bel Air,,Bay Area,ESS-bel-air-1br-770sqft-the-putter,1,1.0,770,3187.0,2026-05-31,,False,,,,,,,,https://www.essexapartmenthomes.com/apartments/san-ramon/bel-air/floor-plans-and-pricing,2026-04-04,2026-05-31,,,,,The Putter,,
2026-05-31,ESS,Bel Air,,Bay Area,ESS-bel-air-2br-900sqft-the-skycrest,2,2.0,900,3137.0,2026-05-31,,False,,,,,,,,https://www.essexapartmenthomes.com/apartments/san-ramon/bel-air/floor-plans-and-pricing,2026-04-04,2026-05-31,,,,,The Skycrest,,
2026-05-31,ESS,Bel Air,,Bay Area,ESS-bel-air-2br-1114sqft-the-eagle,2,2.0,1114,3477.0,2026-06-30,,False,,,,,,,,https://www.essexapartmenthomes.com/apartments/san-ramon/bel-air/floor-plans-and-pricing,2026-04-26,2026-05-31,,,,,The Eagle,,
2026-05-31,ESS,Canyon Oaks at Windemere,,Bay Area,ESS-canyon-oaks-at-windemere-1br-775sqft-plan-1a,1,1.0,775,2349.0,2026-05-31,,False,,,,,,,,https://www.essexapartmenthomes.com/apartments/san-ramon/canyon-oaks-at-windemere/floor-plans-and-pricing,2026-04-04,2026-05-31,,,,,Plan 1A,,
2026-05-31,ESS,Canyon Oaks at Windemere,,Bay Area,ESS-canyon-oaks-at-windemere-1br-890sqft-plan-1b,1,1.0,890,2527.0,2026-05-31,,False,,,,,,,,https://www.essexapartmenthomes.com/apartments/san-ramon/canyon-oaks-at-windemere/floor-plans-and-pricing,2026-04-04,2026-05-31,,,,,Plan 1B,,
2026-05-31,ESS,Canyon Oaks at Windemere,,Bay Area,ESS-canyon-oaks-at-windemere-2br-1052sqft-plan-2a,2,2.0,1052,2859.0,2026-05-31,,False,,,,,,,,https://www.essexapartmenthomes.com/apartments/san-ramon/canyon-oaks-at-windemere/floor-plans-and-pricing,2026-04-04,2026-05-31,,,,,Plan 2A,,
2026-05-31,ESS,Canyon Oaks at Windemere,,Bay Area,ESS-canyon-oaks-at-windemere-2br-1128sqft-plan-2c,2,2.0,1128,3157.0,2026-05-31,,False,,,,,,,,https://www.essexapartmenthomes.com/apartments/san-ramon/canyon-oaks-at-windemere/floor-plans-and-pricing,2026-04-04,2026-05-31,,,,,Plan 2C,,
2026-05-31,ESS,Canyon Oaks at Windemere,,Bay Area,ESS-canyon-oaks-at-windemere-2br-1160sqft-plan-2e,2,2.0,1160,3259.0,2026-06-22,,False,,,,,,,,https://www.essexapartmenthomes.com/apartments/san-ramon/canyon-oaks-at-windemere/floor-plans-and-pricing,2026-05-09,2026-05-31,,,,,Plan 2E,,
2026-05-31,ESS,Crow Canyon,,Bay Area,ESS-crow-canyon-1br-727sqft-bollinger-crest,1,1.0,727,2527.0,2026-05-31,,False,,,,,,,,https://www.essexapartmenthomes.com/apartments/san-ramon/crow-canyon/floor-plans-and-pricing,2026-04-04,2026-05-31,,,,,Bollinger Crest,,
2026-05-31,ESS,Crow Canyon,,Bay Area,ESS-crow-canyon-1br-575sqft-summit-view,1,1.0,575,2657.0,2026-07-06,,False,,,,,,,,https://www.essexapartmenthomes.com/apartments/san-ramon/crow-canyon/floor-plans-and-pricing,2026-04-04,2026-05-31,,,,,Summit View,,
2026-05-31,ESS,Crow Canyon,,Bay Area,ESS-crow-canyon-2br-1057sqft-twin-creeks,2,2.0,1057,3169.0,2026-05-31,,False,,,,,,,,https://www.essexapartmenthomes.com/apartments/san-ramon/crow-canyon/floor-plans-and-pricing,2026-04-04,2026-05-31,,,,,Twin Creeks,,
2026-05-31,ESS,Crow Canyon,,Bay Area,ESS-crow-canyon-3br-1332sqft-diablo-pointe,3,2.0,1332,4307.0,2026-05-31,,False,,,,,,,,https://www.essexapartmenthomes.com/apartments/san-ramon/crow-canyon/floor-plans-and-pricing,2026-04-04,2026-05-31,,,,,Diablo Pointe,,
2026-05-31,ESS,Foothill - Twin Creeks Condos,,Bay Area,ESS-foothill-twin-creeks-condos-2br-1175sqft-plan-2a,2,2.0,1175,2917.0,2026-05-31,,False,,,,,,,,https://www.essexapartmenthomes.com/apartments/san-ramon/foothill-twin-creeks-condos/floor-plans-and-pricing,2026-04-04,2026-05-31,,,,,Plan 2A,,
2026-05-31,ESS,Mill Creek at Windemere,,Bay Area,ESS-mill-creek-at-windemere-1br-775sqft-plan-1a,1,1.0,775,2249.0,2026-05-31,,True,hard,"Save Up to $2,300 Off Rent!*",dollar_off,2300.0,8.52,,2057.33,https://www.essexapartmenthomes.com/apartments/san-ramon/mill-creek-at-windemere/floor-plans-and-pricing,2026-04-04,2026-05-31,,,,,Plan 1A,,
2026-05-31,ESS,Mill Creek at Windemere,,Bay Area,ESS-mill-creek-at-windemere-1br-890sqft-plan-1b,1,1.0,890,2347.0,2026-05-31,,True,hard,"Save Up to $2,300 Off Rent!*",dollar_off,2300.0,8.17,,2155.33,https://www.essexapartmenthomes.com/apartments/san-ramon/mill-creek-at-windemere/floor-plans-and-pricing,2026-04-04,2026-05-31,,,,,Plan 1B,,
2026-05-31,ESS,Mill Creek at Windemere,,Bay Area,ESS-mill-creek-at-windemere-2br-1052sqft-plan-2a,2,2.0,1052,2869.0,2026-05-31,,True,hard,"Save Up to $2,300 Off Rent!*",dollar_off,2300.0,6.68,,2677.33,https://www.essexapartmenthomes.com/apartments/san-ramon/mill-creek-at-windemere/floor-plans-and-pricing,2026-04-04,2026-05-31,,,,,Plan 2A,,
2026-05-31,ESS,Mill Creek at Windemere,,Bay Area,ESS-mill-creek-at-windemere-2br-1088sqft-plan-2b,2,2.0,1088,2967.0,2026-05-31,,True,hard,"Save Up to $2,300 Off Rent!*",dollar_off,2300.0,6.46,,2775.33,https://www.essexapartmenthomes.com/apartments/san-ramon/mill-creek-at-windemere/floor-plans-and-pricing,2026-04-04,2026-05-31,,,,,Plan 2B,,
2026-05-31,ESS,Mill Creek at Windemere,,Bay Area,ESS-mill-creek-at-windemere-2br-1128sqft-plan-2c,2,2.0,1128,3167.0,2026-06-22,,True,hard,"Save Up to $2,300 Off Rent!*",dollar_off,2300.0,6.05,,2975.33,https://www.essexapartmenthomes.com/apartments/san-ramon/mill-creek-at-windemere/floor-plans-and-pricing,2026-05-09,2026-05-31,,,,,Plan 2C,,
2026-05-31,ESS,Fairhaven,,Santa Ana,ESS-fairhaven-1br-750sqft-plan-1a,1,1.0,750,2429.0,2026-05-31,,False,,,,,,,,https://www.essexapartmenthomes.com/apartments/santa-ana/fairhaven/floor-plans-and-pricing,2026-04-04,2026-05-31,,,,,Plan 1A,,
2026-05-31,ESS,Fairhaven,,Santa Ana,ESS-fairhaven-2br-1050sqft-plan-2a,2,2.0,1050,2627.0,2026-05-31,,False,,,,,,,,https://www.essexapartmenthomes.com/apartments/santa-ana/fairhaven/floor-plans-and-pricing,2026-04-04,2026-05-31,,,,,Plan 2A,,
2026-05-31,ESS,Parkside Court,,Santa Ana,ESS-parkside-court-1br-631sqft-caribbean,1,1.0,631,1929.0,2026-05-31,,False,,,,,,,,https://www.essexapartmenthomes.com/apartments/santa-ana/parkside-court/floor-plans-and-pricing,2026-04-04,2026-05-31,,,,,Caribbean,,
2026-05-31,ESS,Parkside Court,,Santa Ana,ESS-parkside-court-1br-550sqft-mediterranean,1,1.0,550,2009.0,2026-05-31,,False,,,,,,,,https://www.essexapartmenthomes.com/apartments/santa-ana/parkside-court/floor-plans-and-pricing,2026-04-04,2026-05-31,,,,,Mediterranean,,
2026-05-31,ESS,Parkside Court,,Santa Ana,ESS-parkside-court-2br-879sqft-pacifica,2,2.0,879,2529.0,2026-05-31,,False,,,,,,,,https://www.essexapartmenthomes.com/apartments/santa-ana/parkside-court/floor-plans-and-pricing,2026-04-04,2026-05-31,,,,,Pacifica,,
2026-05-31,ESS,Pinnacle at MacArthur Place,,Santa Ana,ESS-pinnacle-at-macarthur-place-1br-551sqft-plan-1a,1,1.0,551,2479.0,2026-05-31,,True,hard,"Save Up to $2,700 Off Rent!*",dollar_off,2700.0,9.08,,2254.0,https://www.essexapartmenthomes.com/apartments/santa-ana/pinnacle-at-macarthur-place/floor-plans-and-pricing,2026-04-04,2026-05-31,,,,,Plan 1A,,
2026-05-31,ESS,Pinnacle at MacArthur Place,,Santa Ana,ESS-pinnacle-at-macarthur-place-1br-819sqft-plan-1b,1,1.0,819,2747.0,2026-05-31,,True,hard,"Save Up to $2,700 Off Rent!*",dollar_off,2700.0,8.19,,2522.0,https://www.essexapartmenthomes.com/apartments/santa-ana/pinnacle-at-macarthur-place/floor-plans-and-pricing,2026-04-04,2026-05-31,,,,,Plan 1B,,
2026-05-31,ESS,Pinnacle at MacArthur Place,,Santa Ana,ESS-pinnacle-at-macarthur-place-2br-1204sqft-plan-2c,2,2.0,1204,3237.0,2026-05-31,,True,hard,"Save Up to $2,700 Off Rent!*",dollar_off,2700.0,6.95,,3012.0,https://www.essexapartmenthomes.com/apartments/santa-ana/pinnacle-at-macarthur-place/floor-plans-and-pricing,2026-04-04,2026-05-31,,,,,Plan 2C,,
2026-05-31,ESS,Pinnacle at MacArthur Place,,Santa Ana,ESS-pinnacle-at-macarthur-place-2br-1318sqft-plan-2d,2,2.0,1318,3297.0,2026-05-31,,True,hard,"Save Up to $2,700 Off Rent!*",dollar_off,2700.0,6.82,,3072.0,https://www.essexapartmenthomes.com/apartments/santa-ana/pinnacle-at-macarthur-place/floor-plans-and-pricing,2026-04-04,2026-05-31,,,,,Plan 2D,,
2026-05-31,ESS,Hope Ranch,,Santa Barbara,ESS-hope-ranch-1br-515sqft-plan-1a,1,1.0,515,2509.0,2026-06-25,,True,hard,"Save Up to $1,700 Off Rent!*",dollar_off,1700.0,5.65,,2367.33,https://www.essexapartmenthomes.com/apartments/santa-barbara/hope-ranch/floor-plans-and-pricing,2026-04-04,2026-05-31,,,,,Plan 1A,,
2026-05-31,ESS,Hope Ranch,,Santa Barbara,ESS-hope-ranch-1br-650sqft-plan-1b,1,1.0,650,2869.0,2026-05-31,,True,hard,"Save Up to $1,700 Off Rent!*",dollar_off,1700.0,4.94,,2727.33,https://www.essexapartmenthomes.com/apartments/santa-barbara/hope-ranch/floor-plans-and-pricing,2026-04-04,2026-05-31,,,,,Plan 1B,,
2026-05-31,ESS,1000 Kiely,,San Jose,ESS-1000-kiely-2br-1008sqft-plan-2a,2,1.0,1008,3757.0,2026-06-07,,False,,,,,,,,https://www.essexapartmenthomes.com/apartments/santa-clara/1000-kiely/floor-plans-and-pricing,2026-04-04,2026-05-31,,,,,Plan 2A,,
2026-05-31,ESS,1000 Kiely,,San Jose,ESS-1000-kiely-2br-1008sqft-plan-2b,2,2.0,1008,3797.0,2026-07-17,,False,,,,,,,,https://www.essexapartmenthomes.com/apartments/santa-clara/1000-kiely/floor-plans-and-pricing,2026-04-04,2026-05-31,,,,,Plan 2B,,
2026-05-31,ESS,Le Parc,,San Jose,ESS-le-parc-1br-725sqft-geneve,1,1.0,725,3087.0,2026-05-31,,False,,,,,,,,https://www.essexapartmenthomes.com/apartments/santa-clara/le-parc/floor-plans-and-pricing,2026-04-04,2026-05-31,,,,,Geneve,,
2026-05-31,ESS,Marina Cove,,San Jose,ESS-marina-cove-1br-720sqft-1-bed-1-bath-a,1,1.0,720,3167.0,2026-06-21,,False,,,,,,,,https://www.essexapartmenthomes.com/apartments/santa-clara/marina-cove/floor-plans-and-pricing,2026-04-04,2026-05-31,,,,,1 Bed 1 Bath (A),,
2026-05-31,ESS,Marina Cove,,San Jose,ESS-marina-cove-1br-725sqft-1-bed-1-bath-b,1,1.0,725,3277.0,2026-06-25,,False,,,,,,,,https://www.essexapartmenthomes.com/apartments/santa-clara/marina-cove/floor-plans-and-pricing,2026-04-04,2026-05-31,,,,,1 Bed 1 Bath (B),,
2026-05-31,ESS,Marina Cove,,San Jose,ESS-marina-cove-2br-900sqft-2-bed-1-bath-dl,2,1.0,900,3397.0,2026-05-31,,False,,,,,,,,https://www.essexapartmenthomes.com/apartments/santa-clara/marina-cove/floor-plans-and-pricing,2026-05-24,2026-05-31,,,,,2 Bed 1 Bath (DL),,
2026-05-31,ESS,Marina Cove,,San Jose,ESS-marina-cove-2br-900sqft-2-bed-1-bath-d,2,1.0,900,3547.0,2026-07-04,,False,,,,,,,,https://www.essexapartmenthomes.com/apartments/santa-clara/marina-cove/floor-plans-and-pricing,2026-05-09,2026-05-31,,,,,2 Bed 1 Bath (D),,
2026-05-31,ESS,Marina Cove,,San Jose,ESS-marina-cove-2br-1051sqft-2-bed-2-bath-e,2,2.0,1051,3597.0,2026-06-22,,False,,,,,,,,https://www.essexapartmenthomes.com/apartments/santa-clara/marina-cove/floor-plans-and-pricing,2026-04-19,2026-05-31,,,,,2 Bed 2 Bath (E),,
2026-05-31,ESS,Marina Cove,,San Jose,ESS-marina-cove-2br-1144sqft-2-bed-2-bath-g,2,2.0,1144,3747.0,2026-05-31,,False,,,,,,,,https://www.essexapartmenthomes.com/apartments/santa-clara/marina-cove/floor-plans-and-pricing,2026-04-04,2026-05-31,,,,,2 Bed 2 Bath (G),,
2026-05-31,ESS,Marina Cove,,San Jose,ESS-marina-cove-2br-1051sqft-2-bed-2-bath-el,2,2.0,1051,3757.0,2026-07-04,,False,,,,,,,,https://www.essexapartmenthomes.com/apartments/santa-clara/marina-cove/floor-plans-and-pricing,2026-04-04,2026-05-31,,,,,2 Bed 2 Bath (EL),,
2026-05-31,ESS,Mylo Santa Clara,,San Jose,ESS-mylo-santa-clara-1br-721sqft-cascade,1,1.0,721,3539.0,2026-06-13,,False,,,,,,,,https://www.essexapartmenthomes.com/apartments/santa-clara/mylo-santa-clara/floor-plans-and-pricing,2026-04-04,2026-05-31,,,,,Cascade,,
2026-05-31,ESS,Mylo Santa Clara,,San Jose,ESS-mylo-santa-clara-1br-852sqft-klamath-loft,1,1.0,852,3719.0,2026-05-31,,False,,,,,,,,https://www.essexapartmenthomes.com/apartments/santa-clara/mylo-santa-clara/floor-plans-and-pricing,2026-04-04,2026-05-31,,,,,Klamath Loft,,
2026-05-31,ESS,Mylo Santa Clara,,San Jose,ESS-mylo-santa-clara-2br-1113sqft-santa-cruz,2,2.0,1113,4359.0,2026-06-17,,False,,,,,,,,https://www.essexapartmenthomes.com/apartments/santa-clara/mylo-santa-clara/floor-plans-and-pricing,2026-04-13,2026-05-31,,,,,Santa Cruz,,
2026-05-31,ESS,Riley Square,,San Jose,ESS-riley-square-1br-630sqft-carmelo,1,1.0,630,2949.0,2026-06-04,,False,,,,,,,,https://www.essexapartmenthomes.com/apartments/santa-clara/riley-square/floor-plans-and-pricing,2026-04-04,2026-05-31,,,,,Carmelo,,
2026-05-31,ESS,Riley Square,,San Jose,ESS-riley-square-2br-870sqft-capistrano,2,1.0,870,3367.0,2026-06-14,,False,,,,,,,,https://www.essexapartmenthomes.com/apartments/santa-clara/riley-square/floor-plans-and-pricing,2026-04-04,2026-05-31,,,,,Capistrano,,
2026-05-31,ESS,Villa Granada,,San Jose,ESS-villa-granada-1br-759sqft-toledo,1,1.0,759,3159.0,2026-06-05,,False,,,,,,,,https://www.essexapartmenthomes.com/apartments/santa-clara/villa-granada/floor-plans-and-pricing,2026-04-04,2026-05-31,,,,,Toledo,,
2026-05-31,ESS,Villa Granada,,San Jose,ESS-villa-granada-1br-745sqft-san-sebastian,1,1.0,745,3579.0,2026-05-31,,False,,,,,,,,https://www.essexapartmenthomes.com/apartments/santa-clara/villa-granada/floor-plans-and-pricing,2026-04-04,2026-05-31,,,,,San Sebastian,,
2026-05-31,ESS,Bridgeport Coast,,Santa Clarita,ESS-bridgeport-coast-1br-759sqft-huntington,1,1.0,759,2477.0,2026-06-23,,False,,,,,,,,https://www.essexapartmenthomes.com/apartments/santa-clarita/bridgeport-coast/floor-plans-and-pricing,2026-04-04,2026-05-31,,,,,Huntington,,
2026-05-31,ESS,Bridgeport Coast,,Santa Clarita,ESS-bridgeport-coast-1br-760sqft-carlsbad,1,1.0,760,2709.0,2026-06-04,,False,,,,,,,,https://www.essexapartmenthomes.com/apartments/santa-clarita/bridgeport-coast/floor-plans-and-pricing,2026-04-26,2026-05-31,,,,,Carlsbad,,
2026-05-31,ESS,Bridgeport Coast,,Santa Clarita,ESS-bridgeport-coast-2br-1096sqft-newport,2,2.0,1096,3099.0,2026-05-31,,False,,,,,,,,https://www.essexapartmenthomes.com/apartments/santa-clarita/bridgeport-coast/floor-plans-and-pricing,2026-04-04,2026-05-31,,,,,Newport,,
2026-05-31,ESS,Bridgeport Coast,,Santa Clarita,ESS-bridgeport-coast-2br-1071sqft-coronado,2,2.0,1071,3207.0,2026-05-31,,False,,,,,,,,https://www.essexapartmenthomes.com/apartments/santa-clarita/bridgeport-coast/floor-plans-and-pricing,2026-04-04,2026-05-31,,,,,Coronado,,
2026-05-31,ESS,Chestnut Street,,Santa Cruz,ESS-chestnut-street-1br-650sqft-plan-1a,1,1.0,650,3047.0,2026-07-05,,False,,,,,,,,https://www.essexapartmenthomes.com/apartments/santa-cruz/chestnut-street/floor-plans-and-pricing,2026-04-04,2026-05-31,,,,,Plan 1A,,
2026-05-31,ESS,Chestnut Street,,Santa Cruz,ESS-chestnut-street-2br-900sqft-plan-2a,2,1.0,900,4019.0,2026-06-29,,False,,,,,,,,https://www.essexapartmenthomes.com/apartments/santa-cruz/chestnut-street/floor-plans-and-pricing,2026-05-17,2026-05-31,,,,,Plan 2A,,
2026-05-31,ESS,Chestnut Street,,Santa Cruz,ESS-chestnut-street-2br-950sqft-plan-2c,2,2.0,950,4179.0,2026-06-27,,False,,,,,,,,https://www.essexapartmenthomes.com/apartments/santa-cruz/chestnut-street/floor-plans-and-pricing,2026-05-24,2026-05-31,,,,,Plan 2C,,
2026-05-31,ESS,Chestnut Street,,Santa Cruz,ESS-chestnut-street-2br-1070sqft-plan-2d-townhome,2,2.5,1070,4459.0,2026-06-21,,False,,,,,,,,https://www.essexapartmenthomes.com/apartments/santa-cruz/chestnut-street/floor-plans-and-pricing,2026-04-04,2026-05-31,,,,,Plan 2D Townhome,,
2026-05-31,ESS,Annaliese,,Seattle,ESS-annaliese-1br-665sqft-plan-1a,1,1.0,665,2007.0,2026-05-31,,False,,,,,,,,https://www.essexapartmenthomes.com/apartments/seattle/annaliese/floor-plans-and-pricing,2026-04-04,2026-05-31,,,,,Plan 1A,,
2026-05-31,ESS,Annaliese,,Seattle,ESS-annaliese-1br-800sqft-plan-1b,1,1.0,800,2257.0,2026-06-27,,False,,,,,,,,https://www.essexapartmenthomes.com/apartments/seattle/annaliese/floor-plans-and-pricing,2026-04-04,2026-05-31,,,,,Plan 1B,,
2026-05-31,ESS,Canvas,,Seattle,ESS-canvas-1br-526sqft-plan-1c,1,1.0,526,1777.0,2026-05-31,,False,,,,,,,,https://www.essexapartmenthomes.com/apartments/seattle/canvas/floor-plans-and-pricing,2026-04-04,2026-05-31,,,,,Plan 1C,,
2026-05-31,ESS,Canvas,,Seattle,ESS-canvas-1br-499sqft-plan-1b,1,1.0,499,1789.0,2026-06-03,,False,,,,,,,,https://www.essexapartmenthomes.com/apartments/seattle/canvas/floor-plans-and-pricing,2026-04-04,2026-05-31,,,,,Plan 1B,,
2026-05-31,ESS,Canvas,,Seattle,ESS-canvas-2br-1012sqft-plan-2b,2,2.0,1012,3097.0,2026-05-31,,False,,,,,,,,https://www.essexapartmenthomes.com/apartments/seattle/canvas/floor-plans-and-pricing,2026-05-03,2026-05-31,,,,,Plan 2B,,
2026-05-31,ESS,Collins on Pine,,Seattle,ESS-collins-on-pine-0br-506sqft-plan-sa,0,1.0,506,1779.0,2026-05-31,,False,,,,,,,,https://www.essexapartmenthomes.com/apartments/seattle/collins-on-pine/floor-plans-and-pricing,2026-04-04,2026-05-31,,,,,Plan SA,,
2026-05-31,ESS,Domaine,,Seattle,ESS-domaine-0br-435sqft-plan-sa,0,1.0,435,1657.0,2026-05-31,,False,,,,,,,,https://www.essexapartmenthomes.com/apartments/seattle/domaine/floor-plans-and-pricing,2026-04-04,2026-05-31,,,,,Plan SA,,
2026-05-31,ESS,Domaine,,Seattle,ESS-domaine-1br-703sqft-plan-1b,1,1.0,703,2167.0,2026-07-08,,False,,,,,,,,https://www.essexapartmenthomes.com/apartments/seattle/domaine/floor-plans-and-pricing,2026-05-17,2026-05-31,,,,,Plan 1B,,
2026-05-31,ESS,Expo,,Seattle,ESS-expo-0br-499sqft-legacy,0,1.0,499,1587.0,2026-07-18,,False,,,,,,,,https://www.essexapartmenthomes.com/apartments/seattle/expo/floor-plans-and-pricing,2026-04-13,2026-05-31,,,,,Legacy,,
2026-05-31,ESS,Expo,,Seattle,ESS-expo-1br-530sqft-icon,1,1.0,530,1677.0,2026-06-21,,False,,,,,,,,https://www.essexapartmenthomes.com/apartments/seattle/expo/floor-plans-and-pricing,2026-04-04,2026-05-31,,,,,Icon,,
2026-05-31,ESS,Expo,,Seattle,ESS-expo-1br-574sqft-key,1,1.0,574,1947.0,2026-06-23,,False,,,,,,,,https://www.essexapartmenthomes.com/apartments/seattle/expo/floor-plans-and-pricing,2026-05-24,2026-05-31,,,,,Key,,
2026-05-31,ESS,Expo,,Seattle,ESS-expo-1br-753sqft-exposition,1,1.0,753,2387.0,2026-07-03,,False,,,,,,,,https://www.essexapartmenthomes.com/apartments/seattle/expo/floor-plans-and-pricing,2026-04-04,2026-05-31,,,,,Exposition,,
2026-05-31,ESS,Expo,,Seattle,ESS-expo-1br-808sqft-skyline,1,1.0,808,2439.0,2026-05-31,,False,,,,,,,,https://www.essexapartmenthomes.com/apartments/seattle/expo/floor-plans-and-pricing,2026-04-13,2026-05-31,,,,,Skyline,,
2026-05-31,ESS,Expo,,Seattle,ESS-expo-2br-961sqft-pavilion,2,2.0,961,3217.0,2026-05-31,,False,,,,,,,,https://www.essexapartmenthomes.com/apartments/seattle/expo/floor-plans-and-pricing,2026-04-04,2026-05-31,,,,,Pavilion,,
2026-05-31,ESS,Expo,,Seattle,ESS-expo-2br-976sqft-uptown,2,2.0,976,3607.0,2026-05-31,,False,,,,,,,,https://www.essexapartmenthomes.com/apartments/seattle/expo/floor-plans-and-pricing,2026-04-04,2026-05-31,,,,,Uptown,,
2026-05-31,ESS,Fountain Court,,Seattle,ESS-fountain-court-0br-473sqft-plan-sa,0,1.0,473,1419.0,2026-05-31,,True,hard,"Save Up to $2,000 Off Rent!*",dollar_off,2000.0,11.75,,1252.33,https://www.essexapartmenthomes.com/apartments/seattle/fountain-court/floor-plans-and-pricing,2026-04-04,2026-05-31,,,,,Plan SA,,
2026-05-31,ESS,Fountain Court,,Seattle,ESS-fountain-court-0br-623sqft-plan-sb-loft,0,1.0,623,1897.0,2026-07-14,,True,hard,"Save Up to $2,000 Off Rent!*",dollar_off,2000.0,8.79,,1730.33,https://www.essexapartmenthomes.com/apartments/seattle/fountain-court/floor-plans-and-pricing,2026-04-19,2026-05-31,,,,,Plan SB Loft,,
2026-05-31,ESS,Fountain Court,,Seattle,ESS-fountain-court-1br-646sqft-plan-1a,1,1.0,646,2009.0,2026-05-31,,True,hard,"Save Up to $2,000 Off Rent!*",dollar_off,2000.0,8.3,,1842.33,https://www.essexapartmenthomes.com/apartments/seattle/fountain-court/floor-plans-and-pricing,2026-05-03,2026-05-31,,,,,Plan 1A,,
2026-05-31,ESS,Fountain Court,,Seattle,ESS-fountain-court-1br-756sqft-plan-1b-den,1,1.0,756,2297.0,2026-05-31,,True,hard,"Save Up to $2,000 Off Rent!*",dollar_off,2000.0,7.26,,2130.33,https://www.essexapartmenthomes.com/apartments/seattle/fountain-court/floor-plans-and-pricing,2026-04-13,2026-05-31,,,,,Plan 1B Den,,
2026-05-31,ESS,Fountain Court,,Seattle,ESS-fountain-court-2br-913sqft-plan-2a,2,2.0,913,3239.0,2026-05-31,,True,hard,"Save Up to $2,000 Off Rent!*",dollar_off,2000.0,5.15,,3072.33,https://www.essexapartmenthomes.com/apartments/seattle/fountain-court/floor-plans-and-pricing,2026-04-04,2026-05-31,,,,,Plan 2A,,
2026-05-31,ESS,Patent 523,,Seattle,ESS-patent-523-0br-408sqft-fervor,0,1.0,408,1467.0,2026-05-31,,False,,,,,,,,https://www.essexapartmenthomes.com/apartments/seattle/patent-523/floor-plans-and-pricing,2026-04-04,2026-05-31,,,,,Fervor,,
2026-05-31,ESS,Patent 523,,Seattle,ESS-patent-523-0br-496sqft-zeal,0,1.0,496,1527.0,2026-06-18,,False,,,,,,,,https://www.essexapartmenthomes.com/apartments/seattle/patent-523/floor-plans-and-pricing,2026-04-19,2026-05-31,,,,,Zeal,,
2026-05-31,ESS,Patent 523,,Seattle,ESS-patent-523-0br-496sqft-ambition,0,1.0,496,1637.0,2026-07-03,,False,,,,,,,,https://www.essexapartmenthomes.com/apartments/seattle/patent-523/floor-plans-and-pricing,2026-05-31,2026-05-31,,,,,Ambition,,
2026-05-31,ESS,Patent 523,,Seattle,ESS-patent-523-0br-549sqft-aspiration,0,1.0,549,1697.0,2026-06-22,,False,,,,,,,,https://www.essexapartmenthomes.com/apartments/seattle/patent-523/floor-plans-and-pricing,2026-05-31,2026-05-31,,,,,Aspiration,,
2026-05-31,ESS,Patent 523,,Seattle,ESS-patent-523-1br-622sqft-verve,1,1.0,622,2099.0,2026-05-31,,False,,,,,,,,https://www.essexapartmenthomes.com/apartments/seattle/patent-523/floor-plans-and-pricing,2026-05-09,2026-05-31,,,,,Verve,,
2026-05-31,ESS,Patent 523,,Seattle,ESS-patent-523-1br-816sqft-pizzazz,1,1.0,816,2277.0,2026-06-07,,False,,,,,,,,https://www.essexapartmenthomes.com/apartments/seattle/patent-523/floor-plans-and-pricing,2026-04-26,2026-05-31,,,,,Pizzazz,,
2026-05-31,ESS,Patent 523,,Seattle,ESS-patent-523-1br-587sqft-tide,1,1.0,587,2407.0,2026-05-31,,False,,,,,,,,https://www.essexapartmenthomes.com/apartments/seattle/patent-523/floor-plans-and-pricing,2026-04-04,2026-05-31,,,,,Tide,,
2026-05-31,ESS,Taylor 28,,Seattle,ESS-taylor-28-0br-538sqft-independent,0,1.0,538,1659.0,2026-05-31,,True,hard,"Save Up to $1,400 Off Rent!*",dollar_off,1400.0,7.03,,1542.33,https://www.essexapartmenthomes.com/apartments/seattle/taylor-28/floor-plans-and-pricing,2026-04-04,2026-05-31,,,,,Independent,,
2026-05-31,ESS,Taylor 28,,Seattle,ESS-taylor-28-1br-671sqft-integrity,1,1.0,671,1897.0,2026-05-31,,True,hard,"Save Up to $1,400 Off Rent!*",dollar_off,1400.0,6.15,,1780.33,https://www.essexapartmenthomes.com/apartments/seattle/taylor-28/floor-plans-and-pricing,2026-04-05,2026-05-31,,,,,Integrity,,
2026-05-31,ESS,Taylor 28,,Seattle,ESS-taylor-28-1br-695sqft-dignified,1,1.0,695,2167.0,2026-06-16,,True,hard,"Save Up to $1,400 Off Rent!*",dollar_off,1400.0,5.38,,2050.33,https://www.essexapartmenthomes.com/apartments/seattle/taylor-28/floor-plans-and-pricing,2026-04-04,2026-05-31,,,,,Dignified,,
2026-05-31,ESS,Taylor 28,,Seattle,ESS-taylor-28-1br-1147sqft-individual-loft,1,1.0,1147,2227.0,2026-06-24,,True,hard,"Save Up to $1,400 Off Rent!*",dollar_off,1400.0,5.24,,2110.33,https://www.essexapartmenthomes.com/apartments/seattle/taylor-28/floor-plans-and-pricing,2026-05-17,2026-05-31,,,,,Individual Loft,,
2026-05-31,ESS,Taylor 28,,Seattle,ESS-taylor-28-2br-1120sqft-artistic,2,2.0,1120,3457.0,2026-06-30,,True,hard,"Save Up to $1,400 Off Rent!*",dollar_off,1400.0,3.37,,3340.33,https://www.essexapartmenthomes.com/apartments/seattle/taylor-28/floor-plans-and-pricing,2026-04-04,2026-05-31,,,,,Artistic,,
2026-05-31,ESS,The Audrey at Belltown,,Seattle,ESS-the-audrey-at-belltown-0br-428sqft-plan-sa,0,1.0,428,1507.0,2026-05-31,,True,hard,"Save Up to $2,400 Off Rent!*",dollar_off,2400.0,13.27,,1307.0,https://www.essexapartmenthomes.com/apartments/seattle/the-audrey-at-belltown/floor-plans-and-pricing,2026-04-04,2026-05-31,,,,,Plan SA,,
2026-05-31,ESS,The Audrey at Belltown,,Seattle,ESS-the-audrey-at-belltown-0br-554sqft-plan-sb,0,1.0,554,1717.0,2026-05-31,,True,hard,"Save Up to $2,400 Off Rent!*",dollar_off,2400.0,11.65,,1517.0,https://www.essexapartmenthomes.com/apartments/seattle/the-audrey-at-belltown/floor-plans-and-pricing,2026-04-04,2026-05-31,,,,,Plan SB,,
2026-05-31,ESS,The Audrey at Belltown,,Seattle,ESS-the-audrey-at-belltown-1br-606sqft-plan-1b,1,1.0,606,1679.0,2026-05-31,,True,hard,"Save Up to $2,400 Off Rent!*",dollar_off,2400.0,11.91,,1479.0,https://www.essexapartmenthomes.com/apartments/seattle/the-audrey-at-belltown/floor-plans-and-pricing,2026-04-04,2026-05-31,,,,,Plan 1B,,
2026-05-31,ESS,The Audrey at Belltown,,Seattle,ESS-the-audrey-at-belltown-1br-617sqft-plan-1c,1,1.0,617,1957.0,2026-07-24,,True,hard,"Save Up to $2,400 Off Rent!*",dollar_off,2400.0,10.22,,1757.0,https://www.essexapartmenthomes.com/apartments/seattle/the-audrey-at-belltown/floor-plans-and-pricing,2026-05-25,2026-05-31,,,,,Plan 1C,,
2026-05-31,ESS,The Audrey at Belltown,,Seattle,ESS-the-audrey-at-belltown-2br-814sqft-plan-2a,2,2.0,814,2597.0,2026-05-31,,True,hard,"Save Up to $2,400 Off Rent!*",dollar_off,2400.0,7.7,,2397.0,https://www.essexapartmenthomes.com/apartments/seattle/the-audrey-at-belltown/floor-plans-and-pricing,2026-04-04,2026-05-31,,,,,Plan 2A,,
2026-05-31,ESS,The Bernard,,Seattle,ESS-the-bernard-0br-610sqft-plan-sc,0,1.0,610,1619.0,2026-05-31,,True,hard,"Save Up to $1,400 Off Rent!*",dollar_off,1400.0,7.21,,1502.33,https://www.essexapartmenthomes.com/apartments/seattle/the-bernard/floor-plans-and-pricing,2026-04-04,2026-05-31,,,,,Plan SC,,
2026-05-31,ESS,The Bernard,,Seattle,ESS-the-bernard-0br-610sqft-plan-sb,0,1.0,610,1657.0,2026-06-13,,True,hard,"Save Up to $1,400 Off Rent!*",dollar_off,1400.0,7.04,,1540.33,https://www.essexapartmenthomes.com/apartments/seattle/the-bernard/floor-plans-and-pricing,2026-05-24,2026-05-31,,,,,Plan SB,,
2026-05-31,ESS,The Bernard,,Seattle,ESS-the-bernard-1br-801sqft-plan-1d,1,1.0,801,2037.0,2026-06-07,,True,hard,"Save Up to $1,400 Off Rent!*",dollar_off,1400.0,5.73,,1920.33,https://www.essexapartmenthomes.com/apartments/seattle/the-bernard/floor-plans-and-pricing,2026-04-04,2026-05-31,,,,,Plan 1D,,
2026-05-31,ESS,The Cairns,,Seattle,ESS-the-cairns-0br-502sqft-plan-sa,0,1.0,502,1759.0,2026-05-31,,True,hard,"Save Up to $2,300 Off Rent!*",dollar_off,2300.0,10.9,,1567.33,https://www.essexapartmenthomes.com/apartments/seattle/the-cairns/floor-plans-and-pricing,2026-04-19,2026-05-31,,,,,Plan SA,,
2026-05-31,ESS,The Cairns,,Seattle,ESS-the-cairns-1br-667sqft-plan-1a,1,1.0,667,2117.0,2026-06-13,,True,hard,"Save Up to $2,300 Off Rent!*",dollar_off,2300.0,9.05,,1925.33,https://www.essexapartmenthomes.com/apartments/seattle/the-cairns/floor-plans-and-pricing,2026-05-09,2026-05-31,,,,,Plan 1A,,
2026-05-31,ESS,The Cairns,,Seattle,ESS-the-cairns-2br-828sqft-plan-2a,2,1.0,828,2547.0,2026-05-31,,True,hard,"Save Up to $2,300 Off Rent!*",dollar_off,2300.0,7.53,,2355.33,https://www.essexapartmenthomes.com/apartments/seattle/the-cairns/floor-plans-and-pricing,2026-04-04,2026-05-31,,,,,Plan 2A,,
2026-05-31,ESS,Velo and Ray,,Seattle,ESS-velo-and-ray-0br-414sqft-plan-sa,0,1.0,414,1747.0,2026-05-31,,False,,,,,,,,https://www.essexapartmenthomes.com/apartments/seattle/velo-and-ray/floor-plans-and-pricing,2026-04-04,2026-05-31,,,,,Plan SA,,
2026-05-31,ESS,Velo and Ray,,Seattle,ESS-velo-and-ray-1br-511sqft-plan-1c-open-one-bedroom,1,1.0,511,1929.0,2026-05-31,,False,,,,,,,,https://www.essexapartmenthomes.com/apartments/seattle/velo-and-ray/floor-plans-and-pricing,2026-05-03,2026-05-31,,,,,Plan 1C - Open One Bedroom,,
2026-05-31,ESS,Velo and Ray,,Seattle,ESS-velo-and-ray-1br-526sqft-plan-1a-open-one-bedroom,1,1.0,526,2107.0,2026-06-13,,False,,,,,,,,https://www.essexapartmenthomes.com/apartments/seattle/velo-and-ray/floor-plans-and-pricing,2026-05-17,2026-05-31,,,,,Plan 1A - Open One Bedroom,,
2026-05-31,ESS,Vox,,Seattle,ESS-vox-1br-612sqft-plan-1b,1,1.0,612,2059.0,2026-05-31,,False,,,,,,,,https://www.essexapartmenthomes.com/apartments/seattle/vox/floor-plans-and-pricing,2026-04-04,2026-05-31,,,,,Plan 1B,,
2026-05-31,ESS,Vox,,Seattle,ESS-vox-1br-534sqft-plan-1a,1,1.0,534,2127.0,2026-06-01,,False,,,,,,,,https://www.essexapartmenthomes.com/apartments/seattle/vox/floor-plans-and-pricing,2026-04-04,2026-05-31,,,,,Plan 1A,,
2026-05-31,ESS,Vox,,Seattle,ESS-vox-2br-939sqft-plan-2a,2,2.0,939,3377.0,2026-05-31,,False,,,,,,,,https://www.essexapartmenthomes.com/apartments/seattle/vox/floor-plans-and-pricing,2026-04-04,2026-05-31,,,,,Plan 2A,,
2026-05-31,ESS,Wharfside Pointe,,Seattle,ESS-wharfside-pointe-0br-516sqft-plan-sa,0,1.0,516,1727.0,2026-05-31,,False,,,,,,,,https://www.essexapartmenthomes.com/apartments/seattle/wharfside-pointe/floor-plans-and-pricing,2026-04-19,2026-05-31,,,,,Plan SA,,
2026-05-31,ESS,Wharfside Pointe,,Seattle,ESS-wharfside-pointe-1br-524sqft-plan-1a,1,1.0,524,1687.0,2026-05-31,,False,,,,,,,,https://www.essexapartmenthomes.com/apartments/seattle/wharfside-pointe/floor-plans-and-pricing,2026-04-13,2026-05-31,,,,,Plan 1A,,
2026-05-31,ESS,Wharfside Pointe,,Seattle,ESS-wharfside-pointe-2br-848sqft-plan-2a,2,1.0,848,2499.0,2026-06-18,,False,,,,,,,,https://www.essexapartmenthomes.com/apartments/seattle/wharfside-pointe/floor-plans-and-pricing,2026-04-19,2026-05-31,,,,,Plan 2A,,
2026-05-31,ESS,Meadowood,,Simi Valley,ESS-meadowood-1br-627sqft-plan-1a,1,1.0,627,2209.0,2026-05-31,,True,hard,"Save Up to $1,000 Off Rent!*",dollar_off,1000.0,3.77,,2125.67,https://www.essexapartmenthomes.com/apartments/simi-valley/meadowood/floor-plans-and-pricing,2026-04-04,2026-05-31,,,,,Plan 1A,,
2026-05-31,ESS,Meadowood,,Simi Valley,ESS-meadowood-2br-805sqft-plan-2a,2,1.0,805,2417.0,2026-05-31,,True,hard,"Save Up to $1,000 Off Rent!*",dollar_off,1000.0,3.45,,2333.67,https://www.essexapartmenthomes.com/apartments/simi-valley/meadowood/floor-plans-and-pricing,2026-04-04,2026-05-31,,,,,Plan 2A,,
2026-05-31,ESS,Meadowood,,Simi Valley,ESS-meadowood-2br-875sqft-plan-2b,2,2.0,875,2439.0,2026-05-31,,True,hard,"Save Up to $1,000 Off Rent!*",dollar_off,1000.0,3.42,,2355.67,https://www.essexapartmenthomes.com/apartments/simi-valley/meadowood/floor-plans-and-pricing,2026-04-04,2026-05-31,,,,,Plan 2B,,
2026-05-31,ESS,Shadow Point,,Spring Valley,ESS-shadow-point-1br-630sqft-plan-1a,1,1.0,630,1647.0,2026-05-31,,True,hard,"Save Up to $1,000 Off Rent!*",dollar_off,1000.0,5.06,,1563.67,https://www.essexapartmenthomes.com/apartments/spring-valley/shadow-point/floor-plans-and-pricing,2026-04-04,2026-05-31,,,,,Plan 1A,,
2026-05-31,ESS,Shadow Point,,Spring Valley,ESS-shadow-point-2br-730sqft-plan-2a,2,1.0,730,2057.0,2026-05-31,,True,hard,"Save Up to $1,000 Off Rent!*",dollar_off,1000.0,4.05,,1973.67,https://www.essexapartmenthomes.com/apartments/spring-valley/shadow-point/floor-plans-and-pricing,2026-04-04,2026-05-31,,,,,Plan 2A,,
2026-05-31,ESS,Shadow Point,,Spring Valley,ESS-shadow-point-2br-920sqft-plan-2b,2,2.0,920,2377.0,2026-06-22,,True,hard,"Save Up to $1,000 Off Rent!*",dollar_off,1000.0,3.51,,2293.67,https://www.essexapartmenthomes.com/apartments/spring-valley/shadow-point/floor-plans-and-pricing,2026-04-04,2026-05-31,,,,,Plan 2B,,
2026-05-31,ESS,1250 Lakeside,,San Jose,ESS-1250-lakeside-0br-481sqft-plan-sc,0,1.0,481,3177.0,2026-06-30,,False,,,,,,,,https://www.essexapartmenthomes.com/apartments/sunnyvale/1250-lakeside/floor-plans-and-pricing,2026-04-04,2026-05-31,,,,,Plan SC,,
2026-05-31,ESS,1250 Lakeside,,San Jose,ESS-1250-lakeside-0br-442sqft-plan-sa,0,1.0,442,3349.0,2026-07-03,,False,,,,,,,,https://www.essexapartmenthomes.com/apartments/sunnyvale/1250-lakeside/floor-plans-and-pricing,2026-04-04,2026-05-31,,,,,Plan SA,,
2026-05-31,ESS,1250 Lakeside,,San Jose,ESS-1250-lakeside-1br-829sqft-plan-1d,1,1.0,829,3707.0,2026-06-12,,False,,,,,,,,https://www.essexapartmenthomes.com/apartments/sunnyvale/1250-lakeside/floor-plans-and-pricing,2026-04-04,2026-05-31,,,,,Plan 1D,,
2026-05-31,ESS,1250 Lakeside,,San Jose,ESS-1250-lakeside-1br-817sqft-plan-1c,1,1.0,817,3737.0,2026-06-08,,False,,,,,,,,https://www.essexapartmenthomes.com/apartments/sunnyvale/1250-lakeside/floor-plans-and-pricing,2026-05-17,2026-05-31,,,,,Plan 1C,,
2026-05-31,ESS,1250 Lakeside,,San Jose,ESS-1250-lakeside-1br-841sqft-plan-1a,1,1.0,841,3887.0,2026-05-31,,False,,,,,,,,https://www.essexapartmenthomes.com/apartments/sunnyvale/1250-lakeside/floor-plans-and-pricing,2026-05-17,2026-05-31,,,,,Plan 1A,,
2026-05-31,ESS,1250 Lakeside,,San Jose,ESS-1250-lakeside-2br-944sqft-plan-2a,2,2.0,944,4497.0,2026-07-10,,False,,,,,,,,https://www.essexapartmenthomes.com/apartments/sunnyvale/1250-lakeside/floor-plans-and-pricing,2026-04-04,2026-05-31,,,,,Plan 2A,,
2026-05-31,ESS,1250 Lakeside,,San Jose,ESS-1250-lakeside-2br-1232sqft-plan-2b,2,2.0,1232,4629.0,2026-07-10,,False,,,,,,,,https://www.essexapartmenthomes.com/apartments/sunnyvale/1250-lakeside/floor-plans-and-pricing,2026-04-04,2026-05-31,,,,,Plan 2B,,
2026-05-31,ESS,1250 Lakeside,,San Jose,ESS-1250-lakeside-2br-1356sqft-plan-2c,2,2.0,1356,4999.0,2026-06-23,,False,,,,,,,,https://www.essexapartmenthomes.com/apartments/sunnyvale/1250-lakeside/floor-plans-and-pricing,2026-05-24,2026-05-31,,,,,Plan 2C,,
2026-05-31,ESS,Bristol Commons,,San Jose,ESS-bristol-commons-1br-670sqft-the-hyannis,1,1.0,670,3197.0,2026-05-31,,False,,,,,,,,https://www.essexapartmenthomes.com/apartments/sunnyvale/bristol-commons/floor-plans-and-pricing,2026-04-04,2026-05-31,,,,,The Hyannis,,
2026-05-31,ESS,Bristol Commons,,San Jose,ESS-bristol-commons-2br-935sqft-the-wellfleet-ii,2,1.0,935,3949.0,2026-07-15,,False,,,,,,,,https://www.essexapartmenthomes.com/apartments/sunnyvale/bristol-commons/floor-plans-and-pricing,2026-04-04,2026-05-31,,,,,The Wellfleet II,,
2026-05-31,ESS,Bristol Commons,,San Jose,ESS-bristol-commons-2br-1100sqft-nantucket,2,2.0,1100,4159.0,2026-06-27,,False,,,,,,,,https://www.essexapartmenthomes.com/apartments/sunnyvale/bristol-commons/floor-plans-and-pricing,2026-04-04,2026-05-31,,,,,Nantucket,,
2026-05-31,ESS,Brookside Oaks,,San Jose,ESS-brookside-oaks-1br-550sqft-albizia,1,1.0,550,2897.0,2026-06-07,,False,,,,,,,,https://www.essexapartmenthomes.com/apartments/sunnyvale/brookside-oaks/floor-plans-and-pricing,2026-04-04,2026-05-31,,,,,Albizia,,
2026-05-31,ESS,Brookside Oaks,,San Jose,ESS-brookside-oaks-1br-650sqft-cedrus,1,1.0,650,3107.0,2026-07-03,,False,,,,,,,,https://www.essexapartmenthomes.com/apartments/sunnyvale/brookside-oaks/floor-plans-and-pricing,2026-05-17,2026-05-31,,,,,Cedrus,,
2026-05-31,ESS,Brookside Oaks,,San Jose,ESS-brookside-oaks-1br-750sqft-acasia,1,1.0,750,3139.0,2026-06-29,,False,,,,,,,,https://www.essexapartmenthomes.com/apartments/sunnyvale/brookside-oaks/floor-plans-and-pricing,2026-04-04,2026-05-31,,,,,Acasia,,
2026-05-31,ESS,Brookside Oaks,,San Jose,ESS-brookside-oaks-1br-790sqft-sequoia,1,1.0,790,3219.0,2026-07-17,,False,,,,,,,,https://www.essexapartmenthomes.com/apartments/sunnyvale/brookside-oaks/floor-plans-and-pricing,2026-04-04,2026-05-31,,,,,Sequoia,,
2026-05-31,ESS,Lawrence Station,,San Jose,ESS-lawrence-station-1br-751sqft-ra,1,1.0,751,3467.0,2026-06-20,,False,,,,,,,,https://www.essexapartmenthomes.com/apartments/sunnyvale/lawrence-station/floor-plans-and-pricing,2026-04-04,2026-05-31,,,,,Ra,,
2026-05-31,ESS,Lawrence Station,,San Jose,ESS-lawrence-station-2br-987sqft-sunna,2,2.0,987,4117.0,2026-07-03,,False,,,,,,,,https://www.essexapartmenthomes.com/apartments/sunnyvale/lawrence-station/floor-plans-and-pricing,2026-05-31,2026-05-31,,,,,Sunna,,
2026-05-31,ESS,Lawrence Station,,San Jose,ESS-lawrence-station-2br-1035sqft-surya,2,2.0,1035,4197.0,2026-07-19,,False,,,,,,,,https://www.essexapartmenthomes.com/apartments/sunnyvale/lawrence-station/floor-plans-and-pricing,2026-04-04,2026-05-31,,,,,Surya,,
2026-05-31,ESS,Lawrence Station,,San Jose,ESS-lawrence-station-2br-2132sqft-malina-townhome-live-work,2,2.5,2132,5089.0,2026-05-31,,False,,,,,,,,https://www.essexapartmenthomes.com/apartments/sunnyvale/lawrence-station/floor-plans-and-pricing,2026-04-04,2026-05-31,,,,,Malina Townhome - Live/Work,,
2026-05-31,ESS,Magnolia Square,,San Jose,ESS-magnolia-square-1br-735sqft-plan-1b,1,1.0,735,3197.0,2026-05-31,,False,,,,,,,,https://www.essexapartmenthomes.com/apartments/sunnyvale/magnolia-square/floor-plans-and-pricing,2026-04-04,2026-05-31,,,,,Plan 1B,,
2026-05-31,ESS,Magnolia Square,,San Jose,ESS-magnolia-square-1br-735sqft-plan-1c,1,1.0,735,3387.0,2026-05-31,,False,,,,,,,,https://www.essexapartmenthomes.com/apartments/sunnyvale/magnolia-square/floor-plans-and-pricing,2026-04-04,2026-05-31,,,,,Plan 1C,,
2026-05-31,ESS,Maxwell Sunnyvale,,San Jose,ESS-maxwell-sunnyvale-1br-772sqft-plan-1c,1,1.0,772,3799.0,2026-07-10,,False,,,,,,,,https://www.essexapartmenthomes.com/apartments/sunnyvale/maxwell-sunnyvale/floor-plans-and-pricing,2026-05-24,2026-05-31,,,,,Plan 1C,,
2026-05-31,ESS,Maxwell Sunnyvale,,San Jose,ESS-maxwell-sunnyvale-2br-1240sqft-plan-2e-townhome,2,2.5,1240,5059.0,2026-07-13,,False,,,,,,,,https://www.essexapartmenthomes.com/apartments/sunnyvale/maxwell-sunnyvale/floor-plans-and-pricing,2026-05-24,2026-05-31,,,,,Plan 2E Townhome,,
2026-05-31,ESS,Maxwell Sunnyvale,,San Jose,ESS-maxwell-sunnyvale-2br-1174sqft-plan-2a,2,2.0,1174,5107.0,2026-06-04,,False,,,,,,,,https://www.essexapartmenthomes.com/apartments/sunnyvale/maxwell-sunnyvale/floor-plans-and-pricing,2026-04-04,2026-05-31,,,,,Plan 2A,,
2026-05-31,ESS,Reed Square,,San Jose,ESS-reed-square-2br-1198sqft-plan-2a,2,2.0,1198,3987.0,2026-06-28,,False,,,,,,,,https://www.essexapartmenthomes.com/apartments/sunnyvale/reed-square/floor-plans-and-pricing,2026-04-04,2026-05-31,,,,,Plan 2A,,
2026-05-31,ESS,Solstice,,San Jose,ESS-solstice-0br-482sqft-water,0,1.0,482,3579.0,2026-05-31,,False,,,,,,,,https://www.essexapartmenthomes.com/apartments/sunnyvale/solstice/floor-plans-and-pricing,2026-04-04,2026-05-31,,,,,Water,,
2026-05-31,ESS,Solstice,,San Jose,ESS-solstice-1br-690sqft-crystal,1,1.0,690,3749.0,2026-05-31,,False,,,,,,,,https://www.essexapartmenthomes.com/apartments/sunnyvale/solstice/floor-plans-and-pricing,2026-04-04,2026-05-31,,,,,Crystal,,
2026-05-31,ESS,Solstice,,San Jose,ESS-solstice-1br-786sqft-stone,1,1.0,786,3909.0,2026-05-31,,False,,,,,,,,https://www.essexapartmenthomes.com/apartments/sunnyvale/solstice/floor-plans-and-pricing,2026-04-04,2026-05-31,,,,,Stone,,
2026-05-31,ESS,Solstice,,San Jose,ESS-solstice-1br-735sqft-metal,1,1.0,735,4209.0,2026-05-31,,False,,,,,,,,https://www.essexapartmenthomes.com/apartments/sunnyvale/solstice/floor-plans-and-pricing,2026-04-04,2026-05-31,,,,,Metal,,
2026-05-31,ESS,Solstice,,San Jose,ESS-solstice-2br-1187sqft-earth,2,2.0,1187,5059.0,2026-07-23,,False,,,,,,,,https://www.essexapartmenthomes.com/apartments/sunnyvale/solstice/floor-plans-and-pricing,2026-05-31,2026-05-31,,,,,Earth,,
2026-05-31,ESS,Summerhill Park,,San Jose,ESS-summerhill-park-1br-710sqft-golden-gate,1,1.0,710,3317.0,2026-06-12,,False,,,,,,,,https://www.essexapartmenthomes.com/apartments/sunnyvale/summerhill-park/floor-plans-and-pricing,2026-04-04,2026-05-31,,,,,Golden Gate,,
2026-05-31,ESS,The Montclaire,,San Jose,ESS-the-montclaire-0br-410sqft-plan-sa,0,1.0,410,2489.0,2026-06-28,,False,,,,,,,,https://www.essexapartmenthomes.com/apartments/sunnyvale/the-montclaire/floor-plans-and-pricing,2026-04-04,2026-05-31,,,,,Plan SA,,
2026-05-31,ESS,The Montclaire,,San Jose,ESS-the-montclaire-1br-710sqft-plan-1a,1,1.0,710,3029.0,2026-06-09,,False,,,,,,,,https://www.essexapartmenthomes.com/apartments/sunnyvale/the-montclaire/floor-plans-and-pricing,2026-04-04,2026-05-31,,,,,Plan 1A,,
2026-05-31,ESS,Via,,San Jose,ESS-via-1br-694sqft-the-downtown,1,1.0,694,3419.0,2026-06-06,,False,,,,,,,,https://www.essexapartmenthomes.com/apartments/sunnyvale/via/floor-plans-and-pricing,2026-04-04,2026-05-31,,,,,The Downtown,,
2026-05-31,ESS,Via,,San Jose,ESS-via-1br-922sqft-the-redwoods,1,1.0,922,3619.0,2026-06-17,,False,,,,,,,,https://www.essexapartmenthomes.com/apartments/sunnyvale/via/floor-plans-and-pricing,2026-04-04,2026-05-31,,,,,The Redwoods,,
2026-05-31,ESS,Via,,San Jose,ESS-via-2br-1043sqft-the-lakeside,2,2.0,1043,4337.0,2026-06-20,,False,,,,,,,,https://www.essexapartmenthomes.com/apartments/sunnyvale/via/floor-plans-and-pricing,2026-04-04,2026-05-31,,,,,The Lakeside,,
2026-05-31,ESS,Windsor Ridge,,San Jose,ESS-windsor-ridge-1br-800sqft-plan-1c-loft,1,1.0,800,3467.0,2026-06-04,,False,,,,,,,,https://www.essexapartmenthomes.com/apartments/sunnyvale/windsor-ridge/floor-plans-and-pricing,2026-04-04,2026-05-31,,,,,Plan 1C Loft,,
2026-05-31,ESS,Windsor Ridge,,San Jose,ESS-windsor-ridge-2br-900sqft-plan-2a,2,1.0,900,3507.0,2026-06-18,,False,,,,,,,,https://www.essexapartmenthomes.com/apartments/sunnyvale/windsor-ridge/floor-plans-and-pricing,2026-04-26,2026-05-31,,,,,Plan 2A,,
2026-05-31,ESS,Windsor Ridge,,San Jose,ESS-windsor-ridge-2br-1015sqft-plan-2c,2,2.0,1015,4399.0,2026-05-31,,False,,,,,,,,https://www.essexapartmenthomes.com/apartments/sunnyvale/windsor-ridge/floor-plans-and-pricing,2026-04-13,2026-05-31,,,,,Plan 2C,,
2026-05-31,ESS,Vista Belvedere,,Tiburon,ESS-vista-belvedere-1br-880sqft-plan-1a,1,1.0,880,2959.0,2026-05-31,,False,,,,,,,,https://www.essexapartmenthomes.com/apartments/tiburon/vista-belvedere/floor-plans-and-pricing,2026-04-04,2026-05-31,,,,,Plan 1A,,
2026-05-31,ESS,Vista Belvedere,,Tiburon,ESS-vista-belvedere-2br-1130sqft-plan-2a-townhome,2,1.5,1130,4277.0,2026-05-31,,False,,,,,,,,https://www.essexapartmenthomes.com/apartments/tiburon/vista-belvedere/floor-plans-and-pricing,2026-04-04,2026-05-31,,,,,Plan 2A Townhome,,
2026-05-31,ESS,Verandas,,Union City,ESS-verandas-1br-602sqft-niles,1,1.0,602,2439.0,2026-07-03,,False,,,,,,,,https://www.essexapartmenthomes.com/apartments/union-city/verandas/floor-plans-and-pricing,2026-04-04,2026-05-31,,,,,Niles,,
2026-05-31,ESS,Verandas,,Union City,ESS-verandas-1br-603sqft-alvarado,1,1.0,603,2459.0,2026-05-31,,False,,,,,,,,https://www.essexapartmenthomes.com/apartments/union-city/verandas/floor-plans-and-pricing,2026-04-04,2026-05-31,,,,,Alvarado,,
2026-05-31,ESS,Verandas,,Union City,ESS-verandas-1br-777sqft-veranda,1,1.0,777,2567.0,2026-05-31,,False,,,,,,,,https://www.essexapartmenthomes.com/apartments/union-city/verandas/floor-plans-and-pricing,2026-04-04,2026-05-31,,,,,Veranda,,
2026-05-31,ESS,The Fairways at Westridge,,Valencia,ESS-the-fairways-at-westridge-1br-694sqft-la-costa,1,1.0,694,2377.0,2026-06-20,,True,hard,"Save Up to $1,700 Off Rent!*",dollar_off,1700.0,5.96,,2235.33,https://www.essexapartmenthomes.com/apartments/valencia/the-fairways-at-westridge/floor-plans-and-pricing,2026-04-04,2026-05-31,,,,,La Costa,,
2026-05-31,ESS,The Fairways at Westridge,,Valencia,ESS-the-fairways-at-westridge-1br-804sqft-torrey-pines,1,1.0,804,2459.0,2026-06-05,,True,hard,"Save Up to $1,700 Off Rent!*",dollar_off,1700.0,5.76,,2317.33,https://www.essexapartmenthomes.com/apartments/valencia/the-fairways-at-westridge/floor-plans-and-pricing,2026-04-13,2026-05-31,,,,,Torrey Pines,,
2026-05-31,ESS,The Fairways at Westridge,,Valencia,ESS-the-fairways-at-westridge-2br-1139sqft-spyglass,2,2.0,1139,3109.0,2026-05-31,,True,hard,"Save Up to $1,700 Off Rent!*",dollar_off,1700.0,4.56,,2967.33,https://www.essexapartmenthomes.com/apartments/valencia/the-fairways-at-westridge/floor-plans-and-pricing,2026-04-04,2026-05-31,,,,,Spyglass,,
2026-05-31,ESS,The Fairways at Westridge,,Valencia,ESS-the-fairways-at-westridge-3br-1315sqft-pebble-beach,3,2.0,1315,3707.0,2026-05-31,,True,hard,"Save Up to $1,700 Off Rent!*",dollar_off,1700.0,3.82,,3565.33,https://www.essexapartmenthomes.com/apartments/valencia/the-fairways-at-westridge/floor-plans-and-pricing,2026-04-04,2026-05-31,,,,,Pebble Beach,,
2026-05-31,ESS,The Vistas of West Hills,,Valencia,ESS-the-vistas-of-west-hills-1br-785sqft-san-carlos,1,1.0,785,2447.0,2026-07-03,,True,hard,"Save Up to $1,700 Off Rent!*",dollar_off,1700.0,5.79,,2305.33,https://www.essexapartmenthomes.com/apartments/valencia/the-vistas-of-west-hills/floor-plans-and-pricing,2026-05-31,2026-05-31,,,,,San Carlos,,
2026-05-31,ESS,The Vistas of West Hills,,Valencia,ESS-the-vistas-of-west-hills-2br-1015sqft-san-luis,2,2.0,1015,2737.0,2026-06-21,,True,hard,"Save Up to $1,700 Off Rent!*",dollar_off,1700.0,5.18,,2595.33,https://www.essexapartmenthomes.com/apartments/valencia/the-vistas-of-west-hills/floor-plans-and-pricing,2026-05-17,2026-05-31,,,,,San Luis,,
2026-05-31,ESS,The Vistas of West Hills,,Valencia,ESS-the-vistas-of-west-hills-2br-1092sqft-san-juan,2,2.0,1092,2737.0,2026-05-31,,True,hard,"Save Up to $1,700 Off Rent!*",dollar_off,1700.0,5.18,,2595.33,https://www.essexapartmenthomes.com/apartments/valencia/the-vistas-of-west-hills/floor-plans-and-pricing,2026-04-04,2026-05-31,,,,,San Juan,,
2026-05-31,ESS,The Vistas of West Hills,,Valencia,ESS-the-vistas-of-west-hills-2br-1126sqft-san-miguel,2,2.0,1126,2827.0,2026-06-07,,True,hard,"Save Up to $1,700 Off Rent!*",dollar_off,1700.0,5.01,,2685.33,https://www.essexapartmenthomes.com/apartments/valencia/the-vistas-of-west-hills/floor-plans-and-pricing,2026-05-31,2026-05-31,,,,,San Miguel,,
2026-05-31,ESS,The Vistas of West Hills,,Valencia,ESS-the-vistas-of-west-hills-3br-1229sqft-san-rafael,3,2.0,1229,3429.0,2026-05-31,,True,hard,"Save Up to $1,700 Off Rent!*",dollar_off,1700.0,4.13,,3287.33,https://www.essexapartmenthomes.com/apartments/valencia/the-vistas-of-west-hills/floor-plans-and-pricing,2026-04-04,2026-05-31,,,,,San Rafael,,
2026-05-31,ESS,Allegro,,Valley Village,ESS-allegro-2br-1026sqft-plan-2a,2,2.0,1026,3077.0,2026-06-15,,False,,,,,,,,https://www.essexapartmenthomes.com/apartments/valley-village/allegro/floor-plans-and-pricing,2026-04-13,2026-05-31,,,,,Plan 2A,,
2026-05-31,ESS,Ashton Sherman Village,,Valley Village,ESS-ashton-sherman-village-1br-920sqft-plan-1d,1,1.0,920,2549.0,2026-05-31,,True,hard,"Save Up to $2,300 Off Rent!*",dollar_off,2300.0,7.52,,2357.33,https://www.essexapartmenthomes.com/apartments/valley-village/ashton-sherman-village/floor-plans-and-pricing,2026-05-09,2026-05-31,,,,,Plan 1D,,
2026-05-31,ESS,Ashton Sherman Village,,Valley Village,ESS-ashton-sherman-village-1br-908sqft-plan-1a,1,1.0,908,2559.0,2026-07-02,,True,hard,"Save Up to $2,300 Off Rent!*",dollar_off,2300.0,7.49,,2367.33,https://www.essexapartmenthomes.com/apartments/valley-village/ashton-sherman-village/floor-plans-and-pricing,2026-05-31,2026-05-31,,,,,Plan 1A,,
2026-05-31,ESS,Ashton Sherman Village,,Valley Village,ESS-ashton-sherman-village-1br-1283sqft-plan-1b,1,1.0,1283,3017.0,2026-07-11,,True,hard,"Save Up to $2,300 Off Rent!*",dollar_off,2300.0,6.35,,2825.33,https://www.essexapartmenthomes.com/apartments/valley-village/ashton-sherman-village/floor-plans-and-pricing,2026-05-25,2026-05-31,,,,,Plan 1B,,
2026-05-31,ESS,Ashton Sherman Village,,Valley Village,ESS-ashton-sherman-village-2br-1251sqft-plan-2b,2,2.0,1251,3319.0,2026-05-31,,True,hard,"Save Up to $2,300 Off Rent!*",dollar_off,2300.0,5.77,,3127.33,https://www.essexapartmenthomes.com/apartments/valley-village/ashton-sherman-village/floor-plans-and-pricing,2026-04-04,2026-05-31,,,,,Plan 2B,,
2026-05-31,ESS,Ashton Sherman Village,,Valley Village,ESS-ashton-sherman-village-2br-1336sqft-plan-2c,2,2.0,1336,3539.0,2026-06-12,,True,hard,"Save Up to $2,300 Off Rent!*",dollar_off,2300.0,5.42,,3347.33,https://www.essexapartmenthomes.com/apartments/valley-village/ashton-sherman-village/floor-plans-and-pricing,2026-05-17,2026-05-31,,,,,Plan 2C,,
2026-05-31,ESS,Avery,,Valley Village,ESS-avery-2br-1099sqft-plan-2b,2,2.0,1099,3149.0,2026-07-20,,False,,,,,,,,https://www.essexapartmenthomes.com/apartments/valley-village/avery/floor-plans-and-pricing,2026-05-31,2026-05-31,,,,,Plan 2B,,
2026-05-31,ESS,Avery,,Valley Village,ESS-avery-2br-1057sqft-plan-2a,2,2.0,1057,3249.0,2026-07-07,,False,,,,,,,,https://www.essexapartmenthomes.com/apartments/valley-village/avery/floor-plans-and-pricing,2026-05-03,2026-05-31,,,,,Plan 2A,,
2026-05-31,ESS,Emerson Valley Village,,Valley Village,ESS-emerson-valley-village-2br-1153sqft-plan-2b,2,2.0,1153,2977.0,2026-05-31,,False,,,,,,,,https://www.essexapartmenthomes.com/apartments/valley-village/emerson-valley-village/floor-plans-and-pricing,2026-04-04,2026-05-31,,,,,Plan 2B,,
2026-05-31,ESS,Emerson Valley Village,,Valley Village,ESS-emerson-valley-village-2br-1065sqft-plan-2a,2,2.0,1065,2989.0,2026-05-31,,False,,,,,,,,https://www.essexapartmenthomes.com/apartments/valley-village/emerson-valley-village/floor-plans-and-pricing,2026-04-04,2026-05-31,,,,,Plan 2A,,
2026-05-31,ESS,Emerson Valley Village,,Valley Village,ESS-emerson-valley-village-2br-1338sqft-plan-2e,2,2.0,1338,3379.0,2026-07-28,,False,,,,,,,,https://www.essexapartmenthomes.com/apartments/valley-village/emerson-valley-village/floor-plans-and-pricing,2026-05-31,2026-05-31,,,,,Plan 2E,,
2026-05-31,ESS,Emerson Valley Village,,Valley Village,ESS-emerson-valley-village-2br-1316sqft-plan-2c,2,2.0,1316,3759.0,2026-05-31,,False,,,,,,,,https://www.essexapartmenthomes.com/apartments/valley-village/emerson-valley-village/floor-plans-and-pricing,2026-04-04,2026-05-31,,,,,Plan 2C,,
2026-05-31,ESS,Pinehurst,,Ventura,ESS-pinehurst-1br-757sqft-plan-1a,1,1.0,757,2067.0,2026-07-19,,False,,,,,,,,https://www.essexapartmenthomes.com/apartments/ventura/pinehurst/floor-plans-and-pricing,2026-05-24,2026-05-31,,,,,Plan 1A,,
2026-05-31,ESS,The Lofts at Pinehurst,,Ventura,ESS-the-lofts-at-pinehurst-0br-473sqft-plan-sa,0,1.0,473,1907.0,2026-06-11,,False,,,,,,,,https://www.essexapartmenthomes.com/apartments/ventura/the-lofts-at-pinehurst/floor-plans-and-pricing,2026-04-19,2026-05-31,,,,,Plan SA,,
2026-05-31,ESS,The Lofts at Pinehurst,,Ventura,ESS-the-lofts-at-pinehurst-1br-666sqft-plan-1a,1,1.0,666,2199.0,2026-07-04,,False,,,,,,,,https://www.essexapartmenthomes.com/apartments/ventura/the-lofts-at-pinehurst/floor-plans-and-pricing,2026-04-04,2026-05-31,,,,,Plan 1A,,
2026-05-31,ESS,The Lofts at Pinehurst,,Ventura,ESS-the-lofts-at-pinehurst-1br-665sqft-plan-1b-loft,1,1.0,665,2207.0,2026-06-13,,False,,,,,,,,https://www.essexapartmenthomes.com/apartments/ventura/the-lofts-at-pinehurst/floor-plans-and-pricing,2026-04-19,2026-05-31,,,,,Plan 1B Loft,,
2026-05-31,ESS,The Lofts at Pinehurst,,Ventura,ESS-the-lofts-at-pinehurst-1br-700sqft-plan-1c-loft,1,1.0,700,2297.0,2026-06-27,,False,,,,,,,,https://www.essexapartmenthomes.com/apartments/ventura/the-lofts-at-pinehurst/floor-plans-and-pricing,2026-05-24,2026-05-31,,,,,Plan 1C Loft,,
2026-05-31,ESS,Woodside Village,,Ventura,ESS-woodside-village-2br-790sqft-plan-2a,2,2.0,790,2577.0,2026-05-31,,False,,,,,,,,https://www.essexapartmenthomes.com/apartments/ventura/woodside-village/floor-plans-and-pricing,2026-04-04,2026-05-31,,,,,Plan 2A,,
2026-05-31,ESS,Woodside Village,,Ventura,ESS-woodside-village-2br-798sqft-plan-2b,2,2.0,798,2789.0,2026-07-01,,False,,,,,,,,https://www.essexapartmenthomes.com/apartments/ventura/woodside-village/floor-plans-and-pricing,2026-04-04,2026-05-31,,,,,Plan 2B,,
2026-05-31,ESS,Woodside Village,,Ventura,ESS-woodside-village-2br-820sqft-plan-2c,2,2.0,820,2847.0,2026-05-31,,False,,,,,,,,https://www.essexapartmenthomes.com/apartments/ventura/woodside-village/floor-plans-and-pricing,2026-04-13,2026-05-31,,,,,Plan 2C,,
2026-05-31,ESS,Woodside Village,,Ventura,ESS-woodside-village-3br-1150sqft-plan-3a-townhome,3,2.5,1150,3399.0,2026-06-27,,False,,,,,,,,https://www.essexapartmenthomes.com/apartments/ventura/woodside-village/floor-plans-and-pricing,2026-04-04,2026-05-31,,,,,Plan 3A Townhome,,
2026-05-31,ESS,Passage Buena Vista,,Vista,ESS-passage-buena-vista-1br-732sqft-aster,1,1.0,732,2469.0,2026-06-19,,True,hard,"Save Up to $3,900 Off Rent!*",dollar_off,3900.0,13.16,,2144.0,https://www.essexapartmenthomes.com/apartments/vista/passage-buena-vista/floor-plans-and-pricing,2026-04-04,2026-05-31,,,,,Aster,,
2026-05-31,ESS,Passage Buena Vista,,Vista,ESS-passage-buena-vista-2br-1234sqft-cassia,2,2.0,1234,3529.0,2026-06-08,,True,hard,"Save Up to $3,900 Off Rent!*",dollar_off,3900.0,9.21,,3204.0,https://www.essexapartmenthomes.com/apartments/vista/passage-buena-vista/floor-plans-and-pricing,2026-04-04,2026-05-31,,,,,Cassia,,
2026-05-31,ESS,Passage Buena Vista,,Vista,ESS-passage-buena-vista-2br-1239sqft-magnolia,2,2.0,1239,3547.0,2026-06-06,,True,hard,"Save Up to $3,900 Off Rent!*",dollar_off,3900.0,9.16,,3222.0,https://www.essexapartmenthomes.com/apartments/vista/passage-buena-vista/floor-plans-and-pricing,2026-05-03,2026-05-31,,,,,Magnolia,,
2026-05-31,ESS,Passage Buena Vista,,Vista,ESS-passage-buena-vista-3br-1344sqft-jasmine,3,2.0,1344,4059.0,2026-05-31,,True,hard,"Save Up to $3,900 Off Rent!*",dollar_off,3900.0,8.01,,3734.0,https://www.essexapartmenthomes.com/apartments/vista/passage-buena-vista/floor-plans-and-pricing,2026-04-04,2026-05-31,,,,,Jasmine,,
2026-05-31,ESS,Walnut Heights,,Walnut,ESS-walnut-heights-1br-750sqft-plan-1a,1,1.0,750,2119.0,2026-06-20,,False,,,,,,,,https://www.essexapartmenthomes.com/apartments/walnut/walnut-heights/floor-plans-and-pricing,2026-04-04,2026-05-31,,,,,Plan 1A,,
2026-05-31,ESS,Walnut Heights,,Walnut,ESS-walnut-heights-2br-850sqft-plan-2a,2,1.0,850,2577.0,2026-05-31,,False,,,,,,,,https://www.essexapartmenthomes.com/apartments/walnut/walnut-heights/floor-plans-and-pricing,2026-04-04,2026-05-31,,,,,Plan 2A,,
2026-05-31,ESS,Walnut Heights,,Walnut,ESS-walnut-heights-3br-1050sqft-plan-3a,3,1.5,1050,2837.0,2026-06-01,,False,,,,,,,,https://www.essexapartmenthomes.com/apartments/walnut/walnut-heights/floor-plans-and-pricing,2026-04-04,2026-05-31,,,,,Plan 3A,,
2026-05-31,ESS,Agora at South Main,,Bay Area,ESS-agora-at-south-main-2br-1209sqft-plan-2a,2,2.0,1209,4529.0,2026-06-04,,False,,,,,,,,https://www.essexapartmenthomes.com/apartments/walnut-creek/agora-at-south-main/floor-plans-and-pricing,2026-04-26,2026-05-31,,,,,Plan 2A,,
2026-05-31,ESS,Brio,,Bay Area,ESS-brio-1br-667sqft-thalia,1,1.0,667,2577.0,2026-05-31,,False,,,,,,,,https://www.essexapartmenthomes.com/apartments/walnut-creek/brio/floor-plans-and-pricing,2026-04-04,2026-05-31,,,,,Thalia,,
2026-05-31,ESS,Brio,,Bay Area,ESS-brio-1br-766sqft-iris,1,1.0,766,2649.0,2026-05-31,,False,,,,,,,,https://www.essexapartmenthomes.com/apartments/walnut-creek/brio/floor-plans-and-pricing,2026-04-04,2026-05-31,,,,,Iris,,
2026-05-31,ESS,Brio,,Bay Area,ESS-brio-2br-1020sqft-cassia,2,2.0,1020,3509.0,2026-06-11,,False,,,,,,,,https://www.essexapartmenthomes.com/apartments/walnut-creek/brio/floor-plans-and-pricing,2026-05-24,2026-05-31,,,,,Cassia,,
2026-05-31,ESS,The Dylan,,Los Angeles,ESS-the-dylan-0br-682sqft-the-coleridge,0,1.0,682,2347.0,2026-05-31,,True,hard,"Save Up to $1,700 Off Rent!*",dollar_off,1700.0,6.04,,2205.33,https://www.essexapartmenthomes.com/apartments/west-hollywood/the-dylan/floor-plans-and-pricing,2026-04-04,2026-05-31,,,,,The Coleridge,,
2026-05-31,ESS,The Dylan,,Los Angeles,ESS-the-dylan-1br-768sqft-the-keats,1,1.0,768,2689.0,2026-05-31,,True,hard,"Save Up to $1,700 Off Rent!*",dollar_off,1700.0,5.27,,2547.33,https://www.essexapartmenthomes.com/apartments/west-hollywood/the-dylan/floor-plans-and-pricing,2026-04-04,2026-05-31,,,,,The Keats,,
2026-05-31,ESS,The Dylan,,Los Angeles,ESS-the-dylan-2br-1053sqft-the-kipling,2,2.0,1053,3549.0,2026-05-31,,True,hard,"Save Up to $1,700 Off Rent!*",dollar_off,1700.0,3.99,,3407.33,https://www.essexapartmenthomes.com/apartments/west-hollywood/the-dylan/floor-plans-and-pricing,2026-04-19,2026-05-31,,,,,The Kipling,,
2026-05-31,ESS,The Huxley,,Los Angeles,ESS-the-huxley-0br-681sqft-the-orwell,0,1.0,681,2099.0,2026-05-31,,True,hard,"Save Up to $1,700 Off Rent!*",dollar_off,1700.0,6.75,,1957.33,https://www.essexapartmenthomes.com/apartments/west-hollywood/the-huxley/floor-plans-and-pricing,2026-04-04,2026-05-31,,,,,The Orwell,,
2026-05-31,ESS,The Huxley,,Los Angeles,ESS-the-huxley-1br-743sqft-the-thompson,1,1.0,743,2419.0,2026-05-31,,True,hard,"Save Up to $1,700 Off Rent!*",dollar_off,1700.0,5.86,,2277.33,https://www.essexapartmenthomes.com/apartments/west-hollywood/the-huxley/floor-plans-and-pricing,2026-04-04,2026-05-31,,,,,The Thompson,,
2026-05-31,ESS,The Huxley,,Los Angeles,ESS-the-huxley-1br-767sqft-the-wells,1,1.0,767,2457.0,2026-06-13,,True,hard,"Save Up to $1,700 Off Rent!*",dollar_off,1700.0,5.77,,2315.33,https://www.essexapartmenthomes.com/apartments/west-hollywood/the-huxley/floor-plans-and-pricing,2026-04-04,2026-05-31,,,,,The Wells,,
2026-05-31,ESS,The Huxley,,Los Angeles,ESS-the-huxley-1br-833sqft-the-kerouac,1,1.0,833,2687.0,2026-06-07,,True,hard,"Save Up to $1,700 Off Rent!*",dollar_off,1700.0,5.27,,2545.33,https://www.essexapartmenthomes.com/apartments/west-hollywood/the-huxley/floor-plans-and-pricing,2026-05-31,2026-05-31,,,,,The Kerouac,,
2026-05-31,ESS,The Huxley,,Los Angeles,ESS-the-huxley-1br-996sqft-the-burgess,1,1.0,996,2959.0,2026-06-05,,True,hard,"Save Up to $1,700 Off Rent!*",dollar_off,1700.0,4.79,,2817.33,https://www.essexapartmenthomes.com/apartments/west-hollywood/the-huxley/floor-plans-and-pricing,2026-04-04,2026-05-31,,,,,The Burgess,,
2026-05-31,ESS,Beaumont,,Woodinville,ESS-beaumont-0br-571sqft-plan-sc,0,1.0,571,1777.0,2026-06-04,,False,,,,,,,,https://www.essexapartmenthomes.com/apartments/woodinville/beaumont/floor-plans-and-pricing,2026-04-04,2026-05-31,,,,,Plan SC,,
2026-05-31,ESS,Beaumont,,Woodinville,ESS-beaumont-1br-701sqft-plan-1a,1,1.0,701,2049.0,2026-05-31,,False,,,,,,,,https://www.essexapartmenthomes.com/apartments/woodinville/beaumont/floor-plans-and-pricing,2026-04-04,2026-05-31,,,,,Plan 1A,,
2026-05-31,ESS,Beaumont,,Woodinville,ESS-beaumont-2br-1002sqft-plan-2a,2,1.0,1002,2587.0,2026-05-31,,False,,,,,,,,https://www.essexapartmenthomes.com/apartments/woodinville/beaumont/floor-plans-and-pricing,2026-04-04,2026-05-31,,,,,Plan 2A,,
2026-05-31,ESS,Beaumont,,Woodinville,ESS-beaumont-2br-1046sqft-plan-2b,2,2.0,1046,2589.0,2026-05-31,,False,,,,,,,,https://www.essexapartmenthomes.com/apartments/woodinville/beaumont/floor-plans-and-pricing,2026-04-04,2026-05-31,,,,,Plan 2B,,
2026-05-31,ESS,Beaumont,,Woodinville,ESS-beaumont-2br-1112sqft-plan-2c,2,2.0,1112,2597.0,2026-05-31,,False,,,,,,,,https://www.essexapartmenthomes.com/apartments/woodinville/beaumont/floor-plans-and-pricing,2026-04-04,2026-05-31,,,,,Plan 2C,,
2026-05-31,ESS,Beaumont,,Woodinville,ESS-beaumont-2br-1218sqft-plan-2d,2,2.0,1218,2787.0,2026-06-29,,False,,,,,,,,https://www.essexapartmenthomes.com/apartments/woodinville/beaumont/floor-plans-and-pricing,2026-04-04,2026-05-31,,,,,Plan 2D,,
2026-05-31,ESS,Beaumont,,Woodinville,ESS-beaumont-2br-1281sqft-plan-2e-den,2,2.0,1281,2927.0,2026-06-07,,False,,,,,,,,https://www.essexapartmenthomes.com/apartments/woodinville/beaumont/floor-plans-and-pricing,2026-04-04,2026-05-31,,,,,Plan 2E + Den,,
2026-05-31,ESS,Avondale at Warner Center,,Los Angeles,ESS-avondale-at-warner-center-0br-460sqft-oak,0,1.0,460,1717.0,2026-06-07,,True,hard,"Save Up to $1,400 Off Rent!*",dollar_off,1400.0,6.79,,1600.33,https://www.essexapartmenthomes.com/apartments/woodland-hills/avondale-at-warner-center/floor-plans-and-pricing,2026-04-04,2026-05-31,,,,,Oak,,
2026-05-31,ESS,Avondale at Warner Center,,Los Angeles,ESS-avondale-at-warner-center-1br-665sqft-sycamore,1,1.0,665,1957.0,2026-05-31,,True,hard,"Save Up to $1,400 Off Rent!*",dollar_off,1400.0,5.96,,1840.33,https://www.essexapartmenthomes.com/apartments/woodland-hills/avondale-at-warner-center/floor-plans-and-pricing,2026-04-04,2026-05-31,,,,,Sycamore,,
2026-05-31,ESS,Avondale at Warner Center,,Los Angeles,ESS-avondale-at-warner-center-2br-989sqft-cottonwood,2,2.0,989,2589.0,2026-06-12,,True,hard,"Save Up to $1,400 Off Rent!*",dollar_off,1400.0,4.51,,2472.33,https://www.essexapartmenthomes.com/apartments/woodland-hills/avondale-at-warner-center/floor-plans-and-pricing,2026-04-04,2026-05-31,,,,,Cottonwood,,
2026-05-31,ESS,Reveal,,Los Angeles,ESS-reveal-1br-690sqft-destiny,1,1.0,690,2227.0,2026-05-31,,True,hard,"Save Up to $3,500 Off Rent!*",dollar_off,3500.0,13.1,,1935.33,https://www.essexapartmenthomes.com/apartments/woodland-hills/reveal/floor-plans-and-pricing,2026-04-04,2026-05-31,,,,,Destiny,,
2026-05-31,ESS,Reveal,,Los Angeles,ESS-reveal-1br-680sqft-eternity,1,1.0,680,2237.0,2026-05-31,,True,hard,"Save Up to $3,500 Off Rent!*",dollar_off,3500.0,13.04,,1945.33,https://www.essexapartmenthomes.com/apartments/woodland-hills/reveal/floor-plans-and-pricing,2026-04-04,2026-05-31,,,,,Eternity,,
2026-05-31,ESS,Reveal,,Los Angeles,ESS-reveal-1br-866sqft-prosperity,1,1.0,866,2359.0,2026-05-31,,True,hard,"Save Up to $3,500 Off Rent!*",dollar_off,3500.0,12.36,,2067.33,https://www.essexapartmenthomes.com/apartments/woodland-hills/reveal/floor-plans-and-pricing,2026-04-04,2026-05-31,,,,,Prosperity,,
2026-05-31,ESS,Reveal,,Los Angeles,ESS-reveal-2br-997sqft-infinity,2,2.0,997,2619.0,2026-06-12,,True,hard,"Save Up to $3,500 Off Rent!*",dollar_off,3500.0,11.14,,2327.33,https://www.essexapartmenthomes.com/apartments/woodland-hills/reveal/floor-plans-and-pricing,2026-04-04,2026-05-31,,,,,Infinity,,
2026-05-31,ESS,Reveal,,Los Angeles,ESS-reveal-2br-1070sqft-fortune,2,2.0,1070,2749.0,2026-07-03,,True,hard,"Save Up to $3,500 Off Rent!*",dollar_off,3500.0,10.61,,2457.33,https://www.essexapartmenthomes.com/apartments/woodland-hills/reveal/floor-plans-and-pricing,2026-04-04,2026-05-31,,,,,Fortune,,
2026-05-31,ESS,Reveal,,Los Angeles,ESS-reveal-2br-1126sqft-peace,2,2.0,1126,2757.0,2026-06-30,,True,hard,"Save Up to $3,500 Off Rent!*",dollar_off,3500.0,10.58,,2465.33,https://www.essexapartmenthomes.com/apartments/woodland-hills/reveal/floor-plans-and-pricing,2026-04-04,2026-05-31,,,,,Peace,,
2026-05-31,ESS,Reveal,,Los Angeles,ESS-reveal-3br-1447sqft-victory,3,2.0,1447,3549.0,2026-06-07,,True,hard,"Save Up to $3,500 Off Rent!*",dollar_off,3500.0,8.22,,3257.33,https://www.essexapartmenthomes.com/apartments/woodland-hills/reveal/floor-plans-and-pricing,2026-04-04,2026-05-31,,,,,Victory,,
