scrape_date,reit,community,address,market,unit_id,beds,baths,sqft,rent,move_in_date,lease_term,has_concession,concession_hardness,concession_raw,concession_type,concession_value,concession_pct_lease_value,concession_pct_lease_term,effective_monthly_rent,listing_url,first_seen,last_seen,state,city,latitude,longitude,floorplan_name,floor_level,rentcafe_property_id
2026-09-12,INVH,Southern California,"27451 Echo Canyon Ct, Corona, CA, 92883",Southern California,INVH-27451-echo-canyon-ct-corona-ca-92883,4,3.0,1936,3595.0,2026-09-12,12 months,False,,,,,,,,https://www.invitationhomes.com/houses-for-rent/27451-echo-canyon-ct-corona-ca-92883,2026-07-19,2026-09-12,CA,Corona,,,,,27451-echo-canyon-ct-corona-ca-92883
2026-09-12,INVH,Southern California,"45024 Muirfield Dr, Temecula, CA, 92592",Southern California,INVH-45024-muirfield-dr-temecula-ca-92592,3,2.5,1502,3185.0,2026-09-12,12 months,False,,,,,,,,https://www.invitationhomes.com/houses-for-rent/45024-muirfield-dr-temecula-ca-92592,2026-09-03,2026-09-12,CA,Temecula,,,,,45024-muirfield-dr-temecula-ca-92592
2026-09-12,INVH,Southern California,"40122 Cannes Ct, Temecula, CA, 92591",Southern California,INVH-40122-cannes-ct-temecula-ca-92591,4,3.0,2198,3690.0,2026-09-12,12 months,False,,,,,,,,https://www.invitationhomes.com/houses-for-rent/40122-cannes-ct-temecula-ca-92591,2026-08-16,2026-09-12,CA,Temecula,,,,,40122-cannes-ct-temecula-ca-92591
2026-09-12,INVH,Southern California,"26186 Lawrence Union Dr, Murrieta, CA, 92563",Southern California,INVH-26186-lawrence-union-dr-murrieta-ca-92563,3,3.0,2601,3295.0,2026-09-12,12 months,False,,,,,,,,https://www.invitationhomes.com/houses-for-rent/26186-lawrence-union-dr-murrieta-ca-92563,2026-07-19,2026-09-12,CA,Murrieta,,,,,26186-lawrence-union-dr-murrieta-ca-92563
2026-09-12,INVH,Southern California,"35189 Pashal Pl, Wildomar, CA, 92595",Southern California,INVH-35189-pashal-pl-92595-8824,3,2.5,2048,3185.0,2026-09-14,12 months,False,,,,,,,,https://www.invitationhomes.com/houses-for-rent/35189-pashal-pl-92595-8824,2026-08-16,2026-09-12,CA,Wildomar,,,,,35189-pashal-pl-92595-8824
2026-09-12,INVH,Southern California,"19086 Reindeer Dr, Lake Elsinore, CA, 92530",Southern California,INVH-19086-reindeer-dr-92530-6922,3,2.0,1416,2799.0,2026-09-12,12 months,False,,,,,,,,https://www.invitationhomes.com/houses-for-rent/19086-reindeer-dr-92530-6922,2026-08-16,2026-09-12,CA,Lake Elsinore,,,,,19086-reindeer-dr-92530-6922
2026-09-12,INVH,Southern California,"27125 Calendula St, Corona, CA, 92883",Southern California,INVH-27125-calendula-st-92883-9373,5,3.0,2496,3949.0,2026-10-04,12 months,False,,,,,,,,https://www.invitationhomes.com/houses-for-rent/27125-calendula-st-92883-9373,2026-09-06,2026-09-12,CA,Corona,,,,,27125-calendula-st-92883-9373
2026-09-12,INVH,Southern California,"36257 Saint Raphael Dr, Murrieta, CA, 92562",Southern California,INVH-36257-saint-raphael-dr-murrieta-ca-92562,4,3.0,1903,3395.0,2026-09-12,12 months,False,,,,,,,,https://www.invitationhomes.com/houses-for-rent/36257-saint-raphael-dr-murrieta-ca-92562,2026-08-23,2026-09-12,CA,Murrieta,,,,,36257-saint-raphael-dr-murrieta-ca-92562
2026-09-12,INVH,Southern California,"25375 Mountain Springs St, Menifee, CA, 92584",Southern California,INVH-25375-mountain-springs-st-menifee-ca-92584,3,2.0,1598,2910.0,2026-09-12,12 months,False,,,,,,,,https://www.invitationhomes.com/houses-for-rent/25375-mountain-springs-st-menifee-ca-92584,2026-07-19,2026-09-12,CA,Menifee,,,,,25375-mountain-springs-st-menifee-ca-92584
2026-09-12,INVH,Phoenix,"9128 S Parkside Ln W, Buckeye, AZ, 85326",Phoenix,INVH-9128-s-parkside-ln-w-buckeye-az-85326,3,2.0,1252,1935.0,2026-10-24,19 months,False,,,,,,,,https://www.invitationhomes.com/houses-for-rent/9128-s-parkside-ln-w-buckeye-az-85326,2026-09-09,2026-09-12,AZ,Buckeye,,,,,9128-s-parkside-ln-w-buckeye-az-85326
2026-09-12,INVH,Phoenix,"5483 S 236Th Avenue, Buckeye, AZ, 85326",Phoenix,INVH-5483-s-236th-avenue-85326-100560,4,2.0,1569,1849.0,2026-09-30,19 months,False,,,,,,,,https://www.invitationhomes.com/houses-for-rent/5483-s-236th-avenue-85326-100560,2026-09-03,2026-09-12,AZ,Buckeye,,,,,5483-s-236th-avenue-85326-100560
2026-09-12,INVH,Phoenix,"3723 N 292nd Dr, Buckeye, AZ, 85396",Phoenix,INVH-3723-n-292nd-dr-buckeye-az-85396,4,2.5,2553,2235.0,2026-09-17,19 months,False,,,,,,,,https://www.invitationhomes.com/houses-for-rent/3723-n-292nd-dr-buckeye-az-85396,2026-08-10,2026-09-12,AZ,Buckeye,,,,,3723-n-292nd-dr-buckeye-az-85396
2026-09-12,INVH,Phoenix,"25358 W Romley Rd, Buckeye, AZ, 85326",Phoenix,INVH-25358-w-romley-rd-85326-96414,3,2.0,1565,1875.0,2026-09-12,24 months,False,,,,,,,,https://www.invitationhomes.com/houses-for-rent/25358-w-romley-rd-85326-96414,2026-08-02,2026-09-12,AZ,Buckeye,,,,,25358-w-romley-rd-85326-96414
2026-09-12,INVH,Phoenix,"25288 W Chipman Rd, Buckeye, AZ, 85326",Phoenix,INVH-25288-w-chipman-rd-85326-114575,4,3.0,2197,2285.0,2026-10-15,24 months,False,,,,,,,,https://www.invitationhomes.com/houses-for-rent/25288-w-chipman-rd-85326-114575,2026-09-12,2026-09-12,AZ,Buckeye,,,,,25288-w-chipman-rd-85326-114575
2026-09-12,INVH,Phoenix,"25210 W Romley Rd, Buckeye, AZ, 85326",Phoenix,INVH-25210-w-romley-rd-85326-111058,3,2.0,1565,1775.0,2026-09-12,24 months,False,,,,,,,,https://www.invitationhomes.com/houses-for-rent/25210-w-romley-rd-85326-111058,2026-06-09,2026-09-12,AZ,Buckeye,,,,,25210-w-romley-rd-85326-111058
2026-09-12,INVH,Phoenix,"25330 W Romley Rd, Buckeye, AZ, 85326",Phoenix,INVH-25330-w-romley-rd-85326-96413,4,2.0,1915,2025.0,2026-09-12,24 months,False,,,,,,,,https://www.invitationhomes.com/houses-for-rent/25330-w-romley-rd-85326-96413,2026-07-19,2026-09-12,AZ,Buckeye,,,,,25330-w-romley-rd-85326-96413
2026-09-12,INVH,Phoenix,"25216 W Chipman Rd, Buckeye, AZ, 85326",Phoenix,INVH-25216-w-chipman-rd-85326-119566,4,3.0,2197,2285.0,2026-10-12,24 months,False,,,,,,,,https://www.invitationhomes.com/houses-for-rent/25216-w-chipman-rd-85326-119566,2026-09-03,2026-09-12,AZ,Buckeye,,,,,25216-w-chipman-rd-85326-119566
2026-09-12,INVH,Phoenix,"25199 W Wier Ave, Buckeye, AZ, 85326",Phoenix,INVH-25199-w-wier-ave-85326-120776,4,2.0,1915,2025.0,2026-09-12,24 months,False,,,,,,,,https://www.invitationhomes.com/houses-for-rent/25199-w-wier-ave-85326-120776,2026-06-09,2026-09-12,AZ,Buckeye,,,,,25199-w-wier-ave-85326-120776
2026-09-12,INVH,Phoenix,"25842 W Gibson Ln, Buckeye, AZ, 85326",Phoenix,INVH-25842-w-gibson-ln-85326-100319,4,3.0,2485,2370.0,2026-10-04,19 months,False,,,,,,,,https://www.invitationhomes.com/houses-for-rent/25842-w-gibson-ln-85326-100319,2026-08-23,2026-09-12,AZ,Buckeye,,,,,25842-w-gibson-ln-85326-100319
2026-09-12,INVH,Phoenix,"24446 W Sheraton Ln, Buckeye, AZ, 85326",Phoenix,INVH-24446-w-sheraton-ln-85326-101833,3,2.0,1551,1699.0,2026-09-12,19 months,False,,,,,,,,https://www.invitationhomes.com/houses-for-rent/24446-w-sheraton-ln-85326-101833,2026-08-16,2026-09-12,AZ,Buckeye,,,,,24446-w-sheraton-ln-85326-101833
2026-09-12,INVH,Phoenix,"23818 W Atlanta Ave, Buckeye, AZ, 85326",Phoenix,INVH-23818-w-atlanta-ave-85326-85555,4,2.0,2085,2035.0,2026-10-11,19 months,False,,,,,,,,https://www.invitationhomes.com/houses-for-rent/23818-w-atlanta-ave-85326-85555,2026-09-03,2026-09-12,AZ,Buckeye,,,,,23818-w-atlanta-ave-85326-85555
2026-09-12,INVH,Phoenix,"2293 N Riley Rd, Buckeye, AZ, 85396",Phoenix,INVH-2293-n-riley-rd-85396-85337,3,2.0,1746,2099.0,2026-10-17,19 months,False,,,,,,,,https://www.invitationhomes.com/houses-for-rent/2293-n-riley-rd-85396-85337,2026-09-03,2026-09-12,AZ,Buckeye,,,,,2293-n-riley-rd-85396-85337
2026-09-12,INVH,Phoenix,"2419 N Riley Rd, Buckeye, AZ, 85396",Phoenix,INVH-2419-n-riley-rd-85396-84488,3,2.5,2282,2230.0,2026-09-12,19 months,False,,,,,,,,https://www.invitationhomes.com/houses-for-rent/2419-n-riley-rd-85396-84488,2026-08-16,2026-09-12,AZ,Buckeye,,,,,2419-n-riley-rd-85396-84488
2026-09-12,INVH,Phoenix,"21130 W Cypress St, Buckeye, AZ, 85396",Phoenix,INVH-21130-w-cypress-st-85396-86317,4,2.5,2174,2375.0,2026-10-15,19 months,False,,,,,,,,https://www.invitationhomes.com/houses-for-rent/21130-w-cypress-st-85396-86317,2026-08-23,2026-09-12,AZ,Buckeye,,,,,21130-w-cypress-st-85396-86317
2026-09-12,INVH,Chicago,"22830 Lakeshore Dr, Richton Park, IL, 60471",Chicago,INVH-22830-lakeshore-dr-60471-2232,4,2.5,2310,3435.0,2026-09-12,12 months,False,,,,,,,,https://www.invitationhomes.com/houses-for-rent/22830-lakeshore-dr-60471-2232,2026-07-19,2026-09-12,IL,Richton Park,,,,,22830-lakeshore-dr-60471-2232
2026-09-12,INVH,Chicago,"2409 Twin Fountain Ct, Plainfield, IL, 60586",Chicago,INVH-2409-twin-fountain-ct-60586-4339,3,2.5,1580,2670.0,2026-10-20,12 months,False,,,,,,,,https://www.invitationhomes.com/houses-for-rent/2409-twin-fountain-ct-60586-4339,2026-09-06,2026-09-12,IL,Plainfield,,,,,2409-twin-fountain-ct-60586-4339
2026-09-12,INVH,Chicago,"986 Celebration Dr, Aurora, IL, 60504",Chicago,INVH-986-celebration-dr-60504-7068,3,2.5,1300,2410.0,2026-10-21,17 months,False,,,,,,,,https://www.invitationhomes.com/houses-for-rent/986-celebration-dr-60504-7068,2026-09-06,2026-09-12,IL,Aurora,,,,,986-celebration-dr-60504-7068
2026-09-12,INVH,Chicago,"1743 Walnut Park Ln, Aurora, IL, 60504",Chicago,INVH-1743-walnut-park-ln-60504-4745,3,2.5,1497,2610.0,2026-09-15,22 months,False,,,,,,,,https://www.invitationhomes.com/houses-for-rent/1743-walnut-park-ln-60504-4745,2026-08-02,2026-09-12,IL,Aurora,,,,,1743-walnut-park-ln-60504-4745
2026-09-12,INVH,Chicago,"1747 Walnut Park Ln, Aurora, IL, 60504",Chicago,INVH-1747-walnut-park-ln-60504-3287,3,2.5,1747,2730.0,2026-10-15,12 months,False,,,,,,,,https://www.invitationhomes.com/houses-for-rent/1747-walnut-park-ln-60504-3287,2026-09-03,2026-09-12,IL,Aurora,,,,,1747-walnut-park-ln-60504-3287
2026-09-12,INVH,Chicago,"1684 Trafalgar Ln, Aurora, IL, 60504",Chicago,INVH-1684-trafalgar-ln-60504-6086,3,1.5,1564,2580.0,2026-09-12,12 months,False,,,,,,,,https://www.invitationhomes.com/houses-for-rent/1684-trafalgar-ln-60504-6086,2026-08-23,2026-09-12,IL,Aurora,,,,,1684-trafalgar-ln-60504-6086
2026-09-12,INVH,Chicago,"778 N Elmwood Dr, Aurora, IL, 60506",Chicago,INVH-778-n-elmwood-dr-60506-9563,4,2.0,1650,2780.0,2026-09-12,12 months,False,,,,,,,,https://www.invitationhomes.com/houses-for-rent/778-n-elmwood-dr-60506-9563,2026-08-02,2026-09-12,IL,Aurora,,,,,778-n-elmwood-dr-60506-9563
2026-09-12,INVH,Chicago,"606 Cherrywood Dr, North Aurora, IL, 60542",Chicago,INVH-606-cherrywood-dr-60542-8957,3,2.0,1000,2395.0,2026-10-26,17 months,False,,,,,,,,https://www.invitationhomes.com/houses-for-rent/606-cherrywood-dr-60542-8957,2026-09-12,2026-09-12,IL,North Aurora,,,,,606-cherrywood-dr-60542-8957
2026-09-12,INVH,Chicago,"783 E Galena Blvd, Aurora, IL, 60505",Chicago,INVH-783-e-galena-blvd-aurora-il-60505,4,1.5,1580,2730.0,2026-09-12,12 months,False,,,,,,,,https://www.invitationhomes.com/houses-for-rent/783-e-galena-blvd-aurora-il-60505,2026-07-19,2026-09-12,IL,Aurora,,,,,783-e-galena-blvd-aurora-il-60505
2026-09-12,INVH,Chicago,"5907 Alpine Way, Plainfield, IL, 60586",Chicago,INVH-5907-alpine-way-60586-5488,4,2.5,2359,3490.0,2026-09-12,12 months,False,,,,,,,,https://www.invitationhomes.com/houses-for-rent/5907-alpine-way-60586-5488,2026-09-03,2026-09-12,IL,Plainfield,,,,,5907-alpine-way-60586-5488
2026-09-12,INVH,Chicago,"16323 Zausa Dr, Crest Hill, IL, 60403",Chicago,INVH-16323-zausa-dr-60403-2728,4,2.5,2088,3035.0,2026-10-10,12 months,False,,,,,,,,https://www.invitationhomes.com/houses-for-rent/16323-zausa-dr-60403-2728,2026-09-03,2026-09-12,IL,Crest Hill,,,,,16323-zausa-dr-60403-2728
2026-09-12,INVH,Chicago,"327 Hemlock Ave, Romeoville, IL, 60446",Chicago,INVH-327-hemlock-ave-60446-9859,3,1.5,1575,2849.0,2026-09-20,12 months,False,,,,,,,,https://www.invitationhomes.com/houses-for-rent/327-hemlock-ave-60446-9859,2026-08-10,2026-09-12,IL,Romeoville,,,,,327-hemlock-ave-60446-9859
2026-09-12,INVH,Chicago,"1341 Fairmount Ave, Joliet, IL, 60432",Chicago,INVH-1341-fairmount-ave-joliet-il-60432,3,2.0,1388,2510.0,2026-09-12,12 months,False,,,,,,,,https://www.invitationhomes.com/houses-for-rent/1341-fairmount-ave-joliet-il-60432,2026-04-04,2026-09-12,IL,Joliet,,,,,1341-fairmount-ave-joliet-il-60432
2026-09-12,INVH,Chicago,"137 Mayfield Dr, Bolingbrook, IL, 60440",Chicago,INVH-137-mayfield-dr-60440-6776,3,1.5,1700,2880.0,2026-09-12,12 months,False,,,,,,,,https://www.invitationhomes.com/houses-for-rent/137-mayfield-dr-60440-6776,2026-05-17,2026-09-12,IL,Bolingbrook,,,,,137-mayfield-dr-60440-6776
2026-09-12,INVH,Chicago,"141 Queenswood Rd, Bolingbrook, IL, 60440",Chicago,INVH-141-queenswood-rd-60440-1392,4,2.0,1162,2549.0,2026-09-12,23 months,False,,,,,,,,https://www.invitationhomes.com/houses-for-rent/141-queenswood-rd-60440-1392,2026-08-23,2026-09-12,IL,Bolingbrook,,,,,141-queenswood-rd-60440-1392
2026-09-12,INVH,Chicago,"349 Huntington Way, Bolingbrook, IL, 60440",Chicago,INVH-349-huntington-way-60440-8456,5,3.0,2964,3830.0,2026-09-12,12 months,False,,,,,,,,https://www.invitationhomes.com/houses-for-rent/349-huntington-way-60440-8456,2026-08-02,2026-09-12,IL,Bolingbrook,,,,,349-huntington-way-60440-8456
2026-09-12,INVH,Chicago,"6791 Red Wing Dr, Woodridge, IL, 60517",Chicago,INVH-6791-red-wing-dr-woodridge-il-60517,3,2.0,1719,3099.0,2026-09-12,12 months,False,,,,,,,,https://www.invitationhomes.com/houses-for-rent/6791-red-wing-dr-woodridge-il-60517,2026-07-19,2026-09-12,IL,Woodridge,,,,,6791-red-wing-dr-woodridge-il-60517
2026-09-12,INVH,Chicago,"4019 N Washington St, Westmont, IL, 60559",Chicago,INVH-4019-n-washington-st-60559-9777,3,1.0,1400,3370.0,2026-10-25,12 months,False,,,,,,,,https://www.invitationhomes.com/houses-for-rent/4019-n-washington-st-60559-9777,2026-09-12,2026-09-12,IL,Westmont,,,,,4019-n-washington-st-60559-9777
2026-09-12,INVH,Chicago,"1563 S Tyler Rd, Saint Charles, IL, 60174",Chicago,INVH-1563-s-tyler-rd-60174-3974,3,2.5,1700,3020.0,2026-10-27,12 months,False,,,,,,,,https://www.invitationhomes.com/houses-for-rent/1563-s-tyler-rd-60174-3974,2026-09-12,2026-09-12,IL,Saint Charles,,,,,1563-s-tyler-rd-60174-3974
2026-09-12,INVH,Chicago,"645 Dover Dr, Elgin, IL, 60120",Chicago,INVH-645-dover-dr-60120-1800,3,2.5,1760,2830.0,2026-10-06,12 months,False,,,,,,,,https://www.invitationhomes.com/houses-for-rent/645-dover-dr-60120-1800,2026-08-23,2026-09-12,IL,Elgin,,,,,645-dover-dr-60120-1800
2026-09-12,INVH,Chicago,"1159 Blackhawk Dr, Elgin, IL, 60120",Chicago,INVH-1159-blackhawk-60120-6172,4,2.5,2025,3095.0,2026-09-12,12 months,False,,,,,,,,https://www.invitationhomes.com/houses-for-rent/1159-blackhawk-60120-6172,2026-08-10,2026-09-12,IL,Elgin,,,,,1159-blackhawk-60120-6172
2026-09-12,INVH,Chicago,"10880 Grand Canyon Ave, Huntley, IL, 60142",Chicago,INVH-10880-grand-canyon-ave-60142-6480,4,2.5,2577,3325.0,2026-09-12,12 months,False,,,,,,,,https://www.invitationhomes.com/houses-for-rent/10880-grand-canyon-ave-60142-6480,2026-07-19,2026-09-12,IL,Huntley,,,,,10880-grand-canyon-ave-60142-6480
2026-09-12,INVH,Chicago,"26W257 Harrison Ave, Winfield, IL, 60190",Chicago,INVH-26w257-harrison-ave-winfield-il-60190,3,2.0,1202,2620.0,2026-09-16,12 months,False,,,,,,,,https://www.invitationhomes.com/houses-for-rent/26w257-harrison-ave-winfield-il-60190,2026-09-06,2026-09-12,IL,Winfield,,,,,26w257-harrison-ave-winfield-il-60190
2026-09-12,INVH,Chicago,"1369 Westchester Dr, Glendale Heights, IL, 60139",Chicago,INVH-1369-westchester-dr-glendale-heights-il-60139,3,2.0,1336,2885.0,2026-09-15,12 months,False,,,,,,,,https://www.invitationhomes.com/houses-for-rent/1369-westchester-dr-glendale-heights-il-60139,2026-08-23,2026-09-12,IL,Glendale Heights,,,,,1369-westchester-dr-glendale-heights-il-60139
2026-09-12,INVH,Chicago,"30 Rodenburg Rd, Roselle, IL, 60172",Chicago,INVH-30-rodenburg-rd-roselle-il-60172,3,2.5,2283,3420.0,2026-09-12,12 months,False,,,,,,,,https://www.invitationhomes.com/houses-for-rent/30-rodenburg-rd-roselle-il-60172,2026-08-02,2026-09-12,IL,Roselle,,,,,30-rodenburg-rd-roselle-il-60172
2026-09-12,INVH,Chicago,"1571 Birch Ave, Hanover Park, IL, 60133",Chicago,INVH-1571-birch-ave-60133-3451,3,2.0,1490,2830.0,2026-09-12,12 months,False,,,,,,,,https://www.invitationhomes.com/houses-for-rent/1571-birch-ave-60133-3451,2026-08-02,2026-09-12,IL,Hanover Park,,,,,1571-birch-ave-60133-3451
2026-09-12,INVH,Chicago,"602 Banbury Ct, Roselle, IL, 60172",Chicago,INVH-602-banbury-ct-roselle-il-60172,3,1.0,1612,2780.0,2026-10-08,12 months,False,,,,,,,,https://www.invitationhomes.com/houses-for-rent/602-banbury-ct-roselle-il-60172,2026-09-03,2026-09-12,IL,Roselle,,,,,602-banbury-ct-roselle-il-60172
2026-09-12,INVH,Chicago,"1381 Alberta Ct, Glendale Heights, IL, 60139",Chicago,INVH-1381-alberta-ct-60139-5181,3,2.0,1630,3049.0,2026-09-24,12 months,False,,,,,,,,https://www.invitationhomes.com/houses-for-rent/1381-alberta-ct-60139-5181,2026-08-02,2026-09-12,IL,Glendale Heights,,,,,1381-alberta-ct-60139-5181
2026-09-12,INVH,Chicago,"180 S Oakland Grv, Elmhurst, IL, 60126",Chicago,INVH-180-s-oakland-grv-60126-3144,3,1.0,1068,2745.0,2026-09-12,12 months,False,,,,,,,,https://www.invitationhomes.com/houses-for-rent/180-s-oakland-grv-60126-3144,2026-07-19,2026-09-12,IL,Elmhurst,,,,,180-s-oakland-grv-60126-3144
2026-09-12,INVH,Chicago,"470 Westview St, Hoffman Estates, IL, 60169",Chicago,INVH-470-westview-st-hoffman-estates-il-60169,6,4.0,2715,3895.0,2026-09-12,12 months,False,,,,,,,,https://www.invitationhomes.com/houses-for-rent/470-westview-st-hoffman-estates-il-60169,2026-08-02,2026-09-12,IL,Hoffman Estates,,,,,470-westview-st-hoffman-estates-il-60169
2026-09-12,INVH,Chicago,"680 Mohave St, Hoffman Estates, IL, 60169",Chicago,INVH-680-mohave-st-hoffman-estates-il-60169,3,2.0,1465,3099.0,2026-10-15,12 months,False,,,,,,,,https://www.invitationhomes.com/houses-for-rent/680-mohave-st-hoffman-estates-il-60169,2026-09-03,2026-09-12,IL,Hoffman Estates,,,,,680-mohave-st-hoffman-estates-il-60169
2026-09-12,INVH,Chicago,"717 S Highland Ave, Arlington Heights, IL, 60005",Chicago,INVH-717-s-highland-ave-arlington-heights-il-60005,3,1.5,1413,3135.0,2026-09-27,12 months,False,,,,,,,,https://www.invitationhomes.com/houses-for-rent/717-s-highland-ave-arlington-heights-il-60005,2026-09-03,2026-09-12,IL,Arlington Heights,,,,,717-s-highland-ave-arlington-heights-il-60005
2026-09-12,INVH,Chicago,"2602 Fremont St, Rolling Meadows, IL, 60008",Chicago,INVH-2602-fremont-st-rolling-meadows-il-60008,2,1.5,1367,2565.0,2026-09-12,12 months,False,,,,,,,,https://www.invitationhomes.com/houses-for-rent/2602-fremont-st-rolling-meadows-il-60008,2026-08-02,2026-09-12,IL,Rolling Meadows,,,,,2602-fremont-st-rolling-meadows-il-60008
2026-09-12,INVH,Chicago,"4242 Clark Dr, Richton Park, IL, 60471",Chicago,INVH-4242-clark-dr-60471-1123,3,2.0,1522,2985.0,2026-09-18,12 months,False,,,,,,,,https://www.invitationhomes.com/houses-for-rent/4242-clark-dr-60471-1123,2026-08-16,2026-09-12,IL,Richton Park,,,,,4242-clark-dr-60471-1123
2026-09-12,INVH,Chicago,"8840 Hickory Dr, Orland Hills, IL, 60487",Chicago,INVH-8840-hickory-dr-orland-hills-il-60487,3,2.0,1347,2930.0,2026-10-17,12 months,False,,,,,,,,https://www.invitationhomes.com/houses-for-rent/8840-hickory-dr-orland-hills-il-60487,2026-09-03,2026-09-12,IL,Orland Hills,,,,,8840-hickory-dr-orland-hills-il-60487
2026-09-12,INVH,Chicago,"16416 84th Ave, Tinley Park, IL, 60487",Chicago,INVH-16416-84th-ave-tinley-park-il-60487,3,2.0,1600,3149.0,2026-09-12,12 months,False,,,,,,,,https://www.invitationhomes.com/houses-for-rent/16416-84th-ave-tinley-park-il-60487,2026-06-14,2026-09-12,IL,Tinley Park,,,,,16416-84th-ave-tinley-park-il-60487
2026-09-12,INVH,Chicago,"9224 162nd St, Orland Hills, IL, 60487",Chicago,INVH-9224-162nd-st-orland-hills-il-60487,3,2.0,1596,3049.0,2026-09-12,12 months,False,,,,,,,,https://www.invitationhomes.com/houses-for-rent/9224-162nd-st-orland-hills-il-60487,2026-07-19,2026-09-12,IL,Orland Hills,,,,,9224-162nd-st-orland-hills-il-60487
2026-09-12,INVH,Chicago,"8260 Bromley St, Orland Park, IL, 60462",Chicago,INVH-8260-bromley-st-orland-park-il-60462,4,2.5,2538,3495.0,2026-09-12,12 months,False,,,,,,,,https://www.invitationhomes.com/houses-for-rent/8260-bromley-st-orland-park-il-60462,2026-09-12,2026-09-12,IL,Orland Park,,,,,8260-bromley-st-orland-park-il-60462
2026-09-12,INVH,Chicago,"6516 157th St, Oak Forest, IL, 60452",Chicago,INVH-6516-157th-st-oak-forest-il-60452,3,2.0,1320,2735.0,2026-10-20,12 months,False,,,,,,,,https://www.invitationhomes.com/houses-for-rent/6516-157th-st-oak-forest-il-60452,2026-09-06,2026-09-12,IL,Oak Forest,,,,,6516-157th-st-oak-forest-il-60452
2026-09-12,INVH,Chicago,"15238 Ridgeland Ave, Oak Forest, IL, 60452",Chicago,INVH-15238-ridgeland-ave-oak-forest-il-60452,3,2.0,1237,2785.0,2026-09-12,12 months,False,,,,,,,,https://www.invitationhomes.com/houses-for-rent/15238-ridgeland-ave-oak-forest-il-60452,2026-09-03,2026-09-12,IL,Oak Forest,,,,,15238-ridgeland-ave-oak-forest-il-60452
2026-09-12,INVH,Chicago,"17771 Sarah Ln, Country Club Hills, IL, 60478",Chicago,INVH-17771-sarah-ln-60478-9610,4,2.0,1359,2735.0,2026-09-12,12 months,False,,,,,,,,https://www.invitationhomes.com/houses-for-rent/17771-sarah-ln-60478-9610,2026-08-23,2026-09-12,IL,Country Club Hills,,,,,17771-sarah-ln-60478-9610
2026-09-12,INVH,Chicago,"12601 S Massasoit Ave, Palos Heights, IL, 60463",Chicago,INVH-12601-s-massasoit-ave-palos-heights-il-60463,3,2.0,1575,3235.0,2026-09-23,12 months,False,,,,,,,,https://www.invitationhomes.com/houses-for-rent/12601-s-massasoit-ave-palos-heights-il-60463,2026-08-23,2026-09-12,IL,Palos Heights,,,,,12601-s-massasoit-ave-palos-heights-il-60463
2026-09-12,INVH,Chicago,"8009 Natchez Ave, Burbank, IL, 60459",Chicago,INVH-8009-natchez-ave-60459-6640,3,2.0,1500,2735.0,2026-09-12,12 months,False,,,,,,,,https://www.invitationhomes.com/houses-for-rent/8009-natchez-ave-60459-6640,2026-07-19,2026-09-12,IL,Burbank,,,,,8009-natchez-ave-60459-6640
2026-09-12,INVH,Chicago,"7939 Mason Ave, Burbank, IL, 60459",Chicago,INVH-7939-mason-ave-burbank-il-60459,3,2.0,1706,3049.0,2026-09-12,12 months,False,,,,,,,,https://www.invitationhomes.com/houses-for-rent/7939-mason-ave-burbank-il-60459,2026-07-19,2026-09-12,IL,Burbank,,,,,7939-mason-ave-burbank-il-60459
2026-09-12,INVH,Chicago,"4601 W 101st St, Oak Lawn, IL, 60453",Chicago,INVH-4601-w-101st-st-oak-lawn-il-60453,2,2.0,1121,2549.0,2026-10-17,23 months,False,,,,,,,,https://www.invitationhomes.com/houses-for-rent/4601-w-101st-st-oak-lawn-il-60453,2026-09-03,2026-09-12,IL,Oak Lawn,,,,,4601-w-101st-st-oak-lawn-il-60453
2026-09-12,INVH,Chicago,"9219 S 51st Ave, Oak Lawn, IL, 60453",Chicago,INVH-9219-s-51st-ave-oak-lawn-il-60453,3,1.5,1389,2530.0,2026-09-12,12 months,False,,,,,,,,https://www.invitationhomes.com/houses-for-rent/9219-s-51st-ave-oak-lawn-il-60453,2026-09-03,2026-09-12,IL,Oak Lawn,,,,,9219-s-51st-ave-oak-lawn-il-60453
2026-09-12,INVH,Chicago,"110 Englewood Ave, Bellwood, IL, 60104",Chicago,INVH-110-englewood-ave-60104-7134,3,1.5,1400,2830.0,2026-09-12,12 months,False,,,,,,,,https://www.invitationhomes.com/houses-for-rent/110-englewood-ave-60104-7134,2026-06-14,2026-09-12,IL,Bellwood,,,,,110-englewood-ave-60104-7134
2026-09-12,INVH,Chicago,"1816 N 38th Ave, Stone Park, IL, 60165",Chicago,INVH-1816-n-38th-ave-stone-park-il-60165,5,2.0,1795,3170.0,2026-09-12,12 months,False,,,,,,,,https://www.invitationhomes.com/houses-for-rent/1816-n-38th-ave-stone-park-il-60165,2026-07-19,2026-09-12,IL,Stone Park,,,,,1816-n-38th-ave-stone-park-il-60165
2026-09-12,INVH,Chicago,"2137 N 75th Ct, Elmwood Park, IL, 60707",Chicago,INVH-2137-n-75th-ct-60707-4089,5,2.0,1650,3240.0,2026-09-12,12 months,False,,,,,,,,https://www.invitationhomes.com/houses-for-rent/2137-n-75th-ct-60707-4089,2026-08-02,2026-09-12,IL,Elmwood Park,,,,,2137-n-75th-ct-60707-4089
2026-09-12,INVH,Chicago,"2418 N 75th Ct, Elmwood Park, IL, 60707",Chicago,INVH-2418-n-75th-ct-elmwood-park-il-60707,3,2.0,1799,3090.0,2026-09-12,12 months,False,,,,,,,,https://www.invitationhomes.com/houses-for-rent/2418-n-75th-ct-elmwood-park-il-60707,2026-07-19,2026-09-12,IL,Elmwood Park,,,,,2418-n-75th-ct-elmwood-park-il-60707
2026-09-12,INVH,Chicago,"1636 N Nashville Ave, Chicago, IL, 60707",Chicago,INVH-1636-n-nashville-ave-60707-1503,3,1.5,1642,2999.0,2026-09-12,12 months,False,,,,,,,,https://www.invitationhomes.com/houses-for-rent/1636-n-nashville-ave-60707-1503,2026-08-10,2026-09-12,IL,Chicago,,,,,1636-n-nashville-ave-60707-1503
2026-09-12,INVH,Chicago,"5647 W Berenice Ave, Chicago, IL, 60634",Chicago,INVH-5647-w-berenice-ave-chicago-il-60634,4,2.0,1411,3199.0,2026-09-12,12 months,False,,,,,,,,https://www.invitationhomes.com/houses-for-rent/5647-w-berenice-ave-chicago-il-60634,2026-09-09,2026-09-12,IL,Chicago,,,,,5647-w-berenice-ave-chicago-il-60634
2026-09-12,INVH,Chicago,"2208 Madison Pl, Evanston, IL, 60202",Chicago,INVH-2208-madison-pl-evanston-il-60202,4,3.5,2500,4849.0,2026-10-11,12 months,False,,,,,,,,https://www.invitationhomes.com/houses-for-rent/2208-madison-pl-evanston-il-60202,2026-09-03,2026-09-12,IL,Evanston,,,,,2208-madison-pl-evanston-il-60202
2026-09-12,INVH,Chicago,"2970 Hillsboro Ln, Lake in the Hills, IL, 60156",Chicago,INVH-2970-hillsboro-ln-60156-1207,3,2.5,2208,3135.0,2026-10-10,12 months,False,,,,,,,,https://www.invitationhomes.com/houses-for-rent/2970-hillsboro-ln-60156-1207,2026-09-03,2026-09-12,IL,Lake in the Hills,,,,,2970-hillsboro-ln-60156-1207
2026-09-12,INVH,Chicago,"537 Norman Dr, Cary, IL, 60013",Chicago,INVH-537-norman-dr-cary-il-60013,3,2.0,1714,2530.0,2026-10-05,12 months,False,,,,,,,,https://www.invitationhomes.com/houses-for-rent/537-norman-dr-cary-il-60013,2026-08-23,2026-09-12,IL,Cary,,,,,537-norman-dr-cary-il-60013
2026-09-12,INVH,Minneapolis,"1660 6th Ave W, Shakopee, MN, 55379",Minneapolis,INVH-1660-6th-ave-w-55379-1812,3,1.0,1777,2445.0,2026-10-15,20 months,False,,,,,,,,https://www.invitationhomes.com/houses-for-rent/1660-6th-ave-w-55379-1812,2026-09-03,2026-09-12,MN,Shakopee,,,,,1660-6th-ave-w-55379-1812
2026-09-12,INVH,Minneapolis,"1311 Creekside Dr, Waconia, MN, 55387",Minneapolis,INVH-1311-creekside-dr-waconia-mn-55387,5,3.25,2544,2765.0,2026-09-12,20 months,False,,,,,,,,https://www.invitationhomes.com/houses-for-rent/1311-creekside-dr-waconia-mn-55387,2026-08-02,2026-09-12,MN,Waconia,,,,,1311-creekside-dr-waconia-mn-55387
2026-09-12,INVH,Minneapolis,"4518 Wilshire Blvd, Mound, MN, 55364",Minneapolis,INVH-4518-wilshire-blvd-55364-1508,4,3.0,1922,2445.0,2026-10-02,18 months,False,,,,,,,,https://www.invitationhomes.com/houses-for-rent/4518-wilshire-blvd-55364-1508,2026-08-23,2026-09-12,MN,Mound,,,,,4518-wilshire-blvd-55364-1508
2026-09-12,INVH,Minneapolis,"14034 Alabama Ave S, Savage, MN, 55378",Minneapolis,INVH-14034-alabama-ave-s-savage-mn-55378,2,2.0,1338,1949.0,2026-10-18,20 months,False,,,,,,,,https://www.invitationhomes.com/houses-for-rent/14034-alabama-ave-s-savage-mn-55378,2026-09-03,2026-09-12,MN,Savage,,,,,14034-alabama-ave-s-savage-mn-55378
2026-09-12,INVH,Minneapolis,"13215 Alabama Ave S, Savage, MN, 55378",Minneapolis,INVH-13215-alabama-ave-s-savage-mn-55378,4,2.75,2224,2710.0,2026-09-12,20 months,False,,,,,,,,https://www.invitationhomes.com/houses-for-rent/13215-alabama-ave-s-savage-mn-55378,2026-08-02,2026-09-12,MN,Savage,,,,,13215-alabama-ave-s-savage-mn-55378
2026-09-12,INVH,Minneapolis,"10706 Yosemite Rd, Bloomington, MN, 55437",Minneapolis,INVH-10706-yosemite-rd-bloomington-mn-55437,4,2.0,1972,2685.0,2026-09-12,20 months,False,,,,,,,,https://www.invitationhomes.com/houses-for-rent/10706-yosemite-rd-bloomington-mn-55437,2026-07-19,2026-09-12,MN,Bloomington,,,,,10706-yosemite-rd-bloomington-mn-55437
2026-09-12,INVH,Minneapolis,"2416 Crestmount Ln, Burnsville, MN, 55306",Minneapolis,INVH-2416-crestmount-ln-burnsville-mn-55306,5,2.75,2252,2940.0,2026-10-16,20 months,False,,,,,,,,https://www.invitationhomes.com/houses-for-rent/2416-crestmount-ln-burnsville-mn-55306,2026-09-12,2026-09-12,MN,Burnsville,,,,,2416-crestmount-ln-burnsville-mn-55306
2026-09-12,INVH,Minneapolis,"13209 Humboldt Ave S, Burnsville, MN, 55337",Minneapolis,INVH-13209-humboldt-ave-s-55337-4998,4,3.0,2083,2849.0,2026-10-24,20 months,False,,,,,,,,https://www.invitationhomes.com/houses-for-rent/13209-humboldt-ave-s-55337-4998,2026-09-09,2026-09-12,MN,Burnsville,,,,,13209-humboldt-ave-s-55337-4998
2026-09-12,INVH,Minneapolis,"400 Cimarron Rd, Apple Valley, MN, 55124",Minneapolis,INVH-400-cimarron-rd-apple-valley-mn-55124,4,3.5,2297,3149.0,2026-10-04,20 months,False,,,,,,,,https://www.invitationhomes.com/houses-for-rent/400-cimarron-rd-apple-valley-mn-55124,2026-08-23,2026-09-12,MN,Apple Valley,,,,,400-cimarron-rd-apple-valley-mn-55124
2026-09-12,INVH,Minneapolis,"4230 Diamond Dr, Eagan, MN, 55122",Minneapolis,INVH-4230-diamond-dr-eagan-mn-55122,2,1.75,1770,2735.0,2026-09-29,20 months,False,,,,,,,,https://www.invitationhomes.com/houses-for-rent/4230-diamond-dr-eagan-mn-55122,2026-08-16,2026-09-12,MN,Eagan,,,,,4230-diamond-dr-eagan-mn-55122
2026-09-12,INVH,Minneapolis,"302 Zinnia Ln N, Plymouth, MN, 55441",Minneapolis,INVH-302-zinnia-ln-n-55441-4535,2,2.0,2461,2695.0,2026-09-12,20 months,False,,,,,,,,https://www.invitationhomes.com/houses-for-rent/302-zinnia-ln-n-55441-4535,2026-09-03,2026-09-12,MN,Plymouth,,,,,302-zinnia-ln-n-55441-4535
2026-09-12,INVH,Minneapolis,"9300 Chicago Ave S, Bloomington, MN, 55420",Minneapolis,INVH-9300-chicago-ave-s-bloomington-mn-55420,4,2.0,2560,2995.0,2026-10-15,20 months,False,,,,,,,,https://www.invitationhomes.com/houses-for-rent/9300-chicago-ave-s-bloomington-mn-55420,2026-04-04,2026-09-12,MN,Bloomington,,,,,9300-chicago-ave-s-bloomington-mn-55420
2026-09-12,INVH,Minneapolis,"8616 Oakland Ave S, Bloomington, MN, 55420",Minneapolis,INVH-8616-oakland-ave-s-bloomington-mn-55420,3,1.75,2074,2525.0,2026-09-12,20 months,False,,,,,,,,https://www.invitationhomes.com/houses-for-rent/8616-oakland-ave-s-bloomington-mn-55420,2026-07-19,2026-09-12,MN,Bloomington,,,,,8616-oakland-ave-s-bloomington-mn-55420
2026-09-12,INVH,Minneapolis,"8221 Bloomington Ave, Bloomington, MN, 55425",Minneapolis,INVH-8221-bloomington-ave-minneapolis-mn-55425,3,1.0,1550,2499.0,2026-09-12,20 months,False,,,,,,,,https://www.invitationhomes.com/houses-for-rent/8221-bloomington-ave-minneapolis-mn-55425,2026-04-04,2026-09-12,MN,Bloomington,,,,,8221-bloomington-ave-minneapolis-mn-55425
2026-09-12,INVH,Minneapolis,"7520 4th Ave S, Richfield, MN, 55423",Minneapolis,INVH-7520-4th-ave-s-richfield-mn-55423,3,1.0,1809,2345.0,2026-09-12,20 months,False,,,,,,,,https://www.invitationhomes.com/houses-for-rent/7520-4th-ave-s-richfield-mn-55423,2026-07-19,2026-09-12,MN,Richfield,,,,,7520-4th-ave-s-richfield-mn-55423
2026-09-12,INVH,Minneapolis,"4416 1st Ave S, Minneapolis, MN, 55419",Minneapolis,INVH-4416-1st-ave-s-minneapolis-mn-55419,4,2.5,2340,4295.0,2026-09-15,20 months,False,,,,,,,,https://www.invitationhomes.com/houses-for-rent/4416-1st-ave-s-minneapolis-mn-55419,2026-08-02,2026-09-12,MN,Minneapolis,,,,,4416-1st-ave-s-minneapolis-mn-55419
2026-09-12,INVH,Minneapolis,"13470 Dellwood Way, Rosemount, MN, 55068",Minneapolis,INVH-13470-dellwood-way-rosemount-mn-55068,4,3.0,2814,3295.0,2026-09-28,20 months,False,,,,,,,,https://www.invitationhomes.com/houses-for-rent/13470-dellwood-way-rosemount-mn-55068,2026-08-16,2026-09-12,MN,Rosemount,,,,,13470-dellwood-way-rosemount-mn-55068
2026-09-12,INVH,Minneapolis,"14320 Arctic Cir, Rosemount, MN, 55068",Minneapolis,INVH-14320-arctic-cir-55068-116735,3,2.5,1772,2435.0,2026-10-20,24 months,False,,,,,,,,https://www.invitationhomes.com/houses-for-rent/14320-arctic-cir-55068-116735,2026-09-06,2026-09-12,MN,Rosemount,,,,,14320-arctic-cir-55068-116735
2026-09-12,INVH,Minneapolis,"14169 Aberdeen Wy, Rosemount, MN, 55068",Minneapolis,INVH-14169-aberdeen-wy-55068-116883,3,2.5,1719,2399.0,2026-09-28,24 months,False,,,,,,,,https://www.invitationhomes.com/houses-for-rent/14169-aberdeen-wy-55068-116883,2026-08-16,2026-09-12,MN,Rosemount,,,,,14169-aberdeen-wy-55068-116883
2026-09-12,INVH,Minneapolis,"3235 Random Rd, Eagan, MN, 55121",Minneapolis,INVH-3235-random-rd-eagan-mn-55121,3,2.0,1999,2595.0,2026-09-12,20 months,False,,,,,,,,https://www.invitationhomes.com/houses-for-rent/3235-random-rd-eagan-mn-55121,2026-05-17,2026-09-12,MN,Eagan,,,,,3235-random-rd-eagan-mn-55121
2026-09-12,INVH,Minneapolis,"1411 Bidwell St, Saint Paul, MN, 55118",Minneapolis,INVH-1411-bidwell-st-55118-7447,3,2.0,2400,2649.0,2026-09-12,20 months,False,,,,,,,,https://www.invitationhomes.com/houses-for-rent/1411-bidwell-st-55118-7447,2026-04-04,2026-09-12,MN,Saint Paul,,,,,1411-bidwell-st-55118-7447
2026-09-12,INVH,Minneapolis,"1330 Dayton Ave, Saint Paul, MN, 55104",Minneapolis,INVH-1330-dayton-ave-55104-7157,4,2.0,2128,2860.0,2026-09-17,20 months,False,,,,,,,,https://www.invitationhomes.com/houses-for-rent/1330-dayton-ave-55104-7157,2026-09-03,2026-09-12,MN,Saint Paul,,,,,1330-dayton-ave-55104-7157
2026-09-12,INVH,Minneapolis,"8285 Hyde Ct S, Cottage Grove, MN, 55016",Minneapolis,INVH-8285-hyde-ct-s-cottage-grove-mn-55016,4,3.0,1498,2525.0,2026-09-12,20 months,False,,,,,,,,https://www.invitationhomes.com/houses-for-rent/8285-hyde-ct-s-cottage-grove-mn-55016,2026-06-09,2026-09-12,MN,Cottage Grove,,,,,8285-hyde-ct-s-cottage-grove-mn-55016
2026-09-12,INVH,Minneapolis,"4770 Equine Trl, Woodbury, MN, 55129",Minneapolis,INVH-4770-equine-trl-55129-116863,3,2.5,1769,2399.0,2026-09-12,24 months,False,,,,,,,,https://www.invitationhomes.com/houses-for-rent/4770-equine-trl-55129-116863,2026-06-09,2026-09-12,MN,Woodbury,,,,,4770-equine-trl-55129-116863
2026-09-12,INVH,Minneapolis,"1764 Evergreen Bay, Woodbury, MN, 55125",Minneapolis,INVH-1764-evergreen-bay-woodbury-mn-55125,3,3.0,2025,2445.0,2026-09-12,20 months,False,,,,,,,,https://www.invitationhomes.com/houses-for-rent/1764-evergreen-bay-woodbury-mn-55125,2026-05-24,2026-09-12,MN,Woodbury,,,,,1764-evergreen-bay-woodbury-mn-55125
2026-09-12,INVH,Minneapolis,"1716 Lamplight Dr, Woodbury, MN, 55125",Minneapolis,INVH-1716-lamplight-dr-55125-8067,3,2.0,2136,2795.0,2026-09-12,20 months,False,,,,,,,,https://www.invitationhomes.com/houses-for-rent/1716-lamplight-dr-55125-8067,2026-06-14,2026-09-12,MN,Woodbury,,,,,1716-lamplight-dr-55125-8067
2026-09-12,INVH,Minneapolis,"2443 Granada Ave N, Oakdale, MN, 55128",Minneapolis,INVH-2443-granada-ave-n-oakdale-mn-55128,4,2.75,2582,3549.0,2026-09-24,20 months,False,,,,,,,,https://www.invitationhomes.com/houses-for-rent/2443-granada-ave-n-oakdale-mn-55128,2026-08-16,2026-09-12,MN,Oakdale,,,,,2443-granada-ave-n-oakdale-mn-55128
2026-09-12,INVH,Minneapolis,"10128 45th Pl NE, Saint Michael, MN, 55376",Minneapolis,INVH-10128-45th-pl-ne-saint-michael-mn-55376,4,2.5,2250,2599.0,2026-09-12,20 months,False,,,,,,,,https://www.invitationhomes.com/houses-for-rent/10128-45th-pl-ne-saint-michael-mn-55376,2026-08-02,2026-09-12,MN,Saint Michael,,,,,10128-45th-pl-ne-saint-michael-mn-55376
2026-09-12,INVH,Minneapolis,"10322 Kali Ave NE, Albertville, MN, 55301",Minneapolis,INVH-10322-kali-ave-ne-albertville-mn-55301,5,3.5,3220,2995.0,2026-09-12,20 months,False,,,,,,,,https://www.invitationhomes.com/houses-for-rent/10322-kali-ave-ne-albertville-mn-55301,2026-06-14,2026-09-12,MN,Albertville,,,,,10322-kali-ave-ne-albertville-mn-55301
2026-09-12,INVH,Minneapolis,"18923 Tyler St NW, Elk River, MN, 55330",Minneapolis,INVH-18923-tyler-st-nw-elk-river-mn-55330,4,2.5,1582,2770.0,2026-09-12,20 months,False,,,,,,,,https://www.invitationhomes.com/houses-for-rent/18923-tyler-st-nw-elk-river-mn-55330,2026-08-16,2026-09-12,MN,Elk River,,,,,18923-tyler-st-nw-elk-river-mn-55330
2026-09-12,INVH,Minneapolis,"5757 Adair Ave N, Crystal, MN, 55429",Minneapolis,INVH-5757-adair-ave-n-crystal-mn-55429,4,1.0,1716,2295.0,2026-09-12,20 months,False,,,,,,,,https://www.invitationhomes.com/houses-for-rent/5757-adair-ave-n-crystal-mn-55429,2026-07-19,2026-09-12,MN,Crystal,,,,,5757-adair-ave-n-crystal-mn-55429
2026-09-12,INVH,Minneapolis,"6525A Douglas Dr N, Brooklyn Park, MN, 55429",Minneapolis,INVH-6525a-douglas-dr-n-55429-4574,5,1.75,1160,2699.0,2026-09-19,12 months,False,,,,,,,,https://www.invitationhomes.com/houses-for-rent/6525a-douglas-dr-n-55429-4574,2026-09-12,2026-09-12,MN,Brooklyn Park,,,,,6525a-douglas-dr-n-55429-4574
2026-09-12,INVH,Minneapolis,"18186 80th Ave N, Maple Grove, MN, 55311",Minneapolis,INVH-18186-80th-ave-n-maple-grove-mn-55311,5,3.5,4529,4495.0,2026-09-12,20 months,False,,,,,,,,https://www.invitationhomes.com/houses-for-rent/18186-80th-ave-n-maple-grove-mn-55311,2026-09-03,2026-09-12,MN,Maple Grove,,,,,18186-80th-ave-n-maple-grove-mn-55311
2026-09-12,INVH,Minneapolis,"14512 112Th Ave N, Dayton, MN, 55369",Minneapolis,INVH-14512-112th-av-n-55327-117105,3,2.5,1804,2545.0,2026-10-15,24 months,False,,,,,,,,https://www.invitationhomes.com/houses-for-rent/14512-112th-av-n-55327-117105,2026-09-03,2026-09-12,MN,Dayton,,,,,14512-112th-av-n-55327-117105
2026-09-12,INVH,Minneapolis,"7539 Brunswick Ave N, Brooklyn Park, MN, 55443",Minneapolis,INVH-7539-brunswick-ave-n-brooklyn-park-mn-55443,4,2.0,2016,2835.0,2026-10-10,20 months,False,,,,,,,,https://www.invitationhomes.com/houses-for-rent/7539-brunswick-ave-n-brooklyn-park-mn-55443,2026-09-03,2026-09-12,MN,Brooklyn Park,,,,,7539-brunswick-ave-n-brooklyn-park-mn-55443
2026-09-12,INVH,Minneapolis,"6004 Garwood Rd N, Brooklyn Park, MN, 55443",Minneapolis,INVH-6004-garwood-rd-n-brooklyn-park-mn-55443,3,2.5,1848,2515.0,2026-09-12,20 months,False,,,,,,,,https://www.invitationhomes.com/houses-for-rent/6004-garwood-rd-n-brooklyn-park-mn-55443,2026-08-02,2026-09-12,MN,Brooklyn Park,,,,,6004-garwood-rd-n-brooklyn-park-mn-55443
2026-09-12,INVH,Minneapolis,"10402 102nd Pl N, Maple Grove, MN, 55369",Minneapolis,INVH-10402-102nd-pl-n-maple-grove-mn-55369,5,1.75,2706,3345.0,2026-09-12,20 months,False,,,,,,,,https://www.invitationhomes.com/houses-for-rent/10402-102nd-pl-n-maple-grove-mn-55369,2026-07-19,2026-09-12,MN,Maple Grove,,,,,10402-102nd-pl-n-maple-grove-mn-55369
2026-09-12,INVH,Minneapolis,"3729 Noble Ave N, Robbinsdale, MN, 55422",Minneapolis,INVH-3729-noble-ave-n-robbinsdale-mn-55422,3,2.0,1918,2570.0,2026-09-12,20 months,False,,,,,,,,https://www.invitationhomes.com/houses-for-rent/3729-noble-ave-n-robbinsdale-mn-55422,2026-08-02,2026-09-12,MN,Robbinsdale,,,,,3729-noble-ave-n-robbinsdale-mn-55422
2026-09-12,INVH,Minneapolis,"4224 Grimes Ave N, Robbinsdale, MN, 55422",Minneapolis,INVH-4224-grimes-ave-n-robbinsdale-mn-55422,3,1.75,1766,2495.0,2026-09-12,20 months,False,,,,,,,,https://www.invitationhomes.com/houses-for-rent/4224-grimes-ave-n-robbinsdale-mn-55422,2026-08-16,2026-09-12,MN,Robbinsdale,,,,,4224-grimes-ave-n-robbinsdale-mn-55422
2026-09-12,INVH,Minneapolis,"600 57th Ave NE, Fridley, MN, 55432",Minneapolis,INVH-600-57th-ave-ne-fridley-mn-55432,4,2.0,1960,2620.0,2026-09-12,20 months,False,,,,,,,,https://www.invitationhomes.com/houses-for-rent/600-57th-ave-ne-fridley-mn-55432,2026-07-19,2026-09-12,MN,Fridley,,,,,600-57th-ave-ne-fridley-mn-55432
2026-09-12,INVH,Minneapolis,"1030 Polk Pl, Columbia Heights, MN, 55421",Minneapolis,INVH-1030-polk-pl-55421-2344,4,2.0,1698,2515.0,2026-10-27,20 months,False,,,,,,,,https://www.invitationhomes.com/houses-for-rent/1030-polk-pl-55421-2344,2026-09-12,2026-09-12,MN,Columbia Heights,,,,,1030-polk-pl-55421-2344
2026-09-12,INVH,Minneapolis,"2909 Pearson Pkwy, Brooklyn Park, MN, 55444",Minneapolis,INVH-2909-pearson-pkwy-brooklyn-park-mn-55444,4,1.75,1877,2820.0,2026-09-12,20 months,False,,,,,,,,https://www.invitationhomes.com/houses-for-rent/2909-pearson-pkwy-brooklyn-park-mn-55444,2026-09-03,2026-09-12,MN,Brooklyn Park,,,,,2909-pearson-pkwy-brooklyn-park-mn-55444
2026-09-12,INVH,Minneapolis,"170 Craigbrook Way NE, Fridley, MN, 55432",Minneapolis,INVH-170-craigbrook-way-ne-fridley-mn-55432,4,2.0,1272,2445.0,2026-10-12,20 months,False,,,,,,,,https://www.invitationhomes.com/houses-for-rent/170-craigbrook-way-ne-fridley-mn-55432,2026-09-03,2026-09-12,MN,Fridley,,,,,170-craigbrook-way-ne-fridley-mn-55432
2026-09-12,INVH,Minneapolis,"3639 103rd Trl N, Brooklyn Park, MN, 55443",Minneapolis,INVH-3639-103rd-trl-n-brooklyn-park-mn-55443,5,3.5,3549,3625.0,2026-09-12,20 months,False,,,,,,,,https://www.invitationhomes.com/houses-for-rent/3639-103rd-trl-n-brooklyn-park-mn-55443,2026-08-02,2026-09-12,MN,Brooklyn Park,,,,,3639-103rd-trl-n-brooklyn-park-mn-55443
2026-09-12,INVH,Minneapolis,"10926 Zest St NE #G, Blaine, MN, 55449",Minneapolis,INVH-10926-zest-st-suite-g-55449-116934,3,2.5,1769,2625.0,2026-09-12,24 months,False,,,,,,,,https://www.invitationhomes.com/houses-for-rent/10926-zest-st-suite-g-55449-116934,2026-06-09,2026-09-12,MN,Blaine,,,,,10926-zest-st-suite-g-55449-116934
2026-09-12,INVH,Minneapolis,"13010 Deerwood Ln N, Dayton, MN, 55327",Minneapolis,INVH-13010-deerwood-ln-n-55327-2220,3,1.75,1397,2240.0,2026-10-01,18 months,False,,,,,,,,https://www.invitationhomes.com/houses-for-rent/13010-deerwood-ln-n-55327-2220,2026-08-23,2026-09-12,MN,Dayton,,,,,13010-deerwood-ln-n-55327-2220
2026-09-12,INVH,Minneapolis,"14120 Rosewood Ln N, Dayton, MN, 55327",Minneapolis,INVH-14120-rosewood-ln-n-dayton-mn-55327,4,2.0,2208,3080.0,2026-10-05,20 months,False,,,,,,,,https://www.invitationhomes.com/houses-for-rent/14120-rosewood-ln-n-dayton-mn-55327,2026-08-23,2026-09-12,MN,Dayton,,,,,14120-rosewood-ln-n-dayton-mn-55327
2026-09-12,INVH,Minneapolis,"11418 Wren St NW, Coon Rapids, MN, 55433",Minneapolis,INVH-11418-wren-st-nw-minneapolis-mn-55433,3,1.0,1310,2135.0,2026-10-19,20 months,False,,,,,,,,https://www.invitationhomes.com/houses-for-rent/11418-wren-st-nw-minneapolis-mn-55433,2026-09-06,2026-09-12,MN,Coon Rapids,,,,,11418-wren-st-nw-minneapolis-mn-55433
2026-09-12,INVH,Minneapolis,"12048 Unity St NW, Coon Rapids, MN, 55448",Minneapolis,INVH-12048-unity-st-nw-coon-rapids-mn-55448,4,2.0,1830,2690.0,2026-10-15,20 months,False,,,,,,,,https://www.invitationhomes.com/houses-for-rent/12048-unity-st-nw-coon-rapids-mn-55448,2026-09-03,2026-09-12,MN,Coon Rapids,,,,,12048-unity-st-nw-coon-rapids-mn-55448
2026-09-12,INVH,Minneapolis,"930 118th Ln NE, Blaine, MN, 55434",Minneapolis,INVH-930-118th-ln-ne-blaine-mn-55434,5,2.0,2767,3280.0,2026-09-12,12 months,False,,,,,,,,https://www.invitationhomes.com/houses-for-rent/930-118th-ln-ne-blaine-mn-55434,2026-06-14,2026-09-12,MN,Blaine,,,,,930-118th-ln-ne-blaine-mn-55434
2026-09-12,INVH,Minneapolis,"13162 Johnson St NE, Blaine, MN, 55434",Minneapolis,INVH-13162-johnson-st-ne-blaine-mn-55434,4,2.0,1944,2580.0,2026-09-14,20 months,False,,,,,,,,https://www.invitationhomes.com/houses-for-rent/13162-johnson-st-ne-blaine-mn-55434,2026-08-02,2026-09-12,MN,Blaine,,,,,13162-johnson-st-ne-blaine-mn-55434
2026-09-12,INVH,Minneapolis,"578 Witt Ct, Vadnais Heights, MN, 55127",Minneapolis,INVH-578-witt-ct-vadnais-heights-mn-55127,3,1.75,1692,2595.0,2026-09-12,20 months,False,,,,,,,,https://www.invitationhomes.com/houses-for-rent/578-witt-ct-vadnais-heights-mn-55127,2026-08-10,2026-09-12,MN,Vadnais Heights,,,,,578-witt-ct-vadnais-heights-mn-55127
2026-09-12,INVH,Minneapolis,"731 County Road B2 E, Little Canada, MN, 55117",Minneapolis,INVH-731-county-road-b2-e-little-canada-mn-55117,4,2.0,2294,2595.0,2026-10-16,20 months,False,,,,,,,,https://www.invitationhomes.com/houses-for-rent/731-county-road-b2-e-little-canada-mn-55117,2026-09-03,2026-09-12,MN,Little Canada,,,,,731-county-road-b2-e-little-canada-mn-55117
2026-09-12,INVH,Minneapolis,"2273 Sierra Dr, White Bear Lake, MN, 55110",Minneapolis,INVH-2273-sierra-dr-saint-paul-mn-55110,3,2.0,1950,2385.0,2026-09-12,20 months,False,,,,,,,,https://www.invitationhomes.com/houses-for-rent/2273-sierra-dr-saint-paul-mn-55110,2026-04-20,2026-09-12,MN,White Bear Lake,,,,,2273-sierra-dr-saint-paul-mn-55110
2026-09-12,INVH,Minneapolis,"1783 Florence St, White Bear Lake, MN, 55110",Minneapolis,INVH-1783-florence-st-white-bear-lake-mn-55110,3,2.0,2216,2725.0,2026-09-12,20 months,False,,,,,,,,https://www.invitationhomes.com/houses-for-rent/1783-florence-st-white-bear-lake-mn-55110,2026-09-03,2026-09-12,MN,White Bear Lake,,,,,1783-florence-st-white-bear-lake-mn-55110
2026-09-12,INVH,Minneapolis,"5565 Knoll Dr, Shoreview, MN, 55126",Minneapolis,INVH-5565-knoll-dr-saint-paul-mn-55126,3,1.75,2110,2710.0,2026-09-12,20 months,False,,,,,,,,https://www.invitationhomes.com/houses-for-rent/5565-knoll-dr-saint-paul-mn-55126,2026-08-02,2026-09-12,MN,Shoreview,,,,,5565-knoll-dr-saint-paul-mn-55126
2026-09-12,INVH,Minneapolis,"2321 Tart Lake Rd, Lino Lakes, MN, 55038",Minneapolis,INVH-2321-tart-lake-rd-lino-lakes-mn-55038,4,3.5,3500,3230.0,2026-09-12,20 months,False,,,,,,,,https://www.invitationhomes.com/houses-for-rent/2321-tart-lake-rd-lino-lakes-mn-55038,2026-07-19,2026-09-12,MN,Lino Lakes,,,,,2321-tart-lake-rd-lino-lakes-mn-55038
2026-09-12,INVH,Minneapolis,"430 Elsie Inn, Saint Paul, MN, 55115",Minneapolis,INVH-430-elsie-inn-saint-paul-mn-55115,4,3.5,2383,3385.0,2026-09-24,20 months,False,,,,,,,,https://www.invitationhomes.com/houses-for-rent/430-elsie-inn-saint-paul-mn-55115,2026-08-16,2026-09-12,MN,Saint Paul,,,,,430-elsie-inn-saint-paul-mn-55115
2026-09-12,INVH,Charlotte,"431 White Birch Ln, Angier, NC, 27501",Charlotte,INVH-431-white-birch-ln-27501-124862,4,2.5,2352,2199.0,2026-09-12,20 months,False,,,,,,,,https://www.invitationhomes.com/houses-for-rent/431-white-birch-ln-27501-124862,2026-09-03,2026-09-12,NC,Angier,,,,,431-white-birch-ln-27501-124862
2026-09-12,INVH,Charlotte,"35 Thistle Patch Pl, Angier, NC, 27501",Charlotte,INVH-35-thistle-patch-pl-27501-124925,4,2.5,2352,2199.0,2026-09-12,12 months,False,,,,,,,,https://www.invitationhomes.com/houses-for-rent/35-thistle-patch-pl-27501-124925,2026-09-03,2026-09-12,NC,Angier,,,,,35-thistle-patch-pl-27501-124925
2026-09-12,INVH,Charlotte,"76 Thistle Patch Pl, Angier, NC, 27501",Charlotte,INVH-76-thistle-patch-pl-27501-124863,4,2.5,2352,2199.0,2026-09-12,20 months,False,,,,,,,,https://www.invitationhomes.com/houses-for-rent/76-thistle-patch-pl-27501-124863,2026-09-03,2026-09-12,NC,Angier,,,,,76-thistle-patch-pl-27501-124863
2026-09-12,INVH,Charlotte,"47 Thistle Patch Pl, Angier, NC, 27501",Charlotte,INVH-47-thistle-patch-pl-27501-124924,3,2.0,1648,1949.0,2026-09-12,12 months,False,,,,,,,,https://www.invitationhomes.com/houses-for-rent/47-thistle-patch-pl-27501-124924,2026-09-03,2026-09-12,NC,Angier,,,,,47-thistle-patch-pl-27501-124924
2026-09-12,INVH,Charlotte,"67 Thistle Patch Pl, Angier, NC, 27501",Charlotte,INVH-67-thistle-patch-pl-27501-124926,4,2.5,2674,2299.0,2026-09-12,12 months,False,,,,,,,,https://www.invitationhomes.com/houses-for-rent/67-thistle-patch-pl-27501-124926,2026-09-03,2026-09-12,NC,Angier,,,,,67-thistle-patch-pl-27501-124926
2026-09-12,INVH,Charlotte,"158 Thistle Patch Pl, Angier, NC, 27501",Charlotte,INVH-158-thistle-patch-pl-27501-124864,4,2.5,2491,2249.0,2026-09-12,20 months,False,,,,,,,,https://www.invitationhomes.com/houses-for-rent/158-thistle-patch-pl-27501-124864,2026-09-03,2026-09-12,NC,Angier,,,,,158-thistle-patch-pl-27501-124864
2026-09-12,INVH,Charlotte,"140 Thistle Patch Pl, Angier, NC, 27501",Charlotte,INVH-140-thistle-patch-pl-27501-124865,4,2.5,2491,2249.0,2026-09-12,20 months,False,,,,,,,,https://www.invitationhomes.com/houses-for-rent/140-thistle-patch-pl-27501-124865,2026-09-03,2026-09-12,NC,Angier,,,,,140-thistle-patch-pl-27501-124865
2026-09-12,INVH,Charlotte,"613 Adams Point Dr, Garner, NC, 27529",Charlotte,INVH-613-adams-point-dr-27529-1841,4,2.5,3013,2565.0,2026-09-16,20 months,False,,,,,,,,https://www.invitationhomes.com/houses-for-rent/613-adams-point-dr-27529-1841,2026-08-23,2026-09-12,NC,Garner,,,,,613-adams-point-dr-27529-1841
2026-09-12,INVH,Charlotte,"10612 Chelsea Dr, Raleigh, NC, 27603",Charlotte,INVH-10612-chelsea-dr-27603-108438,3,2.0,1320,1830.0,2026-09-27,20 months,False,,,,,,,,https://www.invitationhomes.com/houses-for-rent/10612-chelsea-dr-27603-108438,2026-09-03,2026-09-12,NC,Raleigh,,,,,10612-chelsea-dr-27603-108438
2026-09-12,INVH,Charlotte,"2912 Buckboard Ln, Raleigh, NC, 27603",Charlotte,INVH-2912-buckboard-ln-27603-108147,3,2.0,1360,1845.0,2026-09-12,20 months,False,,,,,,,,https://www.invitationhomes.com/houses-for-rent/2912-buckboard-ln-27603-108147,2026-07-19,2026-09-12,NC,Raleigh,,,,,2912-buckboard-ln-27603-108147
2026-09-12,INVH,Charlotte,"2717 Thurrock Dr, Apex, NC, 27539",Charlotte,INVH-2717-thurrock-dr-apex-nc-27539,3,2.0,1165,2145.0,2026-10-05,20 months,False,,,,,,,,https://www.invitationhomes.com/houses-for-rent/2717-thurrock-dr-apex-nc-27539,2026-09-03,2026-09-12,NC,Apex,,,,,2717-thurrock-dr-apex-nc-27539
2026-09-12,INVH,Charlotte,"1101 Arbor Greene Dr, Garner, NC, 27529",Charlotte,INVH-1101-arbor-greene-dr-27529-86120,3,2.5,1872,2095.0,2026-09-12,20 months,False,,,,,,,,https://www.invitationhomes.com/houses-for-rent/1101-arbor-greene-dr-27529-86120,2026-07-19,2026-09-12,NC,Garner,,,,,1101-arbor-greene-dr-27529-86120
2026-09-12,INVH,Charlotte,"124 Rock Fish Ln, Garner, NC, 27529",Charlotte,INVH-124-rock-fish-ln-27529-3404,3,2.5,1899,1849.0,2026-09-12,20 months,False,,,,,,,,https://www.invitationhomes.com/houses-for-rent/124-rock-fish-ln-27529-3404,2026-07-19,2026-09-12,NC,Garner,,,,,124-rock-fish-ln-27529-3404
2026-09-12,INVH,Charlotte,"121 Blackthorne Ct, Clayton, NC, 27520",Charlotte,INVH-121-blackthorne-ct-clayton-nc-27520,3,2.5,1306,1699.0,2026-09-12,20 months,False,,,,,,,,https://www.invitationhomes.com/houses-for-rent/121-blackthorne-ct-clayton-nc-27520,2026-09-03,2026-09-12,NC,Clayton,,,,,121-blackthorne-ct-clayton-nc-27520
2026-09-12,INVH,Charlotte,"185 Red Angus Dr, Smithfield, NC, 27577",Charlotte,INVH-185-red-angus-dr-27577-108102,5,3.0,2550,2295.0,2026-09-12,20 months,False,,,,,,,,https://www.invitationhomes.com/houses-for-rent/185-red-angus-dr-27577-108102,2026-09-03,2026-09-12,NC,Smithfield,,,,,185-red-angus-dr-27577-108102
2026-09-12,INVH,Charlotte,"252 Saddle Mare St, Clayton, NC, 27520",Charlotte,INVH-252-saddle-mare-st-27520-124949,4,3.0,2824,2299.0,2026-09-12,12 months,False,,,,,,,,https://www.invitationhomes.com/houses-for-rent/252-saddle-mare-st-27520-124949,2026-09-12,2026-09-12,NC,Clayton,,,,,252-saddle-mare-st-27520-124949
2026-09-12,INVH,Charlotte,"491 Swift Creek Farm Ln, Clayton, NC, 27520",Charlotte,INVH-491-swift-creek-farm-ln-27520-124846,3,2.0,2340,2149.0,2026-09-12,20 months,False,,,,,,,,https://www.invitationhomes.com/houses-for-rent/491-swift-creek-farm-ln-27520-124846,2026-09-03,2026-09-12,NC,Clayton,,,,,491-swift-creek-farm-ln-27520-124846
2026-09-12,INVH,Charlotte,"163 Saddle Mare St, Clayton, NC, 27520",Charlotte,INVH-163-saddle-mare-st-27520-124917,3,2.0,2340,2149.0,2026-09-12,20 months,False,,,,,,,,https://www.invitationhomes.com/houses-for-rent/163-saddle-mare-st-27520-124917,2026-09-03,2026-09-12,NC,Clayton,,,,,163-saddle-mare-st-27520-124917
2026-09-12,INVH,Charlotte,"70 Heron Point Way, Garner, NC, 27529",Charlotte,INVH-70-heron-point-way-27529-2708,4,2.5,2447,2525.0,2026-09-19,20 months,False,,,,,,,,https://www.invitationhomes.com/houses-for-rent/70-heron-point-way-27529-2708,2026-07-19,2026-09-12,NC,Garner,,,,,70-heron-point-way-27529-2708
2026-09-12,INVH,Charlotte,"109 Woodsorrell Ct, Garner, NC, 27529",Charlotte,INVH-109-woodsorrell-ct-27529-108471,3,2.0,1671,2045.0,2026-09-12,20 months,False,,,,,,,,https://www.invitationhomes.com/houses-for-rent/109-woodsorrell-ct-27529-108471,2026-06-14,2026-09-12,NC,Garner,,,,,109-woodsorrell-ct-27529-108471
2026-09-12,INVH,Charlotte,"141 Roaring Creek Dr, Garner, NC, 27529",Charlotte,INVH-141-roaring-creek-dr-27529-7523,4,3.5,2795,2620.0,2026-10-24,20 months,False,,,,,,,,https://www.invitationhomes.com/houses-for-rent/141-roaring-creek-dr-27529-7523,2026-09-09,2026-09-12,NC,Garner,,,,,141-roaring-creek-dr-27529-7523
2026-09-12,INVH,Charlotte,"213 Walnut Creek Dr, Clayton, NC, 27520",Charlotte,INVH-213-walnut-creek-dr-27520-93122,3,2.5,2110,2080.0,2026-09-12,20 months,False,,,,,,,,https://www.invitationhomes.com/houses-for-rent/213-walnut-creek-dr-27520-93122,2026-07-19,2026-09-12,NC,Clayton,,,,,213-walnut-creek-dr-27520-93122
2026-09-12,INVH,Charlotte,"634 Averasboro Dr, Clayton, NC, 27520",Charlotte,INVH-634-averasboro-dr-clayton-nc-27520,3,2.0,1728,1790.0,2026-09-12,20 months,False,,,,,,,,https://www.invitationhomes.com/houses-for-rent/634-averasboro-dr-clayton-nc-27520,2026-08-02,2026-09-12,NC,Clayton,,,,,634-averasboro-dr-clayton-nc-27520
2026-09-12,INVH,Charlotte,"776 Champion St, Clayton, NC, 27520",Charlotte,INVH-776-champion-st-27520-108214,5,2.0,2347,2325.0,2026-09-12,20 months,False,,,,,,,,https://www.invitationhomes.com/houses-for-rent/776-champion-st-27520-108214,2026-08-02,2026-09-12,NC,Clayton,,,,,776-champion-st-27520-108214
2026-09-12,INVH,Charlotte,"20 W Smoketree Ct, Clayton, NC, 27527",Charlotte,INVH-20-w-smoketree-ct-clayton-nc-27527,3,2.5,2736,2495.0,2026-09-25,20 months,False,,,,,,,,https://www.invitationhomes.com/houses-for-rent/20-w-smoketree-ct-clayton-nc-27527,2026-08-02,2026-09-12,NC,Clayton,,,,,20-w-smoketree-ct-clayton-nc-27527
2026-09-12,INVH,Charlotte,"604 Birkdale Dr, Clayton, NC, 27527",Charlotte,INVH-604-birkdale-dr-27527-5090,4,2.5,2390,2165.0,2026-09-12,20 months,False,,,,,,,,https://www.invitationhomes.com/houses-for-rent/604-birkdale-dr-27527-5090,2026-07-19,2026-09-12,NC,Clayton,,,,,604-birkdale-dr-27527-5090
2026-09-12,INVH,Charlotte,"127 Verrazano Pl, Clayton, NC, 27520",Charlotte,INVH-127-verrazano-place-27527-1286,3,2.5,1528,1965.0,2026-10-11,20 months,False,,,,,,,,https://www.invitationhomes.com/houses-for-rent/127-verrazano-place-27527-1286,2026-09-03,2026-09-12,NC,Clayton,,,,,127-verrazano-place-27527-1286
2026-09-12,INVH,Charlotte,"245 Georgetowne Dr, Clayton, NC, 27520",Charlotte,INVH-245-georgetowne-dr-clayton-nc-27520,3,2.5,2434,2335.0,2026-09-17,20 months,False,,,,,,,,https://www.invitationhomes.com/houses-for-rent/245-georgetowne-dr-clayton-nc-27520,2026-09-09,2026-09-12,NC,Clayton,,,,,245-georgetowne-dr-clayton-nc-27520
2026-09-12,INVH,Charlotte,"162 Crawford Parkway, Clayton, NC, 27520",Charlotte,INVH-162-crawford-parkway-27520-112472,3,2.0,1218,1785.0,2026-10-14,20 months,False,,,,,,,,https://www.invitationhomes.com/houses-for-rent/162-crawford-parkway-27520-112472,2026-09-03,2026-09-12,NC,Clayton,,,,,162-crawford-parkway-27520-112472
2026-09-12,INVH,Charlotte,"60 Big Horn Ln, Clayton, NC, 27527",Charlotte,INVH-60-big-horn-ln-27527-87617,4,2.0,1870,2045.0,2026-10-08,20 months,False,,,,,,,,https://www.invitationhomes.com/houses-for-rent/60-big-horn-ln-27527-87617,2026-09-03,2026-09-12,NC,Clayton,,,,,60-big-horn-ln-27527-87617
2026-09-12,INVH,Charlotte,"911 Buckingham Rd, Garner, NC, 27529",Charlotte,INVH-911-buckingham-rd-27529-108221,4,2.0,1905,2190.0,2026-09-12,20 months,False,,,,,,,,https://www.invitationhomes.com/houses-for-rent/911-buckingham-rd-27529-108221,2026-07-19,2026-09-12,NC,Garner,,,,,911-buckingham-rd-27529-108221
2026-09-12,INVH,Charlotte,"4719 Forestdale Rd, Raleigh, NC, 27603",Charlotte,INVH-4719-forestdale-rd-27603-108146,3,2.0,2300,2430.0,2026-10-14,20 months,False,,,,,,,,https://www.invitationhomes.com/houses-for-rent/4719-forestdale-rd-27603-108146,2026-09-03,2026-09-12,NC,Raleigh,,,,,4719-forestdale-rd-27603-108146
2026-09-12,INVH,Charlotte,"416 Westonridge Run, Garner, NC, 27529",Charlotte,INVH-416-weston-ridge-run-27529-3317,3,2.0,1225,1849.0,2026-09-12,20 months,False,,,,,,,,https://www.invitationhomes.com/houses-for-rent/416-weston-ridge-run-27529-3317,2026-08-23,2026-09-12,NC,Garner,,,,,416-weston-ridge-run-27529-3317
2026-09-12,INVH,Charlotte,"3304 Ferdilah Ln, Raleigh, NC, 27610",Charlotte,INVH-3304-ferdilah-ln-27610-108492,3,2.0,1998,1760.0,2026-09-12,20 months,False,,,,,,,,https://www.invitationhomes.com/houses-for-rent/3304-ferdilah-ln-27610-108492,2026-05-17,2026-09-12,NC,Raleigh,,,,,3304-ferdilah-ln-27610-108492
2026-09-12,INVH,Charlotte,"3208 Ferdilah Ln, Raleigh, NC, 27610",Charlotte,INVH-3208-ferdilah-ln-raleigh-nc-27610,3,2.0,1301,1730.0,2026-09-12,20 months,False,,,,,,,,https://www.invitationhomes.com/houses-for-rent/3208-ferdilah-ln-raleigh-nc-27610,2026-07-19,2026-09-12,NC,Raleigh,,,,,3208-ferdilah-ln-raleigh-nc-27610
2026-09-12,INVH,Charlotte,"3437 Ferdilah Ln, Raleigh, NC, 27610",Charlotte,INVH-3437-ferdilah-ln-27610-1840,4,2.5,1577,1930.0,2026-09-12,20 months,False,,,,,,,,https://www.invitationhomes.com/houses-for-rent/3437-ferdilah-ln-27610-1840,2026-07-19,2026-09-12,NC,Raleigh,,,,,3437-ferdilah-ln-27610-1840
2026-09-12,INVH,Charlotte,"2842 Filbert St, Raleigh, NC, 27610",Charlotte,INVH-2842-filbert-st-27610-2250,3,2.5,1560,1940.0,2026-10-15,20 months,False,,,,,,,,https://www.invitationhomes.com/houses-for-rent/2842-filbert-st-27610-2250,2026-09-03,2026-09-12,NC,Raleigh,,,,,2842-filbert-st-27610-2250
2026-09-12,INVH,Charlotte,"3239 Polite Ln, Raleigh, NC, 27610",Charlotte,INVH-3239-polite-ln-27610-1409,3,2.5,1816,1925.0,2026-09-12,20 months,False,,,,,,,,https://www.invitationhomes.com/houses-for-rent/3239-polite-ln-27610-1409,2026-07-19,2026-09-12,NC,Raleigh,,,,,3239-polite-ln-27610-1409
2026-09-12,INVH,Charlotte,"4925 Delta Lake Dr, Raleigh, NC, 27612",Charlotte,INVH-4925-delta-lake-dr-27612-108426,3,2.0,1871,2445.0,2026-10-14,20 months,False,,,,,,,,https://www.invitationhomes.com/houses-for-rent/4925-delta-lake-dr-27612-108426,2026-08-02,2026-09-12,NC,Raleigh,,,,,4925-delta-lake-dr-27612-108426
2026-09-12,INVH,Charlotte,"3610 Brideveil Ct, Raleigh, NC, 27610",Charlotte,INVH-3610-brideveil-ct-27610-86662,3,2.5,1825,2175.0,2026-09-12,20 months,False,,,,,,,,https://www.invitationhomes.com/houses-for-rent/3610-brideveil-ct-27610-86662,2026-08-02,2026-09-12,NC,Raleigh,,,,,3610-brideveil-ct-27610-86662
2026-09-12,INVH,Charlotte,"1100 Chatham Ln, Raleigh, NC, 27610",Charlotte,INVH-1100-chatham-ln-27610-108226,3,2.0,1400,2040.0,2026-09-12,20 months,False,,,,,,,,https://www.invitationhomes.com/houses-for-rent/1100-chatham-ln-27610-108226,2026-06-14,2026-09-12,NC,Raleigh,,,,,1100-chatham-ln-27610-108226
2026-09-12,INVH,Charlotte,"3927 Laurel Glen Dr, Raleigh, NC, 27610",Charlotte,INVH-3927-laurel-glen-dr-27610-6912,3,2.5,1680,1795.0,2026-09-12,20 months,False,,,,,,,,https://www.invitationhomes.com/houses-for-rent/3927-laurel-glen-dr-27610-6912,2026-07-19,2026-09-12,NC,Raleigh,,,,,3927-laurel-glen-dr-27610-6912
2026-09-12,INVH,Charlotte,"6809 Shane Dr, Raleigh, NC, 27610",Charlotte,INVH-6809-shane-dr-27610-113349,3,2.5,2198,2090.0,2026-09-15,20 months,False,,,,,,,,https://www.invitationhomes.com/houses-for-rent/6809-shane-dr-27610-113349,2026-09-03,2026-09-12,NC,Raleigh,,,,,6809-shane-dr-27610-113349
2026-09-12,INVH,Charlotte,"6813 Planting Ct, Raleigh, NC, 27610",Charlotte,INVH-6813-planting-ct-27610-108145,4,2.0,2829,2195.0,2026-09-12,20 months,False,,,,,,,,https://www.invitationhomes.com/houses-for-rent/6813-planting-ct-27610-108145,2026-08-02,2026-09-12,NC,Raleigh,,,,,6813-planting-ct-27610-108145
2026-09-12,INVH,Charlotte,"4117 Bay Rum Ln, Raleigh, NC, 27610",Charlotte,INVH-4117-bay-rum-ln-27610-6283,3,2.5,1920,2140.0,2026-10-26,20 months,False,,,,,,,,https://www.invitationhomes.com/houses-for-rent/4117-bay-rum-ln-27610-6283,2026-09-12,2026-09-12,NC,Raleigh,,,,,4117-bay-rum-ln-27610-6283
2026-09-12,INVH,Charlotte,"5601 Rudolph Ct, Raleigh, NC, 27610",Charlotte,INVH-5601-rudolph-ct-27610-108127,3,2.0,1158,1795.0,2026-09-12,20 months,False,,,,,,,,https://www.invitationhomes.com/houses-for-rent/5601-rudolph-ct-27610-108127,2026-07-19,2026-09-12,NC,Raleigh,,,,,5601-rudolph-ct-27610-108127
2026-09-12,INVH,Charlotte,"213 Haywood Ln, Clayton, NC, 27527",Charlotte,INVH-213-haywood-ln-27527-7344,3,2.5,1670,2025.0,2026-10-10,20 months,False,,,,,,,,https://www.invitationhomes.com/houses-for-rent/213-haywood-ln-27527-7344,2026-09-03,2026-09-12,NC,Clayton,,,,,213-haywood-ln-27527-7344
2026-09-12,INVH,Charlotte,"5232 Sapphire Springs Dr, Knightdale, NC, 27545",Charlotte,INVH-5232-sapphire-springs-dr-27545-5171,4,3.0,3275,2365.0,2026-09-12,20 months,False,,,,,,,,https://www.invitationhomes.com/houses-for-rent/5232-sapphire-springs-dr-27545-5171,2026-06-14,2026-09-12,NC,Knightdale,,,,,5232-sapphire-springs-dr-27545-5171
2026-09-12,INVH,Charlotte,"1136 Tellis Dr, Knightdale, NC, 27545",Charlotte,INVH-1136-tellis-dr-knightdale-nc-27545,4,2.5,2040,1899.0,2026-09-12,20 months,False,,,,,,,,https://www.invitationhomes.com/houses-for-rent/1136-tellis-dr-knightdale-nc-27545,2026-05-17,2026-09-12,NC,Knightdale,,,,,1136-tellis-dr-knightdale-nc-27545
2026-09-12,INVH,Charlotte,"1117 Tellis Dr, Knightdale, NC, 27545",Charlotte,INVH-1117-tellis-dr-knightdale-nc-27545,4,2.5,1968,1940.0,2026-09-12,20 months,False,,,,,,,,https://www.invitationhomes.com/houses-for-rent/1117-tellis-dr-knightdale-nc-27545,2026-07-19,2026-09-12,NC,Knightdale,,,,,1117-tellis-dr-knightdale-nc-27545
2026-09-12,INVH,Charlotte,"5321 Heather Ridge Ln, Raleigh, NC, 27610",Charlotte,INVH-5321-heather-ridge-ln-raleigh-nc-27610,3,2.5,2158,1965.0,2026-09-12,20 months,False,,,,,,,,https://www.invitationhomes.com/houses-for-rent/5321-heather-ridge-ln-raleigh-nc-27610,2026-07-19,2026-09-12,NC,Raleigh,,,,,5321-heather-ridge-ln-raleigh-nc-27610
2026-09-12,INVH,Charlotte,"3006 Fern Cottage Ln, Knightdale, NC, 27545",Charlotte,INVH-3006-fern-cottage-ln-27545-6419,4,2.5,2638,2585.0,2026-09-15,20 months,False,,,,,,,,https://www.invitationhomes.com/houses-for-rent/3006-fern-cottage-ln-27545-6419,2026-08-02,2026-09-12,NC,Knightdale,,,,,3006-fern-cottage-ln-27545-6419
2026-09-12,INVH,Charlotte,"5012 Royal Dornoch Dr, Raleigh, NC, 27604",Charlotte,INVH-5012-royal-dornoch-dr-27604-108157,5,3.0,2800,2280.0,2026-09-12,20 months,False,,,,,,,,https://www.invitationhomes.com/houses-for-rent/5012-royal-dornoch-dr-27604-108157,2026-06-09,2026-09-12,NC,Raleigh,,,,,5012-royal-dornoch-dr-27604-108157
2026-09-12,INVH,Charlotte,"2349 Lazy River Dr, Raleigh, NC, 27610",Charlotte,INVH-2349-lazy-river-dr-27610-108225,5,3.0,3021,2645.0,2026-09-25,20 months,False,,,,,,,,https://www.invitationhomes.com/houses-for-rent/2349-lazy-river-dr-27610-108225,2026-08-16,2026-09-12,NC,Raleigh,,,,,2349-lazy-river-dr-27610-108225
2026-09-12,INVH,Charlotte,"2025 Muirfield Village Way, Raleigh, NC, 27604",Charlotte,INVH-2025-muirfield-village-way-raleigh-nc-27604,4,2.5,2265,2330.0,2026-09-19,20 months,False,,,,,,,,https://www.invitationhomes.com/houses-for-rent/2025-muirfield-village-way-raleigh-nc-27604,2026-08-10,2026-09-12,NC,Raleigh,,,,,2025-muirfield-village-way-raleigh-nc-27604
2026-09-12,INVH,Charlotte,"2406 Ferdinand Dr, Knightdale, NC, 27545",Charlotte,INVH-2406-ferdinand-dr-27545-6015,3,2.5,2068,2135.0,2026-09-12,20 months,False,,,,,,,,https://www.invitationhomes.com/houses-for-rent/2406-ferdinand-dr-27545-6015,2026-07-19,2026-09-12,NC,Knightdale,,,,,2406-ferdinand-dr-27545-6015
2026-09-12,INVH,Charlotte,"2704 Kempsford Pl, Raleigh, NC, 27604",Charlotte,INVH-2704-kempsford-pl-raleigh-nc-27604,3,2.0,1299,1890.0,2026-09-12,20 months,False,,,,,,,,https://www.invitationhomes.com/houses-for-rent/2704-kempsford-pl-raleigh-nc-27604,2026-06-14,2026-09-12,NC,Raleigh,,,,,2704-kempsford-pl-raleigh-nc-27604
2026-09-12,INVH,Charlotte,"3706 Wyndcliff Ct, Raleigh, NC, 27616",Charlotte,INVH-3706-wyndcliff-ct-27616-108439,3,2.0,1320,1749.0,2026-09-12,20 months,False,,,,,,,,https://www.invitationhomes.com/houses-for-rent/3706-wyndcliff-ct-27616-108439,2026-07-19,2026-09-12,NC,Raleigh,,,,,3706-wyndcliff-ct-27616-108439
2026-09-12,INVH,Charlotte,"5333 Pinehall Wynd, Raleigh, NC, 27604",Charlotte,INVH-5333-pinehall-wynd-27604-2099,5,3.5,3408,2649.0,2026-09-12,20 months,False,,,,,,,,https://www.invitationhomes.com/houses-for-rent/5333-pinehall-wynd-27604-2099,2026-04-26,2026-09-12,NC,Raleigh,,,,,5333-pinehall-wynd-27604-2099
2026-09-12,INVH,Charlotte,"5514 Black Maple Dr, Raleigh, NC, 27616",Charlotte,INVH-5514-black-maple-dr-raleigh-nc-27616,3,2.5,2564,2195.0,2026-09-12,20 months,False,,,,,,,,https://www.invitationhomes.com/houses-for-rent/5514-black-maple-dr-raleigh-nc-27616,2026-05-09,2026-09-12,NC,Raleigh,,,,,5514-black-maple-dr-raleigh-nc-27616
2026-09-12,INVH,Charlotte,"1103 Clematis St, Knightdale, NC, 27545",Charlotte,INVH-1103-clematis-st-knightdale-nc-27545,3,3.0,2349,2285.0,2026-09-30,20 months,False,,,,,,,,https://www.invitationhomes.com/houses-for-rent/1103-clematis-st-knightdale-nc-27545,2026-08-16,2026-09-12,NC,Knightdale,,,,,1103-clematis-st-knightdale-nc-27545
2026-09-12,INVH,Charlotte,"204 Zircon Ln, Knightdale, NC, 27545",Charlotte,INVH-204-zircon-ln-27545-87409,3,2.0,2194,2145.0,2026-09-12,20 months,False,,,,,,,,https://www.invitationhomes.com/houses-for-rent/204-zircon-ln-27545-87409,2026-07-19,2026-09-12,NC,Knightdale,,,,,204-zircon-ln-27545-87409
2026-09-12,INVH,Charlotte,"1813 Windsor Village Way, Knightdale, NC, 27545",Charlotte,INVH-1813-windsor-village-way-27545-124067,3,2.5,1618,1925.0,2026-09-12,24 months,False,,,,,,,,https://www.invitationhomes.com/houses-for-rent/1813-windsor-village-way-27545-124067,2026-04-26,2026-09-12,NC,Knightdale,,,,,1813-windsor-village-way-27545-124067
2026-09-12,INVH,Charlotte,"945 Greenville Way, Knightdale, NC, 27545",Charlotte,INVH-945-greenville-way-27545-122797,3,2.5,1829,2120.0,2026-09-29,24 months,False,,,,,,,,https://www.invitationhomes.com/houses-for-rent/945-greenville-way-27545-122797,2026-08-16,2026-09-12,NC,Knightdale,,,,,945-greenville-way-27545-122797
2026-09-12,INVH,Charlotte,"954 Greenville Way, Knightdale, NC, 27545",Charlotte,INVH-954-greenville-way-27545-121097,3,2.5,1400,1849.0,2026-09-12,24 months,False,,,,,,,,https://www.invitationhomes.com/houses-for-rent/954-greenville-way-27545-121097,2026-07-19,2026-09-12,NC,Knightdale,,,,,954-greenville-way-27545-121097
2026-09-12,INVH,Charlotte,"837 Holiday Park Ln, Knightdale, NC, 27545",Charlotte,INVH-837-holiday-park-lane-27545-121022,3,2.5,1400,1835.0,2026-09-12,24 months,False,,,,,,,,https://www.invitationhomes.com/houses-for-rent/837-holiday-park-lane-27545-121022,2026-07-19,2026-09-12,NC,Knightdale,,,,,837-holiday-park-lane-27545-121022
2026-09-12,INVH,Charlotte,"958 Greenville Way, Knightdale, NC, 27545",Charlotte,INVH-958-greenville-way-27545-121098,3,2.5,1400,1849.0,2026-09-12,24 months,False,,,,,,,,https://www.invitationhomes.com/houses-for-rent/958-greenville-way-27545-121098,2026-09-06,2026-09-12,NC,Knightdale,,,,,958-greenville-way-27545-121098
2026-09-12,INVH,Charlotte,"1175 Greenville Way, Knightdale, NC, 27545",Charlotte,INVH-1175-greenville-way-27545-124072,3,2.5,1618,1925.0,2026-09-12,24 months,False,,,,,,,,https://www.invitationhomes.com/houses-for-rent/1175-greenville-way-27545-124072,2026-08-23,2026-09-12,NC,Knightdale,,,,,1175-greenville-way-27545-124072
2026-09-12,INVH,Charlotte,"206 Park Ave, Smithfield, NC, 27577",Charlotte,INVH-206-park-ave-27577-108176,3,1.0,2100,1625.0,2026-09-12,20 months,False,,,,,,,,https://www.invitationhomes.com/houses-for-rent/206-park-ave-27577-108176,2026-05-24,2026-09-12,NC,Smithfield,,,,,206-park-ave-27577-108176
2026-09-12,INVH,Charlotte,"428 Cloverdale Dr, Clayton, NC, 27520",Charlotte,INVH-428-cloverdale-dr-27520-108323,5,2.0,1305,2095.0,2026-09-29,20 months,False,,,,,,,,https://www.invitationhomes.com/houses-for-rent/428-cloverdale-dr-27520-108323,2026-09-12,2026-09-12,NC,Clayton,,,,,428-cloverdale-dr-27520-108323
2026-09-12,INVH,Charlotte,"305 W Watson St, Selma, NC, 27576",Charlotte,INVH-305-w-watson-st-27576-87738,3,2.0,1550,2025.0,2026-10-02,20 months,False,,,,,,,,https://www.invitationhomes.com/houses-for-rent/305-w-watson-st-27576-87738,2026-09-03,2026-09-12,NC,Selma,,,,,305-w-watson-st-27576-87738
2026-09-12,INVH,Charlotte,"295 Wildlife Parkway, Clayton, NC, 27527",Charlotte,INVH-295-wildlife-parkway-27527-90167,4,2.5,2355,2310.0,2026-09-12,20 months,False,,,,,,,,https://www.invitationhomes.com/houses-for-rent/295-wildlife-parkway-27527-90167,2026-08-10,2026-09-12,NC,Clayton,,,,,295-wildlife-parkway-27527-90167
2026-09-12,INVH,Charlotte,"71 Hastings Dr, Clayton, NC, 27527",Charlotte,INVH-71-hastings-dr-27527-7504,3,2.5,2728,2495.0,2026-09-29,20 months,False,,,,,,,,https://www.invitationhomes.com/houses-for-rent/71-hastings-dr-27527-7504,2026-08-16,2026-09-12,NC,Clayton,,,,,71-hastings-dr-27527-7504
2026-09-12,INVH,Charlotte,"245 Mattox St, Wendell, NC, 27591",Charlotte,INVH-245-mattox-st-27591-108133,5,2.0,2550,2395.0,2026-09-14,20 months,False,,,,,,,,https://www.invitationhomes.com/houses-for-rent/245-mattox-st-27591-108133,2026-06-09,2026-09-12,NC,Wendell,,,,,245-mattox-st-27591-108133
2026-09-12,INVH,Charlotte,"711 Alberta Ct, Wendell, NC, 27591",Charlotte,INVH-711-alberta-ct-wendell-nc-27591,4,2.5,2260,1970.0,2026-09-12,20 months,False,,,,,,,,https://www.invitationhomes.com/houses-for-rent/711-alberta-ct-wendell-nc-27591,2026-08-02,2026-09-12,NC,Wendell,,,,,711-alberta-ct-wendell-nc-27591
2026-09-12,INVH,Charlotte,"308 Tarragon Trl, Wendell, NC, 27591",Charlotte,INVH-308-tarragon-trl-wendell-nc-27591,4,2.5,1867,2220.0,2026-09-17,20 months,False,,,,,,,,https://www.invitationhomes.com/houses-for-rent/308-tarragon-trl-wendell-nc-27591,2026-08-02,2026-09-12,NC,Wendell,,,,,308-tarragon-trl-wendell-nc-27591
2026-09-12,INVH,Charlotte,"6105 Watsonia Dr, Zebulon, NC, 27597",Charlotte,INVH-6105-watsonia-dr-27597-83541,4,2.5,2635,2199.0,2026-09-12,20 months,False,,,,,,,,https://www.invitationhomes.com/houses-for-rent/6105-watsonia-dr-27597-83541,2026-06-14,2026-09-12,NC,Zebulon,,,,,6105-watsonia-dr-27597-83541
2026-09-12,INVH,Charlotte,"2008 Watsonia Dr, Zebulon, NC, 27597",Charlotte,INVH-2008-watsonia-dr-27597-89793,3,2.0,2084,2080.0,2026-09-12,20 months,False,,,,,,,,https://www.invitationhomes.com/houses-for-rent/2008-watsonia-dr-27597-89793,2026-08-16,2026-09-12,NC,Zebulon,,,,,2008-watsonia-dr-27597-89793
2026-09-12,INVH,Charlotte,"5720 Enoree Ln, Raleigh, NC, 27616",Charlotte,INVH-5720-enoree-ln-27616-2595,4,2.5,2528,2195.0,2026-09-12,20 months,False,,,,,,,,https://www.invitationhomes.com/houses-for-rent/5720-enoree-ln-27616-2595,2026-08-02,2026-09-12,NC,Raleigh,,,,,5720-enoree-ln-27616-2595
2026-09-12,INVH,Charlotte,"4204 Prelude St, Raleigh, NC, 27616",Charlotte,INVH-4204-prelude-st-27616-5620,4,2.5,2732,2549.0,2026-09-14,20 months,False,,,,,,,,https://www.invitationhomes.com/houses-for-rent/4204-prelude-st-27616-5620,2026-09-03,2026-09-12,NC,Raleigh,,,,,4204-prelude-st-27616-5620
2026-09-12,INVH,Charlotte,"4217 Mangrove Dr, Raleigh, NC, 27616",Charlotte,INVH-4217-mangrove-dr-27616-6892,3,2.0,1558,1999.0,2026-10-14,20 months,False,,,,,,,,https://www.invitationhomes.com/houses-for-rent/4217-mangrove-dr-27616-6892,2026-04-20,2026-09-12,NC,Raleigh,,,,,4217-mangrove-dr-27616-6892
2026-09-12,INVH,Charlotte,"3826 Althorp Dr, Raleigh, NC, 27616",Charlotte,INVH-3826-althorp-dr-27616-114229,5,3.0,2556,2385.0,2026-09-12,20 months,False,,,,,,,,https://www.invitationhomes.com/houses-for-rent/3826-althorp-dr-27616-114229,2026-05-24,2026-09-12,NC,Raleigh,,,,,3826-althorp-dr-27616-114229
2026-09-12,INVH,Charlotte,"10400 Neland St, Raleigh, NC, 27614",Charlotte,INVH-10400-neland-st-27614-3231,3,2.5,1597,2085.0,2026-10-04,20 months,False,,,,,,,,https://www.invitationhomes.com/houses-for-rent/10400-neland-st-27614-3231,2026-09-03,2026-09-12,NC,Raleigh,,,,,10400-neland-st-27614-3231
2026-09-12,INVH,Charlotte,"3108 Gross Ave, Wake Forest, NC, 27587",Charlotte,INVH-3108-gross-ave-27587-7858,4,2.5,2576,2265.0,2026-09-12,20 months,False,,,,,,,,https://www.invitationhomes.com/houses-for-rent/3108-gross-ave-27587-7858,2026-07-19,2026-09-12,NC,Wake Forest,,,,,3108-gross-ave-27587-7858
2026-09-12,INVH,Charlotte,"8709 Reindeer Moss Dr, Wake Forest, NC, 27587",Charlotte,INVH-8709-reindeer-moss-dr-wake-forest-nc-27587,4,2.5,2684,2375.0,2026-09-15,20 months,False,,,,,,,,https://www.invitationhomes.com/houses-for-rent/8709-reindeer-moss-dr-wake-forest-nc-27587,2026-08-02,2026-09-12,NC,Wake Forest,,,,,8709-reindeer-moss-dr-wake-forest-nc-27587
2026-09-12,INVH,Charlotte,"3833 Song Sparrow Dr, Wake Forest, NC, 27587",Charlotte,INVH-3833-song-sparrow-dr-wake-forest-nc-27587,4,3.5,2879,2820.0,2026-09-12,20 months,False,,,,,,,,https://www.invitationhomes.com/houses-for-rent/3833-song-sparrow-dr-wake-forest-nc-27587,2026-08-02,2026-09-12,NC,Wake Forest,,,,,3833-song-sparrow-dr-wake-forest-nc-27587
2026-09-12,INVH,Charlotte,"601 Flicker Ct, Wake Forest, NC, 27587",Charlotte,INVH-601-flicker-ct-27587-108151,3,2.0,1400,1730.0,2026-09-12,20 months,False,,,,,,,,https://www.invitationhomes.com/houses-for-rent/601-flicker-ct-27587-108151,2026-06-09,2026-09-12,NC,Wake Forest,,,,,601-flicker-ct-27587-108151
2026-09-12,INVH,Charlotte,"1709 Fern Hollow Trl, Wake Forest, NC, 27587",Charlotte,INVH-1709-fern-hollow-trl-27587-94486,3,2.5,2454,2445.0,2026-10-09,20 months,False,,,,,,,,https://www.invitationhomes.com/houses-for-rent/1709-fern-hollow-trl-27587-94486,2026-09-03,2026-09-12,NC,Wake Forest,,,,,1709-fern-hollow-trl-27587-94486
2026-09-12,INVH,Salt Lake City,"26 N Riverside Dr, Saratoga Springs, UT, 84045",Salt Lake City,INVH-26-n-riverside-dr-84045-124715,3,2.5,1448,2149.0,2026-09-12,24 months,False,,,,,,,,https://www.invitationhomes.com/houses-for-rent/26-n-riverside-dr-84045-124715,2026-06-14,2026-09-12,UT,Saratoga Springs,,,,,26-n-riverside-dr-84045-124715
2026-09-12,INVH,Salt Lake City,"42 N Riverside Dr, Saratoga Springs, UT, 84045",Salt Lake City,INVH-42-n-riverside-dr-84045-124623,3,2.5,1448,2099.0,2026-09-12,24 months,False,,,,,,,,https://www.invitationhomes.com/houses-for-rent/42-n-riverside-dr-84045-124623,2026-05-09,2026-09-12,UT,Saratoga Springs,,,,,42-n-riverside-dr-84045-124623
2026-09-12,INVH,Salt Lake City,"441 E. Kanab Creek Drive, Saratoga Springs, UT, 84045",Salt Lake City,INVH-441-e-kanab-creek-drive-84045-124778,3,3.0,1944,2540.0,2026-09-12,24 months,False,,,,,,,,https://www.invitationhomes.com/houses-for-rent/441-e-kanab-creek-drive-84045-124778,2026-07-19,2026-09-12,UT,Saratoga Springs,,,,,441-e-kanab-creek-drive-84045-124778
2026-09-12,INVH,Salt Lake City,"13533 S Homestead Ln W, Riverton, UT, 84065",Salt Lake City,INVH-13533-s-homestead-ln-w-84065-110878,4,2.0,2444,2725.0,2026-09-12,24 months,False,,,,,,,,https://www.invitationhomes.com/houses-for-rent/13533-s-homestead-ln-w-84065-110878,2026-07-19,2026-09-12,UT,Riverton,,,,,13533-s-homestead-ln-w-84065-110878
2026-09-12,INVH,Salt Lake City,"381 W Marquette Dr S, Midvale, UT, 84047",Salt Lake City,INVH-381-w-marquette-dr-s-84047-110839,3,2.0,2016,2680.0,2026-09-12,24 months,False,,,,,,,,https://www.invitationhomes.com/houses-for-rent/381-w-marquette-dr-s-84047-110839,2026-04-04,2026-09-12,UT,Midvale,,,,,381-w-marquette-dr-s-84047-110839
2026-09-12,INVH,Salt Lake City,"9548 S 1210 E, Sandy, UT, 84094",Salt Lake City,INVH-9548-s-1210-e-84094-110900,4,2.0,2052,2745.0,2026-10-20,24 months,False,,,,,,,,https://www.invitationhomes.com/houses-for-rent/9548-s-1210-e-84094-110900,2026-09-06,2026-09-12,UT,Sandy,,,,,9548-s-1210-e-84094-110900
2026-09-12,INVH,Salt Lake City,"6061 S 4880 W, Salt Lake City, UT, 84118",Salt Lake City,INVH-6061-s-4880-w-84118-110856,4,3.0,2052,2670.0,2026-09-28,13 months,False,,,,,,,,https://www.invitationhomes.com/houses-for-rent/6061-s-4880-w-84118-110856,2026-09-03,2026-09-12,UT,Salt Lake City,,,,,6061-s-4880-w-84118-110856
2026-09-12,INVH,Salt Lake City,"4602 S Carnegie Tech St, West Valley City, UT, 84120",Salt Lake City,INVH-4602-s-carnegie-tech-st-84120-110847,3,2.0,2240,2699.0,2026-09-15,24 months,False,,,,,,,,https://www.invitationhomes.com/houses-for-rent/4602-s-carnegie-tech-st-84120-110847,2026-08-10,2026-09-12,UT,West Valley City,,,,,4602-s-carnegie-tech-st-84120-110847
2026-09-12,INVH,Salt Lake City,"5965 W Brud Dr, West Valley City, UT, 84128",Salt Lake City,INVH-5965-w-brud-dr-84128-110811,4,2.0,2296,2795.0,2026-10-22,24 months,False,,,,,,,,https://www.invitationhomes.com/houses-for-rent/5965-w-brud-dr-84128-110811,2026-09-09,2026-09-12,UT,West Valley City,,,,,5965-w-brud-dr-84128-110811
2026-09-12,INVH,Salt Lake City,"2625 S Ridgeland Dr, West Valley City, UT, 84119",Salt Lake City,INVH-2625-s-ridgeland-dr-84119-110862,4,2.0,1676,2495.0,2026-09-18,24 months,False,,,,,,,,https://www.invitationhomes.com/houses-for-rent/2625-s-ridgeland-dr-84119-110862,2026-08-10,2026-09-12,UT,West Valley City,,,,,2625-s-ridgeland-dr-84119-110862
2026-09-12,INVH,Denver,"728 Sylvestor Trl, Highlands Ranch, CO, 80129",Denver,INVH-728-sylvestor-trl-80129-9754,3,2.5,1908,2895.0,2026-09-12,19 months,False,,,,,,,,https://www.invitationhomes.com/houses-for-rent/728-sylvestor-trl-80129-9754,2026-08-02,2026-09-12,CO,Highlands Ranch,,,,,728-sylvestor-trl-80129-9754
2026-09-12,INVH,Denver,"9731 Burntwood Ct, Highlands Ranch, CO, 80126",Denver,INVH-9731-burntwood-ct-80126-9095,3,2.5,2615,3325.0,2026-09-25,19 months,False,,,,,,,,https://www.invitationhomes.com/houses-for-rent/9731-burntwood-ct-80126-9095,2026-08-16,2026-09-12,CO,Highlands Ranch,,,,,9731-burntwood-ct-80126-9095
2026-09-12,INVH,Denver,"9499 Sherrelwood Ln, Highlands Ranch, CO, 80126",Denver,INVH-9499-sherrelwood-ln-80126-1562,4,3.0,2049,3435.0,2026-09-12,19 months,False,,,,,,,,https://www.invitationhomes.com/houses-for-rent/9499-sherrelwood-ln-80126-1562,2026-07-19,2026-09-12,CO,Highlands Ranch,,,,,9499-sherrelwood-ln-80126-1562
2026-09-12,INVH,Denver,"1930 Quartz St, Castle Rock, CO, 80109",Denver,INVH-1930-quartz-st-80109-1863,3,3.0,2596,3295.0,2026-10-21,19 months,False,,,,,,,,https://www.invitationhomes.com/houses-for-rent/1930-quartz-st-80109-1863,2026-09-06,2026-09-12,CO,Castle Rock,,,,,1930-quartz-st-80109-1863
2026-09-12,INVH,Denver,"4617 N Foxtail Dr, Castle Rock, CO, 80109",Denver,INVH-4617-n-foxtail-dr-80109-7546,3,2.0,1791,2730.0,2026-09-18,19 months,False,,,,,,,,https://www.invitationhomes.com/houses-for-rent/4617-n-foxtail-dr-80109-7546,2026-08-02,2026-09-12,CO,Castle Rock,,,,,4617-n-foxtail-dr-80109-7546
2026-09-12,INVH,Denver,"3941 Licorice Ct, Castle Rock, CO, 80109",Denver,INVH-3941-licorice-ct-80109-8203,3,2.0,1825,3170.0,2026-10-14,19 months,False,,,,,,,,https://www.invitationhomes.com/houses-for-rent/3941-licorice-ct-80109-8203,2026-09-03,2026-09-12,CO,Castle Rock,,,,,3941-licorice-ct-80109-8203
2026-09-12,INVH,Denver,"4992 N Silverlace Dr, Castle Rock, CO, 80109",Denver,INVH-4992-n-silverlace-dr-80109-1229,4,4.0,2873,3195.0,2026-09-12,19 months,False,,,,,,,,https://www.invitationhomes.com/houses-for-rent/4992-n-silverlace-dr-80109-1229,2026-08-10,2026-09-12,CO,Castle Rock,,,,,4992-n-silverlace-dr-80109-1229
2026-09-12,INVH,Denver,"3289 Blue Grass Cir, Castle Rock, CO, 80109",Denver,INVH-3289-blue-grass-cir-80109-1217,4,3.5,2044,2795.0,2026-09-12,19 months,False,,,,,,,,https://www.invitationhomes.com/houses-for-rent/3289-blue-grass-cir-80109-1217,2026-05-03,2026-09-12,CO,Castle Rock,,,,,3289-blue-grass-cir-80109-1217
2026-09-12,INVH,Denver,"9636 Lameria Dr, Highlands Ranch, CO, 80130",Denver,INVH-9636-lameria-dr-80130-5617,3,2.5,2048,2895.0,2026-09-12,19 months,False,,,,,,,,https://www.invitationhomes.com/houses-for-rent/9636-lameria-dr-80130-5617,2026-05-24,2026-09-12,CO,Highlands Ranch,,,,,9636-lameria-dr-80130-5617
2026-09-12,INVH,Denver,"11916 S Hitching Post Trl, Parker, CO, 80134",Denver,INVH-11916-s-hitching-post-trl-80134-6463,4,2.5,2455,3290.0,2026-09-21,19 months,False,,,,,,,,https://www.invitationhomes.com/houses-for-rent/11916-s-hitching-post-trl-80134-6463,2026-08-16,2026-09-12,CO,Parker,,,,,11916-s-hitching-post-trl-80134-6463
2026-09-12,INVH,Denver,"1740 W Crestline Dr, Littleton, CO, 80120",Denver,INVH-1740-w-crestline-dr-80120-5771,3,1.5,1690,3265.0,2026-09-25,19 months,False,,,,,,,,https://www.invitationhomes.com/houses-for-rent/1740-w-crestline-dr-80120-5771,2026-08-16,2026-09-12,CO,Littleton,,,,,1740-w-crestline-dr-80120-5771
2026-09-12,INVH,Denver,"1685 S Wolff Street, Denver, CO, 80219",Denver,INVH-1685-s-wolff-street-80219-102161,4,2.0,1990,2995.0,2026-10-12,19 months,False,,,,,,,,https://www.invitationhomes.com/houses-for-rent/1685-s-wolff-street-80219-102161,2026-09-03,2026-09-12,CO,Denver,,,,,1685-s-wolff-street-80219-102161
2026-09-12,INVH,Denver,"1841 S Saint Paul St, Denver, CO, 80210",Denver,INVH-1841-s-saint-paul-st-80210-3101,4,2.0,2460,2690.0,2026-09-12,19 months,False,,,,,,,,https://www.invitationhomes.com/houses-for-rent/1841-s-saint-paul-st-80210-3101,2026-05-24,2026-09-12,CO,Denver,,,,,1841-s-saint-paul-st-80210-3101
2026-09-12,INVH,Denver,"13256 Rigel Dr, Littleton, CO, 80124",Denver,INVH-13256-rigel-dr-80124-6825,3,2.5,2147,2995.0,2026-10-13,19 months,False,,,,,,,,https://www.invitationhomes.com/houses-for-rent/13256-rigel-dr-80124-6825,2026-09-03,2026-09-12,CO,Littleton,,,,,13256-rigel-dr-80124-6825
2026-09-12,INVH,Denver,"10165 E Peakview Ave, Englewood, CO, 80111",Denver,INVH-10165-e-peakview-ave-80111-1419,4,2.0,1680,2840.0,2026-10-24,19 months,False,,,,,,,,https://www.invitationhomes.com/houses-for-rent/10165-e-peakview-ave-80111-1419,2026-09-09,2026-09-12,CO,Englewood,,,,,10165-e-peakview-ave-80111-1419
2026-09-12,INVH,Denver,"17163 Silver Mound Ln, Parker, CO, 80134",Denver,INVH-17163-silver-mound-ln-80134-7643,4,3.5,1597,2870.0,2026-10-24,19 months,False,,,,,,,,https://www.invitationhomes.com/houses-for-rent/17163-silver-mound-ln-80134-7643,2026-09-09,2026-09-12,CO,Parker,,,,,17163-silver-mound-ln-80134-7643
2026-09-12,INVH,Denver,"4325 S Eagle Cir, Aurora, CO, 80015",Denver,INVH-4325-s-eagle-cir-80015-2762,3,3.0,1900,2749.0,2026-09-25,21 months,False,,,,,,,,https://www.invitationhomes.com/houses-for-rent/4325-s-eagle-cir-80015-2762,2026-08-16,2026-09-12,CO,Aurora,,,,,4325-s-eagle-cir-80015-2762
2026-09-12,INVH,Denver,"14995 E Stanford Dr, Aurora, CO, 80015",Denver,INVH-14995-e-stanford-dr-80015-9066,3,3.0,2100,2895.0,2026-09-12,19 months,False,,,,,,,,https://www.invitationhomes.com/houses-for-rent/14995-e-stanford-dr-80015-9066,2026-08-02,2026-09-12,CO,Aurora,,,,,14995-e-stanford-dr-80015-9066
2026-09-12,INVH,Denver,"4962 S Richfield Cir, Aurora, CO, 80015",Denver,INVH-4962-s-richfield-cir-80015-8687,3,1.5,1658,2640.0,2026-09-17,19 months,False,,,,,,,,https://www.invitationhomes.com/houses-for-rent/4962-s-richfield-cir-80015-8687,2026-07-19,2026-09-12,CO,Aurora,,,,,4962-s-richfield-cir-80015-8687
2026-09-12,INVH,Denver,"17468 E Whitaker Dr, Aurora, CO, 80015",Denver,INVH-17468-e-whitaker-dr-80015-7445,2,1.0,854,2090.0,2026-10-15,19 months,False,,,,,,,,https://www.invitationhomes.com/houses-for-rent/17468-e-whitaker-dr-80015-7445,2026-09-09,2026-09-12,CO,Aurora,,,,,17468-e-whitaker-dr-80015-7445
2026-09-12,INVH,Denver,"17525 E Union Dr, Aurora, CO, 80015",Denver,INVH-17525-e-union-dr-80015-5494,4,2.0,1888,2695.0,2026-10-27,19 months,False,,,,,,,,https://www.invitationhomes.com/houses-for-rent/17525-e-union-dr-80015-5494,2026-09-12,2026-09-12,CO,Aurora,,,,,17525-e-union-dr-80015-5494
2026-09-12,INVH,Denver,"1811 S Quebec Way Apt 104, Denver, CO, 80231",Denver,INVH-1811-s-quebec-way-apt-104-80231-3400,2,2.5,1653,2020.0,2026-09-12,19 months,False,,,,,,,,https://www.invitationhomes.com/houses-for-rent/1811-s-quebec-way-apt-104-80231-3400,2026-07-19,2026-09-12,CO,Denver,,,,,1811-s-quebec-way-apt-104-80231-3400
2026-09-12,INVH,Denver,"16524 E Floyd Ave, Aurora, CO, 80013",Denver,INVH-16524-e-floyd-ave-80013-9408,4,2.5,2064,2995.0,2026-10-02,19 months,False,,,,,,,,https://www.invitationhomes.com/houses-for-rent/16524-e-floyd-ave-80013-9408,2026-08-23,2026-09-12,CO,Aurora,,,,,16524-e-floyd-ave-80013-9408
2026-09-12,INVH,Denver,"3869 S Uravan St, Aurora, CO, 80013",Denver,INVH-3869-s-uravan-st-80013-5891,3,2.0,1200,2480.0,2026-09-12,19 months,False,,,,,,,,https://www.invitationhomes.com/houses-for-rent/3869-s-uravan-st-80013-5891,2026-06-09,2026-09-12,CO,Aurora,,,,,3869-s-uravan-st-80013-5891
2026-09-12,INVH,Denver,"19084 E Oberlin Dr, Aurora, CO, 80013",Denver,INVH-19084-e-oberlin-dr-80013-3488,4,2.0,1708,2710.0,2026-10-01,19 months,False,,,,,,,,https://www.invitationhomes.com/houses-for-rent/19084-e-oberlin-dr-80013-3488,2026-08-23,2026-09-12,CO,Aurora,,,,,19084-e-oberlin-dr-80013-3488
2026-09-12,INVH,Denver,"4179 S Bahama St, Aurora, CO, 80013",Denver,INVH-4179-s-bahama-st-80013-4997,3,2.0,1536,2630.0,2026-09-12,19 months,False,,,,,,,,https://www.invitationhomes.com/houses-for-rent/4179-s-bahama-st-80013-4997,2026-08-02,2026-09-12,CO,Aurora,,,,,4179-s-bahama-st-80013-4997
2026-09-12,INVH,Denver,"19074 E Mansfield Dr, Aurora, CO, 80013",Denver,INVH-19074-e-mansfield-dr-80013-4011,3,2.0,1428,2545.0,2026-09-12,19 months,False,,,,,,,,https://www.invitationhomes.com/houses-for-rent/19074-e-mansfield-dr-80013-4011,2026-06-14,2026-09-12,CO,Aurora,,,,,19074-e-mansfield-dr-80013-4011
2026-09-12,INVH,Denver,"3076 S Quintero Way, Aurora, CO, 80013",Denver,INVH-3076-s-quintero-way-80013-101853,3,3.0,1887,2845.0,2026-10-20,19 months,False,,,,,,,,https://www.invitationhomes.com/houses-for-rent/3076-s-quintero-way-80013-101853,2026-09-06,2026-09-12,CO,Aurora,,,,,3076-s-quintero-way-80013-101853
2026-09-12,INVH,Denver,"17755 E Cornell Drive, Aurora, CO, 80013",Denver,INVH-17755-e-cornell-drive-80013-102180,3,2.0,1078,2395.0,2026-09-12,19 months,False,,,,,,,,https://www.invitationhomes.com/houses-for-rent/17755-e-cornell-drive-80013-102180,2026-08-02,2026-09-12,CO,Aurora,,,,,17755-e-cornell-drive-80013-102180
2026-09-12,INVH,Denver,"2871 S Argonne St, Aurora, CO, 80013",Denver,INVH-2871-s-argonne-st-80013-3625,4,3.0,1811,2835.0,2026-09-22,19 months,False,,,,,,,,https://www.invitationhomes.com/houses-for-rent/2871-s-argonne-st-80013-3625,2026-08-16,2026-09-12,CO,Aurora,,,,,2871-s-argonne-st-80013-3625
2026-09-12,INVH,Denver,"2929 S Biscay St, Aurora, CO, 80013",Denver,INVH-2929-s-biscay-st-80013-88455,3,3.0,2104,3030.0,2026-09-30,19 months,False,,,,,,,,https://www.invitationhomes.com/houses-for-rent/2929-s-biscay-st-80013-88455,2026-08-16,2026-09-12,CO,Aurora,,,,,2929-s-biscay-st-80013-88455
2026-09-12,INVH,Denver,"2224 S Ventura St, Aurora, CO, 80013",Denver,INVH-2224-s-ventura-st-80013-2952,5,3.0,2400,3299.0,2026-10-16,19 months,False,,,,,,,,https://www.invitationhomes.com/houses-for-rent/2224-s-ventura-st-80013-2952,2026-09-03,2026-09-12,CO,Aurora,,,,,2224-s-ventura-st-80013-2952
2026-09-12,INVH,Denver,"13007 E Florida Dr, Aurora, CO, 80012",Denver,INVH-13007-e-florida-dr-80012-6411,3,1.0,1344,2395.0,2026-10-01,19 months,False,,,,,,,,https://www.invitationhomes.com/houses-for-rent/13007-e-florida-dr-80012-6411,2026-08-23,2026-09-12,CO,Aurora,,,,,13007-e-florida-dr-80012-6411
2026-09-12,INVH,Denver,"13157 E Dakota Ave, Aurora, CO, 80012",Denver,INVH-13157-e-dakota-ave-80012-8176,3,2.0,1679,2799.0,2026-09-15,21 months,False,,,,,,,,https://www.invitationhomes.com/houses-for-rent/13157-e-dakota-ave-80012-8176,2026-08-02,2026-09-12,CO,Aurora,,,,,13157-e-dakota-ave-80012-8176
2026-09-12,INVH,Denver,"18339 E Iowa Dr, Aurora, CO, 80017",Denver,INVH-18339-e-iowa-dr-80017-8172,4,2.0,1875,2740.0,2026-09-12,19 months,False,,,,,,,,https://www.invitationhomes.com/houses-for-rent/18339-e-iowa-dr-80017-8172,2026-07-19,2026-09-12,CO,Aurora,,,,,18339-e-iowa-dr-80017-8172
2026-09-12,INVH,Denver,"1441 S Cathay St, Aurora, CO, 80017",Denver,INVH-1441-s-cathay-st-80017-2039,3,2.0,1192,2595.0,2026-10-21,19 months,False,,,,,,,,https://www.invitationhomes.com/houses-for-rent/1441-s-cathay-st-80017-2039,2026-09-06,2026-09-12,CO,Aurora,,,,,1441-s-cathay-st-80017-2039
2026-09-12,INVH,Denver,"920 S Waco Way, Aurora, CO, 80017",Denver,INVH-920-s-waco-way-80017-101861,3,2.0,1216,2425.0,2026-09-12,19 months,False,,,,,,,,https://www.invitationhomes.com/houses-for-rent/920-s-waco-way-80017-101861,2026-08-02,2026-09-12,CO,Aurora,,,,,920-s-waco-way-80017-101861
2026-09-12,INVH,Denver,"665 Kittredge St, Aurora, CO, 80011",Denver,INVH-665-kittredge-st-80011-8510,3,1.5,2678,2945.0,2026-09-14,19 months,False,,,,,,,,https://www.invitationhomes.com/houses-for-rent/665-kittredge-st-80011-8510,2026-08-10,2026-09-12,CO,Aurora,,,,,665-kittredge-st-80011-8510
2026-09-12,INVH,Denver,"11417 W 103rd Ave, Westminster, CO, 80021",Denver,INVH-11417-w-103rd-ave-80021-9940,4,2.5,2228,3295.0,2026-10-07,19 months,False,,,,,,,,https://www.invitationhomes.com/houses-for-rent/11417-w-103rd-ave-80021-9940,2026-09-03,2026-09-12,CO,Westminster,,,,,11417-w-103rd-ave-80021-9940
2026-09-12,INVH,Denver,"8913 W 92nd Ave, Westminster, CO, 80021",Denver,INVH-8913-w-92nd-ave-80021-6425,3,2.0,1764,2999.0,2026-09-12,21 months,False,,,,,,,,https://www.invitationhomes.com/houses-for-rent/8913-w-92nd-ave-80021-6425,2026-08-10,2026-09-12,CO,Westminster,,,,,8913-w-92nd-ave-80021-6425
2026-09-12,INVH,Denver,"9203 W 100Th Cir, Broomfield, CO, 80021",Denver,INVH-9203-w-100th-cir-80021-102257,3,2.0,1234,2699.0,2026-10-24,21 months,False,,,,,,,,https://www.invitationhomes.com/houses-for-rent/9203-w-100th-cir-80021-102257,2026-09-09,2026-09-12,CO,Broomfield,,,,,9203-w-100th-cir-80021-102257
2026-09-12,INVH,Denver,"9731 W 104th Dr, Westminster, CO, 80021",Denver,INVH-9731-w-104th-dr-80021-8773,3,2.0,1144,2535.0,2026-09-12,19 months,False,,,,,,,,https://www.invitationhomes.com/houses-for-rent/9731-w-104th-dr-80021-8773,2026-07-19,2026-09-12,CO,Westminster,,,,,9731-w-104th-dr-80021-8773
2026-09-12,INVH,Denver,"10744 Moore Cir, Westminster, CO, 80021",Denver,INVH-10744-moore-cir-80021-6773,3,1.5,1632,2515.0,2026-09-12,19 months,False,,,,,,,,https://www.invitationhomes.com/houses-for-rent/10744-moore-cir-80021-6773,2026-07-19,2026-09-12,CO,Westminster,,,,,10744-moore-cir-80021-6773
2026-09-12,INVH,Denver,"3760 W 95th Pl, Westminster, CO, 80031",Denver,INVH-3760-w-95th-pl-80031-8855,3,2.0,1900,3155.0,2026-10-08,19 months,False,,,,,,,,https://www.invitationhomes.com/houses-for-rent/3760-w-95th-pl-80031-8855,2026-09-12,2026-09-12,CO,Westminster,,,,,3760-w-95th-pl-80031-8855
2026-09-12,INVH,Denver,"6341 W 109th Pl, Westminster, CO, 80020",Denver,INVH-6341-w-109th-pl-80020-5873,5,2.5,1779,2995.0,2026-10-11,19 months,False,,,,,,,,https://www.invitationhomes.com/houses-for-rent/6341-w-109th-pl-80020-5873,2026-04-13,2026-09-12,CO,Westminster,,,,,6341-w-109th-pl-80020-5873
2026-09-12,INVH,Denver,"8521 Richard Rd, Denver, CO, 80229",Denver,INVH-8521-richard-rd-80229-9594,4,2.0,1460,2845.0,2026-09-12,19 months,False,,,,,,,,https://www.invitationhomes.com/houses-for-rent/8521-richard-rd-80229-9594,2026-08-02,2026-09-12,CO,Denver,,,,,8521-richard-rd-80229-9594
2026-09-12,INVH,Denver,"1640 Ruth Dr, Thornton, CO, 80229",Denver,INVH-1640-ruth-dr-80229-4707,3,1.5,1227,2599.0,2026-09-12,21 months,False,,,,,,,,https://www.invitationhomes.com/houses-for-rent/1640-ruth-dr-80229-4707,2026-07-19,2026-09-12,CO,Thornton,,,,,1640-ruth-dr-80229-4707
2026-09-12,INVH,Denver,"1425 E 97Th Pl, Thornton, CO, 80229",Denver,INVH-1425-e-97th-pl-80229-102123,4,2.0,2272,2995.0,2026-09-14,19 months,False,,,,,,,,https://www.invitationhomes.com/houses-for-rent/1425-e-97th-pl-80229-102123,2026-08-10,2026-09-12,CO,Thornton,,,,,1425-e-97th-pl-80229-102123
2026-09-12,INVH,Denver,"2040 Ironton St, Aurora, CO, 80010",Denver,INVH-2040-ironton-st-80010-1076,3,1.0,2460,3065.0,2026-09-12,19 months,False,,,,,,,,https://www.invitationhomes.com/houses-for-rent/2040-ironton-st-80010-1076,2026-08-02,2026-09-12,CO,Aurora,,,,,2040-ironton-st-80010-1076
2026-09-12,INVH,Denver,"13298 Lackland Dr, Denver, CO, 80239",Denver,INVH-13298-lackland-dr-80239-2856,4,2.0,1596,2725.0,2026-09-21,19 months,False,,,,,,,,https://www.invitationhomes.com/houses-for-rent/13298-lackland-dr-80239-2856,2026-08-10,2026-09-12,CO,Denver,,,,,13298-lackland-dr-80239-2856
2026-09-12,INVH,Denver,"4509 Andes St, Denver, CO, 80249",Denver,INVH-4509-andes-st-80249-7422,3,2.5,1650,2610.0,2026-09-12,19 months,False,,,,,,,,https://www.invitationhomes.com/houses-for-rent/4509-andes-st-80249-7422,2026-06-09,2026-09-12,CO,Denver,,,,,4509-andes-st-80249-7422
2026-09-12,INVH,Denver,"18868 E 52nd Ave, Denver, CO, 80249",Denver,INVH-18868-e-52nd-ave-80249-9540,3,2.5,1524,2899.0,2026-09-12,21 months,False,,,,,,,,https://www.invitationhomes.com/houses-for-rent/18868-e-52nd-ave-80249-9540,2026-09-03,2026-09-12,CO,Denver,,,,,18868-e-52nd-ave-80249-9540
2026-09-12,INVH,Denver,"9276 Clermont Dr, Thornton, CO, 80229",Denver,INVH-9276-clermont-dr-80229-6926,2,1.0,1976,2630.0,2026-09-12,19 months,False,,,,,,,,https://www.invitationhomes.com/houses-for-rent/9276-clermont-dr-80229-6926,2026-07-19,2026-09-12,CO,Thornton,,,,,9276-clermont-dr-80229-6926
2026-09-12,INVH,Denver,"10932 Birch Dr, Thornton, CO, 80233",Denver,INVH-10932-birch-dr-80233-6417,4,2.0,1736,2980.0,2026-09-12,19 months,False,,,,,,,,https://www.invitationhomes.com/houses-for-rent/10932-birch-dr-80233-6417,2026-08-16,2026-09-12,CO,Thornton,,,,,10932-birch-dr-80233-6417
2026-09-12,INVH,Denver,"11174 Forest Ave, Thornton, CO, 80233",Denver,INVH-11174-forest-ave-80233-6288,4,2.0,1885,3165.0,2026-09-21,12 months,False,,,,,,,,https://www.invitationhomes.com/houses-for-rent/11174-forest-ave-80233-6288,2026-09-12,2026-09-12,CO,Thornton,,,,,11174-forest-ave-80233-6288
2026-09-12,INVH,Denver,"12570 E 100th Ave, Commerce City, CO, 80022",Denver,INVH-12570-e-100th-ave-80022-124903,3,2.5,1436,2799.0,2026-09-12,21 months,False,,,,,,,,https://www.invitationhomes.com/houses-for-rent/12570-e-100th-ave-80022-124903,2026-09-03,2026-09-12,CO,Commerce City,,,,,12570-e-100th-ave-80022-124903
2026-09-12,INVH,Denver,"12582 E 100th Ave, Commerce City, CO, 80022",Denver,INVH-12582-e-100th-ave-80022-124902,3,2.5,1436,2799.0,2026-09-12,21 months,False,,,,,,,,https://www.invitationhomes.com/houses-for-rent/12582-e-100th-ave-80022-124902,2026-09-03,2026-09-12,CO,Commerce City,,,,,12582-e-100th-ave-80022-124902
2026-09-12,INVH,Denver,"12610 E 100th Ave, Commerce City, CO, 80022",Denver,INVH-12610-e-100th-ave-80022-124913,3,2.5,1436,2799.0,2026-09-12,21 months,False,,,,,,,,https://www.invitationhomes.com/houses-for-rent/12610-e-100th-ave-80022-124913,2026-09-03,2026-09-12,CO,Commerce City,,,,,12610-e-100th-ave-80022-124913
2026-09-12,INVH,Denver,"12623 E 101st Dr, Commerce City, CO, 80022",Denver,INVH-12623-e-101st-dr-80022-124829,3,2.0,1643,2849.0,2026-09-12,21 months,False,,,,,,,,https://www.invitationhomes.com/houses-for-rent/12623-e-101st-dr-80022-124829,2026-08-02,2026-09-12,CO,Commerce City,,,,,12623-e-101st-dr-80022-124829
2026-09-12,INVH,Denver,"12605 E 101st Dr, Commerce City, CO, 80022",Denver,INVH-12605-e-101st-dr-80022-124912,3,2.0,1311,2799.0,2026-09-12,21 months,False,,,,,,,,https://www.invitationhomes.com/houses-for-rent/12605-e-101st-dr-80022-124912,2026-09-03,2026-09-12,CO,Commerce City,,,,,12605-e-101st-dr-80022-124912
2026-09-12,INVH,Denver,"12625 E 101st Dr, Commerce City, CO, 80022",Denver,INVH-12625-e-101st-dr-80022-124761,3,2.0,1311,2720.0,2026-09-12,19 months,False,,,,,,,,https://www.invitationhomes.com/houses-for-rent/12625-e-101st-dr-80022-124761,2026-07-19,2026-09-12,CO,Commerce City,,,,,12625-e-101st-dr-80022-124761
2026-09-12,INVH,Denver,"12635 E 101st Dr, Commerce City, CO, 80022",Denver,INVH-12635-e-101st-dr-80022-124777,3,2.0,1643,2849.0,2026-09-12,21 months,False,,,,,,,,https://www.invitationhomes.com/houses-for-rent/12635-e-101st-dr-80022-124777,2026-07-19,2026-09-12,CO,Commerce City,,,,,12635-e-101st-dr-80022-124777
2026-09-12,INVH,Denver,"13499 E 103rd Pl, Commerce City, CO, 80022",Denver,INVH-13499-e-103rd-pl-80022-124634,3,2.0,1643,2795.0,2026-09-12,19 months,False,,,,,,,,https://www.invitationhomes.com/houses-for-rent/13499-e-103rd-pl-80022-124634,2026-07-19,2026-09-12,CO,Commerce City,,,,,13499-e-103rd-pl-80022-124634
2026-09-12,INVH,Denver,"13551 E 103rd Pl, Commerce City, CO, 80022",Denver,INVH-13551-e-103rd-pl-80022-124373,3,2.0,1643,2625.0,2026-09-12,19 months,False,,,,,,,,https://www.invitationhomes.com/houses-for-rent/13551-e-103rd-pl-80022-124373,2026-04-13,2026-09-12,CO,Commerce City,,,,,13551-e-103rd-pl-80022-124373
2026-09-12,INVH,Denver,"3233 W 133rd Ave, Broomfield, CO, 80020",Denver,INVH-3233-w-133rd-ave-80020-9641,4,2.5,2682,3049.0,2026-09-12,19 months,False,,,,,,,,https://www.invitationhomes.com/houses-for-rent/3233-w-133rd-ave-80020-9641,2026-07-19,2026-09-12,CO,Broomfield,,,,,3233-w-133rd-ave-80020-9641
2026-09-12,INVH,Denver,"1181 W 132nd Pl, Westminster, CO, 80234",Denver,INVH-1181-w-132nd-pl-80234-83052,3,2.5,2171,3295.0,2026-09-12,19 months,False,,,,,,,,https://www.invitationhomes.com/houses-for-rent/1181-w-132nd-pl-80234-83052,2026-08-16,2026-09-12,CO,Westminster,,,,,1181-w-132nd-pl-80234-83052
2026-09-12,INVH,Denver,"13544 Pecos St, Westminster, CO, 80234",Denver,INVH-13544-pecos-st-80234-4156,4,3.5,2002,3145.0,2026-09-12,19 months,False,,,,,,,,https://www.invitationhomes.com/houses-for-rent/13544-pecos-st-80234-4156,2026-05-03,2026-09-12,CO,Westminster,,,,,13544-pecos-st-80234-4156
2026-09-12,INVH,Denver,"1240 W 135th Dr, Westminster, CO, 80234",Denver,INVH-1240-w-135th-dr-80234-2986,3,2.0,1198,2499.0,2026-10-21,21 months,False,,,,,,,,https://www.invitationhomes.com/houses-for-rent/1240-w-135th-dr-80234-2986,2026-09-09,2026-09-12,CO,Westminster,,,,,1240-w-135th-dr-80234-2986
2026-09-12,INVH,Denver,"2676 E 117th Way, Thornton, CO, 80233",Denver,INVH-2676-e-117th-way-80233-2992,4,2.0,2142,2875.0,2026-09-12,19 months,False,,,,,,,,https://www.invitationhomes.com/houses-for-rent/2676-e-117th-way-80233-2992,2026-08-02,2026-09-12,CO,Thornton,,,,,2676-e-117th-way-80233-2992
2026-09-12,INVH,Denver,"11762 Albion St, Thornton, CO, 80233",Denver,INVH-11762-albion-st-80233-6457,4,2.0,1784,2780.0,2026-09-12,19 months,False,,,,,,,,https://www.invitationhomes.com/houses-for-rent/11762-albion-st-80233-6457,2026-07-19,2026-09-12,CO,Thornton,,,,,11762-albion-st-80233-6457
2026-09-12,INVH,Denver,"12073 Eudora Ct, Thornton, CO, 80241",Denver,INVH-12073-eudora-ct-80241-83543,3,2.0,1813,2865.0,2026-09-12,19 months,False,,,,,,,,https://www.invitationhomes.com/houses-for-rent/12073-eudora-ct-80241-83543,2026-08-02,2026-09-12,CO,Thornton,,,,,12073-eudora-ct-80241-83543
2026-09-12,INVH,Denver,"12193 Monaco Dr, Brighton, CO, 80602",Denver,INVH-12193-monaco-dr-80602-87463,3,2.0,1809,2699.0,2026-09-12,21 months,False,,,,,,,,https://www.invitationhomes.com/houses-for-rent/12193-monaco-dr-80602-87463,2026-08-16,2026-09-12,CO,Brighton,,,,,12193-monaco-dr-80602-87463
2026-09-12,INVH,Denver,"12386 Roslyn Way, Thornton, CO, 80602",Denver,INVH-12386-roslyn-way-80602-8719,3,2.5,4198,3995.0,2026-10-03,19 months,False,,,,,,,,https://www.invitationhomes.com/houses-for-rent/12386-roslyn-way-80602-8719,2026-08-23,2026-09-12,CO,Thornton,,,,,12386-roslyn-way-80602-8719
2026-09-12,INVH,Denver,"6203 E 137th Ave, Thornton, CO, 80602",Denver,INVH-6203-e-137th-ave-80602-7952,4,2.5,2831,3295.0,2026-10-07,19 months,False,,,,,,,,https://www.invitationhomes.com/houses-for-rent/6203-e-137th-ave-80602-7952,2026-08-02,2026-09-12,CO,Thornton,,,,,6203-e-137th-ave-80602-7952
2026-09-12,INVH,Denver,"1320 Bluebird St, Brighton, CO, 80601",Denver,INVH-1320-bluebird-st-80601-8828,3,2.0,1470,2520.0,2026-09-12,20 months,False,,,,,,,,https://www.invitationhomes.com/houses-for-rent/1320-bluebird-st-80601-8828,2026-07-19,2026-09-12,CO,Brighton,,,,,1320-bluebird-st-80601-8828
2026-09-12,INVH,Denver,"1465 Hummingbird Cir, Brighton, CO, 80601",Denver,INVH-1465-hummingbird-cir-80601-8693,4,2.0,1470,2640.0,2026-10-14,19 months,False,,,,,,,,https://www.invitationhomes.com/houses-for-rent/1465-hummingbird-cir-80601-8693,2026-09-03,2026-09-12,CO,Brighton,,,,,1465-hummingbird-cir-80601-8693
2026-09-12,INVH,Denver,"1496 Goldeneye Lane, Brighton, CO, 80601",Denver,INVH-1496-goldeneye-lane-80601-102168,3,2.0,1470,2415.0,2026-10-27,19 months,False,,,,,,,,https://www.invitationhomes.com/houses-for-rent/1496-goldeneye-lane-80601-102168,2026-09-12,2026-09-12,CO,Brighton,,,,,1496-goldeneye-lane-80601-102168
2026-09-12,INVH,Denver,"856 S 9Th Avenue, Brighton, CO, 80601",Denver,INVH-856-s-9th-avenue-80601-101843,3,3.0,2290,3195.0,2026-10-12,19 months,False,,,,,,,,https://www.invitationhomes.com/houses-for-rent/856-s-9th-avenue-80601-101843,2026-09-03,2026-09-12,CO,Brighton,,,,,856-s-9th-avenue-80601-101843
2026-09-12,INVH,Denver,"250 Aspen Drive, Brighton, CO, 80601",Denver,INVH-250-aspen-drive-80601-102091,4,2.0,1990,2345.0,2026-09-12,19 months,False,,,,,,,,https://www.invitationhomes.com/houses-for-rent/250-aspen-drive-80601-102091,2026-06-09,2026-09-12,CO,Brighton,,,,,250-aspen-drive-80601-102091
2026-09-12,INVH,Denver,"21501 E Aberdeen Dr, Centennial, CO, 80015",Denver,INVH-21501-e-aberdeen-dr-80015-4450,4,2.0,2204,3135.0,2026-09-12,19 months,False,,,,,,,,https://www.invitationhomes.com/houses-for-rent/21501-e-aberdeen-dr-80015-4450,2026-08-10,2026-09-12,CO,Centennial,,,,,21501-e-aberdeen-dr-80015-4450
2026-09-12,INVH,Denver,"5829 S Perth Pl, Centennial, CO, 80015",Denver,INVH-5829-s-perth-pl-80015-89044,4,2.0,2204,3085.0,2026-09-12,19 months,False,,,,,,,,https://www.invitationhomes.com/houses-for-rent/5829-s-perth-pl-80015-89044,2026-08-10,2026-09-12,CO,Centennial,,,,,5829-s-perth-pl-80015-89044
2026-09-12,INVH,Denver,"3875 S Quemoy Ct, Aurora, CO, 80018",Denver,INVH-3875-s-quemoy-ct-80018-5377,4,3.5,2044,3170.0,2026-10-27,19 months,False,,,,,,,,https://www.invitationhomes.com/houses-for-rent/3875-s-quemoy-ct-80018-5377,2026-09-12,2026-09-12,CO,Aurora,,,,,3875-s-quemoy-ct-80018-5377
2026-09-12,INVH,Denver,"2869 S Espana Ct, Aurora, CO, 80013",Denver,INVH-2869-s-espana-ct-80013-5579,3,2.0,1500,2495.0,2026-09-12,19 months,False,,,,,,,,https://www.invitationhomes.com/houses-for-rent/2869-s-espana-ct-80013-5579,2026-07-19,2026-09-12,CO,Aurora,,,,,2869-s-espana-ct-80013-5579
2026-09-12,INVH,Denver,"2248 S Espana St, Aurora, CO, 80013",Denver,INVH-2248-s-espana-st-80013-83497,3,3.0,2400,2920.0,2026-09-12,19 months,False,,,,,,,,https://www.invitationhomes.com/houses-for-rent/2248-s-espana-st-80013-83497,2026-07-19,2026-09-12,CO,Aurora,,,,,2248-s-espana-st-80013-83497
2026-09-12,INVH,Denver,"1884 S Elk Way, Aurora, CO, 80018",Denver,INVH-1884-s-elk-way-80018-119644,3,2.5,1622,2549.0,2026-09-12,24 months,False,,,,,,,,https://www.invitationhomes.com/houses-for-rent/1884-s-elk-way-80018-119644,2026-08-16,2026-09-12,CO,Aurora,,,,,1884-s-elk-way-80018-119644
2026-09-12,INVH,Denver,"1868 S Flat Rock Way, Aurora, CO, 80018",Denver,INVH-1868-s-flat-rock-way-80018-119700,3,2.5,1622,2549.0,2026-09-12,24 months,False,,,,,,,,https://www.invitationhomes.com/houses-for-rent/1868-s-flat-rock-way-80018-119700,2026-08-10,2026-09-12,CO,Aurora,,,,,1868-s-flat-rock-way-80018-119700
2026-09-12,INVH,Denver,"1772 S Genoa Way, Aurora, CO, 80017",Denver,INVH-1772-s-genoa-way-80017-7791,4,2.0,1824,2649.0,2026-09-12,21 months,False,,,,,,,,https://www.invitationhomes.com/houses-for-rent/1772-s-genoa-way-80017-7791,2026-07-19,2026-09-12,CO,Aurora,,,,,1772-s-genoa-way-80017-7791
2026-09-12,INVH,Denver,"1736 S Elk Way, Aurora, CO, 80018",Denver,INVH-1736-s-elk-way-80018-119789,4,3.5,2216,2995.0,2026-09-12,24 months,False,,,,,,,,https://www.invitationhomes.com/houses-for-rent/1736-s-elk-way-80018-119789,2026-07-19,2026-09-12,CO,Aurora,,,,,1736-s-elk-way-80018-119789
2026-09-12,INVH,Denver,"1728 S Elk Way, Aurora, CO, 80018",Denver,INVH-1728-s-elk-way-80018-119762,4,3.0,1980,2849.0,2026-09-12,24 months,False,,,,,,,,https://www.invitationhomes.com/houses-for-rent/1728-s-elk-way-80018-119762,2026-07-19,2026-09-12,CO,Aurora,,,,,1728-s-elk-way-80018-119762
2026-09-12,INVH,Denver,"24233 E Mexico Ave, Aurora, CO, 80018",Denver,INVH-24233-e-mexico-ave-80018-119764,4,3.0,1980,2795.0,2026-09-12,24 months,False,,,,,,,,https://www.invitationhomes.com/houses-for-rent/24233-e-mexico-ave-80018-119764,2026-07-19,2026-09-12,CO,Aurora,,,,,24233-e-mexico-ave-80018-119764
2026-09-12,INVH,Denver,"1867 S Elk Way, Aurora, CO, 80018",Denver,INVH-1867-s-elk-way-80018-119755,4,3.0,1980,2849.0,2026-10-14,24 months,False,,,,,,,,https://www.invitationhomes.com/houses-for-rent/1867-s-elk-way-80018-119755,2026-09-03,2026-09-12,CO,Aurora,,,,,1867-s-elk-way-80018-119755
2026-09-12,INVH,Denver,"1880 S Elk Way, Aurora, CO, 80018",Denver,INVH-1880-s-elk-way-80018-119779,4,3.5,2216,3015.0,2026-09-12,24 months,False,,,,,,,,https://www.invitationhomes.com/houses-for-rent/1880-s-elk-way-80018-119779,2026-09-03,2026-09-12,CO,Aurora,,,,,1880-s-elk-way-80018-119779
2026-09-12,INVH,Denver,"24340 E Colorado Ave, Aurora, CO, 80018",Denver,INVH-24340-e-colorado-ave-80018-119693,3,2.5,1622,2549.0,2026-09-17,16 months,False,,,,,,,,https://www.invitationhomes.com/houses-for-rent/24340-e-colorado-ave-80018-119693,2026-09-12,2026-09-12,CO,Aurora,,,,,24340-e-colorado-ave-80018-119693
2026-09-12,INVH,Denver,"24350 E Colorado Ave, Aurora, CO, 80018",Denver,INVH-24350-e-colorado-ave-80018-119744,3,2.5,1634,2549.0,2026-09-25,24 months,False,,,,,,,,https://www.invitationhomes.com/houses-for-rent/24350-e-colorado-ave-80018-119744,2026-09-09,2026-09-12,CO,Aurora,,,,,24350-e-colorado-ave-80018-119744
2026-09-12,INVH,Denver,"1836 S Flat Rock Way, Aurora, CO, 80018",Denver,INVH-1836-s-flat-rock-way-80018-119638,4,3.5,2216,3015.0,2026-09-14,24 months,False,,,,,,,,https://www.invitationhomes.com/houses-for-rent/1836-s-flat-rock-way-80018-119638,2026-09-12,2026-09-12,CO,Aurora,,,,,1836-s-flat-rock-way-80018-119638
2026-09-12,INVH,Denver,"24375 E Montana Ave, Aurora, CO, 80018",Denver,INVH-24375-e-montana-ave-80018-119734,3,2.5,1634,2549.0,2026-09-12,24 months,False,,,,,,,,https://www.invitationhomes.com/houses-for-rent/24375-e-montana-ave-80018-119734,2026-08-16,2026-09-12,CO,Aurora,,,,,24375-e-montana-ave-80018-119734
2026-09-12,INVH,Denver,"24427 E Montana Ave, Aurora, CO, 80018",Denver,INVH-24427-e-montana-ave-80018-119628,4,3.5,2216,2995.0,2026-09-12,24 months,False,,,,,,,,https://www.invitationhomes.com/houses-for-rent/24427-e-montana-ave-80018-119628,2026-07-19,2026-09-12,CO,Aurora,,,,,24427-e-montana-ave-80018-119628
2026-09-12,INVH,Denver,"24471 E Mexico Ave, Aurora, CO, 80018",Denver,INVH-24471-e-mexico-ave-80018-119685,3,2.5,1622,2549.0,2026-09-14,17 months,False,,,,,,,,https://www.invitationhomes.com/houses-for-rent/24471-e-mexico-ave-80018-119685,2026-08-02,2026-09-12,CO,Aurora,,,,,24471-e-mexico-ave-80018-119685
2026-09-12,INVH,Denver,"298 S Trussville St, Aurora, CO, 80018",Denver,INVH-298-s-trussville-st-80018-124831,3,2.5,1528,2849.0,2026-09-16,24 months,False,,,,,,,,https://www.invitationhomes.com/houses-for-rent/298-s-trussville-st-80018-124831,2026-09-03,2026-09-12,CO,Aurora,,,,,298-s-trussville-st-80018-124831
2026-09-12,INVH,Denver,"287 S Uriah St, Aurora, CO, 80018",Denver,INVH-287-s-uriah-st-80018-124833,4,2.5,1528,2849.0,2026-09-12,24 months,False,,,,,,,,https://www.invitationhomes.com/houses-for-rent/287-s-uriah-st-80018-124833,2026-09-03,2026-09-12,CO,Aurora,,,,,287-s-uriah-st-80018-124833
2026-09-12,INVH,Denver,"257 S Uriah St, Aurora, CO, 80018",Denver,INVH-257-s-uriah-st-49-80018-122767,4,2.5,1528,2799.0,2026-09-12,24 months,False,,,,,,,,https://www.invitationhomes.com/houses-for-rent/257-s-uriah-st-49-80018-122767,2026-06-09,2026-09-12,CO,Aurora,,,,,257-s-uriah-st-49-80018-122767
2026-09-12,INVH,Denver,"27470 E Maple Ave, Aurora, CO, 80018",Denver,INVH-27470-e-maple-ave-80018-124607,4,2.5,1528,2799.0,2026-09-12,24 months,False,,,,,,,,https://www.invitationhomes.com/houses-for-rent/27470-e-maple-ave-80018-124607,2026-06-09,2026-09-12,CO,Aurora,,,,,27470-e-maple-ave-80018-124607
2026-09-12,INVH,Denver,"1946 Ensenada Street, Aurora, CO, 80011",Denver,INVH-1946-ensenada-street-80011-122012,4,2.0,1968,2860.0,2026-09-12,19 months,False,,,,,,,,https://www.invitationhomes.com/houses-for-rent/1946-ensenada-street-80011-122012,2026-07-19,2026-09-12,CO,Aurora,,,,,1946-ensenada-street-80011-122012
2026-09-12,INVH,Denver,"4810 Flanders Way, Denver, CO, 80249",Denver,INVH-4810-flanders-way-80249-4612,4,2.5,1858,3135.0,2026-10-14,19 months,False,,,,,,,,https://www.invitationhomes.com/houses-for-rent/4810-flanders-way-80249-4612,2026-09-03,2026-09-12,CO,Denver,,,,,4810-flanders-way-80249-4612
2026-09-12,INVH,Denver,"19743 E 49th Ave, Denver, CO, 80249",Denver,INVH-19743-e-49th-ave-80249-4923,2,2.5,1524,2720.0,2026-10-12,19 months,False,,,,,,,,https://www.invitationhomes.com/houses-for-rent/19743-e-49th-ave-80249-4923,2026-09-03,2026-09-12,CO,Denver,,,,,19743-e-49th-ave-80249-4923
2026-09-12,INVH,Denver,"21166 E 40th Pl, Denver, CO, 80249",Denver,INVH-21166-e-40th-pl-80249-7908,3,2.5,1646,2645.0,2026-09-12,19 months,False,,,,,,,,https://www.invitationhomes.com/houses-for-rent/21166-e-40th-pl-80249-7908,2026-04-26,2026-09-12,CO,Denver,,,,,21166-e-40th-pl-80249-7908
2026-09-12,INVH,Denver,"4152 Malta St, Denver, CO, 80249",Denver,INVH-4152-malta-st-80249-4074,3,3.0,1538,2795.0,2026-10-12,19 months,False,,,,,,,,https://www.invitationhomes.com/houses-for-rent/4152-malta-st-80249-4074,2026-09-03,2026-09-12,CO,Denver,,,,,4152-malta-st-80249-4074
2026-09-12,INVH,Denver,"4627 N Sicily Ct, Aurora, CO, 80019",Denver,INVH-4627-n-sicily-ct-80019-124905,3,2.5,2625,3499.0,2026-09-12,19 months,False,,,,,,,,https://www.invitationhomes.com/houses-for-rent/4627-n-sicily-ct-80019-124905,2026-09-03,2026-09-12,CO,Aurora,,,,,4627-n-sicily-ct-80019-124905
2026-09-12,INVH,Denver,"19398 E 58th Dr, Aurora, CO, 80019",Denver,INVH-19398-e-58th-dr-80019-9170,3,3.0,1668,2775.0,2026-09-12,19 months,False,,,,,,,,https://www.invitationhomes.com/houses-for-rent/19398-e-58th-dr-80019-9170,2026-08-23,2026-09-12,CO,Aurora,,,,,19398-e-58th-dr-80019-9170
2026-09-12,INVH,Denver,"4363 Threshing Dr, Brighton, CO, 80601",Denver,INVH-4363-threshing-dr-80601-8398,3,3.0,2256,2899.0,2026-09-12,21 months,False,,,,,,,,https://www.invitationhomes.com/houses-for-rent/4363-threshing-dr-80601-8398,2026-08-23,2026-09-12,CO,Brighton,,,,,4363-threshing-dr-80601-8398
2026-09-12,INVH,Denver,"838 Willow Dr, Lochbuie, CO, 80603",Denver,INVH-838-willow-dr-80603-6758,4,2.5,1540,2495.0,2026-09-12,19 months,False,,,,,,,,https://www.invitationhomes.com/houses-for-rent/838-willow-dr-80603-6758,2026-07-19,2026-09-12,CO,Lochbuie,,,,,838-willow-dr-80603-6758
2026-09-12,INVH,Denver,"3369 Streamwood Dr, Johnstown, CO, 80534",Denver,INVH-3369-streamwood-dr-80534-124549,3,3.0,1944,2840.0,2026-09-12,19 months,False,,,,,,,,https://www.invitationhomes.com/houses-for-rent/3369-streamwood-dr-80534-124549,2026-04-20,2026-09-12,CO,Johnstown,,,,,3369-streamwood-dr-80534-124549
2026-09-12,INVH,Denver,"3374 Pearwood Dr, Johnstown, CO, 80534",Denver,INVH-3374-pearwood-dr-80534-124826,3,2.5,1452,2540.0,2026-09-12,19 months,False,,,,,,,,https://www.invitationhomes.com/houses-for-rent/3374-pearwood-dr-80534-124826,2026-08-02,2026-09-12,CO,Johnstown,,,,,3374-pearwood-dr-80534-124826
2026-09-12,INVH,Denver,"3394 Pearwood Dr, Johnstown, CO, 80534",Denver,INVH-3394-pearwood-dr-80534-124827,3,3.0,1944,2840.0,2026-09-12,19 months,False,,,,,,,,https://www.invitationhomes.com/houses-for-rent/3394-pearwood-dr-80534-124827,2026-09-03,2026-09-12,CO,Johnstown,,,,,3394-pearwood-dr-80534-124827
2026-09-12,INVH,Denver,"3337 Grenache St, Evans, CO, 80634",Denver,INVH-3337-grenache-st-80634-92101,4,3.0,2070,3060.0,2026-10-10,19 months,False,,,,,,,,https://www.invitationhomes.com/houses-for-rent/3337-grenache-st-80634-92101,2026-08-23,2026-09-12,CO,Evans,,,,,3337-grenache-st-80634-92101
2026-09-12,INVH,Denver,"1374 56th Ave, Greeley, CO, 80634",Denver,INVH-1374-56th-ave-80634-92527,3,3.0,1791,2549.0,2026-09-28,21 months,False,,,,,,,,https://www.invitationhomes.com/houses-for-rent/1374-56th-ave-80634-92527,2026-09-03,2026-09-12,CO,Greeley,,,,,1374-56th-ave-80634-92527
2026-09-12,INVH,Denver,"1759 Summer Bloom Dr, Windsor, CO, 80550",Denver,INVH-1759-summer-bloom-dr-80550-93256,4,3.0,2661,3199.0,2026-09-28,19 months,False,,,,,,,,https://www.invitationhomes.com/houses-for-rent/1759-summer-bloom-dr-80550-93256,2026-08-23,2026-09-12,CO,Windsor,,,,,1759-summer-bloom-dr-80550-93256
2026-09-12,INVH,Seattle,"1325 77th Trl SE, Tumwater, WA, 98501",Seattle,INVH-1325-77th-trl-se-98501-90476,4,2.5,1854,2860.0,2026-09-24,12 months,False,,,,,,,,https://www.invitationhomes.com/houses-for-rent/1325-77th-trl-se-98501-90476,2026-09-12,2026-09-12,WA,Tumwater,,,,,1325-77th-trl-se-98501-90476
2026-09-12,INVH,Seattle,"1709 Cushing St SW, Olympia, WA, 98502",Seattle,INVH-1709-cushing-st-sw-98502-90590,3,2.5,1880,2995.0,2026-09-12,12 months,False,,,,,,,,https://www.invitationhomes.com/houses-for-rent/1709-cushing-st-sw-98502-90590,2026-08-02,2026-09-12,WA,Olympia,,,,,1709-cushing-st-sw-98502-90590
2026-09-12,INVH,Seattle,"6038 60th Loop SE, Lacey, WA, 98513",Seattle,INVH-6038-60th-loop-se-98513-91368,3,2.0,1537,2830.0,2026-09-12,12 months,False,,,,,,,,https://www.invitationhomes.com/houses-for-rent/6038-60th-loop-se-98513-91368,2026-08-10,2026-09-12,WA,Lacey,,,,,6038-60th-loop-se-98513-91368
2026-09-12,INVH,Seattle,"8348 54th Ct SE, Lacey, WA, 98513",Seattle,INVH-8348-54th-ct-se-98513-89933,3,2.5,1666,2695.0,2026-09-25,12 months,False,,,,,,,,https://www.invitationhomes.com/houses-for-rent/8348-54th-ct-se-98513-89933,2026-08-16,2026-09-12,WA,Lacey,,,,,8348-54th-ct-se-98513-89933
2026-09-12,INVH,Seattle,"6102 Carmel Ln SE, Lacey, WA, 98503",Seattle,INVH-6102-carmel-ln-se-98503-91483,3,2.5,1361,2640.0,2026-09-12,12 months,False,,,,,,,,https://www.invitationhomes.com/houses-for-rent/6102-carmel-ln-se-98503-91483,2026-06-09,2026-09-12,WA,Lacey,,,,,6102-carmel-ln-se-98503-91483
2026-09-12,INVH,Seattle,"8539 Sweetbrier Loop SE, Olympia, WA, 98513",Seattle,INVH-8539-sweetbrier-loop-se-98513-88072,3,2.5,2052,2799.0,2026-09-12,12 months,False,,,,,,,,https://www.invitationhomes.com/houses-for-rent/8539-sweetbrier-loop-se-98513-88072,2026-08-23,2026-09-12,WA,Olympia,,,,,8539-sweetbrier-loop-se-98513-88072
2026-09-12,INVH,Seattle,"3520 Cuddy Ln NE, Lacey, WA, 98516",Seattle,INVH-3520-cuddy-ln-ne-98516-89886,4,2.5,1980,2899.0,2026-10-07,12 months,False,,,,,,,,https://www.invitationhomes.com/houses-for-rent/3520-cuddy-ln-ne-98516-89886,2026-08-23,2026-09-12,WA,Lacey,,,,,3520-cuddy-ln-ne-98516-89886
2026-09-12,INVH,Seattle,"3643 London Loop NE, Lacey, WA, 98516",Seattle,INVH-3643-london-loop-ne-98516-89780,3,2.25,1297,2485.0,2026-10-16,12 months,False,,,,,,,,https://www.invitationhomes.com/houses-for-rent/3643-london-loop-ne-98516-89780,2026-09-03,2026-09-12,WA,Lacey,,,,,3643-london-loop-ne-98516-89780
2026-09-12,INVH,Seattle,"4501 Fairweather St NE, Lacey, WA, 98516",Seattle,INVH-4501-fairweather-st-ne-98516-87268,3,2.5,2078,2949.0,2026-10-05,12 months,False,,,,,,,,https://www.invitationhomes.com/houses-for-rent/4501-fairweather-st-ne-98516-87268,2026-09-03,2026-09-12,WA,Lacey,,,,,4501-fairweather-st-ne-98516-87268
2026-09-12,INVH,Seattle,"23101 39th Ave E, Spanaway, WA, 98387",Seattle,INVH-23101-39th-ave-e-98387-83518,4,2.5,1640,2770.0,2026-09-12,12 months,False,,,,,,,,https://www.invitationhomes.com/houses-for-rent/23101-39th-ave-e-98387-83518,2026-08-23,2026-09-12,WA,Spanaway,,,,,23101-39th-ave-e-98387-83518
2026-09-12,INVH,Seattle,"4420 225th Street Ct E, Spanaway, WA, 98387",Seattle,INVH-4420-225th-street-ct-e-98387-83774,4,2.5,1990,2845.0,2026-09-12,12 months,False,,,,,,,,https://www.invitationhomes.com/houses-for-rent/4420-225th-street-ct-e-98387-83774,2026-07-19,2026-09-12,WA,Spanaway,,,,,4420-225th-street-ct-e-98387-83774
2026-09-12,INVH,Seattle,"22420 44th Avenue Ct E, Spanaway, WA, 98387",Seattle,INVH-22420-44th-avenue-ct-e-98387-3979,4,3.0,1840,2695.0,2026-09-12,12 months,False,,,,,,,,https://www.invitationhomes.com/houses-for-rent/22420-44th-avenue-ct-e-98387-3979,2026-07-19,2026-09-12,WA,Spanaway,,,,,22420-44th-avenue-ct-e-98387-3979
2026-09-12,INVH,Seattle,"4935 204th Street Ct E, Spanaway, WA, 98387",Seattle,INVH-4935-204th-street-ct-e-98387-86447,3,2.5,1500,2675.0,2026-09-12,12 months,False,,,,,,,,https://www.invitationhomes.com/houses-for-rent/4935-204th-street-ct-e-98387-86447,2026-07-19,2026-09-12,WA,Spanaway,,,,,4935-204th-street-ct-e-98387-86447
2026-09-12,INVH,Seattle,"1220 202nd Street Ct E, Spanaway, WA, 98387",Seattle,INVH-1220-202nd-street-ct-e-spanaway-wa-98387,4,2.5,2088,3085.0,2026-10-15,12 months,False,,,,,,,,https://www.invitationhomes.com/houses-for-rent/1220-202nd-street-ct-e-spanaway-wa-98387,2026-09-03,2026-09-12,WA,Spanaway,,,,,1220-202nd-street-ct-e-spanaway-wa-98387
2026-09-12,INVH,Seattle,"20213 13th Avenue Ct E, Spanaway, WA, 98387",Seattle,INVH-20213-13th-avenue-ct-e-spanaway-wa-98387,3,2.0,1258,2465.0,2026-09-12,12 months,False,,,,,,,,https://www.invitationhomes.com/houses-for-rent/20213-13th-avenue-ct-e-spanaway-wa-98387,2026-06-09,2026-09-12,WA,Spanaway,,,,,20213-13th-avenue-ct-e-spanaway-wa-98387
2026-09-12,INVH,Seattle,"518 190th Street Ct E, Spanaway, WA, 98387",Seattle,INVH-518-190th-street-ct-e-spanaway-wa-98387,3,1.75,1176,2549.0,2026-10-15,12 months,False,,,,,,,,https://www.invitationhomes.com/houses-for-rent/518-190th-street-ct-e-spanaway-wa-98387,2026-09-03,2026-09-12,WA,Spanaway,,,,,518-190th-street-ct-e-spanaway-wa-98387
2026-09-12,INVH,Seattle,"1615 203rd Street Ct E, Spanaway, WA, 98387",Seattle,INVH-1615-203rd-street-ct-e-spanaway-wa-98387,4,2.5,2132,2749.0,2026-09-12,12 months,False,,,,,,,,https://www.invitationhomes.com/houses-for-rent/1615-203rd-street-ct-e-spanaway-wa-98387,2026-07-19,2026-09-12,WA,Spanaway,,,,,1615-203rd-street-ct-e-spanaway-wa-98387
2026-09-12,INVH,Seattle,"20302 19th Ave E, Spanaway, WA, 98387",Seattle,INVH-20302-19th-ave-e-98387-84535,4,2.5,2482,3070.0,2026-09-12,12 months,False,,,,,,,,https://www.invitationhomes.com/houses-for-rent/20302-19th-ave-e-98387-84535,2026-08-02,2026-09-12,WA,Spanaway,,,,,20302-19th-ave-e-98387-84535
2026-09-12,INVH,Seattle,"2324 193rd St E, Spanaway, WA, 98387",Seattle,INVH-2324-193rd-st-e-spanaway-wa-98387,3,2.5,1672,2720.0,2026-09-17,12 months,False,,,,,,,,https://www.invitationhomes.com/houses-for-rent/2324-193rd-st-e-spanaway-wa-98387,2026-08-10,2026-09-12,WA,Spanaway,,,,,2324-193rd-st-e-spanaway-wa-98387
2026-09-12,INVH,Seattle,"148 178th Street Ct E, Spanaway, WA, 98387",Seattle,INVH-148-178th-street-ct-e-98387-1008,3,2.5,1924,2640.0,2026-09-12,12 months,False,,,,,,,,https://www.invitationhomes.com/houses-for-rent/148-178th-street-ct-e-98387-1008,2026-08-10,2026-09-12,WA,Spanaway,,,,,148-178th-street-ct-e-98387-1008
2026-09-12,INVH,Seattle,"2620 183rd Street Ct E, Tacoma, WA, 98445",Seattle,INVH-2620-183rd-street-ct-e-tacoma-wa-98445,3,2.5,1592,2795.0,2026-09-23,12 months,False,,,,,,,,https://www.invitationhomes.com/houses-for-rent/2620-183rd-street-ct-e-tacoma-wa-98445,2026-08-10,2026-09-12,WA,Tacoma,,,,,2620-183rd-street-ct-e-tacoma-wa-98445
2026-09-12,INVH,Seattle,"18402 28th Ave E, Tacoma, WA, 98445",Seattle,INVH-18402-28th-ave-e-tacoma-wa-98445,4,2.5,2202,3225.0,2026-10-14,12 months,False,,,,,,,,https://www.invitationhomes.com/houses-for-rent/18402-28th-ave-e-tacoma-wa-98445,2026-09-03,2026-09-12,WA,Tacoma,,,,,18402-28th-ave-e-tacoma-wa-98445
2026-09-12,INVH,Seattle,"19112 23rd Avenue Ct E, Tacoma, WA, 98445",Seattle,INVH-19112-23rd-avenue-ct-e-98445-5255,3,2.0,1522,2630.0,2026-09-12,12 months,False,,,,,,,,https://www.invitationhomes.com/houses-for-rent/19112-23rd-avenue-ct-e-98445-5255,2026-08-02,2026-09-12,WA,Tacoma,,,,,19112-23rd-avenue-ct-e-98445-5255
2026-09-12,INVH,Seattle,"20229 49th Ave E, Spanaway, WA, 98387",Seattle,INVH-20229-49th-ave-e-spanaway-wa-98387,3,2.5,1648,2630.0,2026-09-12,12 months,False,,,,,,,,https://www.invitationhomes.com/houses-for-rent/20229-49th-ave-e-spanaway-wa-98387,2026-06-09,2026-09-12,WA,Spanaway,,,,,20229-49th-ave-e-spanaway-wa-98387
2026-09-12,INVH,Seattle,"9320 112th Street Ct SW, Lakewood, WA, 98498",Seattle,INVH-9320-112th-street-ct-sw-lakewood-wa-98498,3,2.25,2027,3380.0,2026-10-04,12 months,False,,,,,,,,https://www.invitationhomes.com/houses-for-rent/9320-112th-street-ct-sw-lakewood-wa-98498,2026-07-19,2026-09-12,WA,Lakewood,,,,,9320-112th-street-ct-sw-lakewood-wa-98498
2026-09-12,INVH,Seattle,"4501 87th Ave W, University Place, WA, 98466",Seattle,INVH-4501-87th-ave-w-98466-1208,5,2.0,2724,3545.0,2026-09-15,12 months,False,,,,,,,,https://www.invitationhomes.com/houses-for-rent/4501-87th-ave-w-98466-1208,2026-08-02,2026-09-12,WA,University Place,,,,,4501-87th-ave-w-98466-1208
2026-09-12,INVH,Seattle,"1346 Lenore Dr, Tacoma, WA, 98406",Seattle,INVH-1346-lenore-dr-tacoma-wa-98406,3,1.75,1368,2745.0,2026-10-15,12 months,False,,,,,,,,https://www.invitationhomes.com/houses-for-rent/1346-lenore-dr-tacoma-wa-98406,2026-09-03,2026-09-12,WA,Tacoma,,,,,1346-lenore-dr-tacoma-wa-98406
2026-09-12,INVH,Seattle,"15911 67th Avenue Ct E, Puyallup, WA, 98375",Seattle,INVH-15911-67th-avenue-ct-e-98375-4466,4,2.5,2070,3165.0,2026-09-12,12 months,False,,,,,,,,https://www.invitationhomes.com/houses-for-rent/15911-67th-avenue-ct-e-98375-4466,2026-08-02,2026-09-12,WA,Puyallup,,,,,15911-67th-avenue-ct-e-98375-4466
2026-09-12,INVH,Seattle,"5414 N 33rd St, Tacoma, WA, 98407",Seattle,INVH-5414-n-33rd-st-tacoma-wa-98407,3,2.5,1732,3395.0,2026-10-02,12 months,False,,,,,,,,https://www.invitationhomes.com/houses-for-rent/5414-n-33rd-st-tacoma-wa-98407,2026-08-23,2026-09-12,WA,Tacoma,,,,,5414-n-33rd-st-tacoma-wa-98407
2026-09-12,INVH,Seattle,"3923 61st Ave E, Fife, WA, 98424",Seattle,INVH-3923-61st-ave-e-fife-wa-98424,3,2.5,2105,3095.0,2026-09-15,12 months,False,,,,,,,,https://www.invitationhomes.com/houses-for-rent/3923-61st-ave-e-fife-wa-98424,2026-08-02,2026-09-12,WA,Fife,,,,,3923-61st-ave-e-fife-wa-98424
2026-09-12,INVH,Seattle,"1610 56th Ave NE, Tacoma, WA, 98422",Seattle,INVH-1610-56th-ave-ne-98422-9934,3,2.0,1388,2810.0,2026-09-23,12 months,False,,,,,,,,https://www.invitationhomes.com/houses-for-rent/1610-56th-ave-ne-98422-9934,2026-08-23,2026-09-12,WA,Tacoma,,,,,1610-56th-ave-ne-98422-9934
2026-09-12,INVH,Seattle,"2401 66th Ave NE, Tacoma, WA, 98422",Seattle,INVH-2401-66th-ave-ne-tacoma-wa-98422,3,1.75,1592,2945.0,2026-09-14,12 months,False,,,,,,,,https://www.invitationhomes.com/houses-for-rent/2401-66th-ave-ne-tacoma-wa-98422,2026-06-09,2026-09-12,WA,Tacoma,,,,,2401-66th-ave-ne-tacoma-wa-98422
2026-09-12,INVH,Seattle,"4924 La Hal Da Ave NE, Tacoma, WA, 98422",Seattle,INVH-4924-la-hal-da-ave-ne-tacoma-wa-98422,5,2.5,1834,3220.0,2026-09-16,12 months,False,,,,,,,,https://www.invitationhomes.com/houses-for-rent/4924-la-hal-da-ave-ne-tacoma-wa-98422,2026-08-23,2026-09-12,WA,Tacoma,,,,,4924-la-hal-da-ave-ne-tacoma-wa-98422
2026-09-12,INVH,Seattle,"2653 SW 351st St, Federal Way, WA, 98023",Seattle,INVH-2653-sw-351st-st-98023-9707,4,1.5,2066,3145.0,2026-09-12,12 months,False,,,,,,,,https://www.invitationhomes.com/houses-for-rent/2653-sw-351st-st-98023-9707,2026-04-04,2026-09-12,WA,Federal Way,,,,,2653-sw-351st-st-98023-9707
2026-09-12,INVH,Seattle,"3035 SW 346th Pl, Federal Way, WA, 98023",Seattle,INVH-3035-sw-346th-pl-98023-7500,4,2.5,1980,3495.0,2026-09-12,12 months,False,,,,,,,,https://www.invitationhomes.com/houses-for-rent/3035-sw-346th-pl-98023-7500,2026-08-23,2026-09-12,WA,Federal Way,,,,,3035-sw-346th-pl-98023-7500
2026-09-12,INVH,Seattle,"3802 SW 326th St, Federal Way, WA, 98023",Seattle,INVH-3802-sw-326th-st-98023-1500,4,1.75,1480,3049.0,2026-10-15,12 months,False,,,,,,,,https://www.invitationhomes.com/houses-for-rent/3802-sw-326th-st-98023-1500,2026-09-03,2026-09-12,WA,Federal Way,,,,,3802-sw-326th-st-98023-1500
2026-09-12,INVH,Seattle,"31401 32nd Ave SW, Federal Way, WA, 98023",Seattle,INVH-31401-32nd-ave-sw-federal-way-wa-98023,3,2.25,1460,2885.0,2026-10-24,12 months,False,,,,,,,,https://www.invitationhomes.com/houses-for-rent/31401-32nd-ave-sw-federal-way-wa-98023,2026-09-03,2026-09-12,WA,Federal Way,,,,,31401-32nd-ave-sw-federal-way-wa-98023
2026-09-12,INVH,Seattle,"7703 198th St E, Spanaway, WA, 98387",Seattle,INVH-7703-198th-st-e-spanaway-wa-98387,4,2.5,2870,2995.0,2026-09-12,12 months,False,,,,,,,,https://www.invitationhomes.com/houses-for-rent/7703-198th-st-e-spanaway-wa-98387,2026-05-17,2026-09-12,WA,Spanaway,,,,,7703-198th-st-e-spanaway-wa-98387
2026-09-12,INVH,Seattle,"20110 96th Ave E, Graham, WA, 98338",Seattle,INVH-20110-96th-ave-e-graham-wa-98338,4,2.5,1986,2899.0,2026-09-12,12 months,False,,,,,,,,https://www.invitationhomes.com/houses-for-rent/20110-96th-ave-e-graham-wa-98338,2026-07-19,2026-09-12,WA,Graham,,,,,20110-96th-ave-e-graham-wa-98338
2026-09-12,INVH,Seattle,"8708 187th Street Ct E, Puyallup, WA, 98375",Seattle,INVH-8708-187th-street-ct-e-98375-85993,4,2.75,2304,3185.0,2026-09-12,12 months,False,,,,,,,,https://www.invitationhomes.com/houses-for-rent/8708-187th-street-ct-e-98375-85993,2026-08-10,2026-09-12,WA,Puyallup,,,,,8708-187th-street-ct-e-98375-85993
2026-09-12,INVH,Seattle,"9008 191st St E, Puyallup, WA, 98375",Seattle,INVH-9008-191st-st-e-98375-89510,4,2.5,2450,3245.0,2026-10-15,12 months,False,,,,,,,,https://www.invitationhomes.com/houses-for-rent/9008-191st-st-e-98375-89510,2026-08-02,2026-09-12,WA,Puyallup,,,,,9008-191st-st-e-98375-89510
2026-09-12,INVH,Seattle,"17829 69th Avenue Ct E, Puyallup, WA, 98375",Seattle,INVH-17829-69th-av-ct-e-98375-7971,4,2.5,1924,2799.0,2026-10-26,12 months,False,,,,,,,,https://www.invitationhomes.com/houses-for-rent/17829-69th-av-ct-e-98375-7971,2026-08-16,2026-09-12,WA,Puyallup,,,,,17829-69th-av-ct-e-98375-7971
2026-09-12,INVH,Seattle,"7325 178th Street Ct E, Puyallup, WA, 98375",Seattle,INVH-7325-178th-street-ct-e-puyallup-wa-98375,3,2.5,2024,2645.0,2026-09-12,12 months,False,,,,,,,,https://www.invitationhomes.com/houses-for-rent/7325-178th-street-ct-e-puyallup-wa-98375,2026-06-09,2026-09-12,WA,Puyallup,,,,,7325-178th-street-ct-e-puyallup-wa-98375
2026-09-12,INVH,Seattle,"18133 96th Ave E, puyallup, WA, 98375",Seattle,INVH-18133-96th-ave-e-98375-2138,4,2.5,2300,2985.0,2026-09-12,12 months,False,,,,,,,,https://www.invitationhomes.com/houses-for-rent/18133-96th-ave-e-98375-2138,2026-07-19,2026-09-12,WA,puyallup,,,,,18133-96th-ave-e-98375-2138
2026-09-12,INVH,Seattle,"9123 196th Street Ct E, Graham, WA, 98338",Seattle,INVH-9123-196th-st-ct-e-98338-7268,4,2.75,2310,3010.0,2026-09-12,12 months,False,,,,,,,,https://www.invitationhomes.com/houses-for-rent/9123-196th-st-ct-e-98338-7268,2026-08-02,2026-09-12,WA,Graham,,,,,9123-196th-st-ct-e-98338-7268
2026-09-12,INVH,Seattle,"20820 114th Ave E, Graham, WA, 98338",Seattle,INVH-20820-114th-ave-e-graham-wa-98338,4,2.5,3057,3225.0,2026-09-12,12 months,False,,,,,,,,https://www.invitationhomes.com/houses-for-rent/20820-114th-ave-e-graham-wa-98338,2026-07-19,2026-09-12,WA,Graham,,,,,20820-114th-ave-e-graham-wa-98338
2026-09-12,INVH,Seattle,"10418 194th Street Ct E, Graham, WA, 98338",Seattle,INVH-10418-194th-street-ct-e-98338-5393,3,2.5,2784,3345.0,2026-10-26,12 months,False,,,,,,,,https://www.invitationhomes.com/houses-for-rent/10418-194th-street-ct-e-98338-5393,2026-09-12,2026-09-12,WA,Graham,,,,,10418-194th-street-ct-e-98338-5393
2026-09-12,INVH,Seattle,"18611 85th Avenue Ct E, Puyallup, WA, 98375",Seattle,INVH-18611-85th-avenue-ct-e-puyallup-wa-98375,4,2.5,2004,2999.0,2026-10-02,12 months,False,,,,,,,,https://www.invitationhomes.com/houses-for-rent/18611-85th-avenue-ct-e-puyallup-wa-98375,2026-08-23,2026-09-12,WA,Puyallup,,,,,18611-85th-avenue-ct-e-puyallup-wa-98375
2026-09-12,INVH,Seattle,"9928 184th St E Unit 37, Puyallup, WA, 98375",Seattle,INVH-9928-184th-st-e-puyallup-wa-98375,3,2.5,1742,2795.0,2026-09-29,12 months,False,,,,,,,,https://www.invitationhomes.com/houses-for-rent/9928-184th-st-e-puyallup-wa-98375,2026-08-16,2026-09-12,WA,Puyallup,,,,,9928-184th-st-e-puyallup-wa-98375
2026-09-12,INVH,Seattle,"11629 183rd St E, Puyallup, WA, 98374",Seattle,INVH-11629-183rd-st-e-98374-3864,4,2.5,2459,3245.0,2026-09-19,12 months,False,,,,,,,,https://www.invitationhomes.com/houses-for-rent/11629-183rd-st-e-98374-3864,2026-08-23,2026-09-12,WA,Puyallup,,,,,11629-183rd-st-e-98374-3864
2026-09-12,INVH,Seattle,"16928 123rd Ave E, Puyallup, WA, 98374",Seattle,INVH-16928-123rd-ave-e-puyallup-wa-98374,5,3.0,2107,2995.0,2026-10-15,12 months,False,,,,,,,,https://www.invitationhomes.com/houses-for-rent/16928-123rd-ave-e-puyallup-wa-98374,2026-09-09,2026-09-12,WA,Puyallup,,,,,16928-123rd-ave-e-puyallup-wa-98374
2026-09-12,INVH,Seattle,"16503 136th Ave E, Puyallup, WA, 98374",Seattle,INVH-16503-136th-ave-e-puyallup-wa-98374,4,2.5,2086,3030.0,2026-10-25,12 months,False,,,,,,,,https://www.invitationhomes.com/houses-for-rent/16503-136th-ave-e-puyallup-wa-98374,2026-09-12,2026-09-12,WA,Puyallup,,,,,16503-136th-ave-e-puyallup-wa-98374
2026-09-12,INVH,Seattle,"17114 139th Ave E, Puyallup, WA, 98374",Seattle,INVH-17114-139th-ave-e-98374-6896,4,2.5,2605,3295.0,2026-10-15,12 months,False,,,,,,,,https://www.invitationhomes.com/houses-for-rent/17114-139th-ave-e-98374-6896,2026-09-03,2026-09-12,WA,Puyallup,,,,,17114-139th-ave-e-98374-6896
2026-09-12,INVH,Seattle,"513 Cope St SW, Orting, WA, 98360",Seattle,INVH-513-cope-st-sw-98360-91169,5,3.25,2603,3345.0,2026-10-15,12 months,False,,,,,,,,https://www.invitationhomes.com/houses-for-rent/513-cope-st-sw-98360-91169,2026-09-03,2026-09-12,WA,Orting,,,,,513-cope-st-sw-98360-91169
2026-09-12,INVH,Seattle,"401 Kensington Ave NW, Orting, WA, 98360",Seattle,INVH-401-kensington-ave-nw-98360-87465,3,2.5,1500,2935.0,2026-09-12,12 months,False,,,,,,,,https://www.invitationhomes.com/houses-for-rent/401-kensington-ave-nw-98360-87465,2026-08-02,2026-09-12,WA,Orting,,,,,401-kensington-ave-nw-98360-87465
2026-09-12,INVH,Seattle,"17312 83rd Avenue Ct E, Puyallup, WA, 98375",Seattle,INVH-17312-83rd-avenue-ct-e-98375-89113,4,2.5,2291,3345.0,2026-09-12,12 months,False,,,,,,,,https://www.invitationhomes.com/houses-for-rent/17312-83rd-avenue-ct-e-98375-89113,2026-08-10,2026-09-12,WA,Puyallup,,,,,17312-83rd-avenue-ct-e-98375-89113
2026-09-12,INVH,Seattle,"7927 148th St Ct E, Puyallup, WA, 98375",Seattle,INVH-7927-e-148th-st-98375-3610,4,2.5,2338,3149.0,2026-09-14,12 months,False,,,,,,,,https://www.invitationhomes.com/houses-for-rent/7927-e-148th-st-98375-3610,2026-08-02,2026-09-12,WA,Puyallup,,,,,7927-e-148th-st-98375-3610
2026-09-12,INVH,Seattle,"16707 80th Avenue Ct E, Puyallup, WA, 98375",Seattle,INVH-16707-80th-avenue-ct-e-98375-82993,4,2.5,2322,3115.0,2026-09-15,12 months,False,,,,,,,,https://www.invitationhomes.com/houses-for-rent/16707-80th-avenue-ct-e-98375-82993,2026-08-10,2026-09-12,WA,Puyallup,,,,,16707-80th-avenue-ct-e-98375-82993
2026-09-12,INVH,Seattle,"15217 87th Ave E, Puyallup, WA, 98375",Seattle,INVH-15217-87th-ave-e-puyallup-wa-98375,4,2.5,2852,3260.0,2026-09-12,12 months,False,,,,,,,,https://www.invitationhomes.com/houses-for-rent/15217-87th-ave-e-puyallup-wa-98375,2026-06-14,2026-09-12,WA,Puyallup,,,,,15217-87th-ave-e-puyallup-wa-98375
2026-09-12,INVH,Seattle,"15005 87th Ave E, Puyallup, WA, 98375",Seattle,INVH-15005-87th-ave-e-puyallup-wa-98375,3,2.5,1796,2975.0,2026-09-15,12 months,False,,,,,,,,https://www.invitationhomes.com/houses-for-rent/15005-87th-ave-e-puyallup-wa-98375,2026-08-10,2026-09-12,WA,Puyallup,,,,,15005-87th-ave-e-puyallup-wa-98375
2026-09-12,INVH,Seattle,"8922 161st St E, Puyallup, WA, 98375",Seattle,INVH-8922-161st-st-e-98375-7226,3,2.5,1484,2665.0,2026-10-21,12 months,False,,,,,,,,https://www.invitationhomes.com/houses-for-rent/8922-161st-st-e-98375-7226,2026-09-06,2026-09-12,WA,Puyallup,,,,,8922-161st-st-e-98375-7226
2026-09-12,INVH,Seattle,"16026 89th Ave E, Puyallup, WA, 98375",Seattle,INVH-16026-89th-ave-e-puyallup-wa-98375,3,2.0,1484,2590.0,2026-10-15,12 months,False,,,,,,,,https://www.invitationhomes.com/houses-for-rent/16026-89th-ave-e-puyallup-wa-98375,2026-09-03,2026-09-12,WA,Puyallup,,,,,16026-89th-ave-e-puyallup-wa-98375
2026-09-12,INVH,Seattle,"12907 82nd Avenue Ct E, Puyallup, WA, 98373",Seattle,INVH-12907-82nd-avenue-ct-e-98373-8063,4,2.5,2079,3095.0,2026-09-29,12 months,False,,,,,,,,https://www.invitationhomes.com/houses-for-rent/12907-82nd-avenue-ct-e-98373-8063,2026-08-16,2026-09-12,WA,Puyallup,,,,,12907-82nd-avenue-ct-e-98373-8063
2026-09-12,INVH,Seattle,"15605 120th Ave E, Puyallup, WA, 98374",Seattle,INVH-15605-120th-ave-e-puyallup-wa-98374,3,1.75,1178,2475.0,2026-09-23,12 months,False,,,,,,,,https://www.invitationhomes.com/houses-for-rent/15605-120th-ave-e-puyallup-wa-98374,2026-09-03,2026-09-12,WA,Puyallup,,,,,15605-120th-ave-e-puyallup-wa-98374
2026-09-12,INVH,Seattle,"11821 150th Street Ct E, Puyallup, WA, 98374",Seattle,INVH-11821-150th-street-ct-e-puyallup-wa-98374,6,3.0,2694,3440.0,2026-09-15,12 months,False,,,,,,,,https://www.invitationhomes.com/houses-for-rent/11821-150th-street-ct-e-puyallup-wa-98374,2026-07-19,2026-09-12,WA,Puyallup,,,,,11821-150th-street-ct-e-puyallup-wa-98374
2026-09-12,INVH,Seattle,"13610 117th Ave E, Puyallup, WA, 98374",Seattle,INVH-13610-117th-ave-e-98374-1580,5,2.5,3214,3170.0,2026-09-12,12 months,False,,,,,,,,https://www.invitationhomes.com/houses-for-rent/13610-117th-ave-e-98374-1580,2026-07-19,2026-09-12,WA,Puyallup,,,,,13610-117th-ave-e-98374-1580
2026-09-12,INVH,Seattle,"8311 113th St E, Puyallup, WA, 98373",Seattle,INVH-8311-113th-st-e-puyallup-wa-98373,4,2.0,1860,3030.0,2026-10-12,12 months,False,,,,,,,,https://www.invitationhomes.com/houses-for-rent/8311-113th-st-e-puyallup-wa-98373,2026-09-12,2026-09-12,WA,Puyallup,,,,,8311-113th-st-e-puyallup-wa-98373
2026-09-12,INVH,Seattle,"6406 86th Street Ct E, Puyallup, WA, 98371",Seattle,INVH-6406-86th-street-ct-e-98371-90520,3,2.5,1600,2880.0,2026-09-12,12 months,False,,,,,,,,https://www.invitationhomes.com/houses-for-rent/6406-86th-street-ct-e-98371-90520,2026-08-02,2026-09-12,WA,Puyallup,,,,,6406-86th-street-ct-e-98371-90520
2026-09-12,INVH,Seattle,"216 Michell Ln NE, Orting, WA, 98360",Seattle,INVH-216-michell-ln-ne-98360-85894,5,2.5,2482,3040.0,2026-09-12,12 months,False,,,,,,,,https://www.invitationhomes.com/houses-for-rent/216-michell-ln-ne-98360-85894,2026-05-09,2026-09-12,WA,Orting,,,,,216-michell-ln-ne-98360-85894
2026-09-12,INVH,Seattle,"10203 185th Ave E, Bonney Lake, WA, 98391",Seattle,INVH-10203-185th-ave-e-98391-6253,3,2.5,2456,3210.0,2026-09-12,12 months,False,,,,,,,,https://www.invitationhomes.com/houses-for-rent/10203-185th-ave-e-98391-6253,2026-08-10,2026-09-12,WA,Bonney Lake,,,,,10203-185th-ave-e-98391-6253
2026-09-12,INVH,Seattle,"8108 183rd Ave E, Bonney Lake, WA, 98391",Seattle,INVH-8108-183rd-ave-e-bonney-lake-wa-98391,4,2.5,2223,3295.0,2026-09-12,12 months,False,,,,,,,,https://www.invitationhomes.com/houses-for-rent/8108-183rd-ave-e-bonney-lake-wa-98391,2026-07-19,2026-09-12,WA,Bonney Lake,,,,,8108-183rd-ave-e-bonney-lake-wa-98391
2026-09-12,INVH,Seattle,"18814 Church Lake Rd E, Bonney Lake, WA, 98391",Seattle,INVH-18814-church-lake-rd-e-bonney-lake-wa-98391,4,2.0,1488,2670.0,2026-09-12,12 months,False,,,,,,,,https://www.invitationhomes.com/houses-for-rent/18814-church-lake-rd-e-bonney-lake-wa-98391,2026-07-19,2026-09-12,WA,Bonney Lake,,,,,18814-church-lake-rd-e-bonney-lake-wa-98391
2026-09-12,INVH,Seattle,"1705 Peach Park Ln, Puyallup, WA, 98371",Seattle,INVH-1705-peach-park-ln-puyallup-wa-98371,4,2.5,2104,3515.0,2026-09-16,12 months,False,,,,,,,,https://www.invitationhomes.com/houses-for-rent/1705-peach-park-ln-puyallup-wa-98371,2026-08-23,2026-09-12,WA,Puyallup,,,,,1705-peach-park-ln-puyallup-wa-98371
2026-09-12,INVH,Seattle,"206 66th Avenue Ct E, Fife, WA, 98424",Seattle,INVH-206-66th-avenue-ct-e-fife-wa-98424,5,2.5,2500,3595.0,2026-09-21,12 months,False,,,,,,,,https://www.invitationhomes.com/houses-for-rent/206-66th-avenue-ct-e-fife-wa-98424,2026-08-16,2026-09-12,WA,Fife,,,,,206-66th-avenue-ct-e-fife-wa-98424
2026-09-12,INVH,Seattle,"510 Puget Pl S, Pacific, WA, 98047",Seattle,INVH-510-puget-pl-s-98047-5899,4,2.25,1814,3425.0,2026-09-16,12 months,False,,,,,,,,https://www.invitationhomes.com/houses-for-rent/510-puget-pl-s-98047-5899,2026-07-19,2026-09-12,WA,Pacific,,,,,510-puget-pl-s-98047-5899
2026-09-12,INVH,Seattle,"146 Seattle Blvd S, Algona, WA, 98001",Seattle,INVH-146-seattle-blvd-s-algona-wa-98001,3,2.5,1840,3495.0,2026-09-12,12 months,False,,,,,,,,https://www.invitationhomes.com/houses-for-rent/146-seattle-blvd-s-algona-wa-98001,2026-07-19,2026-09-12,WA,Algona,,,,,146-seattle-blvd-s-algona-wa-98001
2026-09-12,INVH,Seattle,"11018 203rd Ave E, Bonney Lake, WA, 98391",Seattle,INVH-11018-203rd-ave-e-bonney-lake-wa-98391,4,2.5,2004,2995.0,2026-10-25,12 months,False,,,,,,,,https://www.invitationhomes.com/houses-for-rent/11018-203rd-ave-e-bonney-lake-wa-98391,2026-09-12,2026-09-12,WA,Bonney Lake,,,,,11018-203rd-ave-e-bonney-lake-wa-98391
2026-09-12,INVH,Seattle,"7816 208th Ave E, Bonney Lake, WA, 98391",Seattle,INVH-7816-208th-ave-e-98391-84952,4,2.5,2297,3430.0,2026-09-12,12 months,False,,,,,,,,https://www.invitationhomes.com/houses-for-rent/7816-208th-ave-e-98391-84952,2026-08-10,2026-09-12,WA,Bonney Lake,,,,,7816-208th-ave-e-98391-84952
2026-09-12,INVH,Seattle,"7708 210th Ave E, Bonney Lake, WA, 98391",Seattle,INVH-7708-210th-ave-e-98391-84794,4,2.5,2297,3440.0,2026-09-12,12 months,False,,,,,,,,https://www.invitationhomes.com/houses-for-rent/7708-210th-ave-e-98391-84794,2026-08-16,2026-09-12,WA,Bonney Lake,,,,,7708-210th-ave-e-98391-84794
2026-09-12,INVH,Seattle,"29214 13th Pl S, Federal Way, WA, 98003",Seattle,INVH-29214-13th-pl-s-federal-way-wa-98003,4,2.25,2290,3660.0,2026-10-25,12 months,False,,,,,,,,https://www.invitationhomes.com/houses-for-rent/29214-13th-pl-s-federal-way-wa-98003,2026-09-12,2026-09-12,WA,Federal Way,,,,,29214-13th-pl-s-federal-way-wa-98003
2026-09-12,INVH,Seattle,"5121 S 302nd Pl, Auburn, WA, 98001",Seattle,INVH-5121-s-302nd-pl-98001-6600,3,2.5,2300,3365.0,2026-09-12,12 months,False,,,,,,,,https://www.invitationhomes.com/houses-for-rent/5121-s-302nd-pl-98001-6600,2026-06-09,2026-09-12,WA,Auburn,,,,,5121-s-302nd-pl-98001-6600
2026-09-12,INVH,Seattle,"1709 Dogwood Dr SE, Auburn, WA, 98092",Seattle,INVH-1709-dogwood-dr-se-auburn-wa-98092,3,1.0,1190,2749.0,2026-09-15,12 months,False,,,,,,,,https://www.invitationhomes.com/houses-for-rent/1709-dogwood-dr-se-auburn-wa-98092,2026-08-23,2026-09-12,WA,Auburn,,,,,1709-dogwood-dr-se-auburn-wa-98092
2026-09-12,INVH,Seattle,"31595 115th Ave SE, Auburn, WA, 98092",Seattle,INVH-31595-115th-ave-se-98092-2687,5,2.75,2340,3610.0,2026-09-21,12 months,False,,,,,,,,https://www.invitationhomes.com/houses-for-rent/31595-115th-ave-se-98092-2687,2026-08-16,2026-09-12,WA,Auburn,,,,,31595-115th-ave-se-98092-2687
2026-09-12,INVH,Seattle,"31011 117th Pl SE, Auburn, WA, 98092",Seattle,INVH-31011-117th-pl-se-auburn-wa-98092,3,2.5,1626,3110.0,2026-10-15,12 months,False,,,,,,,,https://www.invitationhomes.com/houses-for-rent/31011-117th-pl-se-auburn-wa-98092,2026-09-03,2026-09-12,WA,Auburn,,,,,31011-117th-pl-se-auburn-wa-98092
2026-09-12,INVH,Seattle,"12627 SE 295th St, Auburn, WA, 98092",Seattle,INVH-12627-se-295th-st-auburn-wa-98092,3,3.0,2130,3610.0,2026-10-15,12 months,False,,,,,,,,https://www.invitationhomes.com/houses-for-rent/12627-se-295th-st-auburn-wa-98092,2026-09-12,2026-09-12,WA,Auburn,,,,,12627-se-295th-st-auburn-wa-98092
2026-09-12,INVH,Seattle,"26117 124th Pl SE, Kent, WA, 98030",Seattle,INVH-26117-124th-pl-se-kent-wa-98030,3,2.5,2390,3395.0,2026-09-12,12 months,False,,,,,,,,https://www.invitationhomes.com/houses-for-rent/26117-124th-pl-se-kent-wa-98030,2026-08-16,2026-09-12,WA,Kent,,,,,26117-124th-pl-se-kent-wa-98030
2026-09-12,INVH,Seattle,"12416 SE 259th St, Kent, WA, 98030",Seattle,INVH-12416-se-259th-st-kent-wa-98030,4,2.5,2060,3445.0,2026-09-12,12 months,False,,,,,,,,https://www.invitationhomes.com/houses-for-rent/12416-se-259th-st-kent-wa-98030,2026-06-09,2026-09-12,WA,Kent,,,,,12416-se-259th-st-kent-wa-98030
2026-09-12,INVH,Seattle,"21411 40th Pl S #61, Seatac, WA, 98198",Seattle,INVH-21411-40th-pl-s-61-seatac-wa-98198,3,2.25,2088,3260.0,2026-09-12,12 months,False,,,,,,,,https://www.invitationhomes.com/houses-for-rent/21411-40th-pl-s-61-seatac-wa-98198,2026-08-02,2026-09-12,WA,Seatac,,,,,21411-40th-pl-s-61-seatac-wa-98198
2026-09-12,INVH,Seattle,"469 Reiten Rd, Kent, WA, 98030",Seattle,INVH-469-reiten-rd-98030-5250,4,2.0,1900,3230.0,2026-09-12,12 months,False,,,,,,,,https://www.invitationhomes.com/houses-for-rent/469-reiten-rd-98030-5250,2026-06-14,2026-09-12,WA,Kent,,,,,469-reiten-rd-98030-5250
2026-09-12,INVH,Seattle,"23922 99th Ave S, Kent, WA, 98031",Seattle,INVH-23922-99th-ave-s-98031-2424,3,1.75,1720,3045.0,2026-09-12,12 months,False,,,,,,,,https://www.invitationhomes.com/houses-for-rent/23922-99th-ave-s-98031-2424,2026-06-09,2026-09-12,WA,Kent,,,,,23922-99th-ave-s-98031-2424
2026-09-12,INVH,Seattle,"24859 128th Pl SE, Kent, WA, 98030",Seattle,INVH-24859-128th-pl-se-kent-wa-98030,3,2.0,2180,3245.0,2026-09-12,12 months,False,,,,,,,,https://www.invitationhomes.com/houses-for-rent/24859-128th-pl-se-kent-wa-98030,2026-07-19,2026-09-12,WA,Kent,,,,,24859-128th-pl-se-kent-wa-98030
2026-09-12,INVH,Seattle,"17225 125th Ave SE, Renton, WA, 98058",Seattle,INVH-17225-125th-ave-se-renton-wa-98058,3,1.0,1180,2885.0,2026-09-22,12 months,False,,,,,,,,https://www.invitationhomes.com/houses-for-rent/17225-125th-ave-se-renton-wa-98058,2026-08-16,2026-09-12,WA,Renton,,,,,17225-125th-ave-se-renton-wa-98058
2026-09-12,INVH,Seattle,"13732 SE 275th Pl, Kent, WA, 98042",Seattle,INVH-13732-se-275th-pl-kent-wa-98042,4,2.75,2590,3690.0,2026-09-18,12 months,False,,,,,,,,https://www.invitationhomes.com/houses-for-rent/13732-se-275th-pl-kent-wa-98042,2026-08-10,2026-09-12,WA,Kent,,,,,13732-se-275th-pl-kent-wa-98042
2026-09-12,INVH,Seattle,"16829 SE 260th St, Covington, WA, 98042",Seattle,INVH-16829-se-260th-st-98042-8684,4,2.5,1740,3395.0,2026-10-03,12 months,False,,,,,,,,https://www.invitationhomes.com/houses-for-rent/16829-se-260th-st-98042-8684,2026-09-03,2026-09-12,WA,Covington,,,,,16829-se-260th-st-98042-8684
2026-09-12,INVH,Seattle,"18702 SE 265th St, Covington, WA, 98042",Seattle,INVH-18702-se-265th-st-covington-wa-98042,3,1.5,1310,2885.0,2026-10-22,12 months,False,,,,,,,,https://www.invitationhomes.com/houses-for-rent/18702-se-265th-st-covington-wa-98042,2026-09-12,2026-09-12,WA,Covington,,,,,18702-se-265th-st-covington-wa-98042
2026-09-12,INVH,Seattle,"21644 SE 298th Pl, Kent, WA, 98042",Seattle,INVH-21644-se-298th-pl-kent-wa-98042,4,2.5,2434,3795.0,2026-09-23,12 months,False,,,,,,,,https://www.invitationhomes.com/houses-for-rent/21644-se-298th-pl-kent-wa-98042,2026-09-12,2026-09-12,WA,Kent,,,,,21644-se-298th-pl-kent-wa-98042
2026-09-12,INVH,Seattle,"29052 215th Pl SE, Kent, WA, 98042",Seattle,INVH-29052-215th-pl-se-kent-wa-98042,4,2.5,2232,3245.0,2026-09-12,12 months,False,,,,,,,,https://www.invitationhomes.com/houses-for-rent/29052-215th-pl-se-kent-wa-98042,2026-07-19,2026-09-12,WA,Kent,,,,,29052-215th-pl-se-kent-wa-98042
2026-09-12,INVH,Seattle,"28324 229th Ave SE, Maple Valley, WA, 98038",Seattle,INVH-28324-229th-ave-se-maple-valley-wa-98038,3,2.25,1330,2810.0,2026-09-14,12 months,False,,,,,,,,https://www.invitationhomes.com/houses-for-rent/28324-229th-ave-se-maple-valley-wa-98038,2026-08-10,2026-09-12,WA,Maple Valley,,,,,28324-229th-ave-se-maple-valley-wa-98038
2026-09-12,INVH,Seattle,"25725 198th Pl SE, Covington, WA, 98042",Seattle,INVH-25725-198th-pl-se-98042-6724,3,1.0,1180,2830.0,2026-09-12,12 months,False,,,,,,,,https://www.invitationhomes.com/houses-for-rent/25725-198th-pl-se-98042-6724,2026-08-02,2026-09-12,WA,Covington,,,,,25725-198th-pl-se-98042-6724
2026-09-12,INVH,Seattle,"21318 SE 274th Pl, Maple Valley, WA, 98038",Seattle,INVH-21318-se-274th-pl-maple-valley-wa-98038,6,2.75,2400,3575.0,2026-09-12,12 months,False,,,,,,,,https://www.invitationhomes.com/houses-for-rent/21318-se-274th-pl-maple-valley-wa-98038,2026-08-10,2026-09-12,WA,Maple Valley,,,,,21318-se-274th-pl-maple-valley-wa-98038
2026-09-12,INVH,Seattle,"23002 SE 267th Pl, Maple Valley, WA, 98038",Seattle,INVH-23002-se-267th-pl-maple-valley-wa-98038,3,2.75,1975,3325.0,2026-09-12,12 months,False,,,,,,,,https://www.invitationhomes.com/houses-for-rent/23002-se-267th-pl-maple-valley-wa-98038,2026-08-10,2026-09-12,WA,Maple Valley,,,,,23002-se-267th-pl-maple-valley-wa-98038
2026-09-12,INVH,Seattle,"17712 159th Ave SE, Renton, WA, 98058",Seattle,INVH-17712-159th-ave-se-renton-wa-98058,4,2.75,2290,3645.0,2026-09-12,12 months,False,,,,,,,,https://www.invitationhomes.com/houses-for-rent/17712-159th-ave-se-renton-wa-98058,2026-07-19,2026-09-12,WA,Renton,,,,,17712-159th-ave-se-renton-wa-98058
2026-09-12,INVH,Seattle,"16956 SE 183rd Pl, Renton, WA, 98058",Seattle,INVH-16956-se-183rd-pl-renton-wa-98058,4,2.5,2820,3990.0,2026-09-12,12 months,False,,,,,,,,https://www.invitationhomes.com/houses-for-rent/16956-se-183rd-pl-renton-wa-98058,2026-07-19,2026-09-12,WA,Renton,,,,,16956-se-183rd-pl-renton-wa-98058
2026-09-12,INVH,Seattle,"13809 29th Ave S, Seatac, WA, 98168",Seattle,INVH-13809-29th-ave-s-seatac-wa-98168,4,2.5,2020,3635.0,2026-10-02,12 months,False,,,,,,,,https://www.invitationhomes.com/houses-for-rent/13809-29th-ave-s-seatac-wa-98168,2026-08-23,2026-09-12,WA,Seatac,,,,,13809-29th-ave-s-seatac-wa-98168
2026-09-12,INVH,Seattle,"11608 26th Ave S, Burien, WA, 98168",Seattle,INVH-11608-26th-ave-s-seattle-wa-98168,4,2.5,2052,3445.0,2026-09-12,12 months,False,,,,,,,,https://www.invitationhomes.com/houses-for-rent/11608-26th-ave-s-seattle-wa-98168,2026-06-09,2026-09-12,WA,Burien,,,,,11608-26th-ave-s-seattle-wa-98168
2026-09-12,INVH,Seattle,"12227 47th Ave S, Tukwila, WA, 98178",Seattle,INVH-12227-47th-ave-s-seattle-wa-98178,3,2.5,1430,3095.0,2026-09-12,12 months,False,,,,,,,,https://www.invitationhomes.com/houses-for-rent/12227-47th-ave-s-seattle-wa-98178,2026-07-19,2026-09-12,WA,Tukwila,,,,,12227-47th-ave-s-seattle-wa-98178
2026-09-12,INVH,Seattle,"17312 57th Pl W, Lynnwood, WA, 98037",Seattle,INVH-17312-57th-pl-w-lynnwood-wa-98037,4,2.0,2025,3675.0,2026-09-18,12 months,False,,,,,,,,https://www.invitationhomes.com/houses-for-rent/17312-57th-pl-w-lynnwood-wa-98037,2026-09-03,2026-09-12,WA,Lynnwood,,,,,17312-57th-pl-w-lynnwood-wa-98037
2026-09-12,INVH,Seattle,"2412 193rd St SW, Lynnwood, WA, 98036",Seattle,INVH-2412-193rd-st-sw-lynnwood-wa-98036,4,3.5,1997,3749.0,2026-09-15,12 months,False,,,,,,,,https://www.invitationhomes.com/houses-for-rent/2412-193rd-st-sw-lynnwood-wa-98036,2026-07-19,2026-09-12,WA,Lynnwood,,,,,2412-193rd-st-sw-lynnwood-wa-98036
2026-09-12,INVH,Seattle,"803 201st St SW, Lynnwood, WA, 98036",Seattle,INVH-803-201st-st-sw-98036-8192,3,2.5,2834,4295.0,2026-10-14,12 months,False,,,,,,,,https://www.invitationhomes.com/houses-for-rent/803-201st-st-sw-98036-8192,2026-09-12,2026-09-12,WA,Lynnwood,,,,,803-201st-st-sw-98036-8192
2026-09-12,INVH,Seattle,"17422 14th Ave SE #43E, Bothell, WA, 98012",Seattle,INVH-17422-14th-ave-se-43e-98012-5331,5,3.0,2154,3595.0,2026-09-12,12 months,False,,,,,,,,https://www.invitationhomes.com/houses-for-rent/17422-14th-ave-se-43e-98012-5331,2026-08-02,2026-09-12,WA,Bothell,,,,,17422-14th-ave-se-43e-98012-5331
2026-09-12,INVH,Seattle,"17504 14th Dr SE, Bothell, WA, 98012",Seattle,INVH-17504-14th-dr-se-bothell-wa-98012,3,2.5,2449,3510.0,2026-09-12,12 months,False,,,,,,,,https://www.invitationhomes.com/houses-for-rent/17504-14th-dr-se-bothell-wa-98012,2026-08-16,2026-09-12,WA,Bothell,,,,,17504-14th-dr-se-bothell-wa-98012
2026-09-12,INVH,Seattle,"12823 15th Pl W, Everett, WA, 98204",Seattle,INVH-12823-15th-pl-w-98204-83111,4,2.5,1796,3190.0,2026-09-12,12 months,False,,,,,,,,https://www.invitationhomes.com/houses-for-rent/12823-15th-pl-w-98204-83111,2026-08-02,2026-09-12,WA,Everett,,,,,12823-15th-pl-w-98204-83111
2026-09-12,INVH,Seattle,"10112 21st Ave W, Everett, WA, 98204",Seattle,INVH-10112-21st-ave-w-everett-wa-98204,3,2.5,1792,3590.0,2026-10-04,12 months,False,,,,,,,,https://www.invitationhomes.com/houses-for-rent/10112-21st-ave-w-everett-wa-98204,2026-09-12,2026-09-12,WA,Everett,,,,,10112-21st-ave-w-everett-wa-98204
2026-09-12,INVH,Seattle,"928 58th Pl SW, Everett, WA, 98203",Seattle,INVH-928-58th-pl-sw-98203-8052,3,3.0,1596,3195.0,2026-10-19,12 months,False,,,,,,,,https://www.invitationhomes.com/houses-for-rent/928-58th-pl-sw-98203-8052,2026-09-06,2026-09-12,WA,Everett,,,,,928-58th-pl-sw-98203-8052
2026-09-12,INVH,Seattle,"2310 Summit Ave, Everett, WA, 98201",Seattle,INVH-2310-summit-ave-everett-wa-98201,3,2.0,1168,2730.0,2026-10-15,12 months,False,,,,,,,,https://www.invitationhomes.com/houses-for-rent/2310-summit-ave-everett-wa-98201,2026-09-03,2026-09-12,WA,Everett,,,,,2310-summit-ave-everett-wa-98201
2026-09-12,INVH,Seattle,"1007 96th Ave SE, Lake Stevens, WA, 98258",Seattle,INVH-1007-96th-ave-se-98258-5619,3,2.5,1684,3375.0,2026-10-15,12 months,False,,,,,,,,https://www.invitationhomes.com/houses-for-rent/1007-96th-ave-se-98258-5619,2026-09-03,2026-09-12,WA,Lake Stevens,,,,,1007-96th-ave-se-98258-5619
2026-09-12,INVH,Seattle,"1616 112th Ave SE, Lake Stevens, WA, 98258",Seattle,INVH-1616-112th-ave-se-98258-8871,3,2.5,1578,3075.0,2026-10-15,12 months,False,,,,,,,,https://www.invitationhomes.com/houses-for-rent/1616-112th-ave-se-98258-8871,2026-09-03,2026-09-12,WA,Lake Stevens,,,,,1616-112th-ave-se-98258-8871
2026-09-12,INVH,Seattle,"1305 116th Dr SE, Lake Stevens, WA, 98258",Seattle,INVH-1305-116th-dr-se-lake-stevens-wa-98258,4,2.75,1995,3495.0,2026-09-12,12 months,False,,,,,,,,https://www.invitationhomes.com/houses-for-rent/1305-116th-dr-se-lake-stevens-wa-98258,2026-08-02,2026-09-12,WA,Lake Stevens,,,,,1305-116th-dr-se-lake-stevens-wa-98258
2026-09-12,INVH,Seattle,"6509 47th Ave NE 107, Marysville, WA, 98270",Seattle,INVH-6509-47th-ave-ne-98270-87262,3,2.25,1718,2999.0,2026-09-12,18 months,False,,,,,,,,https://www.invitationhomes.com/houses-for-rent/6509-47th-ave-ne-98270-87262,2026-08-16,2026-09-12,WA,Marysville,,,,,6509-47th-ave-ne-98270-87262
2026-09-12,INVH,Seattle,"209 83rd Dr SE, Lake Stevens, WA, 98258",Seattle,INVH-209-83rd-dr-se-98258-1912,3,2.5,1742,3195.0,2026-10-02,12 months,False,,,,,,,,https://www.invitationhomes.com/houses-for-rent/209-83rd-dr-se-98258-1912,2026-09-09,2026-09-12,WA,Lake Stevens,,,,,209-83rd-dr-se-98258-1912
2026-09-12,INVH,Seattle,"2412 87th Dr NE, Lake Stevens, WA, 98258",Seattle,INVH-2412-87th-dr-ne-lake-stevens-wa-98258,3,2.5,1873,3260.0,2026-09-15,12 months,False,,,,,,,,https://www.invitationhomes.com/houses-for-rent/2412-87th-dr-ne-lake-stevens-wa-98258,2026-09-03,2026-09-12,WA,Lake Stevens,,,,,2412-87th-dr-ne-lake-stevens-wa-98258
2026-09-12,INVH,Seattle,"5125 61st Dr NE, Marysville, WA, 98270",Seattle,INVH-5125-61st-dr-ne-98270-7305,4,2.25,1725,3195.0,2026-10-03,12 months,False,,,,,,,,https://www.invitationhomes.com/houses-for-rent/5125-61st-dr-ne-98270-7305,2026-08-23,2026-09-12,WA,Marysville,,,,,5125-61st-dr-ne-98270-7305
2026-09-12,INVH,Seattle,"6505 47th Ave NE 101, Marysville, WA, 98270",Seattle,INVH-6505-47th-ave-ne-98270-87257,3,2.25,1718,2975.0,2026-09-12,18 months,False,,,,,,,,https://www.invitationhomes.com/houses-for-rent/6505-47th-ave-ne-98270-87257,2026-08-10,2026-09-12,WA,Marysville,,,,,6505-47th-ave-ne-98270-87257
2026-09-12,INVH,Seattle,"6513 47th Ave NE 113, Marysville, WA, 98270",Seattle,INVH-6513-47th-ave-ne-98270-87267,3,2.25,1718,2920.0,2026-09-12,18 months,False,,,,,,,,https://www.invitationhomes.com/houses-for-rent/6513-47th-ave-ne-98270-87267,2026-08-02,2026-09-12,WA,Marysville,,,,,6513-47th-ave-ne-98270-87267
2026-09-12,INVH,Seattle,"8629 76th Ave NE, Marysville, WA, 98270",Seattle,INVH-8629-76th-ave-ne-marysville-wa-98270,3,2.5,1518,2940.0,2026-09-12,12 months,False,,,,,,,,https://www.invitationhomes.com/houses-for-rent/8629-76th-ave-ne-marysville-wa-98270,2026-08-10,2026-09-12,WA,Marysville,,,,,8629-76th-ave-ne-marysville-wa-98270
2026-09-12,INVH,Seattle,"8103 71ST ST NE, Marysville, WA, 98270",Seattle,INVH-8103-71st-st-ne-98270-84155,5,3.0,2622,3599.0,2026-09-14,12 months,False,,,,,,,,https://www.invitationhomes.com/houses-for-rent/8103-71st-st-ne-98270-84155,2026-08-02,2026-09-12,WA,Marysville,,,,,8103-71st-st-ne-98270-84155
2026-09-12,INVH,Seattle,"8402 4th St NE, Lake Stevens, WA, 98258",Seattle,INVH-8402-4th-st-ne-lake-stevens-wa-98258,3,2.5,1237,2785.0,2026-09-15,12 months,False,,,,,,,,https://www.invitationhomes.com/houses-for-rent/8402-4th-st-ne-lake-stevens-wa-98258,2026-08-02,2026-09-12,WA,Lake Stevens,,,,,8402-4th-st-ne-lake-stevens-wa-98258
2026-09-12,INVH,Seattle,"12800 17th St NE Unit 8, Lake Stevens, WA, 98258",Seattle,INVH-12800-17th-st-ne-8-98258-9912,3,2.5,1955,3260.0,2026-10-15,12 months,False,,,,,,,,https://www.invitationhomes.com/houses-for-rent/12800-17th-st-ne-8-98258-9912,2026-09-03,2026-09-12,WA,Lake Stevens,,,,,12800-17th-st-ne-8-98258-9912
2026-09-12,INVH,Seattle,"10504 56th Dr NE, Marysville, WA, 98270",Seattle,INVH-10504-56th-dr-ne-marysville-wa-98270,3,2.5,1144,2735.0,2026-09-12,12 months,False,,,,,,,,https://www.invitationhomes.com/houses-for-rent/10504-56th-dr-ne-marysville-wa-98270,2026-08-02,2026-09-12,WA,Marysville,,,,,10504-56th-dr-ne-marysville-wa-98270
2026-09-12,INVH,Seattle,"5415 144th Pl NE, Marysville, WA, 98271",Seattle,INVH-5415-144th-pl-ne-marysville-wa-98271,4,2.0,1932,3225.0,2026-09-14,12 months,False,,,,,,,,https://www.invitationhomes.com/houses-for-rent/5415-144th-pl-ne-marysville-wa-98271,2026-07-19,2026-09-12,WA,Marysville,,,,,5415-144th-pl-ne-marysville-wa-98271
2026-09-12,INVH,Seattle,"17225 Ironwood St, Arlington, WA, 98223",Seattle,INVH-17225-ironwood-st-98223-4201,3,2.5,1711,3020.0,2026-10-09,12 months,False,,,,,,,,https://www.invitationhomes.com/houses-for-rent/17225-ironwood-st-98223-4201,2026-09-12,2026-09-12,WA,Arlington,,,,,17225-ironwood-st-98223-4201
2026-09-12,INVH,Seattle,"14688 Ravenwood Rd SE, Monroe, WA, 98272",Seattle,INVH-14688-ravenwood-rd-se-monroe-wa-98272,4,2.75,2694,3325.0,2026-09-12,12 months,False,,,,,,,,https://www.invitationhomes.com/houses-for-rent/14688-ravenwood-rd-se-monroe-wa-98272,2026-08-02,2026-09-12,WA,Monroe,,,,,14688-ravenwood-rd-se-monroe-wa-98272
2026-09-12,INVH,Seattle,"8018 Crown Ridge Blvd, Arlington, WA, 98223",Seattle,INVH-8018-crown-ridge-blvd-98223-2080,5,2.75,2000,3195.0,2026-09-12,12 months,False,,,,,,,,https://www.invitationhomes.com/houses-for-rent/8018-crown-ridge-blvd-98223-2080,2026-05-03,2026-09-12,WA,Arlington,,,,,8018-crown-ridge-blvd-98223-2080
2026-09-12,INVH,Tampa,"5443 Bryant Ave, Naples, FL, 34113",Tampa,INVH-5443-bryant-ave-34113-1885,4,2.0,1568,2645.0,2026-10-06,19 months,False,,,,,,,,https://www.invitationhomes.com/houses-for-rent/5443-bryant-ave-34113-1885,2026-05-03,2026-09-12,FL,Naples,,,,,5443-bryant-ave-34113-1885
2026-09-12,INVH,Tampa,"126 SW 48th Ter, Cape Coral, FL, 33914",Tampa,INVH-126-sw-48th-ter-33914-4958,3,2.0,1517,1595.0,2026-09-12,23 months,False,,,,,,,,https://www.invitationhomes.com/houses-for-rent/126-sw-48th-ter-33914-4958,2026-07-19,2026-09-12,FL,Cape Coral,,,,,126-sw-48th-ter-33914-4958
2026-09-12,INVH,Tampa,"3503 SW 12th Ave, Cape Coral, FL, 33914",Tampa,INVH-3503-sw-12th-ave-cape-coral-fl-33914,3,2.0,1424,2045.0,2026-09-25,23 months,False,,,,,,,,https://www.invitationhomes.com/houses-for-rent/3503-sw-12th-ave-cape-coral-fl-33914,2026-08-23,2026-09-12,FL,Cape Coral,,,,,3503-sw-12th-ave-cape-coral-fl-33914
2026-09-12,INVH,Tampa,"419 SW 39th Ter, Cape Coral, FL, 33914",Tampa,INVH-419-sw-39th-ter-33914-7514,3,2.0,1496,2285.0,2026-09-14,23 months,False,,,,,,,,https://www.invitationhomes.com/houses-for-rent/419-sw-39th-ter-33914-7514,2026-08-10,2026-09-12,FL,Cape Coral,,,,,419-sw-39th-ter-33914-7514
2026-09-12,INVH,Tampa,"2931 SW 4th Ave, Cape Coral, FL, 33914",Tampa,INVH-2931-sw-4th-ave-33914-9812,3,2.0,1993,2615.0,2026-09-14,23 months,False,,,,,,,,https://www.invitationhomes.com/houses-for-rent/2931-sw-4th-ave-33914-9812,2026-08-02,2026-09-12,FL,Cape Coral,,,,,2931-sw-4th-ave-33914-9812
2026-09-12,INVH,Tampa,"630 SW 29th St, Cape Coral, FL, 33914",Tampa,INVH-630-sw-29th-st-33914-9929,3,2.0,1359,2085.0,2026-10-12,23 months,False,,,,,,,,https://www.invitationhomes.com/houses-for-rent/630-sw-29th-st-33914-9929,2026-04-04,2026-09-12,FL,Cape Coral,,,,,630-sw-29th-st-33914-9929
2026-09-12,INVH,Tampa,"3210 SE Santa Barbara Pl, Cape Coral, FL, 33904",Tampa,INVH-3210-se-santa-barbara-pl-cape-coral-fl-33904,3,2.0,1702,2240.0,2026-09-12,23 months,False,,,,,,,,https://www.invitationhomes.com/houses-for-rent/3210-se-santa-barbara-pl-cape-coral-fl-33904,2026-08-23,2026-09-12,FL,Cape Coral,,,,,3210-se-santa-barbara-pl-cape-coral-fl-33904
2026-09-12,INVH,Tampa,"624 SE 18th Ter, Cape Coral, FL, 33990",Tampa,INVH-624-se-18th-ter-33990-1963,3,2.0,2182,2340.0,2026-09-12,23 months,False,,,,,,,,https://www.invitationhomes.com/houses-for-rent/624-se-18th-ter-33990-1963,2026-07-19,2026-09-12,FL,Cape Coral,,,,,624-se-18th-ter-33990-1963
2026-09-12,INVH,Tampa,"1806 SE 13th St, Cape Coral, FL, 33990",Tampa,INVH-1806-se-13th-st-cape-coral-fl-33990,4,2.0,1792,1695.0,2026-09-12,23 months,False,,,,,,,,https://www.invitationhomes.com/houses-for-rent/1806-se-13th-st-cape-coral-fl-33990,2026-06-09,2026-09-12,FL,Cape Coral,,,,,1806-se-13th-st-cape-coral-fl-33990
2026-09-12,INVH,Tampa,"211 SE Santa Barbara Pl, Cape Coral, FL, 33990",Tampa,INVH-211-se-santa-barbara-pl-33990-8266,3,2.0,1519,2025.0,2026-10-23,23 months,False,,,,,,,,https://www.invitationhomes.com/houses-for-rent/211-se-santa-barbara-pl-33990-8266,2026-09-09,2026-09-12,FL,Cape Coral,,,,,211-se-santa-barbara-pl-33990-8266
2026-09-12,INVH,Tampa,"214 SE 5th Pl, Cape Coral, FL, 33990",Tampa,INVH-214-se-5th-pl-33990-8465,3,2.0,1588,1999.0,2026-09-12,23 months,False,,,,,,,,https://www.invitationhomes.com/houses-for-rent/214-se-5th-pl-33990-8465,2026-08-10,2026-09-12,FL,Cape Coral,,,,,214-se-5th-pl-33990-8465
2026-09-12,INVH,Tampa,"305 NW 12th PL, Cape Coral, FL, 33993",Tampa,INVH-305-nw-12th-pl-33993-93132,4,2.0,1809,2245.0,2026-10-21,23 months,False,,,,,,,,https://www.invitationhomes.com/houses-for-rent/305-nw-12th-pl-33993-93132,2026-09-06,2026-09-12,FL,Cape Coral,,,,,305-nw-12th-pl-33993-93132
2026-09-12,INVH,Tampa,"164 NW 6th Ave, Cape Coral, FL, 33993",Tampa,INVH-164-nw-6th-ave-33993-114713,4,2.0,1809,2085.0,2026-09-12,23 months,False,,,,,,,,https://www.invitationhomes.com/houses-for-rent/164-nw-6th-ave-33993-114713,2026-08-10,2026-09-12,FL,Cape Coral,,,,,164-nw-6th-ave-33993-114713
2026-09-12,INVH,Tampa,"433 NW 3rd Ln, Cape Coral, FL, 33993",Tampa,INVH-433-nw-3rd-ln-33993-92622,4,2.0,1809,2049.0,2026-09-12,23 months,False,,,,,,,,https://www.invitationhomes.com/houses-for-rent/433-nw-3rd-ln-33993-92622,2026-08-02,2026-09-12,FL,Cape Coral,,,,,433-nw-3rd-ln-33993-92622
2026-09-12,INVH,Tampa,"408 NW 4th St, Cape Coral, FL, 33993",Tampa,INVH-408-nw-4th-st-33993-123941,4,2.0,1809,2145.0,2026-09-12,23 months,False,,,,,,,,https://www.invitationhomes.com/houses-for-rent/408-nw-4th-st-33993-123941,2026-09-06,2026-09-12,FL,Cape Coral,,,,,408-nw-4th-st-33993-123941
2026-09-12,INVH,Tampa,"608 NW 7th Ave, Cape Coral, FL, 33993",Tampa,INVH-608-nw-7th-ave-33993-119486,4,2.0,1809,2095.0,2026-10-26,23 months,False,,,,,,,,https://www.invitationhomes.com/houses-for-rent/608-nw-7th-ave-33993-119486,2026-09-12,2026-09-12,FL,Cape Coral,,,,,608-nw-7th-ave-33993-119486
2026-09-12,INVH,Tampa,"625 NW 7th PL, Cape Coral, FL, 33993",Tampa,INVH-625-nw-7th-pl-33993-93937,4,2.0,1809,2130.0,2026-09-12,23 months,False,,,,,,,,https://www.invitationhomes.com/houses-for-rent/625-nw-7th-pl-33993-93937,2026-07-19,2026-09-12,FL,Cape Coral,,,,,625-nw-7th-pl-33993-93937
2026-09-12,INVH,Tampa,"500 NW 7th Ter, Cape Coral, FL, 33993",Tampa,INVH-500-nw-7th-ter-33993-96585,4,2.0,1809,1890.0,2026-09-12,23 months,False,,,,,,,,https://www.invitationhomes.com/houses-for-rent/500-nw-7th-ter-33993-96585,2026-07-19,2026-09-12,FL,Cape Coral,,,,,500-nw-7th-ter-33993-96585
2026-09-12,INVH,Tampa,"408 NW 7th St, Cape Coral, FL, 33993",Tampa,INVH-408-nw-7th-st-33993-92630,4,2.0,1809,2245.0,2026-10-12,23 months,False,,,,,,,,https://www.invitationhomes.com/houses-for-rent/408-nw-7th-st-33993-92630,2026-08-16,2026-09-12,FL,Cape Coral,,,,,408-nw-7th-st-33993-92630
2026-09-12,INVH,Tampa,"213 NW 4th Ter, Cape Coral, FL, 33993",Tampa,INVH-213-nw-4th-ter-33993-122173,4,2.0,1809,2095.0,2026-09-12,23 months,False,,,,,,,,https://www.invitationhomes.com/houses-for-rent/213-nw-4th-ter-33993-122173,2026-08-02,2026-09-12,FL,Cape Coral,,,,,213-nw-4th-ter-33993-122173
2026-09-12,INVH,Tampa,"25 NW 6th St, Cape Coral, FL, 33993",Tampa,INVH-25-nw-6th-st-33993-111178,4,2.0,1809,2095.0,2026-09-14,23 months,False,,,,,,,,https://www.invitationhomes.com/houses-for-rent/25-nw-6th-st-33993-111178,2026-08-02,2026-09-12,FL,Cape Coral,,,,,25-nw-6th-st-33993-111178
2026-09-12,INVH,Tampa,"17 NW 8th Ter, Cape Coral, FL, 33993",Tampa,INVH-17-nw-8th-ter-33993-122887,4,2.0,1809,2095.0,2026-09-30,23 months,False,,,,,,,,https://www.invitationhomes.com/houses-for-rent/17-nw-8th-ter-33993-122887,2026-08-16,2026-09-12,FL,Cape Coral,,,,,17-nw-8th-ter-33993-122887
2026-09-12,INVH,Tampa,"628 NE Juanita Ct, Cape Coral, FL, 33909",Tampa,INVH-628-ne-juanita-ct-33909-120673,4,2.0,1809,1995.0,2026-09-12,23 months,False,,,,,,,,https://www.invitationhomes.com/houses-for-rent/628-ne-juanita-ct-33909-120673,2026-07-19,2026-09-12,FL,Cape Coral,,,,,628-ne-juanita-ct-33909-120673
2026-09-12,INVH,Tampa,"459 SE 17th Ave, Cape Coral, FL, 33990",Tampa,INVH-459-se-17th-ave-cape-coral-fl-33990,3,2.0,1873,2335.0,2026-09-12,23 months,False,,,,,,,,https://www.invitationhomes.com/houses-for-rent/459-se-17th-ave-cape-coral-fl-33990,2026-09-06,2026-09-12,FL,Cape Coral,,,,,459-se-17th-ave-cape-coral-fl-33990
2026-09-12,INVH,Tampa,"1130 Ne 11th St, Cape Coral, FL, 33909",Tampa,INVH-1130-ne-11th-st-33909-93107,4,2.0,1809,2420.0,2026-09-12,23 months,False,,,,,,,,https://www.invitationhomes.com/houses-for-rent/1130-ne-11th-st-33909-93107,2026-09-03,2026-09-12,FL,Cape Coral,,,,,1130-ne-11th-st-33909-93107
2026-09-12,INVH,Tampa,"7161 Greenwood Park Cir #40, Fort Myers, FL, 33967",Tampa,INVH-7161-greenwood-park-cir-40-33967-118253,3,2.5,1405,2299.0,2026-10-23,24 months,False,,,,,,,,https://www.invitationhomes.com/houses-for-rent/7161-greenwood-park-cir-40-33967-118253,2026-09-09,2026-09-12,FL,Fort Myers,,,,,7161-greenwood-park-cir-40-33967-118253
2026-09-12,INVH,Tampa,"2449 Chandler Ave, Fort Myers, FL, 33907",Tampa,INVH-2449-chandler-ave-33907-5446,3,1.0,1360,1849.0,2026-09-14,23 months,False,,,,,,,,https://www.invitationhomes.com/houses-for-rent/2449-chandler-ave-33907-5446,2026-08-10,2026-09-12,FL,Fort Myers,,,,,2449-chandler-ave-33907-5446
2026-09-12,INVH,Tampa,"10301 Bradmore Rd #86, Fort Myers, FL, 33913",Tampa,INVH-10301-bradmore-rd-86-33913-119286,3,2.0,1405,1775.0,2026-09-26,24 months,False,,,,,,,,https://www.invitationhomes.com/houses-for-rent/10301-bradmore-rd-86-33913-119286,2026-08-16,2026-09-12,FL,Fort Myers,,,,,10301-bradmore-rd-86-33913-119286
2026-09-12,INVH,Tampa,"10366 Bradmore Rd #104, Fort Myers, FL, 33913",Tampa,INVH-10366-bradmore-rd-104-33913-119304,3,2.0,1347,1775.0,2026-10-14,24 months,False,,,,,,,,https://www.invitationhomes.com/houses-for-rent/10366-bradmore-rd-104-33913-119304,2026-09-03,2026-09-12,FL,Fort Myers,,,,,10366-bradmore-rd-104-33913-119304
2026-09-12,INVH,Tampa,"3030 Riverfield Rd, Cape Coral, FL, 33909",Tampa,INVH-3030-rivfield-rd-33903-118197,3,2.5,1405,1575.0,2026-09-25,24 months,False,,,,,,,,https://www.invitationhomes.com/houses-for-rent/3030-rivfield-rd-33903-118197,2026-08-16,2026-09-12,FL,Cape Coral,,,,,3030-rivfield-rd-33903-118197
2026-09-12,INVH,Tampa,"2819 Riverfield Rd, Cape Coral, FL, 33909",Tampa,INVH-2819-rivfield-rd-33903-117397,3,2.5,1347,1549.0,2026-09-30,24 months,False,,,,,,,,https://www.invitationhomes.com/houses-for-rent/2819-rivfield-rd-33903-117397,2026-08-16,2026-09-12,FL,Cape Coral,,,,,2819-rivfield-rd-33903-117397
2026-09-12,INVH,Tampa,"137 Zenith Cir, Fort Myers, FL, 33913",Tampa,INVH-137-zenith-cir-33913-1809,3,2.0,1690,1995.0,2026-10-07,23 months,False,,,,,,,,https://www.invitationhomes.com/houses-for-rent/137-zenith-cir-33913-1809,2026-08-23,2026-09-12,FL,Fort Myers,,,,,137-zenith-cir-33913-1809
2026-09-12,INVH,Tampa,"4806 29th St SW, Lehigh Acres, FL, 33973",Tampa,INVH-4806-29th-st-sw-33973-2945,3,2.0,1025,1749.0,2026-10-11,23 months,False,,,,,,,,https://www.invitationhomes.com/houses-for-rent/4806-29th-st-sw-33973-2945,2026-09-03,2026-09-12,FL,Lehigh Acres,,,,,4806-29th-st-sw-33973-2945
2026-09-12,INVH,Tampa,"10321 Silver Pond Lane, Lehigh Acres, FL, 33936",Tampa,INVH-10321-silver-pond-lane-33963-103689,3,2.0,1672,2045.0,2026-10-15,23 months,False,,,,,,,,https://www.invitationhomes.com/houses-for-rent/10321-silver-pond-lane-33963-103689,2026-09-03,2026-09-12,FL,Lehigh Acres,,,,,10321-silver-pond-lane-33963-103689
2026-09-12,INVH,Tampa,"26 Mariner Ln, Rotonda West, FL, 33947",Tampa,INVH-26-mariner-ln-rotonda-west-fl-33947,3,2.0,1330,1975.0,2026-09-12,23 months,False,,,,,,,,https://www.invitationhomes.com/houses-for-rent/26-mariner-ln-rotonda-west-fl-33947,2026-09-09,2026-09-12,FL,Rotonda West,,,,,26-mariner-ln-rotonda-west-fl-33947
2026-09-12,INVH,Tampa,"953 Gasparilla Blvd, Englewood, FL, 34223",Tampa,INVH-953-gasparilla-blvd-34223-2375,3,3.0,2226,2099.0,2026-09-12,23 months,False,,,,,,,,https://www.invitationhomes.com/houses-for-rent/953-gasparilla-blvd-34223-2375,2026-06-09,2026-09-12,FL,Englewood,,,,,953-gasparilla-blvd-34223-2375
2026-09-12,INVH,Tampa,"8048 Majestic Palms Ct, Venice, FL, 34293",Tampa,INVH-8048-majestic-palms-court-2-34293-121760,3,2.0,1504,2695.0,2026-10-15,12 months,False,,,,,,,,https://www.invitationhomes.com/houses-for-rent/8048-majestic-palms-court-2-34293-121760,2026-09-12,2026-09-12,FL,Venice,,,,,8048-majestic-palms-court-2-34293-121760
2026-09-12,INVH,Tampa,"4259 Tennyson Way, Venice, FL, 34293",Tampa,INVH-4259-tennyson-way-34293-3634,3,2.0,1535,2199.0,2026-09-12,23 months,False,,,,,,,,https://www.invitationhomes.com/houses-for-rent/4259-tennyson-way-34293-3634,2026-08-02,2026-09-12,FL,Venice,,,,,4259-tennyson-way-34293-3634
2026-09-12,INVH,Tampa,"362 Fareham Dr, Venice, FL, 34293",Tampa,INVH-362-fareham-dr-34293-5179,3,2.0,1897,1995.0,2026-09-12,23 months,False,,,,,,,,https://www.invitationhomes.com/houses-for-rent/362-fareham-dr-34293-5179,2026-06-09,2026-09-12,FL,Venice,,,,,362-fareham-dr-34293-5179
2026-09-12,INVH,Tampa,"17043 Coral Key Dr, Nokomis, FL, 34275",Tampa,INVH-17043-coral-key-dr-34275-96474,3,2.5,1485,2045.0,2026-09-12,23 months,False,,,,,,,,https://www.invitationhomes.com/houses-for-rent/17043-coral-key-dr-34275-96474,2026-07-19,2026-09-12,FL,Nokomis,,,,,17043-coral-key-dr-34275-96474
2026-09-12,INVH,Tampa,"2824 Seaspray St, Sarasota, FL, 34231",Tampa,INVH-2824-seaspray-st-sarasota-fl-34231,3,2.0,1456,2060.0,2026-09-12,23 months,False,,,,,,,,https://www.invitationhomes.com/houses-for-rent/2824-seaspray-st-sarasota-fl-34231,2026-07-19,2026-09-12,FL,Sarasota,,,,,2824-seaspray-st-sarasota-fl-34231
2026-09-12,INVH,Tampa,"6260 Parmeron Ln, Sarasota, FL, 34231",Tampa,INVH-6260-parmeron-ln-34231-7537,4,2.5,2845,3165.0,2026-09-12,19 months,False,,,,,,,,https://www.invitationhomes.com/houses-for-rent/6260-parmeron-ln-34231-7537,2026-06-14,2026-09-12,FL,Sarasota,,,,,6260-parmeron-ln-34231-7537
2026-09-12,INVH,Tampa,"4029 Tern St, Sarasota, FL, 34232",Tampa,INVH-4029-tern-st-34232-5813,3,2.0,1453,2295.0,2026-10-18,23 months,False,,,,,,,,https://www.invitationhomes.com/houses-for-rent/4029-tern-st-34232-5813,2026-09-03,2026-09-12,FL,Sarasota,,,,,4029-tern-st-34232-5813
2026-09-12,INVH,Tampa,"3913 Mesa Ave, Sarasota, FL, 34233",Tampa,INVH-3913-mesa-ave-34233-7407,3,2.0,1023,1795.0,2026-09-12,24 months,False,,,,,,,,https://www.invitationhomes.com/houses-for-rent/3913-mesa-ave-34233-7407,2026-04-13,2026-09-12,FL,Sarasota,,,,,3913-mesa-ave-34233-7407
2026-09-12,INVH,Tampa,"2719 Linwood Dr, Sarasota, FL, 34232",Tampa,INVH-2719-linwood-dr-34232-1449,3,2.0,1214,2349.0,2026-10-11,23 months,False,,,,,,,,https://www.invitationhomes.com/houses-for-rent/2719-linwood-dr-34232-1449,2026-09-03,2026-09-12,FL,Sarasota,,,,,2719-linwood-dr-34232-1449
2026-09-12,INVH,Tampa,"5343 Colewood Pl, Sarasota, FL, 34232",Tampa,INVH-5343-colewood-pl-sarasota-fl-34232,4,2.0,1347,2495.0,2026-09-30,23 months,False,,,,,,,,https://www.invitationhomes.com/houses-for-rent/5343-colewood-pl-sarasota-fl-34232,2026-09-03,2026-09-12,FL,Sarasota,,,,,5343-colewood-pl-sarasota-fl-34232
2026-09-12,INVH,Tampa,"5543 Duncanwood Pl, Sarasota, FL, 34232",Tampa,INVH-5543-duncanwood-pl-34232-4805,4,2.0,1515,2595.0,2026-09-30,23 months,False,,,,,,,,https://www.invitationhomes.com/houses-for-rent/5543-duncanwood-pl-34232-4805,2026-09-09,2026-09-12,FL,Sarasota,,,,,5543-duncanwood-pl-34232-4805
2026-09-12,INVH,Tampa,"2563 W Scarlet Oak Ct, Sarasota, FL, 34232",Tampa,INVH-2563-w-scarlet-oak-ct-34232-3867,3,2.0,1647,2299.0,2026-09-12,23 months,False,,,,,,,,https://www.invitationhomes.com/houses-for-rent/2563-w-scarlet-oak-ct-34232-3867,2026-08-02,2026-09-12,FL,Sarasota,,,,,2563-w-scarlet-oak-ct-34232-3867
2026-09-12,INVH,Tampa,"4211 Arrow Dr, Sarasota, FL, 34232",Tampa,INVH-4211-arrow-dr-sarasota-fl-34232,3,2.0,1637,2295.0,2026-10-15,23 months,False,,,,,,,,https://www.invitationhomes.com/houses-for-rent/4211-arrow-dr-sarasota-fl-34232,2026-09-03,2026-09-12,FL,Sarasota,,,,,4211-arrow-dr-sarasota-fl-34232
2026-09-12,INVH,Tampa,"4061 Prairie View Dr N, Sarasota, FL, 34232",Tampa,INVH-4061-prairie-view-dr-n-sarasota-fl-34232,3,2.0,2005,2995.0,2026-09-17,19 months,False,,,,,,,,https://www.invitationhomes.com/houses-for-rent/4061-prairie-view-dr-n-sarasota-fl-34232,2026-07-19,2026-09-12,FL,Sarasota,,,,,4061-prairie-view-dr-n-sarasota-fl-34232
2026-09-12,INVH,Tampa,"131 Adair Ave, Sarasota, FL, 34243",Tampa,INVH-131-adair-ave-sarasota-fl-34243,3,2.0,1540,2145.0,2026-09-12,23 months,False,,,,,,,,https://www.invitationhomes.com/houses-for-rent/131-adair-ave-sarasota-fl-34243,2026-08-02,2026-09-12,FL,Sarasota,,,,,131-adair-ave-sarasota-fl-34243
2026-09-12,INVH,Tampa,"7325 Claries Dr, Sarasota, FL, 34243",Tampa,INVH-7325-claries-dr-34243-2558,3,2.0,1804,2595.0,2026-10-12,23 months,False,,,,,,,,https://www.invitationhomes.com/houses-for-rent/7325-claries-dr-34243-2558,2026-09-03,2026-09-12,FL,Sarasota,,,,,7325-claries-dr-34243-2558
2026-09-12,INVH,Tampa,"2033 Dodge Ave, Sarasota, FL, 34234",Tampa,INVH-2033-dodge-ave-34234-7150,3,2.0,1755,2449.0,2026-09-16,24 months,False,,,,,,,,https://www.invitationhomes.com/houses-for-rent/2033-dodge-ave-34234-7150,2026-07-19,2026-09-12,FL,Sarasota,,,,,2033-dodge-ave-34234-7150
2026-09-12,INVH,Tampa,"3450 Dover St, Sarasota, FL, 34235",Tampa,INVH-3450-dover-st-34235-3591,4,2.0,2178,2845.0,2026-09-28,19 months,False,,,,,,,,https://www.invitationhomes.com/houses-for-rent/3450-dover-st-34235-3591,2026-08-16,2026-09-12,FL,Sarasota,,,,,3450-dover-st-34235-3591
2026-09-12,INVH,Tampa,"1366 Grantham Dr #1366, Sarasota, FL, 34234",Tampa,INVH-1366-grantham-dr-34234-114336,3,2.5,1575,2095.0,2026-09-12,23 months,False,,,,,,,,https://www.invitationhomes.com/houses-for-rent/1366-grantham-dr-34234-114336,2026-04-13,2026-09-12,FL,Sarasota,,,,,1366-grantham-dr-34234-114336
2026-09-12,INVH,Tampa,"3701 Schwalbe Dr, Sarasota, FL, 34235",Tampa,INVH-3701-schwalbe-dr-34235-7720,4,2.0,1628,2095.0,2026-09-12,23 months,False,,,,,,,,https://www.invitationhomes.com/houses-for-rent/3701-schwalbe-dr-34235-7720,2026-06-09,2026-09-12,FL,Sarasota,,,,,3701-schwalbe-dr-34235-7720
2026-09-12,INVH,Tampa,"5308 Angeles Ave, Sarasota, FL, 34235",Tampa,INVH-5308-angeles-ave-34235-1771,4,2.0,1708,2899.0,2026-09-12,23 months,False,,,,,,,,https://www.invitationhomes.com/houses-for-rent/5308-angeles-ave-34235-1771,2026-07-19,2026-09-12,FL,Sarasota,,,,,5308-angeles-ave-34235-1771
2026-09-12,INVH,Tampa,"4008 78th Pl E, Sarasota, FL, 34243",Tampa,INVH-4008-78th-pl-34243-4748,4,3.0,2679,3295.0,2026-09-12,19 months,False,,,,,,,,https://www.invitationhomes.com/houses-for-rent/4008-78th-pl-34243-4748,2026-07-19,2026-09-12,FL,Sarasota,,,,,4008-78th-pl-34243-4748
2026-09-12,INVH,Tampa,"7539 42nd Ct E, Sarasota, FL, 34243",Tampa,INVH-7539-42nd-ct-e-sarasota-fl-34243,3,2.0,1518,2449.0,2026-09-12,23 months,False,,,,,,,,https://www.invitationhomes.com/houses-for-rent/7539-42nd-ct-e-sarasota-fl-34243,2026-08-02,2026-09-12,FL,Sarasota,,,,,7539-42nd-ct-e-sarasota-fl-34243
2026-09-12,INVH,Tampa,"7348 Linden Ln, Sarasota, FL, 34243",Tampa,INVH-7348-linden-ln-34243-7607,3,3.0,1714,2549.0,2026-09-12,23 months,False,,,,,,,,https://www.invitationhomes.com/houses-for-rent/7348-linden-ln-34243-7607,2026-05-24,2026-09-12,FL,Sarasota,,,,,7348-linden-ln-34243-7607
2026-09-12,INVH,Tampa,"6667 68th St E, Bradenton, FL, 34203",Tampa,INVH-6667-68th-st-e-bradenton-fl-34203,3,3.0,1716,2545.0,2026-10-20,23 months,False,,,,,,,,https://www.invitationhomes.com/houses-for-rent/6667-68th-st-e-bradenton-fl-34203,2026-09-06,2026-09-12,FL,Bradenton,,,,,6667-68th-st-e-bradenton-fl-34203
2026-09-12,INVH,Tampa,"4237 Charing Cross Rd, Sarasota, FL, 34241",Tampa,INVH-4237-charing-cross-rd-sarasota-fl-34241,3,2.0,1735,2545.0,2026-10-06,23 months,False,,,,,,,,https://www.invitationhomes.com/houses-for-rent/4237-charing-cross-rd-sarasota-fl-34241,2026-08-23,2026-09-12,FL,Sarasota,,,,,4237-charing-cross-rd-sarasota-fl-34241
2026-09-12,INVH,Tampa,"11518 Pimpernel Dr, Lakewood Ranch, FL, 34202",Tampa,INVH-11518-pimpernel-dr-34202-7375,4,2.5,2441,3445.0,2026-09-12,19 months,False,,,,,,,,https://www.invitationhomes.com/houses-for-rent/11518-pimpernel-dr-34202-7375,2026-08-02,2026-09-12,FL,Lakewood Ranch,,,,,11518-pimpernel-dr-34202-7375
2026-09-12,INVH,Tampa,"13433 Warba Ave, Port Charlotte, FL, 33981",Tampa,INVH-13433-warba-ave-33981-4601,4,2.0,1877,1785.0,2026-09-12,23 months,False,,,,,,,,https://www.invitationhomes.com/houses-for-rent/13433-warba-ave-33981-4601,2026-07-19,2026-09-12,FL,Port Charlotte,,,,,13433-warba-ave-33981-4601
2026-09-12,INVH,Tampa,"10014 Ancona St, Port Charlotte, FL, 33981",Tampa,INVH-10014-ancona-st-33981-7175,4,2.0,1891,1725.0,2026-09-12,23 months,False,,,,,,,,https://www.invitationhomes.com/houses-for-rent/10014-ancona-st-33981-7175,2026-06-09,2026-09-12,FL,Port Charlotte,,,,,10014-ancona-st-33981-7175
2026-09-12,INVH,Tampa,"16049 Juarez Cir, Punta Gorda, FL, 33955",Tampa,INVH-16049-juarez-cir-33955-111318,4,2.0,1809,1895.0,2026-09-12,23 months,False,,,,,,,,https://www.invitationhomes.com/houses-for-rent/16049-juarez-cir-33955-111318,2026-07-19,2026-09-12,FL,Punta Gorda,,,,,16049-juarez-cir-33955-111318
2026-09-12,INVH,Tampa,"25201 Doredo Dr, Punta Gorda, FL, 33955",Tampa,INVH-25201-doredo-dr-33955-93716,4,2.0,1809,2025.0,2026-10-20,23 months,False,,,,,,,,https://www.invitationhomes.com/houses-for-rent/25201-doredo-dr-33955-93716,2026-09-06,2026-09-12,FL,Punta Gorda,,,,,25201-doredo-dr-33955-93716
2026-09-12,INVH,Tampa,"25369 Doredo Dr, Punta Gorda, FL, 33955",Tampa,INVH-25369-doredo-dr-33955-93544,4,2.0,1809,1995.0,2026-09-12,23 months,False,,,,,,,,https://www.invitationhomes.com/houses-for-rent/25369-doredo-dr-33955-93544,2026-09-03,2026-09-12,FL,Punta Gorda,,,,,25369-doredo-dr-33955-93544
2026-09-12,INVH,Tampa,"25402 Doredo Dr, Punta Gorda, FL, 33955",Tampa,INVH-25402-doredo-dr-33955-93728,4,2.0,1809,1940.0,2026-09-12,23 months,False,,,,,,,,https://www.invitationhomes.com/houses-for-rent/25402-doredo-dr-33955-93728,2026-07-19,2026-09-12,FL,Punta Gorda,,,,,25402-doredo-dr-33955-93728
2026-09-12,INVH,Tampa,"25330 Puerta Dr, Punta Gorda, FL, 33955",Tampa,INVH-25330-puerta-dr-33955-93674,4,2.0,1809,1749.0,2026-09-12,23 months,False,,,,,,,,https://www.invitationhomes.com/houses-for-rent/25330-puerta-dr-33955-93674,2026-07-19,2026-09-12,FL,Punta Gorda,,,,,25330-puerta-dr-33955-93674
2026-09-12,INVH,Tampa,"25368 Puerta Dr, Punta Gorda, FL, 33955",Tampa,INVH-25368-puerta-dr-33955-111259,4,2.0,1809,1995.0,2026-09-12,23 months,False,,,,,,,,https://www.invitationhomes.com/houses-for-rent/25368-puerta-dr-33955-111259,2026-08-16,2026-09-12,FL,Punta Gorda,,,,,25368-puerta-dr-33955-111259
2026-09-12,INVH,Tampa,"16350 W Perdida Ct, Punta Gorda, FL, 33955",Tampa,INVH-16350-w-perdida-ct-33955-93520,4,2.0,1809,1799.0,2026-09-12,23 months,False,,,,,,,,https://www.invitationhomes.com/houses-for-rent/16350-w-perdida-ct-33955-93520,2026-08-10,2026-09-12,FL,Punta Gorda,,,,,16350-w-perdida-ct-33955-93520
2026-09-12,INVH,Tampa,"16061 Overdale Ct, Punta Gorda, FL, 33955",Tampa,INVH-16061-overdale-ct-33955-93760,4,2.0,1809,1780.0,2026-09-12,23 months,False,,,,,,,,https://www.invitationhomes.com/houses-for-rent/16061-overdale-ct-33955-93760,2026-07-19,2026-09-12,FL,Punta Gorda,,,,,16061-overdale-ct-33955-93760
2026-09-12,INVH,Tampa,"9974 Bishop Creek Way, Punta Gorda, FL, 33950",Tampa,INVH-9974-bishop-creek-way-33950-92111,4,2.0,1994,2285.0,2026-09-12,23 months,False,,,,,,,,https://www.invitationhomes.com/houses-for-rent/9974-bishop-creek-way-33950-92111,2026-08-10,2026-09-12,FL,Punta Gorda,,,,,9974-bishop-creek-way-33950-92111
2026-09-12,INVH,Tampa,"18187 Petoskey Cir, Port Charlotte, FL, 33948",Tampa,INVH-18187-petoskey-cir-port-charlotte-fl-33948,3,2.0,1525,1895.0,2026-09-18,23 months,False,,,,,,,,https://www.invitationhomes.com/houses-for-rent/18187-petoskey-cir-port-charlotte-fl-33948,2026-08-16,2026-09-12,FL,Port Charlotte,,,,,18187-petoskey-cir-port-charlotte-fl-33948
2026-09-12,INVH,Tampa,"2681 Shady Ave, North Port, FL, 34286",Tampa,INVH-2681-shady-ave-north-port-fl-34286,3,2.0,2038,1935.0,2026-09-12,23 months,False,,,,,,,,https://www.invitationhomes.com/houses-for-rent/2681-shady-ave-north-port-fl-34286,2026-08-02,2026-09-12,FL,North Port,,,,,2681-shady-ave-north-port-fl-34286
2026-09-12,INVH,Tampa,"5493 S Chamberlain Blvd, North Port, FL, 34286",Tampa,INVH-5493-s-chamberlain-blvd-34286-7246,3,2.0,1809,2070.0,2026-09-12,23 months,False,,,,,,,,https://www.invitationhomes.com/houses-for-rent/5493-s-chamberlain-blvd-34286-7246,2026-08-02,2026-09-12,FL,North Port,,,,,5493-s-chamberlain-blvd-34286-7246
2026-09-12,INVH,Tampa,"18416 Yarbrough Ave, Port Charlotte, FL, 33948",Tampa,INVH-18416-yarbrough-ave-33948-8114,3,2.0,1518,1735.0,2026-09-12,23 months,False,,,,,,,,https://www.invitationhomes.com/houses-for-rent/18416-yarbrough-ave-33948-8114,2026-07-19,2026-09-12,FL,Port Charlotte,,,,,18416-yarbrough-ave-33948-8114
2026-09-12,INVH,Tampa,"707 Hartford Dr NW, Port Charlotte, FL, 33952",Tampa,INVH-707-hartford-dr-nw-33952-5012,3,2.0,1316,1775.0,2026-10-19,23 months,False,,,,,,,,https://www.invitationhomes.com/houses-for-rent/707-hartford-dr-nw-33952-5012,2026-09-06,2026-09-12,FL,Port Charlotte,,,,,707-hartford-dr-nw-33952-5012
2026-09-12,INVH,Tampa,"20302 Lorenzo Ave, Port Charlotte, FL, 33952",Tampa,INVH-20302-lorenzo-ave-33952-9671,3,2.0,1245,1630.0,2026-09-12,23 months,False,,,,,,,,https://www.invitationhomes.com/houses-for-rent/20302-lorenzo-ave-33952-9671,2026-08-02,2026-09-12,FL,Port Charlotte,,,,,20302-lorenzo-ave-33952-9671
2026-09-12,INVH,Tampa,"21224 Alderson Ave, Port Charlotte, FL, 33952",Tampa,INVH-21224-alderson-ave-port-charlotte-fl-33952,3,2.0,1680,1745.0,2026-09-12,23 months,False,,,,,,,,https://www.invitationhomes.com/houses-for-rent/21224-alderson-ave-port-charlotte-fl-33952,2026-07-19,2026-09-12,FL,Port Charlotte,,,,,21224-alderson-ave-port-charlotte-fl-33952
2026-09-12,INVH,Tampa,"360 Adair St, Port Charlotte, FL, 33954",Tampa,INVH-360-adair-st-33954-96332,4,2.0,1809,2145.0,2026-09-21,23 months,False,,,,,,,,https://www.invitationhomes.com/houses-for-rent/360-adair-st-33954-96332,2026-08-02,2026-09-12,FL,Port Charlotte,,,,,360-adair-st-33954-96332
2026-09-12,INVH,Tampa,"21207 Berkshire Ave, Port Charlotte, FL, 33954",Tampa,INVH-21207-berkshire-ave-33954-114651,4,2.0,1809,2085.0,2026-09-12,23 months,False,,,,,,,,https://www.invitationhomes.com/houses-for-rent/21207-berkshire-ave-33954-114651,2026-08-02,2026-09-12,FL,Port Charlotte,,,,,21207-berkshire-ave-33954-114651
2026-09-12,INVH,Tampa,"21499 Argosy Ave, Port Charlotte, FL, 33954",Tampa,INVH-21499-argosy-ave-33954-93945,4,2.0,1809,2235.0,2026-09-12,23 months,False,,,,,,,,https://www.invitationhomes.com/houses-for-rent/21499-argosy-ave-33954-93945,2026-08-10,2026-09-12,FL,Port Charlotte,,,,,21499-argosy-ave-33954-93945
2026-09-12,INVH,Tampa,"3511 Johannesberg Rd, North Port, FL, 34288",Tampa,INVH-3511-johannesberg-rd-34288-4246,4,2.0,1877,2245.0,2026-10-22,23 months,False,,,,,,,,https://www.invitationhomes.com/houses-for-rent/3511-johannesberg-rd-34288-4246,2026-09-09,2026-09-12,FL,North Port,,,,,3511-johannesberg-rd-34288-4246
2026-09-12,INVH,Tampa,"21370 Grayton Ter, Port Charlotte, FL, 33954",Tampa,INVH-21370-grayton-ter-33954-6991,3,2.0,1361,1845.0,2026-10-07,23 months,False,,,,,,,,https://www.invitationhomes.com/houses-for-rent/21370-grayton-ter-33954-6991,2026-08-23,2026-09-12,FL,Port Charlotte,,,,,21370-grayton-ter-33954-6991
2026-09-12,INVH,Tampa,"22552 Tennyson Ave, Port Charlotte, FL, 33954",Tampa,INVH-22552-tennyson-ave-33954-111372,4,2.0,1809,2075.0,2026-10-12,23 months,False,,,,,,,,https://www.invitationhomes.com/houses-for-rent/22552-tennyson-ave-33954-111372,2026-09-03,2026-09-12,FL,Port Charlotte,,,,,22552-tennyson-ave-33954-111372
2026-09-12,INVH,Tampa,"23165 Lindale Ave, Port Charlotte, FL, 33954",Tampa,INVH-23165-lindale-ave-33954-96183,4,2.0,1809,2045.0,2026-09-12,23 months,False,,,,,,,,https://www.invitationhomes.com/houses-for-rent/23165-lindale-ave-33954-96183,2026-08-16,2026-09-12,FL,Port Charlotte,,,,,23165-lindale-ave-33954-96183
2026-09-12,INVH,Tampa,"27143 Ann Arbor Ave, Punta Gorda, FL, 33983",Tampa,INVH-27143-ann-arbor-ave-33983-8447,3,2.0,1762,1699.0,2026-09-18,23 months,False,,,,,,,,https://www.invitationhomes.com/houses-for-rent/27143-ann-arbor-ave-33983-8447,2026-07-19,2026-09-12,FL,Punta Gorda,,,,,27143-ann-arbor-ave-33983-8447
2026-09-12,INVH,Tampa,"2096 Mazatlan Rd, Punta Gorda, FL, 33983",Tampa,INVH-2096-mazatlan-rd-33983-90058,3,2.0,2196,1945.0,2026-09-12,23 months,False,,,,,,,,https://www.invitationhomes.com/houses-for-rent/2096-mazatlan-rd-33983-90058,2026-06-14,2026-09-12,FL,Punta Gorda,,,,,2096-mazatlan-rd-33983-90058
2026-09-12,INVH,Tampa,"1124 Fergus Ln, Punta Gorda, FL, 33983",Tampa,INVH-1124-fergus-ln-punta-gorda-fl-33983,3,2.0,2108,1995.0,2026-09-25,23 months,False,,,,,,,,https://www.invitationhomes.com/houses-for-rent/1124-fergus-ln-punta-gorda-fl-33983,2026-07-19,2026-09-12,FL,Punta Gorda,,,,,1124-fergus-ln-punta-gorda-fl-33983
2026-09-12,INVH,Tampa,"25026 Palisade Rd, Punta Gorda, FL, 33983",Tampa,INVH-25026-palisade-rd-punta-gorda-fl-33983,3,2.0,2020,1995.0,2026-09-12,23 months,False,,,,,,,,https://www.invitationhomes.com/houses-for-rent/25026-palisade-rd-punta-gorda-fl-33983,2026-06-09,2026-09-12,FL,Punta Gorda,,,,,25026-palisade-rd-punta-gorda-fl-33983
2026-09-12,INVH,Tampa,"23306 Moorhead Ave, Port Charlotte, FL, 33954",Tampa,INVH-23306-moorhead-ave-33954-9541,3,2.0,1715,1870.0,2026-09-12,23 months,False,,,,,,,,https://www.invitationhomes.com/houses-for-rent/23306-moorhead-ave-33954-9541,2026-08-02,2026-09-12,FL,Port Charlotte,,,,,23306-moorhead-ave-33954-9541
2026-09-12,INVH,Tampa,"4263 Palatina Wy, North Fort Myers, FL, 33917",Tampa,INVH-4263-palatina-wy-33917-118122,5,2.5,2896,2399.0,2026-09-30,24 months,False,,,,,,,,https://www.invitationhomes.com/houses-for-rent/4263-palatina-wy-33917-118122,2026-08-16,2026-09-12,FL,North Fort Myers,,,,,4263-palatina-wy-33917-118122
2026-09-12,INVH,Tampa,"3228 N Biscayne Dr, North Port, FL, 34291",Tampa,INVH-3228-n-biscayne-dr-34291-2829,3,2.0,1636,2145.0,2026-10-02,23 months,False,,,,,,,,https://www.invitationhomes.com/houses-for-rent/3228-n-biscayne-dr-34291-2829,2026-08-16,2026-09-12,FL,North Port,,,,,3228-n-biscayne-dr-34291-2829
2026-09-12,INVH,Tampa,"8325 Scanlon Ave, North Port, FL, 34291",Tampa,INVH-8325-scanlon-ave-34291-6634,3,2.0,1532,2345.0,2026-10-19,23 months,False,,,,,,,,https://www.invitationhomes.com/houses-for-rent/8325-scanlon-ave-34291-6634,2026-08-02,2026-09-12,FL,North Port,,,,,8325-scanlon-ave-34291-6634
2026-09-12,INVH,Tampa,"6048 Hornbuckle Blvd, North Port, FL, 34291",Tampa,INVH-6048-hornbuckle-blvd-north-port-fl-34291,3,2.0,2040,2145.0,2026-09-12,23 months,False,,,,,,,,https://www.invitationhomes.com/houses-for-rent/6048-hornbuckle-blvd-north-port-fl-34291,2026-07-19,2026-09-12,FL,North Port,,,,,6048-hornbuckle-blvd-north-port-fl-34291
2026-09-12,INVH,Tampa,"3002 Alesio Ave, North Port, FL, 34286",Tampa,INVH-3002-alesio-ave-north-port-fl-34286,3,2.0,1568,1945.0,2026-09-12,23 months,False,,,,,,,,https://www.invitationhomes.com/houses-for-rent/3002-alesio-ave-north-port-fl-34286,2026-05-09,2026-09-12,FL,North Port,,,,,3002-alesio-ave-north-port-fl-34286
2026-09-12,INVH,Tampa,"1524 Nicollett Ave, North Port, FL, 34286",Tampa,INVH-1524-nicollett-ave-34286-8884,3,2.0,1323,2180.0,2026-10-10,23 months,False,,,,,,,,https://www.invitationhomes.com/houses-for-rent/1524-nicollett-ave-34286-8884,2026-09-03,2026-09-12,FL,North Port,,,,,1524-nicollett-ave-34286-8884
2026-09-12,INVH,Tampa,"6906 20th Ave W, Bradenton, FL, 34209",Tampa,INVH-6906-20th-ave-w-34209-7929,2,2.0,1659,2449.0,2026-09-15,23 months,False,,,,,,,,https://www.invitationhomes.com/houses-for-rent/6906-20th-ave-w-34209-7929,2026-08-16,2026-09-12,FL,Bradenton,,,,,6906-20th-ave-w-34209-7929
2026-09-12,INVH,Tampa,"6906 16th Avenue Dr W, Bradenton, FL, 34209",Tampa,INVH-6906-16th-avenue-dr-w-bradenton-fl-34209,3,2.0,1679,2695.0,2026-10-03,19 months,False,,,,,,,,https://www.invitationhomes.com/houses-for-rent/6906-16th-avenue-dr-w-bradenton-fl-34209,2026-08-23,2026-09-12,FL,Bradenton,,,,,6906-16th-avenue-dr-w-bradenton-fl-34209
2026-09-12,INVH,Tampa,"108 57th St W, Bradenton, FL, 34209",Tampa,INVH-108-57th-st-w-34209-6465,4,3.0,1721,2595.0,2026-09-15,23 months,False,,,,,,,,https://www.invitationhomes.com/houses-for-rent/108-57th-st-w-34209-6465,2026-04-20,2026-09-12,FL,Bradenton,,,,,108-57th-st-w-34209-6465
2026-09-12,INVH,Tampa,"1201 71st St NW, Bradenton, FL, 34209",Tampa,INVH-1201-71st-st-nw-bradenton-fl-34209,3,2.0,1736,2845.0,2026-10-03,19 months,False,,,,,,,,https://www.invitationhomes.com/houses-for-rent/1201-71st-st-nw-bradenton-fl-34209,2026-08-23,2026-09-12,FL,Bradenton,,,,,1201-71st-st-nw-bradenton-fl-34209
2026-09-12,INVH,Tampa,"777 La Plaza Ave S, St. Petersburg, FL, 33707",Tampa,INVH-777-la-plaza-ave-s-33707-103747,3,2.0,1972,3510.0,2026-09-12,19 months,False,,,,,,,,https://www.invitationhomes.com/houses-for-rent/777-la-plaza-ave-s-33707-103747,2026-08-02,2026-09-12,FL,St. Petersburg,,,,,777-la-plaza-ave-s-33707-103747
2026-09-12,INVH,Tampa,"6390 28th St S, Saint Petersburg, FL, 33712",Tampa,INVH-6390-28th-st-s-33712-6244,3,3.0,1998,2865.0,2026-09-12,19 months,False,,,,,,,,https://www.invitationhomes.com/houses-for-rent/6390-28th-st-s-33712-6244,2026-07-19,2026-09-12,FL,Saint Petersburg,,,,,6390-28th-st-s-33712-6244
2026-09-12,INVH,Tampa,"2512 Casilla Way S, Saint Petersburg, FL, 33712",Tampa,INVH-2512-casilla-way-s-33712-8011,3,2.0,1456,2580.0,2026-09-24,23 months,False,,,,,,,,https://www.invitationhomes.com/houses-for-rent/2512-casilla-way-s-33712-8011,2026-08-16,2026-09-12,FL,Saint Petersburg,,,,,2512-casilla-way-s-33712-8011
2026-09-12,INVH,Tampa,"5205 10Th Ave S, Gulfport, FL, 33707",Tampa,INVH-5205-10th-ave-s-33707-103567,3,1.0,1134,2295.0,2026-09-12,23 months,False,,,,,,,,https://www.invitationhomes.com/houses-for-rent/5205-10th-ave-s-33707-103567,2026-04-20,2026-09-12,FL,Gulfport,,,,,5205-10th-ave-s-33707-103567
2026-09-12,INVH,Tampa,"2550 17Th Ave S, St. Petersburg, FL, 33712",Tampa,INVH-2550-17th-ave-s-33712-103540,3,1.0,920,1985.0,2026-09-12,23 months,False,,,,,,,,https://www.invitationhomes.com/houses-for-rent/2550-17th-ave-s-33712-103540,2026-08-02,2026-09-12,FL,St. Petersburg,,,,,2550-17th-ave-s-33712-103540
2026-09-12,INVH,Tampa,"5120 52nd Ave W, Bradenton, FL, 34210",Tampa,INVH-5120-52nd-ave-w-34210-9034,3,2.0,1964,2845.0,2026-09-14,19 months,False,,,,,,,,https://www.invitationhomes.com/houses-for-rent/5120-52nd-ave-w-34210-9034,2026-08-02,2026-09-12,FL,Bradenton,,,,,5120-52nd-ave-w-34210-9034
2026-09-12,INVH,Tampa,"3508 40th Ave W, Bradenton, FL, 34205",Tampa,INVH-3508-40th-ave-w-34205-7460,3,1.5,1307,1930.0,2026-09-12,23 months,False,,,,,,,,https://www.invitationhomes.com/houses-for-rent/3508-40th-ave-w-34205-7460,2026-07-19,2026-09-12,FL,Bradenton,,,,,3508-40th-ave-w-34205-7460
2026-09-12,INVH,Tampa,"3619 York Dr W, Bradenton, FL, 34205",Tampa,INVH-3619-york-dr-w-34205-7125,3,2.0,1679,2195.0,2026-09-12,23 months,False,,,,,,,,https://www.invitationhomes.com/houses-for-rent/3619-york-dr-w-34205-7125,2026-07-19,2026-09-12,FL,Bradenton,,,,,3619-york-dr-w-34205-7125
2026-09-12,INVH,Tampa,"3415 32nd St W, Bradenton, FL, 34205",Tampa,INVH-3415-32nd-st-w-34205-3292,3,2.0,1331,2049.0,2026-09-12,23 months,False,,,,,,,,https://www.invitationhomes.com/houses-for-rent/3415-32nd-st-w-34205-3292,2026-07-19,2026-09-12,FL,Bradenton,,,,,3415-32nd-st-w-34205-3292
2026-09-12,INVH,Tampa,"2002 25th Ave W, Bradenton, FL, 34205",Tampa,INVH-2002-25th-w-ave-34205-9963,3,3.0,1440,2130.0,2026-09-17,23 months,False,,,,,,,,https://www.invitationhomes.com/houses-for-rent/2002-25th-w-ave-34205-9963,2026-07-19,2026-09-12,FL,Bradenton,,,,,2002-25th-w-ave-34205-9963
2026-09-12,INVH,Tampa,"6034 39th Ct E, Bradenton, FL, 34203",Tampa,INVH-6034-39th-ct-e-34203-5039,4,2.0,2182,3345.0,2026-09-28,19 months,False,,,,,,,,https://www.invitationhomes.com/houses-for-rent/6034-39th-ct-e-34203-5039,2026-08-02,2026-09-12,FL,Bradenton,,,,,6034-39th-ct-e-34203-5039
2026-09-12,INVH,Tampa,"4307 2nd Ave E, Bradenton, FL, 34208",Tampa,INVH-4307-2nd-ave-e-34208-6868,4,2.0,1987,2995.0,2026-10-05,19 months,False,,,,,,,,https://www.invitationhomes.com/houses-for-rent/4307-2nd-ave-e-34208-6868,2026-08-23,2026-09-12,FL,Bradenton,,,,,4307-2nd-ave-e-34208-6868
2026-09-12,INVH,Tampa,"4455 6th Ave E, Bradenton, FL, 34208",Tampa,INVH-4455-6th-ave-e-34208-7604,4,2.0,1887,2885.0,2026-10-21,19 months,False,,,,,,,,https://www.invitationhomes.com/houses-for-rent/4455-6th-ave-e-34208-7604,2026-09-06,2026-09-12,FL,Bradenton,,,,,4455-6th-ave-e-34208-7604
2026-09-12,INVH,Tampa,"8819 Haven Harbour Way, Bradenton, FL, 34212",Tampa,INVH-8819-haven-harbour-way-bradenton-fl-34212,3,2.0,2029,2995.0,2026-10-05,19 months,False,,,,,,,,https://www.invitationhomes.com/houses-for-rent/8819-haven-harbour-way-bradenton-fl-34212,2026-08-23,2026-09-12,FL,Bradenton,,,,,8819-haven-harbour-way-bradenton-fl-34212
2026-09-12,INVH,Tampa,"1605 22nd Ave W, Palmetto, FL, 34221",Tampa,INVH-1605-22nd-ave-w-palmetto-fl-34221,3,2.5,2227,2399.0,2026-09-12,23 months,False,,,,,,,,https://www.invitationhomes.com/houses-for-rent/1605-22nd-ave-w-palmetto-fl-34221,2026-07-19,2026-09-12,FL,Palmetto,,,,,1605-22nd-ave-w-palmetto-fl-34221
2026-09-12,INVH,Tampa,"1227 Dr Martin Luther King Jr Pl, Palmetto, FL, 34221",Tampa,INVH-1227-dr-martin-luther-king-jr-pl-34221-4598,3,2.0,1110,2010.0,2026-09-20,23 months,False,,,,,,,,https://www.invitationhomes.com/houses-for-rent/1227-dr-martin-luther-king-jr-pl-34221-4598,2026-08-10,2026-09-12,FL,Palmetto,,,,,1227-dr-martin-luther-king-jr-pl-34221-4598
2026-09-12,INVH,Tampa,"4018 Willow Branch Pl, Palmetto, FL, 34221",Tampa,INVH-4018-willow-branch-pl-34221-92141,4,2.0,1828,2499.0,2026-10-16,23 months,False,,,,,,,,https://www.invitationhomes.com/houses-for-rent/4018-willow-branch-pl-34221-92141,2026-09-03,2026-09-12,FL,Palmetto,,,,,4018-willow-branch-pl-34221-92141
2026-09-12,INVH,Tampa,"348 48th St W, Palmetto, FL, 34221",Tampa,INVH-348-48th-st-w-34221-4146,3,2.0,1268,1895.0,2026-09-12,23 months,False,,,,,,,,https://www.invitationhomes.com/houses-for-rent/348-48th-st-w-34221-4146,2026-07-19,2026-09-12,FL,Palmetto,,,,,348-48th-st-w-34221-4146
2026-09-12,INVH,Tampa,"5431 Los Robles Ct, Palmetto, FL, 34221",Tampa,INVH-5431-los-robles-ct-34221-91280,4,2.0,1633,2330.0,2026-09-12,23 months,False,,,,,,,,https://www.invitationhomes.com/houses-for-rent/5431-los-robles-ct-34221-91280,2026-07-19,2026-09-12,FL,Palmetto,,,,,5431-los-robles-ct-34221-91280
2026-09-12,INVH,Tampa,"4036 Day Bridge Pl, Ellenton, FL, 34222",Tampa,INVH-4036-day-bridge-pl-34222-6867,4,2.5,2014,2295.0,2026-09-12,23 months,False,,,,,,,,https://www.invitationhomes.com/houses-for-rent/4036-day-bridge-pl-34222-6867,2026-08-02,2026-09-12,FL,Ellenton,,,,,4036-day-bridge-pl-34222-6867
2026-09-12,INVH,Tampa,"4001 91st Ave E, Parrish, FL, 34219",Tampa,INVH-4001-91st-ave-e-34219-4637,4,3.0,2988,2645.0,2026-09-12,19 months,False,,,,,,,,https://www.invitationhomes.com/houses-for-rent/4001-91st-ave-e-34219-4637,2026-06-09,2026-09-12,FL,Parrish,,,,,4001-91st-ave-e-34219-4637
2026-09-12,INVH,Tampa,"4108 101st Ave E, Parrish, FL, 34219",Tampa,INVH-4108-101st-ave-e-parrish-fl-34219,4,2.5,2549,2749.0,2026-09-12,23 months,False,,,,,,,,https://www.invitationhomes.com/houses-for-rent/4108-101st-ave-e-parrish-fl-34219,2026-08-02,2026-09-12,FL,Parrish,,,,,4108-101st-ave-e-parrish-fl-34219
2026-09-12,INVH,Tampa,"4163 101st Ave E, Parrish, FL, 34219",Tampa,INVH-4163-101st-ave-e-parrish-fl-34219,4,2.0,1989,2095.0,2026-09-12,23 months,False,,,,,,,,https://www.invitationhomes.com/houses-for-rent/4163-101st-ave-e-parrish-fl-34219,2026-05-03,2026-09-12,FL,Parrish,,,,,4163-101st-ave-e-parrish-fl-34219
2026-09-12,INVH,Tampa,"7232 53rd Pl E, Palmetto, FL, 34221",Tampa,INVH-7232-53rd-pl-e-34221-6609,4,2.5,1894,2220.0,2026-09-12,23 months,False,,,,,,,,https://www.invitationhomes.com/houses-for-rent/7232-53rd-pl-e-34221-6609,2026-07-19,2026-09-12,FL,Palmetto,,,,,7232-53rd-pl-e-34221-6609
2026-09-12,INVH,Tampa,"4502 70th Ave E, Ellenton, FL, 34222",Tampa,INVH-4502-70th-ave-e-34222-5238,3,2.0,2454,2645.0,2026-09-26,19 months,False,,,,,,,,https://www.invitationhomes.com/houses-for-rent/4502-70th-ave-e-34222-5238,2026-08-16,2026-09-12,FL,Ellenton,,,,,4502-70th-ave-e-34222-5238
2026-09-12,INVH,Tampa,"4809 Trout River Xing, Ellenton, FL, 34222",Tampa,INVH-4809-trout-river-xing-34222-9612,4,3.5,2909,2845.0,2026-09-14,24 months,False,,,,,,,,https://www.invitationhomes.com/houses-for-rent/4809-trout-river-xing-34222-9612,2026-09-09,2026-09-12,FL,Ellenton,,,,,4809-trout-river-xing-34222-9612
2026-09-12,INVH,Tampa,"6509 67th St E, Palmetto, FL, 34221",Tampa,INVH-6509-67th-st-e-palmetto-fl-34221,3,2.0,1535,2245.0,2026-09-21,23 months,False,,,,,,,,https://www.invitationhomes.com/houses-for-rent/6509-67th-st-e-palmetto-fl-34221,2026-09-12,2026-09-12,FL,Palmetto,,,,,6509-67th-st-e-palmetto-fl-34221
2026-09-12,INVH,Tampa,"5927 Oak Mill Ter, Palmetto, FL, 34221",Tampa,INVH-5927-oak-mill-ter-34221-112924,3,2.0,1390,2360.0,2026-10-27,23 months,False,,,,,,,,https://www.invitationhomes.com/houses-for-rent/5927-oak-mill-ter-34221-112924,2026-09-12,2026-09-12,FL,Palmetto,,,,,5927-oak-mill-ter-34221-112924
2026-09-12,INVH,Tampa,"8511 37Th Ter E, Palmetto, FL, 34221",Tampa,INVH-8511-37th-terrace-e-34221-116115,3,2.0,1555,2175.0,2026-09-30,24 months,False,,,,,,,,https://www.invitationhomes.com/houses-for-rent/8511-37th-terrace-e-34221-116115,2026-08-16,2026-09-12,FL,Palmetto,,,,,8511-37th-terrace-e-34221-116115
2026-09-12,INVH,Tampa,"3711 86th St E, Palmetto, FL, 34221",Tampa,INVH-3711-86th-st-e-34221-116110,5,2.5,2896,2675.0,2026-09-12,24 months,False,,,,,,,,https://www.invitationhomes.com/houses-for-rent/3711-86th-st-e-34221-116110,2026-08-23,2026-09-12,FL,Palmetto,,,,,3711-86th-st-e-34221-116110
2026-09-12,INVH,Tampa,"3712 86th St E, Palmetto, FL, 34221",Tampa,INVH-3712-86th-st-e-34221-116086,3,2.0,1461,2090.0,2026-09-12,24 months,False,,,,,,,,https://www.invitationhomes.com/houses-for-rent/3712-86th-st-e-34221-116086,2026-08-02,2026-09-12,FL,Palmetto,,,,,3712-86th-st-e-34221-116086
2026-09-12,INVH,Tampa,"8609 40Th Cir E, Palmetto, FL, 34221",Tampa,INVH-8609-40th-cir-e-34221-116091,4,2.0,1936,2199.0,2026-09-12,24 months,False,,,,,,,,https://www.invitationhomes.com/houses-for-rent/8609-40th-cir-e-34221-116091,2026-05-24,2026-09-12,FL,Palmetto,,,,,8609-40th-cir-e-34221-116091
2026-09-12,INVH,Tampa,"8637 40Th Cir E, Palmetto, FL, 34221",Tampa,INVH-8637-40th-cir-e-34221-116098,6,3.0,3326,2849.0,2026-10-15,24 months,False,,,,,,,,https://www.invitationhomes.com/houses-for-rent/8637-40th-cir-e-34221-116098,2026-09-09,2026-09-12,FL,Palmetto,,,,,8637-40th-cir-e-34221-116098
2026-09-12,INVH,Tampa,"8657 40th Cir E, Palmetto, FL, 34221",Tampa,INVH-8657-40th-cir-e-34221-116060,4,2.0,1817,2249.0,2026-09-30,24 months,False,,,,,,,,https://www.invitationhomes.com/houses-for-rent/8657-40th-cir-e-34221-116060,2026-08-16,2026-09-12,FL,Palmetto,,,,,8657-40th-cir-e-34221-116060
2026-09-12,INVH,Tampa,"7751 Harbor Moor Dr, Palmetto, FL, 34221",Tampa,INVH-7751-harbor-moor-dr-34221-119920,4,2.0,1828,2499.0,2026-10-08,24 months,False,,,,,,,,https://www.invitationhomes.com/houses-for-rent/7751-harbor-moor-dr-34221-119920,2026-09-03,2026-09-12,FL,Palmetto,,,,,7751-harbor-moor-dr-34221-119920
2026-09-12,INVH,Tampa,"7759 Harbor Moor Dr, Palmetto, FL, 34221",Tampa,INVH-7759-harbor-moor-dr-34221-119922,3,2.0,1672,2299.0,2026-10-12,24 months,False,,,,,,,,https://www.invitationhomes.com/houses-for-rent/7759-harbor-moor-dr-34221-119922,2026-09-03,2026-09-12,FL,Palmetto,,,,,7759-harbor-moor-dr-34221-119922
2026-09-12,INVH,Tampa,"7758 Harbor Moor Dr, Palmetto, FL, 34221",Tampa,INVH-7758-harbor-moor-dr-34221-119976,4,2.0,1828,2499.0,2026-10-27,24 months,False,,,,,,,,https://www.invitationhomes.com/houses-for-rent/7758-harbor-moor-dr-34221-119976,2026-09-12,2026-09-12,FL,Palmetto,,,,,7758-harbor-moor-dr-34221-119976
2026-09-12,INVH,Tampa,"8918 Founders Cir, Palmetto, FL, 34221",Tampa,INVH-8918-founders-cir-34221-1351,3,2.5,2042,2545.0,2026-10-08,23 months,False,,,,,,,,https://www.invitationhomes.com/houses-for-rent/8918-founders-cir-34221-1351,2026-09-03,2026-09-12,FL,Palmetto,,,,,8918-founders-cir-34221-1351
2026-09-12,INVH,Tampa,"4393 85th Avenue Cir E, Parrish, FL, 34219",Tampa,INVH-4393-85th-avenue-cir-e-34219-3124,5,4.0,2969,2895.0,2026-10-12,19 months,False,,,,,,,,https://www.invitationhomes.com/houses-for-rent/4393-85th-avenue-cir-e-34219-3124,2026-09-12,2026-09-12,FL,Parrish,,,,,4393-85th-avenue-cir-e-34219-3124
2026-09-12,INVH,Tampa,"11245 82nd St E, Parrish, FL, 34219",Tampa,INVH-11245-82nd-st-e-34219-112899,3,2.0,1489,2465.0,2026-10-10,23 months,False,,,,,,,,https://www.invitationhomes.com/houses-for-rent/11245-82nd-st-e-34219-112899,2026-09-03,2026-09-12,FL,Parrish,,,,,11245-82nd-st-e-34219-112899
2026-09-12,INVH,Tampa,"6614 Oakbrooke Cir, Bradenton, FL, 34202",Tampa,INVH-6614-oakbrooke-cir-bradenton-fl-34202,3,2.0,2281,2845.0,2026-09-12,19 months,False,,,,,,,,https://www.invitationhomes.com/houses-for-rent/6614-oakbrooke-cir-bradenton-fl-34202,2026-08-02,2026-09-12,FL,Bradenton,,,,,6614-oakbrooke-cir-bradenton-fl-34202
2026-09-12,INVH,Tampa,"6418 Royal Tern Cir, Lakewood Ranch, FL, 34202",Tampa,INVH-6418-royal-tern-cir-34202-6824,4,3.0,2244,3249.0,2026-09-12,23 months,False,,,,,,,,https://www.invitationhomes.com/houses-for-rent/6418-royal-tern-cir-34202-6824,2026-07-19,2026-09-12,FL,Lakewood Ranch,,,,,6418-royal-tern-cir-34202-6824
2026-09-12,INVH,Tampa,"11914 Meadowgate Pl, Bradenton, FL, 34211",Tampa,INVH-11914-meadowgate-pl-34211-113713,3,2.5,1932,2895.0,2026-10-11,19 months,False,,,,,,,,https://www.invitationhomes.com/houses-for-rent/11914-meadowgate-pl-34211-113713,2026-09-03,2026-09-12,FL,Bradenton,,,,,11914-meadowgate-pl-34211-113713
2026-09-12,INVH,Tampa,"11506 3rd Ave E, Bradenton, FL, 34212",Tampa,INVH-11506-3rd-ave-e-34212-88405,4,2.0,1808,2480.0,2026-09-12,23 months,False,,,,,,,,https://www.invitationhomes.com/houses-for-rent/11506-3rd-ave-e-34212-88405,2026-07-19,2026-09-12,FL,Bradenton,,,,,11506-3rd-ave-e-34212-88405
2026-09-12,INVH,Tampa,"12575 Cara Cara Loop, Bradenton, FL, 34212",Tampa,INVH-12575-cara-cara-loop-bradenton-fl-34212,3,3.0,2407,2840.0,2026-09-12,19 months,False,,,,,,,,https://www.invitationhomes.com/houses-for-rent/12575-cara-cara-loop-bradenton-fl-34212,2026-06-14,2026-09-12,FL,Bradenton,,,,,12575-cara-cara-loop-bradenton-fl-34212
2026-09-12,INVH,Tampa,"18224 Wheathouse Pl, Bradenton, FL, 34211",Tampa,INVH-18224-wheathouse-pl-34211-122329,3,2.0,1672,2795.0,2026-09-12,19 months,False,,,,,,,,https://www.invitationhomes.com/houses-for-rent/18224-wheathouse-pl-34211-122329,2026-08-02,2026-09-12,FL,Bradenton,,,,,18224-wheathouse-pl-34211-122329
2026-09-12,INVH,Tampa,"743 116th Ct NE, Bradenton, FL, 34212",Tampa,INVH-743-116th-ct-ne-34212-112730,4,2.0,2055,2745.0,2026-09-12,23 months,False,,,,,,,,https://www.invitationhomes.com/houses-for-rent/743-116th-ct-ne-34212-112730,2026-09-03,2026-09-12,FL,Bradenton,,,,,743-116th-ct-ne-34212-112730
2026-09-12,INVH,Tampa,"12243 23rd St E, Parrish, FL, 34219",Tampa,INVH-12243-23rd-st-e-parrish-fl-34219,4,2.0,2183,2415.0,2026-09-12,23 months,False,,,,,,,,https://www.invitationhomes.com/houses-for-rent/12243-23rd-st-e-parrish-fl-34219,2026-07-19,2026-09-12,FL,Parrish,,,,,12243-23rd-st-e-parrish-fl-34219
2026-09-12,INVH,Tampa,"2354 123rd Pl E, Parrish, FL, 34219",Tampa,INVH-2354-123rd-pl-e-34219-113051,4,3.0,2264,2510.0,2026-09-12,23 months,False,,,,,,,,https://www.invitationhomes.com/houses-for-rent/2354-123rd-pl-e-34219-113051,2026-07-19,2026-09-12,FL,Parrish,,,,,2354-123rd-pl-e-34219-113051
2026-09-12,INVH,Tampa,"14246 17th Ct, Parrish, FL, 34219",Tampa,INVH-14246-17th-ct-34219-95960,4,2.5,2145,2499.0,2026-09-14,24 months,False,,,,,,,,https://www.invitationhomes.com/houses-for-rent/14246-17th-ct-34219-95960,2026-09-03,2026-09-12,FL,Parrish,,,,,14246-17th-ct-34219-95960
2026-09-12,INVH,Tampa,"4910 Forest Creek Trl, Parrish, FL, 34219",Tampa,INVH-4910-forest-creek-trl-34219-8948,3,2.5,1680,2245.0,2026-10-10,23 months,False,,,,,,,,https://www.invitationhomes.com/houses-for-rent/4910-forest-creek-trl-34219-8948,2026-09-03,2026-09-12,FL,Parrish,,,,,4910-forest-creek-trl-34219-8948
2026-09-12,INVH,Tampa,"7935 113th Avenue Cir E, Parrish, FL, 34219",Tampa,INVH-7935-113th-avenue-cir-e-parrish-fl-34219,4,2.0,1846,2915.0,2026-10-14,19 months,False,,,,,,,,https://www.invitationhomes.com/houses-for-rent/7935-113th-avenue-cir-e-parrish-fl-34219,2026-09-03,2026-09-12,FL,Parrish,,,,,7935-113th-avenue-cir-e-parrish-fl-34219
2026-09-12,INVH,Tampa,"2803 95th St E, Palmetto, FL, 34221",Tampa,INVH-2803-95th-st-e-palmetto-fl-34221,4,2.0,1633,2330.0,2026-09-12,23 months,False,,,,,,,,https://www.invitationhomes.com/houses-for-rent/2803-95th-st-e-palmetto-fl-34221,2026-08-23,2026-09-12,FL,Palmetto,,,,,2803-95th-st-e-palmetto-fl-34221
2026-09-12,INVH,Tampa,"9707 33rd Ave E, Palmetto, FL, 34221",Tampa,INVH-9707-33rd-ave-e-34221-5003,3,3.0,2123,2470.0,2026-09-12,23 months,False,,,,,,,,https://www.invitationhomes.com/houses-for-rent/9707-33rd-ave-e-34221-5003,2026-08-10,2026-09-12,FL,Palmetto,,,,,9707-33rd-ave-e-34221-5003
2026-09-12,INVH,Tampa,"10903 Gentle Current Wy, Parrish, FL, 34219",Tampa,INVH-10903-gentle-current-wy-34219-122513,4,2.0,1828,2580.0,2026-09-12,23 months,False,,,,,,,,https://www.invitationhomes.com/houses-for-rent/10903-gentle-current-wy-34219-122513,2026-08-02,2026-09-12,FL,Parrish,,,,,10903-gentle-current-wy-34219-122513
2026-09-12,INVH,Tampa,"1835 Raven Glen Dr, Ruskin, FL, 33570",Tampa,INVH-1835-raven-glen-dr-33570-8059,3,2.0,1988,2230.0,2026-09-23,23 months,False,,,,,,,,https://www.invitationhomes.com/houses-for-rent/1835-raven-glen-dr-33570-8059,2026-08-10,2026-09-12,FL,Ruskin,,,,,1835-raven-glen-dr-33570-8059
2026-09-12,INVH,Tampa,"1619 Bonita Bluff Ct, Ruskin, FL, 33570",Tampa,INVH-1619-bonita-bluff-ct-ruskin-fl-33570,4,2.0,2061,2295.0,2026-10-12,23 months,False,,,,,,,,https://www.invitationhomes.com/houses-for-rent/1619-bonita-bluff-ct-ruskin-fl-33570,2026-09-03,2026-09-12,FL,Ruskin,,,,,1619-bonita-bluff-ct-ruskin-fl-33570
2026-09-12,INVH,Tampa,"1815 Mira Lago Cir, Ruskin, FL, 33570",Tampa,INVH-1815-mira-lago-cir-33570-3117,4,3.0,2256,2545.0,2026-09-22,23 months,False,,,,,,,,https://www.invitationhomes.com/houses-for-rent/1815-mira-lago-cir-33570-3117,2026-09-03,2026-09-12,FL,Ruskin,,,,,1815-mira-lago-cir-33570-3117
2026-09-12,INVH,Tampa,"1423 Tahoe Springs Ct, Ruskin, FL, 33570",Tampa,INVH-1423-tahoe-springs-ct-ruskin-fl-33570,5,2.5,2719,2460.0,2026-09-12,23 months,False,,,,,,,,https://www.invitationhomes.com/houses-for-rent/1423-tahoe-springs-ct-ruskin-fl-33570,2026-07-19,2026-09-12,FL,Ruskin,,,,,1423-tahoe-springs-ct-ruskin-fl-33570
2026-09-12,INVH,Tampa,"2310 Lawrence Hall St, Ruskin, FL, 33570",Tampa,INVH-2310-lawrence-hall-st-33570-7986,3,2.0,2062,2080.0,2026-09-12,23 months,False,,,,,,,,https://www.invitationhomes.com/houses-for-rent/2310-lawrence-hall-st-33570-7986,2026-07-19,2026-09-12,FL,Ruskin,,,,,2310-lawrence-hall-st-33570-7986
2026-09-12,INVH,Tampa,"1882 Moon Cactus Ct, Ruskin, FL, 33570",Tampa,INVH-1882-moon-cactus-ct-33570-116386,4,2.0,1817,2249.0,2026-10-25,24 months,False,,,,,,,,https://www.invitationhomes.com/houses-for-rent/1882-moon-cactus-ct-33570-116386,2026-09-12,2026-09-12,FL,Ruskin,,,,,1882-moon-cactus-ct-33570-116386
2026-09-12,INVH,Tampa,"1859 Crinkle Leaf Ct, Ruskin, FL, 33570",Tampa,INVH-1859-crinkle-leaf-ct-33570-116395,4,2.5,2584,2585.0,2026-09-17,24 months,False,,,,,,,,https://www.invitationhomes.com/houses-for-rent/1859-crinkle-leaf-ct-33570-116395,2026-04-04,2026-09-12,FL,Ruskin,,,,,1859-crinkle-leaf-ct-33570-116395
2026-09-12,INVH,Tampa,"1862 Crinkle Leaf Ct, Ruskin, FL, 33570",Tampa,INVH-1862-crinkle-leaf-ct-33570-116398,3,2.0,1555,1975.0,2026-09-12,24 months,False,,,,,,,,https://www.invitationhomes.com/houses-for-rent/1862-crinkle-leaf-ct-33570-116398,2026-04-13,2026-09-12,FL,Ruskin,,,,,1862-crinkle-leaf-ct-33570-116398
2026-09-12,INVH,Tampa,"1542 Flower Dust Dr, Ruskin, FL, 33570",Tampa,INVH-1542-flower-dust-dr-33570-116428,4,2.0,1817,2249.0,2026-10-20,24 months,False,,,,,,,,https://www.invitationhomes.com/houses-for-rent/1542-flower-dust-dr-33570-116428,2026-09-06,2026-09-12,FL,Ruskin,,,,,1542-flower-dust-dr-33570-116428
2026-09-12,INVH,Tampa,"1524 Flower Dust Dr, Ruskin, FL, 33570",Tampa,INVH-1524-flower-dust-dr-33570-116426,4,2.5,2584,2575.0,2026-09-23,24 months,False,,,,,,,,https://www.invitationhomes.com/houses-for-rent/1524-flower-dust-dr-33570-116426,2026-08-10,2026-09-12,FL,Ruskin,,,,,1524-flower-dust-dr-33570-116426
2026-09-12,INVH,Tampa,"1580 Blue Rose Dr, Ruskin, FL, 33570",Tampa,INVH-1580-blue-rose-dr-33570-116370,5,2.5,2896,2799.0,2026-09-12,24 months,False,,,,,,,,https://www.invitationhomes.com/houses-for-rent/1580-blue-rose-dr-33570-116370,2026-08-02,2026-09-12,FL,Ruskin,,,,,1580-blue-rose-dr-33570-116370
2026-09-12,INVH,Tampa,"1472 Flower Dust Dr, Ruskin, FL, 33570",Tampa,INVH-1472-flower-dust-dr-33570-116420,4,2.0,1936,2249.0,2026-10-25,24 months,False,,,,,,,,https://www.invitationhomes.com/houses-for-rent/1472-flower-dust-dr-33570-116420,2026-09-12,2026-09-12,FL,Ruskin,,,,,1472-flower-dust-dr-33570-116420
2026-09-12,INVH,Tampa,"1457 Flower Dust Dr, Ruskin, FL, 33570",Tampa,INVH-1457-flower-dust-dr-33570-116405,4,2.0,1817,2125.0,2026-09-12,24 months,False,,,,,,,,https://www.invitationhomes.com/houses-for-rent/1457-flower-dust-dr-33570-116405,2026-07-19,2026-09-12,FL,Ruskin,,,,,1457-flower-dust-dr-33570-116405
2026-09-12,INVH,Tampa,"1506 Blue Rose Dr, Ruskin, FL, 33570",Tampa,INVH-1506-blue-rose-dr-33570-116350,4,2.0,1936,2249.0,2026-09-12,24 months,False,,,,,,,,https://www.invitationhomes.com/houses-for-rent/1506-blue-rose-dr-33570-116350,2026-08-23,2026-09-12,FL,Ruskin,,,,,1506-blue-rose-dr-33570-116350
2026-09-12,INVH,Tampa,"1108 Barclay Wood Dr, Ruskin, FL, 33570",Tampa,INVH-1108-barclay-wood-dr-ruskin-fl-33570,4,2.0,2044,2380.0,2026-09-12,23 months,False,,,,,,,,https://www.invitationhomes.com/houses-for-rent/1108-barclay-wood-dr-ruskin-fl-33570,2026-08-16,2026-09-12,FL,Ruskin,,,,,1108-barclay-wood-dr-ruskin-fl-33570
2026-09-12,INVH,Tampa,"1408 Atlantic Dr, Ruskin, FL, 33570",Tampa,INVH-1408-atlantic-dr-33570-2947,4,2.0,1275,1920.0,2026-09-18,23 months,False,,,,,,,,https://www.invitationhomes.com/houses-for-rent/1408-atlantic-dr-33570-2947,2026-07-19,2026-09-12,FL,Ruskin,,,,,1408-atlantic-dr-33570-2947
2026-09-12,INVH,Tampa,"603 Sunlit Coral St, Ruskin, FL, 33570",Tampa,INVH-603-sunlit-coral-st-33570-90963,4,2.5,2260,2445.0,2026-09-12,23 months,False,,,,,,,,https://www.invitationhomes.com/houses-for-rent/603-sunlit-coral-st-33570-90963,2026-07-19,2026-09-12,FL,Ruskin,,,,,603-sunlit-coral-st-33570-90963
2026-09-12,INVH,Tampa,"712 Cristelle Jean Dr, Ruskin, FL, 33570",Tampa,INVH-712-cristelle-jean-dr-33570-2023,3,2.0,1380,1910.0,2026-09-12,23 months,False,,,,,,,,https://www.invitationhomes.com/houses-for-rent/712-cristelle-jean-dr-33570-2023,2026-08-02,2026-09-12,FL,Ruskin,,,,,712-cristelle-jean-dr-33570-2023
2026-09-12,INVH,Tampa,"916 Cristelle Jean Dr, Ruskin, FL, 33570",Tampa,INVH-916-cristelle-jean-dr-33570-3935,3,2.5,1792,2215.0,2026-09-25,23 months,False,,,,,,,,https://www.invitationhomes.com/houses-for-rent/916-cristelle-jean-dr-33570-3935,2026-08-16,2026-09-12,FL,Ruskin,,,,,916-cristelle-jean-dr-33570-3935
2026-09-12,INVH,Tampa,"1701 Alhambra Crest Dr, Ruskin, FL, 33570",Tampa,INVH-1701-alhambra-crest-dr-ruskin-fl-33570,5,2.5,2836,2195.0,2026-09-12,23 months,False,,,,,,,,https://www.invitationhomes.com/houses-for-rent/1701-alhambra-crest-dr-ruskin-fl-33570,2026-07-19,2026-09-12,FL,Ruskin,,,,,1701-alhambra-crest-dr-ruskin-fl-33570
2026-09-12,INVH,Tampa,"5239 Moon Shell Dr, Apollo Beach, FL, 33572",Tampa,INVH-5239-moon-shell-dr-33572-95310,3,2.5,2573,2595.0,2026-10-20,23 months,False,,,,,,,,https://www.invitationhomes.com/houses-for-rent/5239-moon-shell-dr-33572-95310,2026-09-06,2026-09-12,FL,Apollo Beach,,,,,5239-moon-shell-dr-33572-95310
2026-09-12,INVH,Tampa,"2237 Treesdale Ave, Ruskin, FL, 33570",Tampa,INVH-2237-treesdale-av-33570-116141,5,2.5,2217,2425.0,2026-09-30,24 months,False,,,,,,,,https://www.invitationhomes.com/houses-for-rent/2237-treesdale-av-33570-116141,2026-08-16,2026-09-12,FL,Ruskin,,,,,2237-treesdale-av-33570-116141
2026-09-12,INVH,Tampa,"2207 Jungle Dr, Ruskin, FL, 33570",Tampa,INVH-2207-jungle-dr-33570-116203,5,2.5,2389,2449.0,2026-09-30,24 months,False,,,,,,,,https://www.invitationhomes.com/houses-for-rent/2207-jungle-dr-33570-116203,2026-08-16,2026-09-12,FL,Ruskin,,,,,2207-jungle-dr-33570-116203
2026-09-12,INVH,Tampa,"2190 Jungle Dr, Ruskin, FL, 33570",Tampa,INVH-2190-jungle-dr-33570-116162,5,2.5,2389,2449.0,2026-09-21,24 months,False,,,,,,,,https://www.invitationhomes.com/houses-for-rent/2190-jungle-dr-33570-116162,2026-08-10,2026-09-12,FL,Ruskin,,,,,2190-jungle-dr-33570-116162
2026-09-12,INVH,Tampa,"2231 Jungle Dr, Ruskin, FL, 33570",Tampa,INVH-2231-jungle-dr-33570-116197,5,2.5,2217,2425.0,2026-09-12,24 months,False,,,,,,,,https://www.invitationhomes.com/houses-for-rent/2231-jungle-dr-33570-116197,2026-08-02,2026-09-12,FL,Ruskin,,,,,2231-jungle-dr-33570-116197
2026-09-12,INVH,Tampa,"2239 Jungle Dr, Ruskin, FL, 33570",Tampa,INVH-2239-jungle-dr-33570-116195,6,3.0,2580,2749.0,2026-09-12,24 months,False,,,,,,,,https://www.invitationhomes.com/houses-for-rent/2239-jungle-dr-33570-116195,2026-08-02,2026-09-12,FL,Ruskin,,,,,2239-jungle-dr-33570-116195
2026-09-12,INVH,Tampa,"2242 Jungle Dr, Ruskin, FL, 33570",Tampa,INVH-2242-jungle-dr-33570-116174,5,2.5,2389,2449.0,2026-09-22,24 months,False,,,,,,,,https://www.invitationhomes.com/houses-for-rent/2242-jungle-dr-33570-116174,2026-08-16,2026-09-12,FL,Ruskin,,,,,2242-jungle-dr-33570-116174
2026-09-12,INVH,Tampa,"2248 Golden Falcon Dr, Ruskin, FL, 33570",Tampa,INVH-2248-golden-falcon-dr-33570-112825,3,2.5,1624,2045.0,2026-10-03,23 months,False,,,,,,,,https://www.invitationhomes.com/houses-for-rent/2248-golden-falcon-dr-33570-112825,2026-09-03,2026-09-12,FL,Ruskin,,,,,2248-golden-falcon-dr-33570-112825
2026-09-12,INVH,Tampa,"2262 Treesdale Ave, Ruskin, FL, 33570",Tampa,INVH-2262-treesdale-av-33570-116219,4,2.5,1870,2349.0,2026-10-12,24 months,False,,,,,,,,https://www.invitationhomes.com/houses-for-rent/2262-treesdale-av-33570-116219,2026-07-19,2026-09-12,FL,Ruskin,,,,,2262-treesdale-av-33570-116219
2026-09-12,INVH,Tampa,"431 Floridana Dr, Apollo Beach, FL, 33572",Tampa,INVH-431-floridana-dr-33572-103464,4,1.0,1300,2115.0,2026-09-18,23 months,False,,,,,,,,https://www.invitationhomes.com/houses-for-rent/431-floridana-dr-33572-103464,2026-08-16,2026-09-12,FL,Apollo Beach,,,,,431-floridana-dr-33572-103464
2026-09-12,INVH,Tampa,"7106 Paradise Island Ct, Sun City Center, FL, 33573",Tampa,INVH-7106-paradise-island-ct-33573-116296,3,2.0,1461,1935.0,2026-10-12,24 months,False,,,,,,,,https://www.invitationhomes.com/houses-for-rent/7106-paradise-island-ct-33573-116296,2026-09-03,2026-09-12,FL,Sun City Center,,,,,7106-paradise-island-ct-33573-116296
2026-09-12,INVH,Tampa,"7202 Jenkins Vista Ct, Sun City Center, FL, 33573",Tampa,INVH-7202-jenkins-vista-ct-33573-116257,6,3.0,2580,2699.0,2026-09-12,24 months,False,,,,,,,,https://www.invitationhomes.com/houses-for-rent/7202-jenkins-vista-ct-33573-116257,2026-08-10,2026-09-12,FL,Sun City Center,,,,,7202-jenkins-vista-ct-33573-116257
2026-09-12,INVH,Tampa,"7212 Jenkins Vista Ct, Sun City Center, FL, 33573",Tampa,INVH-7212-jenkins-vista-ct-33573-116252,4,2.5,1870,2350.0,2026-10-18,24 months,False,,,,,,,,https://www.invitationhomes.com/houses-for-rent/7212-jenkins-vista-ct-33573-116252,2026-09-12,2026-09-12,FL,Sun City Center,,,,,7212-jenkins-vista-ct-33573-116252
2026-09-12,INVH,Tampa,"7251 King Creek Dr, Ruskin, FL, 33573",Tampa,INVH-7251-king-creek-dr-33573-116262,4,2.5,1870,2349.0,2026-10-24,24 months,False,,,,,,,,https://www.invitationhomes.com/houses-for-rent/7251-king-creek-dr-33573-116262,2026-09-09,2026-09-12,FL,Ruskin,,,,,7251-king-creek-dr-33573-116262
2026-09-12,INVH,Tampa,"15506 Colt Creek Pl, Sun City Center, FL, 33573",Tampa,INVH-15506-colt-creek-pl-33573-116326,5,2.5,2389,2675.0,2026-10-04,24 months,False,,,,,,,,https://www.invitationhomes.com/houses-for-rent/15506-colt-creek-pl-33573-116326,2026-08-23,2026-09-12,FL,Sun City Center,,,,,15506-colt-creek-pl-33573-116326
2026-09-12,INVH,Tampa,"203 Island Water Way, Apollo Beach, FL, 33572",Tampa,INVH-203-island-water-way-apollo-beach-fl-33572,3,2.0,1500,2299.0,2026-10-07,23 months,False,,,,,,,,https://www.invitationhomes.com/houses-for-rent/203-island-water-way-apollo-beach-fl-33572,2026-07-19,2026-09-12,FL,Apollo Beach,,,,,203-island-water-way-apollo-beach-fl-33572
2026-09-12,INVH,Tampa,"10015 Newminster Loop, Ruskin, FL, 33573",Tampa,INVH-10015-newminster-loop-33573-112829,3,2.5,1808,2249.0,2026-09-14,23 months,False,,,,,,,,https://www.invitationhomes.com/houses-for-rent/10015-newminster-loop-33573-112829,2026-08-10,2026-09-12,FL,Ruskin,,,,,10015-newminster-loop-33573-112829
2026-09-12,INVH,Tampa,"10350 Bay Hills Dr, Largo, FL, 33774",Tampa,INVH-10350-bay-hills-dr-largo-fl-33774,4,3.0,2414,3195.0,2026-10-09,19 months,False,,,,,,,,https://www.invitationhomes.com/houses-for-rent/10350-bay-hills-dr-largo-fl-33774,2026-09-03,2026-09-12,FL,Largo,,,,,10350-bay-hills-dr-largo-fl-33774
2026-09-12,INVH,Tampa,"11955 102nd Ave, Seminole, FL, 33778",Tampa,INVH-11955-102nd-ave-seminole-fl-33778,3,2.0,1894,2645.0,2026-09-21,23 months,False,,,,,,,,https://www.invitationhomes.com/houses-for-rent/11955-102nd-ave-seminole-fl-33778,2026-09-12,2026-09-12,FL,Seminole,,,,,11955-102nd-ave-seminole-fl-33778
2026-09-12,INVH,Tampa,"3397 19th Pl SW, Largo, FL, 33774",Tampa,INVH-3397-19th-pl-sw-33774-4127,3,2.0,1583,2495.0,2026-10-16,23 months,False,,,,,,,,https://www.invitationhomes.com/houses-for-rent/3397-19th-pl-sw-33774-4127,2026-09-03,2026-09-12,FL,Largo,,,,,3397-19th-pl-sw-33774-4127
2026-09-12,INVH,Tampa,"13156 120th St, Seminole, FL, 33778",Tampa,INVH-13156-120th-st-33778-3893,4,2.0,1632,2725.0,2026-09-18,19 months,False,,,,,,,,https://www.invitationhomes.com/houses-for-rent/13156-120th-st-33778-3893,2026-08-10,2026-09-12,FL,Seminole,,,,,13156-120th-st-33778-3893
2026-09-12,INVH,Tampa,"1063 Indian Rocks Rd S, Largo, FL, 33770",Tampa,INVH-1063-indian-rocks-rd-s-largo-fl-33770,3,2.0,1262,2335.0,2026-09-12,23 months,False,,,,,,,,https://www.invitationhomes.com/houses-for-rent/1063-indian-rocks-rd-s-largo-fl-33770,2026-07-19,2026-09-12,FL,Largo,,,,,1063-indian-rocks-rd-s-largo-fl-33770
2026-09-12,INVH,Tampa,"7990 22nd Ave N, Saint Petersburg, FL, 33710",Tampa,INVH-7990-22nd-ave-n-33710-4313,3,2.0,1225,2465.0,2026-09-12,23 months,False,,,,,,,,https://www.invitationhomes.com/houses-for-rent/7990-22nd-ave-n-33710-4313,2026-08-16,2026-09-12,FL,Saint Petersburg,,,,,7990-22nd-ave-n-33710-4313
2026-09-12,INVH,Tampa,"6012 9th Ave N, Saint Petersburg, FL, 33710",Tampa,INVH-6012-9th-ave-n-33710-2908,3,1.0,1402,2195.0,2026-09-12,23 months,False,,,,,,,,https://www.invitationhomes.com/houses-for-rent/6012-9th-ave-n-33710-2908,2026-07-19,2026-09-12,FL,Saint Petersburg,,,,,6012-9th-ave-n-33710-2908
2026-09-12,INVH,Tampa,"5301 15th Ave N, Saint Petersburg, FL, 33710",Tampa,INVH-5301-15th-ave-n-33710-7695,2,1.0,819,2070.0,2026-10-25,23 months,False,,,,,,,,https://www.invitationhomes.com/houses-for-rent/5301-15th-ave-n-33710-7695,2026-09-12,2026-09-12,FL,Saint Petersburg,,,,,5301-15th-ave-n-33710-7695
2026-09-12,INVH,Tampa,"6250 38th Ave N, Saint Petersburg, FL, 33710",Tampa,INVH-6250-38th-ave-n-33710-2366,3,3.0,1236,2349.0,2026-09-12,23 months,False,,,,,,,,https://www.invitationhomes.com/houses-for-rent/6250-38th-ave-n-33710-2366,2026-08-02,2026-09-12,FL,Saint Petersburg,,,,,6250-38th-ave-n-33710-2366
2026-09-12,INVH,Tampa,"6164 35th Ave N, Saint Petersburg, FL, 33710",Tampa,INVH-6164-35th-ave-n-33710-4571,3,2.0,2000,2535.0,2026-09-12,23 months,False,,,,,,,,https://www.invitationhomes.com/houses-for-rent/6164-35th-ave-n-33710-4571,2026-07-19,2026-09-12,FL,Saint Petersburg,,,,,6164-35th-ave-n-33710-4571
2026-09-12,INVH,Tampa,"4341 63rd Way N, Saint Petersburg, FL, 33709",Tampa,INVH-4341-63rd-way-n-33709-3668,3,2.0,1296,2215.0,2026-09-12,23 months,False,,,,,,,,https://www.invitationhomes.com/houses-for-rent/4341-63rd-way-n-33709-3668,2026-07-19,2026-09-12,FL,Saint Petersburg,,,,,4341-63rd-way-n-33709-3668
2026-09-12,INVH,Tampa,"8924 110th Ln, Seminole, FL, 33772",Tampa,INVH-8924-110th-ln-seminole-fl-33772,3,2.0,1388,2499.0,2026-09-12,23 months,False,,,,,,,,https://www.invitationhomes.com/houses-for-rent/8924-110th-ln-seminole-fl-33772,2026-06-09,2026-09-12,FL,Seminole,,,,,8924-110th-ln-seminole-fl-33772
2026-09-12,INVH,Tampa,"8648 79Th Pl, Seminole, FL, 33777",Tampa,INVH-8648-79th-pl-33777-103743,4,2.0,1461,2145.0,2026-09-12,23 months,False,,,,,,,,https://www.invitationhomes.com/houses-for-rent/8648-79th-pl-33777-103743,2026-06-09,2026-09-12,FL,Seminole,,,,,8648-79th-pl-33777-103743
2026-09-12,INVH,Tampa,"9013 Suncrest Blvd, Largo, FL, 33777",Tampa,INVH-9013-suncrest-blvd-33777-3327,3,1.0,1120,2049.0,2026-09-12,23 months,False,,,,,,,,https://www.invitationhomes.com/houses-for-rent/9013-suncrest-blvd-33777-3327,2026-08-02,2026-09-12,FL,Largo,,,,,9013-suncrest-blvd-33777-3327
2026-09-12,INVH,Tampa,"6023 67Th Ave N, Pinellas Park, FL, 33781",Tampa,INVH-6023-67th-ave-n-33781-103449,3,1.0,1028,2145.0,2026-10-11,23 months,False,,,,,,,,https://www.invitationhomes.com/houses-for-rent/6023-67th-ave-n-33781-103449,2026-09-03,2026-09-12,FL,Pinellas Park,,,,,6023-67th-ave-n-33781-103449
2026-09-12,INVH,Tampa,"5521 66th Ave N, Pinellas Park, FL, 33781",Tampa,INVH-5521-66th-ave-n-33781-1441,4,2.0,1532,2365.0,2026-09-12,23 months,False,,,,,,,,https://www.invitationhomes.com/houses-for-rent/5521-66th-ave-n-33781-1441,2026-05-03,2026-09-12,FL,Pinellas Park,,,,,5521-66th-ave-n-33781-1441
2026-09-12,INVH,Tampa,"8086 52nd Ln N, Pinellas Park, FL, 33781",Tampa,INVH-8086-52nd-ln-n-33781-9792,3,1.0,1366,2395.0,2026-10-08,23 months,False,,,,,,,,https://www.invitationhomes.com/houses-for-rent/8086-52nd-ln-n-33781-9792,2026-09-03,2026-09-12,FL,Pinellas Park,,,,,8086-52nd-ln-n-33781-9792
2026-09-12,INVH,Tampa,"8061 58th Way N, Pinellas Park, FL, 33781",Tampa,INVH-8061-58th-way-n-33781-7887,3,2.0,975,2135.0,2026-09-12,23 months,False,,,,,,,,https://www.invitationhomes.com/houses-for-rent/8061-58th-way-n-33781-7887,2026-09-03,2026-09-12,FL,Pinellas Park,,,,,8061-58th-way-n-33781-7887
2026-09-12,INVH,Tampa,"5620 86th Ave N, Pinellas Park, FL, 33782",Tampa,INVH-5620-86th-ave-n-33782-7665,3,2.0,1260,2395.0,2026-09-12,23 months,False,,,,,,,,https://www.invitationhomes.com/houses-for-rent/5620-86th-ave-n-33782-7665,2026-08-02,2026-09-12,FL,Pinellas Park,,,,,5620-86th-ave-n-33782-7665
2026-09-12,INVH,Tampa,"8795 54th St N, Pinellas Park, FL, 33782",Tampa,INVH-8795-54th-st-n-33782-4172,5,2.0,1776,2795.0,2026-10-05,19 months,False,,,,,,,,https://www.invitationhomes.com/houses-for-rent/8795-54th-st-n-33782-4172,2026-08-23,2026-09-12,FL,Pinellas Park,,,,,8795-54th-st-n-33782-4172
2026-09-12,INVH,Tampa,"3930 30th Ave N, Saint Petersburg, FL, 33713",Tampa,INVH-3930-30th-ave-n-33713-9601,3,2.0,1570,2530.0,2026-09-12,23 months,False,,,,,,,,https://www.invitationhomes.com/houses-for-rent/3930-30th-ave-n-33713-9601,2026-08-10,2026-09-12,FL,Saint Petersburg,,,,,3930-30th-ave-n-33713-9601
2026-09-12,INVH,Tampa,"5235 44Th Ave N, St. Petersburg, FL, 33709",Tampa,INVH-5235-44th-ave-n-33709-103566,4,1.0,1100,2325.0,2026-10-21,23 months,False,,,,,,,,https://www.invitationhomes.com/houses-for-rent/5235-44th-ave-n-33709-103566,2026-05-03,2026-09-12,FL,St. Petersburg,,,,,5235-44th-ave-n-33709-103566
2026-09-12,INVH,Tampa,"4540 71st Ave N, Pinellas Park, FL, 33781",Tampa,INVH-4540-71st-ave-n-33781-4783,3,2.0,1340,2435.0,2026-09-12,23 months,False,,,,,,,,https://www.invitationhomes.com/houses-for-rent/4540-71st-ave-n-33781-4783,2026-08-02,2026-09-12,FL,Pinellas Park,,,,,4540-71st-ave-n-33781-4783
2026-09-12,INVH,Tampa,"555 Freeport Ave N, Saint Petersburg, FL, 33702",Tampa,INVH-555-freeport-ave-n-saint-petersburg-fl-33702,3,2.0,1518,2565.0,2026-09-12,23 months,False,,,,,,,,https://www.invitationhomes.com/houses-for-rent/555-freeport-ave-n-saint-petersburg-fl-33702,2026-08-02,2026-09-12,FL,Saint Petersburg,,,,,555-freeport-ave-n-saint-petersburg-fl-33702
2026-09-12,INVH,Tampa,"12111 92nd Way, Largo, FL, 33773",Tampa,INVH-12111-92nd-way-largo-fl-33773,3,2.0,2034,2595.0,2026-09-12,23 months,False,,,,,,,,https://www.invitationhomes.com/houses-for-rent/12111-92nd-way-largo-fl-33773,2026-04-13,2026-09-12,FL,Largo,,,,,12111-92nd-way-largo-fl-33773
2026-09-12,INVH,Tampa,"11840 69th Way, Largo, FL, 33773",Tampa,INVH-11840-69th-way-33773-7802,3,2.0,1468,2849.0,2026-09-12,23 months,False,,,,,,,,https://www.invitationhomes.com/houses-for-rent/11840-69th-way-33773-7802,2026-07-19,2026-09-12,FL,Largo,,,,,11840-69th-way-33773-7802
2026-09-12,INVH,Tampa,"6409 109th Ave N, Pinellas Park, FL, 33782",Tampa,INVH-6409-109th-ave-n-33782-4945,3,2.0,1379,2495.0,2026-10-20,23 months,False,,,,,,,,https://www.invitationhomes.com/houses-for-rent/6409-109th-ave-n-33782-4945,2026-09-09,2026-09-12,FL,Pinellas Park,,,,,6409-109th-ave-n-33782-4945
2026-09-12,INVH,Tampa,"12402 68th St, Largo, FL, 33773",Tampa,INVH-12402-68th-st-33773-7135,3,2.0,1482,2899.0,2026-09-14,23 months,False,,,,,,,,https://www.invitationhomes.com/houses-for-rent/12402-68th-st-33773-7135,2026-09-09,2026-09-12,FL,Largo,,,,,12402-68th-st-33773-7135
2026-09-12,INVH,Tampa,"421 2Nd Ave Ne, Largo, FL, 33770",Tampa,INVH-421-2nd-ave-ne-33770-103607,2,2.0,1008,1999.0,2026-09-16,23 months,False,,,,,,,,https://www.invitationhomes.com/houses-for-rent/421-2nd-ave-ne-33770-103607,2026-04-04,2026-09-12,FL,Largo,,,,,421-2nd-ave-ne-33770-103607
2026-09-12,INVH,Tampa,"1520 Price Cir, Clearwater, FL, 33764",Tampa,INVH-1520-price-cir-clearwater-fl-33764,3,2.0,1598,2445.0,2026-10-27,23 months,False,,,,,,,,https://www.invitationhomes.com/houses-for-rent/1520-price-cir-clearwater-fl-33764,2026-09-12,2026-09-12,FL,Clearwater,,,,,1520-price-cir-clearwater-fl-33764
2026-09-12,INVH,Tampa,"604 Nicholson St, Clearwater, FL, 33755",Tampa,INVH-604-nicholson-st-33755-2795,5,2.0,1800,2610.0,2026-09-12,23 months,False,,,,,,,,https://www.invitationhomes.com/houses-for-rent/604-nicholson-st-33755-2795,2026-07-19,2026-09-12,FL,Clearwater,,,,,604-nicholson-st-33755-2795
2026-09-12,INVH,Tampa,"533 S Crest Ave, Clearwater, FL, 33756",Tampa,INVH-533-s-crest-ave-clearwater-fl-33756,3,2.0,1059,2099.0,2026-10-09,23 months,False,,,,,,,,https://www.invitationhomes.com/houses-for-rent/533-s-crest-ave-clearwater-fl-33756,2026-09-03,2026-09-12,FL,Clearwater,,,,,533-s-crest-ave-clearwater-fl-33756
2026-09-12,INVH,Tampa,"621 S Keystone Ave, Clearwater, FL, 33756",Tampa,INVH-621-s-keystone-ave-33756-4927,3,2.0,1463,2465.0,2026-09-21,23 months,False,,,,,,,,https://www.invitationhomes.com/houses-for-rent/621-s-keystone-ave-33756-4927,2026-07-19,2026-09-12,FL,Clearwater,,,,,621-s-keystone-ave-33756-4927
2026-09-12,INVH,Tampa,"1021 Brookside Dr, Clearwater, FL, 33764",Tampa,INVH-1021-brookside-dr-33764-8743,3,3.0,2118,3290.0,2026-09-17,24 months,False,,,,,,,,https://www.invitationhomes.com/houses-for-rent/1021-brookside-dr-33764-8743,2026-09-09,2026-09-12,FL,Clearwater,,,,,1021-brookside-dr-33764-8743
2026-09-12,INVH,Tampa,"210 S Comet Ave, Clearwater, FL, 33765",Tampa,INVH-210-s-comet-ave-clearwater-fl-33765,3,2.0,1432,2395.0,2026-09-12,23 months,False,,,,,,,,https://www.invitationhomes.com/houses-for-rent/210-s-comet-ave-clearwater-fl-33765,2026-07-19,2026-09-12,FL,Clearwater,,,,,210-s-comet-ave-clearwater-fl-33765
2026-09-12,INVH,Tampa,"1456 Spring Ln, Clearwater, FL, 33755",Tampa,INVH-1456-spring-ln-33755-1757,2,1.5,1080,1995.0,2026-10-21,24 months,False,,,,,,,,https://www.invitationhomes.com/houses-for-rent/1456-spring-ln-33755-1757,2026-09-12,2026-09-12,FL,Clearwater,,,,,1456-spring-ln-33755-1757
2026-09-12,INVH,Tampa,"1868 East Dr, Clearwater, FL, 33755",Tampa,INVH-1868-east-dr-33755-4376,3,2.5,1883,2545.0,2026-09-12,23 months,False,,,,,,,,https://www.invitationhomes.com/houses-for-rent/1868-east-dr-33755-4376,2026-05-17,2026-09-12,FL,Clearwater,,,,,1868-east-dr-33755-4376
2026-09-12,INVH,Tampa,"1721 Greenhill Dr, Clearwater, FL, 33755",Tampa,INVH-1721-greenhill-dr-33755-7589,3,2.0,1494,2495.0,2026-09-14,23 months,False,,,,,,,,https://www.invitationhomes.com/houses-for-rent/1721-greenhill-dr-33755-7589,2026-09-03,2026-09-12,FL,Clearwater,,,,,1721-greenhill-dr-33755-7589
2026-09-12,INVH,Tampa,"1856 Greenhill Dr, Clearwater, FL, 33755",Tampa,INVH-1856-greenhill-dr-clearwater-fl-33755,3,2.0,1551,2795.0,2026-10-01,19 months,False,,,,,,,,https://www.invitationhomes.com/houses-for-rent/1856-greenhill-dr-clearwater-fl-33755,2026-08-23,2026-09-12,FL,Clearwater,,,,,1856-greenhill-dr-clearwater-fl-33755
2026-09-12,INVH,Tampa,"1860 Murray Ave, Clearwater, FL, 33755",Tampa,INVH-1860-murray-ave-33755-8119,4,2.0,1738,2399.0,2026-09-12,23 months,False,,,,,,,,https://www.invitationhomes.com/houses-for-rent/1860-murray-ave-33755-8119,2026-07-19,2026-09-12,FL,Clearwater,,,,,1860-murray-ave-33755-8119
2026-09-12,INVH,Tampa,"1963 Lansing Dr, Clearwater, FL, 33763",Tampa,INVH-1963-lansing-dr-33763-7331,3,2.0,1544,2820.0,2026-10-14,19 months,False,,,,,,,,https://www.invitationhomes.com/houses-for-rent/1963-lansing-dr-33763-7331,2026-09-03,2026-09-12,FL,Clearwater,,,,,1963-lansing-dr-33763-7331
2026-09-12,INVH,Tampa,"2332 Harn Blvd, Clearwater, FL, 33764",Tampa,INVH-2332-harn-blvd-clearwater-fl-33764,3,2.0,1842,3090.0,2026-10-20,19 months,False,,,,,,,,https://www.invitationhomes.com/houses-for-rent/2332-harn-blvd-clearwater-fl-33764,2026-09-06,2026-09-12,FL,Clearwater,,,,,2332-harn-blvd-clearwater-fl-33764
2026-09-12,INVH,Tampa,"2257 Granger Dr, Clearwater, FL, 33765",Tampa,INVH-2257-granger-dr-33765-2350,3,1.0,1452,2395.0,2026-10-15,23 months,False,,,,,,,,https://www.invitationhomes.com/houses-for-rent/2257-granger-dr-33765-2350,2026-09-03,2026-09-12,FL,Clearwater,,,,,2257-granger-dr-33765-2350
2026-09-12,INVH,Tampa,"2160 Riviera Dr, Clearwater, FL, 33763",Tampa,INVH-2160-riviera-dr-33763-9044,3,2.0,1148,2099.0,2026-09-12,23 months,False,,,,,,,,https://www.invitationhomes.com/houses-for-rent/2160-riviera-dr-33763-9044,2026-07-19,2026-09-12,FL,Clearwater,,,,,2160-riviera-dr-33763-9044
2026-09-12,INVH,Tampa,"488 Macleod Ter, Dunedin, FL, 34698",Tampa,INVH-488-macleod-ter-34698-2373,3,2.0,1480,2595.0,2026-09-21,23 months,False,,,,,,,,https://www.invitationhomes.com/houses-for-rent/488-macleod-ter-34698-2373,2026-08-10,2026-09-12,FL,Dunedin,,,,,488-macleod-ter-34698-2373
2026-09-12,INVH,Tampa,"2442 Hazelwood Ln, Clearwater, FL, 33763",Tampa,INVH-2442-hazelwood-ln-clearwater-fl-33763,3,2.0,1580,2745.0,2026-09-20,23 months,False,,,,,,,,https://www.invitationhomes.com/houses-for-rent/2442-hazelwood-ln-clearwater-fl-33763,2026-09-12,2026-09-12,FL,Clearwater,,,,,2442-hazelwood-ln-clearwater-fl-33763
2026-09-12,INVH,Tampa,"332 N Bay Hills Blvd, Safety Harbor, FL, 34695",Tampa,INVH-332-n-bay-hills-blvd-34695-4152,3,2.0,1460,2745.0,2026-09-12,19 months,False,,,,,,,,https://www.invitationhomes.com/houses-for-rent/332-n-bay-hills-blvd-34695-4152,2026-09-03,2026-09-12,FL,Safety Harbor,,,,,332-n-bay-hills-blvd-34695-4152
2026-09-12,INVH,Tampa,"603 Timber Bay Cir E, Oldsmar, FL, 34677",Tampa,INVH-603-timber-bay-cir-e-34677-8556,3,2.0,1398,2480.0,2026-09-12,19 months,False,,,,,,,,https://www.invitationhomes.com/houses-for-rent/603-timber-bay-cir-e-34677-8556,2026-07-19,2026-09-12,FL,Oldsmar,,,,,603-timber-bay-cir-e-34677-8556
2026-09-12,INVH,Tampa,"219 Whisper Lake Rd, Palm Harbor, FL, 34683",Tampa,INVH-219-whisper-lake-rd-34683-9925,3,2.0,1408,2625.0,2026-09-26,23 months,False,,,,,,,,https://www.invitationhomes.com/houses-for-rent/219-whisper-lake-rd-34683-9925,2026-08-16,2026-09-12,FL,Palm Harbor,,,,,219-whisper-lake-rd-34683-9925
2026-09-12,INVH,Tampa,"155 Talley Dr, Palm Harbor, FL, 34684",Tampa,INVH-155-talley-dr-34684-3830,2,2.0,1404,2195.0,2026-09-12,23 months,False,,,,,,,,https://www.invitationhomes.com/houses-for-rent/155-talley-dr-34684-3830,2026-06-14,2026-09-12,FL,Palm Harbor,,,,,155-talley-dr-34684-3830
2026-09-12,INVH,Tampa,"3764 Carmichael Ct, Palm Harbor, FL, 34684",Tampa,INVH-3764-carmichael-ct-34684-3870,2,2.0,1060,2110.0,2026-09-12,23 months,False,,,,,,,,https://www.invitationhomes.com/houses-for-rent/3764-carmichael-ct-34684-3870,2026-08-02,2026-09-12,FL,Palm Harbor,,,,,3764-carmichael-ct-34684-3870
2026-09-12,INVH,Tampa,"424 Crosswinds Dr, Palm Harbor, FL, 34683",Tampa,INVH-424-crosswinds-dr-34683-8425,3,2.0,1466,2445.0,2026-09-17,23 months,False,,,,,,,,https://www.invitationhomes.com/houses-for-rent/424-crosswinds-dr-34683-8425,2026-08-02,2026-09-12,FL,Palm Harbor,,,,,424-crosswinds-dr-34683-8425
2026-09-12,INVH,Tampa,"1752 E Groveleaf Ave, Palm Harbor, FL, 34683",Tampa,INVH-1752-e-groveleaf-ave-34683-6919,4,2.0,1517,2595.0,2026-09-25,23 months,False,,,,,,,,https://www.invitationhomes.com/houses-for-rent/1752-e-groveleaf-ave-34683-6919,2026-09-09,2026-09-12,FL,Palm Harbor,,,,,1752-e-groveleaf-ave-34683-6919
2026-09-12,INVH,Tampa,"3010 Hanna Ct, Palm Harbor, FL, 34684",Tampa,INVH-3010-hanna-ct-34684-103341,4,2.0,1035,2645.0,2026-09-12,19 months,False,,,,,,,,https://www.invitationhomes.com/houses-for-rent/3010-hanna-ct-34684-103341,2026-08-02,2026-09-12,FL,Palm Harbor,,,,,3010-hanna-ct-34684-103341
2026-09-12,INVH,Tampa,"414 Tangerine Dr, Oldsmar, FL, 34677",Tampa,INVH-414-tangerine-dr-oldsmar-fl-34677,3,2.0,1481,2465.0,2026-09-22,23 months,False,,,,,,,,https://www.invitationhomes.com/houses-for-rent/414-tangerine-dr-oldsmar-fl-34677,2026-08-10,2026-09-12,FL,Oldsmar,,,,,414-tangerine-dr-oldsmar-fl-34677
2026-09-12,INVH,Tampa,"417 Oakleaf Blvd, Oldsmar, FL, 34677",Tampa,INVH-417-oakleaf-blvd-oldsmar-fl-34677,3,2.0,1514,2640.0,2026-10-15,19 months,False,,,,,,,,https://www.invitationhomes.com/houses-for-rent/417-oakleaf-blvd-oldsmar-fl-34677,2026-08-16,2026-09-12,FL,Oldsmar,,,,,417-oakleaf-blvd-oldsmar-fl-34677
2026-09-12,INVH,Tampa,"420 Arrowhead Ct, Oldsmar, FL, 34677",Tampa,INVH-420-arrowhead-ct-oldsmar-fl-34677,3,2.0,1544,2649.0,2026-09-15,23 months,False,,,,,,,,https://www.invitationhomes.com/houses-for-rent/420-arrowhead-ct-oldsmar-fl-34677,2026-08-16,2026-09-12,FL,Oldsmar,,,,,420-arrowhead-ct-oldsmar-fl-34677
2026-09-12,INVH,Tampa,"3448 Brian Rd S, Palm Harbor, FL, 34685",Tampa,INVH-3448-brian-rd-s-34685-1070,3,2.0,1918,2660.0,2026-09-12,23 months,False,,,,,,,,https://www.invitationhomes.com/houses-for-rent/3448-brian-rd-s-34685-1070,2026-07-19,2026-09-12,FL,Palm Harbor,,,,,3448-brian-rd-s-34685-1070
2026-09-12,INVH,Tampa,"2806 Witley Ave, Palm Harbor, FL, 34685",Tampa,INVH-2806-witley-ave-34685-5106,3,2.0,1863,2795.0,2026-10-14,19 months,False,,,,,,,,https://www.invitationhomes.com/houses-for-rent/2806-witley-ave-34685-5106,2026-07-19,2026-09-12,FL,Palm Harbor,,,,,2806-witley-ave-34685-5106
2026-09-12,INVH,Tampa,"7518 S Germer St, Tampa, FL, 33616",Tampa,INVH-7518-s-germer-st-33616-3279,3,2.0,1204,2245.0,2026-09-15,23 months,False,,,,,,,,https://www.invitationhomes.com/houses-for-rent/7518-s-germer-st-33616-3279,2026-09-03,2026-09-12,FL,Tampa,,,,,7518-s-germer-st-33616-3279
2026-09-12,INVH,Tampa,"4426 W Iowa Ave, Tampa, FL, 33616",Tampa,INVH-4426-w-iowa-ave-33616-103460,4,2.0,1325,2610.0,2026-09-14,23 months,False,,,,,,,,https://www.invitationhomes.com/houses-for-rent/4426-w-iowa-ave-33616-103460,2026-08-02,2026-09-12,FL,Tampa,,,,,4426-w-iowa-ave-33616-103460
2026-09-12,INVH,Tampa,"2818 W Shelton Ave, Tampa, FL, 33611",Tampa,INVH-2818-w-shelton-ave-33611-9450,3,1.0,1052,1990.0,2026-09-12,23 months,False,,,,,,,,https://www.invitationhomes.com/houses-for-rent/2818-w-shelton-ave-33611-9450,2026-08-02,2026-09-12,FL,Tampa,,,,,2818-w-shelton-ave-33611-9450
2026-09-12,INVH,Tampa,"7462 Oxford Garden Cir, Apollo Beach, FL, 33572",Tampa,INVH-7462-oxford-garden-cir-33572-1277,4,2.0,1337,1799.0,2026-09-12,23 months,False,,,,,,,,https://www.invitationhomes.com/houses-for-rent/7462-oxford-garden-cir-33572-1277,2026-08-02,2026-09-12,FL,Apollo Beach,,,,,7462-oxford-garden-cir-33572-1277
2026-09-12,INVH,Tampa,"6649 Cambridge Park Dr, Apollo Beach, FL, 33572",Tampa,INVH-6649-cambridge-park-dr-33572-92524,5,2.5,2017,2590.0,2026-09-12,23 months,False,,,,,,,,https://www.invitationhomes.com/houses-for-rent/6649-cambridge-park-dr-33572-92524,2026-07-19,2026-09-12,FL,Apollo Beach,,,,,6649-cambridge-park-dr-33572-92524
2026-09-12,INVH,Tampa,"7315 Tangle Bend Dr, Gibsonton, FL, 33534",Tampa,INVH-7315-tangle-bend-dr-33534-8455,4,2.0,1676,2199.0,2026-09-28,23 months,False,,,,,,,,https://www.invitationhomes.com/houses-for-rent/7315-tangle-bend-dr-33534-8455,2026-09-03,2026-09-12,FL,Gibsonton,,,,,7315-tangle-bend-dr-33534-8455
2026-09-12,INVH,Tampa,"11180 Riley Pines Cir, Gibsonton, FL, 33534",Tampa,INVH-11180-riley-pines-cir-33534-118491,4,2.0,1817,2199.0,2026-09-25,24 months,False,,,,,,,,https://www.invitationhomes.com/houses-for-rent/11180-riley-pines-cir-33534-118491,2026-08-02,2026-09-12,FL,Gibsonton,,,,,11180-riley-pines-cir-33534-118491
2026-09-12,INVH,Tampa,"11109 Riley Pines Cir, Gibsonton, FL, 33534",Tampa,INVH-11109-riley-pines-cir-33534-118487,4,2.5,1870,2275.0,2026-10-04,24 months,False,,,,,,,,https://www.invitationhomes.com/houses-for-rent/11109-riley-pines-cir-33534-118487,2026-08-23,2026-09-12,FL,Gibsonton,,,,,11109-riley-pines-cir-33534-118487
2026-09-12,INVH,Tampa,"11105 Riley Pines Cir, Gibsonton, FL, 33534",Tampa,INVH-11105-riley-pines-cir-33534-118485,6,3.0,2580,2625.0,2026-09-12,24 months,False,,,,,,,,https://www.invitationhomes.com/houses-for-rent/11105-riley-pines-cir-33534-118485,2026-08-10,2026-09-12,FL,Gibsonton,,,,,11105-riley-pines-cir-33534-118485
2026-09-12,INVH,Tampa,"11265 Riley Pines Cir, Gibsonton, FL, 33534",Tampa,INVH-11265-riley-pines-cir-33534-118469,5,2.5,2389,2399.0,2026-09-24,24 months,False,,,,,,,,https://www.invitationhomes.com/houses-for-rent/11265-riley-pines-cir-33534-118469,2026-09-12,2026-09-12,FL,Gibsonton,,,,,11265-riley-pines-cir-33534-118469
2026-09-12,INVH,Tampa,"11259 Riley Pines Cir, Gibsonton, FL, 33534",Tampa,INVH-11259-riley-pines-cir-33534-118467,5,2.5,2215,2375.0,2026-09-12,24 months,False,,,,,,,,https://www.invitationhomes.com/houses-for-rent/11259-riley-pines-cir-33534-118467,2026-08-10,2026-09-12,FL,Gibsonton,,,,,11259-riley-pines-cir-33534-118467
2026-09-12,INVH,Tampa,"11264 Riley Pines Cir, Gibsonton, FL, 33534",Tampa,INVH-11264-riley-pines-cir-33534-115019,4,2.5,1870,2249.0,2026-09-12,24 months,False,,,,,,,,https://www.invitationhomes.com/houses-for-rent/11264-riley-pines-cir-33534-115019,2026-06-14,2026-09-12,FL,Gibsonton,,,,,11264-riley-pines-cir-33534-115019
2026-09-12,INVH,Tampa,"11171 Riley Pines Cir, Gibsonton, FL, 33534",Tampa,INVH-11171-riley-pines-cir-33534-118447,4,2.5,1870,2275.0,2026-10-27,24 months,False,,,,,,,,https://www.invitationhomes.com/houses-for-rent/11171-riley-pines-cir-33534-118447,2026-09-12,2026-09-12,FL,Gibsonton,,,,,11171-riley-pines-cir-33534-118447
2026-09-12,INVH,Tampa,"11223 Riley Pines Cir, Gibsonton, FL, 33534",Tampa,INVH-11223-riley-pines-cir-33534-118456,4,2.5,1870,2249.0,2026-09-12,24 months,False,,,,,,,,https://www.invitationhomes.com/houses-for-rent/11223-riley-pines-cir-33534-118456,2026-07-19,2026-09-12,FL,Gibsonton,,,,,11223-riley-pines-cir-33534-118456
2026-09-12,INVH,Tampa,"11220 Riley Pines Cir, Gibsonton, FL, 33534",Tampa,INVH-11220-riley-pines-cir-33534-115035,4,2.5,1870,2249.0,2026-09-12,24 months,False,,,,,,,,https://www.invitationhomes.com/houses-for-rent/11220-riley-pines-cir-33534-115035,2026-09-03,2026-09-12,FL,Gibsonton,,,,,11220-riley-pines-cir-33534-115035
2026-09-12,INVH,Tampa,"12008 Streambed Dr, Riverview, FL, 33579",Tampa,INVH-12008-streambed-dr-riverview-fl-33579,5,3.0,2455,2435.0,2026-09-12,23 months,False,,,,,,,,https://www.invitationhomes.com/houses-for-rent/12008-streambed-dr-riverview-fl-33579,2026-08-16,2026-09-12,FL,Riverview,,,,,12008-streambed-dr-riverview-fl-33579
2026-09-12,INVH,Tampa,"10605 Noah Ct, Riverview, FL, 33579",Tampa,INVH-10605-noah-ct-riverview-fl-33579,3,2.0,2042,2195.0,2026-09-22,23 months,False,,,,,,,,https://www.invitationhomes.com/houses-for-rent/10605-noah-ct-riverview-fl-33579,2026-08-16,2026-09-12,FL,Riverview,,,,,10605-noah-ct-riverview-fl-33579
2026-09-12,INVH,Tampa,"13528 Fladgate Mark Dr, Riverview, FL, 33579",Tampa,INVH-13528-fladgate-mark-dr-33579-1233,4,2.0,1970,2249.0,2026-09-12,23 months,False,,,,,,,,https://www.invitationhomes.com/houses-for-rent/13528-fladgate-mark-dr-33579-1233,2026-08-02,2026-09-12,FL,Riverview,,,,,13528-fladgate-mark-dr-33579-1233
2026-09-12,INVH,Tampa,"11140 Summer Star Dr, Riverview, FL, 33579",Tampa,INVH-11140-summer-star-dr-33579-6964,3,2.0,1303,1995.0,2026-10-15,23 months,False,,,,,,,,https://www.invitationhomes.com/houses-for-rent/11140-summer-star-dr-33579-6964,2026-09-03,2026-09-12,FL,Riverview,,,,,11140-summer-star-dr-33579-6964
2026-09-12,INVH,Tampa,"13509 Padron Ct, Riverview, FL, 33579",Tampa,INVH-13509-padron-ct-33579-112836,3,2.0,1292,2199.0,2026-10-20,23 months,False,,,,,,,,https://www.invitationhomes.com/houses-for-rent/13509-padron-ct-33579-112836,2026-09-06,2026-09-12,FL,Riverview,,,,,13509-padron-ct-33579-112836
2026-09-12,INVH,Tampa,"13501 Mango Bay Dr, Riverview, FL, 33579",Tampa,INVH-13501-mango-bay-dr-33579-2221,4,3.0,2836,2535.0,2026-09-16,23 months,False,,,,,,,,https://www.invitationhomes.com/houses-for-rent/13501-mango-bay-dr-33579-2221,2026-05-03,2026-09-12,FL,Riverview,,,,,13501-mango-bay-dr-33579-2221
2026-09-12,INVH,Tampa,"11402 Callaway Pond Dr, Riverview, FL, 33579",Tampa,INVH-11402-callaway-pond-dr-riverview-fl-33579,5,3.0,3277,3410.0,2026-09-12,19 months,False,,,,,,,,https://www.invitationhomes.com/houses-for-rent/11402-callaway-pond-dr-riverview-fl-33579,2026-09-03,2026-09-12,FL,Riverview,,,,,11402-callaway-pond-dr-riverview-fl-33579
2026-09-12,INVH,Tampa,"10808 Wrigley Ct, Riverview, FL, 33579",Tampa,INVH-10808-wrigley-ct-33579-4338,3,2.5,1606,2235.0,2026-10-08,23 months,False,,,,,,,,https://www.invitationhomes.com/houses-for-rent/10808-wrigley-ct-33579-4338,2026-09-03,2026-09-12,FL,Riverview,,,,,10808-wrigley-ct-33579-4338
2026-09-12,INVH,Tampa,"12918 Brookcrest Pl, Riverview, FL, 33578",Tampa,INVH-12918-brookcrest-pl-33578-9056,4,3.0,2852,2345.0,2026-09-12,23 months,False,,,,,,,,https://www.invitationhomes.com/houses-for-rent/12918-brookcrest-pl-33578-9056,2026-07-19,2026-09-12,FL,Riverview,,,,,12918-brookcrest-pl-33578-9056
2026-09-12,INVH,Tampa,"12310 Dawn Vista Dr, Riverview, FL, 33578",Tampa,INVH-12310-dawn-vista-dr-33578-3690,3,2.0,1497,2135.0,2026-10-03,23 months,False,,,,,,,,https://www.invitationhomes.com/houses-for-rent/12310-dawn-vista-dr-33578-3690,2026-08-23,2026-09-12,FL,Riverview,,,,,12310-dawn-vista-dr-33578-3690
2026-09-12,INVH,Tampa,"10819 Capstan Lake Dr, Riverview, FL, 33579",Tampa,INVH-10819-capstan-lake-dr-33579-2203,3,2.0,2250,2515.0,2026-09-12,23 months,False,,,,,,,,https://www.invitationhomes.com/houses-for-rent/10819-capstan-lake-dr-33579-2203,2026-08-02,2026-09-12,FL,Riverview,,,,,10819-capstan-lake-dr-33579-2203
2026-09-12,INVH,Tampa,"13521 Prestwick Dr, Riverview, FL, 33579",Tampa,INVH-13521-prestwick-dr-33579-1192,3,2.0,1470,1995.0,2026-10-04,23 months,False,,,,,,,,https://www.invitationhomes.com/houses-for-rent/13521-prestwick-dr-33579-1192,2026-08-23,2026-09-12,FL,Riverview,,,,,13521-prestwick-dr-33579-1192
2026-09-12,INVH,Tampa,"10710 Navigation Dr, Riverview, FL, 33579",Tampa,INVH-10710-navigation-dr-riverview-fl-33579,4,2.0,1499,2049.0,2026-09-12,23 months,False,,,,,,,,https://www.invitationhomes.com/houses-for-rent/10710-navigation-dr-riverview-fl-33579,2026-07-19,2026-09-12,FL,Riverview,,,,,10710-navigation-dr-riverview-fl-33579
2026-09-12,INVH,Tampa,"12805 Adventure Dr, Riverview, FL, 33579",Tampa,INVH-12805-adventure-dr-33579-1211,3,2.0,1489,2149.0,2026-09-12,23 months,False,,,,,,,,https://www.invitationhomes.com/houses-for-rent/12805-adventure-dr-33579-1211,2026-09-06,2026-09-12,FL,Riverview,,,,,12805-adventure-dr-33579-1211
2026-09-12,INVH,Tampa,"11621 Addison Chase Dr, Riverview, FL, 33579",Tampa,INVH-11621-addison-chase-dr-33579-86476,4,2.5,2496,2535.0,2026-09-12,23 months,False,,,,,,,,https://www.invitationhomes.com/houses-for-rent/11621-addison-chase-dr-33579-86476,2026-05-24,2026-09-12,FL,Riverview,,,,,11621-addison-chase-dr-33579-86476
2026-09-12,INVH,Tampa,"11904 Butler Woods Cir, Riverview, FL, 33579",Tampa,INVH-11904-butler-woods-cir-33579-85912,3,2.5,1780,2175.0,2026-09-17,23 months,False,,,,,,,,https://www.invitationhomes.com/houses-for-rent/11904-butler-woods-cir-33579-85912,2026-08-02,2026-09-12,FL,Riverview,,,,,11904-butler-woods-cir-33579-85912
2026-09-12,INVH,Tampa,"11926 Lark Song Loop, Riverview, FL, 33579",Tampa,INVH-11926-lark-song-loop-riverview-fl-33579,3,2.5,2424,2295.0,2026-10-03,23 months,False,,,,,,,,https://www.invitationhomes.com/houses-for-rent/11926-lark-song-loop-riverview-fl-33579,2026-08-23,2026-09-12,FL,Riverview,,,,,11926-lark-song-loop-riverview-fl-33579
2026-09-12,INVH,Tampa,"10305 Greystone Ridge Ct, Riverview, FL, 33578",Tampa,INVH-10305-greystone-ridge-ct-33578-4329,3,2.0,1632,2160.0,2026-09-12,23 months,False,,,,,,,,https://www.invitationhomes.com/houses-for-rent/10305-greystone-ridge-ct-33578-4329,2026-08-10,2026-09-12,FL,Riverview,,,,,10305-greystone-ridge-ct-33578-4329
2026-09-12,INVH,Tampa,"11445 Chilly Water Ct, Riverview, FL, 33569",Tampa,INVH-11445-chilly-water-ct-33569-103672,4,3.0,2529,2935.0,2026-10-12,19 months,False,,,,,,,,https://www.invitationhomes.com/houses-for-rent/11445-chilly-water-ct-33569-103672,2026-09-03,2026-09-12,FL,Riverview,,,,,11445-chilly-water-ct-33569-103672
2026-09-12,INVH,Tampa,"10618 Lakeside Vista Dr, Riverview, FL, 33569",Tampa,INVH-10618-lakeside-vista-dr-riverview-fl-33569,3,2.0,1272,1790.0,2026-09-12,23 months,False,,,,,,,,https://www.invitationhomes.com/houses-for-rent/10618-lakeside-vista-dr-riverview-fl-33569,2026-07-19,2026-09-12,FL,Riverview,,,,,10618-lakeside-vista-dr-riverview-fl-33569
2026-09-12,INVH,Tampa,"11101 Havasu Ct, Riverview, FL, 33569",Tampa,INVH-11101-havasu-ct-riverview-fl-33569,4,2.0,1520,2145.0,2026-10-24,23 months,False,,,,,,,,https://www.invitationhomes.com/houses-for-rent/11101-havasu-ct-riverview-fl-33569,2026-09-09,2026-09-12,FL,Riverview,,,,,11101-havasu-ct-riverview-fl-33569
2026-09-12,INVH,Tampa,"10303 Lakeside Vista Dr, Riverview, FL, 33569",Tampa,INVH-10303-lakeside-vista-dr-33569-1245,4,2.0,1342,1970.0,2026-09-12,23 months,False,,,,,,,,https://www.invitationhomes.com/houses-for-rent/10303-lakeside-vista-dr-33569-1245,2026-08-10,2026-09-12,FL,Riverview,,,,,10303-lakeside-vista-dr-33569-1245
2026-09-12,INVH,Tampa,"10353 Lakeside Vista Dr, Riverview, FL, 33569",Tampa,INVH-10353-lakeside-vista-dr-33569-1507,4,2.0,1342,2020.0,2026-09-12,23 months,False,,,,,,,,https://www.invitationhomes.com/houses-for-rent/10353-lakeside-vista-dr-33569-1507,2026-08-02,2026-09-12,FL,Riverview,,,,,10353-lakeside-vista-dr-33569-1507
2026-09-12,INVH,Tampa,"10420 Laguna Plains Dr, Riverview, FL, 33578",Tampa,INVH-10420-laguna-plains-dr-33578-112856,3,2.5,1770,2345.0,2026-10-11,23 months,False,,,,,,,,https://www.invitationhomes.com/houses-for-rent/10420-laguna-plains-dr-33578-112856,2026-09-03,2026-09-12,FL,Riverview,,,,,10420-laguna-plains-dr-33578-112856
2026-09-12,INVH,Tampa,"11401 Andy Dr, Riverview, FL, 33569",Tampa,INVH-11401-andy-dr-33569-87522,3,2.0,1435,2095.0,2026-10-25,23 months,False,,,,,,,,https://www.invitationhomes.com/houses-for-rent/11401-andy-dr-33569-87522,2026-09-12,2026-09-12,FL,Riverview,,,,,11401-andy-dr-33569-87522
2026-09-12,INVH,Tampa,"11140 Creek Haven Dr, Riverview, FL, 33569",Tampa,INVH-11140-creek-haven-dr-riverview-fl-33569,4,2.5,2240,2295.0,2026-09-12,23 months,False,,,,,,,,https://www.invitationhomes.com/houses-for-rent/11140-creek-haven-dr-riverview-fl-33569,2026-06-09,2026-09-12,FL,Riverview,,,,,11140-creek-haven-dr-riverview-fl-33569
2026-09-12,INVH,Tampa,"10420 Frog Pond Dr, Riverview, FL, 33569",Tampa,INVH-10420-frog-pond-dr-33569-94646,4,2.0,2197,2270.0,2026-09-21,23 months,False,,,,,,,,https://www.invitationhomes.com/houses-for-rent/10420-frog-pond-dr-33569-94646,2026-07-19,2026-09-12,FL,Riverview,,,,,10420-frog-pond-dr-33569-94646
2026-09-12,INVH,Tampa,"10333 Frog Pond Dr, Riverview, FL, 33569",Tampa,INVH-10333-frog-pond-dr-33569-86719,5,2.5,2910,2595.0,2026-09-12,23 months,False,,,,,,,,https://www.invitationhomes.com/houses-for-rent/10333-frog-pond-dr-33569-86719,2026-08-02,2026-09-12,FL,Riverview,,,,,10333-frog-pond-dr-33569-86719
2026-09-12,INVH,Tampa,"7922 Moccasin Trail Dr, Riverview, FL, 33578",Tampa,INVH-7922-moccasin-trail-dr-riverview-fl-33578,3,2.0,2062,2435.0,2026-09-28,23 months,False,,,,,,,,https://www.invitationhomes.com/houses-for-rent/7922-moccasin-trail-dr-riverview-fl-33578,2026-08-16,2026-09-12,FL,Riverview,,,,,7922-moccasin-trail-dr-riverview-fl-33578
2026-09-12,INVH,Tampa,"8222 Summer Wood Ln, Riverview, FL, 33578",Tampa,INVH-8222-summer-wood-ln-riverview-fl-33578,3,2.0,1275,1910.0,2026-09-12,23 months,False,,,,,,,,https://www.invitationhomes.com/houses-for-rent/8222-summer-wood-ln-riverview-fl-33578,2026-08-23,2026-09-12,FL,Riverview,,,,,8222-summer-wood-ln-riverview-fl-33578
2026-09-12,INVH,Tampa,"3686 Fulton Ferry Ln, Tampa, FL, 33619",Tampa,INVH-3686-fulton-ferry-ln-33619-119892,3,2.5,1464,2025.0,2026-10-24,24 months,False,,,,,,,,https://www.invitationhomes.com/houses-for-rent/3686-fulton-ferry-ln-33619-119892,2026-09-09,2026-09-12,FL,Tampa,,,,,3686-fulton-ferry-ln-33619-119892
2026-09-12,INVH,Tampa,"3648 Fulton Ferry Ln, Tampa, FL, 33619",Tampa,INVH-3648-fulton-ferry-ln-33619-119900,3,2.5,1464,2025.0,2026-09-12,24 months,False,,,,,,,,https://www.invitationhomes.com/houses-for-rent/3648-fulton-ferry-ln-33619-119900,2026-07-19,2026-09-12,FL,Tampa,,,,,3648-fulton-ferry-ln-33619-119900
2026-09-12,INVH,Tampa,"3684 Brownsville Pl, Tampa, FL, 33619",Tampa,INVH-3684-brownsville-pl-33619-119872,3,2.5,1464,2025.0,2026-09-12,24 months,False,,,,,,,,https://www.invitationhomes.com/houses-for-rent/3684-brownsville-pl-33619-119872,2026-08-10,2026-09-12,FL,Tampa,,,,,3684-brownsville-pl-33619-119872
2026-09-12,INVH,Tampa,"3653 Brownsville Pl, Tampa, FL, 33619",Tampa,INVH-3653-brownsville-pl-33619-119885,3,2.5,1464,2025.0,2026-10-25,24 months,False,,,,,,,,https://www.invitationhomes.com/houses-for-rent/3653-brownsville-pl-33619-119885,2026-09-12,2026-09-12,FL,Tampa,,,,,3653-brownsville-pl-33619-119885
2026-09-12,INVH,Tampa,"8111 Canterbury Lake Blvd, Tampa, FL, 33619",Tampa,INVH-8111-canterbury-lake-blvd-33619-4711,4,2.0,1495,2249.0,2026-09-12,23 months,False,,,,,,,,https://www.invitationhomes.com/houses-for-rent/8111-canterbury-lake-blvd-33619-4711,2026-08-10,2026-09-12,FL,Tampa,,,,,8111-canterbury-lake-blvd-33619-4711
2026-09-12,INVH,Tampa,"10323 Ashley Oaks Dr, Riverview, FL, 33578",Tampa,INVH-10323-ashley-oaks-dr-riverview-fl-33578,4,2.0,2489,2495.0,2026-09-12,23 months,False,,,,,,,,https://www.invitationhomes.com/houses-for-rent/10323-ashley-oaks-dr-riverview-fl-33578,2026-07-19,2026-09-12,FL,Riverview,,,,,10323-ashley-oaks-dr-riverview-fl-33578
2026-09-12,INVH,Tampa,"6119 Magnolia Park Blvd, Riverview, FL, 33578",Tampa,INVH-6119-magnolia-park-blvd-33578-112991,4,2.5,2660,2795.0,2026-10-15,19 months,False,,,,,,,,https://www.invitationhomes.com/houses-for-rent/6119-magnolia-park-blvd-33578-112991,2026-09-03,2026-09-12,FL,Riverview,,,,,6119-magnolia-park-blvd-33578-112991
2026-09-12,INVH,Tampa,"10912 Brucehaven Dr, Riverview, FL, 33578",Tampa,INVH-10912-brucehaven-dr-riverview-fl-33578,3,2.0,1192,2035.0,2026-10-08,23 months,False,,,,,,,,https://www.invitationhomes.com/houses-for-rent/10912-brucehaven-dr-riverview-fl-33578,2026-09-03,2026-09-12,FL,Riverview,,,,,10912-brucehaven-dr-riverview-fl-33578
2026-09-12,INVH,Tampa,"8502 Dee Cir, Riverview, FL, 33569",Tampa,INVH-8502-dee-cir-riverview-fl-33569,3,2.0,1540,2295.0,2026-10-13,23 months,False,,,,,,,,https://www.invitationhomes.com/houses-for-rent/8502-dee-cir-riverview-fl-33569,2026-09-03,2026-09-12,FL,Riverview,,,,,8502-dee-cir-riverview-fl-33569
2026-09-12,INVH,Tampa,"506 Wynnwood Dr, Brandon, FL, 33511",Tampa,INVH-506-wynnwood-dr-brandon-fl-33511,4,3.5,2582,2695.0,2026-09-12,23 months,False,,,,,,,,https://www.invitationhomes.com/houses-for-rent/506-wynnwood-dr-brandon-fl-33511,2026-07-19,2026-09-12,FL,Brandon,,,,,506-wynnwood-dr-brandon-fl-33511
2026-09-12,INVH,Tampa,"819 Centerwood Ct, Brandon, FL, 33511",Tampa,INVH-819-centerwood-ct-brandon-fl-33511,4,2.0,1363,2295.0,2026-09-12,23 months,False,,,,,,,,https://www.invitationhomes.com/houses-for-rent/819-centerwood-ct-brandon-fl-33511,2026-09-03,2026-09-12,FL,Brandon,,,,,819-centerwood-ct-brandon-fl-33511
2026-09-12,INVH,Tampa,"1210 Tuxford Dr, Brandon, FL, 33511",Tampa,INVH-1210-tuxford-dr-33511-85764,3,2.0,1817,2390.0,2026-10-15,23 months,False,,,,,,,,https://www.invitationhomes.com/houses-for-rent/1210-tuxford-dr-33511-85764,2026-09-09,2026-09-12,FL,Brandon,,,,,1210-tuxford-dr-33511-85764
2026-09-12,INVH,Tampa,"3910 Buttonwood Ct, Brandon, FL, 33511",Tampa,INVH-3910-buttonwood-ct-33511-4301,4,2.0,2374,2695.0,2026-10-18,24 months,False,,,,,,,,https://www.invitationhomes.com/houses-for-rent/3910-buttonwood-ct-33511-4301,2026-09-09,2026-09-12,FL,Brandon,,,,,3910-buttonwood-ct-33511-4301
2026-09-12,INVH,Tampa,"1508 Blueteal Dr, Brandon, FL, 33511",Tampa,INVH-1508-blueteal-dr-33511-103361,3,2.0,1700,2310.0,2026-09-16,23 months,False,,,,,,,,https://www.invitationhomes.com/houses-for-rent/1508-blueteal-dr-33511-103361,2026-08-02,2026-09-12,FL,Brandon,,,,,1508-blueteal-dr-33511-103361
2026-09-12,INVH,Tampa,"1517 Kestrel Way, Brandon, FL, 33511",Tampa,INVH-1517-kestrel-way-33511-5055,3,2.0,1292,2045.0,2026-09-12,23 months,False,,,,,,,,https://www.invitationhomes.com/houses-for-rent/1517-kestrel-way-33511-5055,2026-05-24,2026-09-12,FL,Brandon,,,,,1517-kestrel-way-33511-5055
2026-09-12,INVH,Tampa,"1609 Prowmore Dr, Brandon, FL, 33511",Tampa,INVH-1609-prowmore-dr-33511-112716,3,2.0,1606,2045.0,2026-09-12,23 months,False,,,,,,,,https://www.invitationhomes.com/houses-for-rent/1609-prowmore-dr-33511-112716,2026-08-02,2026-09-12,FL,Brandon,,,,,1609-prowmore-dr-33511-112716
2026-09-12,INVH,Tampa,"1608 Prowmore Dr, Brandon, FL, 33511",Tampa,INVH-1608-prowmore-dr-33511-113466,3,2.5,1606,2249.0,2026-09-12,23 months,False,,,,,,,,https://www.invitationhomes.com/houses-for-rent/1608-prowmore-dr-33511-113466,2026-05-17,2026-09-12,FL,Brandon,,,,,1608-prowmore-dr-33511-113466
2026-09-12,INVH,Tampa,"733 Burlwood St, Brandon, FL, 33511",Tampa,INVH-733-burlwood-st-brandon-fl-33511,3,2.5,1864,2545.0,2026-09-28,23 months,False,,,,,,,,https://www.invitationhomes.com/houses-for-rent/733-burlwood-st-brandon-fl-33511,2026-08-16,2026-09-12,FL,Brandon,,,,,733-burlwood-st-brandon-fl-33511
2026-09-12,INVH,Tampa,"1304 Village Ct, Brandon, FL, 33511",Tampa,INVH-1304-village-ct-33511-103793,3,2.0,1979,2249.0,2026-09-12,23 months,False,,,,,,,,https://www.invitationhomes.com/houses-for-rent/1304-village-ct-33511-103793,2026-07-19,2026-09-12,FL,Brandon,,,,,1304-village-ct-33511-103793
2026-09-12,INVH,Tampa,"6708 Commodore Way, Tampa, FL, 33615",Tampa,INVH-6708-commodore-way-33615-103787,3,2.0,1718,2595.0,2026-09-12,23 months,False,,,,,,,,https://www.invitationhomes.com/houses-for-rent/6708-commodore-way-33615-103787,2026-08-02,2026-09-12,FL,Tampa,,,,,6708-commodore-way-33615-103787
2026-09-12,INVH,Tampa,"10220 Wilcox Ct, Tampa, FL, 33615",Tampa,INVH-10220-wilcox-ct-33615-1951,3,2.0,1284,2549.0,2026-09-12,23 months,False,,,,,,,,https://www.invitationhomes.com/houses-for-rent/10220-wilcox-ct-33615-1951,2026-07-19,2026-09-12,FL,Tampa,,,,,10220-wilcox-ct-33615-1951
2026-09-12,INVH,Tampa,"9403 Posen Pl, Tampa, FL, 33635",Tampa,INVH-9403-posen-pl-33635-2834,3,2.0,1505,2545.0,2026-10-11,23 months,False,,,,,,,,https://www.invitationhomes.com/houses-for-rent/9403-posen-pl-33635-2834,2026-09-03,2026-09-12,FL,Tampa,,,,,9403-posen-pl-33635-2834
2026-09-12,INVH,Tampa,"8908 Exposition Dr, Tampa, FL, 33626",Tampa,INVH-8908-exposition-dr-33626-4269,3,2.0,1483,2535.0,2026-10-09,23 months,False,,,,,,,,https://www.invitationhomes.com/houses-for-rent/8908-exposition-dr-33626-4269,2026-08-10,2026-09-12,FL,Tampa,,,,,8908-exposition-dr-33626-4269
2026-09-12,INVH,Tampa,"8803 Hampden Dr, Tampa, FL, 33626",Tampa,INVH-8803-hampden-dr-tampa-fl-33626,3,2.0,1591,2660.0,2026-09-12,19 months,False,,,,,,,,https://www.invitationhomes.com/houses-for-rent/8803-hampden-dr-tampa-fl-33626,2026-08-02,2026-09-12,FL,Tampa,,,,,8803-hampden-dr-tampa-fl-33626
2026-09-12,INVH,Tampa,"12415 Kiwi Ave, Tampa, FL, 33625",Tampa,INVH-12415-kiwi-ave-33625-1327,3,2.5,1407,2325.0,2026-09-14,23 months,False,,,,,,,,https://www.invitationhomes.com/houses-for-rent/12415-kiwi-ave-33625-1327,2026-08-02,2026-09-12,FL,Tampa,,,,,12415-kiwi-ave-33625-1327
2026-09-12,INVH,Tampa,"10536 Chadbourne Dr, Tampa, FL, 33624",Tampa,INVH-10536-chadbourne-dr-tampa-fl-33624,3,2.0,1218,2245.0,2026-09-12,23 months,False,,,,,,,,https://www.invitationhomes.com/houses-for-rent/10536-chadbourne-dr-tampa-fl-33624,2026-07-19,2026-09-12,FL,Tampa,,,,,10536-chadbourne-dr-tampa-fl-33624
2026-09-12,INVH,Tampa,"5431 Tughill Dr, Tampa, FL, 33624",Tampa,INVH-5431-tughill-dr-tampa-fl-33624,3,2.0,1732,2645.0,2026-10-22,23 months,False,,,,,,,,https://www.invitationhomes.com/houses-for-rent/5431-tughill-dr-tampa-fl-33624,2026-09-09,2026-09-12,FL,Tampa,,,,,5431-tughill-dr-tampa-fl-33624
2026-09-12,INVH,Tampa,"5422 Friarsway Dr, Tampa, FL, 33624",Tampa,INVH-5422-friarsway-dr-33624-8947,3,2.0,1539,2340.0,2026-09-12,23 months,False,,,,,,,,https://www.invitationhomes.com/houses-for-rent/5422-friarsway-dr-33624-8947,2026-08-02,2026-09-12,FL,Tampa,,,,,5422-friarsway-dr-33624-8947
2026-09-12,INVH,Tampa,"11504 Fountainhead Dr, Tampa, FL, 33626",Tampa,INVH-11504-fountainhead-dr-33626-113010,3,2.5,1470,2495.0,2026-10-10,23 months,False,,,,,,,,https://www.invitationhomes.com/houses-for-rent/11504-fountainhead-dr-33626-113010,2026-09-03,2026-09-12,FL,Tampa,,,,,11504-fountainhead-dr-33626-113010
2026-09-12,INVH,Tampa,"4805 Hayride Ct, Tampa, FL, 33624",Tampa,INVH-4805-hayride-ct-33624-4683,4,2.5,2330,3345.0,2026-10-02,19 months,False,,,,,,,,https://www.invitationhomes.com/houses-for-rent/4805-hayride-ct-33624-4683,2026-09-03,2026-09-12,FL,Tampa,,,,,4805-hayride-ct-33624-4683
2026-09-12,INVH,Tampa,"16517 Foothill Dr, Tampa, FL, 33624",Tampa,INVH-16517-foothill-dr-33624-2912,4,2.5,1964,2795.0,2026-10-25,19 months,False,,,,,,,,https://www.invitationhomes.com/houses-for-rent/16517-foothill-dr-33624-2912,2026-09-12,2026-09-12,FL,Tampa,,,,,16517-foothill-dr-33624-2912
2026-09-12,INVH,Tampa,"10507 Chadbourne Dr, Tampa, FL, 33624",Tampa,INVH-10507-chadbourne-dr-33624-5265,4,2.5,1647,2525.0,2026-09-12,23 months,False,,,,,,,,https://www.invitationhomes.com/houses-for-rent/10507-chadbourne-dr-33624-5265,2026-07-19,2026-09-12,FL,Tampa,,,,,10507-chadbourne-dr-33624-5265
2026-09-12,INVH,Tampa,"9501 N Albany Ave, Tampa, FL, 33612",Tampa,INVH-9501-n-albany-ave-33612-6503,4,2.0,1522,2285.0,2026-09-12,23 months,False,,,,,,,,https://www.invitationhomes.com/houses-for-rent/9501-n-albany-ave-33612-6503,2026-07-19,2026-09-12,FL,Tampa,,,,,9501-n-albany-ave-33612-6503
2026-09-12,INVH,Tampa,"14008 Capitol Dr, Tampa, FL, 33613",Tampa,INVH-14008-capitol-dr-33613-8797,3,2.0,1710,2310.0,2026-09-12,23 months,False,,,,,,,,https://www.invitationhomes.com/houses-for-rent/14008-capitol-dr-33613-8797,2026-06-09,2026-09-12,FL,Tampa,,,,,14008-capitol-dr-33613-8797
2026-09-12,INVH,Tampa,"15103 Southfork Dr, Tampa, FL, 33624",Tampa,INVH-15103-southfork-dr-tampa-fl-33624-33624-6495,3,2.0,1570,2490.0,2026-10-12,24 months,False,,,,,,,,https://www.invitationhomes.com/houses-for-rent/15103-southfork-dr-tampa-fl-33624-33624-6495,2026-09-12,2026-09-12,FL,Tampa,,,,,15103-southfork-dr-tampa-fl-33624-33624-6495
2026-09-12,INVH,Tampa,"15707 Gardenside Ln, Tampa, FL, 33624",Tampa,INVH-15707-gardenside-ln-33624-1147,4,2.5,2261,2795.0,2026-10-26,19 months,False,,,,,,,,https://www.invitationhomes.com/houses-for-rent/15707-gardenside-ln-33624-1147,2026-09-12,2026-09-12,FL,Tampa,,,,,15707-gardenside-ln-33624-1147
2026-09-12,INVH,Tampa,"2808 Cedaridge Dr, Tampa, FL, 33618",Tampa,INVH-2808-cedaridge-dr-33618-3721,3,2.0,1684,2310.0,2026-09-12,23 months,False,,,,,,,,https://www.invitationhomes.com/houses-for-rent/2808-cedaridge-dr-33618-3721,2026-08-16,2026-09-12,FL,Tampa,,,,,2808-cedaridge-dr-33618-3721
2026-09-12,INVH,Tampa,"2886 Grand Kemerton Pl, Tampa, FL, 33618",Tampa,INVH-2886-grand-kemerton-pl-33618-112749,3,2.5,1920,2825.0,2026-09-12,23 months,False,,,,,,,,https://www.invitationhomes.com/houses-for-rent/2886-grand-kemerton-pl-33618-112749,2026-08-02,2026-09-12,FL,Tampa,,,,,2886-grand-kemerton-pl-33618-112749
2026-09-12,INVH,Tampa,"908 Lakewood Ave, Tampa, FL, 33613",Tampa,INVH-908-lakewood-ave-33613-7911,4,3.0,1850,2795.0,2026-10-05,19 months,False,,,,,,,,https://www.invitationhomes.com/houses-for-rent/908-lakewood-ave-33613-7911,2026-08-23,2026-09-12,FL,Tampa,,,,,908-lakewood-ave-33613-7911
2026-09-12,INVH,Tampa,"703 Leisure Ave, Tampa, FL, 33613",Tampa,INVH-703-leisure-ave-33613-8213,3,2.0,1510,2295.0,2026-09-12,23 months,False,,,,,,,,https://www.invitationhomes.com/houses-for-rent/703-leisure-ave-33613-8213,2026-08-16,2026-09-12,FL,Tampa,,,,,703-leisure-ave-33613-8213
2026-09-12,INVH,Tampa,"1912 E 19Th Ave, Tampa, FL, 33605",Tampa,INVH-1912-e-19th-ave-33605-103562,4,2.0,1325,2095.0,2026-09-12,23 months,False,,,,,,,,https://www.invitationhomes.com/houses-for-rent/1912-e-19th-ave-33605-103562,2026-06-09,2026-09-12,FL,Tampa,,,,,1912-e-19th-ave-33605-103562
2026-09-12,INVH,Tampa,"3510 N 35Th St, Tampa, FL, 33605",Tampa,INVH-3510-n-35th-st-33605-103597,4,2.0,1275,1995.0,2026-09-15,23 months,False,,,,,,,,https://www.invitationhomes.com/houses-for-rent/3510-n-35th-st-33605-103597,2026-04-04,2026-09-12,FL,Tampa,,,,,3510-n-35th-st-33605-103597
2026-09-12,INVH,Tampa,"4020 E Paris St, Tampa, FL, 33610",Tampa,INVH-4020-e-paris-st-33610-103647,4,2.0,1150,2030.0,2026-09-12,23 months,False,,,,,,,,https://www.invitationhomes.com/houses-for-rent/4020-e-paris-st-33610-103647,2026-08-16,2026-09-12,FL,Tampa,,,,,4020-e-paris-st-33610-103647
2026-09-12,INVH,Tampa,"7807 Capwood Ave, Temple Terrace, FL, 33637",Tampa,INVH-7807-capwood-ave-33637-3839,3,2.5,2619,2699.0,2026-09-16,23 months,False,,,,,,,,https://www.invitationhomes.com/houses-for-rent/7807-capwood-ave-33637-3839,2026-07-19,2026-09-12,FL,Temple Terrace,,,,,7807-capwood-ave-33637-3839
2026-09-12,INVH,Tampa,"1714 Brandon Trace Ave, Brandon, FL, 33510",Tampa,INVH-1714-brandon-trace-ave-brandon-fl-33510,3,2.0,1270,2035.0,2026-09-16,23 months,False,,,,,,,,https://www.invitationhomes.com/houses-for-rent/1714-brandon-trace-ave-brandon-fl-33510,2026-07-19,2026-09-12,FL,Brandon,,,,,1714-brandon-trace-ave-brandon-fl-33510
2026-09-12,INVH,Tampa,"709 Foxglove Pl, Brandon, FL, 33510",Tampa,INVH-709-foxglove-pl-33510-4125,4,2.0,2107,2990.0,2026-09-12,19 months,False,,,,,,,,https://www.invitationhomes.com/houses-for-rent/709-foxglove-pl-33510-4125,2026-08-16,2026-09-12,FL,Brandon,,,,,709-foxglove-pl-33510-4125
2026-09-12,INVH,Tampa,"705 Lobelia St, Brandon, FL, 33510",Tampa,INVH-705-lobelia-st-brandon-fl-33510,4,2.5,2519,2530.0,2026-09-12,23 months,False,,,,,,,,https://www.invitationhomes.com/houses-for-rent/705-lobelia-st-brandon-fl-33510,2026-07-19,2026-09-12,FL,Brandon,,,,,705-lobelia-st-brandon-fl-33510
2026-09-12,INVH,Tampa,"614 W Windhorst Rd, Brandon, FL, 33510",Tampa,INVH-614-w-windhorst-rd-33510-3392,3,2.0,1410,2075.0,2026-09-12,23 months,False,,,,,,,,https://www.invitationhomes.com/houses-for-rent/614-w-windhorst-rd-33510-3392,2026-07-19,2026-09-12,FL,Brandon,,,,,614-w-windhorst-rd-33510-3392
2026-09-12,INVH,Tampa,"249 Majestic Sundown Ct, Brandon, FL, 33510",Tampa,INVH-249-majestic-sundown-ct-33510-93622,4,2.0,1812,2900.0,2026-09-22,24 months,False,,,,,,,,https://www.invitationhomes.com/houses-for-rent/249-majestic-sundown-ct-33510-93622,2026-09-12,2026-09-12,FL,Brandon,,,,,249-majestic-sundown-ct-33510-93622
2026-09-12,INVH,Tampa,"912 Wicketrun Dr, Brandon, FL, 33510",Tampa,INVH-912-wicketrun-dr-brandon-fl-33510,4,2.0,2161,2695.0,2026-09-27,19 months,False,,,,,,,,https://www.invitationhomes.com/houses-for-rent/912-wicketrun-dr-brandon-fl-33510,2026-09-09,2026-09-12,FL,Brandon,,,,,912-wicketrun-dr-brandon-fl-33510
2026-09-12,INVH,Tampa,"520 Mahogany Dr, Seffner, FL, 33584",Tampa,INVH-520-mahogany-dr-33584-8769,3,3.0,1914,2480.0,2026-09-19,23 months,False,,,,,,,,https://www.invitationhomes.com/houses-for-rent/520-mahogany-dr-33584-8769,2026-08-10,2026-09-12,FL,Seffner,,,,,520-mahogany-dr-33584-8769
2026-09-12,INVH,Tampa,"1314 Vinetree Dr, Brandon, FL, 33510",Tampa,INVH-1314-vinetree-dr-33510-9830,4,3.0,2053,2495.0,2026-09-12,23 months,False,,,,,,,,https://www.invitationhomes.com/houses-for-rent/1314-vinetree-dr-33510-9830,2026-06-14,2026-09-12,FL,Brandon,,,,,1314-vinetree-dr-33510-9830
2026-09-12,INVH,Tampa,"11916 Mango Groves Blvd, Seffner, FL, 33584",Tampa,INVH-11916-mango-groves-blvd-33584-2395,3,2.0,1296,2010.0,2026-09-12,23 months,False,,,,,,,,https://www.invitationhomes.com/houses-for-rent/11916-mango-groves-blvd-33584-2395,2026-07-19,2026-09-12,FL,Seffner,,,,,11916-mango-groves-blvd-33584-2395
2026-09-12,INVH,Tampa,"207 Redwood Ave, Temple Terrace, FL, 33617",Tampa,INVH-207-redwood-ave-33617-5212,3,2.0,1400,2249.0,2026-09-12,23 months,False,,,,,,,,https://www.invitationhomes.com/houses-for-rent/207-redwood-ave-33617-5212,2026-07-19,2026-09-12,FL,Temple Terrace,,,,,207-redwood-ave-33617-5212
2026-09-12,INVH,Tampa,"6103 Rain Hollow Ct, Temple Terrace, FL, 33617",Tampa,INVH-6103-rain-hollow-ct-33617-7970,5,3.0,2434,3049.0,2026-10-08,23 months,False,,,,,,,,https://www.invitationhomes.com/houses-for-rent/6103-rain-hollow-ct-33617-7970,2026-08-10,2026-09-12,FL,Temple Terrace,,,,,6103-rain-hollow-ct-33617-7970
2026-09-12,INVH,Tampa,"14727 Daybreak Dr, Lutz, FL, 33559",Tampa,INVH-14727-daybreak-dr-33559-9671,4,2.0,1985,2995.0,2026-10-11,19 months,False,,,,,,,,https://www.invitationhomes.com/houses-for-rent/14727-daybreak-dr-33559-9671,2026-09-03,2026-09-12,FL,Lutz,,,,,14727-daybreak-dr-33559-9671
2026-09-12,INVH,Tampa,"7204 Hammet Rd, Tampa, FL, 33647",Tampa,INVH-7204-hammet-rd-33647-2400,3,2.0,1650,2349.0,2026-10-15,23 months,False,,,,,,,,https://www.invitationhomes.com/houses-for-rent/7204-hammet-rd-33647-2400,2026-09-03,2026-09-12,FL,Tampa,,,,,7204-hammet-rd-33647-2400
2026-09-12,INVH,Tampa,"6109 Gannetside Pl, Lithia, FL, 33547",Tampa,INVH-6109-gannetside-pl-lithia-fl-33547,4,2.0,2229,2595.0,2026-09-30,23 months,False,,,,,,,,https://www.invitationhomes.com/houses-for-rent/6109-gannetside-pl-lithia-fl-33547,2026-08-16,2026-09-12,FL,Lithia,,,,,6109-gannetside-pl-lithia-fl-33547
2026-09-12,INVH,Tampa,"6144 Skylarkcrest Dr, Lithia, FL, 33547",Tampa,INVH-6144-skylarkcrest-dr-33547-5730,4,2.0,1644,2085.0,2026-09-12,23 months,False,,,,,,,,https://www.invitationhomes.com/houses-for-rent/6144-skylarkcrest-dr-33547-5730,2026-07-19,2026-09-12,FL,Lithia,,,,,6144-skylarkcrest-dr-33547-5730
2026-09-12,INVH,Tampa,"16106 Bridgepark Dr, Lithia, FL, 33547",Tampa,INVH-16106-bridgepark-dr-lithia-fl-33547,4,2.5,2529,2845.0,2026-09-25,19 months,False,,,,,,,,https://www.invitationhomes.com/houses-for-rent/16106-bridgepark-dr-lithia-fl-33547,2026-09-03,2026-09-12,FL,Lithia,,,,,16106-bridgepark-dr-lithia-fl-33547
2026-09-12,INVH,Tampa,"5824 Wrenwater Dr, Lithia, FL, 33547",Tampa,INVH-5824-wrenwater-dr-lithia-fl-33547,3,2.0,1642,2240.0,2026-09-12,23 months,False,,,,,,,,https://www.invitationhomes.com/houses-for-rent/5824-wrenwater-dr-lithia-fl-33547,2026-08-02,2026-09-12,FL,Lithia,,,,,5824-wrenwater-dr-lithia-fl-33547
2026-09-12,INVH,Tampa,"11406 Coventry Grove Cir, Lithia, FL, 33547",Tampa,INVH-11406-coventry-grove-cir-33547-2038,4,2.5,2246,2725.0,2026-09-12,19 months,False,,,,,,,,https://www.invitationhomes.com/houses-for-rent/11406-coventry-grove-cir-33547-2038,2026-08-16,2026-09-12,FL,Lithia,,,,,11406-coventry-grove-cir-33547-2038
2026-09-12,INVH,Tampa,"5918 Palmettoside St, Lithia, FL, 33547",Tampa,INVH-5918-palmettoside-st-lithia-fl-33547,4,3.0,3105,3120.0,2026-09-12,19 months,False,,,,,,,,https://www.invitationhomes.com/houses-for-rent/5918-palmettoside-st-lithia-fl-33547,2026-07-19,2026-09-12,FL,Lithia,,,,,5918-palmettoside-st-lithia-fl-33547
2026-09-12,INVH,Tampa,"6110 Kiteridge Dr, Lithia, FL, 33547",Tampa,INVH-6110-kiteridge-dr-33547-113014,3,2.0,1559,2195.0,2026-10-22,23 months,False,,,,,,,,https://www.invitationhomes.com/houses-for-rent/6110-kiteridge-dr-33547-113014,2026-09-09,2026-09-12,FL,Lithia,,,,,6110-kiteridge-dr-33547-113014
2026-09-12,INVH,Tampa,"1215 Tiger Wood Ct, Valrico, FL, 33596",Tampa,INVH-1215-tiger-wood-ct-valrico-fl-33596,3,2.0,1366,2180.0,2026-10-15,23 months,False,,,,,,,,https://www.invitationhomes.com/houses-for-rent/1215-tiger-wood-ct-valrico-fl-33596,2026-09-09,2026-09-12,FL,Valrico,,,,,1215-tiger-wood-ct-valrico-fl-33596
2026-09-12,INVH,Tampa,"4313 Ellenville Pl, Valrico, FL, 33596",Tampa,INVH-4313-ellenville-pl-valrico-fl-33596,4,2.0,2200,2645.0,2026-09-12,19 months,False,,,,,,,,https://www.invitationhomes.com/houses-for-rent/4313-ellenville-pl-valrico-fl-33596,2026-05-26,2026-09-12,FL,Valrico,,,,,4313-ellenville-pl-valrico-fl-33596
2026-09-12,INVH,Tampa,"4305 Elton Pl, Valrico, FL, 33596",Tampa,INVH-4305-elton-pl-33596-95650,4,2.0,2598,2330.0,2026-09-12,23 months,False,,,,,,,,https://www.invitationhomes.com/houses-for-rent/4305-elton-pl-33596-95650,2026-06-09,2026-09-12,FL,Valrico,,,,,4305-elton-pl-33596-95650
2026-09-12,INVH,Tampa,"4623 Daventry Pl, Valrico, FL, 33596",Tampa,INVH-4623-daventry-pl-valrico-fl-33596,4,3.0,2215,2790.0,2026-09-12,19 months,False,,,,,,,,https://www.invitationhomes.com/houses-for-rent/4623-daventry-pl-valrico-fl-33596,2026-09-03,2026-09-12,FL,Valrico,,,,,4623-daventry-pl-valrico-fl-33596
2026-09-12,INVH,Tampa,"4809 Portobello Cir, Valrico, FL, 33596",Tampa,INVH-4809-portobello-cir-33596-4909,4,3.0,2179,2595.0,2026-09-26,23 months,False,,,,,,,,https://www.invitationhomes.com/houses-for-rent/4809-portobello-cir-33596-4909,2026-08-16,2026-09-12,FL,Valrico,,,,,4809-portobello-cir-33596-4909
2026-09-12,INVH,Tampa,"2335 Needham Dr, Valrico, FL, 33596",Tampa,INVH-2335-needham-dr-valrico-fl-33596,3,2.5,2069,2545.0,2026-09-17,23 months,False,,,,,,,,https://www.invitationhomes.com/houses-for-rent/2335-needham-dr-valrico-fl-33596,2026-05-24,2026-09-12,FL,Valrico,,,,,2335-needham-dr-valrico-fl-33596
2026-09-12,INVH,Tampa,"4011 Fontana Pl, Valrico, FL, 33596",Tampa,INVH-4011-fontana-pl-33596-91930,3,2.0,1468,2249.0,2026-09-12,23 months,False,,,,,,,,https://www.invitationhomes.com/houses-for-rent/4011-fontana-pl-33596-91930,2026-08-16,2026-09-12,FL,Valrico,,,,,4011-fontana-pl-33596-91930
2026-09-12,INVH,Tampa,"2927 Folklore Dr, Valrico, FL, 33596",Tampa,INVH-2927-folklore-dr-33596-95189,4,3.0,2447,2545.0,2026-10-22,23 months,False,,,,,,,,https://www.invitationhomes.com/houses-for-rent/2927-folklore-dr-33596-95189,2026-08-02,2026-09-12,FL,Valrico,,,,,2927-folklore-dr-33596-95189
2026-09-12,INVH,Tampa,"4226 Balington Dr, Valrico, FL, 33596",Tampa,INVH-4226-balington-dr-33596-113474,3,2.0,2194,2595.0,2026-09-12,23 months,False,,,,,,,,https://www.invitationhomes.com/houses-for-rent/4226-balington-dr-33596-113474,2026-07-19,2026-09-12,FL,Valrico,,,,,4226-balington-dr-33596-113474
2026-09-12,INVH,Tampa,"3310 Stonebridge Trl, Valrico, FL, 33596",Tampa,INVH-3310-stonebridge-trl-33596-83418,3,2.0,1805,2349.0,2026-09-12,23 months,False,,,,,,,,https://www.invitationhomes.com/houses-for-rent/3310-stonebridge-trl-33596-83418,2026-07-19,2026-09-12,FL,Valrico,,,,,3310-stonebridge-trl-33596-83418
2026-09-12,INVH,Tampa,"1205 Lausberg Pl, Brandon, FL, 33511",Tampa,INVH-1205-lausberg-pl-33511-6521,3,2.5,2834,2549.0,2026-09-12,23 months,False,,,,,,,,https://www.invitationhomes.com/houses-for-rent/1205-lausberg-pl-33511-6521,2026-07-19,2026-09-12,FL,Brandon,,,,,1205-lausberg-pl-33511-6521
2026-09-12,INVH,Tampa,"2618 Buckhorn Preserve Blvd, Valrico, FL, 33596",Tampa,INVH-2618-buckhorn-preserve-blvd-33596-1182,4,2.0,1971,2580.0,2026-09-12,23 months,False,,,,,,,,https://www.invitationhomes.com/houses-for-rent/2618-buckhorn-preserve-blvd-33596-1182,2026-08-16,2026-09-12,FL,Valrico,,,,,2618-buckhorn-preserve-blvd-33596-1182
2026-09-12,INVH,Tampa,"2808 Windcrest Oaks Ct, Valrico, FL, 33594",Tampa,INVH-2808-windcrest-oaks-ct-33594-85691,4,3.0,2887,2799.0,2026-09-12,23 months,False,,,,,,,,https://www.invitationhomes.com/houses-for-rent/2808-windcrest-oaks-ct-33594-85691,2026-08-02,2026-09-12,FL,Valrico,,,,,2808-windcrest-oaks-ct-33594-85691
2026-09-12,INVH,Tampa,"2214 Glen Mist Dr, Valrico, FL, 33594",Tampa,INVH-2214-glen-mist-dr-33594-7574,4,2.5,2538,3010.0,2026-10-12,19 months,False,,,,,,,,https://www.invitationhomes.com/houses-for-rent/2214-glen-mist-dr-33594-7574,2026-09-09,2026-09-12,FL,Valrico,,,,,2214-glen-mist-dr-33594-7574
2026-09-12,INVH,Tampa,"3942 Appletree Dr, Valrico, FL, 33594",Tampa,INVH-3942-appletree-dr-valrico-fl-33594,3,2.0,1960,2449.0,2026-09-12,23 months,False,,,,,,,,https://www.invitationhomes.com/houses-for-rent/3942-appletree-dr-valrico-fl-33594,2026-08-16,2026-09-12,FL,Valrico,,,,,3942-appletree-dr-valrico-fl-33594
2026-09-12,INVH,Tampa,"1220 Piney Branch Cir, Valrico, FL, 33594",Tampa,INVH-1220-piney-branch-cir-33594-9798,4,2.0,1232,1815.0,2026-09-12,23 months,False,,,,,,,,https://www.invitationhomes.com/houses-for-rent/1220-piney-branch-cir-33594-9798,2026-08-02,2026-09-12,FL,Valrico,,,,,1220-piney-branch-cir-33594-9798
2026-09-12,INVH,Tampa,"4509 Arizona Sun Ct, Valrico, FL, 33594",Tampa,INVH-4509-arizona-sun-ct-valrico-fl-33594,3,2.0,1612,2195.0,2026-09-14,23 months,False,,,,,,,,https://www.invitationhomes.com/houses-for-rent/4509-arizona-sun-ct-valrico-fl-33594,2026-08-10,2026-09-12,FL,Valrico,,,,,4509-arizona-sun-ct-valrico-fl-33594
2026-09-12,INVH,Tampa,"4502 Stable Dr, Valrico, FL, 33594",Tampa,INVH-4502-stable-dr-valrico-fl-33594,3,2.5,2384,2375.0,2026-09-12,23 months,False,,,,,,,,https://www.invitationhomes.com/houses-for-rent/4502-stable-dr-valrico-fl-33594,2026-06-09,2026-09-12,FL,Valrico,,,,,4502-stable-dr-valrico-fl-33594
2026-09-12,INVH,Tampa,"621 Sand Ridge Dr, Valrico, FL, 33594",Tampa,INVH-621-sand-ridge-dr-33594-85428,3,2.0,1511,2240.0,2026-10-21,23 months,False,,,,,,,,https://www.invitationhomes.com/houses-for-rent/621-sand-ridge-dr-33594-85428,2026-09-06,2026-09-12,FL,Valrico,,,,,621-sand-ridge-dr-33594-85428
2026-09-12,INVH,Tampa,"607 Briarcliff Dr, Valrico, FL, 33594",Tampa,INVH-607-briarcliff-dr-33594-6605,3,2.0,1648,2195.0,2026-09-30,23 months,False,,,,,,,,https://www.invitationhomes.com/houses-for-rent/607-briarcliff-dr-33594-6605,2026-08-16,2026-09-12,FL,Valrico,,,,,607-briarcliff-dr-33594-6605
2026-09-12,INVH,Tampa,"607 Cape Cod Cir, Valrico, FL, 33594",Tampa,INVH-607-cape-cod-cir-valrico-fl-33594,4,2.0,1402,1975.0,2026-09-12,23 months,False,,,,,,,,https://www.invitationhomes.com/houses-for-rent/607-cape-cod-cir-valrico-fl-33594,2026-08-02,2026-09-12,FL,Valrico,,,,,607-cape-cod-cir-valrico-fl-33594
2026-09-12,INVH,Tampa,"818 Cape Cod Cir, Valrico, FL, 33594",Tampa,INVH-818-cape-cod-cir-33594-3465,4,2.0,1298,2049.0,2026-10-16,23 months,False,,,,,,,,https://www.invitationhomes.com/houses-for-rent/818-cape-cod-cir-33594-3465,2026-09-03,2026-09-12,FL,Valrico,,,,,818-cape-cod-cir-33594-3465
2026-09-12,INVH,Tampa,"513 Somerstone Dr, Valrico, FL, 33594",Tampa,INVH-513-somerstone-dr-33594-95387,4,3.0,1796,2399.0,2026-09-12,12 months,False,,,,,,,,https://www.invitationhomes.com/houses-for-rent/513-somerstone-dr-33594-95387,2026-08-02,2026-09-12,FL,Valrico,,,,,513-somerstone-dr-33594-95387
2026-09-12,INVH,Tampa,"207 English Heritage Pl, Dover, FL, 33527",Tampa,INVH-207-english-heritage-pl-33527-87740,4,2.0,1817,2170.0,2026-09-12,23 months,False,,,,,,,,https://www.invitationhomes.com/houses-for-rent/207-english-heritage-pl-33527-87740,2026-08-10,2026-09-12,FL,Dover,,,,,207-english-heritage-pl-33527-87740
2026-09-12,INVH,Tampa,"4628 Hickory Stream Ln, Mulberry, FL, 33860",Tampa,INVH-4628-hickory-stream-ln-33860-2837,4,2.5,2482,2465.0,2026-09-12,23 months,False,,,,,,,,https://www.invitationhomes.com/houses-for-rent/4628-hickory-stream-ln-33860-2837,2026-08-02,2026-09-12,FL,Mulberry,,,,,4628-hickory-stream-ln-33860-2837
2026-09-12,INVH,Tampa,"2823 Woodland Meadow Rd, Mulberry, FL, 33860",Tampa,INVH-2823-woodland-meadow-rd-33860-91995,3,2.0,1453,2015.0,2026-09-12,23 months,False,,,,,,,,https://www.invitationhomes.com/houses-for-rent/2823-woodland-meadow-rd-33860-91995,2026-08-02,2026-09-12,FL,Mulberry,,,,,2823-woodland-meadow-rd-33860-91995
2026-09-12,INVH,Tampa,"3311 Sangria Pass, Lakeland, FL, 33811",Tampa,INVH-3311-sangria-pass-lakeland-fl-33811,3,2.0,1496,1885.0,2026-09-15,23 months,False,,,,,,,,https://www.invitationhomes.com/houses-for-rent/3311-sangria-pass-lakeland-fl-33811,2026-08-02,2026-09-12,FL,Lakeland,,,,,3311-sangria-pass-lakeland-fl-33811
2026-09-12,INVH,Tampa,"4378 Sun Center Rd, Mulberry, FL, 33860",Tampa,INVH-4378-sun-center-rd-33860-7728,3,2.0,1746,2095.0,2026-10-18,23 months,False,,,,,,,,https://www.invitationhomes.com/houses-for-rent/4378-sun-center-rd-33860-7728,2026-09-03,2026-09-12,FL,Mulberry,,,,,4378-sun-center-rd-33860-7728
2026-09-12,INVH,Tampa,"6581 Shepherd Oaks Pass, Lakeland, FL, 33811",Tampa,INVH-6581-shepherd-oaks-pass-lakeland-fl-33811,3,2.0,1294,1849.0,2026-09-12,23 months,False,,,,,,,,https://www.invitationhomes.com/houses-for-rent/6581-shepherd-oaks-pass-lakeland-fl-33811,2026-08-02,2026-09-12,FL,Lakeland,,,,,6581-shepherd-oaks-pass-lakeland-fl-33811
2026-09-12,INVH,Tampa,"763 Sagewood Dr, Lakeland, FL, 33813",Tampa,INVH-763-sagewood-dr-33813-8568,3,2.0,1987,2240.0,2026-09-12,23 months,False,,,,,,,,https://www.invitationhomes.com/houses-for-rent/763-sagewood-dr-33813-8568,2026-09-03,2026-09-12,FL,Lakeland,,,,,763-sagewood-dr-33813-8568
2026-09-12,INVH,Tampa,"1823 Dockside Dr, Valrico, FL, 33594",Tampa,INVH-1823-dockside-dr-33594-1226,3,2.5,1804,2445.0,2026-09-12,23 months,False,,,,,,,,https://www.invitationhomes.com/houses-for-rent/1823-dockside-dr-33594-1226,2026-07-19,2026-09-12,FL,Valrico,,,,,1823-dockside-dr-33594-1226
2026-09-12,INVH,Tampa,"2306 Fountain Grass Dr, Valrico, FL, 33594",Tampa,INVH-2306-fountain-grass-dr-valrico-fl-33594,5,4.0,3404,3360.0,2026-09-12,19 months,False,,,,,,,,https://www.invitationhomes.com/houses-for-rent/2306-fountain-grass-dr-valrico-fl-33594,2026-08-10,2026-09-12,FL,Valrico,,,,,2306-fountain-grass-dr-valrico-fl-33594
2026-09-12,INVH,Tampa,"1117 Emerald Hill Way, Valrico, FL, 33594",Tampa,INVH-1117-emerald-hill-way-valrico-fl-33594,3,2.0,1560,2145.0,2026-09-22,23 months,False,,,,,,,,https://www.invitationhomes.com/houses-for-rent/1117-emerald-hill-way-valrico-fl-33594,2026-08-10,2026-09-12,FL,Valrico,,,,,1117-emerald-hill-way-valrico-fl-33594
2026-09-12,INVH,Tampa,"1527 Emerald Hill Way, Valrico, FL, 33594",Tampa,INVH-1527-emerald-hill-way-33594-94578,4,2.0,2028,2395.0,2026-09-15,23 months,False,,,,,,,,https://www.invitationhomes.com/houses-for-rent/1527-emerald-hill-way-33594-94578,2026-08-23,2026-09-12,FL,Valrico,,,,,1527-emerald-hill-way-33594-94578
2026-09-12,INVH,Tampa,"3719 Crystal Dew St, Plant City, FL, 33567",Tampa,INVH-3719-crystal-dew-street-33567-3062,3,2.0,1790,2325.0,2026-09-16,23 months,False,,,,,,,,https://www.invitationhomes.com/houses-for-rent/3719-crystal-dew-street-33567-3062,2026-09-03,2026-09-12,FL,Plant City,,,,,3719-crystal-dew-street-33567-3062
2026-09-12,INVH,Tampa,"2808 Spring Meadow Dr, Plant City, FL, 33566",Tampa,INVH-2808-spring-meadow-dr-plant-city-fl-33566,4,2.0,1808,2349.0,2026-10-16,23 months,False,,,,,,,,https://www.invitationhomes.com/houses-for-rent/2808-spring-meadow-dr-plant-city-fl-33566,2026-09-09,2026-09-12,FL,Plant City,,,,,2808-spring-meadow-dr-plant-city-fl-33566
2026-09-12,INVH,Tampa,"4727 Bloom Dr, Plant City, FL, 33566",Tampa,INVH-4727-bloom-dr-33566-88337,3,2.0,1367,2099.0,2026-09-22,23 months,False,,,,,,,,https://www.invitationhomes.com/houses-for-rent/4727-bloom-dr-33566-88337,2026-08-16,2026-09-12,FL,Plant City,,,,,4727-bloom-dr-33566-88337
2026-09-12,INVH,Tampa,"4636 E Eastwind Dr, Plant City, FL, 33566",Tampa,INVH-4636-e-eastwind-dr-plant-city-fl-33566,3,2.0,1240,1980.0,2026-09-28,23 months,False,,,,,,,,https://www.invitationhomes.com/houses-for-rent/4636-e-eastwind-dr-plant-city-fl-33566,2026-08-23,2026-09-12,FL,Plant City,,,,,4636-e-eastwind-dr-plant-city-fl-33566
2026-09-12,INVH,Tampa,"563 Lindsay Anne Ct, Plant City, FL, 33563",Tampa,INVH-563-lindsay-anne-ct-33563-4455,3,2.0,1340,2095.0,2026-10-15,23 months,False,,,,,,,,https://www.invitationhomes.com/houses-for-rent/563-lindsay-anne-ct-33563-4455,2026-09-03,2026-09-12,FL,Plant City,,,,,563-lindsay-anne-ct-33563-4455
2026-09-12,INVH,Tampa,"3815 Spruce Creek Dr, Lakeland, FL, 33811",Tampa,INVH-3815-spruce-creek-dr-33811-93245,4,2.5,2386,2499.0,2026-09-12,23 months,False,,,,,,,,https://www.invitationhomes.com/houses-for-rent/3815-spruce-creek-dr-33811-93245,2026-07-19,2026-09-12,FL,Lakeland,,,,,3815-spruce-creek-dr-33811-93245
2026-09-12,INVH,Tampa,"5248 White Egret Ln, Lakeland, FL, 33811",Tampa,INVH-5248-white-egret-ln-33811-90578,4,2.0,1749,2275.0,2026-09-12,23 months,False,,,,,,,,https://www.invitationhomes.com/houses-for-rent/5248-white-egret-ln-33811-90578,2026-08-10,2026-09-12,FL,Lakeland,,,,,5248-white-egret-ln-33811-90578
2026-09-12,INVH,Tampa,"4161 Salt Springs Ln, Lakeland, FL, 33811",Tampa,INVH-4161-salt-springs-ln-33811-91726,3,2.0,1478,2049.0,2026-10-13,23 months,False,,,,,,,,https://www.invitationhomes.com/houses-for-rent/4161-salt-springs-ln-33811-91726,2026-07-19,2026-09-12,FL,Lakeland,,,,,4161-salt-springs-ln-33811-91726
2026-09-12,INVH,Tampa,"2825 Van Amber Ct, Lakeland, FL, 33811",Tampa,INVH-2825-van-amber-ct-33811-86404,4,2.0,1828,2195.0,2026-09-12,23 months,False,,,,,,,,https://www.invitationhomes.com/houses-for-rent/2825-van-amber-ct-33811-86404,2026-09-03,2026-09-12,FL,Lakeland,,,,,2825-van-amber-ct-33811-86404
2026-09-12,INVH,Tampa,"6922 Glenbrook Dr, Lakeland, FL, 33811",Tampa,INVH-6922-glenbrook-dr-lakeland-fl-33811,3,2.0,1830,2135.0,2026-09-12,23 months,False,,,,,,,,https://www.invitationhomes.com/houses-for-rent/6922-glenbrook-dr-lakeland-fl-33811,2026-08-16,2026-09-12,FL,Lakeland,,,,,6922-glenbrook-dr-lakeland-fl-33811
2026-09-12,INVH,Tampa,"5627 Oakwood Knoll Dr, Lakeland, FL, 33811",Tampa,INVH-5627-oakwood-knoll-dr-33811-5976,4,2.0,2150,2549.0,2026-09-30,23 months,False,,,,,,,,https://www.invitationhomes.com/houses-for-rent/5627-oakwood-knoll-dr-33811-5976,2026-08-16,2026-09-12,FL,Lakeland,,,,,5627-oakwood-knoll-dr-33811-5976
2026-09-12,INVH,Tampa,"5240 Krenson Woods Way, Lakeland, FL, 33813",Tampa,INVH-5240-krenson-woods-way-33813-92900,5,3.5,3058,2710.0,2026-09-12,19 months,False,,,,,,,,https://www.invitationhomes.com/houses-for-rent/5240-krenson-woods-way-33813-92900,2026-07-19,2026-09-12,FL,Lakeland,,,,,5240-krenson-woods-way-33813-92900
2026-09-12,INVH,Tampa,"447 Emerald Cove Loop, Lakeland, FL, 33813",Tampa,INVH-447-emerald-cove-loop-33813-2238,3,2.0,1600,2045.0,2026-10-09,23 months,False,,,,,,,,https://www.invitationhomes.com/houses-for-rent/447-emerald-cove-loop-33813-2238,2026-09-03,2026-09-12,FL,Lakeland,,,,,447-emerald-cove-loop-33813-2238
2026-09-12,INVH,Tampa,"6151 Morningdale Ave, Lakeland, FL, 33813",Tampa,INVH-6151-morningdale-ave-lakeland-fl-33813,3,2.0,1380,1895.0,2026-09-14,23 months,False,,,,,,,,https://www.invitationhomes.com/houses-for-rent/6151-morningdale-ave-lakeland-fl-33813,2026-07-19,2026-09-12,FL,Lakeland,,,,,6151-morningdale-ave-lakeland-fl-33813
2026-09-12,INVH,Tampa,"6312 Tierra Vista Cir, Lakeland, FL, 33813",Tampa,INVH-6312-tierra-vista-cir-33813-1442,3,2.0,2055,2080.0,2026-09-12,23 months,False,,,,,,,,https://www.invitationhomes.com/houses-for-rent/6312-tierra-vista-cir-33813-1442,2026-04-04,2026-09-12,FL,Lakeland,,,,,6312-tierra-vista-cir-33813-1442
2026-09-12,INVH,Tampa,"1536 Hallam Ct N, Lakeland, FL, 33813",Tampa,INVH-1536-hallam-ct-n-33813-7936,3,2.0,1706,2095.0,2026-10-11,23 months,False,,,,,,,,https://www.invitationhomes.com/houses-for-rent/1536-hallam-ct-n-33813-7936,2026-09-03,2026-09-12,FL,Lakeland,,,,,1536-hallam-ct-n-33813-7936
2026-09-12,INVH,Tampa,"1715 Staunton Ave, Lakeland, FL, 33803",Tampa,INVH-1715-staunton-ave-33803-8842,4,2.5,1730,2095.0,2026-09-12,23 months,False,,,,,,,,https://www.invitationhomes.com/houses-for-rent/1715-staunton-ave-33803-8842,2026-07-19,2026-09-12,FL,Lakeland,,,,,1715-staunton-ave-33803-8842
2026-09-12,INVH,Tampa,"2241 Ginger Way, Lakeland, FL, 33801",Tampa,INVH-2241-ginger-way-33801-4251,3,2.0,1424,1845.0,2026-10-05,23 months,False,,,,,,,,https://www.invitationhomes.com/houses-for-rent/2241-ginger-way-33801-4251,2026-08-23,2026-09-12,FL,Lakeland,,,,,2241-ginger-way-33801-4251
2026-09-12,INVH,Tampa,"3925 Rollingsford Cir, Lakeland, FL, 33810",Tampa,INVH-3925-rollingsford-cir-lakeland-fl-33810,3,2.0,2030,2485.0,2026-10-14,23 months,False,,,,,,,,https://www.invitationhomes.com/houses-for-rent/3925-rollingsford-cir-lakeland-fl-33810,2026-09-03,2026-09-12,FL,Lakeland,,,,,3925-rollingsford-cir-lakeland-fl-33810
2026-09-12,INVH,Tampa,"3779 Rollingsford Cir, Lakeland, FL, 33810",Tampa,INVH-3779-rollingsford-cir-33810-8388,4,3.0,1794,2195.0,2026-09-12,23 months,False,,,,,,,,https://www.invitationhomes.com/houses-for-rent/3779-rollingsford-cir-33810-8388,2026-08-16,2026-09-12,FL,Lakeland,,,,,3779-rollingsford-cir-33810-8388
2026-09-12,INVH,Tampa,"5020 Spanish Oaks Blvd, Lakeland, FL, 33805",Tampa,INVH-5020-spanish-oaks-blvd-33805-7854,4,2.5,2880,2395.0,2026-09-12,23 months,False,,,,,,,,https://www.invitationhomes.com/houses-for-rent/5020-spanish-oaks-blvd-33805-7854,2026-07-19,2026-09-12,FL,Lakeland,,,,,5020-spanish-oaks-blvd-33805-7854
2026-09-12,INVH,Tampa,"211 Harrison St, Lake Wales, FL, 33859",Tampa,INVH-211-harrison-st-lake-wales-fl-33859,3,2.0,1476,1840.0,2026-09-12,23 months,False,,,,,,,,https://www.invitationhomes.com/houses-for-rent/211-harrison-st-lake-wales-fl-33859,2026-09-03,2026-09-12,FL,Lake Wales,,,,,211-harrison-st-lake-wales-fl-33859
2026-09-12,INVH,Tampa,"5700 Fischer Dr, Lakeland, FL, 33812",Tampa,INVH-5700-fischer-dr-33812-1954,4,2.0,1813,2290.0,2026-10-01,23 months,False,,,,,,,,https://www.invitationhomes.com/houses-for-rent/5700-fischer-dr-33812-1954,2026-08-23,2026-09-12,FL,Lakeland,,,,,5700-fischer-dr-33812-1954
2026-09-12,INVH,Tampa,"4017 Byrds Crossing Dr, Lakeland, FL, 33812",Tampa,INVH-4017-byrds-crossing-dr-lakeland-fl-33812,4,2.0,1538,2180.0,2026-10-19,23 months,False,,,,,,,,https://www.invitationhomes.com/houses-for-rent/4017-byrds-crossing-dr-lakeland-fl-33812,2026-09-06,2026-09-12,FL,Lakeland,,,,,4017-byrds-crossing-dr-lakeland-fl-33812
2026-09-12,INVH,Tampa,"4057 Byrds Crossing Dr, Lakeland, FL, 33812",Tampa,INVH-4057-byrds-crossing-dr-lakeland-fl-33812,4,2.0,2172,2620.0,2026-09-14,23 months,False,,,,,,,,https://www.invitationhomes.com/houses-for-rent/4057-byrds-crossing-dr-lakeland-fl-33812,2026-05-03,2026-09-12,FL,Lakeland,,,,,4057-byrds-crossing-dr-lakeland-fl-33812
2026-09-12,INVH,Orlando,"6020 Kaley Dr, Winter Haven, FL, 33880",Orlando,INVH-6020-kaley-dr-winter-haven-fl-33880,4,2.0,2128,2235.0,2026-10-25,23 months,False,,,,,,,,https://www.invitationhomes.com/houses-for-rent/6020-kaley-dr-winter-haven-fl-33880,2026-09-12,2026-09-12,FL,Winter Haven,,,,,6020-kaley-dr-winter-haven-fl-33880
2026-09-12,INVH,Orlando,"849 Sunset Cove Dr, Winter Haven, FL, 33880",Orlando,INVH-849-sunset-cove-dr-33880-3412,4,3.0,2827,2335.0,2026-09-12,23 months,False,,,,,,,,https://www.invitationhomes.com/houses-for-rent/849-sunset-cove-dr-33880-3412,2026-08-02,2026-09-12,FL,Winter Haven,,,,,849-sunset-cove-dr-33880-3412
2026-09-12,INVH,Orlando,"914 Summer Glen Dr, Winter Haven, FL, 33880",Orlando,INVH-914-summer-glen-dr-33880-6641,3,2.0,1841,1995.0,2026-10-12,23 months,False,,,,,,,,https://www.invitationhomes.com/houses-for-rent/914-summer-glen-dr-33880-6641,2026-09-03,2026-09-12,FL,Winter Haven,,,,,914-summer-glen-dr-33880-6641
2026-09-12,INVH,Tampa,"119 Madalyn Ct, Auburndale, FL, 33823",Tampa,INVH-119-madalyn-ct-33823-8334,3,2.5,1788,1815.0,2026-09-12,23 months,False,,,,,,,,https://www.invitationhomes.com/houses-for-rent/119-madalyn-ct-33823-8334,2026-07-19,2026-09-12,FL,Auburndale,,,,,119-madalyn-ct-33823-8334
2026-09-12,INVH,Orlando,"1333 Stately Oaks Dr, Winter Haven, FL, 33881",Orlando,INVH-1333-stately-oaks-dr-33881-102948,3,1.5,1750,1665.0,2026-09-12,24 months,False,,,,,,,,https://www.invitationhomes.com/houses-for-rent/1333-stately-oaks-dr-33881-102948,2026-04-04,2026-09-12,FL,Winter Haven,,,,,1333-stately-oaks-dr-33881-102948
2026-09-12,INVH,Tampa,"796 Lake Cummings Blvd, Lake Alfred, FL, 33850",Tampa,INVH-796-lake-cummings-blvd-lake-alfred-fl-33850,4,3.0,2057,1999.0,2026-09-12,23 months,False,,,,,,,,https://www.invitationhomes.com/houses-for-rent/796-lake-cummings-blvd-lake-alfred-fl-33850,2026-08-10,2026-09-12,FL,Lake Alfred,,,,,796-lake-cummings-blvd-lake-alfred-fl-33850
2026-09-12,INVH,Tampa,"632 Pintail Cir, Auburndale, FL, 33823",Tampa,INVH-632-pintail-cir-33823-5932,4,2.0,2366,2349.0,2026-09-12,23 months,False,,,,,,,,https://www.invitationhomes.com/houses-for-rent/632-pintail-cir-33823-5932,2026-08-23,2026-09-12,FL,Auburndale,,,,,632-pintail-cir-33823-5932
2026-09-12,INVH,Orlando,"878 Terranova Rd, Winter Haven, FL, 33884",Orlando,INVH-878-terranova-rd-33884-7264,3,2.0,2056,2049.0,2026-09-12,23 months,False,,,,,,,,https://www.invitationhomes.com/houses-for-rent/878-terranova-rd-33884-7264,2026-07-19,2026-09-12,FL,Winter Haven,,,,,878-terranova-rd-33884-7264
2026-09-12,INVH,Orlando,"631 Heather Glen Loop, Winter Haven, FL, 33884",Orlando,INVH-631-heather-glen-loop-33884-2341,3,2.0,1725,1945.0,2026-10-12,23 months,False,,,,,,,,https://www.invitationhomes.com/houses-for-rent/631-heather-glen-loop-33884-2341,2026-09-03,2026-09-12,FL,Winter Haven,,,,,631-heather-glen-loop-33884-2341
2026-09-12,INVH,Miami,"121 Se 35Th Ave, Homestead, FL, 33033",Miami,INVH-121-se-35th-ave-33033-103284,3,2.0,3468,3410.0,2026-09-12,24 months,False,,,,,,,,https://www.invitationhomes.com/houses-for-rent/121-se-35th-ave-33033-103284,2026-05-09,2026-09-12,FL,Homestead,,,,,121-se-35th-ave-33033-103284
2026-09-12,INVH,Miami,"2150 NE 37th Rd, Homestead, FL, 33033",Miami,INVH-2150-ne-37th-rd-33033-3405,3,2.0,1643,2365.0,2026-09-12,18 months,False,,,,,,,,https://www.invitationhomes.com/houses-for-rent/2150-ne-37th-rd-33033-3405,2026-07-19,2026-09-12,FL,Homestead,,,,,2150-ne-37th-rd-33033-3405
2026-09-12,INVH,Miami,"13143 SW 256th St, Homestead, FL, 33032",Miami,INVH-13143-sw-256th-st-homestead-fl-33032,3,2.0,1650,2845.0,2026-09-12,18 months,False,,,,,,,,https://www.invitationhomes.com/houses-for-rent/13143-sw-256th-st-homestead-fl-33032,2026-08-02,2026-09-12,FL,Homestead,,,,,13143-sw-256th-st-homestead-fl-33032
2026-09-12,INVH,Miami,"23934 SW 108th Ct, Homestead, FL, 33032",Miami,INVH-23934-sw-108th-ct-homestead-fl-33032,5,2.5,2575,3595.0,2026-10-15,18 months,False,,,,,,,,https://www.invitationhomes.com/houses-for-rent/23934-sw-108th-ct-homestead-fl-33032,2026-07-19,2026-09-12,FL,Homestead,,,,,23934-sw-108th-ct-homestead-fl-33032
2026-09-12,INVH,Miami,"10225 SW 224th Ter, Miami, FL, 33190",Miami,INVH-10225-sw-224th-ter-33190-8136,3,2.0,1811,2995.0,2026-10-08,18 months,False,,,,,,,,https://www.invitationhomes.com/houses-for-rent/10225-sw-224th-ter-33190-8136,2026-09-03,2026-09-12,FL,Miami,,,,,10225-sw-224th-ter-33190-8136
2026-09-12,INVH,Miami,"22250 SW 101st Avenue Rd, Cutler Bay, FL, 33190",Miami,INVH-22250-sw-101st-avenue-rd-33190-2685,3,2.0,1759,3295.0,2026-09-15,18 months,False,,,,,,,,https://www.invitationhomes.com/houses-for-rent/22250-sw-101st-avenue-rd-33190-2685,2026-08-10,2026-09-12,FL,Cutler Bay,,,,,22250-sw-101st-avenue-rd-33190-2685
2026-09-12,INVH,Miami,"10061 SW 222nd St, Cutler Bay, FL, 33190",Miami,INVH-10061-sw-222nd-st-33190-5432,3,2.0,1327,2445.0,2026-09-12,18 months,False,,,,,,,,https://www.invitationhomes.com/houses-for-rent/10061-sw-222nd-st-33190-5432,2026-06-14,2026-09-12,FL,Cutler Bay,,,,,10061-sw-222nd-st-33190-5432
2026-09-12,INVH,Miami,"9785 SW 222nd St, Cutler Bay, FL, 33190",Miami,INVH-9785-sw-222nd-st-33190-4672,3,2.0,1369,2690.0,2026-09-12,18 months,False,,,,,,,,https://www.invitationhomes.com/houses-for-rent/9785-sw-222nd-st-33190-4672,2026-07-19,2026-09-12,FL,Cutler Bay,,,,,9785-sw-222nd-st-33190-4672
2026-09-12,INVH,Miami,"9838 SW 221st St, Cutler Bay, FL, 33190",Miami,INVH-9838-sw-221st-st-33190-4639,4,2.0,2533,3195.0,2026-10-08,18 months,False,,,,,,,,https://www.invitationhomes.com/houses-for-rent/9838-sw-221st-st-33190-4639,2026-09-03,2026-09-12,FL,Cutler Bay,,,,,9838-sw-221st-st-33190-4639
2026-09-12,INVH,Miami,"22131 SW 97th Ct, Cutler Bay, FL, 33190",Miami,INVH-22131-sw-97th-ct-33190-7133,4,2.0,1993,3195.0,2026-10-26,18 months,False,,,,,,,,https://www.invitationhomes.com/houses-for-rent/22131-sw-97th-ct-33190-7133,2026-09-12,2026-09-12,FL,Cutler Bay,,,,,22131-sw-97th-ct-33190-7133
2026-09-12,INVH,Miami,"21841 SW 97th Ct, Cutler Bay, FL, 33190",Miami,INVH-21841-sw-97-ct-33190-1896,4,2.0,2209,3160.0,2026-09-12,18 months,False,,,,,,,,https://www.invitationhomes.com/houses-for-rent/21841-sw-97-ct-33190-1896,2026-08-02,2026-09-12,FL,Cutler Bay,,,,,21841-sw-97-ct-33190-1896
2026-09-12,INVH,Miami,"8916 SW 228th Ln, Miami, FL, 33190",Miami,INVH-8916-sw-228th-ln-miami-fl-33190,4,2.5,2941,3049.0,2026-09-12,19 months,False,,,,,,,,https://www.invitationhomes.com/houses-for-rent/8916-sw-228th-ln-miami-fl-33190,2026-07-19,2026-09-12,FL,Miami,,,,,8916-sw-228th-ln-miami-fl-33190
2026-09-12,INVH,Miami,"8910 SW 220th Ln, Cutler Bay, FL, 33190",Miami,INVH-8910-sw-220th-ln-cutler-bay-fl-33190,3,3.0,1716,2525.0,2026-09-12,18 months,False,,,,,,,,https://www.invitationhomes.com/houses-for-rent/8910-sw-220th-ln-cutler-bay-fl-33190,2026-07-19,2026-09-12,FL,Cutler Bay,,,,,8910-sw-220th-ln-cutler-bay-fl-33190
2026-09-12,INVH,Miami,"18168 SW 151st Ave, Miami, FL, 33187",Miami,INVH-18168-sw-151st-ave-33187-5888,4,3.0,2526,3895.0,2026-10-16,18 months,False,,,,,,,,https://www.invitationhomes.com/houses-for-rent/18168-sw-151st-ave-33187-5888,2026-09-03,2026-09-12,FL,Miami,,,,,18168-sw-151st-ave-33187-5888
2026-09-12,INVH,Miami,"17111 SW 153rd Pl, Miami, FL, 33187",Miami,INVH-17111-sw-153rd-pl-33187-7392,4,3.0,2522,3695.0,2026-09-12,18 months,False,,,,,,,,https://www.invitationhomes.com/houses-for-rent/17111-sw-153rd-pl-33187-7392,2026-07-19,2026-09-12,FL,Miami,,,,,17111-sw-153rd-pl-33187-7392
2026-09-12,INVH,Miami,"15671 SW 143rd Ave, Miami, FL, 33177",Miami,INVH-15671-sw-143rd-ave-33177-3267,3,2.0,1814,3070.0,2026-09-12,18 months,False,,,,,,,,https://www.invitationhomes.com/houses-for-rent/15671-sw-143rd-ave-33177-3267,2026-09-03,2026-09-12,FL,Miami,,,,,15671-sw-143rd-ave-33177-3267
2026-09-12,INVH,Miami,"15108 SW 141st Ter, Miami, FL, 33196",Miami,INVH-15108-sw-141st-ter-miami-fl-33196,3,2.5,1950,3460.0,2026-09-12,18 months,False,,,,,,,,https://www.invitationhomes.com/houses-for-rent/15108-sw-141st-ter-miami-fl-33196,2026-08-10,2026-09-12,FL,Miami,,,,,15108-sw-141st-ter-miami-fl-33196
2026-09-12,INVH,Miami,"14450 SW 139th Avenue Cir W, Miami, FL, 33186",Miami,INVH-14450-sw-139th-avenue-cir-w-miami-fl-33186,4,2.5,2210,3895.0,2026-09-26,18 months,False,,,,,,,,https://www.invitationhomes.com/houses-for-rent/14450-sw-139th-avenue-cir-w-miami-fl-33186,2026-08-16,2026-09-12,FL,Miami,,,,,14450-sw-139th-avenue-cir-w-miami-fl-33186
2026-09-12,INVH,Miami,"12330 SW 193rd St, Miami, FL, 33177",Miami,INVH-12330-sw-193rd-st-33177-4714,3,1.5,1303,2985.0,2026-09-12,18 months,False,,,,,,,,https://www.invitationhomes.com/houses-for-rent/12330-sw-193rd-st-33177-4714,2026-08-23,2026-09-12,FL,Miami,,,,,12330-sw-193rd-st-33177-4714
2026-09-12,INVH,Miami,"17011 SW 139th Pl, Miami, FL, 33177",Miami,INVH-17011-sw-139th-pl-miami-fl-33177,3,2.0,1779,3095.0,2026-09-12,18 months,False,,,,,,,,https://www.invitationhomes.com/houses-for-rent/17011-sw-139th-pl-miami-fl-33177,2026-08-02,2026-09-12,FL,Miami,,,,,17011-sw-139th-pl-miami-fl-33177
2026-09-12,INVH,Miami,"9411 SW 192nd Dr, Cutler Bay, FL, 33157",Miami,INVH-9411-sw-192nd-dr-33157-5043,3,2.0,1692,3445.0,2026-09-30,18 months,False,,,,,,,,https://www.invitationhomes.com/houses-for-rent/9411-sw-192nd-dr-33157-5043,2026-08-16,2026-09-12,FL,Cutler Bay,,,,,9411-sw-192nd-dr-33157-5043
2026-09-12,INVH,Miami,"11218 SW 167th St, Miami, FL, 33157",Miami,INVH-11218-sw-167th-st-33157-3032,3,2.0,1691,3395.0,2026-09-28,18 months,False,,,,,,,,https://www.invitationhomes.com/houses-for-rent/11218-sw-167th-st-33157-3032,2026-08-23,2026-09-12,FL,Miami,,,,,11218-sw-167th-st-33157-3032
2026-09-12,INVH,Miami,"12684 SW 144th Ter, Miami, FL, 33186",Miami,INVH-12684-sw-144th-ter-miami-fl-33186,4,2.0,1949,3130.0,2026-09-12,18 months,False,,,,,,,,https://www.invitationhomes.com/houses-for-rent/12684-sw-144th-ter-miami-fl-33186,2026-07-19,2026-09-12,FL,Miami,,,,,12684-sw-144th-ter-miami-fl-33186
2026-09-12,INVH,Miami,"12316 SW 146th St, Miami, FL, 33186",Miami,INVH-12316-sw-146th-st-miami-fl-33186,3,2.0,1566,2995.0,2026-09-14,18 months,False,,,,,,,,https://www.invitationhomes.com/houses-for-rent/12316-sw-146th-st-miami-fl-33186,2026-08-02,2026-09-12,FL,Miami,,,,,12316-sw-146th-st-miami-fl-33186
2026-09-12,INVH,Miami,"12947 SW 133rd Ter, Miami, FL, 33186",Miami,INVH-12947-sw-133rd-ter-33186-3591,3,2.5,1915,3465.0,2026-09-12,18 months,False,,,,,,,,https://www.invitationhomes.com/houses-for-rent/12947-sw-133rd-ter-33186-3591,2026-07-19,2026-09-12,FL,Miami,,,,,12947-sw-133rd-ter-33186-3591
2026-09-12,INVH,Miami,"12503 SW 124th Path, Miami, FL, 33186",Miami,INVH-12503-sw-124th-path-miami-fl-33186,3,2.5,1534,3299.0,2026-10-20,19 months,False,,,,,,,,https://www.invitationhomes.com/houses-for-rent/12503-sw-124th-path-miami-fl-33186,2026-09-06,2026-09-12,FL,Miami,,,,,12503-sw-124th-path-miami-fl-33186
2026-09-12,INVH,Miami,"12274 SW 123rd Pl, Miami, FL, 33186",Miami,INVH-12274-sw-123rd-pl-33186-9960,4,2.5,2114,3270.0,2026-09-12,18 months,False,,,,,,,,https://www.invitationhomes.com/houses-for-rent/12274-sw-123rd-pl-33186-9960,2026-07-19,2026-09-12,FL,Miami,,,,,12274-sw-123rd-pl-33186-9960
2026-09-12,INVH,Miami,"15755 SW 105th Ct, Miami, FL, 33157",Miami,INVH-15755-sw-105-ct-33157-3628,3,2.0,1563,3065.0,2026-09-12,18 months,False,,,,,,,,https://www.invitationhomes.com/houses-for-rent/15755-sw-105-ct-33157-3628,2026-09-03,2026-09-12,FL,Miami,,,,,15755-sw-105-ct-33157-3628
2026-09-12,INVH,Miami,"14544 SW 105th Ct, Miami, FL, 33176",Miami,INVH-14544-sw-105th-ct-miami-fl-33176,4,2.0,1684,2830.0,2026-09-12,18 months,False,,,,,,,,https://www.invitationhomes.com/houses-for-rent/14544-sw-105th-ct-miami-fl-33176,2026-07-19,2026-09-12,FL,Miami,,,,,14544-sw-105th-ct-miami-fl-33176
2026-09-12,INVH,Miami,"16372 SW 93rd St, Miami, FL, 33196",Miami,INVH-16372-sw-93rd-st-miami-fl-33196,4,3.0,2970,3995.0,2026-09-16,18 months,False,,,,,,,,https://www.invitationhomes.com/houses-for-rent/16372-sw-93rd-st-miami-fl-33196,2026-08-23,2026-09-12,FL,Miami,,,,,16372-sw-93rd-st-miami-fl-33196
2026-09-12,INVH,Miami,"16028 SW 86th Ter, Miami, FL, 33193",Miami,INVH-16028-sw-86th-ter-miami-fl-33193,3,2.0,1933,3095.0,2026-10-01,18 months,False,,,,,,,,https://www.invitationhomes.com/houses-for-rent/16028-sw-86th-ter-miami-fl-33193,2026-09-03,2026-09-12,FL,Miami,,,,,16028-sw-86th-ter-miami-fl-33193
2026-09-12,INVH,Miami,"9611 SW 148th Pl, Miami, FL, 33196",Miami,INVH-9611-sw-148th-pl-miami-fl-33196,4,3.5,2703,3995.0,2026-10-21,18 months,False,,,,,,,,https://www.invitationhomes.com/houses-for-rent/9611-sw-148th-pl-miami-fl-33196,2026-09-06,2026-09-12,FL,Miami,,,,,9611-sw-148th-pl-miami-fl-33196
2026-09-12,INVH,Miami,"14736 SW 92nd Street Rd, Miami, FL, 33196",Miami,INVH-14736-sw-92nd-street-rd-miami-fl-33196,3,2.5,1453,2845.0,2026-09-12,18 months,False,,,,,,,,https://www.invitationhomes.com/houses-for-rent/14736-sw-92nd-street-rd-miami-fl-33196,2026-07-19,2026-09-12,FL,Miami,,,,,14736-sw-92nd-street-rd-miami-fl-33196
2026-09-12,INVH,Miami,"14661 SW 93rd Ln, Miami, FL, 33186",Miami,INVH-14661-sw-93rd-ln-miami-fl-33186,4,3.0,2625,3895.0,2026-09-12,18 months,False,,,,,,,,https://www.invitationhomes.com/houses-for-rent/14661-sw-93rd-ln-miami-fl-33186,2026-08-02,2026-09-12,FL,Miami,,,,,14661-sw-93rd-ln-miami-fl-33186
2026-09-12,INVH,Miami,"14388 SW 98th Ter, Miami, FL, 33186",Miami,INVH-14388-sw-98th-ter-miami-fl-33186,3,2.5,1594,2795.0,2026-09-24,18 months,False,,,,,,,,https://www.invitationhomes.com/houses-for-rent/14388-sw-98th-ter-miami-fl-33186,2026-09-03,2026-09-12,FL,Miami,,,,,14388-sw-98th-ter-miami-fl-33186
2026-09-12,INVH,Miami,"8120 SW 162nd Path, Miami, FL, 33193",Miami,INVH-8120-sw-162nd-path-33193-4488,3,2.0,1724,2970.0,2026-09-12,24 months,False,,,,,,,,https://www.invitationhomes.com/houses-for-rent/8120-sw-162nd-path-33193-4488,2026-07-19,2026-09-12,FL,Miami,,,,,8120-sw-162nd-path-33193-4488
2026-09-12,INVH,Miami,"15927 SW 82nd St, Miami, FL, 33193",Miami,INVH-15927-sw-82nd-st-miami-fl-33193,3,2.0,1933,3460.0,2026-09-12,18 months,False,,,,,,,,https://www.invitationhomes.com/houses-for-rent/15927-sw-82nd-st-miami-fl-33193,2026-07-19,2026-09-12,FL,Miami,,,,,15927-sw-82nd-st-miami-fl-33193
2026-09-12,INVH,Miami,"15935 SW 83rd Ter, Miami, FL, 33193",Miami,INVH-15935-sw-83rd-ter-miami-fl-33193,4,3.0,2103,3695.0,2026-10-15,18 months,False,,,,,,,,https://www.invitationhomes.com/houses-for-rent/15935-sw-83rd-ter-miami-fl-33193,2026-09-03,2026-09-12,FL,Miami,,,,,15935-sw-83rd-ter-miami-fl-33193
2026-09-12,INVH,Miami,"16112 SW 63rd Ter, Miami, FL, 33193",Miami,INVH-16112-sw-63rd-ter-miami-fl-33193,4,2.5,2370,3895.0,2026-10-20,18 months,False,,,,,,,,https://www.invitationhomes.com/houses-for-rent/16112-sw-63rd-ter-miami-fl-33193,2026-09-06,2026-09-12,FL,Miami,,,,,16112-sw-63rd-ter-miami-fl-33193
2026-09-12,INVH,Miami,"6243 SW 158th Ave, Miami, FL, 33193",Miami,INVH-6243-sw-158th-ave-33193-9722,4,3.0,2741,4025.0,2026-09-12,18 months,False,,,,,,,,https://www.invitationhomes.com/houses-for-rent/6243-sw-158th-ave-33193-9722,2026-08-02,2026-09-12,FL,Miami,,,,,6243-sw-158th-ave-33193-9722
2026-09-12,INVH,Miami,"5886 SW 162nd Path, Miami, FL, 33193",Miami,INVH-5886-sw-162nd-path-miami-fl-33193,4,3.0,1775,3195.0,2026-09-12,18 months,False,,,,,,,,https://www.invitationhomes.com/houses-for-rent/5886-sw-162nd-path-miami-fl-33193,2026-07-19,2026-09-12,FL,Miami,,,,,5886-sw-162nd-path-miami-fl-33193
2026-09-12,INVH,Miami,"16349 SW 50th Ter, Miami, FL, 33185",Miami,INVH-16349-sw-50th-ter-miami-fl-33185,3,2.5,2076,3349.0,2026-09-12,19 months,False,,,,,,,,https://www.invitationhomes.com/houses-for-rent/16349-sw-50th-ter-miami-fl-33185,2026-08-02,2026-09-12,FL,Miami,,,,,16349-sw-50th-ter-miami-fl-33185
2026-09-12,INVH,Miami,"5062 SW 154th Pl, Miami, FL, 33185",Miami,INVH-5062-sw-154th-pl-33185-5879,4,3.0,2222,3799.0,2026-09-12,18 months,False,,,,,,,,https://www.invitationhomes.com/houses-for-rent/5062-sw-154th-pl-33185-5879,2026-08-23,2026-09-12,FL,Miami,,,,,5062-sw-154th-pl-33185-5879
2026-09-12,INVH,Miami,"5920 SW 148th Ave, Miami, FL, 33193",Miami,INVH-5920-sw-148th-ave-33193-6569,3,2.0,1638,3225.0,2026-09-12,18 months,False,,,,,,,,https://www.invitationhomes.com/houses-for-rent/5920-sw-148th-ave-33193-6569,2026-08-02,2026-09-12,FL,Miami,,,,,5920-sw-148th-ave-33193-6569
2026-09-12,INVH,Miami,"15308 SW 53rd St, Miami, FL, 33185",Miami,INVH-15308-sw-53rd-st-33185-3475,3,2.0,1706,3345.0,2026-09-12,18 months,False,,,,,,,,https://www.invitationhomes.com/houses-for-rent/15308-sw-53rd-st-33185-3475,2026-08-02,2026-09-12,FL,Miami,,,,,15308-sw-53rd-st-33185-3475
2026-09-12,INVH,Miami,"14867 SW 56th Ter, Miami, FL, 33193",Miami,INVH-14867-sw-56th-ter-33193-8857,3,2.0,1330,2985.0,2026-09-12,18 months,False,,,,,,,,https://www.invitationhomes.com/houses-for-rent/14867-sw-56th-ter-33193-8857,2026-08-16,2026-09-12,FL,Miami,,,,,14867-sw-56th-ter-33193-8857
2026-09-12,INVH,Miami,"4233 SW 153rd Ct, Miami, FL, 33185",Miami,INVH-4233-sw-153rd-ct-33185-6063,4,2.0,1864,3545.0,2026-10-18,18 months,False,,,,,,,,https://www.invitationhomes.com/houses-for-rent/4233-sw-153rd-ct-33185-6063,2026-09-09,2026-09-12,FL,Miami,,,,,4233-sw-153rd-ct-33185-6063
2026-09-12,INVH,Miami,"4705 SW 143rd Ave, Miami, FL, 33175",Miami,INVH-4705-sw-143rd-ave-33175-8455,3,2.0,1899,3185.0,2026-09-12,18 months,False,,,,,,,,https://www.invitationhomes.com/houses-for-rent/4705-sw-143rd-ave-33175-8455,2026-07-19,2026-09-12,FL,Miami,,,,,4705-sw-143rd-ave-33175-8455
2026-09-12,INVH,Miami,"15470 SW 23rd Ln, Miami, FL, 33185",Miami,INVH-15470-sw-23rd-ln-miami-fl-33185,3,2.0,1758,3595.0,2026-10-20,18 months,False,,,,,,,,https://www.invitationhomes.com/houses-for-rent/15470-sw-23rd-ln-miami-fl-33185,2026-09-06,2026-09-12,FL,Miami,,,,,15470-sw-23rd-ln-miami-fl-33185
2026-09-12,INVH,Miami,"15551 SW 21st Ter, Miami, FL, 33185",Miami,INVH-15551-sw-21st-ter-33185-2191,3,2.0,1758,3340.0,2026-09-12,18 months,False,,,,,,,,https://www.invitationhomes.com/houses-for-rent/15551-sw-21st-ter-33185-2191,2026-08-10,2026-09-12,FL,Miami,,,,,15551-sw-21st-ter-33185-2191
2026-09-12,INVH,Miami,"4025 SW 149th Ct, Miami, FL, 33185",Miami,INVH-4025-sw-149th-ct-miami-fl-33185,3,3.0,1946,2960.0,2026-09-12,18 months,False,,,,,,,,https://www.invitationhomes.com/houses-for-rent/4025-sw-149th-ct-miami-fl-33185,2026-08-16,2026-09-12,FL,Miami,,,,,4025-sw-149th-ct-miami-fl-33185
2026-09-12,INVH,Miami,"14941 SW 17th Ln, Miami, FL, 33185",Miami,INVH-14941-sw-17th-ln-miami-fl-33185,4,3.5,3120,4195.0,2026-10-26,18 months,False,,,,,,,,https://www.invitationhomes.com/houses-for-rent/14941-sw-17th-ln-miami-fl-33185,2026-09-12,2026-09-12,FL,Miami,,,,,14941-sw-17th-ln-miami-fl-33185
2026-09-12,INVH,Miami,"13857 SW 103rd Ln, Miami, FL, 33186",Miami,INVH-13857-sw-103rd-ln-33186-6015,3,2.0,2222,3295.0,2026-10-12,18 months,False,,,,,,,,https://www.invitationhomes.com/houses-for-rent/13857-sw-103rd-ln-33186-6015,2026-09-09,2026-09-12,FL,Miami,,,,,13857-sw-103rd-ln-33186-6015
2026-09-12,INVH,Miami,"13265 SW 96th Ter, Miami, FL, 33186",Miami,INVH-13265-sw-96th-ter-miami-fl-33186,4,3.0,2277,3995.0,2026-09-14,18 months,False,,,,,,,,https://www.invitationhomes.com/houses-for-rent/13265-sw-96th-ter-miami-fl-33186,2026-05-03,2026-09-12,FL,Miami,,,,,13265-sw-96th-ter-miami-fl-33186
2026-09-12,INVH,Miami,"10515 SW 113th Pl, Miami, FL, 33176",Miami,INVH-10515-sw-113th-pl-33176-1957,2,2.5,1486,2999.0,2026-10-26,19 months,False,,,,,,,,https://www.invitationhomes.com/houses-for-rent/10515-sw-113th-pl-33176-1957,2026-09-12,2026-09-12,FL,Miami,,,,,10515-sw-113th-pl-33176-1957
2026-09-12,INVH,Miami,"14973 SW 11th St, Miami, FL, 33194",Miami,INVH-14973-sw-11th-st-33194-9288,4,3.0,3077,4899.0,2026-10-15,18 months,False,,,,,,,,https://www.invitationhomes.com/houses-for-rent/14973-sw-11th-st-33194-9288,2026-09-03,2026-09-12,FL,Miami,,,,,14973-sw-11th-st-33194-9288
2026-09-12,INVH,Miami,"14964 SW 9th Ln, Miami, FL, 33194",Miami,INVH-14964-sw-9th-ln-miami-fl-33194,3,2.5,1900,3545.0,2026-10-10,18 months,False,,,,,,,,https://www.invitationhomes.com/houses-for-rent/14964-sw-9th-ln-miami-fl-33194,2026-09-03,2026-09-12,FL,Miami,,,,,14964-sw-9th-ln-miami-fl-33194
2026-09-12,INVH,Miami,"1276 SW 143rd Pl, Miami, FL, 33184",Miami,INVH-1276-sw-143rd-pl-miami-fl-33184,3,2.0,1983,3699.0,2026-09-18,18 months,False,,,,,,,,https://www.invitationhomes.com/houses-for-rent/1276-sw-143rd-pl-miami-fl-33184,2026-08-02,2026-09-12,FL,Miami,,,,,1276-sw-143rd-pl-miami-fl-33184
2026-09-12,INVH,Miami,"505 NW 136th Ct, Miami, FL, 33182",Miami,INVH-505-nw-136th-ct-33182-5543,4,2.0,2280,3740.0,2026-09-12,18 months,False,,,,,,,,https://www.invitationhomes.com/houses-for-rent/505-nw-136th-ct-33182-5543,2026-08-10,2026-09-12,FL,Miami,,,,,505-nw-136th-ct-33182-5543
2026-09-12,INVH,Miami,"957 NW 128th Pl, Miami, FL, 33182",Miami,INVH-957-nw-128th-pl-33182-4277,4,2.0,2109,3195.0,2026-09-12,18 months,False,,,,,,,,https://www.invitationhomes.com/houses-for-rent/957-nw-128th-pl-33182-4277,2026-07-19,2026-09-12,FL,Miami,,,,,957-nw-128th-pl-33182-4277
2026-09-12,INVH,Miami,"12451 NW 7th St, Miami, FL, 33182",Miami,INVH-12451-nw-7th-st-33182-7262,4,3.0,2328,3595.0,2026-09-12,18 months,False,,,,,,,,https://www.invitationhomes.com/houses-for-rent/12451-nw-7th-st-33182-7262,2026-07-19,2026-09-12,FL,Miami,,,,,12451-nw-7th-st-33182-7262
2026-09-12,INVH,Tampa,"5141 NW 102nd Ct, Doral, FL, 33178",Tampa,INVH-5141-nw-102nd-ct-33178-4281,3,2.5,1900,3995.0,2026-09-12,18 months,False,,,,,,,,https://www.invitationhomes.com/houses-for-rent/5141-nw-102nd-ct-33178-4281,2026-07-19,2026-09-12,FL,Doral,,,,,5141-nw-102nd-ct-33178-4281
2026-09-12,INVH,Tampa,"11390 NW 83rd Way, Doral, FL, 33178",Tampa,INVH-11390-nw-83rd-way-doral-fl-33178,4,3.0,2185,3840.0,2026-09-12,18 months,False,,,,,,,,https://www.invitationhomes.com/houses-for-rent/11390-nw-83rd-way-doral-fl-33178,2026-07-19,2026-09-12,FL,Doral,,,,,11390-nw-83rd-way-doral-fl-33178
2026-09-12,INVH,Miami,"10215 NW 126th St, Hialeah, FL, 33018",Miami,INVH-10215-nw-126th-st-hialeah-fl-33018,3,2.0,1412,3295.0,2026-09-12,18 months,False,,,,,,,,https://www.invitationhomes.com/houses-for-rent/10215-nw-126th-st-hialeah-fl-33018,2026-08-16,2026-09-12,FL,Hialeah,,,,,10215-nw-126th-st-hialeah-fl-33018
2026-09-12,INVH,Miami,"10088 NW 126th Ter, Hialeah Gardens, FL, 33018",Miami,INVH-10088-nw-126th-ter-33018-4641,3,2.0,1378,3070.0,2026-09-12,18 months,False,,,,,,,,https://www.invitationhomes.com/houses-for-rent/10088-nw-126th-ter-33018-4641,2026-08-02,2026-09-12,FL,Hialeah Gardens,,,,,10088-nw-126th-ter-33018-4641
2026-09-12,INVH,Miami,"9991 NW 126th Ter, Hialeah Gardens, FL, 33018",Miami,INVH-9991-nw-126th-ter-33018-5703,3,2.0,1553,3560.0,2026-10-16,18 months,False,,,,,,,,https://www.invitationhomes.com/houses-for-rent/9991-nw-126th-ter-33018-5703,2026-09-03,2026-09-12,FL,Hialeah Gardens,,,,,9991-nw-126th-ter-33018-5703
2026-09-12,INVH,Miami,"9775 NW 126th Ter, Hialeah, FL, 33018",Miami,INVH-9775-nw-126th-ter-33018-2789,3,2.0,1553,3240.0,2026-09-12,18 months,False,,,,,,,,https://www.invitationhomes.com/houses-for-rent/9775-nw-126th-ter-33018-2789,2026-08-02,2026-09-12,FL,Hialeah,,,,,9775-nw-126th-ter-33018-2789
2026-09-12,INVH,Miami,"8723 NW 142nd Ln, Miami Lakes, FL, 33018",Miami,INVH-8723-nw-142nd-ln-33018-9199,3,2.5,1903,3365.0,2026-09-12,18 months,False,,,,,,,,https://www.invitationhomes.com/houses-for-rent/8723-nw-142nd-ln-33018-9199,2026-05-17,2026-09-12,FL,Miami Lakes,,,,,8723-nw-142nd-ln-33018-9199
2026-09-12,INVH,Miami,"8387 NW 143rd St, Miami Lakes, FL, 33016",Miami,INVH-8387-nw-143rd-st-miami-lakes-fl-33016,3,2.0,2232,3645.0,2026-10-27,18 months,False,,,,,,,,https://www.invitationhomes.com/houses-for-rent/8387-nw-143rd-st-miami-lakes-fl-33016,2026-09-12,2026-09-12,FL,Miami Lakes,,,,,8387-nw-143rd-st-miami-lakes-fl-33016
2026-09-12,INVH,Miami,"3408 W 109 Pl, Hialeah, FL, 33018",Miami,INVH-3408-w-109-pl-33018-103251,3,2.5,1800,3599.0,2026-09-28,18 months,False,,,,,,,,https://www.invitationhomes.com/houses-for-rent/3408-w-109-pl-33018-103251,2026-08-16,2026-09-12,FL,Hialeah,,,,,3408-w-109-pl-33018-103251
2026-09-12,INVH,Miami,"9161 NW 148th Ter, Miami Lakes, FL, 33018",Miami,INVH-9161-nw-148th-ter-33018-7535,3,2.0,2390,3695.0,2026-10-15,18 months,False,,,,,,,,https://www.invitationhomes.com/houses-for-rent/9161-nw-148th-ter-33018-7535,2026-09-12,2026-09-12,FL,Miami Lakes,,,,,9161-nw-148th-ter-33018-7535
2026-09-12,INVH,Miami,"8361 NW 166th Ter, Miami Lakes, FL, 33016",Miami,INVH-8361-nw-166th-ter-33016-2676,3,2.0,2511,4385.0,2026-09-25,18 months,False,,,,,,,,https://www.invitationhomes.com/houses-for-rent/8361-nw-166th-ter-33016-2676,2026-08-16,2026-09-12,FL,Miami Lakes,,,,,8361-nw-166th-ter-33016-2676
2026-09-12,INVH,Miami,"20710 NW 1st St, Pembroke Pines, FL, 33029",Miami,INVH-20710-nw-1st-st-33029-2633,3,2.0,1416,3240.0,2026-09-18,18 months,False,,,,,,,,https://www.invitationhomes.com/houses-for-rent/20710-nw-1st-st-33029-2633,2026-08-02,2026-09-12,FL,Pembroke Pines,,,,,20710-nw-1st-st-33029-2633
2026-09-12,INVH,Miami,"19226 NW 82nd Circle Ct, Hialeah, FL, 33015",Miami,INVH-19226-nw-82nd-circle-ct-hialeah-fl-33015,3,2.0,1547,3195.0,2026-09-14,18 months,False,,,,,,,,https://www.invitationhomes.com/houses-for-rent/19226-nw-82nd-circle-ct-hialeah-fl-33015,2026-08-10,2026-09-12,FL,Hialeah,,,,,19226-nw-82nd-circle-ct-hialeah-fl-33015
2026-09-12,INVH,Miami,"5010 SW 155th Ave, Miramar, FL, 33027",Miami,INVH-5010-sw-155th-ave-miramar-fl-33027,4,2.5,2139,3895.0,2026-10-15,18 months,False,,,,,,,,https://www.invitationhomes.com/houses-for-rent/5010-sw-155th-ave-miramar-fl-33027,2026-09-03,2026-09-12,FL,Miramar,,,,,5010-sw-155th-ave-miramar-fl-33027
2026-09-12,INVH,Miami,"8229 NW 199th Ter, Hialeah, FL, 33015",Miami,INVH-8229-nw-199th-ter-hialeah-fl-33015,4,2.5,2179,3645.0,2026-10-03,18 months,False,,,,,,,,https://www.invitationhomes.com/houses-for-rent/8229-nw-199th-ter-hialeah-fl-33015,2026-08-23,2026-09-12,FL,Hialeah,,,,,8229-nw-199th-ter-hialeah-fl-33015
2026-09-12,INVH,Miami,"8013 NW 198th St, Hialeah, FL, 33015",Miami,INVH-8013-nw-198th-st-hialeah-fl-33015,3,2.0,1934,3245.0,2026-09-12,18 months,False,,,,,,,,https://www.invitationhomes.com/houses-for-rent/8013-nw-198th-st-hialeah-fl-33015,2026-07-19,2026-09-12,FL,Hialeah,,,,,8013-nw-198th-st-hialeah-fl-33015
2026-09-12,INVH,Miami,"5221 SW 141st Ave, Miramar, FL, 33027",Miami,INVH-5221-sw-141st-ave-33027-5493,3,2.0,2160,3525.0,2026-09-12,18 months,False,,,,,,,,https://www.invitationhomes.com/houses-for-rent/5221-sw-141st-ave-33027-5493,2026-08-02,2026-09-12,FL,Miramar,,,,,5221-sw-141st-ave-33027-5493
2026-09-12,INVH,Miami,"15270 SW 46th Ct, Miramar, FL, 33027",Miami,INVH-15270-sw-46th-ct-miramar-fl-33027,4,2.5,2047,3649.0,2026-09-12,24 months,False,,,,,,,,https://www.invitationhomes.com/houses-for-rent/15270-sw-46th-ct-miramar-fl-33027,2026-04-04,2026-09-12,FL,Miramar,,,,,15270-sw-46th-ct-miramar-fl-33027
2026-09-12,INVH,Miami,"2794 SW 183rd Ave, Miramar, FL, 33029",Miami,INVH-2794-sw-183rd-ave-miramar-fl-33029,3,2.0,2033,3795.0,2026-09-30,18 months,False,,,,,,,,https://www.invitationhomes.com/houses-for-rent/2794-sw-183rd-ave-miramar-fl-33029,2026-08-23,2026-09-12,FL,Miramar,,,,,2794-sw-183rd-ave-miramar-fl-33029
2026-09-12,INVH,Miami,"2048 SW 176th Ter, Miramar, FL, 33029",Miami,INVH-2048-sw-176th-ter-33029-7985,4,2.5,2818,4385.0,2026-09-16,18 months,False,,,,,,,,https://www.invitationhomes.com/houses-for-rent/2048-sw-176th-ter-33029-7985,2026-08-02,2026-09-12,FL,Miramar,,,,,2048-sw-176th-ter-33029-7985
2026-09-12,INVH,Miami,"441 SW 182nd Way, Pembroke Pines, FL, 33029",Miami,INVH-441-sw-182nd-way-33029-2670,4,2.5,2347,3970.0,2026-09-12,18 months,False,,,,,,,,https://www.invitationhomes.com/houses-for-rent/441-sw-182nd-way-33029-2670,2026-08-02,2026-09-12,FL,Pembroke Pines,,,,,441-sw-182nd-way-33029-2670
2026-09-12,INVH,Miami,"703 NW 170th Ter, Pembroke Pines, FL, 33028",Miami,INVH-703-nw-170th-ter-33028-1845,3,2.5,1381,3035.0,2026-09-12,18 months,False,,,,,,,,https://www.invitationhomes.com/houses-for-rent/703-nw-170th-ter-33028-1845,2026-07-19,2026-09-12,FL,Pembroke Pines,,,,,703-nw-170th-ter-33028-1845
2026-09-12,INVH,Miami,"2124 W 54th St, Hialeah, FL, 33016",Miami,INVH-2124-w-54th-st-hialeah-fl-33016,3,2.0,1284,3180.0,2026-09-17,18 months,False,,,,,,,,https://www.invitationhomes.com/houses-for-rent/2124-w-54th-st-hialeah-fl-33016,2026-08-16,2026-09-12,FL,Hialeah,,,,,2124-w-54th-st-hialeah-fl-33016
2026-09-12,INVH,Miami,"7211 W 24th Ave Apt 2333, Hialeah, FL, 33016",Miami,INVH-7211-w-24th-ave-apt-2333-hialeah-fl-33016,3,2.0,1440,2745.0,2026-09-12,18 months,False,,,,,,,,https://www.invitationhomes.com/houses-for-rent/7211-w-24th-ave-apt-2333-hialeah-fl-33016,2026-05-17,2026-09-12,FL,Hialeah,,,,,7211-w-24th-ave-apt-2333-hialeah-fl-33016
2026-09-12,INVH,Miami,"7449 NW 181st St, Hialeah, FL, 33015",Miami,INVH-7449-nw-181st-st-hialeah-fl-33015,2,2.5,1105,2710.0,2026-09-12,18 months,False,,,,,,,,https://www.invitationhomes.com/houses-for-rent/7449-nw-181st-st-hialeah-fl-33015,2026-08-16,2026-09-12,FL,Hialeah,,,,,7449-nw-181st-st-hialeah-fl-33015
2026-09-12,INVH,Miami,"19432 NW 62nd Ct, Hialeah, FL, 33015",Miami,INVH-19432-nw-62nd-ct-33015-4764,3,2.0,1760,3540.0,2026-10-01,18 months,False,,,,,,,,https://www.invitationhomes.com/houses-for-rent/19432-nw-62nd-ct-33015-4764,2026-08-23,2026-09-12,FL,Hialeah,,,,,19432-nw-62nd-ct-33015-4764
2026-09-12,INVH,Miami,"13081 SW 54th Ct, Miramar, FL, 33027",Miami,INVH-13081-sw-54th-ct-33027-5181,3,2.0,2252,3540.0,2026-09-12,18 months,False,,,,,,,,https://www.invitationhomes.com/houses-for-rent/13081-sw-54th-ct-33027-5181,2026-07-19,2026-09-12,FL,Miramar,,,,,13081-sw-54th-ct-33027-5181
2026-09-12,INVH,Miami,"12760 SW 53rd St, Miramar, FL, 33027",Miami,INVH-12760-sw-53rd-st-33027-5064,2,2.0,1633,3295.0,2026-10-11,18 months,False,,,,,,,,https://www.invitationhomes.com/houses-for-rent/12760-sw-53rd-st-33027-5064,2026-09-03,2026-09-12,FL,Miramar,,,,,12760-sw-53rd-st-33027-5064
2026-09-12,INVH,Miami,"12421 SW 50th Ct Apt 343, Miramar, FL, 33027",Miami,INVH-12421-sw-50th-ct-apt-343-miramar-fl-33027,3,2.5,1481,3260.0,2026-09-17,18 months,False,,,,,,,,https://www.invitationhomes.com/houses-for-rent/12421-sw-50th-ct-apt-343-miramar-fl-33027,2026-09-06,2026-09-12,FL,Miramar,,,,,12421-sw-50th-ct-apt-343-miramar-fl-33027
2026-09-12,INVH,Miami,"12430 SW 50th St Apt 139, Miramar, FL, 33027",Miami,INVH-12430-sw-50th-st-apt-139-miramar-fl-33027,3,2.5,1481,2995.0,2026-10-11,18 months,False,,,,,,,,https://www.invitationhomes.com/houses-for-rent/12430-sw-50th-st-apt-139-miramar-fl-33027,2026-09-03,2026-09-12,FL,Miramar,,,,,12430-sw-50th-st-apt-139-miramar-fl-33027
2026-09-12,INVH,Miami,"4921 NW 170th St, Miami Gardens, FL, 33055",Miami,INVH-4921-nw-170th-st-33055-8305,3,2.0,1131,2975.0,2026-09-12,18 months,False,,,,,,,,https://www.invitationhomes.com/houses-for-rent/4921-nw-170th-st-33055-8305,2026-08-23,2026-09-12,FL,Miami Gardens,,,,,4921-nw-170th-st-33055-8305
2026-09-12,INVH,Miami,"4825 NW 189th Ter, Miami Gardens, FL, 33055",Miami,INVH-4825-nw-189th-ter-33055-4674,4,2.0,1574,3480.0,2026-09-30,18 months,False,,,,,,,,https://www.invitationhomes.com/houses-for-rent/4825-nw-189th-ter-33055-4674,2026-04-04,2026-09-12,FL,Miami Gardens,,,,,4825-nw-189th-ter-33055-4674
2026-09-12,INVH,Miami,"3746 NW 201st Ter, Miami Gardens, FL, 33055",Miami,INVH-3746-nw-201st-ter-33055-9073,3,2.0,1758,3230.0,2026-09-12,18 months,False,,,,,,,,https://www.invitationhomes.com/houses-for-rent/3746-nw-201st-ter-33055-9073,2026-07-19,2026-09-12,FL,Miami Gardens,,,,,3746-nw-201st-ter-33055-9073
2026-09-12,INVH,Miami,"2266 SW 135th Ave, Miramar, FL, 33027",Miami,INVH-2266-sw-135th-ave-miramar-fl-33027,3,2.0,1650,3195.0,2026-10-13,18 months,False,,,,,,,,https://www.invitationhomes.com/houses-for-rent/2266-sw-135th-ave-miramar-fl-33027,2026-09-03,2026-09-12,FL,Miramar,,,,,2266-sw-135th-ave-miramar-fl-33027
2026-09-12,INVH,Miami,"2427 Centergate Dr Apt 304, Miramar, FL, 33025",Miami,INVH-2427-centergate-dr-apt-304-33025-4028,2,2.0,1072,2685.0,2026-09-17,18 months,False,,,,,,,,https://www.invitationhomes.com/houses-for-rent/2427-centergate-dr-apt-304-33025-4028,2026-08-02,2026-09-12,FL,Miramar,,,,,2427-centergate-dr-apt-304-33025-4028
2026-09-12,INVH,Miami,"10001 SW 22nd St, Miramar, FL, 33025",Miami,INVH-10001-sw-22nd-st-33025-7632,3,3.5,2020,3215.0,2026-09-12,18 months,False,,,,,,,,https://www.invitationhomes.com/houses-for-rent/10001-sw-22nd-st-33025-7632,2026-08-02,2026-09-12,FL,Miramar,,,,,10001-sw-22nd-st-33025-7632
2026-09-12,INVH,Miami,"1904 SW 96th Ave, Miramar, FL, 33025",Miami,INVH-1904-sw-96th-ave-33025-4109,2,2.0,1349,2699.0,2026-09-18,19 months,False,,,,,,,,https://www.invitationhomes.com/houses-for-rent/1904-sw-96th-ave-33025-4109,2026-08-02,2026-09-12,FL,Miramar,,,,,1904-sw-96th-ave-33025-4109
2026-09-12,INVH,Miami,"2411 Utopia Dr, Miramar, FL, 33023",Miami,INVH-2411-utopia-dr-miramar-fl-33023,3,2.0,1534,2795.0,2026-10-06,18 months,False,,,,,,,,https://www.invitationhomes.com/houses-for-rent/2411-utopia-dr-miramar-fl-33023,2026-08-02,2026-09-12,FL,Miramar,,,,,2411-utopia-dr-miramar-fl-33023
2026-09-12,INVH,Miami,"1382 SW 106th Ave, Pembroke Pines, FL, 33025",Miami,INVH-1382-sw-106th-ave-pembroke-pines-fl-33025,3,2.5,2132,3890.0,2026-09-12,18 months,False,,,,,,,,https://www.invitationhomes.com/houses-for-rent/1382-sw-106th-ave-pembroke-pines-fl-33025,2026-07-19,2026-09-12,FL,Pembroke Pines,,,,,1382-sw-106th-ave-pembroke-pines-fl-33025
2026-09-12,INVH,Miami,"1365 SW 106th Ave, Pembroke Pines, FL, 33025",Miami,INVH-1365-sw-106th-ave-33025-1465,3,2.0,1848,2995.0,2026-09-12,18 months,False,,,,,,,,https://www.invitationhomes.com/houses-for-rent/1365-sw-106th-ave-33025-1465,2026-05-09,2026-09-12,FL,Pembroke Pines,,,,,1365-sw-106th-ave-33025-1465
2026-09-12,INVH,Miami,"9811 SW 13th Ct, Pembroke Pines, FL, 33025",Miami,INVH-9811-sw-13th-ct-pembroke-pines-fl-33025,4,2.5,2561,3699.0,2026-09-12,18 months,False,,,,,,,,https://www.invitationhomes.com/houses-for-rent/9811-sw-13th-ct-pembroke-pines-fl-33025,2026-08-02,2026-09-12,FL,Pembroke Pines,,,,,9811-sw-13th-ct-pembroke-pines-fl-33025
2026-09-12,INVH,Miami,"1510 NW 182nd St, Miami, FL, 33169",Miami,INVH-1510-nw-182nd-st-33169-1952,3,2.0,1512,2745.0,2026-10-14,18 months,False,,,,,,,,https://www.invitationhomes.com/houses-for-rent/1510-nw-182nd-st-33169-1952,2026-09-09,2026-09-12,FL,Miami,,,,,1510-nw-182nd-st-33169-1952
2026-09-12,INVH,Miami,"735 NW 184th Dr, Miami, FL, 33169",Miami,INVH-735-nw-184th-dr-33169-1876,3,1.5,1275,2895.0,2026-09-28,24 months,False,,,,,,,,https://www.invitationhomes.com/houses-for-rent/735-nw-184th-dr-33169-1876,2026-05-17,2026-09-12,FL,Miami,,,,,735-nw-184th-dr-33169-1876
2026-09-12,INVH,Miami,"331 NW 185th Ter, Miami, FL, 33169",Miami,INVH-331-nw-185th-ter-33169-4797,3,2.0,1499,2995.0,2026-09-25,18 months,False,,,,,,,,https://www.invitationhomes.com/houses-for-rent/331-nw-185th-ter-33169-4797,2026-09-12,2026-09-12,FL,Miami,,,,,331-nw-185th-ter-33169-4797
2026-09-12,INVH,Miami,"335 NW 190th St, Miami, FL, 33169",Miami,INVH-335-nw-190th-st-33169-4336,4,2.0,1175,3170.0,2026-09-14,18 months,False,,,,,,,,https://www.invitationhomes.com/houses-for-rent/335-nw-190th-st-33169-4336,2026-08-02,2026-09-12,FL,Miami,,,,,335-nw-190th-st-33169-4336
2026-09-12,INVH,Miami,"20772 Ne 2 Ct, Miami, FL, 33179",Miami,INVH-20772-ne-2-ct-33179-103313,4,2.0,1893,3495.0,2026-09-12,18 months,False,,,,,,,,https://www.invitationhomes.com/houses-for-rent/20772-ne-2-ct-33179-103313,2026-07-19,2026-09-12,FL,Miami,,,,,20772-ne-2-ct-33179-103313
2026-09-12,INVH,Miami,"7936 Miramar Pkwy, Miramar, FL, 33023",Miami,INVH-7936-miramar-pkwy-33023-1092,4,2.0,2067,3149.0,2026-09-12,18 months,False,,,,,,,,https://www.invitationhomes.com/houses-for-rent/7936-miramar-pkwy-33023-1092,2026-05-03,2026-09-12,FL,Miramar,,,,,7936-miramar-pkwy-33023-1092
2026-09-12,INVH,Miami,"6700 SW 19th St, Miramar, FL, 33023",Miami,INVH-6700-sw-19th-st-33023-6435,3,2.0,1335,3230.0,2026-10-15,18 months,False,,,,,,,,https://www.invitationhomes.com/houses-for-rent/6700-sw-19th-st-33023-6435,2026-09-03,2026-09-12,FL,Miramar,,,,,6700-sw-19th-st-33023-6435
2026-09-12,INVH,Miami,"6315 SW 24th St, Miramar, FL, 33023",Miami,INVH-6315-sw-24th-st-33023-2650,3,2.0,1341,2799.0,2026-09-12,18 months,False,,,,,,,,https://www.invitationhomes.com/houses-for-rent/6315-sw-24th-st-33023-2650,2026-08-02,2026-09-12,FL,Miramar,,,,,6315-sw-24th-st-33023-2650
2026-09-12,INVH,Miami,"641 N 68th Way, Hollywood, FL, 33024",Miami,INVH-641-n-68th-way-hollywood-fl-33024,4,2.0,1536,2995.0,2026-09-12,18 months,False,,,,,,,,https://www.invitationhomes.com/houses-for-rent/641-n-68th-way-hollywood-fl-33024,2026-08-23,2026-09-12,FL,Hollywood,,,,,641-n-68th-way-hollywood-fl-33024
2026-09-12,INVH,Miami,"200 SW 65th Way, Pembroke Pines, FL, 33023",Miami,INVH-200-sw-65th-way-33023-4546,3,2.0,2141,3465.0,2026-09-29,18 months,False,,,,,,,,https://www.invitationhomes.com/houses-for-rent/200-sw-65th-way-33023-4546,2026-08-10,2026-09-12,FL,Pembroke Pines,,,,,200-sw-65th-way-33023-4546
2026-09-12,INVH,Miami,"206 S 57th Way, Hollywood, FL, 33023",Miami,INVH-206-s-57th-way-hollywood-fl-33023,3,2.0,1392,3495.0,2026-09-12,18 months,False,,,,,,,,https://www.invitationhomes.com/houses-for-rent/206-s-57th-way-hollywood-fl-33023,2026-06-09,2026-09-12,FL,Hollywood,,,,,206-s-57th-way-hollywood-fl-33023
2026-09-12,INVH,Miami,"5521 Van Buren St, Hollywood, FL, 33021",Miami,INVH-5521-van-buren-st-33021-7220,3,2.0,1953,3595.0,2026-10-04,18 months,False,,,,,,,,https://www.invitationhomes.com/houses-for-rent/5521-van-buren-st-33021-7220,2026-08-23,2026-09-12,FL,Hollywood,,,,,5521-van-buren-st-33021-7220
2026-09-12,INVH,Miami,"19166 NW 13th Ct, Pembroke Pines, FL, 33029",Miami,INVH-19166-nw-13th-ct-33029-5444,3,2.5,2216,3845.0,2026-10-15,18 months,False,,,,,,,,https://www.invitationhomes.com/houses-for-rent/19166-nw-13th-ct-33029-5444,2026-09-03,2026-09-12,FL,Pembroke Pines,,,,,19166-nw-13th-ct-33029-5444
2026-09-12,INVH,Miami,"2170 NW 185th Way, Pembroke Pines, FL, 33029",Miami,INVH-2170-nw-185th-way-33029-2339,4,2.0,2253,3845.0,2026-10-26,18 months,False,,,,,,,,https://www.invitationhomes.com/houses-for-rent/2170-nw-185th-way-33029-2339,2026-09-12,2026-09-12,FL,Pembroke Pines,,,,,2170-nw-185th-way-33029-2339
2026-09-12,INVH,Miami,"18430 NW 21st St, Pembroke Pines, FL, 33029",Miami,INVH-18430-nw-21st-st-33029-4729,3,2.5,1567,3245.0,2026-09-12,18 months,False,,,,,,,,https://www.invitationhomes.com/houses-for-rent/18430-nw-21st-st-33029-4729,2026-08-02,2026-09-12,FL,Pembroke Pines,,,,,18430-nw-21st-st-33029-4729
2026-09-12,INVH,Miami,"18493 NW 21st St, Pembroke Pines, FL, 33029",Miami,INVH-18493-nw-21st-st-33029-7740,3,2.5,1647,3295.0,2026-10-17,18 months,False,,,,,,,,https://www.invitationhomes.com/houses-for-rent/18493-nw-21st-st-33029-7740,2026-09-03,2026-09-12,FL,Pembroke Pines,,,,,18493-nw-21st-st-33029-7740
2026-09-12,INVH,Miami,"18210 NW 19th St, Pembroke Pines, FL, 33029",Miami,INVH-18210-nw-19th-st-pembroke-pines-fl-33029,4,2.0,2175,3995.0,2026-10-16,18 months,False,,,,,,,,https://www.invitationhomes.com/houses-for-rent/18210-nw-19th-st-pembroke-pines-fl-33029,2026-09-03,2026-09-12,FL,Pembroke Pines,,,,,18210-nw-19th-st-pembroke-pines-fl-33029
2026-09-12,INVH,Miami,"16575 NW 10th St, Pembroke Pines, FL, 33028",Miami,INVH-16575-nw-10th-st-33028-9940,3,2.0,1747,3430.0,2026-09-12,18 months,False,,,,,,,,https://www.invitationhomes.com/houses-for-rent/16575-nw-10th-st-33028-9940,2026-08-02,2026-09-12,FL,Pembroke Pines,,,,,16575-nw-10th-st-33028-9940
2026-09-12,INVH,Miami,"1552 NW 157th Ave, Pembroke Pines, FL, 33028",Miami,INVH-1552-nw-157th-ave-33028-1697,3,2.5,1617,3310.0,2026-09-18,18 months,False,,,,,,,,https://www.invitationhomes.com/houses-for-rent/1552-nw-157th-ave-33028-1697,2026-06-09,2026-09-12,FL,Pembroke Pines,,,,,1552-nw-157th-ave-33028-1697
2026-09-12,INVH,Miami,"1544 NW 158th Ave, Pembroke Pines, FL, 33028",Miami,INVH-1544-nw-158th-ave-pembroke-pines-fl-33028,4,2.0,1767,3420.0,2026-09-12,18 months,False,,,,,,,,https://www.invitationhomes.com/houses-for-rent/1544-nw-158th-ave-pembroke-pines-fl-33028,2026-07-19,2026-09-12,FL,Pembroke Pines,,,,,1544-nw-158th-ave-pembroke-pines-fl-33028
2026-09-12,INVH,Miami,"1457 NW 156th Ave, Pembroke Pines, FL, 33028",Miami,INVH-1457-nw-156th-ave-pembroke-pines-fl-33028,4,2.0,1911,3395.0,2026-09-12,18 months,False,,,,,,,,https://www.invitationhomes.com/houses-for-rent/1457-nw-156th-ave-pembroke-pines-fl-33028,2026-07-19,2026-09-12,FL,Pembroke Pines,,,,,1457-nw-156th-ave-pembroke-pines-fl-33028
2026-09-12,INVH,Miami,"4266 Greenbriar Ln, Weston, FL, 33331",Miami,INVH-4266-greenbriar-ln-weston-fl-33331,3,2.0,1871,4345.0,2026-09-30,18 months,False,,,,,,,,https://www.invitationhomes.com/houses-for-rent/4266-greenbriar-ln-weston-fl-33331,2026-08-16,2026-09-12,FL,Weston,,,,,4266-greenbriar-ln-weston-fl-33331
2026-09-12,INVH,Miami,"1319 Camellia Cir, Weston, FL, 33326",Miami,INVH-1319-camellia-cir-weston-fl-33326,3,2.5,2625,3995.0,2026-10-15,18 months,False,,,,,,,,https://www.invitationhomes.com/houses-for-rent/1319-camellia-cir-weston-fl-33326,2026-09-03,2026-09-12,FL,Weston,,,,,1319-camellia-cir-weston-fl-33326
2026-09-12,INVH,Miami,"16203 Opal Creek Dr, Weston, FL, 33331",Miami,INVH-16203-opal-creek-dr-weston-fl-33331,4,2.5,1867,3445.0,2026-09-12,18 months,False,,,,,,,,https://www.invitationhomes.com/houses-for-rent/16203-opal-creek-dr-weston-fl-33331,2026-05-03,2026-09-12,FL,Weston,,,,,16203-opal-creek-dr-weston-fl-33331
2026-09-12,INVH,Miami,"161 E Bayridge Dr, Weston, FL, 33326",Miami,INVH-161-e-bayridge-dr-weston-fl-33326,3,2.0,1814,3890.0,2026-09-12,18 months,False,,,,,,,,https://www.invitationhomes.com/houses-for-rent/161-e-bayridge-dr-weston-fl-33326,2026-08-16,2026-09-12,FL,Weston,,,,,161-e-bayridge-dr-weston-fl-33326
2026-09-12,INVH,Miami,"52 Simonton Cir, Weston, FL, 33326",Miami,INVH-52-simonton-cir-weston-fl-33326,2,2.5,1140,2340.0,2026-09-28,18 months,False,,,,,,,,https://www.invitationhomes.com/houses-for-rent/52-simonton-cir-weston-fl-33326,2026-07-19,2026-09-12,FL,Weston,,,,,52-simonton-cir-weston-fl-33326
2026-09-12,INVH,Miami,"1380 Presidio Dr, Weston, FL, 33327",Miami,INVH-1380-presidio-dr-weston-fl-33327,3,2.0,1662,3645.0,2026-09-12,18 months,False,,,,,,,,https://www.invitationhomes.com/houses-for-rent/1380-presidio-dr-weston-fl-33327,2026-07-19,2026-09-12,FL,Weston,,,,,1380-presidio-dr-weston-fl-33327
2026-09-12,INVH,Miami,"1136 Sorrento Dr, Weston, FL, 33326",Miami,INVH-1136-sorrento-dr-33326-4904,3,2.5,1456,2960.0,2026-09-12,18 months,False,,,,,,,,https://www.invitationhomes.com/houses-for-rent/1136-sorrento-dr-33326-4904,2026-07-19,2026-09-12,FL,Weston,,,,,1136-sorrento-dr-33326-4904
2026-09-12,INVH,Miami,"247 Las Brisas Cir, Sunrise, FL, 33326",Miami,INVH-247-las-brisas-cir-sunrise-fl-33326,3,2.5,1940,3395.0,2026-10-03,18 months,False,,,,,,,,https://www.invitationhomes.com/houses-for-rent/247-las-brisas-cir-sunrise-fl-33326,2026-08-23,2026-09-12,FL,Sunrise,,,,,247-las-brisas-cir-sunrise-fl-33326
2026-09-12,INVH,Miami,"13995 Langley Pl, Davie, FL, 33325",Miami,INVH-13995-langley-pl-davie-fl-33325,3,2.0,1777,3325.0,2026-09-12,18 months,False,,,,,,,,https://www.invitationhomes.com/houses-for-rent/13995-langley-pl-davie-fl-33325,2026-07-19,2026-09-12,FL,Davie,,,,,13995-langley-pl-davie-fl-33325
2026-09-12,INVH,Miami,"2270 NW 139th Ave, Sunrise, FL, 33323",Miami,INVH-2270-nw-139th-ave-33323-7368,3,2.0,2016,3620.0,2026-09-29,18 months,False,,,,,,,,https://www.invitationhomes.com/houses-for-rent/2270-nw-139th-ave-33323-7368,2026-08-02,2026-09-12,FL,Sunrise,,,,,2270-nw-139th-ave-33323-7368
2026-09-12,INVH,Miami,"10900 NW 19th St, Pembroke Pines, FL, 33026",Miami,INVH-10900-nw-19th-st-33026-1235,4,2.0,1877,3995.0,2026-09-12,18 months,False,,,,,,,,https://www.invitationhomes.com/houses-for-rent/10900-nw-19th-st-33026-1235,2026-07-19,2026-09-12,FL,Pembroke Pines,,,,,10900-nw-19th-st-33026-1235
2026-09-12,INVH,Miami,"39 Forest Cir, Hollywood, FL, 33026",Miami,INVH-39-forest-cir-hollywood-fl-33026,3,2.0,1502,3445.0,2026-09-12,18 months,False,,,,,,,,https://www.invitationhomes.com/houses-for-rent/39-forest-cir-hollywood-fl-33026,2026-07-19,2026-09-12,FL,Hollywood,,,,,39-forest-cir-hollywood-fl-33026
2026-09-12,INVH,Tampa,"11295 SW 55th Pl, Cooper City, FL, 33330",Tampa,INVH-11295-sw-55th-pl-cooper-city-fl-33330,3,2.0,1834,3345.0,2026-10-07,18 months,False,,,,,,,,https://www.invitationhomes.com/houses-for-rent/11295-sw-55th-pl-cooper-city-fl-33330,2026-08-02,2026-09-12,FL,Cooper City,,,,,11295-sw-55th-pl-cooper-city-fl-33330
2026-09-12,INVH,Miami,"10841 SW 14th Ct, Davie, FL, 33324",Miami,INVH-10841-sw-14th-ct-davie-fl-33324,3,2.0,1876,3449.0,2026-09-12,18 months,False,,,,,,,,https://www.invitationhomes.com/houses-for-rent/10841-sw-14th-ct-davie-fl-33324,2026-06-14,2026-09-12,FL,Davie,,,,,10841-sw-14th-ct-davie-fl-33324
2026-09-12,INVH,Tampa,"4904 SW 90th Ave, Cooper City, FL, 33328",Tampa,INVH-4904-sw-90th-ave-33328-7128,3,2.0,1907,3430.0,2026-09-12,18 months,False,,,,,,,,https://www.invitationhomes.com/houses-for-rent/4904-sw-90th-ave-33328-7128,2026-07-19,2026-09-12,FL,Cooper City,,,,,4904-sw-90th-ave-33328-7128
2026-09-12,INVH,Miami,"4400 SW 82nd Way, Davie, FL, 33328",Miami,INVH-4400-sw-82nd-way-davie-fl-33328,4,2.5,1792,3495.0,2026-09-14,18 months,False,,,,,,,,https://www.invitationhomes.com/houses-for-rent/4400-sw-82nd-way-davie-fl-33328,2026-09-03,2026-09-12,FL,Davie,,,,,4400-sw-82nd-way-davie-fl-33328
2026-09-12,INVH,Miami,"6460 Grant Ct, Hollywood, FL, 33024",Miami,INVH-6460-grant-ct-hollywood-fl-33024,3,2.0,1410,3095.0,2026-10-01,18 months,False,,,,,,,,https://www.invitationhomes.com/houses-for-rent/6460-grant-ct-hollywood-fl-33024,2026-08-23,2026-09-12,FL,Hollywood,,,,,6460-grant-ct-hollywood-fl-33024
2026-09-12,INVH,Miami,"1920 N 53rd Ave, Hollywood, FL, 33021",Miami,INVH-1920-n-53rd-ave-hollywood-fl-33021,4,2.0,2012,3499.0,2026-09-16,19 months,False,,,,,,,,https://www.invitationhomes.com/houses-for-rent/1920-n-53rd-ave-hollywood-fl-33021,2026-08-02,2026-09-12,FL,Hollywood,,,,,1920-n-53rd-ave-hollywood-fl-33021
2026-09-12,INVH,Miami,"4115 W Park Rd, Hollywood, FL, 33021",Miami,INVH-4115-w-park-rd-hollywood-fl-33021,4,2.0,1704,3195.0,2026-09-12,18 months,False,,,,,,,,https://www.invitationhomes.com/houses-for-rent/4115-w-park-rd-hollywood-fl-33021,2026-08-23,2026-09-12,FL,Hollywood,,,,,4115-w-park-rd-hollywood-fl-33021
2026-09-12,INVH,Miami,"3720 W Park Rd, Hollywood, FL, 33021",Miami,INVH-3720-w-park-rd-33021-8603,3,2.5,2386,3599.0,2026-09-14,19 months,False,,,,,,,,https://www.invitationhomes.com/houses-for-rent/3720-w-park-rd-33021-8603,2026-08-02,2026-09-12,FL,Hollywood,,,,,3720-w-park-rd-33021-8603
2026-09-12,INVH,Miami,"5027 SW 35th Way, Fort Lauderdale, FL, 33312",Miami,INVH-5027-sw-35th-way-fort-lauderdale-fl-33312,3,2.0,1925,3995.0,2026-10-15,18 months,False,,,,,,,,https://www.invitationhomes.com/houses-for-rent/5027-sw-35th-way-fort-lauderdale-fl-33312,2026-09-09,2026-09-12,FL,Fort Lauderdale,,,,,5027-sw-35th-way-fort-lauderdale-fl-33312
2026-09-12,INVH,Miami,"1640 Sw 29 St, Fort Lauderdale, FL, 33315",Miami,INVH-1640-sw-29-st-33315-103312,3,2.0,1356,3465.0,2026-10-19,18 months,False,,,,,,,,https://www.invitationhomes.com/houses-for-rent/1640-sw-29-st-33315-103312,2026-09-06,2026-09-12,FL,Fort Lauderdale,,,,,1640-sw-29-st-33315-103312
2026-09-12,INVH,Miami,"2839 Sw 16 Terr, Fort Lauderdale, FL, 33315",Miami,INVH-2839-sw-16-terr-33315-103164,3,2.0,1356,3095.0,2026-09-12,18 months,False,,,,,,,,https://www.invitationhomes.com/houses-for-rent/2839-sw-16-terr-33315-103164,2026-07-19,2026-09-12,FL,Fort Lauderdale,,,,,2839-sw-16-terr-33315-103164
2026-09-12,INVH,Miami,"1636 Sw 29 St, Fort Lauderdale, FL, 33315",Miami,INVH-1636-sw-29-st-33315-103310,3,2.5,1636,3295.0,2026-09-12,18 months,False,,,,,,,,https://www.invitationhomes.com/houses-for-rent/1636-sw-29-st-33315-103310,2026-07-19,2026-09-12,FL,Fort Lauderdale,,,,,1636-sw-29-st-33315-103310
2026-09-12,INVH,Miami,"2720 SW 15th Ct, Fort Lauderdale, FL, 33312",Miami,INVH-2720-sw-15th-ct-fort-lauderdale-fl-33312,3,2.0,2067,3399.0,2026-09-12,19 months,False,,,,,,,,https://www.invitationhomes.com/houses-for-rent/2720-sw-15th-ct-fort-lauderdale-fl-33312,2026-07-19,2026-09-12,FL,Fort Lauderdale,,,,,2720-sw-15th-ct-fort-lauderdale-fl-33312
2026-09-12,INVH,Miami,"774 Cumberland Ter, Davie, FL, 33325",Miami,INVH-774-cumberland-ter-davie-fl-33325,2,2.0,1360,3145.0,2026-09-24,18 months,False,,,,,,,,https://www.invitationhomes.com/houses-for-rent/774-cumberland-ter-davie-fl-33325,2026-08-10,2026-09-12,FL,Davie,,,,,774-cumberland-ter-davie-fl-33325
2026-09-12,INVH,Miami,"13433 NW 5th Ct, Plantation, FL, 33325",Miami,INVH-13433-nw-5th-ct-plantation-fl-33325,3,2.5,1968,3295.0,2026-10-15,18 months,False,,,,,,,,https://www.invitationhomes.com/houses-for-rent/13433-nw-5th-ct-plantation-fl-33325,2026-09-03,2026-09-12,FL,Plantation,,,,,13433-nw-5th-ct-plantation-fl-33325
2026-09-12,INVH,Miami,"9406 NW 8th Cir, Plantation, FL, 33324",Miami,INVH-9406-nw-8th-cir-33324-7843,3,2.0,2074,3180.0,2026-09-12,18 months,False,,,,,,,,https://www.invitationhomes.com/houses-for-rent/9406-nw-8th-cir-33324-7843,2026-07-19,2026-09-12,FL,Plantation,,,,,9406-nw-8th-cir-33324-7843
2026-09-12,INVH,Miami,"9617 NW 8th Cir, Plantation, FL, 33324",Miami,INVH-9617-nw-8th-cir-plantation-fl-33324,3,2.0,1822,3720.0,2026-10-20,18 months,False,,,,,,,,https://www.invitationhomes.com/houses-for-rent/9617-nw-8th-cir-plantation-fl-33324,2026-09-06,2026-09-12,FL,Plantation,,,,,9617-nw-8th-cir-plantation-fl-33324
2026-09-12,INVH,Miami,"1860 NW 106th Ter, Plantation, FL, 33322",Miami,INVH-1860-nw-106th-ter-plantation-fl-33322,4,3.0,2982,4345.0,2026-10-24,18 months,False,,,,,,,,https://www.invitationhomes.com/houses-for-rent/1860-nw-106th-ter-plantation-fl-33322,2026-09-09,2026-09-12,FL,Plantation,,,,,1860-nw-106th-ter-plantation-fl-33322
2026-09-12,INVH,Miami,"11860 NW 29th Pl, Sunrise, FL, 33323",Miami,INVH-11860-nw-29th-pl-33323-5411,3,2.0,1895,3045.0,2026-09-12,18 months,False,,,,,,,,https://www.invitationhomes.com/houses-for-rent/11860-nw-29th-pl-33323-5411,2026-04-13,2026-09-12,FL,Sunrise,,,,,11860-nw-29th-pl-33323-5411
2026-09-12,INVH,Miami,"3541 NW 115th Ter, Sunrise, FL, 33323",Miami,INVH-3541-nw-115th-ter-sunrise-fl-33323,3,2.0,1414,3290.0,2026-10-25,18 months,False,,,,,,,,https://www.invitationhomes.com/houses-for-rent/3541-nw-115th-ter-sunrise-fl-33323,2026-09-12,2026-09-12,FL,Sunrise,,,,,3541-nw-115th-ter-sunrise-fl-33323
2026-09-12,INVH,Miami,"8981 NW 25th St, Sunrise, FL, 33322",Miami,INVH-8981-nw-25th-st-33322-2643,3,2.0,1569,3445.0,2026-10-27,18 months,False,,,,,,,,https://www.invitationhomes.com/houses-for-rent/8981-nw-25th-st-33322-2643,2026-09-12,2026-09-12,FL,Sunrise,,,,,8981-nw-25th-st-33322-2643
2026-09-12,INVH,Miami,"2630 NW 83rd Ave, Sunrise, FL, 33322",Miami,INVH-2630-nw-83rd-ave-33322-7504,2,2.0,1423,2775.0,2026-09-12,18 months,False,,,,,,,,https://www.invitationhomes.com/houses-for-rent/2630-nw-83rd-ave-33322-7504,2026-04-04,2026-09-12,FL,Sunrise,,,,,2630-nw-83rd-ave-33322-7504
2026-09-12,INVH,Miami,"9350 NW 35th Mnr, Sunrise, FL, 33351",Miami,INVH-9350-nw-35th-mnr-33351-4889,3,2.0,1419,2860.0,2026-09-12,18 months,False,,,,,,,,https://www.invitationhomes.com/houses-for-rent/9350-nw-35th-mnr-33351-4889,2026-08-02,2026-09-12,FL,Sunrise,,,,,9350-nw-35th-mnr-33351-4889
2026-09-12,INVH,Miami,"9316 NW 53rd St, Sunrise, FL, 33351",Miami,INVH-9316-nw-53rd-st-33351-2475,3,2.0,1591,2935.0,2026-09-12,18 months,False,,,,,,,,https://www.invitationhomes.com/houses-for-rent/9316-nw-53rd-st-33351-2475,2026-08-02,2026-09-12,FL,Sunrise,,,,,9316-nw-53rd-st-33351-2475
2026-09-12,INVH,Miami,"410 Florida Ave, Fort Lauderdale, FL, 33312",Miami,INVH-410-florida-ave-33312-3081,3,2.0,1502,2749.0,2026-09-12,18 months,False,,,,,,,,https://www.invitationhomes.com/houses-for-rent/410-florida-ave-33312-3081,2026-07-19,2026-09-12,FL,Fort Lauderdale,,,,,410-florida-ave-33312-3081
2026-09-12,INVH,Miami,"3421 Charleston Blvd, Fort Lauderdale, FL, 33312",Miami,INVH-3421-charleston-blvd-33312-1794,3,2.0,1192,2395.0,2026-09-12,18 months,False,,,,,,,,https://www.invitationhomes.com/houses-for-rent/3421-charleston-blvd-33312-1794,2026-06-14,2026-09-12,FL,Fort Lauderdale,,,,,3421-charleston-blvd-33312-1794
2026-09-12,INVH,Miami,"7010 NW 49th Pl, Lauderhill, FL, 33319",Miami,INVH-7010-nw-49th-pl-lauderhill-fl-33319,2,2.5,1917,3145.0,2026-10-06,18 months,False,,,,,,,,https://www.invitationhomes.com/houses-for-rent/7010-nw-49th-pl-lauderhill-fl-33319,2026-09-03,2026-09-12,FL,Lauderhill,,,,,7010-nw-49th-pl-lauderhill-fl-33319
2026-09-12,INVH,Miami,"2151 NW 30th Ter, Fort Lauderdale, FL, 33311",Miami,INVH-2151-nw-30th-ter-33311-1019,3,2.0,2402,3490.0,2026-09-12,18 months,False,,,,,,,,https://www.invitationhomes.com/houses-for-rent/2151-nw-30th-ter-33311-1019,2026-07-19,2026-09-12,FL,Fort Lauderdale,,,,,2151-nw-30th-ter-33311-1019
2026-09-12,INVH,Miami,"7045 Golf Pointe Cir, Tamarac, FL, 33321",Miami,INVH-7045-golf-pointe-cir-33321-8111,3,2.0,2583,3349.0,2026-09-12,19 months,False,,,,,,,,https://www.invitationhomes.com/houses-for-rent/7045-golf-pointe-cir-33321-8111,2026-05-24,2026-09-12,FL,Tamarac,,,,,7045-golf-pointe-cir-33321-8111
2026-09-12,INVH,Tampa,"11784 NW 1st St, Coral Springs, FL, 33071",Tampa,INVH-11784-nw-1st-st-coral-springs-fl-33071,3,2.0,1814,2995.0,2026-09-12,18 months,False,,,,,,,,https://www.invitationhomes.com/houses-for-rent/11784-nw-1st-st-coral-springs-fl-33071,2026-07-19,2026-09-12,FL,Coral Springs,,,,,11784-nw-1st-st-coral-springs-fl-33071
2026-09-12,INVH,Tampa,"972 NW 127th Ave, Coral Springs, FL, 33071",Tampa,INVH-972-nw-127th-ave-coral-springs-fl-33071,3,2.5,2160,3895.0,2026-10-19,18 months,False,,,,,,,,https://www.invitationhomes.com/houses-for-rent/972-nw-127th-ave-coral-springs-fl-33071,2026-09-06,2026-09-12,FL,Coral Springs,,,,,972-nw-127th-ave-coral-springs-fl-33071
2026-09-12,INVH,Tampa,"12162 NW 23rd Mnr, Coral Springs, FL, 33065",Tampa,INVH-12162-nw-23rd-mnr-coral-springs-fl-33065,3,2.0,2041,2999.0,2026-09-12,19 months,False,,,,,,,,https://www.invitationhomes.com/houses-for-rent/12162-nw-23rd-mnr-coral-springs-fl-33065,2026-07-19,2026-09-12,FL,Coral Springs,,,,,12162-nw-23rd-mnr-coral-springs-fl-33065
2026-09-12,INVH,Tampa,"10374 NW 7th St, Coral Springs, FL, 33071",Tampa,INVH-10374-nw-7th-st-33071-92658,4,2.1,1796,3680.0,2026-10-14,18 months,False,,,,,,,,https://www.invitationhomes.com/houses-for-rent/10374-nw-7th-st-33071-92658,2026-09-03,2026-09-12,FL,Coral Springs,,,,,10374-nw-7th-st-33071-92658
2026-09-12,INVH,Tampa,"1220 NW 89th Dr, Coral Springs, FL, 33071",Tampa,INVH-1220-nw-89th-dr-coral-springs-fl-33071,4,2.0,1573,3295.0,2026-09-12,18 months,False,,,,,,,,https://www.invitationhomes.com/houses-for-rent/1220-nw-89th-dr-coral-springs-fl-33071,2026-06-09,2026-09-12,FL,Coral Springs,,,,,1220-nw-89th-dr-coral-springs-fl-33071
2026-09-12,INVH,Tampa,"1662 NW 97th Ave, Coral Springs, FL, 33071",Tampa,INVH-1662-nw-97th-ave-coral-springs-fl-33071,4,2.0,1953,3395.0,2026-09-12,18 months,False,,,,,,,,https://www.invitationhomes.com/houses-for-rent/1662-nw-97th-ave-coral-springs-fl-33071,2026-07-19,2026-09-12,FL,Coral Springs,,,,,1662-nw-97th-ave-coral-springs-fl-33071
2026-09-12,INVH,Tampa,"11600 NW 27th Ct #2, Coral Springs, FL, 33065",Tampa,INVH-11600-nw-27th-ct-unit-2-33065-3190,3,2.0,1878,3215.0,2026-09-23,18 months,False,,,,,,,,https://www.invitationhomes.com/houses-for-rent/11600-nw-27th-ct-unit-2-33065-3190,2026-09-09,2026-09-12,FL,Coral Springs,,,,,11600-nw-27th-ct-unit-2-33065-3190
2026-09-12,INVH,Tampa,"10851 NW 32nd Ct, Coral Springs, FL, 33065",Tampa,INVH-10851-nw-32nd-ct-coral-springs-fl-33065,5,2.5,2343,4195.0,2026-10-17,18 months,False,,,,,,,,https://www.invitationhomes.com/houses-for-rent/10851-nw-32nd-ct-coral-springs-fl-33065,2026-09-03,2026-09-12,FL,Coral Springs,,,,,10851-nw-32nd-ct-coral-springs-fl-33065
2026-09-12,INVH,Tampa,"10821 NW 33rd St, Coral Springs, FL, 33065",Tampa,INVH-10821-nw-33rd-st-33065-8255,4,2.0,2227,3875.0,2026-09-12,18 months,False,,,,,,,,https://www.invitationhomes.com/houses-for-rent/10821-nw-33rd-st-33065-8255,2026-07-19,2026-09-12,FL,Coral Springs,,,,,10821-nw-33rd-st-33065-8255
2026-09-12,INVH,Tampa,"11151 NW 36th Ct, Coral Springs, FL, 33065",Tampa,INVH-11151-nw-36th-ct-33065-9125,3,2.0,2608,3595.0,2026-09-18,18 months,False,,,,,,,,https://www.invitationhomes.com/houses-for-rent/11151-nw-36th-ct-33065-9125,2026-09-06,2026-09-12,FL,Coral Springs,,,,,11151-nw-36th-ct-33065-9125
2026-09-12,INVH,Tampa,"10535 NW 37th St, Coral Springs, FL, 33065",Tampa,INVH-10535-nw-37th-st-33065-3621,4,2.0,2247,3695.0,2026-10-01,18 months,False,,,,,,,,https://www.invitationhomes.com/houses-for-rent/10535-nw-37th-st-33065-3621,2026-08-23,2026-09-12,FL,Coral Springs,,,,,10535-nw-37th-st-33065-3621
2026-09-12,INVH,Miami,"6525 NW 54th Ct, Lauderhill, FL, 33319",Miami,INVH-6525-nw-54th-ct-lauderhill-fl-33319,3,2.0,2540,3295.0,2026-10-13,18 months,False,,,,,,,,https://www.invitationhomes.com/houses-for-rent/6525-nw-54th-ct-lauderhill-fl-33319,2026-09-09,2026-09-12,FL,Lauderhill,,,,,6525-nw-54th-ct-lauderhill-fl-33319
2026-09-12,INVH,Miami,"6602 Pebble Bch, North Lauderdale, FL, 33068",Miami,INVH-6602-pebble-beach-bl-33068-2552,4,2.0,1518,3035.0,2026-09-12,18 months,False,,,,,,,,https://www.invitationhomes.com/houses-for-rent/6602-pebble-beach-bl-33068-2552,2026-08-23,2026-09-12,FL,North Lauderdale,,,,,6602-pebble-beach-bl-33068-2552
2026-09-12,INVH,Miami,"6778 NW 3rd St, Margate, FL, 33063",Miami,INVH-6778-nw-3rd-st-33063-9324,3,2.0,1942,3260.0,2026-09-12,18 months,False,,,,,,,,https://www.invitationhomes.com/houses-for-rent/6778-nw-3rd-st-33063-9324,2026-08-16,2026-09-12,FL,Margate,,,,,6778-nw-3rd-st-33063-9324
2026-09-12,INVH,Tampa,"8500 NW 18th Pl, Coral Springs, FL, 33071",Tampa,INVH-8500-nw-18th-pl-coral-springs-fl-33071,3,2.0,1928,3899.0,2026-09-12,18 months,False,,,,,,,,https://www.invitationhomes.com/houses-for-rent/8500-nw-18th-pl-coral-springs-fl-33071,2026-08-16,2026-09-12,FL,Coral Springs,,,,,8500-nw-18th-pl-coral-springs-fl-33071
2026-09-12,INVH,Miami,"7721 NW 23rd St, Margate, FL, 33063",Miami,INVH-7721-nw-23rd-st-margate-fl-33063,4,2.0,2050,3345.0,2026-10-06,18 months,False,,,,,,,,https://www.invitationhomes.com/houses-for-rent/7721-nw-23rd-st-margate-fl-33063,2026-08-23,2026-09-12,FL,Margate,,,,,7721-nw-23rd-st-margate-fl-33063
2026-09-12,INVH,Miami,"2855 NW 69th Ter, Margate, FL, 33063",Miami,INVH-2855-nw-69th-ter-margate-fl-33063,3,2.0,1703,3065.0,2026-09-12,18 months,False,,,,,,,,https://www.invitationhomes.com/houses-for-rent/2855-nw-69th-ter-margate-fl-33063,2026-07-19,2026-09-12,FL,Margate,,,,,2855-nw-69th-ter-margate-fl-33063
2026-09-12,INVH,Miami,"6750 Saltaire Ter, Margate, FL, 33063",Miami,INVH-6750-saltaire-ter-margate-fl-33063,4,3.0,2098,3395.0,2026-10-05,18 months,False,,,,,,,,https://www.invitationhomes.com/houses-for-rent/6750-saltaire-ter-margate-fl-33063,2026-08-23,2026-09-12,FL,Margate,,,,,6750-saltaire-ter-margate-fl-33063
2026-09-12,INVH,Tampa,"5821 NW 122nd Way, Coral Springs, FL, 33076",Tampa,INVH-5821-nw-122nd-way-coral-springs-fl-33076,3,3.0,2169,4130.0,2026-09-14,18 months,False,,,,,,,,https://www.invitationhomes.com/houses-for-rent/5821-nw-122nd-way-coral-springs-fl-33076,2026-08-16,2026-09-12,FL,Coral Springs,,,,,5821-nw-122nd-way-coral-springs-fl-33076
2026-09-12,INVH,Tampa,"11090 Glenwood Dr, Coral Springs, FL, 33065",Tampa,INVH-11090-glenwood-dr-33065-9675,4,2.0,2428,3695.0,2026-09-29,18 months,False,,,,,,,,https://www.invitationhomes.com/houses-for-rent/11090-glenwood-dr-33065-9675,2026-04-04,2026-09-12,FL,Coral Springs,,,,,11090-glenwood-dr-33065-9675
2026-09-12,INVH,Tampa,"5514 NW 106th Dr, Coral Springs, FL, 33076",Tampa,INVH-5514-nw-106th-dr-coral-springs-fl-33076,3,2.0,2243,3895.0,2026-09-30,18 months,False,,,,,,,,https://www.invitationhomes.com/houses-for-rent/5514-nw-106th-dr-coral-springs-fl-33076,2026-08-16,2026-09-12,FL,Coral Springs,,,,,5514-nw-106th-dr-coral-springs-fl-33076
2026-09-12,INVH,Tampa,"10320 NW 48th Ct, Coral Springs, FL, 33076",Tampa,INVH-10320-nw-48th-ct-coral-springs-fl-33076,3,2.0,1764,3570.0,2026-09-12,18 months,False,,,,,,,,https://www.invitationhomes.com/houses-for-rent/10320-nw-48th-ct-coral-springs-fl-33076,2026-07-19,2026-09-12,FL,Coral Springs,,,,,10320-nw-48th-ct-coral-springs-fl-33076
2026-09-12,INVH,Tampa,"8556 NW 57th Dr, Coral Springs, FL, 33067",Tampa,INVH-8556-nw-57th-dr-33067-5709,4,3.0,2663,4335.0,2026-09-12,18 months,False,,,,,,,,https://www.invitationhomes.com/houses-for-rent/8556-nw-57th-dr-33067-5709,2026-07-19,2026-09-12,FL,Coral Springs,,,,,8556-nw-57th-dr-33067-5709
2026-09-12,INVH,Tampa,"6625 NW 48th Mnr, Coral Springs, FL, 33067",Tampa,INVH-6625-nw-48th-mnr-coral-springs-fl-33067,3,2.0,1706,3860.0,2026-10-19,18 months,False,,,,,,,,https://www.invitationhomes.com/houses-for-rent/6625-nw-48th-mnr-coral-springs-fl-33067,2026-09-06,2026-09-12,FL,Coral Springs,,,,,6625-nw-48th-mnr-coral-springs-fl-33067
2026-09-12,INVH,Tampa,"5463 Nw 58Th Ter, Coral Springs, FL, 33067",Tampa,INVH-5463-nw-58th-ter-coral-springs-fl-33067,4,2.0,2020,4095.0,2026-09-21,18 months,False,,,,,,,,https://www.invitationhomes.com/houses-for-rent/5463-nw-58th-ter-coral-springs-fl-33067,2026-08-10,2026-09-12,FL,Coral Springs,,,,,5463-nw-58th-ter-coral-springs-fl-33067
2026-09-12,INVH,Miami,"4937 NW 55th Blvd, Coconut Creek, FL, 33073",Miami,INVH-4937-nw-55th-blvd-coconut-creek-fl-33073,5,2.5,2220,4049.0,2026-09-12,18 months,False,,,,,,,,https://www.invitationhomes.com/houses-for-rent/4937-nw-55th-blvd-coconut-creek-fl-33073,2026-09-03,2026-09-12,FL,Coconut Creek,,,,,4937-nw-55th-blvd-coconut-creek-fl-33073
2026-09-12,INVH,Miami,"5215 NW 51st Ct, Coconut Creek, FL, 33073",Miami,INVH-5215-nw-51st-ct-33073-5893,4,3.0,2536,3745.0,2026-09-12,18 months,False,,,,,,,,https://www.invitationhomes.com/houses-for-rent/5215-nw-51st-ct-33073-5893,2026-06-09,2026-09-12,FL,Coconut Creek,,,,,5215-nw-51st-ct-33073-5893
2026-09-12,INVH,Miami,"5311 NW 49th Ave, Coconut Creek, FL, 33073",Miami,INVH-5311-nw-49th-ave-coconut-creek-fl-33073,3,2.0,1602,3335.0,2026-09-28,18 months,False,,,,,,,,https://www.invitationhomes.com/houses-for-rent/5311-nw-49th-ave-coconut-creek-fl-33073,2026-08-16,2026-09-12,FL,Coconut Creek,,,,,5311-nw-49th-ave-coconut-creek-fl-33073
2026-09-12,INVH,Miami,"5143 Heron Ct, Coconut Creek, FL, 33073",Miami,INVH-5143-heron-ct-coconut-creek-fl-33073,4,2.5,2110,3485.0,2026-09-12,18 months,False,,,,,,,,https://www.invitationhomes.com/houses-for-rent/5143-heron-ct-coconut-creek-fl-33073,2026-07-19,2026-09-12,FL,Coconut Creek,,,,,5143-heron-ct-coconut-creek-fl-33073
2026-09-12,INVH,Miami,"4916 Pelican St, Coconut Creek, FL, 33073",Miami,INVH-4916-pelican-st-coconut-creek-fl-33073,3,2.5,1926,3775.0,2026-10-15,18 months,False,,,,,,,,https://www.invitationhomes.com/houses-for-rent/4916-pelican-st-coconut-creek-fl-33073,2026-09-03,2026-09-12,FL,Coconut Creek,,,,,4916-pelican-st-coconut-creek-fl-33073
2026-09-12,INVH,Miami,"3944 NW 2nd Ct, Deerfield Beach, FL, 33442",Miami,INVH-3944-nw-2nd-ct-33442-6862,3,2.0,1726,2899.0,2026-09-12,19 months,False,,,,,,,,https://www.invitationhomes.com/houses-for-rent/3944-nw-2nd-ct-33442-6862,2026-08-02,2026-09-12,FL,Deerfield Beach,,,,,3944-nw-2nd-ct-33442-6862
2026-09-12,INVH,Tampa,"7735 NW 63rd Way, Parkland, FL, 33067",Tampa,INVH-7735-nw-63rd-way-33067-5469,3,2.0,2363,3995.0,2026-10-09,18 months,False,,,,,,,,https://www.invitationhomes.com/houses-for-rent/7735-nw-63rd-way-33067-5469,2026-09-03,2026-09-12,FL,Parkland,,,,,7735-nw-63rd-way-33067-5469
2026-09-12,INVH,Miami,"10656 Shady Pond Ln, Boca Raton, FL, 33428",Miami,INVH-10656-shady-pond-ln-33428-6308,3,2.0,1408,3149.0,2026-09-12,19 months,False,,,,,,,,https://www.invitationhomes.com/houses-for-rent/10656-shady-pond-ln-33428-6308,2026-07-19,2026-09-12,FL,Boca Raton,,,,,10656-shady-pond-ln-33428-6308
2026-09-12,INVH,Miami,"11123 Landsman St, Boca Raton, FL, 33428",Miami,INVH-11123-landsman-st-boca-raton-fl-33428,2,2.0,1180,2745.0,2026-10-05,18 months,False,,,,,,,,https://www.invitationhomes.com/houses-for-rent/11123-landsman-st-boca-raton-fl-33428,2026-08-23,2026-09-12,FL,Boca Raton,,,,,11123-landsman-st-boca-raton-fl-33428
2026-09-12,INVH,Miami,"10364 Sunstream Ln, Boca Raton, FL, 33428",Miami,INVH-10364-sunstream-ln-boca-raton-fl-33428,3,2.5,2175,3595.0,2026-09-26,18 months,False,,,,,,,,https://www.invitationhomes.com/houses-for-rent/10364-sunstream-ln-boca-raton-fl-33428,2026-08-16,2026-09-12,FL,Boca Raton,,,,,10364-sunstream-ln-boca-raton-fl-33428
2026-09-12,INVH,Miami,"21290 Purple Sage Ln, Boca Raton, FL, 33428",Miami,INVH-21290-purple-sage-ln-boca-raton-fl-33428,4,2.0,1619,3670.0,2026-09-12,18 months,False,,,,,,,,https://www.invitationhomes.com/houses-for-rent/21290-purple-sage-ln-boca-raton-fl-33428,2026-06-09,2026-09-12,FL,Boca Raton,,,,,21290-purple-sage-ln-boca-raton-fl-33428
2026-09-12,INVH,Miami,"11146 Harbour Springs Cir, Boca Raton, FL, 33428",Miami,INVH-11146-harbour-springs-cir-boca-raton-fl-33428,3,2.0,1931,3695.0,2026-10-20,18 months,False,,,,,,,,https://www.invitationhomes.com/houses-for-rent/11146-harbour-springs-cir-boca-raton-fl-33428,2026-09-06,2026-09-12,FL,Boca Raton,,,,,11146-harbour-springs-cir-boca-raton-fl-33428
2026-09-12,INVH,Miami,"576 NW 48th Ave, Deerfield Beach, FL, 33442",Miami,INVH-576-nw-48th-ave-33442-6624,3,2.0,1707,3299.0,2026-09-12,19 months,False,,,,,,,,https://www.invitationhomes.com/houses-for-rent/576-nw-48th-ave-33442-6624,2026-08-02,2026-09-12,FL,Deerfield Beach,,,,,576-nw-48th-ave-33442-6624
2026-09-12,INVH,Miami,"575 NW 47th Ter, Deerfield Beach, FL, 33442",Miami,INVH-575-nw-47th-ter-deerfield-beach-fl-33442,3,2.0,2062,3695.0,2026-09-12,18 months,False,,,,,,,,https://www.invitationhomes.com/houses-for-rent/575-nw-47th-ter-deerfield-beach-fl-33442,2026-08-23,2026-09-12,FL,Deerfield Beach,,,,,575-nw-47th-ter-deerfield-beach-fl-33442
2026-09-12,INVH,Miami,"7789 Courtyard Run W, Boca Raton, FL, 33433",Miami,INVH-7789-courtyard-run-w-boca-raton-fl-33433,3,2.5,1449,2895.0,2026-09-25,24 months,False,,,,,,,,https://www.invitationhomes.com/houses-for-rent/7789-courtyard-run-w-boca-raton-fl-33433,2026-04-04,2026-09-12,FL,Boca Raton,,,,,7789-courtyard-run-w-boca-raton-fl-33433
2026-09-12,INVH,Miami,"9684 Tavernier Dr, Boca Raton, FL, 33496",Miami,INVH-9684-tavernier-dr-33496-9897,4,3.0,2447,4090.0,2026-09-21,18 months,False,,,,,,,,https://www.invitationhomes.com/houses-for-rent/9684-tavernier-dr-33496-9897,2026-08-02,2026-09-12,FL,Boca Raton,,,,,9684-tavernier-dr-33496-9897
2026-09-12,INVH,Miami,"9474 Aegean Dr, Boca Raton, FL, 33496",Miami,INVH-9474-aegean-dr-33496-7798,3,2.0,1402,3195.0,2026-10-15,18 months,False,,,,,,,,https://www.invitationhomes.com/houses-for-rent/9474-aegean-dr-33496-7798,2026-09-03,2026-09-12,FL,Boca Raton,,,,,9474-aegean-dr-33496-7798
2026-09-12,INVH,Miami,"9422 Saddlebrook Dr, Boca Raton, FL, 33496",Miami,INVH-9422-saddlebrook-dr-33496-9942,3,2.0,1452,3545.0,2026-10-09,18 months,False,,,,,,,,https://www.invitationhomes.com/houses-for-rent/9422-saddlebrook-dr-33496-9942,2026-09-03,2026-09-12,FL,Boca Raton,,,,,9422-saddlebrook-dr-33496-9942
2026-09-12,INVH,Tampa,"7866 Jewelwood Dr, Boynton Beach, FL, 33437",Tampa,INVH-7866-jewelwood-dr-boynton-beach-fl-33437,4,3.0,2008,3325.0,2026-09-12,24 months,False,,,,,,,,https://www.invitationhomes.com/houses-for-rent/7866-jewelwood-dr-boynton-beach-fl-33437,2026-07-19,2026-09-12,FL,Boynton Beach,,,,,7866-jewelwood-dr-boynton-beach-fl-33437
2026-09-12,INVH,Tampa,"7901 Lakewood Cove Ct, Lake Worth, FL, 33467",Tampa,INVH-7901-lakewood-cove-ct-33467-8825,3,2.5,1994,3099.0,2026-09-12,19 months,False,,,,,,,,https://www.invitationhomes.com/houses-for-rent/7901-lakewood-cove-ct-33467-8825,2026-07-19,2026-09-12,FL,Lake Worth,,,,,7901-lakewood-cove-ct-33467-8825
2026-09-12,INVH,Tampa,"7729 Cedar Hurst Ct, Lake Worth, FL, 33467",Tampa,INVH-7729-cedar-hurst-ct-lake-worth-fl-33467,4,3.0,2619,3475.0,2026-09-12,18 months,False,,,,,,,,https://www.invitationhomes.com/houses-for-rent/7729-cedar-hurst-ct-lake-worth-fl-33467,2026-07-19,2026-09-12,FL,Lake Worth,,,,,7729-cedar-hurst-ct-lake-worth-fl-33467
2026-09-12,INVH,Tampa,"7843 Nautique Ct, Lake Worth, FL, 33467",Tampa,INVH-7843-nautique-ct-lake-worth-fl-33467,4,2.0,1888,3099.0,2026-09-12,19 months,False,,,,,,,,https://www.invitationhomes.com/houses-for-rent/7843-nautique-ct-lake-worth-fl-33467,2026-07-19,2026-09-12,FL,Lake Worth,,,,,7843-nautique-ct-lake-worth-fl-33467
2026-09-12,INVH,Tampa,"7171 Saratoga Waters Way, Lake Worth, FL, 33467",Tampa,INVH-7171-saratoga-waters-way-lake-worth-fl-33467,4,3.0,2103,3630.0,2026-10-15,18 months,False,,,,,,,,https://www.invitationhomes.com/houses-for-rent/7171-saratoga-waters-way-lake-worth-fl-33467,2026-09-03,2026-09-12,FL,Lake Worth,,,,,7171-saratoga-waters-way-lake-worth-fl-33467
2026-09-12,INVH,Tampa,"7265 Shell Ridge Ter, Lake Worth, FL, 33467",Tampa,INVH-7265-shell-ridge-ter-lake-worth-fl-33467,3,2.0,2344,3245.0,2026-09-12,18 months,False,,,,,,,,https://www.invitationhomes.com/houses-for-rent/7265-shell-ridge-ter-lake-worth-fl-33467,2026-06-09,2026-09-12,FL,Lake Worth,,,,,7265-shell-ridge-ter-lake-worth-fl-33467
2026-09-12,INVH,Tampa,"10415 Little Mustang Way, Lake Worth, FL, 33449",Tampa,INVH-10415-little-mustang-way-lake-worth-fl-33449,4,2.5,1906,3635.0,2026-10-15,18 months,False,,,,,,,,https://www.invitationhomes.com/houses-for-rent/10415-little-mustang-way-lake-worth-fl-33449,2026-09-03,2026-09-12,FL,Lake Worth,,,,,10415-little-mustang-way-lake-worth-fl-33449
2026-09-12,INVH,Tampa,"1511 Primrose Ln, Wellington, FL, 33414",Tampa,INVH-1511-primrose-ln-33414-8774,4,2.0,1963,3940.0,2026-10-15,18 months,False,,,,,,,,https://www.invitationhomes.com/houses-for-rent/1511-primrose-ln-33414-8774,2026-09-03,2026-09-12,FL,Wellington,,,,,1511-primrose-ln-33414-8774
2026-09-12,INVH,Tampa,"1566 Hollyhock Rd, Wellington, FL, 33414",Tampa,INVH-1566-hollyhock-rd-33414-1120,4,2.0,2545,3895.0,2026-09-12,18 months,False,,,,,,,,https://www.invitationhomes.com/houses-for-rent/1566-hollyhock-rd-33414-1120,2026-08-02,2026-09-12,FL,Wellington,,,,,1566-hollyhock-rd-33414-1120
2026-09-12,INVH,Tampa,"696 Blueberry Dr, Wellington, FL, 33414",Tampa,INVH-696-blueberry-dr-wellington-fl-33414,3,2.0,2002,3749.0,2026-09-21,18 months,False,,,,,,,,https://www.invitationhomes.com/houses-for-rent/696-blueberry-dr-wellington-fl-33414,2026-04-04,2026-09-12,FL,Wellington,,,,,696-blueberry-dr-wellington-fl-33414
2026-09-12,INVH,Tampa,"14369 Blackberry Dr, Wellington, FL, 33414",Tampa,INVH-14369-blackberry-dr-wellington-fl-33414,4,2.5,2224,4210.0,2026-10-15,18 months,False,,,,,,,,https://www.invitationhomes.com/houses-for-rent/14369-blackberry-dr-wellington-fl-33414,2026-09-03,2026-09-12,FL,Wellington,,,,,14369-blackberry-dr-wellington-fl-33414
2026-09-12,INVH,Tampa,"1702 Pierside Cir, Wellington, FL, 33414",Tampa,INVH-1702-pierside-cir-wellington-fl-33414,3,2.0,1220,2835.0,2026-09-12,18 months,False,,,,,,,,https://www.invitationhomes.com/houses-for-rent/1702-pierside-cir-wellington-fl-33414,2026-08-23,2026-09-12,FL,Wellington,,,,,1702-pierside-cir-wellington-fl-33414
2026-09-12,INVH,Tampa,"12841 Meadowbreeze Dr, Wellington, FL, 33414",Tampa,INVH-12841-meadowbreeze-dr-33414-5843,3,2.0,1806,2975.0,2026-09-12,18 months,False,,,,,,,,https://www.invitationhomes.com/houses-for-rent/12841-meadowbreeze-dr-33414-5843,2026-08-02,2026-09-12,FL,Wellington,,,,,12841-meadowbreeze-dr-33414-5843
2026-09-12,INVH,Tampa,"13598 Jonquil Pl, Wellington, FL, 33414",Tampa,INVH-13598-jonquil-pl-33414-93330,4,2.0,2185,3895.0,2026-09-25,18 months,False,,,,,,,,https://www.invitationhomes.com/houses-for-rent/13598-jonquil-pl-33414-93330,2026-08-16,2026-09-12,FL,Wellington,,,,,13598-jonquil-pl-33414-93330
2026-09-12,INVH,Tampa,"838 Ivy Dr, Wellington, FL, 33414",Tampa,INVH-838-ivy-dr-wellington-fl-33414,3,2.0,2121,3595.0,2026-10-14,18 months,False,,,,,,,,https://www.invitationhomes.com/houses-for-rent/838-ivy-dr-wellington-fl-33414,2026-09-03,2026-09-12,FL,Wellington,,,,,838-ivy-dr-wellington-fl-33414
2026-09-12,INVH,Tampa,"13283 Blue Diamond Pl, Wellington, FL, 33414",Tampa,INVH-13283-blue-diamond-pl-wellington-fl-33414,3,2.0,1647,3349.0,2026-09-18,19 months,False,,,,,,,,https://www.invitationhomes.com/houses-for-rent/13283-blue-diamond-pl-wellington-fl-33414,2026-08-10,2026-09-12,FL,Wellington,,,,,13283-blue-diamond-pl-wellington-fl-33414
2026-09-12,INVH,Tampa,"2991 Shaughnessy Dr, Wellington, FL, 33414",Tampa,INVH-2991-shaughnessy-dr-33414-7601,5,2.5,2945,3495.0,2026-10-15,18 months,False,,,,,,,,https://www.invitationhomes.com/houses-for-rent/2991-shaughnessy-dr-33414-7601,2026-09-03,2026-09-12,FL,Wellington,,,,,2991-shaughnessy-dr-33414-7601
2026-09-12,INVH,Tampa,"12190 Brisbane Ln, Wellington, FL, 33414",Tampa,INVH-12190-brisbane-ln-wellington-fl-33414,3,2.5,1592,2785.0,2026-09-12,18 months,False,,,,,,,,https://www.invitationhomes.com/houses-for-rent/12190-brisbane-ln-wellington-fl-33414,2026-06-09,2026-09-12,FL,Wellington,,,,,12190-brisbane-ln-wellington-fl-33414
2026-09-12,INVH,Tampa,"1170 Widgeon Rd, Wellington, FL, 33414",Tampa,INVH-1170-widgeon-rd-33414-6365,3,2.0,1602,3220.0,2026-10-14,18 months,False,,,,,,,,https://www.invitationhomes.com/houses-for-rent/1170-widgeon-rd-33414-6365,2026-09-06,2026-09-12,FL,Wellington,,,,,1170-widgeon-rd-33414-6365
2026-09-12,INVH,Tampa,"10469 Galleria St, Wellington, FL, 33414",Tampa,INVH-10469-galleria-st-wellington-fl-33414,3,2.1,2147,2995.0,2026-09-26,18 months,False,,,,,,,,https://www.invitationhomes.com/houses-for-rent/10469-galleria-st-wellington-fl-33414,2026-08-16,2026-09-12,FL,Wellington,,,,,10469-galleria-st-wellington-fl-33414
2026-09-12,INVH,Tampa,"11674 Oleander Dr, Royal Palm Beach, FL, 33411",Tampa,INVH-11674-oleander-dr-33411-9445,3,2.0,1477,2460.0,2026-09-12,18 months,False,,,,,,,,https://www.invitationhomes.com/houses-for-rent/11674-oleander-dr-33411-9445,2026-08-10,2026-09-12,FL,Royal Palm Beach,,,,,11674-oleander-dr-33411-9445
2026-09-12,INVH,Tampa,"859 Camellia Dr, Royal Palm Beach, FL, 33411",Tampa,INVH-859-camellia-dr-33411-7555,2,2.0,1421,2595.0,2026-10-12,18 months,False,,,,,,,,https://www.invitationhomes.com/houses-for-rent/859-camellia-dr-33411-7555,2026-09-03,2026-09-12,FL,Royal Palm Beach,,,,,859-camellia-dr-33411-7555
2026-09-12,INVH,Tampa,"1040 Grandview Cir, Royal Palm Beach, FL, 33411",Tampa,INVH-1040-grandview-cir-33411-7088,3,2.0,1622,2895.0,2026-10-01,18 months,False,,,,,,,,https://www.invitationhomes.com/houses-for-rent/1040-grandview-cir-33411-7088,2026-05-03,2026-09-12,FL,Royal Palm Beach,,,,,1040-grandview-cir-33411-7088
2026-09-12,INVH,Tampa,"1110 Concert Way, Royal Palm Beach, FL, 33411",Tampa,INVH-1110-concert-way-33411-5055,3,2.0,1160,2535.0,2026-10-15,18 months,False,,,,,,,,https://www.invitationhomes.com/houses-for-rent/1110-concert-way-33411-5055,2026-09-03,2026-09-12,FL,Royal Palm Beach,,,,,1110-concert-way-33411-5055
2026-09-12,INVH,Tampa,"130 Prestige Dr, Royal Palm Beach, FL, 33411",Tampa,INVH-130-prestige-dr-33411-2167,4,2.5,1673,2960.0,2026-09-12,18 months,False,,,,,,,,https://www.invitationhomes.com/houses-for-rent/130-prestige-dr-33411-2167,2026-07-19,2026-09-12,FL,Royal Palm Beach,,,,,130-prestige-dr-33411-2167
2026-09-12,INVH,Tampa,"1371 Denlow Ln, Royal Palm Beach, FL, 33411",Tampa,INVH-1371-denlow-ln-33411-1881,3,2.0,1564,2849.0,2026-09-12,19 months,False,,,,,,,,https://www.invitationhomes.com/houses-for-rent/1371-denlow-ln-33411-1881,2026-08-16,2026-09-12,FL,Royal Palm Beach,,,,,1371-denlow-ln-33411-1881
2026-09-12,INVH,Tampa,"151 Heron Pkwy, West Palm Beach, FL, 33411",Tampa,INVH-151-heron-pkwy-33411-6771,4,3.0,2603,3599.0,2026-09-23,18 months,False,,,,,,,,https://www.invitationhomes.com/houses-for-rent/151-heron-pkwy-33411-6771,2026-08-10,2026-09-12,FL,West Palm Beach,,,,,151-heron-pkwy-33411-6771
2026-09-12,INVH,Tampa,"116 La Mancha Ave, Royal Palm Beach, FL, 33411",Tampa,INVH-116-la-mancha-ave-royal-palm-beach-fl-33411,3,2.0,1768,3215.0,2026-09-26,18 months,False,,,,,,,,https://www.invitationhomes.com/houses-for-rent/116-la-mancha-ave-royal-palm-beach-fl-33411,2026-08-16,2026-09-12,FL,Royal Palm Beach,,,,,116-la-mancha-ave-royal-palm-beach-fl-33411
2026-09-12,INVH,Tampa,"8542 Water Cay, West Palm Beach, FL, 33411",Tampa,INVH-8542-water-cay-west-palm-beach-fl-33411,3,2.0,1427,2675.0,2026-09-12,24 months,False,,,,,,,,https://www.invitationhomes.com/houses-for-rent/8542-water-cay-west-palm-beach-fl-33411,2026-08-02,2026-09-12,FL,West Palm Beach,,,,,8542-water-cay-west-palm-beach-fl-33411
2026-09-12,INVH,Tampa,"2209 Allen Creek Rd, West Palm Beach, FL, 33411",Tampa,INVH-2209-allen-creek-rd-west-palm-beach-fl-33411,3,2.0,1711,2895.0,2026-10-15,18 months,False,,,,,,,,https://www.invitationhomes.com/houses-for-rent/2209-allen-creek-rd-west-palm-beach-fl-33411,2026-09-03,2026-09-12,FL,West Palm Beach,,,,,2209-allen-creek-rd-west-palm-beach-fl-33411
2026-09-12,INVH,Miami,"206 SE Park St, Dania, FL, 33004",Miami,INVH-206-se-park-st-dania-fl-33004,3,2.0,1468,3245.0,2026-10-08,18 months,False,,,,,,,,https://www.invitationhomes.com/houses-for-rent/206-se-park-st-dania-fl-33004,2026-09-03,2026-09-12,FL,Dania,,,,,206-se-park-st-dania-fl-33004
2026-09-12,INVH,Miami,"550 NE 15th Ct, Fort Lauderdale, FL, 33304",Miami,INVH-550-ne-15th-ct-fort-lauderdale-fl-33304,3,2.0,2300,3995.0,2026-10-04,18 months,False,,,,,,,,https://www.invitationhomes.com/houses-for-rent/550-ne-15th-ct-fort-lauderdale-fl-33304,2026-09-03,2026-09-12,FL,Fort Lauderdale,,,,,550-ne-15th-ct-fort-lauderdale-fl-33304
2026-09-12,INVH,Miami,"5881 NE 21st Rd, Fort Lauderdale, FL, 33308",Miami,INVH-5881-ne-21st-rd-fort-lauderdale-fl-33308,3,2.0,1681,3549.0,2026-09-12,18 months,False,,,,,,,,https://www.invitationhomes.com/houses-for-rent/5881-ne-21st-rd-fort-lauderdale-fl-33308,2026-08-02,2026-09-12,FL,Fort Lauderdale,,,,,5881-ne-21st-rd-fort-lauderdale-fl-33308
2026-09-12,INVH,Miami,"1837 NW 3rd St, Pompano Beach, FL, 33069",Miami,INVH-1837-nw-3rd-st-33069-2018,4,2.5,2394,4085.0,2026-09-25,18 months,False,,,,,,,,https://www.invitationhomes.com/houses-for-rent/1837-nw-3rd-st-33069-2018,2026-09-03,2026-09-12,FL,Pompano Beach,,,,,1837-nw-3rd-st-33069-2018
2026-09-12,INVH,Miami,"167 SW 7th Ct, Pompano Beach, FL, 33060",Miami,INVH-167-sw-7th-ct-33060-8276,3,2.0,1390,2895.0,2026-09-12,18 months,False,,,,,,,,https://www.invitationhomes.com/houses-for-rent/167-sw-7th-ct-33060-8276,2026-07-19,2026-09-12,FL,Pompano Beach,,,,,167-sw-7th-ct-33060-8276
2026-09-12,INVH,Miami,"608 Nw 19Th St, Pompano Beach, FL, 33060",Miami,INVH-608-nw-19th-st-33060-103145,5,2.0,1318,3185.0,2026-09-18,18 months,False,,,,,,,,https://www.invitationhomes.com/houses-for-rent/608-nw-19th-st-33060-103145,2026-08-16,2026-09-12,FL,Pompano Beach,,,,,608-nw-19th-st-33060-103145
2026-09-12,INVH,Miami,"2065 Discovery Cir E, Deerfield Beach, FL, 33442",Miami,INVH-2065-discovery-cir-e-deerfield-beach-fl-33442,2,2.0,1514,2795.0,2026-10-11,18 months,False,,,,,,,,https://www.invitationhomes.com/houses-for-rent/2065-discovery-cir-e-deerfield-beach-fl-33442,2026-09-03,2026-09-12,FL,Deerfield Beach,,,,,2065-discovery-cir-e-deerfield-beach-fl-33442
2026-09-12,INVH,Miami,"1153 SW 25th Ave, Deerfield Beach, FL, 33442",Miami,INVH-1153-sw-25th-ave-deerfield-beach-fl-33442,3,2.0,1929,3249.0,2026-09-12,18 months,False,,,,,,,,https://www.invitationhomes.com/houses-for-rent/1153-sw-25th-ave-deerfield-beach-fl-33442,2026-07-19,2026-09-12,FL,Deerfield Beach,,,,,1153-sw-25th-ave-deerfield-beach-fl-33442
2026-09-12,INVH,Miami,"381 Wildwood Ln E, Deerfield Beach, FL, 33442",Miami,INVH-381-wildwood-ln-e-deerfield-beach-fl-33442,2,2.0,1517,2745.0,2026-09-12,18 months,False,,,,,,,,https://www.invitationhomes.com/houses-for-rent/381-wildwood-ln-e-deerfield-beach-fl-33442,2026-07-19,2026-09-12,FL,Deerfield Beach,,,,,381-wildwood-ln-e-deerfield-beach-fl-33442
2026-09-12,INVH,Miami,"940 SE 5th St, Deerfield Beach, FL, 33441",Miami,INVH-940-se-5th-st-deerfield-beach-fl-33441,3,2.0,1248,2895.0,2026-09-12,18 months,False,,,,,,,,https://www.invitationhomes.com/houses-for-rent/940-se-5th-st-deerfield-beach-fl-33441,2026-08-02,2026-09-12,FL,Deerfield Beach,,,,,940-se-5th-st-deerfield-beach-fl-33441
2026-09-12,INVH,Miami,"22888 Greenview Ter, Boca Raton, FL, 33433",Miami,INVH-22888-greenview-ter-33433-5006,3,2.5,2375,4649.0,2026-09-12,18 months,False,,,,,,,,https://www.invitationhomes.com/houses-for-rent/22888-greenview-ter-33433-5006,2026-07-19,2026-09-12,FL,Boca Raton,,,,,22888-greenview-ter-33433-5006
2026-09-12,INVH,Miami,"35 NW 3rd Ct, Boca Raton, FL, 33432",Miami,INVH-35-nw-3rd-ct-boca-raton-fl-33432,3,3.0,1710,3995.0,2026-10-15,18 months,False,,,,,,,,https://www.invitationhomes.com/houses-for-rent/35-nw-3rd-ct-boca-raton-fl-33432,2026-09-03,2026-09-12,FL,Boca Raton,,,,,35-nw-3rd-ct-boca-raton-fl-33432
2026-09-12,INVH,Miami,"1099 NW 5th Ave, Boca Raton, FL, 33432",Miami,INVH-1099-nw-5th-ave-boca-raton-fl-33432,3,2.0,1493,3695.0,2026-10-01,18 months,False,,,,,,,,https://www.invitationhomes.com/houses-for-rent/1099-nw-5th-ave-boca-raton-fl-33432,2026-08-23,2026-09-12,FL,Boca Raton,,,,,1099-nw-5th-ave-boca-raton-fl-33432
2026-09-12,INVH,Miami,"35 Tam O Shanter Ln, Boca Raton, FL, 33431",Miami,INVH-35-tam-o-shanter-ln-33431-103333,3,2.0,1412,3775.0,2026-10-15,18 months,False,,,,,,,,https://www.invitationhomes.com/houses-for-rent/35-tam-o-shanter-ln-33431-103333,2026-09-03,2026-09-12,FL,Boca Raton,,,,,35-tam-o-shanter-ln-33431-103333
2026-09-12,INVH,Miami,"458 NE 38th St, Boca Raton, FL, 33431",Miami,INVH-458-ne-38th-st-33431-6119,3,2.0,2060,3260.0,2026-09-12,18 months,False,,,,,,,,https://www.invitationhomes.com/houses-for-rent/458-ne-38th-st-33431-6119,2026-07-19,2026-09-12,FL,Boca Raton,,,,,458-ne-38th-st-33431-6119
2026-09-12,INVH,Miami,"5299 Washington Rd, Delray Beach, FL, 33484",Miami,INVH-5299-washington-rd-33484-5429,3,2.0,1134,2695.0,2026-10-15,18 months,False,,,,,,,,https://www.invitationhomes.com/houses-for-rent/5299-washington-rd-33484-5429,2026-09-03,2026-09-12,FL,Delray Beach,,,,,5299-washington-rd-33484-5429
2026-09-12,INVH,Miami,"8308 NW 8th Ter, Boca Raton, FL, 33487",Miami,INVH-8308-nw-8th-ter-boca-raton-fl-33487,3,3.0,2180,3230.0,2026-09-12,18 months,False,,,,,,,,https://www.invitationhomes.com/houses-for-rent/8308-nw-8th-ter-boca-raton-fl-33487,2026-06-14,2026-09-12,FL,Boca Raton,,,,,8308-nw-8th-ter-boca-raton-fl-33487
2026-09-12,INVH,Miami,"670 W Clearbrook Cir, Delray Beach, FL, 33445",Miami,INVH-670-w-clearbrook-cir-delray-beach-fl-33445,3,2.0,1590,3545.0,2026-10-15,18 months,False,,,,,,,,https://www.invitationhomes.com/houses-for-rent/670-w-clearbrook-cir-delray-beach-fl-33445,2026-09-12,2026-09-12,FL,Delray Beach,,,,,670-w-clearbrook-cir-delray-beach-fl-33445
2026-09-12,INVH,Miami,"5602 Aspen Ridge Cir, Delray Beach, FL, 33484",Miami,INVH-5602-aspen-ridge-cir-33484-9363,3,2.0,1788,3215.0,2026-09-12,18 months,False,,,,,,,,https://www.invitationhomes.com/houses-for-rent/5602-aspen-ridge-cir-33484-9363,2026-08-02,2026-09-12,FL,Delray Beach,,,,,5602-aspen-ridge-cir-33484-9363
2026-09-12,INVH,Tampa,"12447 Pleasant Green Way, Boynton Beach, FL, 33437",Tampa,INVH-12447-pleasant-green-way-boynton-beach-fl-33437,3,2.0,1877,3495.0,2026-09-29,18 months,False,,,,,,,,https://www.invitationhomes.com/houses-for-rent/12447-pleasant-green-way-boynton-beach-fl-33437,2026-08-16,2026-09-12,FL,Boynton Beach,,,,,12447-pleasant-green-way-boynton-beach-fl-33437
2026-09-12,INVH,Tampa,"6351 Bella Cir Unit 803, Boynton Beach, FL, 33437",Tampa,INVH-6351-bella-cir-unit-803-boynton-beach-fl-33437,3,2.5,1842,2680.0,2026-09-12,18 months,False,,,,,,,,https://www.invitationhomes.com/houses-for-rent/6351-bella-cir-unit-803-boynton-beach-fl-33437,2026-08-10,2026-09-12,FL,Boynton Beach,,,,,6351-bella-cir-unit-803-boynton-beach-fl-33437
2026-09-12,INVH,Tampa,"122 SE 29th Ave, Boynton Beach, FL, 33435",Tampa,INVH-122-se-29th-ave-33435-6124,3,2.0,1584,2895.0,2026-09-26,18 months,False,,,,,,,,https://www.invitationhomes.com/houses-for-rent/122-se-29th-ave-33435-6124,2026-08-16,2026-09-12,FL,Boynton Beach,,,,,122-se-29th-ave-33435-6124
2026-09-12,INVH,Miami,"1331 Sw 21St Ave, Delray Beach, FL, 33426",Miami,INVH-1331-sw-21st-ave-33426-103175,5,2.0,1214,3085.0,2026-10-24,18 months,False,,,,,,,,https://www.invitationhomes.com/houses-for-rent/1331-sw-21st-ave-33426-103175,2026-09-09,2026-09-12,FL,Delray Beach,,,,,1331-sw-21st-ave-33426-103175
2026-09-12,INVH,Tampa,"2202 SE 1st St, Boynton Beach, FL, 33435",Tampa,INVH-2202-se-1st-st-33435-6998,3,2.0,1668,2595.0,2026-09-12,18 months,False,,,,,,,,https://www.invitationhomes.com/houses-for-rent/2202-se-1st-st-33435-6998,2026-05-17,2026-09-12,FL,Boynton Beach,,,,,2202-se-1st-st-33435-6998
2026-09-12,INVH,Tampa,"6268 Windlass Cir, Boynton Beach, FL, 33472",Tampa,INVH-6268-windlass-cir-33472-8743,4,2.0,2023,3625.0,2026-09-12,18 months,False,,,,,,,,https://www.invitationhomes.com/houses-for-rent/6268-windlass-cir-33472-8743,2026-08-02,2026-09-12,FL,Boynton Beach,,,,,6268-windlass-cir-33472-8743
2026-09-12,INVH,Tampa,"8528 Windy Cir, Boynton Beach, FL, 33472",Tampa,INVH-8528-windy-cir-boynton-beach-fl-33472,3,2.5,2075,3620.0,2026-09-12,18 months,False,,,,,,,,https://www.invitationhomes.com/houses-for-rent/8528-windy-cir-boynton-beach-fl-33472,2026-07-19,2026-09-12,FL,Boynton Beach,,,,,8528-windy-cir-boynton-beach-fl-33472
2026-09-12,INVH,Tampa,"8574 Brian Blvd, Boynton Beach, FL, 33472",Tampa,INVH-8574-brian-blvd-boynton-beach-fl-33472,3,2.0,1788,3195.0,2026-10-16,18 months,False,,,,,,,,https://www.invitationhomes.com/houses-for-rent/8574-brian-blvd-boynton-beach-fl-33472,2026-09-03,2026-09-12,FL,Boynton Beach,,,,,8574-brian-blvd-boynton-beach-fl-33472
2026-09-12,INVH,Tampa,"4811 Concordia Ln, Boynton Beach, FL, 33436",Tampa,INVH-4811-concordia-ln-boynton-beach-fl-33436,3,2.0,1354,2740.0,2026-10-23,18 months,False,,,,,,,,https://www.invitationhomes.com/houses-for-rent/4811-concordia-ln-boynton-beach-fl-33436,2026-09-12,2026-09-12,FL,Boynton Beach,,,,,4811-concordia-ln-boynton-beach-fl-33436
2026-09-12,INVH,Tampa,"7201 Vaca Key Way, Lake Worth, FL, 33467",Tampa,INVH-7201-vaca-key-way-lake-worth-fl-33467,3,2.0,1394,2849.0,2026-09-12,18 months,False,,,,,,,,https://www.invitationhomes.com/houses-for-rent/7201-vaca-key-way-lake-worth-fl-33467,2026-08-02,2026-09-12,FL,Lake Worth,,,,,7201-vaca-key-way-lake-worth-fl-33467
2026-09-12,INVH,Tampa,"6655 Jacques Way, Lake Worth, FL, 33463",Tampa,INVH-6655-jacques-way-lake-worth-fl-33463,5,3.0,3000,3995.0,2026-10-15,18 months,False,,,,,,,,https://www.invitationhomes.com/houses-for-rent/6655-jacques-way-lake-worth-fl-33463,2026-09-03,2026-09-12,FL,Lake Worth,,,,,6655-jacques-way-lake-worth-fl-33463
2026-09-12,INVH,Tampa,"6 Valencia Dr, Boynton Beach, FL, 33436",Tampa,INVH-6-valencia-dr-boynton-beach-fl-33436,4,3.0,2350,3410.0,2026-09-26,18 months,False,,,,,,,,https://www.invitationhomes.com/houses-for-rent/6-valencia-dr-boynton-beach-fl-33436,2026-05-09,2026-09-12,FL,Boynton Beach,,,,,6-valencia-dr-boynton-beach-fl-33436
2026-09-12,INVH,Tampa,"134 Citrus Park Cir, Boynton Beach, FL, 33436",Tampa,INVH-134-citrus-park-cir-33436-5063,3,2.0,1595,3345.0,2026-10-23,18 months,False,,,,,,,,https://www.invitationhomes.com/houses-for-rent/134-citrus-park-cir-33436-5063,2026-09-09,2026-09-12,FL,Boynton Beach,,,,,134-citrus-park-cir-33436-5063
2026-09-12,INVH,Tampa,"1156 Rialto Dr, Boynton Beach, FL, 33436",Tampa,INVH-1156-rialto-dr-boynton-beach-fl-33436,3,2.0,1328,3090.0,2026-09-12,18 months,False,,,,,,,,https://www.invitationhomes.com/houses-for-rent/1156-rialto-dr-boynton-beach-fl-33436,2026-08-10,2026-09-12,FL,Boynton Beach,,,,,1156-rialto-dr-boynton-beach-fl-33436
2026-09-12,INVH,Tampa,"1504 Siena Ln, Boynton Beach, FL, 33436",Tampa,INVH-1504-siena-ln-boynton-beach-fl-33436,4,2.0,1728,3299.0,2026-09-12,19 months,False,,,,,,,,https://www.invitationhomes.com/houses-for-rent/1504-siena-ln-boynton-beach-fl-33436,2026-07-19,2026-09-12,FL,Boynton Beach,,,,,1504-siena-ln-boynton-beach-fl-33436
2026-09-12,INVH,Tampa,"2781 S Evergreen Cir, Boynton Beach, FL, 33426",Tampa,INVH-2781-s-evergreen-cir-boynton-beach-fl-33426,3,2.5,1621,3490.0,2026-10-15,18 months,False,,,,,,,,https://www.invitationhomes.com/houses-for-rent/2781-s-evergreen-cir-boynton-beach-fl-33426,2026-09-03,2026-09-12,FL,Boynton Beach,,,,,2781-s-evergreen-cir-boynton-beach-fl-33426
2026-09-12,INVH,Tampa,"6067 Strawberry Fields Way, Lake Worth, FL, 33463",Tampa,INVH-6067-strawberry-fields-way-33463-4846,3,2.0,1334,2480.0,2026-09-12,18 months,False,,,,,,,,https://www.invitationhomes.com/houses-for-rent/6067-strawberry-fields-way-33463-4846,2026-08-02,2026-09-12,FL,Lake Worth,,,,,6067-strawberry-fields-way-33463-4846
2026-09-12,INVH,Tampa,"6070 Lambeth Cir, Lake Worth, FL, 33463",Tampa,INVH-6070-lambeth-cir-33463-103219,4,2.0,1417,2765.0,2026-09-12,18 months,False,,,,,,,,https://www.invitationhomes.com/houses-for-rent/6070-lambeth-cir-33463-103219,2026-07-19,2026-09-12,FL,Lake Worth,,,,,6070-lambeth-cir-33463-103219
2026-09-12,INVH,Tampa,"5756 Strawberry Lakes Cir, Lake Worth, FL, 33463",Tampa,INVH-5756-strawberry-lakes-cir-33463-7845,3,2.5,2058,3915.0,2026-09-12,18 months,False,,,,,,,,https://www.invitationhomes.com/houses-for-rent/5756-strawberry-lakes-cir-33463-7845,2026-08-02,2026-09-12,FL,Lake Worth,,,,,5756-strawberry-lakes-cir-33463-7845
2026-09-12,INVH,Tampa,"5808 Strawberry Lakes Cir, Lake Worth, FL, 33463",Tampa,INVH-5808-strawberry-lakes-cir-33463-9287,4,2.0,1477,2770.0,2026-09-25,18 months,False,,,,,,,,https://www.invitationhomes.com/houses-for-rent/5808-strawberry-lakes-cir-33463-9287,2026-08-16,2026-09-12,FL,Lake Worth,,,,,5808-strawberry-lakes-cir-33463-9287
2026-09-12,INVH,Tampa,"5535 Haverford Way, Lake Worth, FL, 33463",Tampa,INVH-5535-haverford-way-33463-9110,3,2.0,1549,2895.0,2026-09-16,18 months,False,,,,,,,,https://www.invitationhomes.com/houses-for-rent/5535-haverford-way-33463-9110,2026-09-06,2026-09-12,FL,Lake Worth,,,,,5535-haverford-way-33463-9110
2026-09-12,INVH,Tampa,"5994 Ithaca Cir W, Lake Worth, FL, 33463",Tampa,INVH-5994-ithaca-cir-w-33463-4634,4,2.0,1418,2735.0,2026-10-15,18 months,False,,,,,,,,https://www.invitationhomes.com/houses-for-rent/5994-ithaca-cir-w-33463-4634,2026-09-03,2026-09-12,FL,Lake Worth,,,,,5994-ithaca-cir-w-33463-4634
2026-09-12,INVH,Tampa,"5885 Eddy Ct, Lake Worth, FL, 33463",Tampa,INVH-5885-eddy-ct-33463-3028,2,2.0,1417,2465.0,2026-09-12,18 months,False,,,,,,,,https://www.invitationhomes.com/houses-for-rent/5885-eddy-ct-33463-3028,2026-07-19,2026-09-12,FL,Lake Worth,,,,,5885-eddy-ct-33463-3028
2026-09-12,INVH,Tampa,"6098 Westfall Rd, Lake Worth, FL, 33463",Tampa,INVH-6098-westfall-rd-33463-1383,3,2.0,1417,2745.0,2026-09-12,18 months,False,,,,,,,,https://www.invitationhomes.com/houses-for-rent/6098-westfall-rd-33463-1383,2026-06-09,2026-09-12,FL,Lake Worth,,,,,6098-westfall-rd-33463-1383
2026-09-12,INVH,Tampa,"5431 Twin Oakes Rd, Lake Worth, FL, 33463",Tampa,INVH-5431-twin-oakes-rd-33463-9664,4,2.0,1600,2845.0,2026-09-12,18 months,False,,,,,,,,https://www.invitationhomes.com/houses-for-rent/5431-twin-oakes-rd-33463-9664,2026-08-10,2026-09-12,FL,Lake Worth,,,,,5431-twin-oakes-rd-33463-9664
2026-09-12,INVH,Tampa,"213 Palm Cir, Atlantis, FL, 33462",Tampa,INVH-213-palm-cir-33462-6072,3,2.5,2230,3495.0,2026-09-12,18 months,False,,,,,,,,https://www.invitationhomes.com/houses-for-rent/213-palm-cir-33462-6072,2026-08-02,2026-09-12,FL,Atlantis,,,,,213-palm-cir-33462-6072
2026-09-12,INVH,Tampa,"2038 7th Ct S, Lake Worth, FL, 33461",Tampa,INVH-2038-7th-ct-s-lake-worth-fl-33461,3,2.0,1620,3140.0,2026-09-19,18 months,False,,,,,,,,https://www.invitationhomes.com/houses-for-rent/2038-7th-ct-s-lake-worth-fl-33461,2026-08-10,2026-09-12,FL,Lake Worth,,,,,2038-7th-ct-s-lake-worth-fl-33461
2026-09-12,INVH,Tampa,"913 Cochran Dr, Lake Worth, FL, 33461",Tampa,INVH-913-cochran-dr-33461-4361,3,2.0,1534,2695.0,2026-09-12,18 months,False,,,,,,,,https://www.invitationhomes.com/houses-for-rent/913-cochran-dr-33461-4361,2026-08-02,2026-09-12,FL,Lake Worth,,,,,913-cochran-dr-33461-4361
2026-09-12,INVH,Tampa,"2320 Rue Rd, West Palm Beach, FL, 33415",Tampa,INVH-2320-rue-rd-33415-2040,3,1.0,1126,2399.0,2026-10-15,19 months,False,,,,,,,,https://www.invitationhomes.com/houses-for-rent/2320-rue-rd-33415-2040,2026-09-03,2026-09-12,FL,West Palm Beach,,,,,2320-rue-rd-33415-2040
2026-09-12,INVH,Tampa,"1978 Monks Ct, West Palm Beach, FL, 33415",Tampa,INVH-1978-monks-ct-33415-9109,3,2.0,1194,2545.0,2026-10-03,18 months,False,,,,,,,,https://www.invitationhomes.com/houses-for-rent/1978-monks-ct-33415-9109,2026-08-23,2026-09-12,FL,West Palm Beach,,,,,1978-monks-ct-33415-9109
2026-09-12,INVH,Tampa,"5187 Glencove Ln, West Palm Beach, FL, 33415",Tampa,INVH-5187-glencove-ln-33415-3987,3,2.0,1069,2370.0,2026-10-25,18 months,False,,,,,,,,https://www.invitationhomes.com/houses-for-rent/5187-glencove-ln-33415-3987,2026-09-12,2026-09-12,FL,West Palm Beach,,,,,5187-glencove-ln-33415-3987
2026-09-12,INVH,Tampa,"441 Dionne Dr, West Palm Beach, FL, 33406",Tampa,INVH-441-dionne-dr-33406-2742,3,2.0,1404,2549.0,2026-09-12,19 months,False,,,,,,,,https://www.invitationhomes.com/houses-for-rent/441-dionne-dr-33406-2742,2026-08-02,2026-09-12,FL,West Palm Beach,,,,,441-dionne-dr-33406-2742
2026-09-12,INVH,Tampa,"6117 Adriatic Way, Greenacres, FL, 33413",Tampa,INVH-6117-adriatic-way-33413-6257,3,2.5,2010,3295.0,2026-09-24,18 months,False,,,,,,,,https://www.invitationhomes.com/houses-for-rent/6117-adriatic-way-33413-6257,2026-08-10,2026-09-12,FL,Greenacres,,,,,6117-adriatic-way-33413-6257
2026-09-12,INVH,Tampa,"2611 Alexander Ave, West Palm Beach, FL, 33417",Tampa,INVH-2611-alexander-ave-33417-7616,3,2.0,1360,2449.0,2026-09-12,19 months,False,,,,,,,,https://www.invitationhomes.com/houses-for-rent/2611-alexander-ave-33417-7616,2026-07-19,2026-09-12,FL,West Palm Beach,,,,,2611-alexander-ave-33417-7616
2026-09-12,INVH,Tampa,"16888 W Aquaduct Dr, Loxahatchee, FL, 33470",Tampa,INVH-16888-w-aquaduct-dr-33470-3464,3,2.0,1694,2840.0,2026-09-12,18 months,False,,,,,,,,https://www.invitationhomes.com/houses-for-rent/16888-w-aquaduct-dr-33470-3464,2026-07-19,2026-09-12,FL,Loxahatchee,,,,,16888-w-aquaduct-dr-33470-3464
2026-09-12,INVH,Tampa,"13780 78th Pl N, West Palm Beach, FL, 33412",Tampa,INVH-13780-78th-pl-n-33412-2957,3,2.0,2358,3525.0,2026-09-12,24 months,False,,,,,,,,https://www.invitationhomes.com/houses-for-rent/13780-78th-pl-n-33412-2957,2026-06-09,2026-09-12,FL,West Palm Beach,,,,,13780-78th-pl-n-33412-2957
2026-09-12,INVH,Tampa,"2515 Glendale Dr, Royal Palm Beach, FL, 33411",Tampa,INVH-2515-glendale-dr-royal-palm-beach-fl-33411,5,2.5,3038,4195.0,2026-09-12,18 months,False,,,,,,,,https://www.invitationhomes.com/houses-for-rent/2515-glendale-dr-royal-palm-beach-fl-33411,2026-07-19,2026-09-12,FL,Royal Palm Beach,,,,,2515-glendale-dr-royal-palm-beach-fl-33411
2026-09-12,INVH,Tampa,"283 Ponce De Leon St, Royal Palm Beach, FL, 33411",Tampa,INVH-283-ponce-de-leon-st-33411-8042,3,2.0,1515,3035.0,2026-09-30,18 months,False,,,,,,,,https://www.invitationhomes.com/houses-for-rent/283-ponce-de-leon-st-33411-8042,2026-08-16,2026-09-12,FL,Royal Palm Beach,,,,,283-ponce-de-leon-st-33411-8042
2026-09-12,INVH,Tampa,"359 Las Palmas St, Royal Palm Beach, FL, 33411",Tampa,INVH-359-las-palmas-st-33411-9398,3,2.0,1812,3170.0,2026-09-12,18 months,False,,,,,,,,https://www.invitationhomes.com/houses-for-rent/359-las-palmas-st-33411-9398,2026-08-02,2026-09-12,FL,Royal Palm Beach,,,,,359-las-palmas-st-33411-9398
2026-09-12,INVH,Tampa,"11416 49th St N, Royal Palm Beach, FL, 33411",Tampa,INVH-11416-49th-st-n-33411-5881,4,2.0,2486,3115.0,2026-09-12,18 months,False,,,,,,,,https://www.invitationhomes.com/houses-for-rent/11416-49th-st-n-33411-5881,2026-07-19,2026-09-12,FL,Royal Palm Beach,,,,,11416-49th-st-n-33411-5881
2026-09-12,INVH,Tampa,"6750 Royal Palm Beach Blvd, West Palm Beach, FL, 33412",Tampa,INVH-6750-royal-palm-beach-boulevard-33412-6388,3,2.0,1518,2645.0,2026-09-12,18 months,False,,,,,,,,https://www.invitationhomes.com/houses-for-rent/6750-royal-palm-beach-boulevard-33412-6388,2026-06-09,2026-09-12,FL,West Palm Beach,,,,,6750-royal-palm-beach-boulevard-33412-6388
2026-09-12,INVH,Tampa,"4670 SW Keats St, Port Saint Lucie, FL, 34953",Tampa,INVH-4670-sw-keats-st-34953-93512,4,2.0,1728,2565.0,2026-09-12,18 months,False,,,,,,,,https://www.invitationhomes.com/houses-for-rent/4670-sw-keats-st-34953-93512,2026-08-10,2026-09-12,FL,Port Saint Lucie,,,,,4670-sw-keats-st-34953-93512
2026-09-12,INVH,Tampa,"4273 SW McClellen St, Port Saint Lucie, FL, 34953",Tampa,INVH-4273-sw-mcclellen-st-34953-5836,4,2.0,2236,2745.0,2026-09-14,18 months,False,,,,,,,,https://www.invitationhomes.com/houses-for-rent/4273-sw-mcclellen-st-34953-5836,2026-09-03,2026-09-12,FL,Port Saint Lucie,,,,,4273-sw-mcclellen-st-34953-5836
2026-09-12,INVH,Tampa,"3358 SW Perrine St, Port Saint Lucie, FL, 34953",Tampa,INVH-3358-sw-perrine-st-34953-119555,4,2.0,1791,2715.0,2026-10-05,18 months,False,,,,,,,,https://www.invitationhomes.com/houses-for-rent/3358-sw-perrine-st-34953-119555,2026-09-12,2026-09-12,FL,Port Saint Lucie,,,,,3358-sw-perrine-st-34953-119555
2026-09-12,INVH,Tampa,"453 SW Leona Dr, Port Saint Lucie, FL, 34953",Tampa,INVH-453-sw-leona-dr-34953-92198,4,2.0,1809,2495.0,2026-09-12,18 months,False,,,,,,,,https://www.invitationhomes.com/houses-for-rent/453-sw-leona-dr-34953-92198,2026-08-02,2026-09-12,FL,Port Saint Lucie,,,,,453-sw-leona-dr-34953-92198
2026-09-12,INVH,Tampa,"4253 SW Whitebread Rd, Port Saint Lucie, FL, 34953",Tampa,INVH-4253-sw-whitebread-rd-34953-92879,4,2.0,1809,2595.0,2026-09-12,18 months,False,,,,,,,,https://www.invitationhomes.com/houses-for-rent/4253-sw-whitebread-rd-34953-92879,2026-07-19,2026-09-12,FL,Port Saint Lucie,,,,,4253-sw-whitebread-rd-34953-92879
2026-09-12,INVH,Tampa,"301 SW Log Dr, Port Saint Lucie, FL, 34953",Tampa,INVH-301-sw-log-dr-34953-89391,4,2.0,1809,2740.0,2026-09-15,18 months,False,,,,,,,,https://www.invitationhomes.com/houses-for-rent/301-sw-log-dr-34953-89391,2026-08-16,2026-09-12,FL,Port Saint Lucie,,,,,301-sw-log-dr-34953-89391
2026-09-12,INVH,Tampa,"625 SW Jacoby Ave, Port Saint Lucie, FL, 34953",Tampa,INVH-625-sw-jacoby-ave-34953-5014,4,2.0,2092,2535.0,2026-09-12,18 months,False,,,,,,,,https://www.invitationhomes.com/houses-for-rent/625-sw-jacoby-ave-34953-5014,2026-07-19,2026-09-12,FL,Port Saint Lucie,,,,,625-sw-jacoby-ave-34953-5014
2026-09-12,INVH,Tampa,"3833 SW McKim St, Port Saint Lucie, FL, 34953",Tampa,INVH-3833-sw-mckim-st-34953-7986,4,2.0,2236,2565.0,2026-09-12,18 months,False,,,,,,,,https://www.invitationhomes.com/houses-for-rent/3833-sw-mckim-st-34953-7986,2026-08-10,2026-09-12,FL,Port Saint Lucie,,,,,3833-sw-mckim-st-34953-7986
2026-09-12,INVH,Tampa,"3980 SW Hablow St, Port Saint Lucie, FL, 34953",Tampa,INVH-3980-sw-hablow-st-34953-8458,4,2.0,2186,2595.0,2026-09-29,18 months,False,,,,,,,,https://www.invitationhomes.com/houses-for-rent/3980-sw-hablow-st-34953-8458,2026-08-16,2026-09-12,FL,Port Saint Lucie,,,,,3980-sw-hablow-st-34953-8458
2026-09-12,INVH,Tampa,"3597 SW Ronald St, Port Saint Lucie, FL, 34953",Tampa,INVH-3597-sw-ronald-st-34953-5813,4,2.0,1908,2499.0,2026-09-12,19 months,False,,,,,,,,https://www.invitationhomes.com/houses-for-rent/3597-sw-ronald-st-34953-5813,2026-08-02,2026-09-12,FL,Port Saint Lucie,,,,,3597-sw-ronald-st-34953-5813
2026-09-12,INVH,Tampa,"849 SW Trouville Ave, Port Saint Lucie, FL, 34953",Tampa,INVH-849-sw-trouville-ave-34953-120745,4,2.0,1791,2645.0,2026-09-12,18 months,False,,,,,,,,https://www.invitationhomes.com/houses-for-rent/849-sw-trouville-ave-34953-120745,2026-07-19,2026-09-12,FL,Port Saint Lucie,,,,,849-sw-trouville-ave-34953-120745
2026-09-12,INVH,Tampa,"639 SE Dean Ter, Port Saint Lucie, FL, 34984",Tampa,INVH-639-se-dean-ter-34984-2047,3,2.0,1704,2299.0,2026-09-29,19 months,False,,,,,,,,https://www.invitationhomes.com/houses-for-rent/639-se-dean-ter-34984-2047,2026-08-16,2026-09-12,FL,Port Saint Lucie,,,,,639-se-dean-ter-34984-2047
2026-09-12,INVH,Tampa,"1671 SW Rutland St, Port Saint Lucie, FL, 34987",Tampa,INVH-1671-sw-rutland-st-34987-93271,4,2.0,1809,2545.0,2026-09-12,18 months,False,,,,,,,,https://www.invitationhomes.com/houses-for-rent/1671-sw-rutland-st-34987-93271,2026-06-09,2026-09-12,FL,Port Saint Lucie,,,,,1671-sw-rutland-st-34987-93271
2026-09-12,INVH,Tampa,"3173 SW Cathedral St, Port Saint Lucie, FL, 34953",Tampa,INVH-3173-sw-cathedral-st-34953-119558,4,2.0,1791,2599.0,2026-09-12,19 months,False,,,,,,,,https://www.invitationhomes.com/houses-for-rent/3173-sw-cathedral-st-34953-119558,2026-08-16,2026-09-12,FL,Port Saint Lucie,,,,,3173-sw-cathedral-st-34953-119558
2026-09-12,INVH,Tampa,"1389 SW Prairie Cir, Port Saint Lucie, FL, 34953",Tampa,INVH-1389-sw-prairie-cir-34953-3765,4,2.0,2104,2249.0,2026-09-12,19 months,False,,,,,,,,https://www.invitationhomes.com/houses-for-rent/1389-sw-prairie-cir-34953-3765,2026-05-17,2026-09-12,FL,Port Saint Lucie,,,,,1389-sw-prairie-cir-34953-3765
2026-09-12,INVH,Tampa,"2607 SW Ace Rd, Port Saint Lucie, FL, 34953",Tampa,INVH-2607-sw-ace-rd-34953-96397,4,2.0,1809,2549.0,2026-09-12,19 months,False,,,,,,,,https://www.invitationhomes.com/houses-for-rent/2607-sw-ace-rd-34953-96397,2026-08-16,2026-09-12,FL,Port Saint Lucie,,,,,2607-sw-ace-rd-34953-96397
2026-09-12,INVH,Tampa,"948 SW Abingdon Ave, Port Saint Lucie, FL, 34953",Tampa,INVH-948-sw-abingdon-ave-34953-7970,3,2.0,2005,2570.0,2026-10-01,18 months,False,,,,,,,,https://www.invitationhomes.com/houses-for-rent/948-sw-abingdon-ave-34953-7970,2026-08-23,2026-09-12,FL,Port Saint Lucie,,,,,948-sw-abingdon-ave-34953-7970
2026-09-12,INVH,Tampa,"2078 SW Savage Blvd, Port Saint Lucie, FL, 34953",Tampa,INVH-2078-sw-savage-blvd-34953-87571,4,2.0,1809,2415.0,2026-09-12,18 months,False,,,,,,,,https://www.invitationhomes.com/houses-for-rent/2078-sw-savage-blvd-34953-87571,2026-07-19,2026-09-12,FL,Port Saint Lucie,,,,,2078-sw-savage-blvd-34953-87571
2026-09-12,INVH,Tampa,"1861 SW Logan St, Port Saint Lucie, FL, 34953",Tampa,INVH-1861-sw-logan-st-34953-91823,4,2.0,1809,2499.0,2026-09-12,19 months,False,,,,,,,,https://www.invitationhomes.com/houses-for-rent/1861-sw-logan-st-34953-91823,2026-08-02,2026-09-12,FL,Port Saint Lucie,,,,,1861-sw-logan-st-34953-91823
2026-09-12,INVH,Tampa,"2351 SW Freeman St, Port Saint Lucie, FL, 34953",Tampa,INVH-2351-sw-freeman-st-34953-4049,4,3.0,3200,3045.0,2026-09-12,18 months,False,,,,,,,,https://www.invitationhomes.com/houses-for-rent/2351-sw-freeman-st-34953-4049,2026-08-10,2026-09-12,FL,Port Saint Lucie,,,,,2351-sw-freeman-st-34953-4049
2026-09-12,INVH,Tampa,"1920 SW Beauregard St, Port Saint Lucie, FL, 34953",Tampa,INVH-1920-sw-beauregard-st-34953-93106,4,2.0,1809,2660.0,2026-10-03,18 months,False,,,,,,,,https://www.invitationhomes.com/houses-for-rent/1920-sw-beauregard-st-34953-93106,2026-08-23,2026-09-12,FL,Port Saint Lucie,,,,,1920-sw-beauregard-st-34953-93106
2026-09-12,INVH,Tampa,"1305 SW Gastador Ave, Port Saint Lucie, FL, 34953",Tampa,INVH-1305-sw-gastador-ave-34953-92349,4,2.0,1809,2545.0,2026-10-13,18 months,False,,,,,,,,https://www.invitationhomes.com/houses-for-rent/1305-sw-gastador-ave-34953-92349,2026-09-03,2026-09-12,FL,Port Saint Lucie,,,,,1305-sw-gastador-ave-34953-92349
2026-09-12,INVH,Tampa,"1002 SW Coleman Ave, Port Saint Lucie, FL, 34953",Tampa,INVH-1002-sw-coleman-ave-34953-7026,3,2.0,1340,2375.0,2026-09-26,18 months,False,,,,,,,,https://www.invitationhomes.com/houses-for-rent/1002-sw-coleman-ave-34953-7026,2026-08-16,2026-09-12,FL,Port Saint Lucie,,,,,1002-sw-coleman-ave-34953-7026
2026-09-12,INVH,Tampa,"3008 SW Ann Arbor Rd, Port Saint Lucie, FL, 34953",Tampa,INVH-3008-sw-ann-arbor-rd-34953-7849,4,2.0,2080,2395.0,2026-09-12,18 months,False,,,,,,,,https://www.invitationhomes.com/houses-for-rent/3008-sw-ann-arbor-rd-34953-7849,2026-06-09,2026-09-12,FL,Port Saint Lucie,,,,,3008-sw-ann-arbor-rd-34953-7849
2026-09-12,INVH,Tampa,"2317 SW Fern Cir, Port Saint Lucie, FL, 34953",Tampa,INVH-2317-sw-fern-cir-34953-4873,4,2.0,2018,2649.0,2026-09-12,19 months,False,,,,,,,,https://www.invitationhomes.com/houses-for-rent/2317-sw-fern-cir-34953-4873,2026-08-10,2026-09-12,FL,Port Saint Lucie,,,,,2317-sw-fern-cir-34953-4873
2026-09-12,INVH,Tampa,"838 SW Canary Ter, Port Saint Lucie, FL, 34953",Tampa,INVH-838-sw-canary-ter-34953-93722,4,2.0,1809,2590.0,2026-10-27,18 months,False,,,,,,,,https://www.invitationhomes.com/houses-for-rent/838-sw-canary-ter-34953-93722,2026-09-12,2026-09-12,FL,Port Saint Lucie,,,,,838-sw-canary-ter-34953-93722
2026-09-12,INVH,Tampa,"1618 SW Morelia Ln, Port Saint Lucie, FL, 34953",Tampa,INVH-1618-sw-morelia-ln-34953-84050,3,2.0,1422,2345.0,2026-09-12,18 months,False,,,,,,,,https://www.invitationhomes.com/houses-for-rent/1618-sw-morelia-ln-34953-84050,2026-08-02,2026-09-12,FL,Port Saint Lucie,,,,,1618-sw-morelia-ln-34953-84050
2026-09-12,INVH,Tampa,"598 SW Ester Ave, Port Saint Lucie, FL, 34983",Tampa,INVH-598-sw-esther-ave-34953-87329,4,2.0,1833,2715.0,2026-09-12,18 months,False,,,,,,,,https://www.invitationhomes.com/houses-for-rent/598-sw-esther-ave-34953-87329,2026-08-02,2026-09-12,FL,Port Saint Lucie,,,,,598-sw-esther-ave-34953-87329
2026-09-12,INVH,Tampa,"268 NW Bayshore Blvd, Port Saint Lucie, FL, 34983",Tampa,INVH-268-nw-bayshore-blvd-34983-89171,4,2.0,1809,2435.0,2026-09-12,18 months,False,,,,,,,,https://www.invitationhomes.com/houses-for-rent/268-nw-bayshore-blvd-34983-89171,2026-08-02,2026-09-12,FL,Port Saint Lucie,,,,,268-nw-bayshore-blvd-34983-89171
2026-09-12,INVH,Tampa,"669 NW Prima Vista Blvd, Port Saint Lucie, FL, 34983",Tampa,INVH-669-nw-prima-vista-boulevard-34983-121440,4,2.0,1828,2545.0,2026-09-12,18 months,False,,,,,,,,https://www.invitationhomes.com/houses-for-rent/669-nw-prima-vista-boulevard-34983-121440,2026-07-19,2026-09-12,FL,Port Saint Lucie,,,,,669-nw-prima-vista-boulevard-34983-121440
2026-09-12,INVH,Tampa,"546 SW Prima Vista Blvd, Port Saint Lucie, FL, 34953",Tampa,INVH-546-sw-prima-vista-boulevard-34953-121442,4,2.0,1828,2785.0,2026-09-27,18 months,False,,,,,,,,https://www.invitationhomes.com/houses-for-rent/546-sw-prima-vista-boulevard-34953-121442,2026-05-03,2026-09-12,FL,Port Saint Lucie,,,,,546-sw-prima-vista-boulevard-34953-121442
2026-09-12,INVH,Tampa,"431 NW Biltmore St, Port Saint Lucie, FL, 34983",Tampa,INVH-431-nw-biltmore-st-34983-93516,4,2.0,1728,2665.0,2026-10-01,18 months,False,,,,,,,,https://www.invitationhomes.com/houses-for-rent/431-nw-biltmore-st-34983-93516,2026-08-23,2026-09-12,FL,Port Saint Lucie,,,,,431-nw-biltmore-st-34983-93516
2026-09-12,INVH,Tampa,"379 NW Camrose St, Port Saint Lucie, FL, 34983",Tampa,INVH-379-nw-camrose-st-34983-91562,4,2.0,1809,2449.0,2026-09-12,19 months,False,,,,,,,,https://www.invitationhomes.com/houses-for-rent/379-nw-camrose-st-34983-91562,2026-07-19,2026-09-12,FL,Port Saint Lucie,,,,,379-nw-camrose-st-34983-91562
2026-09-12,INVH,Tampa,"751 NW Riverside Dr, Port Saint Lucie, FL, 34983",Tampa,INVH-751-nw-riverside-dr-34983-120393,4,2.0,1791,2645.0,2026-09-12,18 months,False,,,,,,,,https://www.invitationhomes.com/houses-for-rent/751-nw-riverside-dr-34983-120393,2026-07-19,2026-09-12,FL,Port Saint Lucie,,,,,751-nw-riverside-dr-34983-120393
2026-09-12,INVH,Tampa,"426 NW Airoso Blvd, Port Saint Lucie, FL, 34983",Tampa,INVH-426-nw-airoso-blvd-34983-87153,3,2.0,1335,2315.0,2026-09-12,18 months,False,,,,,,,,https://www.invitationhomes.com/houses-for-rent/426-nw-airoso-blvd-34983-87153,2026-08-02,2026-09-12,FL,Port Saint Lucie,,,,,426-nw-airoso-blvd-34983-87153
2026-09-12,INVH,Tampa,"3809 SW Wycoff Street, Port Saint Lucie, FL, 34953",Tampa,INVH-3809-sw-wycoff-street-34953-86318,4,2.0,1900,2595.0,2026-10-01,18 months,False,,,,,,,,https://www.invitationhomes.com/houses-for-rent/3809-sw-wycoff-street-34953-86318,2026-08-23,2026-09-12,FL,Port Saint Lucie,,,,,3809-sw-wycoff-street-34953-86318
2026-09-12,INVH,Tampa,"2057 SE Parrot St, Port Saint Lucie, FL, 34952",Tampa,INVH-2057-se-parrot-st-34952-3903,3,2.0,1995,2870.0,2026-10-15,18 months,False,,,,,,,,https://www.invitationhomes.com/houses-for-rent/2057-se-parrot-st-34952-3903,2026-09-03,2026-09-12,FL,Port Saint Lucie,,,,,2057-se-parrot-st-34952-3903
2026-09-12,INVH,Tampa,"842 SE Damask Ave, Port Saint Lucie, FL, 34983",Tampa,INVH-842-se-damask-ave-34983-4027,3,2.0,1814,2835.0,2026-10-11,18 months,False,,,,,,,,https://www.invitationhomes.com/houses-for-rent/842-se-damask-ave-34983-4027,2026-09-03,2026-09-12,FL,Port Saint Lucie,,,,,842-se-damask-ave-34983-4027
2026-09-12,INVH,Tampa,"162 Carol Susan Ln, Fort Pierce, FL, 34982",Tampa,INVH-162-carol-susan-lane-34982-114789,3,2.5,1335,1949.0,2026-09-12,24 months,False,,,,,,,,https://www.invitationhomes.com/houses-for-rent/162-carol-susan-lane-34982-114789,2026-06-09,2026-09-12,FL,Fort Pierce,,,,,162-carol-susan-lane-34982-114789
2026-09-12,INVH,Tampa,"167 Carol Susan Ln, Fort Pierce, FL, 34982",Tampa,INVH-167-carol-susan-lane-34982-114794,3,2.5,1335,1999.0,2026-10-02,24 months,False,,,,,,,,https://www.invitationhomes.com/houses-for-rent/167-carol-susan-lane-34982-114794,2026-08-02,2026-09-12,FL,Fort Pierce,,,,,167-carol-susan-lane-34982-114794
2026-09-12,INVH,Tampa,"170 Carol Susan Ln, Fort Pierce, FL, 34982",Tampa,INVH-170-carol-susan-lane-34982-114797,3,2.5,1335,1999.0,2026-09-12,24 months,False,,,,,,,,https://www.invitationhomes.com/houses-for-rent/170-carol-susan-lane-34982-114797,2026-08-10,2026-09-12,FL,Fort Pierce,,,,,170-carol-susan-lane-34982-114797
2026-09-12,INVH,Tampa,"1809 Don Way, Poinciana, FL, 34759",Tampa,INVH-1809-don-way-34759-6997,4,2.0,2042,2190.0,2026-09-18,20 months,False,,,,,,,,https://www.invitationhomes.com/houses-for-rent/1809-don-way-34759-6997,2026-09-06,2026-09-12,FL,Poinciana,,,,,1809-don-way-34759-6997
2026-09-12,INVH,Tampa,"530 Peace Dr, Poinciana, FL, 34759",Tampa,INVH-530-peace-dr-34759-6965,4,2.0,1501,1525.0,2026-09-12,20 months,False,,,,,,,,https://www.invitationhomes.com/houses-for-rent/530-peace-dr-34759-6965,2026-04-04,2026-09-12,FL,Poinciana,,,,,530-peace-dr-34759-6965
2026-09-12,INVH,Tampa,"422 Flamingo Ct, Poinciana, FL, 34759",Tampa,INVH-422-flamingo-ct-34759-3990,3,2.0,1338,1485.0,2026-09-12,20 months,False,,,,,,,,https://www.invitationhomes.com/houses-for-rent/422-flamingo-ct-34759-3990,2026-07-19,2026-09-12,FL,Poinciana,,,,,422-flamingo-ct-34759-3990
2026-09-12,INVH,Tampa,"465 Gannet Ct, Poinciana, FL, 34759",Tampa,INVH-465-gannet-ct-34759-9663,4,2.0,1188,1520.0,2026-09-12,20 months,False,,,,,,,,https://www.invitationhomes.com/houses-for-rent/465-gannet-ct-34759-9663,2026-04-13,2026-09-12,FL,Poinciana,,,,,465-gannet-ct-34759-9663
2026-09-12,INVH,Tampa,"515 Eagle Ct, Poinciana, FL, 34759",Tampa,INVH-515-eagle-ct-34759-2317,4,2.0,1883,1675.0,2026-09-12,20 months,False,,,,,,,,https://www.invitationhomes.com/houses-for-rent/515-eagle-ct-34759-2317,2026-06-09,2026-09-12,FL,Poinciana,,,,,515-eagle-ct-34759-2317
2026-09-12,INVH,Tampa,"703 Martin Ln, Poinciana, FL, 34759",Tampa,INVH-703-martin-ln-34759-7702,3,2.0,1279,1580.0,2026-09-12,20 months,False,,,,,,,,https://www.invitationhomes.com/houses-for-rent/703-martin-ln-34759-7702,2026-07-19,2026-09-12,FL,Poinciana,,,,,703-martin-ln-34759-7702
2026-09-12,INVH,Orlando,"711 Hawk Ln, Kissimmee, FL, 34759",Orlando,INVH-711-hawk-ln-34759-2685,3,2.0,1000,1515.0,2026-09-12,20 months,False,,,,,,,,https://www.invitationhomes.com/houses-for-rent/711-hawk-ln-34759-2685,2026-08-10,2026-09-12,FL,Kissimmee,,,,,711-hawk-ln-34759-2685
2026-09-12,INVH,Tampa,"610 Fisher Ct, Poinciana, FL, 34759",Tampa,INVH-610-fisher-ct-34759-5767,3,2.0,1630,1799.0,2026-09-12,21 months,False,,,,,,,,https://www.invitationhomes.com/houses-for-rent/610-fisher-ct-34759-5767,2026-08-16,2026-09-12,FL,Poinciana,,,,,610-fisher-ct-34759-5767
2026-09-12,INVH,Orlando,"714 Hamster Ct, Kissimmee, FL, 34759",Orlando,INVH-714-hamster-ct-kissimmee-fl-34759,3,2.0,1117,1610.0,2026-09-14,20 months,False,,,,,,,,https://www.invitationhomes.com/houses-for-rent/714-hamster-ct-kissimmee-fl-34759,2026-08-02,2026-09-12,FL,Kissimmee,,,,,714-hamster-ct-kissimmee-fl-34759
2026-09-12,INVH,Orlando,"1160 Saint Tropez Ct, Kissimmee, FL, 34759",Orlando,INVH-1160-saint-tropez-ct-kissimmee-fl-34759,3,2.0,1536,1675.0,2026-09-12,20 months,False,,,,,,,,https://www.invitationhomes.com/houses-for-rent/1160-saint-tropez-ct-kissimmee-fl-34759,2026-08-10,2026-09-12,FL,Kissimmee,,,,,1160-saint-tropez-ct-kissimmee-fl-34759
2026-09-12,INVH,Orlando,"727 Versailles Ln, Kissimmee, FL, 34759",Orlando,INVH-727-versailles-ln-kissimmee-fl-34759,4,2.0,1768,1840.0,2026-09-12,20 months,False,,,,,,,,https://www.invitationhomes.com/houses-for-rent/727-versailles-ln-kissimmee-fl-34759,2026-08-10,2026-09-12,FL,Kissimmee,,,,,727-versailles-ln-kissimmee-fl-34759
2026-09-12,INVH,Orlando,"408 Martigues Dr, Kissimmee, FL, 34759",Orlando,INVH-408-martigues-dr-34759-102723,4,2.0,1750,2149.0,2026-10-17,20 months,False,,,,,,,,https://www.invitationhomes.com/houses-for-rent/408-martigues-dr-34759-102723,2026-09-03,2026-09-12,FL,Kissimmee,,,,,408-martigues-dr-34759-102723
2026-09-12,INVH,Tampa,"700 Carlyle Way, Fort Pierce, FL, 34947",Tampa,INVH-700-carlyle-way-34947-121430,4,2.0,1824,2645.0,2026-09-25,18 months,False,,,,,,,,https://www.invitationhomes.com/houses-for-rent/700-carlyle-way-34947-121430,2026-08-16,2026-09-12,FL,Fort Pierce,,,,,700-carlyle-way-34947-121430
2026-09-12,INVH,Tampa,"755 Carlyle Way, Fort Pierce, FL, 34947",Tampa,INVH-755-carlyle-way-34947-121190,5,2.5,2326,2695.0,2026-09-12,18 months,False,,,,,,,,https://www.invitationhomes.com/houses-for-rent/755-carlyle-way-34947-121190,2026-06-09,2026-09-12,FL,Fort Pierce,,,,,755-carlyle-way-34947-121190
2026-09-12,INVH,Tampa,"747 Carlyle Way, Fort Pierce, FL, 34947",Tampa,INVH-747-carlyle-way-34947-121191,5,2.5,2326,2695.0,2026-09-12,18 months,False,,,,,,,,https://www.invitationhomes.com/houses-for-rent/747-carlyle-way-34947-121191,2026-06-14,2026-09-12,FL,Fort Pierce,,,,,747-carlyle-way-34947-121191
2026-09-12,INVH,Tampa,"714 Carlyle Way, Fort Pierce, FL, 34947",Tampa,INVH-714-carlyle-way-34947-121432,5,2.0,2326,2695.0,2026-09-12,18 months,False,,,,,,,,https://www.invitationhomes.com/houses-for-rent/714-carlyle-way-34947-121432,2026-07-19,2026-09-12,FL,Fort Pierce,,,,,714-carlyle-way-34947-121432
2026-09-12,INVH,Tampa,"1218 Preston Estates Cir, Vero Beach, FL, 32960",Tampa,INVH-1218-preston-estates-cir-32960-118689,2,2.5,1424,2075.0,2026-09-12,24 months,False,,,,,,,,https://www.invitationhomes.com/houses-for-rent/1218-preston-estates-cir-32960-118689,2026-08-02,2026-09-12,FL,Vero Beach,,,,,1218-preston-estates-cir-32960-118689
2026-09-12,INVH,Tampa,"1224 Preston Estates Cir, Vero Beach, FL, 32960",Tampa,INVH-1224-preston-estates-cir-32960-118686,2,2.0,1303,1999.0,2026-09-12,24 months,False,,,,,,,,https://www.invitationhomes.com/houses-for-rent/1224-preston-estates-cir-32960-118686,2026-06-09,2026-09-12,FL,Vero Beach,,,,,1224-preston-estates-cir-32960-118686
2026-09-12,INVH,Tampa,"1231 Preston Estates Cir, Vero Beach, FL, 32960",Tampa,INVH-1231-preston-estates-cir-32960-118681,2,2.5,1424,2075.0,2026-09-12,24 months,False,,,,,,,,https://www.invitationhomes.com/houses-for-rent/1231-preston-estates-cir-32960-118681,2026-08-02,2026-09-12,FL,Vero Beach,,,,,1231-preston-estates-cir-32960-118681
2026-09-12,INVH,Tampa,"1228 Preston Estates Cir, Vero Beach, FL, 32960",Tampa,INVH-1228-preston-estates-cir-32960-118684,2,2.5,1424,2125.0,2026-10-25,24 months,False,,,,,,,,https://www.invitationhomes.com/houses-for-rent/1228-preston-estates-cir-32960-118684,2026-09-12,2026-09-12,FL,Vero Beach,,,,,1228-preston-estates-cir-32960-118684
2026-09-12,INVH,Tampa,"1251 Preston Estates Cir, Vero Beach, FL, 32960",Tampa,INVH-1251-preston-estates-cir-32960-118711,2,2.5,1424,2125.0,2026-10-15,24 months,False,,,,,,,,https://www.invitationhomes.com/houses-for-rent/1251-preston-estates-cir-32960-118711,2026-09-03,2026-09-12,FL,Vero Beach,,,,,1251-preston-estates-cir-32960-118711
2026-09-12,INVH,Tampa,"2140 O'Connel Ave SW, Palm Bay, FL, 32908",Tampa,INVH-2140-oconnel-ave-sw-32908-114883,4,2.0,1791,2095.0,2026-09-15,20 months,False,,,,,,,,https://www.invitationhomes.com/houses-for-rent/2140-oconnel-ave-sw-32908-114883,2026-08-10,2026-09-12,FL,Palm Bay,,,,,2140-oconnel-ave-sw-32908-114883
2026-09-12,INVH,Tampa,"543 Gancedo St SW, Palm Bay, FL, 32908",Tampa,INVH-543-gancedo-st-sw-32908-93903,4,2.0,1809,2225.0,2026-09-16,20 months,False,,,,,,,,https://www.invitationhomes.com/houses-for-rent/543-gancedo-st-sw-32908-93903,2026-08-16,2026-09-12,FL,Palm Bay,,,,,543-gancedo-st-sw-32908-93903
2026-09-12,INVH,Tampa,"475 Olney St SW, Palm Bay, FL, 32908",Tampa,INVH-475-olney-st-sw-32908-114444,4,2.0,1791,2185.0,2026-10-17,20 months,False,,,,,,,,https://www.invitationhomes.com/houses-for-rent/475-olney-st-sw-32908-114444,2026-09-09,2026-09-12,FL,Palm Bay,,,,,475-olney-st-sw-32908-114444
2026-09-12,INVH,Tampa,"338 Hammonton St SW, Palm Bay, FL, 32908",Tampa,INVH-338-hammonton-st-sw-32908-93581,4,2.0,1809,2260.0,2026-10-17,20 months,False,,,,,,,,https://www.invitationhomes.com/houses-for-rent/338-hammonton-st-sw-32908-93581,2026-09-03,2026-09-12,FL,Palm Bay,,,,,338-hammonton-st-sw-32908-93581
2026-09-12,INVH,Tampa,"318 Breckenridge Cir SE, Palm Bay, FL, 32909",Tampa,INVH-318-breckenridge-cir-se-palm-bay-fl-32909,3,2.0,1711,1845.0,2026-09-12,20 months,False,,,,,,,,https://www.invitationhomes.com/houses-for-rent/318-breckenridge-cir-se-palm-bay-fl-32909,2026-06-09,2026-09-12,FL,Palm Bay,,,,,318-breckenridge-cir-se-palm-bay-fl-32909
2026-09-12,INVH,Tampa,"1235 Ragen Rd SE, Palm Bay, FL, 32909",Tampa,INVH-1235-ragen-rd-se-32909-5695,3,2.5,2395,2360.0,2026-09-18,20 months,False,,,,,,,,https://www.invitationhomes.com/houses-for-rent/1235-ragen-rd-se-32909-5695,2026-08-23,2026-09-12,FL,Palm Bay,,,,,1235-ragen-rd-se-32909-5695
2026-09-12,INVH,Tampa,"1496 Diablo Cir SW, Palm Bay, FL, 32908",Tampa,INVH-1496-diablo-cir-sw-32907-118568,4,2.5,1873,2249.0,2026-10-05,24 months,False,,,,,,,,https://www.invitationhomes.com/houses-for-rent/1496-diablo-cir-sw-32907-118568,2026-09-03,2026-09-12,FL,Palm Bay,,,,,1496-diablo-cir-sw-32907-118568
2026-09-12,INVH,Tampa,"1515 Diablo Cir SW, Palm Bay, FL, 32908",Tampa,INVH-1515-diablo-cir-sw-32907-118541,3,2.0,1448,1925.0,2026-09-12,24 months,False,,,,,,,,https://www.invitationhomes.com/houses-for-rent/1515-diablo-cir-sw-32907-118541,2026-07-19,2026-09-12,FL,Palm Bay,,,,,1515-diablo-cir-sw-32907-118541
2026-09-12,INVH,Tampa,"1786 Hydrangea Rd NW, Palm Bay, FL, 32907",Tampa,INVH-1786-hydrangea-rd-nw-32907-4122,3,2.0,1202,1645.0,2026-09-12,20 months,False,,,,,,,,https://www.invitationhomes.com/houses-for-rent/1786-hydrangea-rd-nw-32907-4122,2026-07-19,2026-09-12,FL,Palm Bay,,,,,1786-hydrangea-rd-nw-32907-4122
2026-09-12,INVH,Tampa,"412 Commodore Ave NW, Palm Bay, FL, 32907",Tampa,INVH-412-commodore-ave-nw-palm-bay-fl-32907,3,2.0,2364,2360.0,2026-09-12,20 months,False,,,,,,,,https://www.invitationhomes.com/houses-for-rent/412-commodore-ave-nw-palm-bay-fl-32907,2026-08-23,2026-09-12,FL,Palm Bay,,,,,412-commodore-ave-nw-palm-bay-fl-32907
2026-09-12,INVH,Tampa,"1646 Heartwellville St NW, Palm Bay, FL, 32907",Tampa,INVH-1646-heartwellville-st-nw-32907-1599,3,2.0,1126,1749.0,2026-09-22,21 months,False,,,,,,,,https://www.invitationhomes.com/houses-for-rent/1646-heartwellville-st-nw-32907-1599,2026-07-19,2026-09-12,FL,Palm Bay,,,,,1646-heartwellville-st-nw-32907-1599
2026-09-12,INVH,Tampa,"1830 Parrsboro St NW, Palm Bay, FL, 32907",Tampa,INVH-1830-parrsboro-st-nw-palm-bay-fl-32907,4,3.0,2267,2195.0,2026-10-17,20 months,False,,,,,,,,https://www.invitationhomes.com/houses-for-rent/1830-parrsboro-st-nw-palm-bay-fl-32907,2026-09-03,2026-09-12,FL,Palm Bay,,,,,1830-parrsboro-st-nw-palm-bay-fl-32907
2026-09-12,INVH,Tampa,"410 Truman St SW, Palm Bay, FL, 32908",Tampa,INVH-410-truman-st-sw-32908-8158,3,2.0,1932,2095.0,2026-10-13,20 months,False,,,,,,,,https://www.invitationhomes.com/houses-for-rent/410-truman-st-sw-32908-8158,2026-09-03,2026-09-12,FL,Palm Bay,,,,,410-truman-st-sw-32908-8158
2026-09-12,INVH,Tampa,"417 Saragassa Ave SW, Palm Bay, FL, 32908",Tampa,INVH-417-saragassa-ave-sw-palm-bay-fl-32908,3,2.0,1808,1795.0,2026-09-12,20 months,False,,,,,,,,https://www.invitationhomes.com/houses-for-rent/417-saragassa-ave-sw-palm-bay-fl-32908,2026-07-19,2026-09-12,FL,Palm Bay,,,,,417-saragassa-ave-sw-palm-bay-fl-32908
2026-09-12,INVH,Tampa,"910 Button Ave SE, Palm Bay, FL, 32909",Tampa,INVH-910-button-ave-se-32909-93782,4,2.0,1809,2230.0,2026-10-25,20 months,False,,,,,,,,https://www.invitationhomes.com/houses-for-rent/910-button-ave-se-32909-93782,2026-09-12,2026-09-12,FL,Palm Bay,,,,,910-button-ave-se-32909-93782
2026-09-12,INVH,Tampa,"734 Cleaves St SE, Palm Bay, FL, 32909",Tampa,INVH-734-cleaves-st-se-32909-93866,4,2.0,1809,2190.0,2026-09-12,20 months,False,,,,,,,,https://www.invitationhomes.com/houses-for-rent/734-cleaves-st-se-32909-93866,2026-08-16,2026-09-12,FL,Palm Bay,,,,,734-cleaves-st-se-32909-93866
2026-09-12,INVH,Tampa,"799 Everglade Ave SE, Palm Bay, FL, 32909",Tampa,INVH-799-everglade-ave-se-32909-94191,4,2.0,1809,2195.0,2026-09-12,20 months,False,,,,,,,,https://www.invitationhomes.com/houses-for-rent/799-everglade-ave-se-32909-94191,2026-08-02,2026-09-12,FL,Palm Bay,,,,,799-everglade-ave-se-32909-94191
2026-09-12,INVH,Tampa,"1531 Shamrock Ave SE, Palm Bay, FL, 32909",Tampa,INVH-1531-shamrock-ave-se-32909-93535,4,2.0,1809,2190.0,2026-10-08,20 months,False,,,,,,,,https://www.invitationhomes.com/houses-for-rent/1531-shamrock-ave-se-32909-93535,2026-09-03,2026-09-12,FL,Palm Bay,,,,,1531-shamrock-ave-se-32909-93535
2026-09-12,INVH,Tampa,"1582 Wyoming Dr SE, Palm Bay, FL, 32909",Tampa,INVH-1582-wyoming-dr-se-palm-bay-fl-32909,3,2.0,1196,1699.0,2026-09-12,21 months,False,,,,,,,,https://www.invitationhomes.com/houses-for-rent/1582-wyoming-dr-se-palm-bay-fl-32909,2026-07-19,2026-09-12,FL,Palm Bay,,,,,1582-wyoming-dr-se-palm-bay-fl-32909
2026-09-12,INVH,Tampa,"1183 Raoul St SE, Palm Bay, FL, 32909",Tampa,INVH-1183-raoul-st-se-32909-95971,4,2.0,1809,2135.0,2026-10-27,20 months,False,,,,,,,,https://www.invitationhomes.com/houses-for-rent/1183-raoul-st-se-32909-95971,2026-09-12,2026-09-12,FL,Palm Bay,,,,,1183-raoul-st-se-32909-95971
2026-09-12,INVH,Tampa,"478 Cellini Ave NE, Palm Bay, FL, 32907",Tampa,INVH-478-cellini-ave-ne-32907-93786,4,2.0,1791,2095.0,2026-09-12,20 months,False,,,,,,,,https://www.invitationhomes.com/houses-for-rent/478-cellini-ave-ne-32907-93786,2026-07-19,2026-09-12,FL,Palm Bay,,,,,478-cellini-ave-ne-32907-93786
2026-09-12,INVH,Tampa,"1796 Barker St NE, Palm Bay, FL, 32907",Tampa,INVH-1796-barker-st-ne-palm-bay-fl-32907,3,2.0,1945,2195.0,2026-09-19,20 months,False,,,,,,,,https://www.invitationhomes.com/houses-for-rent/1796-barker-st-ne-palm-bay-fl-32907,2026-08-23,2026-09-12,FL,Palm Bay,,,,,1796-barker-st-ne-palm-bay-fl-32907
2026-09-12,INVH,Tampa,"1856 Edith St NE, Palm Bay, FL, 32907",Tampa,INVH-1856-edith-st-ne-32907-1727,3,2.0,1384,1649.0,2026-09-12,21 months,False,,,,,,,,https://www.invitationhomes.com/houses-for-rent/1856-edith-st-ne-32907-1727,2026-08-02,2026-09-12,FL,Palm Bay,,,,,1856-edith-st-ne-32907-1727
2026-09-12,INVH,Tampa,"478 Heather Ave NE, Palm Bay, FL, 32907",Tampa,INVH-478-heather-ave-ne-32907-8502,3,2.0,1644,1845.0,2026-09-25,20 months,False,,,,,,,,https://www.invitationhomes.com/houses-for-rent/478-heather-ave-ne-32907-8502,2026-07-19,2026-09-12,FL,Palm Bay,,,,,478-heather-ave-ne-32907-8502
2026-09-12,INVH,Tampa,"745 Sedgewood Cir, Melbourne, FL, 32904",Tampa,INVH-745-sedgewood-cir-32904-5291,3,2.0,1912,2445.0,2026-10-14,20 months,False,,,,,,,,https://www.invitationhomes.com/houses-for-rent/745-sedgewood-cir-32904-5291,2026-09-03,2026-09-12,FL,Melbourne,,,,,745-sedgewood-cir-32904-5291
2026-09-12,INVH,Tampa,"1253 Hailey St, Melbourne, FL, 32904",Tampa,INVH-1253-hailey-st-32904-3819,3,2.0,1976,2125.0,2026-09-12,20 months,False,,,,,,,,https://www.invitationhomes.com/houses-for-rent/1253-hailey-st-32904-3819,2026-07-19,2026-09-12,FL,Melbourne,,,,,1253-hailey-st-32904-3819
2026-09-12,INVH,Tampa,"4122 Collinwood Dr, Melbourne, FL, 32901",Tampa,INVH-4122-collinwood-dr-32901-2373,3,2.0,1706,2095.0,2026-10-17,20 months,False,,,,,,,,https://www.invitationhomes.com/houses-for-rent/4122-collinwood-dr-32901-2373,2026-09-03,2026-09-12,FL,Melbourne,,,,,4122-collinwood-dr-32901-2373
2026-09-12,INVH,Tampa,"2744 Corbusier Dr, Melbourne, FL, 32935",Tampa,INVH-2744-corbusier-dr-32935-7077,3,2.0,1188,1980.0,2026-10-13,20 months,False,,,,,,,,https://www.invitationhomes.com/houses-for-rent/2744-corbusier-dr-32935-7077,2026-09-03,2026-09-12,FL,Melbourne,,,,,2744-corbusier-dr-32935-7077
2026-09-12,INVH,Tampa,"6114 Whalton St, West Palm Beach, FL, 33411",Tampa,INVH-6114-whalton-st-west-palm-beach-fl-33411,3,2.5,1595,2599.0,2026-09-12,19 months,False,,,,,,,,https://www.invitationhomes.com/houses-for-rent/6114-whalton-st-west-palm-beach-fl-33411,2026-08-02,2026-09-12,FL,West Palm Beach,,,,,6114-whalton-st-west-palm-beach-fl-33411
2026-09-12,INVH,Tampa,"4238 Lake Tahoe Cir, West Palm Beach, FL, 33409",Tampa,INVH-4238-lake-tahoe-cir-west-palm-beach-fl-33409,4,3.0,1979,3240.0,2026-09-12,18 months,False,,,,,,,,https://www.invitationhomes.com/houses-for-rent/4238-lake-tahoe-cir-west-palm-beach-fl-33409,2026-08-02,2026-09-12,FL,West Palm Beach,,,,,4238-lake-tahoe-cir-west-palm-beach-fl-33409
2026-09-12,INVH,Tampa,"4116 Torres Cir, West Palm Beach, FL, 33409",Tampa,INVH-4116-torres-cir-33409-6758,3,2.0,1681,2895.0,2026-10-03,18 months,False,,,,,,,,https://www.invitationhomes.com/houses-for-rent/4116-torres-cir-33409-6758,2026-08-23,2026-09-12,FL,West Palm Beach,,,,,4116-torres-cir-33409-6758
2026-09-12,INVH,Tampa,"707 40Th St, Palm Beach, FL, 33407",Tampa,INVH-707-40th-st-33407-103331,3,2.0,850,2249.0,2026-09-12,19 months,False,,,,,,,,https://www.invitationhomes.com/houses-for-rent/707-40th-st-33407-103331,2026-07-19,2026-09-12,FL,Palm Beach,,,,,707-40th-st-33407-103331
2026-09-12,INVH,Tampa,"355 Prestwick Cir Apt 3, Palm Beach Gardens, FL, 33418",Tampa,INVH-355-prestwick-cir-apt-3-palm-beach-gardens-fl-33418,2,3.0,1532,3140.0,2026-09-17,18 months,False,,,,,,,,https://www.invitationhomes.com/houses-for-rent/355-prestwick-cir-apt-3-palm-beach-gardens-fl-33418,2026-07-19,2026-09-12,FL,Palm Beach Gardens,,,,,355-prestwick-cir-apt-3-palm-beach-gardens-fl-33418
2026-09-12,INVH,Tampa,"427 Brackenwood Ln N, Palm Beach Gardens, FL, 33418",Tampa,INVH-427-brackenwood-ln-n-palm-beach-gardens-fl-33418,2,2.0,1180,2395.0,2026-09-12,18 months,False,,,,,,,,https://www.invitationhomes.com/houses-for-rent/427-brackenwood-ln-n-palm-beach-gardens-fl-33418,2026-08-10,2026-09-12,FL,Palm Beach Gardens,,,,,427-brackenwood-ln-n-palm-beach-gardens-fl-33418
2026-09-12,INVH,Tampa,"746 Eagle Way, North Palm Beach, FL, 33408",Tampa,INVH-746-eagle-way-33408-1760,3,2.0,1480,2920.0,2026-09-12,18 months,False,,,,,,,,https://www.invitationhomes.com/houses-for-rent/746-eagle-way-33408-1760,2026-08-02,2026-09-12,FL,North Palm Beach,,,,,746-eagle-way-33408-1760
2026-09-12,INVH,Tampa,"804 University Blvd, Jupiter, FL, 33458",Tampa,INVH-804-university-blvd-jupiter-fl-33458,3,3.0,1853,3295.0,2026-10-26,18 months,False,,,,,,,,https://www.invitationhomes.com/houses-for-rent/804-university-blvd-jupiter-fl-33458,2026-09-12,2026-09-12,FL,Jupiter,,,,,804-university-blvd-jupiter-fl-33458
2026-09-12,INVH,Tampa,"4119 Parkside Dr, Jupiter, FL, 33458",Tampa,INVH-4119-parkside-dr-jupiter-fl-33458,3,2.2,1908,3495.0,2026-09-15,18 months,False,,,,,,,,https://www.invitationhomes.com/houses-for-rent/4119-parkside-dr-jupiter-fl-33458,2026-09-03,2026-09-12,FL,Jupiter,,,,,4119-parkside-dr-jupiter-fl-33458
2026-09-12,INVH,Tampa,"161 Cat Rock Ln, Jupiter, FL, 33458",Tampa,INVH-161-cat-rock-ln-jupiter-fl-33458,3,2.2,1760,3295.0,2026-09-12,18 months,False,,,,,,,,https://www.invitationhomes.com/houses-for-rent/161-cat-rock-ln-jupiter-fl-33458,2026-04-20,2026-09-12,FL,Jupiter,,,,,161-cat-rock-ln-jupiter-fl-33458
2026-09-12,INVH,Tampa,"145 Galicia Way Apt 203, Jupiter, FL, 33458",Tampa,INVH-145-galicia-way-apt-203-jupiter-fl-33458,2,2.5,1344,2695.0,2026-10-15,18 months,False,,,,,,,,https://www.invitationhomes.com/houses-for-rent/145-galicia-way-apt-203-jupiter-fl-33458,2026-09-03,2026-09-12,FL,Jupiter,,,,,145-galicia-way-apt-203-jupiter-fl-33458
2026-09-12,INVH,San Antonio,"6643 Scarecrow Wy, San Antonio, TX, 78252",San Antonio,INVH-6643-scarecrow-wy-78252-117519,4,2.0,1627,1585.0,2026-09-14,24 months,False,,,,,,,,https://www.invitationhomes.com/houses-for-rent/6643-scarecrow-wy-78252-117519,2026-08-16,2026-09-12,TX,San Antonio,,,,,6643-scarecrow-wy-78252-117519
2026-09-12,INVH,San Antonio,"14102 Silos Meadows, San Antonio, TX, 78252",San Antonio,INVH-14102-silos-meadows-78252-117518,4,2.5,1950,1999.0,2026-09-12,24 months,False,,,,,,,,https://www.invitationhomes.com/houses-for-rent/14102-silos-meadows-78252-117518,2026-08-23,2026-09-12,TX,San Antonio,,,,,14102-silos-meadows-78252-117518
2026-09-12,INVH,San Antonio,"6435 Pickaxe Wy, San Antonio, TX, 78252",San Antonio,INVH-6435-pickaxe-wy-78252-117508,3,2.0,1266,1440.0,2026-09-12,24 months,False,,,,,,,,https://www.invitationhomes.com/houses-for-rent/6435-pickaxe-wy-78252-117508,2026-07-19,2026-09-12,TX,San Antonio,,,,,6435-pickaxe-wy-78252-117508
2026-09-12,INVH,San Antonio,"13702 Bucket Wy, San Antonio, TX, 78252",San Antonio,INVH-13702-bucket-wy-78252-117529,4,2.0,1492,1735.0,2026-09-15,24 months,False,,,,,,,,https://www.invitationhomes.com/houses-for-rent/13702-bucket-wy-78252-117529,2026-08-23,2026-09-12,TX,San Antonio,,,,,13702-bucket-wy-78252-117529
2026-09-12,INVH,San Antonio,"14423 Muggle Ml, San Antonio, TX, 78245",San Antonio,INVH-14423-muggle-mill-78245-123867,4,2.0,1600,1649.0,2026-10-16,24 months,False,,,,,,,,https://www.invitationhomes.com/houses-for-rent/14423-muggle-mill-78245-123867,2026-04-04,2026-09-12,TX,San Antonio,,,,,14423-muggle-mill-78245-123867
2026-09-12,INVH,San Antonio,"3334 Rodgers Hill, San Antonio, TX, 78245",San Antonio,INVH-3334-rodgers-hill-53-162-78245-122575,4,2.5,2173,1949.0,2026-09-30,24 months,False,,,,,,,,https://www.invitationhomes.com/houses-for-rent/3334-rodgers-hill-53-162-78245-122575,2026-08-16,2026-09-12,TX,San Antonio,,,,,3334-rodgers-hill-53-162-78245-122575
2026-09-12,INVH,San Antonio,"826 Trilby, San Antonio, TX, 78253",San Antonio,INVH-826-trilby-78253-112541,4,2.5,2563,2110.0,2026-09-12,24 months,False,,,,,,,,https://www.invitationhomes.com/houses-for-rent/826-trilby-78253-112541,2026-08-16,2026-09-12,TX,San Antonio,,,,,826-trilby-78253-112541
2026-09-12,INVH,San Antonio,"13134 Braxon Pass, San Antonio, TX, 78253",San Antonio,INVH-13134-braxon-pass-78253-112564,3,2.0,2029,1949.0,2026-09-12,24 months,False,,,,,,,,https://www.invitationhomes.com/houses-for-rent/13134-braxon-pass-78253-112564,2026-08-02,2026-09-12,TX,San Antonio,,,,,13134-braxon-pass-78253-112564
2026-09-12,INVH,San Antonio,"12011 Edward Conrad, San Antonio, TX, 78253",San Antonio,INVH-12011-edward-conrad-78253-112538,5,2.5,2572,2120.0,2026-09-12,24 months,False,,,,,,,,https://www.invitationhomes.com/houses-for-rent/12011-edward-conrad-78253-112538,2026-07-19,2026-09-12,TX,San Antonio,,,,,12011-edward-conrad-78253-112538
2026-09-12,INVH,San Antonio,"8910 Double Oak, San Antonio, TX, 78254",San Antonio,INVH-8910-double-oak-78254-121385,4,2.0,1904,2049.0,2026-09-12,24 months,False,,,,,,,,https://www.invitationhomes.com/houses-for-rent/8910-double-oak-78254-121385,2026-06-09,2026-09-12,TX,San Antonio,,,,,8910-double-oak-78254-121385
2026-09-12,INVH,San Antonio,"13603 McBride Bnd, San Antonio, TX, 78254",San Antonio,INVH-13603-mcbride-bnd-78254-114248,4,2.0,2365,2415.0,2026-09-12,24 months,False,,,,,,,,https://www.invitationhomes.com/houses-for-rent/13603-mcbride-bnd-78254-114248,2026-08-02,2026-09-12,TX,San Antonio,,,,,13603-mcbride-bnd-78254-114248
2026-09-12,INVH,San Antonio,"6119 Briscoe Leaf, San Antonio, TX, 78253",San Antonio,INVH-6119-briscoe-leaf-78253-114253,3,2.0,1584,1665.0,2026-09-12,24 months,False,,,,,,,,https://www.invitationhomes.com/houses-for-rent/6119-briscoe-leaf-78253-114253,2026-05-26,2026-09-12,TX,San Antonio,,,,,6119-briscoe-leaf-78253-114253
2026-09-12,INVH,San Antonio,"8503 Silver Brush, San Antonio, TX, 78254",San Antonio,INVH-8503-silver-brush-78254-112512,3,2.0,1523,1985.0,2026-10-27,24 months,False,,,,,,,,https://www.invitationhomes.com/houses-for-rent/8503-silver-brush-78254-112512,2026-09-12,2026-09-12,TX,San Antonio,,,,,8503-silver-brush-78254-112512
2026-09-12,INVH,San Antonio,"14618 Snip, San Antonio, TX, 78248",San Antonio,INVH-14618-snip-78248-112682,3,2.5,2343,2345.0,2026-09-12,24 months,False,,,,,,,,https://www.invitationhomes.com/houses-for-rent/14618-snip-78248-112682,2026-08-10,2026-09-12,TX,San Antonio,,,,,14618-snip-78248-112682
2026-09-12,INVH,San Antonio,"1522 Mallard Hvn, San Antonio, TX, 78260",San Antonio,INVH-1522-mallard-hvn-78260-114288,3,2.5,2043,2349.0,2026-09-26,24 months,False,,,,,,,,https://www.invitationhomes.com/houses-for-rent/1522-mallard-hvn-78260-114288,2026-08-16,2026-09-12,TX,San Antonio,,,,,1522-mallard-hvn-78260-114288
2026-09-12,INVH,San Antonio,"4159 Southton Tarn, San Antonio, TX, 78223",San Antonio,INVH-4159-southton-tarn-78223-117955,3,2.0,1230,1349.0,2026-09-12,24 months,False,,,,,,,,https://www.invitationhomes.com/houses-for-rent/4159-southton-tarn-78223-117955,2026-08-02,2026-09-12,TX,San Antonio,,,,,4159-southton-tarn-78223-117955
2026-09-12,INVH,San Antonio,"4231 Southton Lk, San Antonio, TX, 78223",San Antonio,INVH-4231-southton-lk-78223-117692,3,2.0,1244,1349.0,2026-10-03,24 months,False,,,,,,,,https://www.invitationhomes.com/houses-for-rent/4231-southton-lk-78223-117692,2026-08-23,2026-09-12,TX,San Antonio,,,,,4231-southton-lk-78223-117692
2026-09-12,INVH,San Antonio,"4223 Southton Lk, San Antonio, TX, 78223",San Antonio,INVH-4223-southton-lk-78223-117691,3,2.0,1018,1325.0,2026-09-12,24 months,False,,,,,,,,https://www.invitationhomes.com/houses-for-rent/4223-southton-lk-78223-117691,2026-06-09,2026-09-12,TX,San Antonio,,,,,4223-southton-lk-78223-117691
2026-09-12,INVH,San Antonio,"7410 Adaja Riv, San Antonio, TX, 78244",San Antonio,INVH-7410-adaja-riv-78244-117866,4,2.0,1627,1599.0,2026-10-05,24 months,False,,,,,,,,https://www.invitationhomes.com/houses-for-rent/7410-adaja-riv-78244-117866,2026-06-14,2026-09-12,TX,San Antonio,,,,,7410-adaja-riv-78244-117866
2026-09-12,INVH,San Antonio,"7326 Adaja Riv, San Antonio, TX, 78244",San Antonio,INVH-7326-adaja-riv-78244-117863,4,2.5,1950,1775.0,2026-09-12,24 months,False,,,,,,,,https://www.invitationhomes.com/houses-for-rent/7326-adaja-riv-78244-117863,2026-09-03,2026-09-12,TX,San Antonio,,,,,7326-adaja-riv-78244-117863
2026-09-12,INVH,San Antonio,"5449 Verdugos Pl, San Antonio, TX, 78244",San Antonio,INVH-5449-verdugos-pl-78244-117731,3,2.0,1244,1349.0,2026-09-12,24 months,False,,,,,,,,https://www.invitationhomes.com/houses-for-rent/5449-verdugos-pl-78244-117731,2026-08-10,2026-09-12,TX,San Antonio,,,,,5449-verdugos-pl-78244-117731
2026-09-12,INVH,San Antonio,"5528 Verdugos Pl, San Antonio, TX, 78244",San Antonio,INVH-5528-verdugos-pl-78244-117760,3,2.0,1018,1399.0,2026-09-12,24 months,False,,,,,,,,https://www.invitationhomes.com/houses-for-rent/5528-verdugos-pl-78244-117760,2026-09-03,2026-09-12,TX,San Antonio,,,,,5528-verdugos-pl-78244-117760
2026-09-12,INVH,San Antonio,"7347 Plata Cir, San Antonio, TX, 78244",San Antonio,INVH-7347-plata-cir-78244-117770,3,2.0,925,1325.0,2026-09-16,24 months,False,,,,,,,,https://www.invitationhomes.com/houses-for-rent/7347-plata-cir-78244-117770,2026-09-06,2026-09-12,TX,San Antonio,,,,,7347-plata-cir-78244-117770
2026-09-12,INVH,San Antonio,"9006 Little Hoss, Converse, TX, 78109",San Antonio,INVH-9006-little-hoss-78109-114279,3,2.0,1450,1599.0,2026-09-12,24 months,False,,,,,,,,https://www.invitationhomes.com/houses-for-rent/9006-little-hoss-78109-114279,2026-08-02,2026-09-12,TX,Converse,,,,,9006-little-hoss-78109-114279
2026-09-12,INVH,San Antonio,"220 Colonial Blf, Universal City, TX, 78148",San Antonio,INVH-220-colonial-blf-78148-114265,4,2.5,2502,2120.0,2026-09-12,24 months,False,,,,,,,,https://www.invitationhomes.com/houses-for-rent/220-colonial-blf-78148-114265,2026-07-19,2026-09-12,TX,Universal City,,,,,220-colonial-blf-78148-114265
2026-09-12,INVH,San Antonio,"467 Walnut Crst, Schertz, TX, 78154",San Antonio,INVH-467-walnut-crst-78154-113680,3,2.5,2040,1699.0,2026-09-12,24 months,False,,,,,,,,https://www.invitationhomes.com/houses-for-rent/467-walnut-crst-78154-113680,2026-06-09,2026-09-12,TX,Schertz,,,,,467-walnut-crst-78154-113680
2026-09-12,INVH,San Antonio,"4002 Alpine Aster, San Antonio, TX, 78259",San Antonio,INVH-4002-alpine-aster-78259-114271,4,2.5,2652,2249.0,2026-09-12,24 months,False,,,,,,,,https://www.invitationhomes.com/houses-for-rent/4002-alpine-aster-78259-114271,2026-08-16,2026-09-12,TX,San Antonio,,,,,4002-alpine-aster-78259-114271
2026-09-12,INVH,San Antonio,"742 Llano Sky Trl, New Braunfels, TX, 78132",San Antonio,INVH-742-llano-sky-trl-78132-122380,4,2.0,1867,1880.0,2026-10-15,24 months,False,,,,,,,,https://www.invitationhomes.com/houses-for-rent/742-llano-sky-trl-78132-122380,2026-09-03,2026-09-12,TX,New Braunfels,,,,,742-llano-sky-trl-78132-122380
2026-09-12,INVH,San Antonio,"1099 Pelican Pl, New Braunfels, TX, 78130",San Antonio,INVH-1099-pelican-pl-78130-113394,4,3.0,2423,2690.0,2026-10-10,24 months,False,,,,,,,,https://www.invitationhomes.com/houses-for-rent/1099-pelican-pl-78130-113394,2026-09-03,2026-09-12,TX,New Braunfels,,,,,1099-pelican-pl-78130-113394
2026-09-12,INVH,San Antonio,"134 Pasadena Pl, New Braunfels, TX, 78130",San Antonio,INVH-134-pasadena-pl-78130-117662,4,2.0,1627,1665.0,2026-09-15,24 months,False,,,,,,,,https://www.invitationhomes.com/houses-for-rent/134-pasadena-pl-78130-117662,2026-08-10,2026-09-12,TX,New Braunfels,,,,,134-pasadena-pl-78130-117662
2026-09-12,INVH,San Antonio,"138 Pasadena Pl, New Braunfels, TX, 78130",San Antonio,INVH-138-pasadena-pl-78130-117661,3,2.0,1266,1449.0,2026-09-12,24 months,False,,,,,,,,https://www.invitationhomes.com/houses-for-rent/138-pasadena-pl-78130-117661,2026-05-24,2026-09-12,TX,New Braunfels,,,,,138-pasadena-pl-78130-117661
2026-09-12,INVH,San Antonio,"146 Pasadena Pl, New Braunfels, TX, 78130",San Antonio,INVH-146-pasadena-pl-78130-117659,4,2.5,1687,1520.0,2026-09-12,24 months,False,,,,,,,,https://www.invitationhomes.com/houses-for-rent/146-pasadena-pl-78130-117659,2026-06-09,2026-09-12,TX,New Braunfels,,,,,146-pasadena-pl-78130-117659
2026-09-12,INVH,San Antonio,"167 Pasadena Pl, New Braunfels, TX, 78130",San Antonio,INVH-167-pasadena-pl-78130-117625,3,2.0,1266,1475.0,2026-09-12,24 months,False,,,,,,,,https://www.invitationhomes.com/houses-for-rent/167-pasadena-pl-78130-117625,2026-07-19,2026-09-12,TX,New Braunfels,,,,,167-pasadena-pl-78130-117625
2026-09-12,INVH,San Antonio,"106 Pasadena Pl, New Braunfels, TX, 78130",San Antonio,INVH-106-pasadena-pl-78130-117669,3,2.0,1440,1495.0,2026-10-19,24 months,False,,,,,,,,https://www.invitationhomes.com/houses-for-rent/106-pasadena-pl-78130-117669,2026-09-06,2026-09-12,TX,New Braunfels,,,,,106-pasadena-pl-78130-117669
2026-09-12,INVH,San Antonio,"143 Pasadena Pl, New Braunfels, TX, 78130",San Antonio,INVH-143-pasadena-pl-78130-117631,4,2.0,1627,1645.0,2026-09-12,24 months,False,,,,,,,,https://www.invitationhomes.com/houses-for-rent/143-pasadena-pl-78130-117631,2026-08-02,2026-09-12,TX,New Braunfels,,,,,143-pasadena-pl-78130-117631
2026-09-12,INVH,San Antonio,"113 Parish Ln, New Braunfels, TX, 78130",San Antonio,INVH-113-parish-ln-78130-117622,3,2.0,1440,1485.0,2026-09-12,24 months,False,,,,,,,,https://www.invitationhomes.com/houses-for-rent/113-parish-ln-78130-117622,2026-04-26,2026-09-12,TX,New Braunfels,,,,,113-parish-ln-78130-117622
2026-09-12,INVH,San Antonio,"181 Parish Ln, New Braunfels, TX, 78130",San Antonio,INVH-181-parish-ln-78130-117605,3,2.0,1440,1485.0,2026-09-12,24 months,False,,,,,,,,https://www.invitationhomes.com/houses-for-rent/181-parish-ln-78130-117605,2026-08-02,2026-09-12,TX,New Braunfels,,,,,181-parish-ln-78130-117605
2026-09-12,INVH,Dallas,"2023 Nevada Street, San Marcos, TX, 78666",Dallas,INVH-2023-nevada-street-78666-109868,3,2.5,1478,1960.0,2026-10-26,24 months,False,,,,,,,,https://www.invitationhomes.com/houses-for-rent/2023-nevada-street-78666-109868,2026-09-12,2026-09-12,TX,San Marcos,,,,,2023-nevada-street-78666-109868
2026-09-12,INVH,Dallas,"11012 Oak Street, Jonestown, TX, 78645",Dallas,INVH-11012-oak-street-78645-109856,3,2.5,1459,2030.0,2026-09-12,24 months,False,,,,,,,,https://www.invitationhomes.com/houses-for-rent/11012-oak-street-78645-109856,2026-09-03,2026-09-12,TX,Jonestown,,,,,11012-oak-street-78645-109856
2026-09-12,INVH,Austin,"14820 Lipton Lane, Pflugerville, TX, 78660",Austin,INVH-14820-lipton-lane-78660-109869,3,3.0,1736,2040.0,2026-09-12,24 months,False,,,,,,,,https://www.invitationhomes.com/houses-for-rent/14820-lipton-lane-78660-109869,2026-08-02,2026-09-12,TX,Pflugerville,,,,,14820-lipton-lane-78660-109869
2026-09-12,INVH,Austin,"800 Stevenage Drive, Pflugerville, TX, 78660",Austin,INVH-800-stevenage-drive-78660-109863,5,3.0,3271,2660.0,2026-09-30,24 months,False,,,,,,,,https://www.invitationhomes.com/houses-for-rent/800-stevenage-drive-78660-109863,2026-05-17,2026-09-12,TX,Pflugerville,,,,,800-stevenage-drive-78660-109863
2026-09-12,INVH,Austin,"21414 Grand National Avenue, Pflugerville, TX, 78660",Austin,INVH-21414-grand-national-avenue-78660-109882,3,2.5,1704,2045.0,2026-09-12,24 months,False,,,,,,,,https://www.invitationhomes.com/houses-for-rent/21414-grand-national-avenue-78660-109882,2026-07-19,2026-09-12,TX,Pflugerville,,,,,21414-grand-national-avenue-78660-109882
2026-09-12,INVH,Houston,"1022 Bahia Vista Dr, Richmond, TX, 77406",Houston,INVH-1022-bahia-vista-dr-77406-1051,4,2.0,1836,2045.0,2026-10-15,23 months,False,,,,,,,,https://www.invitationhomes.com/houses-for-rent/1022-bahia-vista-dr-77406-1051,2026-09-03,2026-09-12,TX,Richmond,,,,,1022-bahia-vista-dr-77406-1051
2026-09-12,INVH,Houston,"1415 McGee Lake Ct, Richmond, TX, 77407",Houston,INVH-1415-mcgee-lake-ct-77407-94350,4,2.5,2542,2495.0,2026-09-18,23 months,False,,,,,,,,https://www.invitationhomes.com/houses-for-rent/1415-mcgee-lake-ct-77407-94350,2026-08-02,2026-09-12,TX,Richmond,,,,,1415-mcgee-lake-ct-77407-94350
2026-09-12,INVH,Houston,"10107 Limewood Ln, Sugar Land, TX, 77498",Houston,INVH-10107-limewood-ln-77498-6930,3,2.0,1419,1995.0,2026-09-17,23 months,False,,,,,,,,https://www.invitationhomes.com/houses-for-rent/10107-limewood-ln-77498-6930,2026-04-13,2026-09-12,TX,Sugar Land,,,,,10107-limewood-ln-77498-6930
2026-09-12,INVH,Houston,"26906 Drybank Creek Lane, Katy, TX, 77494",Houston,INVH-26906-drybank-creek-lane-77494-110797,4,3.5,2771,3020.0,2026-10-25,23 months,False,,,,,,,,https://www.invitationhomes.com/houses-for-rent/26906-drybank-creek-lane-77494-110797,2026-09-12,2026-09-12,TX,Katy,,,,,26906-drybank-creek-lane-77494-110797
2026-09-12,INVH,Houston,"1331 Blackheath Ct, Katy, TX, 77494",Houston,INVH-1331-blackheath-ct-77494-94295,4,3.5,2899,2510.0,2026-09-12,23 months,False,,,,,,,,https://www.invitationhomes.com/houses-for-rent/1331-blackheath-ct-77494-94295,2026-04-26,2026-09-12,TX,Katy,,,,,1331-blackheath-ct-77494-94295
2026-09-12,INVH,Houston,"1118 Red Rock Canyon Dr, Katy, TX, 77450",Houston,INVH-1118-red-rock-canyon-dr-77450-6242,3,2.0,1857,2095.0,2026-10-01,24 months,False,,,,,,,,https://www.invitationhomes.com/houses-for-rent/1118-red-rock-canyon-dr-77450-6242,2026-09-12,2026-09-12,TX,Katy,,,,,1118-red-rock-canyon-dr-77450-6242
2026-09-12,INVH,Houston,"22635 Leedstown Ln, Katy, TX, 77449",Houston,INVH-22635-leedstown-ln-77449-110641,3,2.0,1460,1795.0,2026-10-08,23 months,False,,,,,,,,https://www.invitationhomes.com/houses-for-rent/22635-leedstown-ln-77449-110641,2026-09-03,2026-09-12,TX,Katy,,,,,22635-leedstown-ln-77449-110641
2026-09-12,INVH,Houston,"22614 Powell House Ln, Katy, TX, 77449",Houston,INVH-22614-powell-house-ln-77449-6431,3,2.0,1490,1745.0,2026-09-12,23 months,False,,,,,,,,https://www.invitationhomes.com/houses-for-rent/22614-powell-house-ln-77449-6431,2026-06-14,2026-09-12,TX,Katy,,,,,22614-powell-house-ln-77449-6431
2026-09-12,INVH,Houston,"19811 Whispering Hollow Ln, Katy, TX, 77449",Houston,INVH-19811-whispering-hollow-ln-77449-6066,4,2.0,1455,1799.0,2026-09-17,24 months,False,,,,,,,,https://www.invitationhomes.com/houses-for-rent/19811-whispering-hollow-ln-77449-6066,2026-07-19,2026-09-12,TX,Katy,,,,,19811-whispering-hollow-ln-77449-6066
2026-09-12,INVH,Houston,"4343 Kevinkay Dr, Houston, TX, 77084",Houston,INVH-4343-kevinkay-dr-77084-7087,3,2.0,1488,1725.0,2026-09-12,23 months,False,,,,,,,,https://www.invitationhomes.com/houses-for-rent/4343-kevinkay-dr-77084-7087,2026-08-02,2026-09-12,TX,Houston,,,,,4343-kevinkay-dr-77084-7087
2026-09-12,INVH,Houston,"5802 Le Carpe Plantation Ct, Katy, TX, 77449",Houston,INVH-5802-le-carpe-plantation-ct-77449-1700,3,2.0,1274,1725.0,2026-09-16,23 months,False,,,,,,,,https://www.invitationhomes.com/houses-for-rent/5802-le-carpe-plantation-ct-77449-1700,2026-08-16,2026-09-12,TX,Katy,,,,,5802-le-carpe-plantation-ct-77449-1700
2026-09-12,INVH,Houston,"5810 Le Carpe Plantation Ct, Katy, TX, 77449",Houston,INVH-5810-le-carpe-plantation-ct-77449-7593,3,2.5,1813,1795.0,2026-09-14,23 months,False,,,,,,,,https://www.invitationhomes.com/houses-for-rent/5810-le-carpe-plantation-ct-77449-7593,2026-08-10,2026-09-12,TX,Katy,,,,,5810-le-carpe-plantation-ct-77449-7593
2026-09-12,INVH,Houston,"19147 Canaras Ct, Katy, TX, 77449",Houston,INVH-19147-canaras-ct-77449-2635,4,2.5,1917,1995.0,2026-10-25,23 months,False,,,,,,,,https://www.invitationhomes.com/houses-for-rent/19147-canaras-ct-77449-2635,2026-09-12,2026-09-12,TX,Katy,,,,,19147-canaras-ct-77449-2635
2026-09-12,INVH,Houston,"18807 N Lyford Dr, Katy, TX, 77449",Houston,INVH-18807-n-lyford-dr-77449-6467,3,2.5,1777,1925.0,2026-09-12,23 months,False,,,,,,,,https://www.invitationhomes.com/houses-for-rent/18807-n-lyford-dr-77449-6467,2026-08-10,2026-09-12,TX,Katy,,,,,18807-n-lyford-dr-77449-6467
2026-09-12,INVH,Houston,"18802 Dennington Dr, Katy, TX, 77449",Houston,INVH-18802-dennington-dr-77449-6817,3,2.0,1407,1880.0,2026-10-05,24 months,False,,,,,,,,https://www.invitationhomes.com/houses-for-rent/18802-dennington-dr-77449-6817,2026-08-02,2026-09-12,TX,Katy,,,,,18802-dennington-dr-77449-6817
2026-09-12,INVH,Houston,"18806 N Lyford Dr, Katy, TX, 77449",Houston,INVH-18806-n-lyford-dr-77449-2173,3,2.0,1192,1749.0,2026-09-12,23 months,False,,,,,,,,https://www.invitationhomes.com/houses-for-rent/18806-n-lyford-dr-77449-2173,2026-08-02,2026-09-12,TX,Katy,,,,,18806-n-lyford-dr-77449-2173
2026-09-12,INVH,Houston,"18715 Dennington Dr, Katy, TX, 77449",Houston,INVH-18715-dennington-dr-77449-5982,4,2.5,1917,1825.0,2026-09-12,23 months,False,,,,,,,,https://www.invitationhomes.com/houses-for-rent/18715-dennington-dr-77449-5982,2026-07-19,2026-09-12,TX,Katy,,,,,18715-dennington-dr-77449-5982
2026-09-12,INVH,Houston,"18742 N Lyford Dr, Katy, TX, 77449",Houston,INVH-18742-n-lyford-dr-77449-7539,3,2.0,1407,1715.0,2026-09-12,23 months,False,,,,,,,,https://www.invitationhomes.com/houses-for-rent/18742-n-lyford-dr-77449-7539,2026-08-02,2026-09-12,TX,Katy,,,,,18742-n-lyford-dr-77449-7539
2026-09-12,INVH,Houston,"6503 Citrus Field Ln, Katy, TX, 77449",Houston,INVH-6503-citrus-field-ln-77449-4948,4,2.5,2380,1995.0,2026-10-04,23 months,False,,,,,,,,https://www.invitationhomes.com/houses-for-rent/6503-citrus-field-ln-77449-4948,2026-08-23,2026-09-12,TX,Katy,,,,,6503-citrus-field-ln-77449-4948
2026-09-12,INVH,Houston,"17603 Chatham Way Dr, Houston, TX, 77084",Houston,INVH-17603-chatham-way-dr-77084-6718,4,2.5,2114,1995.0,2026-10-08,23 months,False,,,,,,,,https://www.invitationhomes.com/houses-for-rent/17603-chatham-way-dr-77084-6718,2026-09-03,2026-09-12,TX,Houston,,,,,17603-chatham-way-dr-77084-6718
2026-09-12,INVH,Houston,"16835 Grampin Dr, Houston, TX, 77084",Houston,INVH-16835-grampin-dr-77084-110696,3,2.0,1900,1715.0,2026-09-12,23 months,False,,,,,,,,https://www.invitationhomes.com/houses-for-rent/16835-grampin-dr-77084-110696,2026-07-19,2026-09-12,TX,Houston,,,,,16835-grampin-dr-77084-110696
2026-09-12,INVH,Houston,"5126 Girnigoe Dr, Houston, TX, 77084",Houston,INVH-5126-girnigoe-dr-77084-7342,3,2.0,1784,1885.0,2026-09-12,23 months,False,,,,,,,,https://www.invitationhomes.com/houses-for-rent/5126-girnigoe-dr-77084-7342,2026-08-10,2026-09-12,TX,Houston,,,,,5126-girnigoe-dr-77084-7342
2026-09-12,INVH,Houston,"7230 Dew Mist Ln, Houston, TX, 77095",Houston,INVH-7230-dew-mist-ln-77095-9311,4,2.0,1600,1795.0,2026-09-12,23 months,False,,,,,,,,https://www.invitationhomes.com/houses-for-rent/7230-dew-mist-ln-77095-9311,2026-07-19,2026-09-12,TX,Houston,,,,,7230-dew-mist-ln-77095-9311
2026-09-12,INVH,Dallas,"24126 Sonoran Heights Ct, Hockley, TX, 77447",Dallas,INVH-24126-sonoran-heights-ct-77447-115619,4,2.0,1313,1849.0,2026-09-29,24 months,False,,,,,,,,https://www.invitationhomes.com/houses-for-rent/24126-sonoran-heights-ct-77447-115619,2026-09-12,2026-09-12,TX,Hockley,,,,,24126-sonoran-heights-ct-77447-115619
2026-09-12,INVH,Houston,"17634 S Summit Canyon Dr, Houston, TX, 77095",Houston,INVH-17634-s-summit-canyon-dr-77095-94906,3,2.5,2430,2395.0,2026-09-12,23 months,False,,,,,,,,https://www.invitationhomes.com/houses-for-rent/17634-s-summit-canyon-dr-77095-94906,2026-07-19,2026-09-12,TX,Houston,,,,,17634-s-summit-canyon-dr-77095-94906
2026-09-12,INVH,Houston,"15726 Stiller Park Dr, Cypress, TX, 77429",Houston,INVH-15726-stiller-park-dr-77429-94525,3,2.5,2256,2565.0,2026-09-12,23 months,False,,,,,,,,https://www.invitationhomes.com/houses-for-rent/15726-stiller-park-dr-77429-94525,2026-08-02,2026-09-12,TX,Cypress,,,,,15726-stiller-park-dr-77429-94525
2026-09-12,INVH,Houston,"14402 Narnia Vale Ct, Cypress, TX, 77429",Houston,INVH-14402-narnia-vale-ct-77429-2980,5,3.0,2665,2295.0,2026-09-12,23 months,False,,,,,,,,https://www.invitationhomes.com/houses-for-rent/14402-narnia-vale-ct-77429-2980,2026-08-02,2026-09-12,TX,Cypress,,,,,14402-narnia-vale-ct-77429-2980
2026-09-12,INVH,Dallas,"24019 Mustang Run Dr, Hockley, TX, 77447",Dallas,INVH-24019-mustang-run-dr-77447-115577,3,2.0,1248,1775.0,2026-10-16,24 months,False,,,,,,,,https://www.invitationhomes.com/houses-for-rent/24019-mustang-run-dr-77447-115577,2026-09-03,2026-09-12,TX,Hockley,,,,,24019-mustang-run-dr-77447-115577
2026-09-12,INVH,Dallas,"18739 Mercer Falls Dr, Hockley, TX, 77447",Dallas,INVH-18739-mercer-falls-dr-77447-115648,3,2.0,1461,1949.0,2026-09-14,24 months,False,,,,,,,,https://www.invitationhomes.com/houses-for-rent/18739-mercer-falls-dr-77447-115648,2026-04-26,2026-09-12,TX,Hockley,,,,,18739-mercer-falls-dr-77447-115648
2026-09-12,INVH,Dallas,"24026 Laurel Farms Dr, Hockley, TX, 77447",Dallas,INVH-24026-laurel-farms-dr-77447-115720,3,2.0,1461,1875.0,2026-09-12,24 months,False,,,,,,,,https://www.invitationhomes.com/houses-for-rent/24026-laurel-farms-dr-77447-115720,2026-08-10,2026-09-12,TX,Hockley,,,,,24026-laurel-farms-dr-77447-115720
2026-09-12,INVH,Houston,"16122 Golden Sage Ln, Cypress, TX, 77429",Houston,INVH-16122-golden-sage-ln-77429-4784,3,2.5,1905,1730.0,2026-10-08,23 months,False,,,,,,,,https://www.invitationhomes.com/houses-for-rent/16122-golden-sage-ln-77429-4784,2026-05-17,2026-09-12,TX,Cypress,,,,,16122-golden-sage-ln-77429-4784
2026-09-12,INVH,Houston,"15802 Parmley Creek Ct, Cypress, TX, 77429",Houston,INVH-15802-parmley-creek-ct-77429-6735,4,3.5,2595,2399.0,2026-09-12,23 months,False,,,,,,,,https://www.invitationhomes.com/houses-for-rent/15802-parmley-creek-ct-77429-6735,2026-08-23,2026-09-12,TX,Cypress,,,,,15802-parmley-creek-ct-77429-6735
2026-09-12,INVH,Dallas,"13018 Millstream Bend Ln, Tomball, TX, 77377",Dallas,INVH-13018-millstream-bend-ln-77377-94427,4,2.0,1644,2060.0,2026-10-20,23 months,False,,,,,,,,https://www.invitationhomes.com/houses-for-rent/13018-millstream-bend-ln-77377-94427,2026-09-09,2026-09-12,TX,Tomball,,,,,13018-millstream-bend-ln-77377-94427
2026-09-12,INVH,Dallas,"13484 Maltessa Dr, Magnolia, TX, 77354",Dallas,INVH-13484-maltessa-dr-77354-124792,4,2.5,2428,2199.0,2026-09-12,24 months,False,,,,,,,,https://www.invitationhomes.com/houses-for-rent/13484-maltessa-dr-77354-124792,2026-08-02,2026-09-12,TX,Magnolia,,,,,13484-maltessa-dr-77354-124792
2026-09-12,INVH,Dallas,"13478 Maltessa Dr, Magnolia, TX, 77354",Dallas,INVH-13478-maltessa-dr-77354-124787,4,2.0,1936,1925.0,2026-09-12,24 months,False,,,,,,,,https://www.invitationhomes.com/houses-for-rent/13478-maltessa-dr-77354-124787,2026-08-02,2026-09-12,TX,Magnolia,,,,,13478-maltessa-dr-77354-124787
2026-09-12,INVH,Dallas,"13468 Maltessa Dr, Magnolia, TX, 77354",Dallas,INVH-13468-maltessa-dr-77354-124870,3,2.5,2070,1925.0,2026-09-12,24 months,False,,,,,,,,https://www.invitationhomes.com/houses-for-rent/13468-maltessa-dr-77354-124870,2026-09-03,2026-09-12,TX,Magnolia,,,,,13468-maltessa-dr-77354-124870
2026-09-12,INVH,Dallas,"13462 Maltessa Dr, Magnolia, TX, 77354",Dallas,INVH-13462-maltessa-dr-77354-124789,4,2.5,2285,2249.0,2026-09-12,24 months,False,,,,,,,,https://www.invitationhomes.com/houses-for-rent/13462-maltessa-dr-77354-124789,2026-08-02,2026-09-12,TX,Magnolia,,,,,13462-maltessa-dr-77354-124789
2026-09-12,INVH,Dallas,"13423 Maltessa Dr, Magnolia, TX, 77354",Dallas,INVH-13423-maltessa-dr-77354-124331,4,3.0,2598,2349.0,2026-09-15,24 months,False,,,,,,,,https://www.invitationhomes.com/houses-for-rent/13423-maltessa-dr-77354-124331,2026-09-12,2026-09-12,TX,Magnolia,,,,,13423-maltessa-dr-77354-124331
2026-09-12,INVH,Dallas,"13430 Maltessa Dr, Magnolia, TX, 77354",Dallas,INVH-13430-maltessa-dr-77354-124620,4,2.5,2428,2299.0,2026-10-07,24 months,False,,,,,,,,https://www.invitationhomes.com/houses-for-rent/13430-maltessa-dr-77354-124620,2026-09-03,2026-09-12,TX,Magnolia,,,,,13430-maltessa-dr-77354-124620
2026-09-12,INVH,Dallas,"13407 Maltessa Dr, Magnolia, TX, 77354",Dallas,INVH-13407-maltessa-dr-77354-124867,4,2.5,2285,2299.0,2026-09-12,24 months,False,,,,,,,,https://www.invitationhomes.com/houses-for-rent/13407-maltessa-dr-77354-124867,2026-09-03,2026-09-12,TX,Magnolia,,,,,13407-maltessa-dr-77354-124867
2026-09-12,INVH,Dallas,"24952 Aconite Ln, Montgomery, TX, 77316",Dallas,INVH-24952-aconite-lane-77316-120724,4,2.5,1857,1825.0,2026-09-12,24 months,False,,,,,,,,https://www.invitationhomes.com/houses-for-rent/24952-aconite-lane-77316-120724,2026-08-10,2026-09-12,TX,Montgomery,,,,,24952-aconite-lane-77316-120724
2026-09-12,INVH,Dallas,"24939 Aconite Ln, Montgomery, TX, 77316",Dallas,INVH-24939-aconite-ln-77316-121271,5,3.5,2200,2049.0,2026-09-15,24 months,False,,,,,,,,https://www.invitationhomes.com/houses-for-rent/24939-aconite-ln-77316-121271,2026-09-12,2026-09-12,TX,Montgomery,,,,,24939-aconite-ln-77316-121271
2026-09-12,INVH,Dallas,"5703 Daphne Ln, Montgomery, TX, 77316",Dallas,INVH-5703-daphne-ln-77316-123811,4,2.5,1857,1825.0,2026-09-12,24 months,False,,,,,,,,https://www.invitationhomes.com/houses-for-rent/5703-daphne-ln-77316-123811,2026-09-03,2026-09-12,TX,Montgomery,,,,,5703-daphne-ln-77316-123811
2026-09-12,INVH,Dallas,"24920 Aconite Ln, Montgomery, TX, 77316",Dallas,INVH-24920-aconite-lane-77316-120957,4,2.5,1857,1825.0,2026-09-15,24 months,False,,,,,,,,https://www.invitationhomes.com/houses-for-rent/24920-aconite-lane-77316-120957,2026-09-03,2026-09-12,TX,Montgomery,,,,,24920-aconite-lane-77316-120957
2026-09-12,INVH,Dallas,"24833 Scillia Way, Montgomery, TX, 77316",Dallas,INVH-24833-scillia-way-77316-122206,5,3.5,2200,2049.0,2026-10-17,24 months,False,,,,,,,,https://www.invitationhomes.com/houses-for-rent/24833-scillia-way-77316-122206,2026-09-03,2026-09-12,TX,Montgomery,,,,,24833-scillia-way-77316-122206
2026-09-12,INVH,Dallas,"5803 Canterbury Bells, Montgomery, TX, 77316",Dallas,INVH-5803-canterbury-bells-77316-121082,5,3.5,2200,2049.0,2026-10-20,24 months,False,,,,,,,,https://www.invitationhomes.com/houses-for-rent/5803-canterbury-bells-77316-121082,2026-09-06,2026-09-12,TX,Montgomery,,,,,5803-canterbury-bells-77316-121082
2026-09-12,INVH,Dallas,"28 Wyndemere Dr, Montgomery, TX, 77356",Dallas,INVH-28-wyndemere-dr-77356-8278,3,3.0,2464,2585.0,2026-09-25,23 months,False,,,,,,,,https://www.invitationhomes.com/houses-for-rent/28-wyndemere-dr-77356-8278,2026-09-06,2026-09-12,TX,Montgomery,,,,,28-wyndemere-dr-77356-8278
2026-09-12,INVH,Dallas,"5058 Volunteer Drive, Ennis, TX, 75119",Dallas,INVH-5058-volunteer-drive-75119-122554,4,2.0,1720,2030.0,2026-10-09,20 months,False,,,,,,,,https://www.invitationhomes.com/houses-for-rent/5058-volunteer-drive-75119-122554,2026-09-06,2026-09-12,TX,Ennis,,,,,5058-volunteer-drive-75119-122554
2026-09-12,INVH,Dallas,"507 Vicksburg Drive, Ennis, TX, 75119",Dallas,INVH-507-vicksburg-drive-75119-114911,3,2.0,1522,1945.0,2026-09-12,20 months,False,,,,,,,,https://www.invitationhomes.com/houses-for-rent/507-vicksburg-drive-75119-114911,2026-07-19,2026-09-12,TX,Ennis,,,,,507-vicksburg-drive-75119-114911
2026-09-12,INVH,Dallas,"2245 Whitney Dr, Weatherford, TX, 76087",Dallas,INVH-2245-whitney-dr-76087-1787,4,2.0,2511,2580.0,2026-09-12,20 months,False,,,,,,,,https://www.invitationhomes.com/houses-for-rent/2245-whitney-dr-76087-1787,2026-07-19,2026-09-12,TX,Weatherford,,,,,2245-whitney-dr-76087-1787
2026-09-12,INVH,Dallas,"5857 Bindweed St, Fort Worth, TX, 76123",Dallas,INVH-5857-bindweed-st-76123-86484,4,3.0,2204,2595.0,2026-09-12,20 months,False,,,,,,,,https://www.invitationhomes.com/houses-for-rent/5857-bindweed-st-76123-86484,2026-08-16,2026-09-12,TX,Fort Worth,,,,,5857-bindweed-st-76123-86484
2026-09-12,INVH,Dallas,"4904 Palm Ridge Dr, Fort Worth, TX, 76133",Dallas,INVH-4904-palm-ridge-dr-76133-3193,4,2.5,2938,2245.0,2026-09-12,20 months,False,,,,,,,,https://www.invitationhomes.com/houses-for-rent/4904-palm-ridge-dr-76133-3193,2026-05-17,2026-09-12,TX,Fort Worth,,,,,4904-palm-ridge-dr-76133-3193
2026-09-12,INVH,Dallas,"520 Glenwood Dr, Burleson, TX, 76028",Dallas,INVH-520-glenwood-dr-76028-84689,3,2.0,2009,2280.0,2026-09-12,20 months,False,,,,,,,,https://www.invitationhomes.com/houses-for-rent/520-glenwood-dr-76028-84689,2026-07-19,2026-09-12,TX,Burleson,,,,,520-glenwood-dr-76028-84689
2026-09-12,INVH,Dallas,"512 Bretts Way, Burleson, TX, 76028",Dallas,INVH-512-bretts-way-76028-84814,3,2.0,1696,1960.0,2026-09-12,20 months,False,,,,,,,,https://www.invitationhomes.com/houses-for-rent/512-bretts-way-76028-84814,2026-06-09,2026-09-12,TX,Burleson,,,,,512-bretts-way-76028-84814
2026-09-12,INVH,Dallas,"1009 Hannah St, Burleson, TX, 76028",Dallas,INVH-1009-hannah-st-76028-7421,3,2.0,1597,2330.0,2026-09-22,20 months,False,,,,,,,,https://www.invitationhomes.com/houses-for-rent/1009-hannah-st-76028-7421,2026-09-03,2026-09-12,TX,Burleson,,,,,1009-hannah-st-76028-7421
2026-09-12,INVH,Dallas,"425 Hummingbird Trl, Crowley, TX, 76036",Dallas,INVH-425-hummingbird-trl-76036-6008,4,2.5,2927,2745.0,2026-09-30,20 months,False,,,,,,,,https://www.invitationhomes.com/houses-for-rent/425-hummingbird-trl-76036-6008,2026-08-23,2026-09-12,TX,Crowley,,,,,425-hummingbird-trl-76036-6008
2026-09-12,INVH,Dallas,"408 Hidden Ridge Dr, Burleson, TX, 76028",Dallas,INVH-408-hidden-ridge-dr-76028-8603,3,2.0,1805,2195.0,2026-10-25,20 months,False,,,,,,,,https://www.invitationhomes.com/houses-for-rent/408-hidden-ridge-dr-76028-8603,2026-09-12,2026-09-12,TX,Burleson,,,,,408-hidden-ridge-dr-76028-8603
2026-09-12,INVH,Dallas,"216 Edson Ave, Crowley, TX, 76036",Dallas,INVH-216-edson-ave-76036-125946,3,2.0,1451,1900.0,2026-09-24,20 months,False,,,,,,,,https://www.invitationhomes.com/houses-for-rent/216-edson-ave-76036-125946,2026-09-12,2026-09-12,TX,Crowley,,,,,216-edson-ave-76036-125946
2026-09-12,INVH,Dallas,"1512 Windy Meadows Dr, Burleson, TX, 76028",Dallas,INVH-1512-windy-meadows-dr-76028-4382,4,2.0,1979,2245.0,2026-09-12,20 months,False,,,,,,,,https://www.invitationhomes.com/houses-for-rent/1512-windy-meadows-dr-76028-4382,2026-07-19,2026-09-12,TX,Burleson,,,,,1512-windy-meadows-dr-76028-4382
2026-09-12,INVH,Dallas,"4040 May Water Trl, Crowley, TX, 76036",Dallas,INVH-4040-may-water-trl-76036-121745,4,2.0,1707,2185.0,2026-09-12,24 months,False,,,,,,,,https://www.invitationhomes.com/houses-for-rent/4040-may-water-trl-76036-121745,2026-09-09,2026-09-12,TX,Crowley,,,,,4040-may-water-trl-76036-121745
2026-09-12,INVH,Dallas,"4024 Pleasant Shade Pl, Crowley, TX, 76036",Dallas,INVH-4024-pleasant-shade-pl-76036-121404,4,2.0,1667,2075.0,2026-09-12,24 months,False,,,,,,,,https://www.invitationhomes.com/houses-for-rent/4024-pleasant-shade-pl-76036-121404,2026-07-19,2026-09-12,TX,Crowley,,,,,4024-pleasant-shade-pl-76036-121404
2026-09-12,INVH,Dallas,"4020 Pleasant Shade Pl, Crowley, TX, 76036",Dallas,INVH-4020-pleasant-shade-pl-76036-121163,4,2.5,1885,2135.0,2026-09-12,24 months,False,,,,,,,,https://www.invitationhomes.com/houses-for-rent/4020-pleasant-shade-pl-76036-121163,2026-08-16,2026-09-12,TX,Crowley,,,,,4020-pleasant-shade-pl-76036-121163
2026-09-12,INVH,Dallas,"4009 Mountain Meadow Rd, Crowley, TX, 76036",Dallas,INVH-4009-mountain-meadow-rd-76036-121122,4,2.0,1667,2125.0,2026-10-25,24 months,False,,,,,,,,https://www.invitationhomes.com/houses-for-rent/4009-mountain-meadow-rd-76036-121122,2026-09-12,2026-09-12,TX,Crowley,,,,,4009-mountain-meadow-rd-76036-121122
2026-09-12,INVH,Dallas,"4001 Mountain Meadow Rd, Crowley, TX, 76036",Dallas,INVH-4001-mountain-meadow-rd-76036-121168,4,2.0,1707,2185.0,2026-09-12,24 months,False,,,,,,,,https://www.invitationhomes.com/houses-for-rent/4001-mountain-meadow-rd-76036-121168,2026-09-12,2026-09-12,TX,Crowley,,,,,4001-mountain-meadow-rd-76036-121168
2026-09-12,INVH,Dallas,"4036 Mountain Meadow Rd, Crowley, TX, 76036",Dallas,INVH-4036-mountain-meadow-rd-76036-120996,4,2.0,1667,2049.0,2026-09-12,24 months,False,,,,,,,,https://www.invitationhomes.com/houses-for-rent/4036-mountain-meadow-rd-76036-120996,2026-07-19,2026-09-12,TX,Crowley,,,,,4036-mountain-meadow-rd-76036-120996
2026-09-12,INVH,Dallas,"4024 Mountain Meadow Rd, Crowley, TX, 76036",Dallas,INVH-4024-mountain-meadow-rd-76036-120704,4,2.0,1784,2180.0,2026-09-12,24 months,False,,,,,,,,https://www.invitationhomes.com/houses-for-rent/4024-mountain-meadow-rd-76036-120704,2026-07-19,2026-09-12,TX,Crowley,,,,,4024-mountain-meadow-rd-76036-120704
2026-09-12,INVH,Dallas,"10229 Hackberry Spring Way, Crowley, TX, 76036",Dallas,INVH-10229-hackberry-spring-way-76036-120556,4,2.0,1667,2149.0,2026-09-12,24 months,False,,,,,,,,https://www.invitationhomes.com/houses-for-rent/10229-hackberry-spring-way-76036-120556,2026-09-09,2026-09-12,TX,Crowley,,,,,10229-hackberry-spring-way-76036-120556
2026-09-12,INVH,Dallas,"10253 Tullamore Ridge Rd, Crowley, TX, 76036",Dallas,INVH-10253-tullamore-ridge-rd-76036-120224,4,2.0,1667,2125.0,2026-10-15,24 months,False,,,,,,,,https://www.invitationhomes.com/houses-for-rent/10253-tullamore-ridge-rd-76036-120224,2026-09-03,2026-09-12,TX,Crowley,,,,,10253-tullamore-ridge-rd-76036-120224
2026-09-12,INVH,Dallas,"1308 Still Pond Drive, Crowley, TX, 76036",Dallas,INVH-1308-still-pond-drive-76036-126076,5,3.0,2258,2500.0,2026-09-17,20 months,False,,,,,,,,https://www.invitationhomes.com/houses-for-rent/1308-still-pond-drive-76036-126076,2026-09-12,2026-09-12,TX,Crowley,,,,,1308-still-pond-drive-76036-126076
2026-09-12,INVH,Dallas,"1155 Rosemary Ct, Burleson, TX, 76028",Dallas,INVH-1155-rosemary-ct-76028-114125,3,2.0,2166,2495.0,2026-09-12,20 months,False,,,,,,,,https://www.invitationhomes.com/houses-for-rent/1155-rosemary-ct-76028-114125,2026-08-23,2026-09-12,TX,Burleson,,,,,1155-rosemary-ct-76028-114125
2026-09-12,INVH,Dallas,"1224 Tufted Drive, Fort Worth, TX, 76134",Dallas,INVH-1224-tufted-drive-76134-126077,4,2.0,1667,2100.0,2026-09-17,20 months,False,,,,,,,,https://www.invitationhomes.com/houses-for-rent/1224-tufted-drive-76134-126077,2026-09-12,2026-09-12,TX,Fort Worth,,,,,1224-tufted-drive-76134-126077
2026-09-12,INVH,Dallas,"12113 Vista Oak Blvd, Burleson, TX, 76028",Dallas,INVH-12113-vista-oak-blvd-76028-9538,4,2.0,1920,2145.0,2026-10-27,20 months,False,,,,,,,,https://www.invitationhomes.com/houses-for-rent/12113-vista-oak-blvd-76028-9538,2026-09-12,2026-09-12,TX,Burleson,,,,,12113-vista-oak-blvd-76028-9538
2026-09-12,INVH,Dallas,"1808 Wickham, Burleson, TX, 76028",Dallas,INVH-1808-wickham-76028-110584,3,2.0,1484,1895.0,2026-10-15,20 months,False,,,,,,,,https://www.invitationhomes.com/houses-for-rent/1808-wickham-76028-110584,2026-09-03,2026-09-12,TX,Burleson,,,,,1808-wickham-76028-110584
2026-09-12,INVH,Dallas,"1833 Wickham Dr, Burleson, TX, 76028",Dallas,INVH-1833-wickham-dr-76028-8854,3,2.0,1509,1745.0,2026-09-12,20 months,False,,,,,,,,https://www.invitationhomes.com/houses-for-rent/1833-wickham-dr-76028-8854,2026-04-26,2026-09-12,TX,Burleson,,,,,1833-wickham-dr-76028-8854
2026-09-12,INVH,Dallas,"1849 Wickham Dr, Burleson, TX, 76028",Dallas,INVH-1849-wickham-dr-76028-2863,4,2.5,2516,2295.0,2026-09-12,20 months,False,,,,,,,,https://www.invitationhomes.com/houses-for-rent/1849-wickham-dr-76028-2863,2026-09-09,2026-09-12,TX,Burleson,,,,,1849-wickham-dr-76028-2863
2026-09-12,INVH,Dallas,"1804 Village Park Trl, Burleson, TX, 76028",Dallas,INVH-1804-village-park-trl-76028-2230,4,2.5,1920,2130.0,2026-09-14,20 months,False,,,,,,,,https://www.invitationhomes.com/houses-for-rent/1804-village-park-trl-76028-2230,2026-08-02,2026-09-12,TX,Burleson,,,,,1804-village-park-trl-76028-2230
2026-09-12,INVH,Dallas,"1801 Vineridge Ln, Burleson, TX, 76028",Dallas,INVH-1801-vineridge-ln-76028-4069,4,2.5,1920,2135.0,2026-09-12,20 months,False,,,,,,,,https://www.invitationhomes.com/houses-for-rent/1801-vineridge-ln-76028-4069,2026-08-02,2026-09-12,TX,Burleson,,,,,1801-vineridge-ln-76028-4069
2026-09-12,INVH,Dallas,"2513 Stonewall Ln, Fort Worth, TX, 76123",Dallas,INVH-2513-stonewall-ln-76123-114106,3,2.0,1748,2225.0,2026-09-27,20 months,False,,,,,,,,https://www.invitationhomes.com/houses-for-rent/2513-stonewall-ln-76123-114106,2026-08-02,2026-09-12,TX,Fort Worth,,,,,2513-stonewall-ln-76123-114106
2026-09-12,INVH,Dallas,"741 Lazy Crest Dr, Fort Worth, TX, 76140",Dallas,INVH-741-lazy-crest-dr-76140-8604,3,2.0,1342,1810.0,2026-09-15,20 months,False,,,,,,,,https://www.invitationhomes.com/houses-for-rent/741-lazy-crest-dr-76140-8604,2026-05-17,2026-09-12,TX,Fort Worth,,,,,741-lazy-crest-dr-76140-8604
2026-09-12,INVH,Dallas,"627 Plainview Dr, Mansfield, TX, 76063",Dallas,INVH-627-plainview-dr-76063-3516,3,2.0,1236,1995.0,2026-09-12,20 months,False,,,,,,,,https://www.invitationhomes.com/houses-for-rent/627-plainview-dr-76063-3516,2026-07-19,2026-09-12,TX,Mansfield,,,,,627-plainview-dr-76063-3516
2026-09-12,INVH,Dallas,"506 Plainview Dr, Mansfield, TX, 76063",Dallas,INVH-506-plainview-dr-76063-5059,3,2.0,1220,1990.0,2026-09-17,20 months,False,,,,,,,,https://www.invitationhomes.com/houses-for-rent/506-plainview-dr-76063-5059,2026-07-19,2026-09-12,TX,Mansfield,,,,,506-plainview-dr-76063-5059
2026-09-12,INVH,Dallas,"1200 Cardinal Oaks Dr, Mansfield, TX, 76063",Dallas,INVH-1200-cardinal-oaks-dr-76063-84723,3,2.0,1441,2199.0,2026-09-14,20 months,False,,,,,,,,https://www.invitationhomes.com/houses-for-rent/1200-cardinal-oaks-dr-76063-84723,2026-08-10,2026-09-12,TX,Mansfield,,,,,1200-cardinal-oaks-dr-76063-84723
2026-09-12,INVH,Dallas,"606 Ember Ln, Mansfield, TX, 76063",Dallas,INVH-606-ember-ln-76063-111913,3,2.0,2018,2495.0,2026-09-12,20 months,False,,,,,,,,https://www.invitationhomes.com/houses-for-rent/606-ember-ln-76063-111913,2026-08-10,2026-09-12,TX,Mansfield,,,,,606-ember-ln-76063-111913
2026-09-12,INVH,Dallas,"713 Saint Matthew Dr, Mansfield, TX, 76063",Dallas,INVH-713-st-matthew-dr-76063-9389,4,2.5,2520,2765.0,2026-09-17,20 months,False,,,,,,,,https://www.invitationhomes.com/houses-for-rent/713-st-matthew-dr-76063-9389,2026-09-03,2026-09-12,TX,Mansfield,,,,,713-st-matthew-dr-76063-9389
2026-09-12,INVH,Dallas,"4808 Bluebird Ln, Mansfield, TX, 76063",Dallas,INVH-4808-bluebird-ln-76063-1997,5,2.0,2574,3090.0,2026-09-12,20 months,False,,,,,,,,https://www.invitationhomes.com/houses-for-rent/4808-bluebird-ln-76063-1997,2026-06-09,2026-09-12,TX,Mansfield,,,,,4808-bluebird-ln-76063-1997
2026-09-12,INVH,Dallas,"3 Calloway Ct, Mansfield, TX, 76063",Dallas,INVH-3-calloway-ct-76063-9595,4,3.0,2714,2995.0,2026-10-15,20 months,False,,,,,,,,https://www.invitationhomes.com/houses-for-rent/3-calloway-ct-76063-9595,2026-09-03,2026-09-12,TX,Mansfield,,,,,3-calloway-ct-76063-9595
2026-09-12,INVH,Dallas,"2206 Kingsley Dr, Mansfield, TX, 76063",Dallas,INVH-2206-kingsley-dr-76063-3633,4,2.0,2986,3049.0,2026-09-16,20 months,False,,,,,,,,https://www.invitationhomes.com/houses-for-rent/2206-kingsley-dr-76063-3633,2026-07-19,2026-09-12,TX,Mansfield,,,,,2206-kingsley-dr-76063-3633
2026-09-12,INVH,Dallas,"1704 Windcastle Dr, Mansfield, TX, 76063",Dallas,INVH-1704-windcastle-dr-76063-4625,3,2.0,2006,2495.0,2026-10-20,20 months,False,,,,,,,,https://www.invitationhomes.com/houses-for-rent/1704-windcastle-dr-76063-4625,2026-09-06,2026-09-12,TX,Mansfield,,,,,1704-windcastle-dr-76063-4625
2026-09-12,INVH,Dallas,"1907 Winter Park Dr, Mansfield, TX, 76063",Dallas,INVH-1907-winter-park-dr-76063-7969,3,2.0,2226,2495.0,2026-09-12,20 months,False,,,,,,,,https://www.invitationhomes.com/houses-for-rent/1907-winter-park-dr-76063-7969,2026-07-19,2026-09-12,TX,Mansfield,,,,,1907-winter-park-dr-76063-7969
2026-09-12,INVH,Dallas,"8007 Stowe Springs Ln, Arlington, TX, 76002",Dallas,INVH-8007-stowe-springs-ln-76002-7886,4,2.0,2105,2215.0,2026-09-16,20 months,False,,,,,,,,https://www.invitationhomes.com/houses-for-rent/8007-stowe-springs-ln-76002-7886,2026-09-09,2026-09-12,TX,Arlington,,,,,8007-stowe-springs-ln-76002-7886
2026-09-12,INVH,Dallas,"7471 Gallo, Grand Prairie, TX, 75054",Dallas,INVH-7471-gallo-75054-7794,4,3.0,2395,2895.0,2026-09-12,20 months,False,,,,,,,,https://www.invitationhomes.com/houses-for-rent/7471-gallo-75054-7794,2026-07-19,2026-09-12,TX,Grand Prairie,,,,,7471-gallo-75054-7794
2026-09-12,INVH,Dallas,"3247 Serpis, Grand Prairie, TX, 75054",Dallas,INVH-3247-serpis-75054-4044,4,3.0,3066,2895.0,2026-09-12,20 months,False,,,,,,,,https://www.invitationhomes.com/houses-for-rent/3247-serpis-75054-4044,2026-05-26,2026-09-12,TX,Grand Prairie,,,,,3247-serpis-75054-4044
2026-09-12,INVH,Dallas,"6103 Autumn Springs, Arlington, TX, 76001",Dallas,INVH-6103-autumn-springs-76001-110526,3,2.0,1289,1945.0,2026-09-15,20 months,False,,,,,,,,https://www.invitationhomes.com/houses-for-rent/6103-autumn-springs-76001-110526,2026-09-03,2026-09-12,TX,Arlington,,,,,6103-autumn-springs-76001-110526
2026-09-12,INVH,Dallas,"3168 Kingswood Ct, Mansfield, TX, 76063",Dallas,INVH-3168-kingswood-ct-76063-1633,4,2.5,2783,2780.0,2026-09-26,20 months,False,,,,,,,,https://www.invitationhomes.com/houses-for-rent/3168-kingswood-ct-76063-1633,2026-08-16,2026-09-12,TX,Mansfield,,,,,3168-kingswood-ct-76063-1633
2026-09-12,INVH,Dallas,"7704 Cresswell Dr, Arlington, TX, 76001",Dallas,INVH-7704-cresswell-dr-76001-2176,4,2.5,2880,2815.0,2026-09-14,20 months,False,,,,,,,,https://www.invitationhomes.com/houses-for-rent/7704-cresswell-dr-76001-2176,2026-07-19,2026-09-12,TX,Arlington,,,,,7704-cresswell-dr-76001-2176
2026-09-12,INVH,Dallas,"3302 Hunter Cove Dr, Arlington, TX, 76001",Dallas,INVH-3302-hunter-cove-dr-76001-3436,5,3.5,3055,2995.0,2026-09-12,20 months,False,,,,,,,,https://www.invitationhomes.com/houses-for-rent/3302-hunter-cove-dr-76001-3436,2026-06-09,2026-09-12,TX,Arlington,,,,,3302-hunter-cove-dr-76001-3436
2026-09-12,INVH,Dallas,"5807 Polo Club Dr, Arlington, TX, 76017",Dallas,INVH-5807-polo-club-dr-76017-2016,3,2.5,2155,2395.0,2026-10-20,20 months,False,,,,,,,,https://www.invitationhomes.com/houses-for-rent/5807-polo-club-dr-76017-2016,2026-09-06,2026-09-12,TX,Arlington,,,,,5807-polo-club-dr-76017-2016
2026-09-12,INVH,Dallas,"6517 Forest Park, Arlington, TX, 76001",Dallas,INVH-6517-forest-park-76001-110483,5,3.0,3139,3049.0,2026-09-17,20 months,False,,,,,,,,https://www.invitationhomes.com/houses-for-rent/6517-forest-park-76001-110483,2026-08-10,2026-09-12,TX,Arlington,,,,,6517-forest-park-76001-110483
2026-09-12,INVH,Dallas,"6604 Shoal Creek Dr, Arlington, TX, 76001",Dallas,INVH-6604-shoal-creek-dr-76001-85212,4,2.0,1757,2345.0,2026-10-05,20 months,False,,,,,,,,https://www.invitationhomes.com/houses-for-rent/6604-shoal-creek-dr-76001-85212,2026-08-23,2026-09-12,TX,Arlington,,,,,6604-shoal-creek-dr-76001-85212
2026-09-12,INVH,Dallas,"6120 Pinwood Cir, Arlington, TX, 76001",Dallas,INVH-6120-pinwood-cir-76001-3246,4,3.5,2992,3215.0,2026-09-16,20 months,False,,,,,,,,https://www.invitationhomes.com/houses-for-rent/6120-pinwood-cir-76001-3246,2026-07-19,2026-09-12,TX,Arlington,,,,,6120-pinwood-cir-76001-3246
2026-09-12,INVH,Dallas,"6212 Berlinetta Dr, Arlington, TX, 76001",Dallas,INVH-6212-berlinetta-dr-76001-9546,3,2.0,1425,2245.0,2026-09-12,20 months,False,,,,,,,,https://www.invitationhomes.com/houses-for-rent/6212-berlinetta-dr-76001-9546,2026-06-09,2026-09-12,TX,Arlington,,,,,6212-berlinetta-dr-76001-9546
2026-09-12,INVH,Dallas,"5403 Signal Peak Dr, Arlington, TX, 76017",Dallas,INVH-5403-signal-peak-dr-76017-83045,4,2.0,2129,2485.0,2026-09-15,20 months,False,,,,,,,,https://www.invitationhomes.com/houses-for-rent/5403-signal-peak-dr-76017-83045,2026-08-16,2026-09-12,TX,Arlington,,,,,5403-signal-peak-dr-76017-83045
2026-09-12,INVH,Dallas,"5411 Rimrock Ct, Arlington, TX, 76017",Dallas,INVH-5411-rimrock-ct-76017-110271,3,2.0,1648,2115.0,2026-09-12,20 months,False,,,,,,,,https://www.invitationhomes.com/houses-for-rent/5411-rimrock-ct-76017-110271,2026-07-19,2026-09-12,TX,Arlington,,,,,5411-rimrock-ct-76017-110271
2026-09-12,INVH,Dallas,"4510 Lone Oak, Arlington, TX, 76017",Dallas,INVH-4510-lone-oak-76017-110159,3,2.0,1814,2230.0,2026-09-12,20 months,False,,,,,,,,https://www.invitationhomes.com/houses-for-rent/4510-lone-oak-76017-110159,2026-06-14,2026-09-12,TX,Arlington,,,,,4510-lone-oak-76017-110159
2026-09-12,INVH,Dallas,"5205 Hideaway Ct, Arlington, TX, 76017",Dallas,INVH-5205-hideaway-ct-76017-85185,3,2.0,1590,2230.0,2026-09-12,20 months,False,,,,,,,,https://www.invitationhomes.com/houses-for-rent/5205-hideaway-ct-76017-85185,2026-05-17,2026-09-12,TX,Arlington,,,,,5205-hideaway-ct-76017-85185
2026-09-12,INVH,Dallas,"2117 Belmont Park Dr, Arlington, TX, 76017",Dallas,INVH-2117-belmont-park-dr-76017-6069,5,2.0,2442,2545.0,2026-09-12,20 months,False,,,,,,,,https://www.invitationhomes.com/houses-for-rent/2117-belmont-park-dr-76017-6069,2026-05-09,2026-09-12,TX,Arlington,,,,,2117-belmont-park-dr-76017-6069
2026-09-12,INVH,Dallas,"2117 Cold Springs Dr, Arlington, TX, 76017",Dallas,INVH-2117-cold-springs-dr-76017-6400,3,2.5,2122,2495.0,2026-09-15,20 months,False,,,,,,,,https://www.invitationhomes.com/houses-for-rent/2117-cold-springs-dr-76017-6400,2026-08-16,2026-09-12,TX,Arlington,,,,,2117-cold-springs-dr-76017-6400
2026-09-12,INVH,Dallas,"7419 Lake Front Trl, Arlington, TX, 76002",Dallas,INVH-7419-lake-front-trl-76002-4023,3,2.0,1274,2090.0,2026-09-12,20 months,False,,,,,,,,https://www.invitationhomes.com/houses-for-rent/7419-lake-front-trl-76002-4023,2026-08-02,2026-09-12,TX,Arlington,,,,,7419-lake-front-trl-76002-4023
2026-09-12,INVH,Dallas,"8000 Stowe Springs, Arlington, TX, 76002",Dallas,INVH-8000-stowe-springs-76002-110132,5,4.0,4184,3335.0,2026-09-12,20 months,False,,,,,,,,https://www.invitationhomes.com/houses-for-rent/8000-stowe-springs-76002-110132,2026-06-09,2026-09-12,TX,Arlington,,,,,8000-stowe-springs-76002-110132
2026-09-12,INVH,Dallas,"8139 Mossberg Dr, Arlington, TX, 76002",Dallas,INVH-8139-mossberg-dr-76002-8526,3,2.0,2657,2965.0,2026-10-23,20 months,False,,,,,,,,https://www.invitationhomes.com/houses-for-rent/8139-mossberg-dr-76002-8526,2026-09-09,2026-09-12,TX,Arlington,,,,,8139-mossberg-dr-76002-8526
2026-09-12,INVH,Dallas,"6808 Running Creek Dr, Arlington, TX, 76001",Dallas,INVH-6808-running-creek-dr-76001-5224,3,2.0,1479,2090.0,2026-09-15,20 months,False,,,,,,,,https://www.invitationhomes.com/houses-for-rent/6808-running-creek-dr-76001-5224,2026-07-19,2026-09-12,TX,Arlington,,,,,6808-running-creek-dr-76001-5224
2026-09-12,INVH,Dallas,"709 W Lynn Creek Dr, Arlington, TX, 76001",Dallas,INVH-709-w-lynn-creek-dr-76001-3148,3,2.0,1286,2130.0,2026-09-17,20 months,False,,,,,,,,https://www.invitationhomes.com/houses-for-rent/709-w-lynn-creek-dr-76001-3148,2026-07-19,2026-09-12,TX,Arlington,,,,,709-w-lynn-creek-dr-76001-3148
2026-09-12,INVH,Dallas,"6619 Tabor Dr, Arlington, TX, 76002",Dallas,INVH-6619-tabor-dr-76002-6694,4,2.5,2690,2975.0,2026-10-24,20 months,False,,,,,,,,https://www.invitationhomes.com/houses-for-rent/6619-tabor-dr-76002-6694,2026-09-09,2026-09-12,TX,Arlington,,,,,6619-tabor-dr-76002-6694
2026-09-12,INVH,Dallas,"758 Bonnet Trl, Arlington, TX, 76001",Dallas,INVH-758-bonnet-trl-76001-121494,3,2.5,1660,2349.0,2026-09-12,24 months,False,,,,,,,,https://www.invitationhomes.com/houses-for-rent/758-bonnet-trl-76001-121494,2026-08-10,2026-09-12,TX,Arlington,,,,,758-bonnet-trl-76001-121494
2026-09-12,INVH,Dallas,"812 Bonnet Trl, Arlington, TX, 76001",Dallas,INVH-812-bonnet-trl-76001-121519,3,2.5,1657,2435.0,2026-10-02,24 months,False,,,,,,,,https://www.invitationhomes.com/houses-for-rent/812-bonnet-trl-76001-121519,2026-09-03,2026-09-12,TX,Arlington,,,,,812-bonnet-trl-76001-121519
2026-09-12,INVH,Dallas,"767 Bonnet Trl, Arlington, TX, 76001",Dallas,INVH-767-bonnet-trl-76001-121503,4,2.5,1721,2499.0,2026-09-12,24 months,False,,,,,,,,https://www.invitationhomes.com/houses-for-rent/767-bonnet-trl-76001-121503,2026-08-16,2026-09-12,TX,Arlington,,,,,767-bonnet-trl-76001-121503
2026-09-12,INVH,Dallas,"731 Bonnet Trl, Arlington, TX, 76001",Dallas,INVH-731-bonnet-trl-76001-121474,3,2.5,1694,2399.0,2026-09-12,24 months,False,,,,,,,,https://www.invitationhomes.com/houses-for-rent/731-bonnet-trl-76001-121474,2026-08-10,2026-09-12,TX,Arlington,,,,,731-bonnet-trl-76001-121474
2026-09-12,INVH,Dallas,"6427 Blue Trl, Arlington, TX, 76001",Dallas,INVH-6427-blue-trl-76001-121555,3,2.5,1660,2349.0,2026-09-14,24 months,False,,,,,,,,https://www.invitationhomes.com/houses-for-rent/6427-blue-trl-76001-121555,2026-09-03,2026-09-12,TX,Arlington,,,,,6427-blue-trl-76001-121555
2026-09-12,INVH,Dallas,"6452 Blue Trl, Arlington, TX, 76001",Dallas,INVH-6452-blue-trl-76001-121569,3,2.5,1660,2349.0,2026-10-17,24 months,False,,,,,,,,https://www.invitationhomes.com/houses-for-rent/6452-blue-trl-76001-121569,2026-09-03,2026-09-12,TX,Arlington,,,,,6452-blue-trl-76001-121569
2026-09-12,INVH,Dallas,"6442 Blue Trl, Arlington, TX, 76001",Dallas,INVH-6442-blue-trl-76001-121564,3,2.5,1660,2349.0,2026-09-12,24 months,False,,,,,,,,https://www.invitationhomes.com/houses-for-rent/6442-blue-trl-76001-121564,2026-08-10,2026-09-12,TX,Arlington,,,,,6442-blue-trl-76001-121564
2026-09-12,INVH,Dallas,"727 Bonnet Trl, Arlington, TX, 76001",Dallas,INVH-727-bonnet-trl-76001-121471,2,2.5,1616,2275.0,2026-09-30,24 months,False,,,,,,,,https://www.invitationhomes.com/houses-for-rent/727-bonnet-trl-76001-121471,2026-09-12,2026-09-12,TX,Arlington,,,,,727-bonnet-trl-76001-121471
2026-09-12,INVH,Dallas,"6406 Blue Trl, Arlington, TX, 76001",Dallas,INVH-6406-blue-trl-76001-121536,3,2.5,1660,2349.0,2026-09-12,24 months,False,,,,,,,,https://www.invitationhomes.com/houses-for-rent/6406-blue-trl-76001-121536,2026-07-19,2026-09-12,TX,Arlington,,,,,6406-blue-trl-76001-121536
2026-09-12,INVH,Dallas,"6422 Blue Trl, Arlington, TX, 76001",Dallas,INVH-6422-blue-trl-76001-121550,4,2.5,1721,2499.0,2026-09-12,24 months,False,,,,,,,,https://www.invitationhomes.com/houses-for-rent/6422-blue-trl-76001-121550,2026-08-02,2026-09-12,TX,Arlington,,,,,6422-blue-trl-76001-121550
2026-09-12,INVH,Dallas,"6424 Blue Trl, Arlington, TX, 76001",Dallas,INVH-6424-blue-trl-76001-121552,3,2.5,1660,2299.0,2026-09-12,24 months,False,,,,,,,,https://www.invitationhomes.com/houses-for-rent/6424-blue-trl-76001-121552,2026-07-19,2026-09-12,TX,Arlington,,,,,6424-blue-trl-76001-121552
2026-09-12,INVH,Dallas,"6426 Blue Trl, Arlington, TX, 76001",Dallas,INVH-6426-blue-trl-76001-121554,3,2.5,1660,2349.0,2026-09-12,24 months,False,,,,,,,,https://www.invitationhomes.com/houses-for-rent/6426-blue-trl-76001-121554,2026-07-19,2026-09-12,TX,Arlington,,,,,6426-blue-trl-76001-121554
2026-09-12,INVH,Dallas,"708 Bonnet Trl, Arlington, TX, 76001",Dallas,INVH-708-bonnet-trl-76001-121464,2,2.0,1446,2199.0,2026-10-12,24 months,False,,,,,,,,https://www.invitationhomes.com/houses-for-rent/708-bonnet-trl-76001-121464,2026-09-03,2026-09-12,TX,Arlington,,,,,708-bonnet-trl-76001-121464
2026-09-12,INVH,Dallas,"1304 Brookmeadow Ct, Arlington, TX, 76018",Dallas,INVH-1304-brookmeadow-ct-76018-7665,4,3.0,1830,2445.0,2026-09-12,20 months,False,,,,,,,,https://www.invitationhomes.com/houses-for-rent/1304-brookmeadow-ct-76018-7665,2026-07-19,2026-09-12,TX,Arlington,,,,,1304-brookmeadow-ct-76018-7665
2026-09-12,INVH,Dallas,"501 Kalmia Dr, Arlington, TX, 76018",Dallas,INVH-501-kalmia-dr-76018-9281,3,2.0,1343,2025.0,2026-10-08,20 months,False,,,,,,,,https://www.invitationhomes.com/houses-for-rent/501-kalmia-dr-76018-9281,2026-09-03,2026-09-12,TX,Arlington,,,,,501-kalmia-dr-76018-9281
2026-09-12,INVH,Dallas,"4800 Hollow Tree Dr, Arlington, TX, 76018",Dallas,INVH-4800-hollow-tree-dr-76018-1857,3,2.0,1687,2180.0,2026-09-25,20 months,False,,,,,,,,https://www.invitationhomes.com/houses-for-rent/4800-hollow-tree-dr-76018-1857,2026-08-02,2026-09-12,TX,Arlington,,,,,4800-hollow-tree-dr-76018-1857
2026-09-12,INVH,Dallas,"2841 Garden Grove Rd, Grand Prairie, TX, 75052",Dallas,INVH-2841-garden-grove-rd-75052-6764,3,2.0,2328,2645.0,2026-10-15,20 months,False,,,,,,,,https://www.invitationhomes.com/houses-for-rent/2841-garden-grove-rd-75052-6764,2026-09-12,2026-09-12,TX,Grand Prairie,,,,,2841-garden-grove-rd-75052-6764
2026-09-12,INVH,Dallas,"4965 Briar Oaks Ln, Grand Prairie, TX, 75052",Dallas,INVH-4965-briar-oaks-ln-75052-8164,3,2.0,1990,2449.0,2026-09-12,20 months,False,,,,,,,,https://www.invitationhomes.com/houses-for-rent/4965-briar-oaks-ln-75052-8164,2026-06-09,2026-09-12,TX,Grand Prairie,,,,,4965-briar-oaks-ln-75052-8164
2026-09-12,INVH,Dallas,"4634 Lincolnshire Dr, Grand Prairie, TX, 75052",Dallas,INVH-4634-lincolnshire-dr-75052-7304,4,2.5,2660,2775.0,2026-09-12,20 months,False,,,,,,,,https://www.invitationhomes.com/houses-for-rent/4634-lincolnshire-dr-75052-7304,2026-08-02,2026-09-12,TX,Grand Prairie,,,,,4634-lincolnshire-dr-75052-7304
2026-09-12,INVH,Dallas,"2614 Remmington Dr, Grand Prairie, TX, 75052",Dallas,INVH-2614-remmington-dr-75052-4099,4,2.0,2260,2349.0,2026-09-12,20 months,False,,,,,,,,https://www.invitationhomes.com/houses-for-rent/2614-remmington-dr-75052-4099,2026-04-04,2026-09-12,TX,Grand Prairie,,,,,2614-remmington-dr-75052-4099
2026-09-12,INVH,Dallas,"2860 Ironwood Dr, Grand Prairie, TX, 75052",Dallas,INVH-2860-ironwood-dr-75052-5703,5,2.5,2433,2745.0,2026-10-09,20 months,False,,,,,,,,https://www.invitationhomes.com/houses-for-rent/2860-ironwood-dr-75052-5703,2026-09-03,2026-09-12,TX,Grand Prairie,,,,,2860-ironwood-dr-75052-5703
2026-09-12,INVH,Dallas,"2414 Claremont Dr, Grand Prairie, TX, 75052",Dallas,INVH-2414-claremont-dr-75052-5009,4,2.5,1932,2380.0,2026-09-12,20 months,False,,,,,,,,https://www.invitationhomes.com/houses-for-rent/2414-claremont-dr-75052-5009,2026-08-16,2026-09-12,TX,Grand Prairie,,,,,2414-claremont-dr-75052-5009
2026-09-12,INVH,Dallas,"10321 Pleasant Mound Dr, Fort Worth, TX, 76108",Dallas,INVH-10321-pleasant-mound-dr-76108-7512,3,2.0,1350,1749.0,2026-09-12,20 months,False,,,,,,,,https://www.invitationhomes.com/houses-for-rent/10321-pleasant-mound-dr-76108-7512,2026-05-17,2026-09-12,TX,Fort Worth,,,,,10321-pleasant-mound-dr-76108-7512
2026-09-12,INVH,Dallas,"10200 Cypress Hills Dr, Fort Worth, TX, 76108",Dallas,INVH-10200-cypress-hills-dr-76108-5566,3,2.0,1445,2090.0,2026-09-15,20 months,False,,,,,,,,https://www.invitationhomes.com/houses-for-rent/10200-cypress-hills-dr-76108-5566,2026-09-03,2026-09-12,TX,Fort Worth,,,,,10200-cypress-hills-dr-76108-5566
2026-09-12,INVH,Dallas,"9324 Jason Ct, Fort Worth, TX, 76108",Dallas,INVH-9324-jason-ct-76108-7402,3,2.0,1681,2220.0,2026-09-29,20 months,False,,,,,,,,https://www.invitationhomes.com/houses-for-rent/9324-jason-ct-76108-7402,2026-08-16,2026-09-12,TX,Fort Worth,,,,,9324-jason-ct-76108-7402
2026-09-12,INVH,Dallas,"9764 Stoney Bridge Rd, Fort Worth, TX, 76108",Dallas,INVH-9764-stoney-bridge-rd-76108-2216,4,2.0,2806,2345.0,2026-09-12,20 months,False,,,,,,,,https://www.invitationhomes.com/houses-for-rent/9764-stoney-bridge-rd-76108-2216,2026-08-02,2026-09-12,TX,Fort Worth,,,,,9764-stoney-bridge-rd-76108-2216
2026-09-12,INVH,Dallas,"4824 Lyndon, Fort Worth, TX, 76116",Dallas,INVH-4824-lyndon-76116-110448,3,2.0,980,1725.0,2026-10-09,20 months,False,,,,,,,,https://www.invitationhomes.com/houses-for-rent/4824-lyndon-76116-110448,2026-09-03,2026-09-12,TX,Fort Worth,,,,,4824-lyndon-76116-110448
2026-09-12,INVH,Dallas,"4405 Wellesley, Fort Worth, TX, 76107",Dallas,INVH-4405-wellesley-76107-109948,3,1.0,1150,2065.0,2026-10-12,20 months,False,,,,,,,,https://www.invitationhomes.com/houses-for-rent/4405-wellesley-76107-109948,2026-09-03,2026-09-12,TX,Fort Worth,,,,,4405-wellesley-76107-109948
2026-09-12,INVH,Dallas,"6133 River Pointe, Fort Worth, TX, 76114",Dallas,INVH-6133-river-pointe-76114-110414,3,2.0,1328,2095.0,2026-09-30,20 months,False,,,,,,,,https://www.invitationhomes.com/houses-for-rent/6133-river-pointe-76114-110414,2026-08-16,2026-09-12,TX,Fort Worth,,,,,6133-river-pointe-76114-110414
2026-09-12,INVH,Dallas,"6616 Chalk River Dr, Fort Worth, TX, 76179",Dallas,INVH-6616-chalk-river-dr-76179-9987,4,2.0,1897,2090.0,2026-09-12,20 months,False,,,,,,,,https://www.invitationhomes.com/houses-for-rent/6616-chalk-river-dr-76179-9987,2026-08-23,2026-09-12,TX,Fort Worth,,,,,6616-chalk-river-dr-76179-9987
2026-09-12,INVH,Dallas,"5812 Matt St, Fort Worth, TX, 76179",Dallas,INVH-5812-matt-st-76179-9906,3,2.0,1602,1899.0,2026-09-12,20 months,False,,,,,,,,https://www.invitationhomes.com/houses-for-rent/5812-matt-st-76179-9906,2026-08-16,2026-09-12,TX,Fort Worth,,,,,5812-matt-st-76179-9906
2026-09-12,INVH,Dallas,"5601 Heatherglen Ter, Fort Worth, TX, 76179",Dallas,INVH-5601-heatherglen-ter-76179-8296,3,2.0,1597,2045.0,2026-10-10,20 months,False,,,,,,,,https://www.invitationhomes.com/houses-for-rent/5601-heatherglen-ter-76179-8296,2026-09-03,2026-09-12,TX,Fort Worth,,,,,5601-heatherglen-ter-76179-8296
2026-09-12,INVH,Dallas,"7069 Meandering Creek Ln, Fort Worth, TX, 76179",Dallas,INVH-7069-meandering-creek-ln-76179-122119,4,2.0,1667,2199.0,2026-10-06,24 months,False,,,,,,,,https://www.invitationhomes.com/houses-for-rent/7069-meandering-creek-ln-76179-122119,2026-08-23,2026-09-12,TX,Fort Worth,,,,,7069-meandering-creek-ln-76179-122119
2026-09-12,INVH,Dallas,"5121 Hidden Treasure Ln, Fort Worth, TX, 76179",Dallas,INVH-5121-hidden-treasure-ln-76179-122255,4,2.0,1707,2265.0,2026-09-12,24 months,False,,,,,,,,https://www.invitationhomes.com/houses-for-rent/5121-hidden-treasure-ln-76179-122255,2026-07-19,2026-09-12,TX,Fort Worth,,,,,5121-hidden-treasure-ln-76179-122255
2026-09-12,INVH,Dallas,"5105 Hidden Treasure Ln, Fort Worth, TX, 76179",Dallas,INVH-5105-hidden-treasure-ln-76179-124892,4,2.5,1885,2299.0,2026-09-12,24 months,False,,,,,,,,https://www.invitationhomes.com/houses-for-rent/5105-hidden-treasure-ln-76179-124892,2026-08-23,2026-09-12,TX,Fort Worth,,,,,5105-hidden-treasure-ln-76179-124892
2026-09-12,INVH,Dallas,"7124 Landings Edge Rd, Fort Worth, TX, 76179",Dallas,INVH-7124-landings-edge-rd-76179-122107,4,2.0,1784,2099.0,2026-09-12,24 months,False,,,,,,,,https://www.invitationhomes.com/houses-for-rent/7124-landings-edge-rd-76179-122107,2026-07-19,2026-09-12,TX,Fort Worth,,,,,7124-landings-edge-rd-76179-122107
2026-09-12,INVH,Dallas,"7101 Landings Edge Rd, Fort Worth, TX, 76179",Dallas,INVH-7101-landings-edge-rd-76179-121804,3,2.0,1474,2075.0,2026-09-12,24 months,False,,,,,,,,https://www.invitationhomes.com/houses-for-rent/7101-landings-edge-rd-76179-121804,2026-07-19,2026-09-12,TX,Fort Worth,,,,,7101-landings-edge-rd-76179-121804
2026-09-12,INVH,Dallas,"7132 Landings Edge Rd, Fort Worth, TX, 76179",Dallas,INVH-7132-landings-edge-rd-76179-122109,3,2.0,1260,1999.0,2026-09-12,24 months,False,,,,,,,,https://www.invitationhomes.com/houses-for-rent/7132-landings-edge-rd-76179-122109,2026-07-19,2026-09-12,TX,Fort Worth,,,,,7132-landings-edge-rd-76179-122109
2026-09-12,INVH,Dallas,"7109 Landings Edge Rd, Fort Worth, TX, 76179",Dallas,INVH-7109-landings-edge-rd-76179-121802,4,2.0,1667,2185.0,2026-09-12,24 months,False,,,,,,,,https://www.invitationhomes.com/houses-for-rent/7109-landings-edge-rd-76179-121802,2026-06-09,2026-09-12,TX,Fort Worth,,,,,7109-landings-edge-rd-76179-121802
2026-09-12,INVH,Dallas,"7212 Misty Summit Dr, Fort Worth, TX, 76179",Dallas,INVH-7212-misty-summit-dr-76179-119564,4,2.0,1667,2225.0,2026-10-15,24 months,False,,,,,,,,https://www.invitationhomes.com/houses-for-rent/7212-misty-summit-dr-76179-119564,2026-09-09,2026-09-12,TX,Fort Worth,,,,,7212-misty-summit-dr-76179-119564
2026-09-12,INVH,Dallas,"7249 Misty Summit Dr, Fort Worth, TX, 76179",Dallas,INVH-7249-misty-summit-dr-76179-124953,4,2.5,1885,2335.0,2026-09-15,24 months,False,,,,,,,,https://www.invitationhomes.com/houses-for-rent/7249-misty-summit-dr-76179-124953,2026-09-12,2026-09-12,TX,Fort Worth,,,,,7249-misty-summit-dr-76179-124953
2026-09-12,INVH,Dallas,"4901 Draper Ridge Dr, Fort Worth, TX, 76179",Dallas,INVH-4901-draper-ridge-dr-76179-120319,4,2.0,1667,2149.0,2026-09-12,24 months,False,,,,,,,,https://www.invitationhomes.com/houses-for-rent/4901-draper-ridge-dr-76179-120319,2026-05-09,2026-09-12,TX,Fort Worth,,,,,4901-draper-ridge-dr-76179-120319
2026-09-12,INVH,Dallas,"4909 Grey Fallow St, Fort Worth, TX, 76179",Dallas,INVH-4909-grey-fallow-st-76179-120382,4,2.0,1667,2225.0,2026-09-12,24 months,False,,,,,,,,https://www.invitationhomes.com/houses-for-rent/4909-grey-fallow-st-76179-120382,2026-07-19,2026-09-12,TX,Fort Worth,,,,,4909-grey-fallow-st-76179-120382
2026-09-12,INVH,Dallas,"4900 Old Ember Ln, Fort Worth, TX, 76179",Dallas,INVH-4900-old-ember-ln-76179-114924,3,2.0,1260,1949.0,2026-09-12,24 months,False,,,,,,,,https://www.invitationhomes.com/houses-for-rent/4900-old-ember-ln-76179-114924,2026-04-04,2026-09-12,TX,Fort Worth,,,,,4900-old-ember-ln-76179-114924
2026-09-12,INVH,Dallas,"8429 Golf Club Cir, Fort Worth, TX, 76179",Dallas,INVH-8429-golf-club-cir-76179-85154,3,2.5,1865,2315.0,2026-09-30,20 months,False,,,,,,,,https://www.invitationhomes.com/houses-for-rent/8429-golf-club-cir-76179-85154,2026-08-16,2026-09-12,TX,Fort Worth,,,,,8429-golf-club-cir-76179-85154
2026-09-12,INVH,Dallas,"3116 Forchini Drive, Fort Worth, TX, 76131",Dallas,INVH-3116-forchini-drive-76131-124954,4,2.0,1600,2199.0,2026-09-15,20 months,False,,,,,,,,https://www.invitationhomes.com/houses-for-rent/3116-forchini-drive-76131-124954,2026-09-09,2026-09-12,TX,Fort Worth,,,,,3116-forchini-drive-76131-124954
2026-09-12,INVH,Dallas,"3148 Lynmar Lane, Fort Worth, TX, 76179",Dallas,INVH-3148-lynmar-lane-76179-124914,3,2.0,1411,2075.0,2026-09-12,20 months,False,,,,,,,,https://www.invitationhomes.com/houses-for-rent/3148-lynmar-lane-76179-124914,2026-09-03,2026-09-12,TX,Fort Worth,,,,,3148-lynmar-lane-76179-124914
2026-09-12,INVH,Dallas,"3125 Forchini Drive, Fort Worth, TX, 76179",Dallas,INVH-3125-forchini-drive-76179-124845,4,2.0,1600,2199.0,2026-09-12,20 months,False,,,,,,,,https://www.invitationhomes.com/houses-for-rent/3125-forchini-drive-76179-124845,2026-08-16,2026-09-12,TX,Fort Worth,,,,,3125-forchini-drive-76179-124845
2026-09-12,INVH,Dallas,"4344 Rockmill Trl, Fort Worth, TX, 76179",Dallas,INVH-4344-rockmill-trl-76179-5042,4,2.0,1897,2065.0,2026-09-12,20 months,False,,,,,,,,https://www.invitationhomes.com/houses-for-rent/4344-rockmill-trl-76179-5042,2026-08-23,2026-09-12,TX,Fort Worth,,,,,4344-rockmill-trl-76179-5042
2026-09-12,INVH,Dallas,"9612 Verite Street, Fort Worth, TX, 76179",Dallas,INVH-9612-verite-street-76179-124819,4,2.0,1600,2199.0,2026-09-12,20 months,False,,,,,,,,https://www.invitationhomes.com/houses-for-rent/9612-verite-street-76179-124819,2026-08-10,2026-09-12,TX,Fort Worth,,,,,9612-verite-street-76179-124819
2026-09-12,INVH,Dallas,"10032 Pilot Place, Fort Worth, TX, 76131",Dallas,INVH-10032-pilot-place-76131-123722,4,2.5,2131,2730.0,2026-09-12,20 months,False,,,,,,,,https://www.invitationhomes.com/houses-for-rent/10032-pilot-place-76131-123722,2026-08-23,2026-09-12,TX,Fort Worth,,,,,10032-pilot-place-76131-123722
2026-09-12,INVH,Dallas,"608 Ridgeback Trl, Haslet, TX, 76052",Dallas,INVH-608-ridgeback-trl-76052-86541,4,2.0,2245,2340.0,2026-09-12,20 months,False,,,,,,,,https://www.invitationhomes.com/houses-for-rent/608-ridgeback-trl-76052-86541,2026-08-02,2026-09-12,TX,Haslet,,,,,608-ridgeback-trl-76052-86541
2026-09-12,INVH,Dallas,"14808 Gilley Ln, Haslet, TX, 76052",Dallas,INVH-14808-gilley-ln-76052-83137,3,2.0,2044,2175.0,2026-09-12,20 months,False,,,,,,,,https://www.invitationhomes.com/houses-for-rent/14808-gilley-ln-76052-83137,2026-04-26,2026-09-12,TX,Haslet,,,,,14808-gilley-ln-76052-83137
2026-09-12,INVH,Dallas,"424 Guadalupe Dr, Saginaw, TX, 76179",Dallas,INVH-424-guadalupe-dr-76179-85067,3,2.0,1452,1995.0,2026-10-06,20 months,False,,,,,,,,https://www.invitationhomes.com/houses-for-rent/424-guadalupe-dr-76179-85067,2026-08-23,2026-09-12,TX,Saginaw,,,,,424-guadalupe-dr-76179-85067
2026-09-12,INVH,Dallas,"2308 Tallowood Ct, Fort Worth, TX, 76131",Dallas,INVH-2308-tallowood-ct-76131-9652,3,2.0,1391,1845.0,2026-09-12,20 months,False,,,,,,,,https://www.invitationhomes.com/houses-for-rent/2308-tallowood-ct-76131-9652,2026-05-17,2026-09-12,TX,Fort Worth,,,,,2308-tallowood-ct-76131-9652
2026-09-12,INVH,Dallas,"4000 Iris Ct, Haltom City, TX, 76137",Dallas,INVH-4000-iris-ct-76137-1652,4,2.5,3057,2395.0,2026-09-12,20 months,False,,,,,,,,https://www.invitationhomes.com/houses-for-rent/4000-iris-ct-76137-1652,2026-05-24,2026-09-12,TX,Haltom City,,,,,4000-iris-ct-76137-1652
2026-09-12,INVH,Dallas,"4293 Estes Park Cir, Haltom City, TX, 76137",Dallas,INVH-4293-estes-park-cir-76137-9192,4,2.0,1945,2365.0,2026-10-06,20 months,False,,,,,,,,https://www.invitationhomes.com/houses-for-rent/4293-estes-park-cir-76137-9192,2026-08-23,2026-09-12,TX,Haltom City,,,,,4293-estes-park-cir-76137-9192
2026-09-12,INVH,Dallas,"6924 Bentley Ave, Fort Worth, TX, 76137",Dallas,INVH-6924-bentley-ave-76137-83066,4,2.1,2265,2165.0,2026-09-12,20 months,False,,,,,,,,https://www.invitationhomes.com/houses-for-rent/6924-bentley-ave-76137-83066,2026-08-02,2026-09-12,TX,Fort Worth,,,,,6924-bentley-ave-76137-83066
2026-09-12,INVH,Dallas,"5601 Desert Willow Ct, Fort Worth, TX, 76137",Dallas,INVH-5601-desert-willow-ct-76137-5711,4,2.5,3164,2695.0,2026-09-15,20 months,False,,,,,,,,https://www.invitationhomes.com/houses-for-rent/5601-desert-willow-ct-76137-5711,2026-08-10,2026-09-12,TX,Fort Worth,,,,,5601-desert-willow-ct-76137-5711
2026-09-12,INVH,Dallas,"6704 Constitution Dr, Watauga, TX, 76148",Dallas,INVH-6704-constitution-dr-76148-5004,3,2.0,1460,2135.0,2026-09-12,24 months,False,,,,,,,,https://www.invitationhomes.com/houses-for-rent/6704-constitution-dr-76148-5004,2026-07-19,2026-09-12,TX,Watauga,,,,,6704-constitution-dr-76148-5004
2026-09-12,INVH,Dallas,"7533 Janetta Dr, Fort Worth, TX, 76180",Dallas,INVH-7533-janetta-dr-76180-9483,3,2.0,1562,2045.0,2026-09-12,20 months,False,,,,,,,,https://www.invitationhomes.com/houses-for-rent/7533-janetta-dr-76180-9483,2026-07-19,2026-09-12,TX,Fort Worth,,,,,7533-janetta-dr-76180-9483
2026-09-12,INVH,Dallas,"5668 Jamaica Cir, North Richland Hills, TX, 76180",Dallas,INVH-5668-jamaica-cir-76180-85204,3,2.0,1640,2230.0,2026-09-15,20 months,False,,,,,,,,https://www.invitationhomes.com/houses-for-rent/5668-jamaica-cir-76180-85204,2026-08-23,2026-09-12,TX,North Richland Hills,,,,,5668-jamaica-cir-76180-85204
2026-09-12,INVH,Dallas,"6941 Brixham Dr, North Richland Hills, TX, 76182",Dallas,INVH-6941-brixham-dr-76182-6497,3,2.5,1634,2245.0,2026-09-21,20 months,False,,,,,,,,https://www.invitationhomes.com/houses-for-rent/6941-brixham-dr-76182-6497,2026-08-10,2026-09-12,TX,North Richland Hills,,,,,6941-brixham-dr-76182-6497
2026-09-12,INVH,Dallas,"2703 Blackwood, Arlington, TX, 76013",Dallas,INVH-2703-blackwood-76013-110209,3,2.0,1872,2195.0,2026-10-25,20 months,False,,,,,,,,https://www.invitationhomes.com/houses-for-rent/2703-blackwood-76013-110209,2026-09-12,2026-09-12,TX,Arlington,,,,,2703-blackwood-76013-110209
2026-09-12,INVH,Dallas,"2815 Norwood Ln, Arlington, TX, 76013",Dallas,INVH-2815-norwood-ln-76013-85091,3,2.0,1502,1995.0,2026-09-14,20 months,False,,,,,,,,https://www.invitationhomes.com/houses-for-rent/2815-norwood-ln-76013-85091,2026-07-19,2026-09-12,TX,Arlington,,,,,2815-norwood-ln-76013-85091
2026-09-12,INVH,Dallas,"2305 Lavon Creek Ln, Arlington, TX, 76006",Dallas,INVH-2305-lavon-creek-ln-76006-7048,4,2.0,1850,2675.0,2026-10-08,20 months,False,,,,,,,,https://www.invitationhomes.com/houses-for-rent/2305-lavon-creek-ln-76006-7048,2026-09-03,2026-09-12,TX,Arlington,,,,,2305-lavon-creek-ln-76006-7048
2026-09-12,INVH,Dallas,"8125 Trinity Vista Trl, Hurst, TX, 76053",Dallas,INVH-8125-trinity-vista-trl-76053-4532,4,4.0,3051,2940.0,2026-09-12,20 months,False,,,,,,,,https://www.invitationhomes.com/houses-for-rent/8125-trinity-vista-trl-76053-4532,2026-07-19,2026-09-12,TX,Hurst,,,,,8125-trinity-vista-trl-76053-4532
2026-09-12,INVH,Dallas,"2769 Salado Trl, Fort Worth, TX, 76118",Dallas,INVH-2769-salado-trl-76118-1189,3,2.0,1741,2295.0,2026-10-24,20 months,False,,,,,,,,https://www.invitationhomes.com/houses-for-rent/2769-salado-trl-76118-1189,2026-09-09,2026-09-12,TX,Fort Worth,,,,,2769-salado-trl-76118-1189
2026-09-12,INVH,Dallas,"2957 Salado Trl, Fort Worth, TX, 76118",Dallas,INVH-2957-salado-trl-76118-94770,3,2.0,1613,2145.0,2026-09-12,20 months,False,,,,,,,,https://www.invitationhomes.com/houses-for-rent/2957-salado-trl-76118-94770,2026-04-04,2026-09-12,TX,Fort Worth,,,,,2957-salado-trl-76118-94770
2026-09-12,INVH,Dallas,"8737 Pedernales Trl, Fort Worth, TX, 76118",Dallas,INVH-8737-pedernales-trl-76118-2387,4,2.5,2166,2535.0,2026-09-16,24 months,False,,,,,,,,https://www.invitationhomes.com/houses-for-rent/8737-pedernales-trl-76118-2387,2026-04-04,2026-09-12,TX,Fort Worth,,,,,8737-pedernales-trl-76118-2387
2026-09-12,INVH,Dallas,"1765 Brown, Hurst, TX, 76054",Dallas,INVH-1765-brown-76054-109942,3,2.5,2382,2485.0,2026-09-18,20 months,False,,,,,,,,https://www.invitationhomes.com/houses-for-rent/1765-brown-76054-109942,2026-06-14,2026-09-12,TX,Hurst,,,,,1765-brown-76054-109942
2026-09-12,INVH,Dallas,"1517 Woodvale Dr, Bedford, TX, 76021",Dallas,INVH-1517-woodvale-dr-76021-2989,5,2.0,2478,2815.0,2026-09-12,20 months,False,,,,,,,,https://www.invitationhomes.com/houses-for-rent/1517-woodvale-dr-76021-2989,2026-07-19,2026-09-12,TX,Bedford,,,,,1517-woodvale-dr-76021-2989
2026-09-12,INVH,Dallas,"202 Jefflyn Ct, Euless, TX, 76040",Dallas,INVH-202-jefflyn-ct-76040-6907,3,2.0,1382,2140.0,2026-09-12,20 months,False,,,,,,,,https://www.invitationhomes.com/houses-for-rent/202-jefflyn-ct-76040-6907,2026-08-23,2026-09-12,TX,Euless,,,,,202-jefflyn-ct-76040-6907
2026-09-12,INVH,Dallas,"310 E Huitt Ln, Euless, TX, 76040",Dallas,INVH-310-e-huitt-ln-76040-110319,3,2.0,2268,2280.0,2026-09-14,20 months,False,,,,,,,,https://www.invitationhomes.com/houses-for-rent/310-e-huitt-ln-76040-110319,2026-08-16,2026-09-12,TX,Euless,,,,,310-e-huitt-ln-76040-110319
2026-09-12,INVH,Dallas,"503 Thorn Wood Dr, Euless, TX, 76039",Dallas,INVH-503-thorn-wood-dr-76039-9641,3,2.0,1533,2285.0,2026-09-12,20 months,False,,,,,,,,https://www.invitationhomes.com/houses-for-rent/503-thorn-wood-dr-76039-9641,2026-06-09,2026-09-12,TX,Euless,,,,,503-thorn-wood-dr-76039-9641
2026-09-12,INVH,Dallas,"1105 Iron Horse Dr, Fort Worth, TX, 76131",Dallas,INVH-1105-iron-horse-dr-76131-4267,5,2.5,2294,2545.0,2026-10-03,20 months,False,,,,,,,,https://www.invitationhomes.com/houses-for-rent/1105-iron-horse-dr-76131-4267,2026-09-03,2026-09-12,TX,Fort Worth,,,,,1105-iron-horse-dr-76131-4267
2026-09-12,INVH,Dallas,"1020 Salt Creek Trl, Fort Worth, TX, 76131",Dallas,INVH-1020-salt-creek-trl-76131-85143,3,2.0,1796,2185.0,2026-09-26,20 months,False,,,,,,,,https://www.invitationhomes.com/houses-for-rent/1020-salt-creek-trl-76131-85143,2026-08-16,2026-09-12,TX,Fort Worth,,,,,1020-salt-creek-trl-76131-85143
2026-09-12,INVH,Dallas,"8117 Hennessey, Fort Worth, TX, 76131",Dallas,INVH-8117-hennessey-76131-110497,4,2.0,1936,2045.0,2026-09-12,20 months,False,,,,,,,,https://www.invitationhomes.com/houses-for-rent/8117-hennessey-76131-110497,2026-07-19,2026-09-12,TX,Fort Worth,,,,,8117-hennessey-76131-110497
2026-09-12,INVH,Dallas,"1416 Kingfisher Dr, Fort Worth, TX, 76131",Dallas,INVH-1416-kingfisher-dr-76131-4270,3,2.0,1796,2065.0,2026-09-12,20 months,False,,,,,,,,https://www.invitationhomes.com/houses-for-rent/1416-kingfisher-dr-76131-4270,2026-09-03,2026-09-12,TX,Fort Worth,,,,,1416-kingfisher-dr-76131-4270
2026-09-12,INVH,Dallas,"8337 Horseshoe Bend Dr, Fort Worth, TX, 76131",Dallas,INVH-8337-horseshoe-bend-dr-76131-5961,4,2.0,2155,2290.0,2026-09-14,20 months,False,,,,,,,,https://www.invitationhomes.com/houses-for-rent/8337-horseshoe-bend-dr-76131-5961,2026-08-16,2026-09-12,TX,Fort Worth,,,,,8337-horseshoe-bend-dr-76131-5961
2026-09-12,INVH,Dallas,"1813 Desperado Rd, Fort Worth, TX, 76131",Dallas,INVH-1813-desperado-rd-76131-1460,4,2.5,2360,2445.0,2026-10-04,20 months,False,,,,,,,,https://www.invitationhomes.com/houses-for-rent/1813-desperado-rd-76131-1460,2026-04-04,2026-09-12,TX,Fort Worth,,,,,1813-desperado-rd-76131-1460
2026-09-12,INVH,Dallas,"3900 Rochester Dr, Fort Worth, TX, 76244",Dallas,INVH-3900-rochester-dr-76244-4917,4,2.5,2574,2595.0,2026-10-18,20 months,False,,,,,,,,https://www.invitationhomes.com/houses-for-rent/3900-rochester-dr-76244-4917,2026-09-03,2026-09-12,TX,Fort Worth,,,,,3900-rochester-dr-76244-4917
2026-09-12,INVH,Dallas,"10009 Chadbourne Rd, Fort Worth, TX, 76244",Dallas,INVH-10009-chadbourne-rd-76244-85203,4,2.0,2142,2449.0,2026-09-12,20 months,False,,,,,,,,https://www.invitationhomes.com/houses-for-rent/10009-chadbourne-rd-76244-85203,2026-08-10,2026-09-12,TX,Fort Worth,,,,,10009-chadbourne-rd-76244-85203
2026-09-12,INVH,Dallas,"5108 Raymond Dr, Fort Worth, TX, 76244",Dallas,INVH-5108-raymond-dr-76244-2253,3,2.5,2552,2195.0,2026-09-12,20 months,False,,,,,,,,https://www.invitationhomes.com/houses-for-rent/5108-raymond-dr-76244-2253,2026-07-19,2026-09-12,TX,Fort Worth,,,,,5108-raymond-dr-76244-2253
2026-09-12,INVH,Dallas,"214 Arabian Ln, Keller, TX, 76248",Dallas,INVH-214-arabian-ln-76248-3605,3,2.0,1354,2035.0,2026-09-30,20 months,False,,,,,,,,https://www.invitationhomes.com/houses-for-rent/214-arabian-ln-76248-3605,2026-08-23,2026-09-12,TX,Keller,,,,,214-arabian-ln-76248-3605
2026-09-12,INVH,Dallas,"2075 Paint Pony Ln, Keller, TX, 76248",Dallas,INVH-2075-paint-pony-ln-76248-9253,3,2.0,1447,1895.0,2026-09-12,20 months,False,,,,,,,,https://www.invitationhomes.com/houses-for-rent/2075-paint-pony-ln-76248-9253,2026-04-04,2026-09-12,TX,Keller,,,,,2075-paint-pony-ln-76248-9253
2026-09-12,INVH,Dallas,"6524 Windrock Dr, Watauga, TX, 76148",Dallas,INVH-6524-windrock-dr-76148-9380,3,2.0,1412,1945.0,2026-09-12,20 months,False,,,,,,,,https://www.invitationhomes.com/houses-for-rent/6524-windrock-dr-76148-9380,2026-08-16,2026-09-12,TX,Watauga,,,,,6524-windrock-dr-76148-9380
2026-09-12,INVH,Dallas,"6476 Green Ridge Dr, Watauga, TX, 76148",Dallas,INVH-6476-green-ridge-dr-76148-6903,3,2.0,1506,2095.0,2026-09-29,20 months,False,,,,,,,,https://www.invitationhomes.com/houses-for-rent/6476-green-ridge-dr-76148-6903,2026-08-16,2026-09-12,TX,Watauga,,,,,6476-green-ridge-dr-76148-6903
2026-09-12,INVH,Dallas,"6649 Parkwood Dr, Watauga, TX, 76148",Dallas,INVH-6649-parkwood-dr-76148-85039,3,2.0,1424,2045.0,2026-09-12,20 months,False,,,,,,,,https://www.invitationhomes.com/houses-for-rent/6649-parkwood-dr-76148-85039,2026-05-03,2026-09-12,TX,Watauga,,,,,6649-parkwood-dr-76148-85039
2026-09-12,INVH,Dallas,"7704 Cedar Park Ave, North Richland Hills, TX, 76182",Dallas,INVH-7704-cedar-park-ave-76182-9499,3,2.0,1726,2295.0,2026-09-12,20 months,False,,,,,,,,https://www.invitationhomes.com/houses-for-rent/7704-cedar-park-ave-76182-9499,2026-06-14,2026-09-12,TX,North Richland Hills,,,,,7704-cedar-park-ave-76182-9499
2026-09-12,INVH,Dallas,"5204 Selago Dr, Fort Worth, TX, 76244",Dallas,INVH-5204-selago-dr-76244-3770,4,2.5,2848,2845.0,2026-10-08,20 months,False,,,,,,,,https://www.invitationhomes.com/houses-for-rent/5204-selago-dr-76244-3770,2026-09-03,2026-09-12,TX,Fort Worth,,,,,5204-selago-dr-76244-3770
2026-09-12,INVH,Dallas,"14025 Sand Hills Dr, Haslet, TX, 76052",Dallas,INVH-14025-sand-hills-dr-76052-94596,4,2.5,2724,2635.0,2026-09-30,20 months,False,,,,,,,,https://www.invitationhomes.com/houses-for-rent/14025-sand-hills-dr-76052-94596,2026-04-04,2026-09-12,TX,Haslet,,,,,14025-sand-hills-dr-76052-94596
2026-09-12,INVH,Dallas,"14464 Artisan Dr, Haslet, TX, 76052",Dallas,INVH-14464-artisan-dr-76052-83131,4,2.0,2003,2199.0,2026-09-12,20 months,False,,,,,,,,https://www.invitationhomes.com/houses-for-rent/14464-artisan-dr-76052-83131,2026-08-10,2026-09-12,TX,Haslet,,,,,14464-artisan-dr-76052-83131
2026-09-12,INVH,Dallas,"441 Pollyann, Fort Worth, TX, 76052",Dallas,INVH-441-pollyann-76052-110112,3,2.0,1509,2099.0,2026-09-26,20 months,False,,,,,,,,https://www.invitationhomes.com/houses-for-rent/441-pollyann-76052-110112,2026-08-16,2026-09-12,TX,Fort Worth,,,,,441-pollyann-76052-110112
2026-09-12,INVH,Dallas,"336 Red Rock Trl, Haslet, TX, 76052",Dallas,INVH-336-red-rock-trl-76052-115791,4,2.5,1884,2365.0,2026-09-12,24 months,False,,,,,,,,https://www.invitationhomes.com/houses-for-rent/336-red-rock-trl-76052-115791,2026-04-20,2026-09-12,TX,Haslet,,,,,336-red-rock-trl-76052-115791
2026-09-12,INVH,Dallas,"14820 Bridge Pass Trl, Fort Worth, TX, 76052",Dallas,INVH-14820-bridge-pass-trail-76052-93797,4,2.5,1884,1995.0,2026-09-12,20 months,False,,,,,,,,https://www.invitationhomes.com/houses-for-rent/14820-bridge-pass-trail-76052-93797,2026-05-03,2026-09-12,TX,Fort Worth,,,,,14820-bridge-pass-trail-76052-93797
2026-09-12,INVH,Dallas,"2528 Open Range Dr, Fort Worth, TX, 76177",Dallas,INVH-2528-open-range-dr-76177-6456,4,3.0,3140,2995.0,2026-10-24,20 months,False,,,,,,,,https://www.invitationhomes.com/houses-for-rent/2528-open-range-dr-76177-6456,2026-09-09,2026-09-12,TX,Fort Worth,,,,,2528-open-range-dr-76177-6456
2026-09-12,INVH,Dallas,"4217 Broken Bend Blvd, Fort Worth, TX, 76244",Dallas,INVH-4217-broken-bend-blvd-76244-89527,4,2.0,2482,2775.0,2026-10-16,20 months,False,,,,,,,,https://www.invitationhomes.com/houses-for-rent/4217-broken-bend-blvd-76244-89527,2026-09-12,2026-09-12,TX,Fort Worth,,,,,4217-broken-bend-blvd-76244-89527
2026-09-12,INVH,Dallas,"2100 Collington Dr, Roanoke, TX, 76262",Dallas,INVH-2100-collington-dr-76262-2926,4,3.0,2534,2560.0,2026-09-12,20 months,False,,,,,,,,https://www.invitationhomes.com/houses-for-rent/2100-collington-dr-76262-2926,2026-07-19,2026-09-12,TX,Roanoke,,,,,2100-collington-dr-76262-2926
2026-09-12,INVH,Dallas,"713 Ridgewood Cir, Hurst, TX, 76054",Dallas,INVH-713-ridgewood-cir-76054-6508,3,2.0,1968,2495.0,2026-10-15,20 months,False,,,,,,,,https://www.invitationhomes.com/houses-for-rent/713-ridgewood-cir-76054-6508,2026-09-03,2026-09-12,TX,Hurst,,,,,713-ridgewood-cir-76054-6508
2026-09-12,INVH,Dallas,"3718 Twin Oaks Ct, Flower Mound, TX, 75028",Dallas,INVH-3718-twin-oaks-ct-75028-5400,4,2.0,1756,2420.0,2026-09-30,20 months,False,,,,,,,,https://www.invitationhomes.com/houses-for-rent/3718-twin-oaks-ct-75028-5400,2026-07-19,2026-09-12,TX,Flower Mound,,,,,3718-twin-oaks-ct-75028-5400
2026-09-12,INVH,Dallas,"3611 Spring Meadow Ln, Flower Mound, TX, 75028",Dallas,INVH-3611-spring-meadow-ln-75028-84027,3,2.5,1687,2185.0,2026-09-12,20 months,False,,,,,,,,https://www.invitationhomes.com/houses-for-rent/3611-spring-meadow-ln-75028-84027,2026-05-09,2026-09-12,TX,Flower Mound,,,,,3611-spring-meadow-ln-75028-84027
2026-09-12,INVH,Dallas,"5345 Colonial Dr, Flower Mound, TX, 75028",Dallas,INVH-5345-colonial-dr-75028-4170,3,2.0,1645,2245.0,2026-09-12,20 months,False,,,,,,,,https://www.invitationhomes.com/houses-for-rent/5345-colonial-dr-75028-4170,2026-07-19,2026-09-12,TX,Flower Mound,,,,,5345-colonial-dr-75028-4170
2026-09-12,INVH,Dallas,"2040 Cardinal Ln, Lewisville, TX, 75077",Dallas,INVH-2040-cardinal-ln-75077-5858,4,2.5,2229,2345.0,2026-09-12,20 months,False,,,,,,,,https://www.invitationhomes.com/houses-for-rent/2040-cardinal-ln-75077-5858,2026-07-19,2026-09-12,TX,Lewisville,,,,,2040-cardinal-ln-75077-5858
2026-09-12,INVH,Dallas,"7908 Winding Stream Ln, Denton, TX, 76210",Dallas,INVH-7908-winding-stream-ln-76210-2679,4,3.0,2763,2915.0,2026-10-20,20 months,False,,,,,,,,https://www.invitationhomes.com/houses-for-rent/7908-winding-stream-ln-76210-2679,2026-09-06,2026-09-12,TX,Denton,,,,,7908-winding-stream-ln-76210-2679
2026-09-12,INVH,Dallas,"3121 Stonecrop Trl, Argyle, TX, 76226",Dallas,INVH-3121-stonecrop-trl-76226-1638,4,3.0,2928,2995.0,2026-10-22,20 months,False,,,,,,,,https://www.invitationhomes.com/houses-for-rent/3121-stonecrop-trl-76226-1638,2026-09-09,2026-09-12,TX,Argyle,,,,,3121-stonecrop-trl-76226-1638
2026-09-12,INVH,Dallas,"1609 White Dove Ln, Denton, TX, 76210",Dallas,INVH-1609-white-dove-ln-76210-94431,6,2.5,3121,3235.0,2026-10-10,20 months,False,,,,,,,,https://www.invitationhomes.com/houses-for-rent/1609-white-dove-ln-76210-94431,2026-09-03,2026-09-12,TX,Denton,,,,,1609-white-dove-ln-76210-94431
2026-09-12,INVH,Dallas,"8008 Settlement Dr, Denton, TX, 76210",Dallas,INVH-8008-settlement-dr-76210-111876,3,2.0,1892,2299.0,2026-10-08,20 months,False,,,,,,,,https://www.invitationhomes.com/houses-for-rent/8008-settlement-dr-76210-111876,2026-09-03,2026-09-12,TX,Denton,,,,,8008-settlement-dr-76210-111876
2026-09-12,INVH,Dallas,"2807 Custer Dr, Corinth, TX, 76210",Dallas,INVH-2807-custer-dr-76210-8118,3,2.0,1544,2195.0,2026-09-15,20 months,False,,,,,,,,https://www.invitationhomes.com/houses-for-rent/2807-custer-dr-76210-8118,2026-08-16,2026-09-12,TX,Corinth,,,,,2807-custer-dr-76210-8118
2026-09-12,INVH,Dallas,"2104 Wagon Wheel Trl, Corinth, TX, 76208",Dallas,INVH-2104-wagon-wheel-trl-76208-6805,5,2.5,2944,2535.0,2026-09-12,20 months,False,,,,,,,,https://www.invitationhomes.com/houses-for-rent/2104-wagon-wheel-trl-76208-6805,2026-07-19,2026-09-12,TX,Corinth,,,,,2104-wagon-wheel-trl-76208-6805
2026-09-12,INVH,Dallas,"2300 Bray Village Dr, Denton, TX, 76207",Dallas,INVH-2300-bray-village-dr-76207-6079,3,2.5,2190,2185.0,2026-09-12,20 months,False,,,,,,,,https://www.invitationhomes.com/houses-for-rent/2300-bray-village-dr-76207-6079,2026-08-16,2026-09-12,TX,Denton,,,,,2300-bray-village-dr-76207-6079
2026-09-12,INVH,Dallas,"417 Casie Ct, Denton, TX, 76207",Dallas,INVH-417-casie-ct-76207-110377,3,2.0,1054,1595.0,2026-09-12,20 months,False,,,,,,,,https://www.invitationhomes.com/houses-for-rent/417-casie-ct-76207-110377,2026-08-02,2026-09-12,TX,Denton,,,,,417-casie-ct-76207-110377
2026-09-12,INVH,Dallas,"5629 Park View Dr, Midlothian, TX, 76065",Dallas,INVH-5629-park-view-dr-76065-86178,4,2.5,2269,2795.0,2026-10-02,20 months,False,,,,,,,,https://www.invitationhomes.com/houses-for-rent/5629-park-view-dr-76065-86178,2026-08-23,2026-09-12,TX,Midlothian,,,,,5629-park-view-dr-76065-86178
2026-09-12,INVH,Dallas,"240 Old Settlers Trl, Waxahachie, TX, 75167",Dallas,INVH-240-old-settlers-trl-75167-111901,3,2.0,1884,2635.0,2026-09-12,20 months,False,,,,,,,,https://www.invitationhomes.com/houses-for-rent/240-old-settlers-trl-75167-111901,2026-08-02,2026-09-12,TX,Waxahachie,,,,,240-old-settlers-trl-75167-111901
2026-09-12,INVH,Dallas,"215 Equestrian Drive, Waxahachie, TX, 75165",Dallas,INVH-215-equestrian-drive-75165-121459,4,2.5,3029,2795.0,2026-10-15,20 months,False,,,,,,,,https://www.invitationhomes.com/houses-for-rent/215-equestrian-drive-75165-121459,2026-09-03,2026-09-12,TX,Waxahachie,,,,,215-equestrian-drive-75165-121459
2026-09-12,INVH,Dallas,"205 Stampede St, Waxahachie, TX, 75165",Dallas,INVH-205-stampede-st-75165-114381,3,2.0,1637,2190.0,2026-10-10,20 months,False,,,,,,,,https://www.invitationhomes.com/houses-for-rent/205-stampede-st-75165-114381,2026-09-03,2026-09-12,TX,Waxahachie,,,,,205-stampede-st-75165-114381
2026-09-12,INVH,Dallas,"122 Cooper, Cedar Hill, TX, 75104",Dallas,INVH-122-cooper-75104-110418,3,2.0,1546,1810.0,2026-09-15,20 months,False,,,,,,,,https://www.invitationhomes.com/houses-for-rent/122-cooper-75104-110418,2026-04-04,2026-09-12,TX,Cedar Hill,,,,,122-cooper-75104-110418
2026-09-12,INVH,Dallas,"536 Majestic Park Ln, Cedar Hill, TX, 75104",Dallas,INVH-536-majestic-park-ln-75104-1213,3,2.5,1525,2125.0,2026-09-17,20 months,False,,,,,,,,https://www.invitationhomes.com/houses-for-rent/536-majestic-park-ln-75104-1213,2026-08-02,2026-09-12,TX,Cedar Hill,,,,,536-majestic-park-ln-75104-1213
2026-09-12,INVH,Dallas,"526 Sims Dr, Cedar Hill, TX, 75104",Dallas,INVH-526-sims-dr-75104-85110,3,2.0,1955,2395.0,2026-09-12,20 months,False,,,,,,,,https://www.invitationhomes.com/houses-for-rent/526-sims-dr-75104-85110,2026-05-17,2026-09-12,TX,Cedar Hill,,,,,526-sims-dr-75104-85110
2026-09-12,INVH,Dallas,"324 Matterhorn St, Cedar Hill, TX, 75104",Dallas,INVH-324-matterhorn-st-75104-8242,3,2.0,1512,2045.0,2026-09-12,20 months,False,,,,,,,,https://www.invitationhomes.com/houses-for-rent/324-matterhorn-st-75104-8242,2026-07-19,2026-09-12,TX,Cedar Hill,,,,,324-matterhorn-st-75104-8242
2026-09-12,INVH,Dallas,"853 Applewood Dr, Cedar Hill, TX, 75104",Dallas,INVH-853-applewood-dr-75104-85120,4,2.1,1871,2295.0,2026-10-02,12 months,False,,,,,,,,https://www.invitationhomes.com/houses-for-rent/853-applewood-dr-75104-85120,2026-08-23,2026-09-12,TX,Cedar Hill,,,,,853-applewood-dr-75104-85120
2026-09-12,INVH,Dallas,"150 Valleyglen Dr, Desoto, TX, 75115",Dallas,INVH-150-valleyglen-dr-75115-3909,3,2.0,1522,2049.0,2026-09-28,20 months,False,,,,,,,,https://www.invitationhomes.com/houses-for-rent/150-valleyglen-dr-75115-3909,2026-04-04,2026-09-12,TX,Desoto,,,,,150-valleyglen-dr-75115-3909
2026-09-12,INVH,Dallas,"656 Priscilla Ln, Desoto, TX, 75115",Dallas,INVH-656-priscilla-ln-75115-1841,3,2.0,1707,2260.0,2026-09-12,20 months,False,,,,,,,,https://www.invitationhomes.com/houses-for-rent/656-priscilla-ln-75115-1841,2026-07-19,2026-09-12,TX,Desoto,,,,,656-priscilla-ln-75115-1841
2026-09-12,INVH,Dallas,"1534 Coffeyville Trl, Grand Prairie, TX, 75052",Dallas,INVH-1534-coffeyville-trl-75052-4209,3,2.0,1717,2295.0,2026-09-17,20 months,False,,,,,,,,https://www.invitationhomes.com/houses-for-rent/1534-coffeyville-trl-75052-4209,2026-07-19,2026-09-12,TX,Grand Prairie,,,,,1534-coffeyville-trl-75052-4209
2026-09-12,INVH,Dallas,"4507 Champion Hill Dr, Grand Prairie, TX, 75052",Dallas,INVH-4507-champion-hill-dr-75052-4882,4,2.0,2050,2745.0,2026-09-29,20 months,False,,,,,,,,https://www.invitationhomes.com/houses-for-rent/4507-champion-hill-dr-75052-4882,2026-08-16,2026-09-12,TX,Grand Prairie,,,,,4507-champion-hill-dr-75052-4882
2026-09-12,INVH,Dallas,"2028 Cap Rock Ln, Grand Prairie, TX, 75052",Dallas,INVH-2028-cap-rock-ln-75052-3141,4,2.5,2459,2695.0,2026-09-12,20 months,False,,,,,,,,https://www.invitationhomes.com/houses-for-rent/2028-cap-rock-ln-75052-3141,2026-08-02,2026-09-12,TX,Grand Prairie,,,,,2028-cap-rock-ln-75052-3141
2026-09-12,INVH,Dallas,"1615 Horizon St, Duncanville, TX, 75137",Dallas,INVH-1615-horizon-st-75137-110143,3,2.5,1410,1845.0,2026-09-12,20 months,False,,,,,,,,https://www.invitationhomes.com/houses-for-rent/1615-horizon-st-75137-110143,2026-05-17,2026-09-12,TX,Duncanville,,,,,1615-horizon-st-75137-110143
2026-09-12,INVH,Dallas,"1562 Sunset Village Dr, Duncanville, TX, 75137",Dallas,INVH-1562-sunset-village-dr-75137-110141,3,2.5,1111,1810.0,2026-09-20,20 months,False,,,,,,,,https://www.invitationhomes.com/houses-for-rent/1562-sunset-village-dr-75137-110141,2026-09-03,2026-09-12,TX,Duncanville,,,,,1562-sunset-village-dr-75137-110141
2026-09-12,INVH,Dallas,"400 Partridge Cir, Desoto, TX, 75115",Dallas,INVH-400-partridge-cir-75115-9307,3,2.0,1532,1995.0,2026-10-11,20 months,False,,,,,,,,https://www.invitationhomes.com/houses-for-rent/400-partridge-cir-75115-9307,2026-09-03,2026-09-12,TX,Desoto,,,,,400-partridge-cir-75115-9307
2026-09-12,INVH,Dallas,"529 Meadow Hill Dr, Desoto, TX, 75115",Dallas,INVH-529-meadow-hill-ct-75115-2499,4,2.0,2140,2525.0,2026-09-12,20 months,False,,,,,,,,https://www.invitationhomes.com/houses-for-rent/529-meadow-hill-ct-75115-2499,2026-08-02,2026-09-12,TX,Desoto,,,,,529-meadow-hill-ct-75115-2499
2026-09-12,INVH,Dallas,"515 Hidden Meadow Ct, Desoto, TX, 75115",Dallas,INVH-515-hidden-meadow-ct-75115-8680,4,2.0,2140,2575.0,2026-09-18,20 months,False,,,,,,,,https://www.invitationhomes.com/houses-for-rent/515-hidden-meadow-ct-75115-8680,2026-09-06,2026-09-12,TX,Desoto,,,,,515-hidden-meadow-ct-75115-8680
2026-09-12,INVH,Dallas,"612 Arbor Creek Dr, Desoto, TX, 75115",Dallas,INVH-612-arbor-creek-dr-75115-85162,3,2.0,1830,2285.0,2026-09-12,20 months,False,,,,,,,,https://www.invitationhomes.com/houses-for-rent/612-arbor-creek-dr-75115-85162,2026-07-19,2026-09-12,TX,Desoto,,,,,612-arbor-creek-dr-75115-85162
2026-09-12,INVH,Dallas,"1337 Greenbriar Ln, Lancaster, TX, 75146",Dallas,INVH-1337-greenbriar-ln-75146-4010,3,2.0,1462,2045.0,2026-09-12,20 months,False,,,,,,,,https://www.invitationhomes.com/houses-for-rent/1337-greenbriar-ln-75146-4010,2026-07-19,2026-09-12,TX,Lancaster,,,,,1337-greenbriar-ln-75146-4010
2026-09-12,INVH,Dallas,"1613 Willowbrook St, Lancaster, TX, 75134",Dallas,INVH-1613-willowbrook-st-75134-109908,3,2.0,2400,2195.0,2026-09-30,20 months,False,,,,,,,,https://www.invitationhomes.com/houses-for-rent/1613-willowbrook-st-75134-109908,2026-05-03,2026-09-12,TX,Lancaster,,,,,1613-willowbrook-st-75134-109908
2026-09-12,INVH,Dallas,"151 E Kirnwood Dr, Dallas, TX, 75241",Dallas,INVH-151-e-kirnwood-dr-75241-85098,4,2.5,1589,2040.0,2026-10-16,20 months,False,,,,,,,,https://www.invitationhomes.com/houses-for-rent/151-e-kirnwood-dr-75241-85098,2026-09-09,2026-09-12,TX,Dallas,,,,,151-e-kirnwood-dr-75241-85098
2026-09-12,INVH,Dallas,"10527 Sewell Cir, Dallas, TX, 75253",Dallas,INVH-10527-sewell-cir-75253-115078,4,2.0,1674,2199.0,2026-09-16,24 months,False,,,,,,,,https://www.invitationhomes.com/houses-for-rent/10527-sewell-cir-75253-115078,2026-05-03,2026-09-12,TX,Dallas,,,,,10527-sewell-cir-75253-115078
2026-09-12,INVH,Dallas,"10538 Sewell Cir, Dallas, TX, 75253",Dallas,INVH-10538-sewell-cir-75253-115106,3,2.0,1481,1999.0,2026-09-12,24 months,False,,,,,,,,https://www.invitationhomes.com/houses-for-rent/10538-sewell-cir-75253-115106,2026-08-10,2026-09-12,TX,Dallas,,,,,10538-sewell-cir-75253-115106
2026-09-12,INVH,Dallas,"10616 Sewell Cir, Dallas, TX, 75253",Dallas,INVH-10616-sewell-cir-75253-115102,2,1.0,1040,1680.0,2026-10-27,24 months,False,,,,,,,,https://www.invitationhomes.com/houses-for-rent/10616-sewell-cir-75253-115102,2026-09-12,2026-09-12,TX,Dallas,,,,,10616-sewell-cir-75253-115102
2026-09-12,INVH,Dallas,"1320 Haymarket Rd, Dallas, TX, 75253",Dallas,INVH-1320-haymarket-rd-75253-115073,4,2.0,1674,2175.0,2026-09-12,24 months,False,,,,,,,,https://www.invitationhomes.com/houses-for-rent/1320-haymarket-rd-75253-115073,2026-04-26,2026-09-12,TX,Dallas,,,,,1320-haymarket-rd-75253-115073
2026-09-12,INVH,Dallas,"1304 Haymarket Rd, Dallas, TX, 75253",Dallas,INVH-1304-haymarket-rd-75253-115071,3,2.0,1481,1999.0,2026-09-16,24 months,False,,,,,,,,https://www.invitationhomes.com/houses-for-rent/1304-haymarket-rd-75253-115071,2026-04-04,2026-09-12,TX,Dallas,,,,,1304-haymarket-rd-75253-115071
2026-09-12,INVH,Dallas,"13916 Garden Grove Dr, Dallas, TX, 75253",Dallas,INVH-13916-garden-grove-dr-75253-1929,4,2.0,1674,1930.0,2026-09-18,20 months,False,,,,,,,,https://www.invitationhomes.com/houses-for-rent/13916-garden-grove-dr-75253-1929,2026-05-17,2026-09-12,TX,Dallas,,,,,13916-garden-grove-dr-75253-1929
2026-09-12,INVH,Dallas,"15617 Gatsby Ln, Dallas, TX, 75253",Dallas,INVH-15617-gatsby-ln-75253-8355,5,2.0,1751,2225.0,2026-09-18,20 months,False,,,,,,,,https://www.invitationhomes.com/houses-for-rent/15617-gatsby-ln-75253-8355,2026-08-02,2026-09-12,TX,Dallas,,,,,15617-gatsby-ln-75253-8355
2026-09-12,INVH,Dallas,"3411 Big Antero Ln, Crandall, TX, 75114",Dallas,INVH-3411-big-antero-ln-75114-115295,3,2.0,1017,1449.0,2026-09-12,24 months,False,,,,,,,,https://www.invitationhomes.com/houses-for-rent/3411-big-antero-ln-75114-115295,2026-06-14,2026-09-12,TX,Crandall,,,,,3411-big-antero-ln-75114-115295
2026-09-12,INVH,Dallas,"3407 Big Antero Ln, Crandall, TX, 75114",Dallas,INVH-3407-big-antero-ln-75114-115297,3,2.0,1155,1425.0,2026-09-12,24 months,False,,,,,,,,https://www.invitationhomes.com/houses-for-rent/3407-big-antero-ln-75114-115297,2026-06-14,2026-09-12,TX,Crandall,,,,,3407-big-antero-ln-75114-115297
2026-09-12,INVH,Dallas,"2902 Potter Way, Crandall, TX, 75114",Dallas,INVH-2902-potter-way-ak-72-75114-121669,4,2.5,1885,2135.0,2026-09-14,24 months,False,,,,,,,,https://www.invitationhomes.com/houses-for-rent/2902-potter-way-ak-72-75114-121669,2026-08-10,2026-09-12,TX,Crandall,,,,,2902-potter-way-ak-72-75114-121669
2026-09-12,INVH,Dallas,"2824 Tennessee Walker Way, Crandall, TX, 75114",Dallas,INVH-2824-tennessee-walker-way-ak-52-75114-122543,4,2.0,1707,1999.0,2026-09-12,24 months,False,,,,,,,,https://www.invitationhomes.com/houses-for-rent/2824-tennessee-walker-way-ak-52-75114-122543,2026-07-19,2026-09-12,TX,Crandall,,,,,2824-tennessee-walker-way-ak-52-75114-122543
2026-09-12,INVH,Dallas,"2710 Harwell Dr, Crandall, TX, 75114",Dallas,INVH-2710-harwell-dr-ak-46-75114-122804,4,2.5,1885,2099.0,2026-10-26,24 months,False,,,,,,,,https://www.invitationhomes.com/houses-for-rent/2710-harwell-dr-ak-46-75114-122804,2026-09-12,2026-09-12,TX,Crandall,,,,,2710-harwell-dr-ak-46-75114-122804
2026-09-12,INVH,Dallas,"3426 Big Antero Ln, Crandall, TX, 75114",Dallas,INVH-3426-big-antero-ln-75114-115310,3,2.0,1017,1449.0,2026-09-12,24 months,False,,,,,,,,https://www.invitationhomes.com/houses-for-rent/3426-big-antero-ln-75114-115310,2026-06-14,2026-09-12,TX,Crandall,,,,,3426-big-antero-ln-75114-115310
2026-09-12,INVH,Dallas,"3020 Wallace Wells Ct, Crandall, TX, 75114",Dallas,INVH-3020-wallace-wells-ct-75114-115267,3,2.0,1017,1499.0,2026-09-12,24 months,False,,,,,,,,https://www.invitationhomes.com/houses-for-rent/3020-wallace-wells-ct-75114-115267,2026-07-19,2026-09-12,TX,Crandall,,,,,3020-wallace-wells-ct-75114-115267
2026-09-12,INVH,Dallas,"3220 Crestone Dr, Crandall, TX, 75114",Dallas,INVH-3220-crestone-dr-75114-115283,3,2.0,1017,1425.0,2026-09-12,24 months,False,,,,,,,,https://www.invitationhomes.com/houses-for-rent/3220-crestone-dr-75114-115283,2026-05-03,2026-09-12,TX,Crandall,,,,,3220-crestone-dr-75114-115283
2026-09-12,INVH,Dallas,"2928 Greenhorn Ave, Crandall, TX, 75114",Dallas,INVH-2928-greenhorn-av-75114-115216,2,2.0,763,1349.0,2026-09-12,24 months,False,,,,,,,,https://www.invitationhomes.com/houses-for-rent/2928-greenhorn-av-75114-115216,2026-08-16,2026-09-12,TX,Crandall,,,,,2928-greenhorn-av-75114-115216
2026-09-12,INVH,Dallas,"1405 Highbridge Blvd, Crandall, TX, 75114",Dallas,INVH-1405-highbrdg-blvd-75114-115803,3,2.0,1440,1749.0,2026-10-16,24 months,False,,,,,,,,https://www.invitationhomes.com/houses-for-rent/1405-highbrdg-blvd-75114-115803,2026-09-03,2026-09-12,TX,Crandall,,,,,1405-highbrdg-blvd-75114-115803
2026-09-12,INVH,Dallas,"2209 W Biscayne, Irving, TX, 75060",Dallas,INVH-2209-w-biscayne-75060-110370,3,2.0,1118,1910.0,2026-09-18,20 months,False,,,,,,,,https://www.invitationhomes.com/houses-for-rent/2209-w-biscayne-75060-110370,2026-07-19,2026-09-12,TX,Irving,,,,,2209-w-biscayne-75060-110370
2026-09-12,INVH,Dallas,"2212 W Oakdale Rd, Irving, TX, 75060",Dallas,INVH-2212-w-oakdale-rd-75060-110295,3,2.0,1409,2145.0,2026-09-12,20 months,False,,,,,,,,https://www.invitationhomes.com/houses-for-rent/2212-w-oakdale-rd-75060-110295,2026-07-19,2026-09-12,TX,Irving,,,,,2212-w-oakdale-rd-75060-110295
2026-09-12,INVH,Dallas,"506 Bryan, Irving, TX, 75060",Dallas,INVH-506-bryan-75060-110413,3,2.0,1497,2315.0,2026-09-24,20 months,False,,,,,,,,https://www.invitationhomes.com/houses-for-rent/506-bryan-75060-110413,2026-08-23,2026-09-12,TX,Irving,,,,,506-bryan-75060-110413
2026-09-12,INVH,Dallas,"860 Bitternut Dr, Coppell, TX, 75019",Dallas,INVH-860-bitternut-dr-75019-7338,3,2.0,1594,2449.0,2026-09-12,20 months,False,,,,,,,,https://www.invitationhomes.com/houses-for-rent/860-bitternut-dr-75019-7338,2026-07-19,2026-09-12,TX,Coppell,,,,,860-bitternut-dr-75019-7338
2026-09-12,INVH,Dallas,"2060 Camelot Dr, Lewisville, TX, 75067",Dallas,INVH-2060-camelot-dr-75067-7131,3,2.0,1806,2195.0,2026-09-12,20 months,False,,,,,,,,https://www.invitationhomes.com/houses-for-rent/2060-camelot-dr-75067-7131,2026-08-02,2026-09-12,TX,Lewisville,,,,,2060-camelot-dr-75067-7131
2026-09-12,INVH,Dallas,"2022 Frontier Trl, Lewisville, TX, 75067",Dallas,INVH-2022-frontier-trl-75067-3141,4,2.5,2160,2495.0,2026-09-12,20 months,False,,,,,,,,https://www.invitationhomes.com/houses-for-rent/2022-frontier-trl-75067-3141,2026-08-10,2026-09-12,TX,Lewisville,,,,,2022-frontier-trl-75067-3141
2026-09-12,INVH,Dallas,"717 Holly Oak Dr, Lewisville, TX, 75067",Dallas,INVH-717-holly-oak-dr-75067-2414,3,2.0,1485,2149.0,2026-09-12,20 months,False,,,,,,,,https://www.invitationhomes.com/houses-for-rent/717-holly-oak-dr-75067-2414,2026-07-19,2026-09-12,TX,Lewisville,,,,,717-holly-oak-dr-75067-2414
2026-09-12,INVH,Dallas,"110 Barrington Ln, Lewisville, TX, 75067",Dallas,INVH-110-barrington-ln-75067-111918,2,2.5,1982,2530.0,2026-09-19,20 months,False,,,,,,,,https://www.invitationhomes.com/houses-for-rent/110-barrington-ln-75067-111918,2026-09-06,2026-09-12,TX,Lewisville,,,,,110-barrington-ln-75067-111918
2026-09-12,INVH,Dallas,"2206 Cedarcrest Dr, Carrollton, TX, 75007",Dallas,INVH-2206-cedarcrest-dr-75007-9320,3,2.0,1682,2275.0,2026-09-18,20 months,False,,,,,,,,https://www.invitationhomes.com/houses-for-rent/2206-cedarcrest-dr-75007-9320,2026-06-09,2026-09-12,TX,Carrollton,,,,,2206-cedarcrest-dr-75007-9320
2026-09-12,INVH,Dallas,"1312 W Branch Hollow Dr, Carrollton, TX, 75007",Dallas,INVH-1312-w-branch-hollow-dr-75007-3348,3,2.5,2211,2795.0,2026-09-12,20 months,False,,,,,,,,https://www.invitationhomes.com/houses-for-rent/1312-w-branch-hollow-dr-75007-3348,2026-07-19,2026-09-12,TX,Carrollton,,,,,1312-w-branch-hollow-dr-75007-3348
2026-09-12,INVH,Dallas,"3807 Branch Hollow Cir, Carrollton, TX, 75007",Dallas,INVH-3807-branch-hollow-cir-75007-86570,3,2.0,1736,2595.0,2026-10-07,20 months,False,,,,,,,,https://www.invitationhomes.com/houses-for-rent/3807-branch-hollow-cir-75007-86570,2026-08-23,2026-09-12,TX,Carrollton,,,,,3807-branch-hollow-cir-75007-86570
2026-09-12,INVH,Dallas,"1716 Delaford Pl, Carrollton, TX, 75007",Dallas,INVH-1716-delaford-pl-75007-4757,3,2.0,1672,2195.0,2026-09-12,20 months,False,,,,,,,,https://www.invitationhomes.com/houses-for-rent/1716-delaford-pl-75007-4757,2026-04-13,2026-09-12,TX,Carrollton,,,,,1716-delaford-pl-75007-4757
2026-09-12,INVH,Dallas,"2019 Cologne Dr, Carrollton, TX, 75007",Dallas,INVH-2019-cologne-dr-75007-5912,3,2.0,1758,2585.0,2026-09-17,20 months,False,,,,,,,,https://www.invitationhomes.com/houses-for-rent/2019-cologne-dr-75007-5912,2026-08-10,2026-09-12,TX,Carrollton,,,,,2019-cologne-dr-75007-5912
2026-09-12,INVH,Dallas,"3409 Livingston Ln, Carrollton, TX, 75007",Dallas,INVH-3409-livingston-ln-75007-110289,4,2.0,2122,2499.0,2026-09-12,20 months,False,,,,,,,,https://www.invitationhomes.com/houses-for-rent/3409-livingston-ln-75007-110289,2026-06-09,2026-09-12,TX,Carrollton,,,,,3409-livingston-ln-75007-110289
2026-09-12,INVH,Dallas,"2107 Stonegate Dr, Carrollton, TX, 75010",Dallas,INVH-2107-stonegate-dr-75010-1837,3,2.5,2271,2645.0,2026-09-12,20 months,False,,,,,,,,https://www.invitationhomes.com/houses-for-rent/2107-stonegate-dr-75010-1837,2026-08-02,2026-09-12,TX,Carrollton,,,,,2107-stonegate-dr-75010-1837
2026-09-12,INVH,Dallas,"4704 Durham Dr, Plano, TX, 75093",Dallas,INVH-4704-durham-dr-75093-111902,3,2.5,2073,2960.0,2026-10-23,20 months,False,,,,,,,,https://www.invitationhomes.com/houses-for-rent/4704-durham-dr-75093-111902,2026-09-09,2026-09-12,TX,Plano,,,,,4704-durham-dr-75093-111902
2026-09-12,INVH,Dallas,"436 Lexington, Richardson, TX, 75080",Dallas,INVH-436-lexington-75080-110458,3,2.0,1753,2345.0,2026-10-15,20 months,False,,,,,,,,https://www.invitationhomes.com/houses-for-rent/436-lexington-75080-110458,2026-09-03,2026-09-12,TX,Richardson,,,,,436-lexington-75080-110458
2026-09-12,INVH,Dallas,"5210 Wyndham Ct, Garland, TX, 75043",Dallas,INVH-5210-wyndham-ct-75043-7868,3,2.0,1548,2195.0,2026-10-25,20 months,False,,,,,,,,https://www.invitationhomes.com/houses-for-rent/5210-wyndham-ct-75043-7868,2026-09-12,2026-09-12,TX,Garland,,,,,5210-wyndham-ct-75043-7868
2026-09-12,INVH,Dallas,"112 Hackberry, Forney, TX, 75126",Dallas,INVH-112-hackberry-75126-110124,3,2.0,2004,2465.0,2026-09-27,20 months,False,,,,,,,,https://www.invitationhomes.com/houses-for-rent/112-hackberry-75126-110124,2026-08-16,2026-09-12,TX,Forney,,,,,112-hackberry-75126-110124
2026-09-12,INVH,Dallas,"906 Downing, Forney, TX, 75126",Dallas,INVH-906-downing-75126-110459,3,2.0,1476,1675.0,2026-09-17,20 months,False,,,,,,,,https://www.invitationhomes.com/houses-for-rent/906-downing-75126-110459,2026-05-24,2026-09-12,TX,Forney,,,,,906-downing-75126-110459
2026-09-12,INVH,Dallas,"1589 Kessler Dr, Forney, TX, 75126",Dallas,INVH-1589-kessler-dr-75126-87196,4,3.0,2062,2510.0,2026-09-12,20 months,False,,,,,,,,https://www.invitationhomes.com/houses-for-rent/1589-kessler-dr-75126-87196,2026-08-23,2026-09-12,TX,Forney,,,,,1589-kessler-dr-75126-87196
2026-09-12,INVH,Dallas,"504 Colt Dr, Forney, TX, 75126",Dallas,INVH-504-colt-dr-75126-95527,4,2.5,2205,2555.0,2026-09-18,20 months,False,,,,,,,,https://www.invitationhomes.com/houses-for-rent/504-colt-dr-75126-95527,2026-09-09,2026-09-12,TX,Forney,,,,,504-colt-dr-75126-95527
2026-09-12,INVH,Dallas,"1522 Calcot, Forney, TX, 75126",Dallas,INVH-1522-calcot-75126-110208,4,3.0,2212,2860.0,2026-10-15,20 months,False,,,,,,,,https://www.invitationhomes.com/houses-for-rent/1522-calcot-75126-110208,2026-09-03,2026-09-12,TX,Forney,,,,,1522-calcot-75126-110208
2026-09-12,INVH,Dallas,"1917 Cherry Bark Ln, Forney, TX, 75126",Dallas,INVH-1917-cherry-bark-lane-75126-114849,4,3.0,2666,2425.0,2026-09-12,24 months,False,,,,,,,,https://www.invitationhomes.com/houses-for-rent/1917-cherry-bark-lane-75126-114849,2026-08-02,2026-09-12,TX,Forney,,,,,1917-cherry-bark-lane-75126-114849
2026-09-12,INVH,Dallas,"1924 Cherry Bark Ln, Forney, TX, 75126",Dallas,INVH-1924-cherry-bark-ln-75126-119544,4,3.0,2118,2449.0,2026-10-12,24 months,False,,,,,,,,https://www.invitationhomes.com/houses-for-rent/1924-cherry-bark-ln-75126-119544,2026-09-03,2026-09-12,TX,Forney,,,,,1924-cherry-bark-ln-75126-119544
2026-09-12,INVH,Dallas,"1407 Merlin Bluff Street, Forney, TX, 75126",Dallas,INVH-1407-merlin-bluff-street-75126-124810,3,2.0,1451,2025.0,2026-09-12,20 months,False,,,,,,,,https://www.invitationhomes.com/houses-for-rent/1407-merlin-bluff-street-75126-124810,2026-08-02,2026-09-12,TX,Forney,,,,,1407-merlin-bluff-street-75126-124810
2026-09-12,INVH,Dallas,"1410 Merlin Bluff Street, Forney, TX, 75126",Dallas,INVH-1410-merlin-bluff-street-75126-124844,3,2.0,1311,1975.0,2026-09-12,20 months,False,,,,,,,,https://www.invitationhomes.com/houses-for-rent/1410-merlin-bluff-street-75126-124844,2026-08-10,2026-09-12,TX,Forney,,,,,1410-merlin-bluff-street-75126-124844
2026-09-12,INVH,Dallas,"1003 Kelsey Ct, Forney, TX, 75126",Dallas,INVH-1003-kelsey-ct-75126-111880,3,2.0,1633,2045.0,2026-09-25,20 months,False,,,,,,,,https://www.invitationhomes.com/houses-for-rent/1003-kelsey-ct-75126-111880,2026-08-16,2026-09-12,TX,Forney,,,,,1003-kelsey-ct-75126-111880
2026-09-12,INVH,Dallas,"2002 Sumac Dr, Forney, TX, 75126",Dallas,INVH-2002-sumac-dr-75126-111922,3,2.0,2105,2295.0,2026-09-15,20 months,False,,,,,,,,https://www.invitationhomes.com/houses-for-rent/2002-sumac-dr-75126-111922,2026-09-09,2026-09-12,TX,Forney,,,,,2002-sumac-dr-75126-111922
2026-09-12,INVH,Dallas,"3041 Chico Drive, Forney, TX, 75126",Dallas,INVH-3041-chico-drive-75126-110334,4,2.5,2153,2045.0,2026-09-12,20 months,False,,,,,,,,https://www.invitationhomes.com/houses-for-rent/3041-chico-drive-75126-110334,2026-07-19,2026-09-12,TX,Forney,,,,,3041-chico-drive-75126-110334
2026-09-12,INVH,Dallas,"3021 Chico Drive, Forney, TX, 75126",Dallas,INVH-3021-chico-drive-75126-110328,4,2.5,2153,2299.0,2026-09-15,20 months,False,,,,,,,,https://www.invitationhomes.com/houses-for-rent/3021-chico-drive-75126-110328,2026-08-02,2026-09-12,TX,Forney,,,,,3021-chico-drive-75126-110328
2026-09-12,INVH,Dallas,"3023 Chico Drive, Forney, TX, 75126",Dallas,INVH-3023-chico-drive-75126-110329,5,2.5,2700,2465.0,2026-09-12,20 months,False,,,,,,,,https://www.invitationhomes.com/houses-for-rent/3023-chico-drive-75126-110329,2026-08-02,2026-09-12,TX,Forney,,,,,3023-chico-drive-75126-110329
2026-09-12,INVH,Dallas,"1478 Embrook Trl, Forney, TX, 75126",Dallas,INVH-1478-embrook-75126-111150,4,3.0,2032,2199.0,2026-09-12,24 months,False,,,,,,,,https://www.invitationhomes.com/houses-for-rent/1478-embrook-75126-111150,2026-06-09,2026-09-12,TX,Forney,,,,,1478-embrook-75126-111150
2026-09-12,INVH,Dallas,"2016 Pleasant Knoll Cir, Forney, TX, 75126",Dallas,INVH-2016-pleasant-knoll-cir-75126-114467,4,3.0,2032,2425.0,2026-09-12,24 months,False,,,,,,,,https://www.invitationhomes.com/houses-for-rent/2016-pleasant-knoll-cir-75126-114467,2026-07-19,2026-09-12,TX,Forney,,,,,2016-pleasant-knoll-cir-75126-114467
2026-09-12,INVH,Dallas,"1428 Embrook Trl, Forney, TX, 75126",Dallas,INVH-1428-embrook-trail-75126-96019,4,2.5,1924,2199.0,2026-10-22,24 months,False,,,,,,,,https://www.invitationhomes.com/houses-for-rent/1428-embrook-trail-75126-96019,2026-09-09,2026-09-12,TX,Forney,,,,,1428-embrook-trail-75126-96019
2026-09-12,INVH,Dallas,"1611 Box Elder Rd, Forney, TX, 75126",Dallas,INVH-1611-box-elder-road-75126-94043,4,2.5,1619,1999.0,2026-09-12,24 months,False,,,,,,,,https://www.invitationhomes.com/houses-for-rent/1611-box-elder-road-75126-94043,2026-07-19,2026-09-12,TX,Forney,,,,,1611-box-elder-road-75126-94043
2026-09-12,INVH,Dallas,"1834 Sanderling Street, Forney, TX, 75126",Dallas,INVH-1834-sanderling-street-75126-124915,3,2.0,1311,1999.0,2026-09-12,20 months,False,,,,,,,,https://www.invitationhomes.com/houses-for-rent/1834-sanderling-street-75126-124915,2026-09-03,2026-09-12,TX,Forney,,,,,1834-sanderling-street-75126-124915
2026-09-12,INVH,Dallas,"1205 Canyon Wren Drive, Forney, TX, 75126",Dallas,INVH-1205-canyon-wren-drive-75126-124822,3,2.0,1461,2049.0,2026-09-12,20 months,False,,,,,,,,https://www.invitationhomes.com/houses-for-rent/1205-canyon-wren-drive-75126-124822,2026-08-02,2026-09-12,TX,Forney,,,,,1205-canyon-wren-drive-75126-124822
2026-09-12,INVH,Dallas,"1207 Canyon Wren Drive, Forney, TX, 75126",Dallas,INVH-1207-canyon-wren-drive-75126-124821,3,2.0,1451,2025.0,2026-09-12,20 months,False,,,,,,,,https://www.invitationhomes.com/houses-for-rent/1207-canyon-wren-drive-75126-124821,2026-08-23,2026-09-12,TX,Forney,,,,,1207-canyon-wren-drive-75126-124821
2026-09-12,INVH,Dallas,"1202 Canyon Wren Drive, Forney, TX, 75126",Dallas,INVH-1202-canyon-wren-drive-75126-124823,3,2.0,1461,2049.0,2026-09-12,20 months,False,,,,,,,,https://www.invitationhomes.com/houses-for-rent/1202-canyon-wren-drive-75126-124823,2026-08-02,2026-09-12,TX,Forney,,,,,1202-canyon-wren-drive-75126-124823
2026-09-12,INVH,Dallas,"421 Kingsbridge Dr, Garland, TX, 75040",Dallas,INVH-421-kingsbridge-dr-75040-6519,4,2.0,2157,2295.0,2026-09-14,20 months,False,,,,,,,,https://www.invitationhomes.com/houses-for-rent/421-kingsbridge-dr-75040-6519,2026-04-04,2026-09-12,TX,Garland,,,,,421-kingsbridge-dr-75040-6519
2026-09-12,INVH,Dallas,"2306 Lakeshore Ln, Rowlett, TX, 75088",Dallas,INVH-2306-lakeshore-ln-75088-5435,3,2.0,2211,2399.0,2026-09-23,20 months,False,,,,,,,,https://www.invitationhomes.com/houses-for-rent/2306-lakeshore-ln-75088-5435,2026-08-02,2026-09-12,TX,Rowlett,,,,,2306-lakeshore-ln-75088-5435
2026-09-12,INVH,Dallas,"7409 Armstrong Ln, Rowlett, TX, 75089",Dallas,INVH-7409-armstrong-ln-75089-6209,3,2.0,2020,2515.0,2026-10-13,20 months,False,,,,,,,,https://www.invitationhomes.com/houses-for-rent/7409-armstrong-ln-75089-6209,2026-09-03,2026-09-12,TX,Rowlett,,,,,7409-armstrong-ln-75089-6209
2026-09-12,INVH,Dallas,"8406 Concord Dr, Rowlett, TX, 75089",Dallas,INVH-8406-concord-dr-75089-2291,4,2.5,3273,2780.0,2026-09-17,20 months,False,,,,,,,,https://www.invitationhomes.com/houses-for-rent/8406-concord-dr-75089-2291,2026-09-03,2026-09-12,TX,Rowlett,,,,,8406-concord-dr-75089-2291
2026-09-12,INVH,Dallas,"8013 Yacht Club Dr, Rowlett, TX, 75089",Dallas,INVH-8013-yacht-club-dr-75089-2310,3,2.0,1930,2295.0,2026-09-17,20 months,False,,,,,,,,https://www.invitationhomes.com/houses-for-rent/8013-yacht-club-dr-75089-2310,2026-09-09,2026-09-12,TX,Rowlett,,,,,8013-yacht-club-dr-75089-2310
2026-09-12,INVH,Dallas,"9218 Oak Hollow Dr, Rowlett, TX, 75089",Dallas,INVH-9218-oak-hollow-dr-75089-5086,3,2.0,1897,2245.0,2026-09-12,20 months,False,,,,,,,,https://www.invitationhomes.com/houses-for-rent/9218-oak-hollow-dr-75089-5086,2026-08-10,2026-09-12,TX,Rowlett,,,,,9218-oak-hollow-dr-75089-5086
2026-09-12,INVH,Dallas,"1413 Ridge Meadow Dr, Plano, TX, 75074",Dallas,INVH-1413-ridge-meadow-dr-75074-1294,4,2.5,2389,2620.0,2026-09-12,20 months,False,,,,,,,,https://www.invitationhomes.com/houses-for-rent/1413-ridge-meadow-dr-75074-1294,2026-07-19,2026-09-12,TX,Plano,,,,,1413-ridge-meadow-dr-75074-1294
2026-09-12,INVH,Dallas,"3401 Dorothy, Wylie, TX, 75098",Dallas,INVH-3401-dorothy-75098-110372,2,2.0,1168,1775.0,2026-10-22,20 months,False,,,,,,,,https://www.invitationhomes.com/houses-for-rent/3401-dorothy-75098-110372,2026-09-09,2026-09-12,TX,Wylie,,,,,3401-dorothy-75098-110372
2026-09-12,INVH,Dallas,"103 Martin, Wylie, TX, 75098",Dallas,INVH-103-martin-75098-110250,4,3.0,2392,2645.0,2026-10-15,20 months,False,,,,,,,,https://www.invitationhomes.com/houses-for-rent/103-martin-75098-110250,2026-09-09,2026-09-12,TX,Wylie,,,,,103-martin-75098-110250
2026-09-12,INVH,Dallas,"1202 Leeward Ln, Wylie, TX, 75098",Dallas,INVH-1202-leeward-ln-75098-84470,3,2.0,1783,2195.0,2026-09-12,20 months,False,,,,,,,,https://www.invitationhomes.com/houses-for-rent/1202-leeward-ln-75098-84470,2026-08-10,2026-09-12,TX,Wylie,,,,,1202-leeward-ln-75098-84470
2026-09-12,INVH,Dallas,"3450 Post Oak Dr, Rockwall, TX, 75032",Dallas,INVH-3450-post-oak-dr-75032-3032,4,3.0,2379,2185.0,2026-09-12,20 months,False,,,,,,,,https://www.invitationhomes.com/houses-for-rent/3450-post-oak-dr-75032-3032,2026-07-19,2026-09-12,TX,Rockwall,,,,,3450-post-oak-dr-75032-3032
2026-09-12,INVH,Dallas,"1537 Englewood Dr, Rockwall, TX, 75032",Dallas,INVH-1537-englewood-dr-75032-7529,4,2.5,3359,2545.0,2026-09-12,20 months,False,,,,,,,,https://www.invitationhomes.com/houses-for-rent/1537-englewood-dr-75032-7529,2026-07-19,2026-09-12,TX,Rockwall,,,,,1537-englewood-dr-75032-7529
2026-09-12,INVH,Dallas,"317 Burr Ln, Fate, TX, 75189",Dallas,INVH-317-burr-ln-75189-86199,4,2.0,2015,2470.0,2026-10-25,20 months,False,,,,,,,,https://www.invitationhomes.com/houses-for-rent/317-burr-ln-75189-86199,2026-09-12,2026-09-12,TX,Fate,,,,,317-burr-ln-75189-86199
2026-09-12,INVH,Dallas,"107 Lincoln, Terrell, TX, 75160",Dallas,INVH-107-lincoln-75160-110177,3,1.0,1036,1599.0,2026-09-14,21 months,False,,,,,,,,https://www.invitationhomes.com/houses-for-rent/107-lincoln-75160-110177,2026-06-09,2026-09-12,TX,Terrell,,,,,107-lincoln-75160-110177
2026-09-12,INVH,Dallas,"107 Southgate Drive, Terrell, TX, 75160",Dallas,INVH-107-southgate-drive-75160-126072,4,2.0,1752,2450.0,2026-09-14,20 months,False,,,,,,,,https://www.invitationhomes.com/houses-for-rent/107-southgate-drive-75160-126072,2026-09-12,2026-09-12,TX,Terrell,,,,,107-southgate-drive-75160-126072
2026-09-12,INVH,Dallas,"106 Southgate Drive, Terrell, TX, 75160",Dallas,INVH-106-southgate-drive-75160-126071,4,2.0,1752,2450.0,2026-09-14,20 months,False,,,,,,,,https://www.invitationhomes.com/houses-for-rent/106-southgate-drive-75160-126071,2026-09-12,2026-09-12,TX,Terrell,,,,,106-southgate-drive-75160-126071
2026-09-12,INVH,Dallas,"1349 Glenhill Ln, Lewisville, TX, 75077",Dallas,INVH-1349-glenhill-ln-75077-9418,4,2.0,2319,2825.0,2026-10-15,20 months,False,,,,,,,,https://www.invitationhomes.com/houses-for-rent/1349-glenhill-ln-75077-9418,2026-09-03,2026-09-12,TX,Lewisville,,,,,1349-glenhill-ln-75077-9418
2026-09-12,INVH,Dallas,"6304 Jennings Dr, The Colony, TX, 75056",Dallas,INVH-6304-jennings-dr-75056-110486,4,2.0,2123,2395.0,2026-10-16,20 months,False,,,,,,,,https://www.invitationhomes.com/houses-for-rent/6304-jennings-dr-75056-110486,2026-04-04,2026-09-12,TX,The Colony,,,,,6304-jennings-dr-75056-110486
2026-09-12,INVH,Dallas,"11920 Summer Springs Dr, Frisco, TX, 75034",Dallas,INVH-11920-summer-springs-dr-75034-3087,4,3.0,2576,2580.0,2026-09-27,20 months,False,,,,,,,,https://www.invitationhomes.com/houses-for-rent/11920-summer-springs-dr-75034-3087,2026-08-16,2026-09-12,TX,Frisco,,,,,11920-summer-springs-dr-75034-3087
2026-09-12,INVH,Dallas,"1044 Waterview Dr, Little Elm, TX, 75068",Dallas,INVH-1044-waterview-dr-75068-2188,3,2.0,1627,2045.0,2026-09-12,20 months,False,,,,,,,,https://www.invitationhomes.com/houses-for-rent/1044-waterview-dr-75068-2188,2026-04-20,2026-09-12,TX,Little Elm,,,,,1044-waterview-dr-75068-2188
2026-09-12,INVH,Dallas,"12412 Sunrise Dr, Frisco, TX, 75034",Dallas,INVH-12412-sunrise-dr-75034-1420,3,2.5,2352,2580.0,2026-09-14,20 months,False,,,,,,,,https://www.invitationhomes.com/houses-for-rent/12412-sunrise-dr-75034-1420,2026-08-10,2026-09-12,TX,Frisco,,,,,12412-sunrise-dr-75034-1420
2026-09-12,INVH,Dallas,"3050 Morning Star Dr, Little Elm, TX, 75068",Dallas,INVH-3050-morning-star-dr-75068-8019,4,2.0,2025,2485.0,2026-10-25,20 months,False,,,,,,,,https://www.invitationhomes.com/houses-for-rent/3050-morning-star-dr-75068-8019,2026-09-12,2026-09-12,TX,Little Elm,,,,,3050-morning-star-dr-75068-8019
2026-09-12,INVH,Dallas,"3137 Walker Creek, Little Elm, TX, 75068",Dallas,INVH-3137-walker-creek-75068-109933,4,3.5,2817,2475.0,2026-09-12,20 months,False,,,,,,,,https://www.invitationhomes.com/houses-for-rent/3137-walker-creek-75068-109933,2026-07-19,2026-09-12,TX,Little Elm,,,,,3137-walker-creek-75068-109933
2026-09-12,INVH,Dallas,"6594 Scottsdale Way, Frisco, TX, 75034",Dallas,INVH-6594-scottsdale-way-75034-1123,4,2.5,3260,3145.0,2026-09-16,20 months,False,,,,,,,,https://www.invitationhomes.com/houses-for-rent/6594-scottsdale-way-75034-1123,2026-08-16,2026-09-12,TX,Frisco,,,,,6594-scottsdale-way-75034-1123
2026-09-12,INVH,Dallas,"1340 Todd Dr, Plano, TX, 75023",Dallas,INVH-1340-todd-dr-75023-6648,4,2.5,1880,2395.0,2026-09-12,20 months,False,,,,,,,,https://www.invitationhomes.com/houses-for-rent/1340-todd-dr-75023-6648,2026-06-09,2026-09-12,TX,Plano,,,,,1340-todd-dr-75023-6648
2026-09-12,INVH,Dallas,"7901 King Arthur Rd, Frisco, TX, 75035",Dallas,INVH-7901-king-arthur-rd-75035-7408,3,2.0,1903,2595.0,2026-10-09,20 months,False,,,,,,,,https://www.invitationhomes.com/houses-for-rent/7901-king-arthur-rd-75035-7408,2026-09-03,2026-09-12,TX,Frisco,,,,,7901-king-arthur-rd-75035-7408
2026-09-12,INVH,Dallas,"11135 Covey Ln, Frisco, TX, 75035",Dallas,INVH-11135-covey-ln-75035-5116,4,2.5,2621,2745.0,2026-09-14,20 months,False,,,,,,,,https://www.invitationhomes.com/houses-for-rent/11135-covey-ln-75035-5116,2026-05-17,2026-09-12,TX,Frisco,,,,,11135-covey-ln-75035-5116
2026-09-12,INVH,Dallas,"6928 Wind Row Dr, McKinney, TX, 75070",Dallas,INVH-6928-wind-row-dr-75070-7101,3,2.5,2249,2480.0,2026-09-26,20 months,False,,,,,,,,https://www.invitationhomes.com/houses-for-rent/6928-wind-row-dr-75070-7101,2026-08-16,2026-09-12,TX,McKinney,,,,,6928-wind-row-dr-75070-7101
2026-09-12,INVH,Dallas,"620 Coleman Street, Aubrey, TX, 76227",Dallas,INVH-620-coleman-street-76227-122712,3,2.0,1399,1995.0,2026-09-12,20 months,False,,,,,,,,https://www.invitationhomes.com/houses-for-rent/620-coleman-street-76227-122712,2026-07-19,2026-09-12,TX,Aubrey,,,,,620-coleman-street-76227-122712
2026-09-12,INVH,Dallas,"2620 Wayne Ave, Aubrey, TX, 76227",Dallas,INVH-2620-wayne-ave-76227-111994,3,2.0,1791,2499.0,2026-10-10,20 months,False,,,,,,,,https://www.invitationhomes.com/houses-for-rent/2620-wayne-ave-76227-111994,2026-09-03,2026-09-12,TX,Aubrey,,,,,2620-wayne-ave-76227-111994
2026-09-12,INVH,Dallas,"5000 Blackwood Dr, McKinney, TX, 75071",Dallas,INVH-5000-blackwood-dr-75071-6104,3,2.0,2084,2395.0,2026-09-30,20 months,False,,,,,,,,https://www.invitationhomes.com/houses-for-rent/5000-blackwood-dr-75071-6104,2026-07-19,2026-09-12,TX,McKinney,,,,,5000-blackwood-dr-75071-6104
2026-09-12,INVH,Dallas,"1833 Crabapple Ct, Allen, TX, 75002",Dallas,INVH-1833-crabapple-ct-75002-4030,5,2.5,2747,2945.0,2026-10-15,20 months,False,,,,,,,,https://www.invitationhomes.com/houses-for-rent/1833-crabapple-ct-75002-4030,2026-09-09,2026-09-12,TX,Allen,,,,,1833-crabapple-ct-75002-4030
2026-09-12,INVH,Dallas,"1415 Flameleaf Dr, Allen, TX, 75002",Dallas,INVH-1415-flameleaf-dr-75002-7053,3,2.0,1901,2199.0,2026-10-25,20 months,False,,,,,,,,https://www.invitationhomes.com/houses-for-rent/1415-flameleaf-dr-75002-7053,2026-09-12,2026-09-12,TX,Allen,,,,,1415-flameleaf-dr-75002-7053
2026-09-12,INVH,Dallas,"412 Branch Village Wy, Princeton, TX, 75407",Dallas,INVH-412-branch-village-wy-75407-115188,3,2.0,1017,1549.0,2026-09-12,24 months,False,,,,,,,,https://www.invitationhomes.com/houses-for-rent/412-branch-village-wy-75407-115188,2026-08-10,2026-09-12,TX,Princeton,,,,,412-branch-village-wy-75407-115188
2026-09-12,INVH,Dallas,"328 Branch Village Wy, Princeton, TX, 75407",Dallas,INVH-328-branch-village-wy-75407-115201,4,2.0,1295,1625.0,2026-09-12,24 months,False,,,,,,,,https://www.invitationhomes.com/houses-for-rent/328-branch-village-wy-75407-115201,2026-08-02,2026-09-12,TX,Princeton,,,,,328-branch-village-wy-75407-115201
2026-09-12,INVH,Dallas,"301 Branch Village Wy, Princeton, TX, 75407",Dallas,INVH-301-branch-village-wy-75407-115153,4,2.0,1295,1649.0,2026-10-07,24 months,False,,,,,,,,https://www.invitationhomes.com/houses-for-rent/301-branch-village-wy-75407-115153,2026-08-23,2026-09-12,TX,Princeton,,,,,301-branch-village-wy-75407-115153
2026-09-12,INVH,Dallas,"265 Branch Village Wy, Princeton, TX, 75407",Dallas,INVH-265-branch-village-wy-75407-115156,3,2.0,1017,1580.0,2026-09-16,24 months,False,,,,,,,,https://www.invitationhomes.com/houses-for-rent/265-branch-village-wy-75407-115156,2026-09-12,2026-09-12,TX,Princeton,,,,,265-branch-village-wy-75407-115156
2026-09-12,INVH,Dallas,"5423 Longshadow Dr, Princeton, TX, 75407",Dallas,INVH-5423-longshadow-dr-75407-115786,4,2.0,1500,1999.0,2026-09-12,24 months,False,,,,,,,,https://www.invitationhomes.com/houses-for-rent/5423-longshadow-dr-75407-115786,2026-07-19,2026-09-12,TX,Princeton,,,,,5423-longshadow-dr-75407-115786
2026-09-12,INVH,Dallas,"4604 Bellcrest Dr, McKinney, TX, 75070",Dallas,INVH-4604-bellcrest-dr-75070-2022,3,2.0,2098,2220.0,2026-09-12,20 months,False,,,,,,,,https://www.invitationhomes.com/houses-for-rent/4604-bellcrest-dr-75070-2022,2026-07-19,2026-09-12,TX,McKinney,,,,,4604-bellcrest-dr-75070-2022
2026-09-12,INVH,Dallas,"4103 English Ivy, Mckinney, TX, 75070",Dallas,INVH-4103-english-ivy-75070-110001,4,2.5,2832,2545.0,2026-09-12,20 months,False,,,,,,,,https://www.invitationhomes.com/houses-for-rent/4103-english-ivy-75070-110001,2026-04-26,2026-09-12,TX,Mckinney,,,,,4103-english-ivy-75070-110001
2026-09-12,INVH,Dallas,"1804 Yale, Farmersville, TX, 75442",Dallas,INVH-1804-yale-75442-110263,5,3.5,2331,1995.0,2026-09-12,20 months,False,,,,,,,,https://www.invitationhomes.com/houses-for-rent/1804-yale-75442-110263,2026-06-09,2026-09-12,TX,Farmersville,,,,,1804-yale-75442-110263
2026-09-12,INVH,Dallas,"2522 High Pointe Blvd, Mckinney, TX, 75071",Dallas,INVH-2522-high-pointe-blvd-75071-110296,4,2.0,1900,2410.0,2026-09-12,20 months,False,,,,,,,,https://www.invitationhomes.com/houses-for-rent/2522-high-pointe-blvd-75071-110296,2026-04-04,2026-09-12,TX,Mckinney,,,,,2522-high-pointe-blvd-75071-110296
2026-09-12,INVH,Dallas,"7417 Alfriston Pl, McKinney, TX, 75071",Dallas,INVH-7417-alfriston-pl-75071-120519,4,3.0,2330,2525.0,2026-09-12,24 months,False,,,,,,,,https://www.invitationhomes.com/houses-for-rent/7417-alfriston-pl-75071-120519,2026-07-19,2026-09-12,TX,McKinney,,,,,7417-alfriston-pl-75071-120519
2026-09-12,INVH,Dallas,"7432 Alfriston Pl, McKinney, TX, 75071",Dallas,INVH-7432-alfriston-pl-75071-120525,4,3.0,2185,2575.0,2026-09-12,24 months,False,,,,,,,,https://www.invitationhomes.com/houses-for-rent/7432-alfriston-pl-75071-120525,2026-06-14,2026-09-12,TX,McKinney,,,,,7432-alfriston-pl-75071-120525
2026-09-12,INVH,Dallas,"7416 Alfriston Pl, McKinney, TX, 75071",Dallas,INVH-7416-alfriston-pl-75071-120528,4,2.0,2017,2199.0,2026-09-12,24 months,False,,,,,,,,https://www.invitationhomes.com/houses-for-rent/7416-alfriston-pl-75071-120528,2026-04-04,2026-09-12,TX,McKinney,,,,,7416-alfriston-pl-75071-120528
2026-09-12,INVH,Dallas,"2507 Quail Ridge Rd, Melissa, TX, 75454",Dallas,INVH-2507-quail-ridge-rd-75454-94738,3,2.0,1872,2245.0,2026-09-12,20 months,False,,,,,,,,https://www.invitationhomes.com/houses-for-rent/2507-quail-ridge-rd-75454-94738,2026-05-17,2026-09-12,TX,Melissa,,,,,2507-quail-ridge-rd-75454-94738
2026-09-12,INVH,Dallas,"1616 Open Range Rd, Weston, TX, 75097",Dallas,INVH-1616-open-range-rd-75097-113200,3,2.0,1981,2195.0,2026-10-05,20 months,False,,,,,,,,https://www.invitationhomes.com/houses-for-rent/1616-open-range-rd-75097-113200,2026-04-04,2026-09-12,TX,Weston,,,,,1616-open-range-rd-75097-113200
2026-09-12,INVH,Dallas,"1604 Open Range Rd, Weston, TX, 75097",Dallas,INVH-1604-open-range-rd-75097-113199,3,2.0,1749,2290.0,2026-10-20,20 months,False,,,,,,,,https://www.invitationhomes.com/houses-for-rent/1604-open-range-rd-75097-113199,2026-09-06,2026-09-12,TX,Weston,,,,,1604-open-range-rd-75097-113199
2026-09-12,INVH,Dallas,"619 Rain Barrel Pl, Weston, TX, 75097",Dallas,INVH-619-rain-barrel-pl-75097-113193,3,2.0,1800,2140.0,2026-09-14,20 months,False,,,,,,,,https://www.invitationhomes.com/houses-for-rent/619-rain-barrel-pl-75097-113193,2026-09-09,2026-09-12,TX,Weston,,,,,619-rain-barrel-pl-75097-113193
2026-09-12,INVH,Dallas,"705 Rusty Spurs Pl, Weston, TX, 75097",Dallas,INVH-705-rusty-spurs-pl-75097-113195,4,3.0,1906,2160.0,2026-09-12,20 months,False,,,,,,,,https://www.invitationhomes.com/houses-for-rent/705-rusty-spurs-pl-75097-113195,2026-08-02,2026-09-12,TX,Weston,,,,,705-rusty-spurs-pl-75097-113195
2026-09-12,INVH,Houston,"10750 Cobblecreek Way, Missouri City, TX, 77459",Houston,INVH-10750-cobblecreek-way-77459-94342,4,2.5,2072,2540.0,2026-09-24,24 months,False,,,,,,,,https://www.invitationhomes.com/houses-for-rent/10750-cobblecreek-way-77459-94342,2026-08-16,2026-09-12,TX,Missouri City,,,,,10750-cobblecreek-way-77459-94342
2026-09-12,INVH,Houston,"3715 Iris Ridge Way, Fresno, TX, 77545",Houston,INVH-3715-iris-ridge-way-77545-8955,4,2.5,2247,2299.0,2026-09-12,23 months,False,,,,,,,,https://www.invitationhomes.com/houses-for-rent/3715-iris-ridge-way-77545-8955,2026-07-19,2026-09-12,TX,Fresno,,,,,3715-iris-ridge-way-77545-8955
2026-09-12,INVH,Houston,"4026 Hawthorne Glen Ct, Fresno, TX, 77545",Houston,INVH-4026-hawthorn-glen-ct-77545-1010,4,2.0,1680,1960.0,2026-09-12,23 months,False,,,,,,,,https://www.invitationhomes.com/houses-for-rent/4026-hawthorn-glen-ct-77545-1010,2026-05-24,2026-09-12,TX,Fresno,,,,,4026-hawthorn-glen-ct-77545-1010
2026-09-12,INVH,Houston,"37 San Simeon Dr, Manvel, TX, 77578",Houston,INVH-37-san-simeon-dr-77578-7877,3,2.0,2243,2175.0,2026-09-12,23 months,False,,,,,,,,https://www.invitationhomes.com/houses-for-rent/37-san-simeon-dr-77578-7877,2026-07-19,2026-09-12,TX,Manvel,,,,,37-san-simeon-dr-77578-7877
2026-09-12,INVH,Houston,"30 Mira Loma Dr, Manvel, TX, 77578",Houston,INVH-30-mira-loma-dr-77578-7537,3,2.0,1875,2180.0,2026-09-18,23 months,False,,,,,,,,https://www.invitationhomes.com/houses-for-rent/30-mira-loma-dr-77578-7537,2026-09-03,2026-09-12,TX,Manvel,,,,,30-mira-loma-dr-77578-7537
2026-09-12,INVH,Houston,"329 Old Course Dr, Friendswood, TX, 77546",Houston,INVH-329-old-course-dr-77546-5184,4,2.5,2380,2595.0,2026-09-30,23 months,False,,,,,,,,https://www.invitationhomes.com/houses-for-rent/329-old-course-dr-77546-5184,2026-09-03,2026-09-12,TX,Friendswood,,,,,329-old-course-dr-77546-5184
2026-09-12,INVH,Houston,"1909 Fir Tree Dr, League City, TX, 77573",Houston,INVH-1909-fir-tree-dr-77573-6047,3,2.5,2184,2135.0,2026-09-12,23 months,False,,,,,,,,https://www.invitationhomes.com/houses-for-rent/1909-fir-tree-dr-77573-6047,2026-07-19,2026-09-12,TX,League City,,,,,1909-fir-tree-dr-77573-6047
2026-09-12,INVH,Houston,"16422 Oxnard Ln, Friendswood, TX, 77546",Houston,INVH-16422-oxnard-ln-77546-2339,3,2.0,1660,2160.0,2026-10-15,23 months,False,,,,,,,,https://www.invitationhomes.com/houses-for-rent/16422-oxnard-ln-77546-2339,2026-09-03,2026-09-12,TX,Friendswood,,,,,16422-oxnard-ln-77546-2339
2026-09-12,INVH,Houston,"16611 Blackhawk Blvd, Friendswood, TX, 77546",Houston,INVH-16611-blackhawk-blvd-77546-7526,3,2.0,1692,1995.0,2026-10-27,23 months,False,,,,,,,,https://www.invitationhomes.com/houses-for-rent/16611-blackhawk-blvd-77546-7526,2026-09-12,2026-09-12,TX,Friendswood,,,,,16611-blackhawk-blvd-77546-7526
2026-09-12,INVH,Dallas,"3014 Early Turn Dr, Webster, TX, 77598",Dallas,INVH-3014-early-turn-77598-8453,3,2.0,1712,2040.0,2026-09-12,23 months,False,,,,,,,,https://www.invitationhomes.com/houses-for-rent/3014-early-turn-77598-8453,2026-08-16,2026-09-12,TX,Webster,,,,,3014-early-turn-77598-8453
2026-09-12,INVH,Houston,"1908 Sunset Ct N, League City, TX, 77573",Houston,INVH-1908-sunset-ct-n-77573-4738,3,2.0,1954,1895.0,2026-09-12,23 months,False,,,,,,,,https://www.invitationhomes.com/houses-for-rent/1908-sunset-ct-n-77573-4738,2026-07-19,2026-09-12,TX,League City,,,,,1908-sunset-ct-n-77573-4738
2026-09-12,INVH,Dallas,"2883 Diamond Bay Dr, Dickinson, TX, 77539",Dallas,INVH-2883-diamond-bay-dr-77539-8348,3,2.5,2092,2195.0,2026-09-12,23 months,False,,,,,,,,https://www.invitationhomes.com/houses-for-rent/2883-diamond-bay-dr-77539-8348,2026-06-09,2026-09-12,TX,Dickinson,,,,,2883-diamond-bay-dr-77539-8348
2026-09-12,INVH,Houston,"3507 Iris Ridge Way, Fresno, TX, 77545",Houston,INVH-3507-iris-ridge-way-77545-2139,4,2.5,1917,2045.0,2026-10-22,23 months,False,,,,,,,,https://www.invitationhomes.com/houses-for-rent/3507-iris-ridge-way-77545-2139,2026-09-09,2026-09-12,TX,Fresno,,,,,3507-iris-ridge-way-77545-2139
2026-09-12,INVH,Houston,"7442 Towerview Ln, Missouri City, TX, 77489",Houston,INVH-7442-towerview-ln-77489-1212,3,2.0,1580,1985.0,2026-09-14,23 months,False,,,,,,,,https://www.invitationhomes.com/houses-for-rent/7442-towerview-ln-77489-1212,2026-08-16,2026-09-12,TX,Missouri City,,,,,7442-towerview-ln-77489-1212
2026-09-12,INVH,Houston,"10426 Executive Lake Dr, Stafford, TX, 77477",Houston,INVH-10426-executive-lake-dr-77477-116747,3,2.5,1822,2485.0,2026-10-14,24 months,False,,,,,,,,https://www.invitationhomes.com/houses-for-rent/10426-executive-lake-dr-77477-116747,2026-09-03,2026-09-12,TX,Stafford,,,,,10426-executive-lake-dr-77477-116747
2026-09-12,INVH,Houston,"11911 N Youngwood Ln, Houston, TX, 77043",Houston,INVH-11911-n-youngwood-ln-77043-5275,3,2.0,1677,1895.0,2026-09-18,23 months,False,,,,,,,,https://www.invitationhomes.com/houses-for-rent/11911-n-youngwood-ln-77043-5275,2026-09-03,2026-09-12,TX,Houston,,,,,11911-n-youngwood-ln-77043-5275
2026-09-12,INVH,Houston,"11122 Kirwin Lane, Houston, TX, 77041",Houston,INVH-11122-kirwin-lane-77041-110682,3,2.0,1495,1799.0,2026-09-12,23 months,False,,,,,,,,https://www.invitationhomes.com/houses-for-rent/11122-kirwin-lane-77041-110682,2026-07-19,2026-09-12,TX,Houston,,,,,11122-kirwin-lane-77041-110682
2026-09-12,INVH,Houston,"4311 Saratoga Dr, Houston, TX, 77088",Houston,INVH-4311-saratoga-dr-77088-2604,4,2.0,2016,2095.0,2026-09-16,23 months,False,,,,,,,,https://www.invitationhomes.com/houses-for-rent/4311-saratoga-dr-77088-2604,2026-07-19,2026-09-12,TX,Houston,,,,,4311-saratoga-dr-77088-2604
2026-09-12,INVH,Houston,"714 Wilshire Brook Ln, Houston, TX, 77008",Houston,INVH-714-wilshire-brook-ln-77008-116830,3,2.5,1438,2599.0,2026-09-12,24 months,False,,,,,,,,https://www.invitationhomes.com/houses-for-rent/714-wilshire-brook-ln-77008-116830,2026-09-03,2026-09-12,TX,Houston,,,,,714-wilshire-brook-ln-77008-116830
2026-09-12,INVH,Houston,"6351 Paddington Bend Dr, Houston, TX, 77008",Houston,INVH-6351-paddington-bend-dr-77008-116799,3,2.5,1422,2549.0,2026-09-12,24 months,False,,,,,,,,https://www.invitationhomes.com/houses-for-rent/6351-paddington-bend-dr-77008-116799,2026-08-23,2026-09-12,TX,Houston,,,,,6351-paddington-bend-dr-77008-116799
2026-09-12,INVH,Houston,"6309 Paddington Bend Dr, Houston, TX, 77008",Houston,INVH-6309-paddington-bend-dr-77008-116956,3,3.5,1986,2749.0,2026-09-12,24 months,False,,,,,,,,https://www.invitationhomes.com/houses-for-rent/6309-paddington-bend-dr-77008-116956,2026-08-16,2026-09-12,TX,Houston,,,,,6309-paddington-bend-dr-77008-116956
2026-09-12,INVH,Houston,"709 Carriage Knolls Dr, Houston, TX, 77008",Houston,INVH-709-carriage-knolls-dr-77008-116968,3,3.5,1918,2749.0,2026-09-15,24 months,False,,,,,,,,https://www.invitationhomes.com/houses-for-rent/709-carriage-knolls-dr-77008-116968,2026-08-16,2026-09-12,TX,Houston,,,,,709-carriage-knolls-dr-77008-116968
2026-09-12,INVH,Houston,"1403 W 26Th Street, Houston, TX, 77008",Houston,INVH-1403-w-26th-street-77008-110805,3,3.0,2022,2825.0,2026-09-15,23 months,False,,,,,,,,https://www.invitationhomes.com/houses-for-rent/1403-w-26th-street-77008-110805,2026-08-10,2026-09-12,TX,Houston,,,,,1403-w-26th-street-77008-110805
2026-09-12,INVH,Houston,"912 W 25Th Street 1, Houston, TX, 77008",Houston,INVH-912-w-25th-street-1-77008-110712,3,3.5,2412,2825.0,2026-09-12,23 months,False,,,,,,,,https://www.invitationhomes.com/houses-for-rent/912-w-25th-street-1-77008-110712,2026-08-02,2026-09-12,TX,Houston,,,,,912-w-25th-street-1-77008-110712
2026-09-12,INVH,Houston,"15119 Manorhill Dr, Houston, TX, 77062",Houston,INVH-15119-manorhill-dr-77062-6239,4,2.5,2464,2595.0,2026-10-06,23 months,False,,,,,,,,https://www.invitationhomes.com/houses-for-rent/15119-manorhill-dr-77062-6239,2026-08-23,2026-09-12,TX,Houston,,,,,15119-manorhill-dr-77062-6239
2026-09-12,INVH,Houston,"1506 Seagate Ln, Houston, TX, 77062",Houston,INVH-1506-seagate-ln-77062-6726,4,2.0,2690,2480.0,2026-09-15,23 months,False,,,,,,,,https://www.invitationhomes.com/houses-for-rent/1506-seagate-ln-77062-6726,2026-09-03,2026-09-12,TX,Houston,,,,,1506-seagate-ln-77062-6726
2026-09-12,INVH,Houston,"1218 Epsilon St, Pasadena, TX, 77504",Houston,INVH-1218-epsilon-st-77504-8728,3,2.0,1108,1649.0,2026-10-26,23 months,False,,,,,,,,https://www.invitationhomes.com/houses-for-rent/1218-epsilon-st-77504-8728,2026-09-12,2026-09-12,TX,Pasadena,,,,,1218-epsilon-st-77504-8728
2026-09-12,INVH,Houston,"2705 Coy Dr, Deer Park, TX, 77536",Houston,INVH-2705-coy-dr-77536-2318,3,2.0,1894,2035.0,2026-09-12,23 months,False,,,,,,,,https://www.invitationhomes.com/houses-for-rent/2705-coy-dr-77536-2318,2026-08-10,2026-09-12,TX,Deer Park,,,,,2705-coy-dr-77536-2318
2026-09-12,INVH,Houston,"2117 Shadow Bay Cir, League City, TX, 77573",Houston,INVH-2117-shadow-bay-cir-77573-7482,4,3.5,2672,2945.0,2026-10-02,23 months,False,,,,,,,,https://www.invitationhomes.com/houses-for-rent/2117-shadow-bay-cir-77573-7482,2026-09-03,2026-09-12,TX,League City,,,,,2117-shadow-bay-cir-77573-7482
2026-09-12,INVH,Houston,"4238 Honey Oaks Dr, Seabrook, TX, 77586",Houston,INVH-4238-honey-oaks-dr-77586-7059,4,2.5,2728,2240.0,2026-09-12,23 months,False,,,,,,,,https://www.invitationhomes.com/houses-for-rent/4238-honey-oaks-dr-77586-7059,2026-07-19,2026-09-12,TX,Seabrook,,,,,4238-honey-oaks-dr-77586-7059
2026-09-12,INVH,Houston,"2818 Sea Ledge Dr, Seabrook, TX, 77586",Houston,INVH-2818-sea-ledge-dr-77586-8249,4,2.5,2592,2195.0,2026-09-15,23 months,False,,,,,,,,https://www.invitationhomes.com/houses-for-rent/2818-sea-ledge-dr-77586-8249,2026-08-10,2026-09-12,TX,Seabrook,,,,,2818-sea-ledge-dr-77586-8249
2026-09-12,INVH,Houston,"4330 Spoonbill Dr, Seabrook, TX, 77586",Houston,INVH-4330-spoonbill-dr-77586-7881,3,2.0,1663,2145.0,2026-09-14,23 months,False,,,,,,,,https://www.invitationhomes.com/houses-for-rent/4330-spoonbill-dr-77586-7881,2026-08-23,2026-09-12,TX,Seabrook,,,,,4330-spoonbill-dr-77586-7881
2026-09-12,INVH,Houston,"8514 Doskocil Dr, Houston, TX, 77044",Houston,INVH-8514-doskocil-dr-77044-1891,3,2.0,1333,1695.0,2026-10-17,23 months,False,,,,,,,,https://www.invitationhomes.com/houses-for-rent/8514-doskocil-dr-77044-1891,2026-09-03,2026-09-12,TX,Houston,,,,,8514-doskocil-dr-77044-1891
2026-09-12,INVH,Houston,"8542 Doskocil Dr, Houston, TX, 77044",Houston,INVH-8542-doskocil-dr-77044-6598,3,2.5,1687,1775.0,2026-09-16,23 months,False,,,,,,,,https://www.invitationhomes.com/houses-for-rent/8542-doskocil-dr-77044-6598,2026-05-24,2026-09-12,TX,Houston,,,,,8542-doskocil-dr-77044-6598
2026-09-12,INVH,Houston,"8574 Chaletford Dr, Houston, TX, 77044",Houston,INVH-8574-chaletford-dr-77044-9332,4,2.0,1433,1799.0,2026-09-14,23 months,False,,,,,,,,https://www.invitationhomes.com/houses-for-rent/8574-chaletford-dr-77044-9332,2026-09-03,2026-09-12,TX,Houston,,,,,8574-chaletford-dr-77044-9332
2026-09-12,INVH,Houston,"8634 Doskocil Dr, Houston, TX, 77044",Houston,INVH-8634-doskocil-dr-77044-9248,4,2.5,1847,1995.0,2026-10-08,23 months,False,,,,,,,,https://www.invitationhomes.com/houses-for-rent/8634-doskocil-dr-77044-9248,2026-09-03,2026-09-12,TX,Houston,,,,,8634-doskocil-dr-77044-9248
2026-09-12,INVH,Houston,"8670 Chaletford Dr, Houston, TX, 77044",Houston,INVH-8670-chaletford-dr-77044-4640,4,2.5,1847,2065.0,2026-10-15,23 months,False,,,,,,,,https://www.invitationhomes.com/houses-for-rent/8670-chaletford-dr-77044-4640,2026-09-03,2026-09-12,TX,Houston,,,,,8670-chaletford-dr-77044-4640
2026-09-12,INVH,Houston,"8318 Black Pool Street, Baytown, TX, 77521",Houston,INVH-8318-black-pool-street-77521-110651,3,2.0,1296,1715.0,2026-09-12,23 months,False,,,,,,,,https://www.invitationhomes.com/houses-for-rent/8318-black-pool-street-77521-110651,2026-07-19,2026-09-12,TX,Baytown,,,,,8318-black-pool-street-77521-110651
2026-09-12,INVH,Houston,"9603 W Savile Cir, Houston, TX, 77065",Houston,INVH-9603-w-savile-cir-77065-4746,3,2.5,1439,1745.0,2026-09-12,23 months,False,,,,,,,,https://www.invitationhomes.com/houses-for-rent/9603-w-savile-cir-77065-4746,2026-08-10,2026-09-12,TX,Houston,,,,,9603-w-savile-cir-77065-4746
2026-09-12,INVH,Houston,"9167 Golden Sunshine Dr, Houston, TX, 77064",Houston,INVH-9167-golden-sunshine-dr-77064-8915,3,2.0,1293,1645.0,2026-09-12,23 months,False,,,,,,,,https://www.invitationhomes.com/houses-for-rent/9167-golden-sunshine-dr-77064-8915,2026-09-03,2026-09-12,TX,Houston,,,,,9167-golden-sunshine-dr-77064-8915
2026-09-12,INVH,Houston,"7134 Cheshire Park Rd, Houston, TX, 77088",Houston,INVH-7134-cheshire-park-rd-77088-3645,4,2.5,1912,1745.0,2026-09-12,23 months,False,,,,,,,,https://www.invitationhomes.com/houses-for-rent/7134-cheshire-park-rd-77088-3645,2026-05-09,2026-09-12,TX,Houston,,,,,7134-cheshire-park-rd-77088-3645
2026-09-12,INVH,Houston,"9818 Golden Prairie Ln, Houston, TX, 77086",Houston,INVH-9818-golden-prairie-ln-77086-1003,3,2.5,2444,1925.0,2026-09-12,23 months,False,,,,,,,,https://www.invitationhomes.com/houses-for-rent/9818-golden-prairie-ln-77086-1003,2026-08-02,2026-09-12,TX,Houston,,,,,9818-golden-prairie-ln-77086-1003
2026-09-12,INVH,Houston,"12630 Lady Slipper Rd, Houston, TX, 77038",Houston,INVH-12630-lady-slipper-rd-77038-6754,4,2.5,2015,1875.0,2026-09-12,23 months,False,,,,,,,,https://www.invitationhomes.com/houses-for-rent/12630-lady-slipper-rd-77038-6754,2026-07-19,2026-09-12,TX,Houston,,,,,12630-lady-slipper-rd-77038-6754
2026-09-12,INVH,Houston,"12623 Mountain Daisy Rd, Houston, TX, 77038",Houston,INVH-12623-mountain-daisy-rd-77038-2717,3,2.0,1407,1695.0,2026-09-12,23 months,False,,,,,,,,https://www.invitationhomes.com/houses-for-rent/12623-mountain-daisy-rd-77038-2717,2026-05-09,2026-09-12,TX,Houston,,,,,12623-mountain-daisy-rd-77038-2717
2026-09-12,INVH,Houston,"13742 Clarks Fork Dr, Houston, TX, 77086",Houston,INVH-13742-clarks-fork-dr-77086-1710,4,2.5,1980,1895.0,2026-09-12,23 months,False,,,,,,,,https://www.invitationhomes.com/houses-for-rent/13742-clarks-fork-dr-77086-1710,2026-07-19,2026-09-12,TX,Houston,,,,,13742-clarks-fork-dr-77086-1710
2026-09-12,INVH,Houston,"9422 Chartermoss Cir, Houston, TX, 77070",Houston,INVH-9422-chartermoss-cir-77070-2295,3,2.0,1560,1740.0,2026-09-12,23 months,False,,,,,,,,https://www.invitationhomes.com/houses-for-rent/9422-chartermoss-cir-77070-2295,2026-05-03,2026-09-12,TX,Houston,,,,,9422-chartermoss-cir-77070-2295
2026-09-12,INVH,Houston,"16811 Valley Palms Drive, Spring, TX, 77379",Houston,INVH-16811-valley-palms-drive-77379-110738,3,2.5,2470,2230.0,2026-09-15,23 months,False,,,,,,,,https://www.invitationhomes.com/houses-for-rent/16811-valley-palms-drive-77379-110738,2026-08-10,2026-09-12,TX,Spring,,,,,16811-valley-palms-drive-77379-110738
2026-09-12,INVH,Dallas,"19203 Talcott Way Dr, Tomball, TX, 77375",Dallas,INVH-19203-talcott-way-dr-77375-4113,3,2.0,1578,1715.0,2026-09-12,23 months,False,,,,,,,,https://www.invitationhomes.com/houses-for-rent/19203-talcott-way-dr-77375-4113,2026-07-19,2026-09-12,TX,Tomball,,,,,19203-talcott-way-dr-77375-4113
2026-09-12,INVH,Dallas,"11911 Sonora Springs Dr, Tomball, TX, 77375",Dallas,INVH-11911-sonora-springs-dr-77375-3236,4,2.5,2521,2325.0,2026-10-03,23 months,False,,,,,,,,https://www.invitationhomes.com/houses-for-rent/11911-sonora-springs-dr-77375-3236,2026-08-23,2026-09-12,TX,Tomball,,,,,11911-sonora-springs-dr-77375-3236
2026-09-12,INVH,Houston,"17914 Vintage Wood Ln, Spring, TX, 77379",Houston,INVH-17914-vintage-wood-ln-77379-3951,4,3.5,3337,2845.0,2026-10-20,23 months,False,,,,,,,,https://www.invitationhomes.com/houses-for-rent/17914-vintage-wood-ln-77379-3951,2026-09-06,2026-09-12,TX,Spring,,,,,17914-vintage-wood-ln-77379-3951
2026-09-12,INVH,Houston,"5910 Theall Rd, Houston, TX, 77066",Houston,INVH-5910-theall-rd-77066-5960,4,2.5,2831,2425.0,2026-09-12,23 months,False,,,,,,,,https://www.invitationhomes.com/houses-for-rent/5910-theall-rd-77066-5960,2026-08-23,2026-09-12,TX,Houston,,,,,5910-theall-rd-77066-5960
2026-09-12,INVH,Houston,"16923 Windrow Dr, Spring, TX, 77379",Houston,INVH-16923-windrow-ln-77379-4249,4,2.5,2601,2415.0,2026-10-20,23 months,False,,,,,,,,https://www.invitationhomes.com/houses-for-rent/16923-windrow-ln-77379-4249,2026-05-03,2026-09-12,TX,Spring,,,,,16923-windrow-ln-77379-4249
2026-09-12,INVH,Houston,"19439 Wildwood Dale Ln, Spring, TX, 77379",Houston,INVH-19439-wildwood-dale-ln-77379-3195,3,2.0,2209,1949.0,2026-09-12,23 months,False,,,,,,,,https://www.invitationhomes.com/houses-for-rent/19439-wildwood-dale-ln-77379-3195,2026-08-02,2026-09-12,TX,Spring,,,,,19439-wildwood-dale-ln-77379-3195
2026-09-12,INVH,Houston,"18015 Tall Cypress Dr, Spring, TX, 77388",Houston,INVH-18015-tall-cypress-dr-77388-1371,4,2.5,2547,2095.0,2026-09-12,23 months,False,,,,,,,,https://www.invitationhomes.com/houses-for-rent/18015-tall-cypress-dr-77388-1371,2026-07-19,2026-09-12,TX,Spring,,,,,18015-tall-cypress-dr-77388-1371
2026-09-12,INVH,Houston,"3827 Cypressdale Dr, Spring, TX, 77388",Houston,INVH-3827-cypressdale-dr-77388-3715,3,2.0,1876,1749.0,2026-09-12,23 months,False,,,,,,,,https://www.invitationhomes.com/houses-for-rent/3827-cypressdale-dr-77388-3715,2026-08-02,2026-09-12,TX,Spring,,,,,3827-cypressdale-dr-77388-3715
2026-09-12,INVH,Houston,"1203 Gibson Crossing Way, Houston, TX, 77067",Houston,INVH-1203-gibson-crossing-way-77067-7586,3,2.5,1777,1735.0,2026-09-12,23 months,False,,,,,,,,https://www.invitationhomes.com/houses-for-rent/1203-gibson-crossing-way-77067-7586,2026-07-19,2026-09-12,TX,Houston,,,,,1203-gibson-crossing-way-77067-7586
2026-09-12,INVH,Houston,"12022 Gregory Crossing Way, Houston, TX, 77067",Houston,INVH-12022-gregory-crossing-way-77067-5078,3,2.0,1192,1610.0,2026-10-08,23 months,False,,,,,,,,https://www.invitationhomes.com/houses-for-rent/12022-gregory-crossing-way-77067-5078,2026-09-03,2026-09-12,TX,Houston,,,,,12022-gregory-crossing-way-77067-5078
2026-09-12,INVH,Houston,"16418 Noble Meadow Ln, Houston, TX, 77073",Houston,INVH-16418-noble-meadow-ln-77073-1414,3,2.5,1645,1715.0,2026-09-12,23 months,False,,,,,,,,https://www.invitationhomes.com/houses-for-rent/16418-noble-meadow-ln-77073-1414,2026-07-19,2026-09-12,TX,Houston,,,,,16418-noble-meadow-ln-77073-1414
2026-09-12,INVH,Houston,"1515 Glasholm Dr, Houston, TX, 77073",Houston,INVH-1515-glasholm-dr-77073-9485,4,2.5,2052,1995.0,2026-10-11,24 months,False,,,,,,,,https://www.invitationhomes.com/houses-for-rent/1515-glasholm-dr-77073-9485,2026-05-17,2026-09-12,TX,Houston,,,,,1515-glasholm-dr-77073-9485
2026-09-12,INVH,Houston,"1466 Grand Prince Ln, Houston, TX, 77073",Houston,INVH-1466-grand-prince-ln-77073-2932,4,2.5,1944,1945.0,2026-10-14,23 months,False,,,,,,,,https://www.invitationhomes.com/houses-for-rent/1466-grand-prince-ln-77073-2932,2026-09-03,2026-09-12,TX,Houston,,,,,1466-grand-prince-ln-77073-2932
2026-09-12,INVH,Houston,"16114 Majestic Glen Ln, Houston, TX, 77073",Houston,INVH-16114-majestic-glen-ln-77073-4291,3,2.5,2149,1795.0,2026-09-14,23 months,False,,,,,,,,https://www.invitationhomes.com/houses-for-rent/16114-majestic-glen-ln-77073-4291,2026-08-02,2026-09-12,TX,Houston,,,,,16114-majestic-glen-ln-77073-4291
2026-09-12,INVH,Houston,"910 Doubletree Glen Dr, Houston, TX, 77073",Houston,INVH-910-doubletree-glen-dr-77073-5088,3,2.5,1813,1949.0,2026-10-18,23 months,False,,,,,,,,https://www.invitationhomes.com/houses-for-rent/910-doubletree-glen-dr-77073-5088,2026-09-03,2026-09-12,TX,Houston,,,,,910-doubletree-glen-dr-77073-5088
2026-09-12,INVH,Houston,"1010 Doubletree Glen Dr, Houston, TX, 77073",Houston,INVH-1010-doubletree-glen-dr-77073-5804,4,2.5,2323,1840.0,2026-09-12,23 months,False,,,,,,,,https://www.invitationhomes.com/houses-for-rent/1010-doubletree-glen-dr-77073-5804,2026-04-26,2026-09-12,TX,Houston,,,,,1010-doubletree-glen-dr-77073-5804
2026-09-12,INVH,Houston,"1003 Redcrest Springs Ct, Houston, TX, 77073",Houston,INVH-1003-redcrest-springs-ct-77073-7127,3,2.5,2268,1799.0,2026-09-12,23 months,False,,,,,,,,https://www.invitationhomes.com/houses-for-rent/1003-redcrest-springs-ct-77073-7127,2026-09-03,2026-09-12,TX,Houston,,,,,1003-redcrest-springs-ct-77073-7127
2026-09-12,INVH,Houston,"23414 Lestergate Dr, Spring, TX, 77373",Houston,INVH-23414-lestergate-dr-77373-1478,4,2.0,1478,1595.0,2026-09-12,23 months,False,,,,,,,,https://www.invitationhomes.com/houses-for-rent/23414-lestergate-dr-77373-1478,2026-07-19,2026-09-12,TX,Spring,,,,,23414-lestergate-dr-77373-1478
2026-09-12,INVH,Houston,"4514 Tylergate Dr, Spring, TX, 77373",Houston,INVH-4514-tylergate-dr-77373-110730,4,2.0,1462,1749.0,2026-09-30,23 months,False,,,,,,,,https://www.invitationhomes.com/houses-for-rent/4514-tylergate-dr-77373-110730,2026-09-09,2026-09-12,TX,Spring,,,,,4514-tylergate-dr-77373-110730
2026-09-12,INVH,Houston,"4226 Burkegate Dr, Spring, TX, 77373",Houston,INVH-4226-burkegate-dr-77373-3768,3,2.0,1643,1610.0,2026-09-12,23 months,False,,,,,,,,https://www.invitationhomes.com/houses-for-rent/4226-burkegate-dr-77373-3768,2026-07-19,2026-09-12,TX,Spring,,,,,4226-burkegate-dr-77373-3768
2026-09-12,INVH,Houston,"43 S Acacia Park Cir, Spring, TX, 77382",Houston,INVH-43-s-acacia-park-cir-77382-95635,4,2.5,2526,2745.0,2026-09-14,23 months,False,,,,,,,,https://www.invitationhomes.com/houses-for-rent/43-s-acacia-park-cir-77382-95635,2026-07-19,2026-09-12,TX,Spring,,,,,43-s-acacia-park-cir-77382-95635
2026-09-12,INVH,Houston,"25502 Hickory Valley Ln, Spring, TX, 77373",Houston,INVH-25502-hickory-valley-ln-77373-6526,4,2.0,2250,2215.0,2026-09-16,23 months,False,,,,,,,,https://www.invitationhomes.com/houses-for-rent/25502-hickory-valley-ln-77373-6526,2026-08-16,2026-09-12,TX,Spring,,,,,25502-hickory-valley-ln-77373-6526
2026-09-12,INVH,Houston,"23435 Dukes Run Drive, Spring, TX, 77373",Houston,INVH-23435-dukes-run-drive-77373-110693,4,2.5,2394,2085.0,2026-09-14,23 months,False,,,,,,,,https://www.invitationhomes.com/houses-for-rent/23435-dukes-run-drive-77373-110693,2026-08-10,2026-09-12,TX,Spring,,,,,23435-dukes-run-drive-77373-110693
2026-09-12,INVH,Houston,"1347 Havelock Dr, Spring, TX, 77386",Houston,INVH-1347-havelock-77386-4903,3,2.0,1591,1935.0,2026-09-12,23 months,False,,,,,,,,https://www.invitationhomes.com/houses-for-rent/1347-havelock-77386-4903,2026-08-10,2026-09-12,TX,Spring,,,,,1347-havelock-77386-4903
2026-09-12,INVH,Houston,"29622 Legends Bluff Dr, Spring, TX, 77386",Houston,INVH-29622-legends-bluff-dr-77386-94776,5,2.5,3018,2195.0,2026-09-12,23 months,False,,,,,,,,https://www.invitationhomes.com/houses-for-rent/29622-legends-bluff-dr-77386-94776,2026-06-14,2026-09-12,TX,Spring,,,,,29622-legends-bluff-dr-77386-94776
2026-09-12,INVH,Houston,"3515 Avalon Castle Dr, Spring, TX, 77386",Houston,INVH-3515-avalon-castle-dr-77386-6172,3,2.5,1966,2265.0,2026-10-04,23 months,False,,,,,,,,https://www.invitationhomes.com/houses-for-rent/3515-avalon-castle-dr-77386-6172,2026-08-23,2026-09-12,TX,Spring,,,,,3515-avalon-castle-dr-77386-6172
2026-09-12,INVH,Houston,"3638 Avalon Castle Dr, Spring, TX, 77386",Houston,INVH-3638-avalon-castle-dr-77386-3343,4,2.5,2222,2165.0,2026-09-12,23 months,False,,,,,,,,https://www.invitationhomes.com/houses-for-rent/3638-avalon-castle-dr-77386-3343,2026-08-23,2026-09-12,TX,Spring,,,,,3638-avalon-castle-dr-77386-3343
2026-09-12,INVH,Houston,"30631 Gardenia Trace Dr, Spring, TX, 77386",Houston,INVH-30631-gardenia-trace-dr-77386-6808,4,2.5,2246,2175.0,2026-09-12,23 months,False,,,,,,,,https://www.invitationhomes.com/houses-for-rent/30631-gardenia-trace-dr-77386-6808,2026-07-19,2026-09-12,TX,Spring,,,,,30631-gardenia-trace-dr-77386-6808
2026-09-12,INVH,Houston,"3330 Orchid Trace Dr, Spring, TX, 77386",Houston,INVH-3330-orchid-trace-dr-77386-9029,4,2.5,2493,2399.0,2026-09-12,23 months,False,,,,,,,,https://www.invitationhomes.com/houses-for-rent/3330-orchid-trace-dr-77386-9029,2026-08-02,2026-09-12,TX,Spring,,,,,3330-orchid-trace-dr-77386-9029
2026-09-12,INVH,Houston,"16334 Many Trees Ln, Conroe, TX, 77302",Houston,INVH-16334-many-trees-ln-77302-6151,3,2.0,1264,1675.0,2026-10-20,23 months,False,,,,,,,,https://www.invitationhomes.com/houses-for-rent/16334-many-trees-ln-77302-6151,2026-09-09,2026-09-12,TX,Conroe,,,,,16334-many-trees-ln-77302-6151
2026-09-12,INVH,Houston,"2527 Shearwater Bend Dr, Humble, TX, 77396",Houston,INVH-2527-shearwater-bend-dr-77396-5733,3,2.0,1582,1745.0,2026-10-13,23 months,False,,,,,,,,https://www.invitationhomes.com/houses-for-rent/2527-shearwater-bend-dr-77396-5733,2026-09-03,2026-09-12,TX,Humble,,,,,2527-shearwater-bend-dr-77396-5733
2026-09-12,INVH,Houston,"2615 Shearwater Bend Dr, Humble, TX, 77396",Houston,INVH-2615-shearwater-bend-dr-77396-9580,3,2.0,1582,1795.0,2026-10-08,23 months,False,,,,,,,,https://www.invitationhomes.com/houses-for-rent/2615-shearwater-bend-dr-77396-9580,2026-09-03,2026-09-12,TX,Humble,,,,,2615-shearwater-bend-dr-77396-9580
2026-09-12,INVH,Houston,"17247 Marquette Point Ln, Humble, TX, 77346",Houston,INVH-17247-marquette-point-ln-77346-94436,3,2.0,2216,2040.0,2026-09-12,23 months,False,,,,,,,,https://www.invitationhomes.com/houses-for-rent/17247-marquette-point-ln-77346-94436,2026-08-16,2026-09-12,TX,Humble,,,,,17247-marquette-point-ln-77346-94436
2026-09-12,INVH,Houston,"4247 Old Arbor Way, Humble, TX, 77346",Houston,INVH-4247-old-arbor-way-77346-95465,4,2.0,2344,2290.0,2026-09-12,24 months,False,,,,,,,,https://www.invitationhomes.com/houses-for-rent/4247-old-arbor-way-77346-95465,2026-08-02,2026-09-12,TX,Humble,,,,,4247-old-arbor-way-77346-95465
2026-09-12,INVH,Houston,"5303 Enchanted Mist Dr, Humble, TX, 77346",Houston,INVH-5303-enchanted-mist-dr-77346-6925,4,2.5,1947,1795.0,2026-09-12,23 months,False,,,,,,,,https://www.invitationhomes.com/houses-for-rent/5303-enchanted-mist-dr-77346-6925,2026-05-09,2026-09-12,TX,Humble,,,,,5303-enchanted-mist-dr-77346-6925
2026-09-12,INVH,Houston,"18835 Yaupon Trl, Humble, TX, 77346",Houston,INVH-18835-yaupon-trl-77346-94948,4,2.0,2520,2435.0,2026-09-18,23 months,False,,,,,,,,https://www.invitationhomes.com/houses-for-rent/18835-yaupon-trl-77346-94948,2026-07-19,2026-09-12,TX,Humble,,,,,18835-yaupon-trl-77346-94948
2026-09-12,INVH,Houston,"8618 Discus Dr, Humble, TX, 77346",Houston,INVH-8618-discus-dr-77346-95852,4,2.0,3736,3699.0,2026-09-12,23 months,False,,,,,,,,https://www.invitationhomes.com/houses-for-rent/8618-discus-dr-77346-95852,2026-06-14,2026-09-12,TX,Humble,,,,,8618-discus-dr-77346-95852
2026-09-12,INVH,Houston,"8922 Sailing Dr, Humble, TX, 77346",Houston,INVH-8922-sailing-dr-77346-2892,4,3.5,2817,2530.0,2026-09-12,23 months,False,,,,,,,,https://www.invitationhomes.com/houses-for-rent/8922-sailing-dr-77346-2892,2026-08-10,2026-09-12,TX,Humble,,,,,8922-sailing-dr-77346-2892
2026-09-12,INVH,Dallas,"3018 Falling Brook Dr, Kingwood, TX, 77345",Dallas,INVH-3018-falling-brook-dr-77345-95069,5,2.0,2542,2180.0,2026-09-12,23 months,False,,,,,,,,https://www.invitationhomes.com/houses-for-rent/3018-falling-brook-dr-77345-95069,2026-08-02,2026-09-12,TX,Kingwood,,,,,3018-falling-brook-dr-77345-95069
2026-09-12,INVH,Dallas,"18804 Orvieto Ct, New Caney, TX, 77357",Dallas,INVH-18804-orvieto-ct-77357-115394,3,2.0,1248,1699.0,2026-10-07,24 months,False,,,,,,,,https://www.invitationhomes.com/houses-for-rent/18804-orvieto-ct-77357-115394,2026-08-23,2026-09-12,TX,New Caney,,,,,18804-orvieto-ct-77357-115394
2026-09-12,INVH,Dallas,"18835 Orvieto Ct, New Caney, TX, 77357",Dallas,INVH-18835-orvieto-ct-77357-115404,4,2.5,2229,2125.0,2026-09-12,24 months,False,,,,,,,,https://www.invitationhomes.com/houses-for-rent/18835-orvieto-ct-77357-115404,2026-08-16,2026-09-12,TX,New Caney,,,,,18835-orvieto-ct-77357-115404
2026-09-12,INVH,Dallas,"18776 Faustina Wy, New Caney, TX, 77357",Dallas,INVH-18776-faustina-wy-77357-115414,3,2.0,1248,1649.0,2026-09-12,24 months,False,,,,,,,,https://www.invitationhomes.com/houses-for-rent/18776-faustina-wy-77357-115414,2026-07-19,2026-09-12,TX,New Caney,,,,,18776-faustina-wy-77357-115414
2026-09-12,INVH,Dallas,"22668 Malvicino Dr, New Caney, TX, 77357",Dallas,INVH-22668-malvicino-dr-77357-115068,3,2.0,1230,1699.0,2026-09-12,24 months,False,,,,,,,,https://www.invitationhomes.com/houses-for-rent/22668-malvicino-dr-77357-115068,2026-08-02,2026-09-12,TX,New Caney,,,,,22668-malvicino-dr-77357-115068
2026-09-12,INVH,Dallas,"22315 San Damiano St, New Caney, TX, 77357",Dallas,INVH-22315-san-damiano-st-77357-115390,4,2.5,1851,1925.0,2026-10-11,24 months,False,,,,,,,,https://www.invitationhomes.com/houses-for-rent/22315-san-damiano-st-77357-115390,2026-09-03,2026-09-12,TX,New Caney,,,,,22315-san-damiano-st-77357-115390
2026-09-12,INVH,Dallas,"18755 Faustina Wy, New Caney, TX, 77357",Dallas,INVH-18755-faustina-wy-77357-115428,3,2.0,1174,1549.0,2026-09-12,24 months,False,,,,,,,,https://www.invitationhomes.com/houses-for-rent/18755-faustina-wy-77357-115428,2026-05-09,2026-09-12,TX,New Caney,,,,,18755-faustina-wy-77357-115428
2026-09-12,INVH,Dallas,"22360 Sonora River Trce, New Caney, TX, 77357",Dallas,INVH-22360-sonora-riv-trce-77357-115500,4,2.5,1851,1915.0,2026-09-12,24 months,False,,,,,,,,https://www.invitationhomes.com/houses-for-rent/22360-sonora-riv-trce-77357-115500,2026-08-02,2026-09-12,TX,New Caney,,,,,22360-sonora-riv-trce-77357-115500
2026-09-12,INVH,Dallas,"22377 Sonora River Trce, New Caney, TX, 77357",Dallas,INVH-22377-sonora-river-trce-77357-115540,3,2.0,1461,1649.0,2026-09-12,24 months,False,,,,,,,,https://www.invitationhomes.com/houses-for-rent/22377-sonora-river-trce-77357-115540,2026-05-24,2026-09-12,TX,New Caney,,,,,22377-sonora-river-trce-77357-115540
2026-09-12,INVH,Dallas,"22276 Stoney Ravine Dr, New Caney, TX, 77357",Dallas,INVH-22276-stoney-ravine-dr-77357-115530,3,2.0,1461,1649.0,2026-09-12,24 months,False,,,,,,,,https://www.invitationhomes.com/houses-for-rent/22276-stoney-ravine-dr-77357-115530,2026-07-19,2026-09-12,TX,New Caney,,,,,22276-stoney-ravine-dr-77357-115530
2026-09-12,INVH,Dallas,"22286 Stoney Ravine Dr, New Caney, TX, 77357",Dallas,INVH-22286-stoney-ravine-dr-77357-115532,4,2.0,1683,1865.0,2026-09-14,24 months,False,,,,,,,,https://www.invitationhomes.com/houses-for-rent/22286-stoney-ravine-dr-77357-115532,2026-08-16,2026-09-12,TX,New Caney,,,,,22286-stoney-ravine-dr-77357-115532
2026-09-12,INVH,Dallas,"18827 Wembley Vista Trl, New Caney, TX, 77357",Dallas,INVH-18827-wembley-vis-trl-77357-115492,3,2.0,1174,1585.0,2026-09-12,24 months,False,,,,,,,,https://www.invitationhomes.com/houses-for-rent/18827-wembley-vis-trl-77357-115492,2026-08-10,2026-09-12,TX,New Caney,,,,,18827-wembley-vis-trl-77357-115492
2026-09-12,INVH,Dallas,"18807 Wembley Vista Trl, New Caney, TX, 77357",Dallas,INVH-18807-wembley-vis-trl-77357-115487,4,2.5,2229,2125.0,2026-09-12,24 months,False,,,,,,,,https://www.invitationhomes.com/houses-for-rent/18807-wembley-vis-trl-77357-115487,2026-07-19,2026-09-12,TX,New Caney,,,,,18807-wembley-vis-trl-77357-115487
2026-09-12,INVH,Houston,"11688 Descent Dr, Conroe, TX, 77303",Houston,INVH-11688-descent-drive-77303-120717,4,2.0,1427,1649.0,2026-09-12,24 months,False,,,,,,,,https://www.invitationhomes.com/houses-for-rent/11688-descent-drive-77303-120717,2026-07-19,2026-09-12,TX,Conroe,,,,,11688-descent-drive-77303-120717
2026-09-12,INVH,Houston,"11011 Inflow Dr, Conroe, TX, 77303",Houston,INVH-11011-inflow-drive-77303-120600,4,2.0,1427,1699.0,2026-09-12,24 months,False,,,,,,,,https://www.invitationhomes.com/houses-for-rent/11011-inflow-drive-77303-120600,2026-08-02,2026-09-12,TX,Conroe,,,,,11011-inflow-drive-77303-120600
2026-09-12,INVH,Houston,"10799 Sunlit St, Conroe, TX, 77303",Houston,INVH-10799-sunlit-street-77303-122196,4,3.0,1997,1885.0,2026-10-26,24 months,False,,,,,,,,https://www.invitationhomes.com/houses-for-rent/10799-sunlit-street-77303-122196,2026-09-12,2026-09-12,TX,Conroe,,,,,10799-sunlit-street-77303-122196
2026-09-12,INVH,Houston,"16488 Blossom Grove Dr, Conroe, TX, 77303",Houston,INVH-16488-blossom-grove-dr-77301-121594,4,2.5,1891,1945.0,2026-09-12,23 months,False,,,,,,,,https://www.invitationhomes.com/houses-for-rent/16488-blossom-grove-dr-77301-121594,2026-06-09,2026-09-12,TX,Conroe,,,,,16488-blossom-grove-dr-77301-121594
2026-09-12,INVH,Houston,"16465 Blossom Grove Dr, Conroe, TX, 77303",Houston,INVH-16465-blossom-grove-dr-77301-121257,4,2.0,1707,1799.0,2026-09-12,23 months,False,,,,,,,,https://www.invitationhomes.com/houses-for-rent/16465-blossom-grove-dr-77301-121257,2026-08-16,2026-09-12,TX,Conroe,,,,,16465-blossom-grove-dr-77301-121257
2026-09-12,INVH,Phoenix,"3736 W Ghost Flower Ct, Phoenix, AZ, 85086",Phoenix,INVH-3736-w-ghost-flower-ct-85086-9461,3,2.0,1638,2245.0,2026-10-26,19 months,False,,,,,,,,https://www.invitationhomes.com/houses-for-rent/3736-w-ghost-flower-ct-85086-9461,2026-08-10,2026-09-12,AZ,Phoenix,,,,,3736-w-ghost-flower-ct-85086-9461
2026-09-12,INVH,Phoenix,"3645 W Jacksonville Dr, Phoenix, AZ, 85086",Phoenix,INVH-3645-w-jacksonville-dr-85086-9075,4,2.5,2567,2295.0,2026-09-12,19 months,False,,,,,,,,https://www.invitationhomes.com/houses-for-rent/3645-w-jacksonville-dr-85086-9075,2026-07-19,2026-09-12,AZ,Phoenix,,,,,3645-w-jacksonville-dr-85086-9075
2026-09-12,INVH,Denver,"517 Turf Trail Pl, Fountain, CO, 80817",Denver,INVH-517-turf-trail-pl-80817-88155,3,2.0,1542,2320.0,2026-09-12,19 months,False,,,,,,,,https://www.invitationhomes.com/houses-for-rent/517-turf-trail-pl-80817-88155,2026-09-09,2026-09-12,CO,Fountain,,,,,517-turf-trail-pl-80817-88155
2026-09-12,INVH,Denver,"1351 Oswego St, Colorado Springs, CO, 80904",Denver,INVH-1351-oswego-st-80904-3590,4,2.0,1800,2545.0,2026-10-08,19 months,False,,,,,,,,https://www.invitationhomes.com/houses-for-rent/1351-oswego-st-80904-3590,2026-07-19,2026-09-12,CO,Colorado Springs,,,,,1351-oswego-st-80904-3590
2026-09-12,INVH,Denver,"7980 Dakota Ridge Pl, Colorado Springs, CO, 80920",Denver,INVH-7980-dakota-ridge-pl-80920-88997,4,3.0,1991,2595.0,2026-10-13,19 months,False,,,,,,,,https://www.invitationhomes.com/houses-for-rent/7980-dakota-ridge-pl-80920-88997,2026-09-03,2026-09-12,CO,Colorado Springs,,,,,7980-dakota-ridge-pl-80920-88997
2026-09-12,INVH,Denver,"524 Fox Run Cir, Colorado Springs, CO, 80921",Denver,INVH-524-fox-run-cir-80921-7493,4,3.5,2794,2545.0,2026-09-12,19 months,False,,,,,,,,https://www.invitationhomes.com/houses-for-rent/524-fox-run-cir-80921-7493,2026-08-16,2026-09-12,CO,Colorado Springs,,,,,524-fox-run-cir-80921-7493
2026-09-12,INVH,Denver,"7395 Middle Bay Way, Fountain, CO, 80817",Denver,INVH-7395-middle-bay-way-80817-7666,3,2.5,2123,2125.0,2026-09-12,19 months,False,,,,,,,,https://www.invitationhomes.com/houses-for-rent/7395-middle-bay-way-80817-7666,2026-08-02,2026-09-12,CO,Fountain,,,,,7395-middle-bay-way-80817-7666
2026-09-12,INVH,Denver,"7403 Middle Bay Way, Fountain, CO, 80817",Denver,INVH-7403-middle-bay-way-80817-7960,3,2.0,1696,2380.0,2026-09-12,19 months,False,,,,,,,,https://www.invitationhomes.com/houses-for-rent/7403-middle-bay-way-80817-7960,2026-07-19,2026-09-12,CO,Fountain,,,,,7403-middle-bay-way-80817-7960
2026-09-12,INVH,Denver,"616 Rye Ridge Rd, Fountain, CO, 80817",Denver,INVH-616-rye-ridge-rd-80817-8287,3,2.0,1548,2310.0,2026-09-14,19 months,False,,,,,,,,https://www.invitationhomes.com/houses-for-rent/616-rye-ridge-rd-80817-8287,2026-08-10,2026-09-12,CO,Fountain,,,,,616-rye-ridge-rd-80817-8287
2026-09-12,INVH,Denver,"6997 Ancestra Dr, Fountain, CO, 80817",Denver,INVH-6997-ancestra-dr-80817-5947,4,2.5,2787,2390.0,2026-09-12,19 months,False,,,,,,,,https://www.invitationhomes.com/houses-for-rent/6997-ancestra-dr-80817-5947,2026-07-19,2026-09-12,CO,Fountain,,,,,6997-ancestra-dr-80817-5947
2026-09-12,INVH,Denver,"77 Landoe Ln, Colorado Springs, CO, 80911",Denver,INVH-77-landoe-ln-80911-2064,5,3.0,2108,2445.0,2026-09-17,16 months,False,,,,,,,,https://www.invitationhomes.com/houses-for-rent/77-landoe-ln-80911-2064,2026-09-12,2026-09-12,CO,Colorado Springs,,,,,77-landoe-ln-80911-2064
2026-09-12,INVH,Denver,"7595 Deer Trl, Colorado Springs, CO, 80911",Denver,INVH-7595-deer-trl-80911-90109,5,2.0,1824,2285.0,2026-09-14,19 months,False,,,,,,,,https://www.invitationhomes.com/houses-for-rent/7595-deer-trl-80911-90109,2026-08-02,2026-09-12,CO,Colorado Springs,,,,,7595-deer-trl-80911-90109
2026-09-12,INVH,Denver,"10737 Darneal Dr, Fountain, CO, 80817",Denver,INVH-10737-darneal-dr-80817-6744,3,2.0,2646,2630.0,2026-10-12,19 months,False,,,,,,,,https://www.invitationhomes.com/houses-for-rent/10737-darneal-dr-80817-6744,2026-04-04,2026-09-12,CO,Fountain,,,,,10737-darneal-dr-80817-6744
2026-09-12,INVH,Denver,"10722 Yuba Dr, Colorado Springs, CO, 80925",Denver,INVH-10722-yuba-dr-80925-89043,4,2.5,1994,2460.0,2026-09-12,24 months,False,,,,,,,,https://www.invitationhomes.com/houses-for-rent/10722-yuba-dr-80925-89043,2026-06-09,2026-09-12,CO,Colorado Springs,,,,,10722-yuba-dr-80925-89043
2026-09-12,INVH,Denver,"10864 Nolin Dr, Colorado Springs, CO, 80925",Denver,INVH-10864-nolin-dr-80925-89102,4,2.5,1918,2575.0,2026-09-14,24 months,False,,,,,,,,https://www.invitationhomes.com/houses-for-rent/10864-nolin-dr-80925-89102,2026-05-17,2026-09-12,CO,Colorado Springs,,,,,10864-nolin-dr-80925-89102
2026-09-12,INVH,Denver,"8334 Syrabi Pl, Colorado Springs, CO, 80925",Denver,INVH-8334-syrabi-pl-80925-89805,5,3.0,2326,2649.0,2026-09-26,21 months,False,,,,,,,,https://www.invitationhomes.com/houses-for-rent/8334-syrabi-pl-80925-89805,2026-08-23,2026-09-12,CO,Colorado Springs,,,,,8334-syrabi-pl-80925-89805
2026-09-12,INVH,Denver,"10003 Seawolf Dr, Colorado Springs, CO, 80925",Denver,INVH-10003-seawolf-dr-80925-88754,3,2.0,1473,2335.0,2026-09-15,24 months,False,,,,,,,,https://www.invitationhomes.com/houses-for-rent/10003-seawolf-dr-80925-88754,2026-09-12,2026-09-12,CO,Colorado Springs,,,,,10003-seawolf-dr-80925-88754
2026-09-12,INVH,Denver,"10394 Silver Stirrup Dr, Colorado Springs, CO, 80925",Denver,INVH-10394-silver-stirrup-dr-80925-87237,4,3.0,1990,2649.0,2026-09-27,16 months,False,,,,,,,,https://www.invitationhomes.com/houses-for-rent/10394-silver-stirrup-dr-80925-87237,2026-09-12,2026-09-12,CO,Colorado Springs,,,,,10394-silver-stirrup-dr-80925-87237
2026-09-12,INVH,Denver,"6953 Winnicut Dr, Colorado Springs, CO, 80925",Denver,INVH-6953-winnicut-dr-80925-87847,4,3.0,1748,2425.0,2026-10-16,24 months,False,,,,,,,,https://www.invitationhomes.com/houses-for-rent/6953-winnicut-dr-80925-87847,2026-09-03,2026-09-12,CO,Colorado Springs,,,,,6953-winnicut-dr-80925-87847
2026-09-12,INVH,Denver,"6128 Cast Iron Dr, Colorado Springs, CO, 80925",Denver,INVH-6128-cast-iron-dr-80925-88163,4,2.5,1748,2415.0,2026-09-12,24 months,False,,,,,,,,https://www.invitationhomes.com/houses-for-rent/6128-cast-iron-dr-80925-88163,2026-08-02,2026-09-12,CO,Colorado Springs,,,,,6128-cast-iron-dr-80925-88163
2026-09-12,INVH,Denver,"6158 Meadowbank Ln, Colorado Springs, CO, 80925",Denver,INVH-6158-meadowbank-ln-80925-87246,3,2.0,1471,2335.0,2026-10-14,24 months,False,,,,,,,,https://www.invitationhomes.com/houses-for-rent/6158-meadowbank-ln-80925-87246,2026-09-03,2026-09-12,CO,Colorado Springs,,,,,6158-meadowbank-ln-80925-87246
2026-09-12,INVH,Denver,"11771 Mission Peak Place, Colorado Springs, CO, 80925",Denver,INVH-11771-mission-peak-place-80925-123887,3,2.5,1755,2349.0,2026-09-16,24 months,False,,,,,,,,https://www.invitationhomes.com/houses-for-rent/11771-mission-peak-place-80925-123887,2026-08-16,2026-09-12,CO,Colorado Springs,,,,,11771-mission-peak-place-80925-123887
2026-09-12,INVH,Denver,"11147 House Finch Ln, Colorado Springs, CO, 80925",Denver,INVH-11147-house-finch-ln-80925-120818,3,2.5,1916,2325.0,2026-09-12,24 months,False,,,,,,,,https://www.invitationhomes.com/houses-for-rent/11147-house-finch-ln-80925-120818,2026-05-03,2026-09-12,CO,Colorado Springs,,,,,11147-house-finch-ln-80925-120818
2026-09-12,INVH,Denver,"6278 Bobolink Trl, Colorado Springs, CO, 80925",Denver,INVH-6278-bobolink-trl-80925-120915,3,2.5,1898,2400.0,2026-10-11,24 months,False,,,,,,,,https://www.invitationhomes.com/houses-for-rent/6278-bobolink-trl-80925-120915,2026-04-04,2026-09-12,CO,Colorado Springs,,,,,6278-bobolink-trl-80925-120915
2026-09-12,INVH,Denver,"11256 House Finch Ln, Colorado Springs, CO, 80925",Denver,INVH-11256-house-finch-ln-80925-120844,3,2.0,1804,2425.0,2026-10-12,24 months,False,,,,,,,,https://www.invitationhomes.com/houses-for-rent/11256-house-finch-ln-80925-120844,2026-09-03,2026-09-12,CO,Colorado Springs,,,,,11256-house-finch-ln-80925-120844
2026-09-12,INVH,Denver,"11286 House Finch Ln, Colorado Springs, CO, 80925",Denver,INVH-11286-house-finch-ln-80925-120851,3,2.5,1898,2340.0,2026-09-12,24 months,False,,,,,,,,https://www.invitationhomes.com/houses-for-rent/11286-house-finch-ln-80925-120851,2026-06-09,2026-09-12,CO,Colorado Springs,,,,,11286-house-finch-ln-80925-120851
2026-09-12,INVH,Denver,"11203 Bufflehead Ln, Colorado Springs, CO, 80925",Denver,INVH-11203-bufflehead-ln-80925-120830,3,2.5,1958,2249.0,2026-09-12,24 months,False,,,,,,,,https://www.invitationhomes.com/houses-for-rent/11203-bufflehead-ln-80925-120830,2026-06-09,2026-09-12,CO,Colorado Springs,,,,,11203-bufflehead-ln-80925-120830
2026-09-12,INVH,Denver,"6255 Yellowthroat Ter, Colorado Springs, CO, 80925",Denver,INVH-6255-yellowthroat-ter-80925-120909,3,2.5,1898,2399.0,2026-10-06,24 months,False,,,,,,,,https://www.invitationhomes.com/houses-for-rent/6255-yellowthroat-ter-80925-120909,2026-08-23,2026-09-12,CO,Colorado Springs,,,,,6255-yellowthroat-ter-80925-120909
2026-09-12,INVH,Denver,"6190 Bobolink Trl, Colorado Springs, CO, 80925",Denver,INVH-6190-bobolink-trl-80925-120888,3,2.5,1898,2340.0,2026-09-12,24 months,False,,,,,,,,https://www.invitationhomes.com/houses-for-rent/6190-bobolink-trl-80925-120888,2026-07-19,2026-09-12,CO,Colorado Springs,,,,,6190-bobolink-trl-80925-120888
2026-09-12,INVH,Denver,"11457 Whistling Duck Wy, Colorado Springs, CO, 80925",Denver,INVH-11457-whistling-duck-wy-80925-120862,3,2.5,1804,2399.0,2026-09-12,24 months,False,,,,,,,,https://www.invitationhomes.com/houses-for-rent/11457-whistling-duck-wy-80925-120862,2026-08-02,2026-09-12,CO,Colorado Springs,,,,,11457-whistling-duck-wy-80925-120862
2026-09-12,INVH,Denver,"11441 Whistling Duck Wy, Colorado Springs, CO, 80925",Denver,INVH-11441-whistling-duck-wy-80925-120860,3,2.5,1916,2385.0,2026-09-12,24 months,False,,,,,,,,https://www.invitationhomes.com/houses-for-rent/11441-whistling-duck-wy-80925-120860,2026-08-10,2026-09-12,CO,Colorado Springs,,,,,11441-whistling-duck-wy-80925-120860
2026-09-12,INVH,Denver,"6236 Big Bird Dr, Colorado Springs, CO, 80925",Denver,INVH-6236-big-bird-dr-80925-120901,3,2.5,1804,2315.0,2026-09-12,24 months,False,,,,,,,,https://www.invitationhomes.com/houses-for-rent/6236-big-bird-dr-80925-120901,2026-08-10,2026-09-12,CO,Colorado Springs,,,,,6236-big-bird-dr-80925-120901
2026-09-12,INVH,Denver,"2410 Payne Cir W, Colorado Springs, CO, 80916",Denver,INVH-2410-payne-cir-w-80916-2929,3,2.0,1603,2295.0,2026-09-15,19 months,False,,,,,,,,https://www.invitationhomes.com/houses-for-rent/2410-payne-cir-w-80916-2929,2026-08-10,2026-09-12,CO,Colorado Springs,,,,,2410-payne-cir-w-80916-2929
2026-09-12,INVH,Denver,"4875 Gami Way, Colorado Springs, CO, 80911",Denver,INVH-4875-gami-way-80911-4188,3,2.5,2240,2510.0,2026-09-12,19 months,False,,,,,,,,https://www.invitationhomes.com/houses-for-rent/4875-gami-way-80911-4188,2026-08-02,2026-09-12,CO,Colorado Springs,,,,,4875-gami-way-80911-4188
2026-09-12,INVH,Denver,"4915 San Amels Way, Colorado Springs, CO, 80911",Denver,INVH-4915-san-amels-way-80911-88640,3,3.0,1567,2480.0,2026-09-14,19 months,False,,,,,,,,https://www.invitationhomes.com/houses-for-rent/4915-san-amels-way-80911-88640,2026-09-09,2026-09-12,CO,Colorado Springs,,,,,4915-san-amels-way-80911-88640
2026-09-12,INVH,Denver,"4727 Keith Cir, Colorado Springs, CO, 80916",Denver,INVH-4727-keith-cir-80916-3858,3,1.5,1202,1990.0,2026-10-15,19 months,False,,,,,,,,https://www.invitationhomes.com/houses-for-rent/4727-keith-cir-80916-3858,2026-09-03,2026-09-12,CO,Colorado Springs,,,,,4727-keith-cir-80916-3858
2026-09-12,INVH,Denver,"3614 Saguaro Cir, Colorado Springs, CO, 80925",Denver,INVH-3614-saguaro-cir-80925-90374,3,2.5,2266,2349.0,2026-09-12,21 months,False,,,,,,,,https://www.invitationhomes.com/houses-for-rent/3614-saguaro-cir-80925-90374,2026-07-19,2026-09-12,CO,Colorado Springs,,,,,3614-saguaro-cir-80925-90374
2026-09-12,INVH,Denver,"3249 Inspiration Dr, Colorado Springs, CO, 80917",Denver,INVH-3249-inspiration-dr-80917-5130,6,2.0,1778,2195.0,2026-09-25,12 months,False,,,,,,,,https://www.invitationhomes.com/houses-for-rent/3249-inspiration-dr-80917-5130,2026-09-12,2026-09-12,CO,Colorado Springs,,,,,3249-inspiration-dr-80917-5130
2026-09-12,INVH,Denver,"2970 Harrisburg Way, Colorado Springs, CO, 80922",Denver,INVH-2970-harrisburg-way-80922-87162,4,4.0,2626,2715.0,2026-09-12,19 months,False,,,,,,,,https://www.invitationhomes.com/houses-for-rent/2970-harrisburg-way-80922-87162,2026-08-02,2026-09-12,CO,Colorado Springs,,,,,2970-harrisburg-way-80922-87162
2026-09-12,INVH,Denver,"5814 Santana Dr, Colorado Springs, CO, 80923",Denver,INVH-5814-santana-dr-80923-86527,4,3.0,2133,2549.0,2026-10-17,21 months,False,,,,,,,,https://www.invitationhomes.com/houses-for-rent/5814-santana-dr-80923-86527,2026-09-03,2026-09-12,CO,Colorado Springs,,,,,5814-santana-dr-80923-86527
2026-09-12,INVH,Denver,"6010 Grapevine Dr, Colorado Springs, CO, 80923",Denver,INVH-6010-grapevine-dr-80923-89670,4,3.0,2021,2549.0,2026-09-12,22 months,False,,,,,,,,https://www.invitationhomes.com/houses-for-rent/6010-grapevine-dr-80923-89670,2026-07-19,2026-09-12,CO,Colorado Springs,,,,,6010-grapevine-dr-80923-89670
2026-09-12,INVH,Denver,"6025 Fossil Dr, Colorado Springs, CO, 80923",Denver,INVH-6025-fossil-dr-80923-87028,4,3.0,2027,2549.0,2026-09-12,21 months,False,,,,,,,,https://www.invitationhomes.com/houses-for-rent/6025-fossil-dr-80923-87028,2026-08-02,2026-09-12,CO,Colorado Springs,,,,,6025-fossil-dr-80923-87028
2026-09-12,INVH,Denver,"5798 Charlotte Pkwy, Colorado Springs, CO, 80923",Denver,INVH-5798-charlotte-pkwy-80923-7185,4,2.5,2135,2549.0,2026-09-12,21 months,False,,,,,,,,https://www.invitationhomes.com/houses-for-rent/5798-charlotte-pkwy-80923-7185,2026-08-23,2026-09-12,CO,Colorado Springs,,,,,5798-charlotte-pkwy-80923-7185
2026-09-12,INVH,Denver,"6139 Miramont St, Colorado Springs, CO, 80923",Denver,INVH-6139-miramont-st-80923-6939,3,2.5,1701,2445.0,2026-09-12,19 months,False,,,,,,,,https://www.invitationhomes.com/houses-for-rent/6139-miramont-st-80923-6939,2026-04-20,2026-09-12,CO,Colorado Springs,,,,,6139-miramont-st-80923-6939
2026-09-12,INVH,Denver,"6594 Harvey Ln, Colorado Springs, CO, 80923",Denver,INVH-6594-harvey-ln-80923-6209,4,3.5,2215,2535.0,2026-09-14,19 months,False,,,,,,,,https://www.invitationhomes.com/houses-for-rent/6594-harvey-ln-80923-6209,2026-08-02,2026-09-12,CO,Colorado Springs,,,,,6594-harvey-ln-80923-6209
2026-09-12,INVH,Denver,"9231 Oro City Lp, Colorado Springs, CO, 80927",Denver,INVH-9231-oro-city-loop-80938-124547,4,2.0,1587,2199.0,2026-09-12,23 months,False,,,,,,,,https://www.invitationhomes.com/houses-for-rent/9231-oro-city-loop-80938-124547,2026-04-20,2026-09-12,CO,Colorado Springs,,,,,9231-oro-city-loop-80938-124547
2026-09-12,INVH,Denver,"5655 Bowerman Ln, Colorado Springs, CO, 80927",Denver,INVH-5655-bowerman-ln-80927-124910,3,3.0,1944,2599.0,2026-09-12,21 months,False,,,,,,,,https://www.invitationhomes.com/houses-for-rent/5655-bowerman-ln-80927-124910,2026-09-03,2026-09-12,CO,Colorado Springs,,,,,5655-bowerman-ln-80927-124910
2026-09-12,INVH,Denver,"5659 Bowerman Ln, Colorado Springs, CO, 80927",Denver,INVH-5659-bowerman-ln-80927-124911,4,3.0,1944,2599.0,2026-09-12,21 months,False,,,,,,,,https://www.invitationhomes.com/houses-for-rent/5659-bowerman-ln-80927-124911,2026-09-03,2026-09-12,CO,Colorado Springs,,,,,5659-bowerman-ln-80927-124911
2026-09-12,INVH,Denver,"9287 Oro City Loop, Colorado Springs, CO, 80927",Denver,INVH-9287-oro-city-loop-80938-124638,4,2.0,1587,2299.0,2026-09-12,22 months,False,,,,,,,,https://www.invitationhomes.com/houses-for-rent/9287-oro-city-loop-80938-124638,2026-05-17,2026-09-12,CO,Colorado Springs,,,,,9287-oro-city-loop-80938-124638
2026-09-12,INVH,Denver,"5873 Uptop Point, Colorado Springs, CO, 80927",Denver,INVH-5873-uptop-point-80927-124828,3,2.5,1448,2370.0,2026-09-12,19 months,False,,,,,,,,https://www.invitationhomes.com/houses-for-rent/5873-uptop-point-80927-124828,2026-08-16,2026-09-12,CO,Colorado Springs,,,,,5873-uptop-point-80927-124828
2026-09-12,INVH,Denver,"5867 Uptop Point, Colorado Springs, CO, 80927",Denver,INVH-5867-uptop-point-80927-124825,3,2.5,1448,2370.0,2026-09-12,19 months,False,,,,,,,,https://www.invitationhomes.com/houses-for-rent/5867-uptop-point-80927-124825,2026-08-10,2026-09-12,CO,Colorado Springs,,,,,5867-uptop-point-80927-124825
2026-09-12,INVH,Denver,"9350 Oro City Loop, Colorado Springs, CO, 80927",Denver,INVH-9350-oro-city-loop-80927-124904,3,2.5,1311,2145.0,2026-09-12,19 months,False,,,,,,,,https://www.invitationhomes.com/houses-for-rent/9350-oro-city-loop-80927-124904,2026-09-03,2026-09-12,CO,Colorado Springs,,,,,9350-oro-city-loop-80927-124904
2026-09-12,INVH,Denver,"9354 Oro City Loop, Colorado Springs, CO, 80927",Denver,INVH-9354-oro-city-loop-80927-124907,4,3.0,1643,2499.0,2026-09-12,21 months,False,,,,,,,,https://www.invitationhomes.com/houses-for-rent/9354-oro-city-loop-80927-124907,2026-09-03,2026-09-12,CO,Colorado Springs,,,,,9354-oro-city-loop-80927-124907
2026-09-12,INVH,Denver,"9358 Oro City Loop, Colorado Springs, CO, 80927",Denver,INVH-9358-oro-city-loop-80927-124906,4,3.0,1643,2499.0,2026-09-12,21 months,False,,,,,,,,https://www.invitationhomes.com/houses-for-rent/9358-oro-city-loop-80927-124906,2026-09-03,2026-09-12,CO,Colorado Springs,,,,,9358-oro-city-loop-80927-124906
2026-09-12,INVH,Denver,"9401 Oro City Loop, Colorado Springs, CO, 80927",Denver,INVH-9401-oro-city-loop-80927-124909,3,2.5,1448,2399.0,2026-09-12,21 months,False,,,,,,,,https://www.invitationhomes.com/houses-for-rent/9401-oro-city-loop-80927-124909,2026-09-03,2026-09-12,CO,Colorado Springs,,,,,9401-oro-city-loop-80927-124909
2026-09-12,INVH,Denver,"9387 Oro City Loop, Colorado Springs, CO, 80927",Denver,INVH-9387-oro-city-loop-80927-124908,4,2.5,1587,2445.0,2026-09-12,19 months,False,,,,,,,,https://www.invitationhomes.com/houses-for-rent/9387-oro-city-loop-80927-124908,2026-09-03,2026-09-12,CO,Colorado Springs,,,,,9387-oro-city-loop-80927-124908
2026-09-12,INVH,Denver,"7740 Lindsey Dr, Colorado Springs, CO, 80920",Denver,INVH-7740-lindsey-dr-80920-87387,4,3.0,1790,2485.0,2026-09-12,19 months,False,,,,,,,,https://www.invitationhomes.com/houses-for-rent/7740-lindsey-dr-80920-87387,2026-08-02,2026-09-12,CO,Colorado Springs,,,,,7740-lindsey-dr-80920-87387
2026-09-12,INVH,Southern California,"810 Trinidad Way, Oxnard, CA, 93033",Southern California,INVH-810-trinidad-way-oxnard-ca-93033,4,2.0,1513,4095.0,2026-09-12,12 months,False,,,,,,,,https://www.invitationhomes.com/houses-for-rent/810-trinidad-way-oxnard-ca-93033,2026-07-19,2026-09-12,CA,Oxnard,,,,,810-trinidad-way-oxnard-ca-93033
2026-09-12,INVH,Southern California,"2403 W 129th St, Gardena, CA, 90249",Southern California,INVH-2403-w-129th-st-90249-2964,3,2.0,2051,4590.0,2026-09-12,12 months,False,,,,,,,,https://www.invitationhomes.com/houses-for-rent/2403-w-129th-st-90249-2964,2026-08-02,2026-09-12,CA,Gardena,,,,,2403-w-129th-st-90249-2964
2026-09-12,INVH,Southern California,"3524 Baltic Ave, Long Beach, CA, 90810",Southern California,INVH-3524-baltic-ave-long-beach-ca-90810,3,2.0,1585,4175.0,2026-09-15,12 months,False,,,,,,,,https://www.invitationhomes.com/houses-for-rent/3524-baltic-ave-long-beach-ca-90810,2026-09-03,2026-09-12,CA,Long Beach,,,,,3524-baltic-ave-long-beach-ca-90810
2026-09-12,INVH,Southern California,"1221 E Roosevelt Rd, Long Beach, CA, 90807",Southern California,INVH-1221-e-roosevelt-rd-90807-2536,3,2.0,1712,4420.0,2026-09-17,12 months,False,,,,,,,,https://www.invitationhomes.com/houses-for-rent/1221-e-roosevelt-rd-90807-2536,2026-09-12,2026-09-12,CA,Long Beach,,,,,1221-e-roosevelt-rd-90807-2536
2026-09-12,INVH,Southern California,"173 W Plymouth St, Long Beach, CA, 90805",Southern California,INVH-173-w-plymouth-st-90805-4403,3,2.0,1292,3570.0,2026-10-11,12 months,False,,,,,,,,https://www.invitationhomes.com/houses-for-rent/173-w-plymouth-st-90805-4403,2026-09-12,2026-09-12,CA,Long Beach,,,,,173-w-plymouth-st-90805-4403
2026-09-12,INVH,Southern California,"10307 Doty Ave, Inglewood, CA, 90303",Southern California,INVH-10307-doty-ave-90303-8749,2,1.5,1102,3365.0,2026-09-29,12 months,False,,,,,,,,https://www.invitationhomes.com/houses-for-rent/10307-doty-ave-90303-8749,2026-08-16,2026-09-12,CA,Inglewood,,,,,10307-doty-ave-90303-8749
2026-09-12,INVH,Southern California,"1958 W 22nd St, Los Angeles, CA, 90018",Southern California,INVH-1958-w-22nd-st-los-angeles-ca-90018,3,2.0,1800,4085.0,2026-09-15,12 months,False,,,,,,,,https://www.invitationhomes.com/houses-for-rent/1958-w-22nd-st-los-angeles-ca-90018,2026-09-03,2026-09-12,CA,Los Angeles,,,,,1958-w-22nd-st-los-angeles-ca-90018
2026-09-12,INVH,Southern California,"9645 Karmont Ave, South Gate, CA, 90280",Southern California,INVH-9645-karmont-ave-south-gate-ca-90280,3,2.5,1334,3565.0,2026-09-12,24 months,False,,,,,,,,https://www.invitationhomes.com/houses-for-rent/9645-karmont-ave-south-gate-ca-90280,2026-09-03,2026-09-12,CA,South Gate,,,,,9645-karmont-ave-south-gate-ca-90280
2026-09-12,INVH,Southern California,"6828 Nevada Ave, Canoga Park, CA, 91303",Southern California,INVH-6828-nevada-ave-91303-4591,4,2.0,1518,3845.0,2026-09-12,12 months,False,,,,,,,,https://www.invitationhomes.com/houses-for-rent/6828-nevada-ave-91303-4591,2026-09-03,2026-09-12,CA,Canoga Park,,,,,6828-nevada-ave-91303-4591
2026-09-12,INVH,Southern California,"8465 Vassar Ave, Canoga Park, CA, 91304",Southern California,INVH-8465-vassar-ave-91304-6642,3,2.0,1313,3685.0,2026-10-11,24 months,False,,,,,,,,https://www.invitationhomes.com/houses-for-rent/8465-vassar-ave-91304-6642,2026-09-12,2026-09-12,CA,Canoga Park,,,,,8465-vassar-ave-91304-6642
2026-09-12,INVH,Southern California,"6839 Melvin Ave, Reseda, CA, 91335",Southern California,INVH-6839-melvin-ave-reseda-ca-91335,3,2.5,1504,3999.0,2026-10-02,24 months,False,,,,,,,,https://www.invitationhomes.com/houses-for-rent/6839-melvin-ave-reseda-ca-91335,2026-09-03,2026-09-12,CA,Reseda,,,,,6839-melvin-ave-reseda-ca-91335
2026-09-12,INVH,Southern California,"18931 Ingomar St, Reseda, CA, 91335",Southern California,INVH-18931-ingomar-st-91335-7531,4,3.0,2004,4630.0,2026-09-15,12 months,False,,,,,,,,https://www.invitationhomes.com/houses-for-rent/18931-ingomar-st-91335-7531,2026-09-03,2026-09-12,CA,Reseda,,,,,18931-ingomar-st-91335-7531
2026-09-12,INVH,Southern California,"17552 Cantara St, Northridge, CA, 91325",Southern California,INVH-17552-cantara-st-91325-6304,3,2.0,1498,4160.0,2026-09-12,12 months,False,,,,,,,,https://www.invitationhomes.com/houses-for-rent/17552-cantara-st-91325-6304,2026-09-03,2026-09-12,CA,Northridge,,,,,17552-cantara-st-91325-6304
2026-09-12,INVH,Southern California,"10147 Aldea Ave, Northridge, CA, 91325",Southern California,INVH-10147-aldea-ave-91325-2079,4,3.0,2198,4815.0,2026-09-12,12 months,False,,,,,,,,https://www.invitationhomes.com/houses-for-rent/10147-aldea-ave-91325-2079,2026-09-03,2026-09-12,CA,Northridge,,,,,10147-aldea-ave-91325-2079
2026-09-12,INVH,Southern California,"9700 Odessa Ave, North Hills, CA, 91343",Southern California,INVH-9700-odessa-ave-north-hills-ca-91343,3,2.0,1191,3795.0,2026-09-12,12 months,False,,,,,,,,https://www.invitationhomes.com/houses-for-rent/9700-odessa-ave-north-hills-ca-91343,2026-08-23,2026-09-12,CA,North Hills,,,,,9700-odessa-ave-north-hills-ca-91343
2026-09-12,INVH,Southern California,"23251 Redbud Ridge Cir, Valencia, CA, 91354",Southern California,INVH-23251-redbud-ridge-cir-valencia-ca-91354,5,3.0,2141,4270.0,2026-09-12,12 months,False,,,,,,,,https://www.invitationhomes.com/houses-for-rent/23251-redbud-ridge-cir-valencia-ca-91354,2026-09-03,2026-09-12,CA,Valencia,,,,,23251-redbud-ridge-cir-valencia-ca-91354
2026-09-12,INVH,Southern California,"20932 Shine Dr, Saugus, CA, 91350",Southern California,INVH-20932-shine-dr-saugus-ca-91350,3,2.0,1527,3875.0,2026-10-05,12 months,False,,,,,,,,https://www.invitationhomes.com/houses-for-rent/20932-shine-dr-saugus-ca-91350,2026-09-06,2026-09-12,CA,Saugus,,,,,20932-shine-dr-saugus-ca-91350
2026-09-12,INVH,Southern California,"28016 Linda Ln, Saugus, CA, 91350",Southern California,INVH-28016-linda-ln-saugus-ca-91350,5,3.0,3045,5199.0,2026-09-17,24 months,False,,,,,,,,https://www.invitationhomes.com/houses-for-rent/28016-linda-ln-saugus-ca-91350,2026-09-03,2026-09-12,CA,Saugus,,,,,28016-linda-ln-saugus-ca-91350
2026-09-12,INVH,Southern California,"7652 Goodland Ave, North Hollywood, CA, 91605",Southern California,INVH-7652-goodland-ave-91605-2796,3,3.0,1911,4565.0,2026-09-24,12 months,False,,,,,,,,https://www.invitationhomes.com/houses-for-rent/7652-goodland-ave-91605-2796,2026-09-03,2026-09-12,CA,North Hollywood,,,,,7652-goodland-ave-91605-2796
2026-09-12,INVH,Southern California,"7715 Bluebell Ave, North Hollywood, CA, 91605",Southern California,INVH-7715-bluebell-ave-91605-7996,3,2.0,1509,4090.0,2026-09-16,12 months,False,,,,,,,,https://www.invitationhomes.com/houses-for-rent/7715-bluebell-ave-91605-7996,2026-08-16,2026-09-12,CA,North Hollywood,,,,,7715-bluebell-ave-91605-7996
2026-09-12,INVH,Southern California,"13425 Ebell St, Van Nuys, CA, 91402",Southern California,INVH-13425-ebell-st-van-nuys-ca-91402,3,2.0,1922,4935.0,2026-09-12,12 months,False,,,,,,,,https://www.invitationhomes.com/houses-for-rent/13425-ebell-st-van-nuys-ca-91402,2026-08-16,2026-09-12,CA,Van Nuys,,,,,13425-ebell-st-van-nuys-ca-91402
2026-09-12,INVH,Southern California,"7800 Radford Ave, North Hollywood, CA, 91605",Southern California,INVH-7800-radford-ave-91605-1431,4,2.0,2260,4110.0,2026-09-12,12 months,False,,,,,,,,https://www.invitationhomes.com/houses-for-rent/7800-radford-ave-91605-1431,2026-09-03,2026-09-12,CA,North Hollywood,,,,,7800-radford-ave-91605-1431
2026-09-12,INVH,Southern California,"14249 Hoyt St, Arleta, CA, 91331",Southern California,INVH-14249-hoyt-st-91331-5832,3,2.0,1219,3595.0,2026-09-12,12 months,False,,,,,,,,https://www.invitationhomes.com/houses-for-rent/14249-hoyt-st-91331-5832,2026-07-19,2026-09-12,CA,Arleta,,,,,14249-hoyt-st-91331-5832
2026-09-12,INVH,Southern California,"15309 Kingsbury St, Mission Hills, CA, 91345",Southern California,INVH-15309-kingsbury-st-mission-hills-ca-91345,3,2.0,1750,4460.0,2026-10-10,12 months,False,,,,,,,,https://www.invitationhomes.com/houses-for-rent/15309-kingsbury-st-mission-hills-ca-91345,2026-09-12,2026-09-12,CA,Mission Hills,,,,,15309-kingsbury-st-mission-hills-ca-91345
2026-09-12,INVH,Southern California,"814 N Alexander St, San Fernando, CA, 91340",Southern California,INVH-814-n-alexander-st-91340-3869,4,3.0,1755,4295.0,2026-09-12,12 months,False,,,,,,,,https://www.invitationhomes.com/houses-for-rent/814-n-alexander-st-91340-3869,2026-08-23,2026-09-12,CA,San Fernando,,,,,814-n-alexander-st-91340-3869
2026-09-12,INVH,Southern California,"13515 Raven St, Sylmar, CA, 91342",Southern California,INVH-13515-raven-st-sylmar-ca-91342,4,2.0,1308,3665.0,2026-10-06,12 months,False,,,,,,,,https://www.invitationhomes.com/houses-for-rent/13515-raven-st-sylmar-ca-91342,2026-09-06,2026-09-12,CA,Sylmar,,,,,13515-raven-st-sylmar-ca-91342
2026-09-12,INVH,Southern California,"39201 Chalfont Ln, Palmdale, CA, 93551",Southern California,INVH-39201-chalfont-ln-93551-1396,4,3.0,1770,3195.0,2026-09-12,12 months,False,,,,,,,,https://www.invitationhomes.com/houses-for-rent/39201-chalfont-ln-93551-1396,2026-07-19,2026-09-12,CA,Palmdale,,,,,39201-chalfont-ln-93551-1396
2026-09-12,INVH,Southern California,"39826 Milan Dr, Palmdale, CA, 93551",Southern California,INVH-39826-milan-dr-93551-4728,3,2.0,1600,3080.0,2026-09-12,12 months,False,,,,,,,,https://www.invitationhomes.com/houses-for-rent/39826-milan-dr-93551-4728,2026-09-03,2026-09-12,CA,Palmdale,,,,,39826-milan-dr-93551-4728
2026-09-12,INVH,Southern California,"4208 Sungate Dr, Palmdale, CA, 93551",Southern California,INVH-4208-sungate-dr-palmdale-ca-93551,6,3.0,3134,4230.0,2026-09-14,12 months,False,,,,,,,,https://www.invitationhomes.com/houses-for-rent/4208-sungate-dr-palmdale-ca-93551,2026-08-16,2026-09-12,CA,Palmdale,,,,,4208-sungate-dr-palmdale-ca-93551
2026-09-12,INVH,Southern California,"40425 Tesoro Ln, Palmdale, CA, 93551",Southern California,INVH-40425-tesoro-ln-palmdale-ca-93551,4,3.0,2160,2999.0,2026-10-02,12 months,False,,,,,,,,https://www.invitationhomes.com/houses-for-rent/40425-tesoro-ln-palmdale-ca-93551,2026-09-03,2026-09-12,CA,Palmdale,,,,,40425-tesoro-ln-palmdale-ca-93551
2026-09-12,INVH,Southern California,"41314 Elsdale Pl, Palmdale, CA, 93551",Southern California,INVH-41314-elsdale-pl-93551-7882,5,3.0,2839,3740.0,2026-09-12,12 months,False,,,,,,,,https://www.invitationhomes.com/houses-for-rent/41314-elsdale-pl-93551-7882,2026-08-16,2026-09-12,CA,Palmdale,,,,,41314-elsdale-pl-93551-7882
2026-09-12,INVH,Southern California,"42049 Crestland Dr, Lancaster, CA, 93536",Southern California,INVH-42049-crestland-dr-93536-5639,6,3.0,3101,3880.0,2026-10-10,12 months,False,,,,,,,,https://www.invitationhomes.com/houses-for-rent/42049-crestland-dr-93536-5639,2026-09-12,2026-09-12,CA,Lancaster,,,,,42049-crestland-dr-93536-5639
2026-09-12,INVH,Southern California,"41234 Almond Ave, Palmdale, CA, 93551",Southern California,INVH-41234-almond-ave-93551-9687,5,3.0,2839,3595.0,2026-09-12,12 months,False,,,,,,,,https://www.invitationhomes.com/houses-for-rent/41234-almond-ave-93551-9687,2026-07-19,2026-09-12,CA,Palmdale,,,,,41234-almond-ave-93551-9687
2026-09-12,INVH,Southern California,"5319 Gardendale Ln, Palmdale, CA, 93551",Southern California,INVH-5319-gardendale-ln-palmdale-ca-93551,4,4.0,2906,3995.0,2026-09-12,12 months,False,,,,,,,,https://www.invitationhomes.com/houses-for-rent/5319-gardendale-ln-palmdale-ca-93551,2026-08-02,2026-09-12,CA,Palmdale,,,,,5319-gardendale-ln-palmdale-ca-93551
2026-09-12,INVH,Southern California,"4813 W Avenue J4, Lancaster, CA, 93536",Southern California,INVH-4813-w-avenue-j4-93536-9361,5,4.5,3421,4049.0,2026-09-17,12 months,False,,,,,,,,https://www.invitationhomes.com/houses-for-rent/4813-w-avenue-j4-93536-9361,2026-08-23,2026-09-12,CA,Lancaster,,,,,4813-w-avenue-j4-93536-9361
2026-09-12,INVH,Southern California,"5104 Prewett Ranch Dr, Antioch, CA, 94531",Southern California,INVH-5104-prewett-ranch-dr-94531-5623,3,2.0,1321,3335.0,2026-09-18,12 months,False,,,,,,,,https://www.invitationhomes.com/houses-for-rent/5104-prewett-ranch-dr-94531-5623,2026-08-10,2026-09-12,CA,Antioch,,,,,5104-prewett-ranch-dr-94531-5623
2026-09-12,INVH,Southern California,"1553 Lenay Ct, Manteca, CA, 95337",Southern California,INVH-1553-lenay-ct-95337-2094,5,3.0,2312,3095.0,2026-09-22,12 months,False,,,,,,,,https://www.invitationhomes.com/houses-for-rent/1553-lenay-ct-95337-2094,2026-08-10,2026-09-12,CA,Manteca,,,,,1553-lenay-ct-95337-2094
2026-09-12,INVH,Southern California,"14510 Cedar Valley Dr, Lathrop, CA, 95330",Southern California,INVH-14510-cedar-valley-dr-lathrop-ca-95330,4,2.0,1477,2445.0,2026-10-15,12 months,False,,,,,,,,https://www.invitationhomes.com/houses-for-rent/14510-cedar-valley-dr-lathrop-ca-95330,2026-09-09,2026-09-12,CA,Lathrop,,,,,14510-cedar-valley-dr-lathrop-ca-95330
2026-09-12,INVH,Southern California,"1542 Claremont Dr, Manteca, CA, 95336",Southern California,INVH-1542-claremont-dr-manteca-ca-95336,3,2.0,1468,2649.0,2026-09-12,14 months,False,,,,,,,,https://www.invitationhomes.com/houses-for-rent/1542-claremont-dr-manteca-ca-95336,2026-07-19,2026-09-12,CA,Manteca,,,,,1542-claremont-dr-manteca-ca-95336
2026-09-12,INVH,Southern California,"363 Rose Garden Ct, Manteca, CA, 95336",Southern California,INVH-363-rose-garden-ct-95336-6455,4,3.0,2397,3170.0,2026-09-12,12 months,False,,,,,,,,https://www.invitationhomes.com/houses-for-rent/363-rose-garden-ct-95336-6455,2026-07-19,2026-09-12,CA,Manteca,,,,,363-rose-garden-ct-95336-6455
2026-09-12,INVH,Southern California,"2644 Togninali Ln, Stockton, CA, 95206",Southern California,INVH-2644-togninali-ln-95206-9446,3,2.0,1642,2585.0,2026-10-22,24 months,False,,,,,,,,https://www.invitationhomes.com/houses-for-rent/2644-togninali-ln-95206-9446,2026-09-09,2026-09-12,CA,Stockton,,,,,2644-togninali-ln-95206-9446
2026-09-12,INVH,Southern California,"1239 Canterbury, Hercules, CA, 94547",Southern California,INVH-1239-canterbury-94547-6584,3,2.0,1149,3485.0,2026-09-15,12 months,False,,,,,,,,https://www.invitationhomes.com/houses-for-rent/1239-canterbury-94547-6584,2026-09-06,2026-09-12,CA,Hercules,,,,,1239-canterbury-94547-6584
2026-09-12,INVH,Southern California,"1115 Vervais Ave, Vallejo, CA, 94591",Southern California,INVH-1115-vervais-ave-94591-2185,3,2.0,1557,3140.0,2026-09-12,12 months,False,,,,,,,,https://www.invitationhomes.com/houses-for-rent/1115-vervais-ave-94591-2185,2026-09-03,2026-09-12,CA,Vallejo,,,,,1115-vervais-ave-94591-2185
2026-09-12,INVH,Southern California,"217 Locust Dr, Vallejo, CA, 94591",Southern California,INVH-217-locust-dr-94591-1818,4,2.0,1630,3195.0,2026-09-12,12 months,False,,,,,,,,https://www.invitationhomes.com/houses-for-rent/217-locust-dr-94591-1818,2026-09-12,2026-09-12,CA,Vallejo,,,,,217-locust-dr-94591-1818
2026-09-12,INVH,Southern California,"141 Norden Ct, Vallejo, CA, 94589",Southern California,INVH-141-norden-ct-94589-5000,4,2.0,1556,3395.0,2026-10-15,12 months,False,,,,,,,,https://www.invitationhomes.com/houses-for-rent/141-norden-ct-94589-5000,2026-09-03,2026-09-12,CA,Vallejo,,,,,141-norden-ct-94589-5000
2026-09-12,INVH,Southern California,"165 Harvard Ave, Vallejo, CA, 94589",Southern California,INVH-165-harvard-ave-94589-4473,4,2.0,1813,2895.0,2026-09-12,12 months,False,,,,,,,,https://www.invitationhomes.com/houses-for-rent/165-harvard-ave-94589-4473,2026-06-09,2026-09-12,CA,Vallejo,,,,,165-harvard-ave-94589-4473
2026-09-12,INVH,Southern California,"218 Princeton Ave, Vallejo, CA, 94589",Southern California,INVH-218-princeton-ave-vallejo-ca-94589,3,2.0,1104,2799.0,2026-09-12,14 months,False,,,,,,,,https://www.invitationhomes.com/houses-for-rent/218-princeton-ave-vallejo-ca-94589,2026-07-19,2026-09-12,CA,Vallejo,,,,,218-princeton-ave-vallejo-ca-94589
2026-09-12,INVH,Southern California,"260 Cimarron Dr, Vallejo, CA, 94589",Southern California,INVH-260-cimarron-dr-94589-2014,3,2.5,1690,3395.0,2026-09-29,12 months,False,,,,,,,,https://www.invitationhomes.com/houses-for-rent/260-cimarron-dr-94589-2014,2026-09-03,2026-09-12,CA,Vallejo,,,,,260-cimarron-dr-94589-2014
2026-09-12,INVH,Southern California,"1633 Northwood Dr, Fairfield, CA, 94534",Southern California,INVH-1633-northwood-dr-fairfield-ca-94534,4,2.0,1638,3180.0,2026-10-15,12 months,False,,,,,,,,https://www.invitationhomes.com/houses-for-rent/1633-northwood-dr-fairfield-ca-94534,2026-09-03,2026-09-12,CA,Fairfield,,,,,1633-northwood-dr-fairfield-ca-94534
2026-09-12,INVH,Southern California,"568 Silverado Cir, Fairfield, CA, 94534",Southern California,INVH-568-silverado-cir-94534-5677,3,2.0,1288,2945.0,2026-10-21,12 months,False,,,,,,,,https://www.invitationhomes.com/houses-for-rent/568-silverado-cir-94534-5677,2026-09-06,2026-09-12,CA,Fairfield,,,,,568-silverado-cir-94534-5677
2026-09-12,INVH,Southern California,"910 Edgewood Cir, Suisun City, CA, 94585",Southern California,INVH-910-edgewood-cir-94585-1719,3,3.0,1618,3149.0,2026-09-12,12 months,False,,,,,,,,https://www.invitationhomes.com/houses-for-rent/910-edgewood-cir-94585-1719,2026-08-02,2026-09-12,CA,Suisun City,,,,,910-edgewood-cir-94585-1719
2026-09-12,INVH,Southern California,"1084 Armsby Way, Suisun City, CA, 94585",Southern California,INVH-1084-armsby-way-94585-9858,3,2.5,2206,3475.0,2026-09-30,12 months,False,,,,,,,,https://www.invitationhomes.com/houses-for-rent/1084-armsby-way-94585-9858,2026-08-16,2026-09-12,CA,Suisun City,,,,,1084-armsby-way-94585-9858
2026-09-12,INVH,Southern California,"1104 Jeanne Ct, Suisun City, CA, 94585",Southern California,INVH-1104-jeanne-ct-suisun-city-ca-94585,4,2.0,1563,2949.0,2026-09-12,12 months,False,,,,,,,,https://www.invitationhomes.com/houses-for-rent/1104-jeanne-ct-suisun-city-ca-94585,2026-08-10,2026-09-12,CA,Suisun City,,,,,1104-jeanne-ct-suisun-city-ca-94585
2026-09-12,INVH,Southern California,"2954 Redwood Dr, Fairfield, CA, 94533",Southern California,INVH-2954-redwood-dr-94533-9052,4,2.5,1953,3445.0,2026-09-15,12 months,False,,,,,,,,https://www.invitationhomes.com/houses-for-rent/2954-redwood-dr-94533-9052,2026-08-10,2026-09-12,CA,Fairfield,,,,,2954-redwood-dr-94533-9052
2026-09-12,INVH,Southern California,"201 Mori St, Pittsburg, CA, 94565",Southern California,INVH-201-mori-st-94565-4008,4,2.0,1355,3225.0,2026-09-12,12 months,False,,,,,,,,https://www.invitationhomes.com/houses-for-rent/201-mori-st-94565-4008,2026-09-03,2026-09-12,CA,Pittsburg,,,,,201-mori-st-94565-4008
2026-09-12,INVH,Southern California,"284 Yosemite Dr, Pittsburg, CA, 94565",Southern California,INVH-284-yosemite-dr-94565-7760,3,2.0,1573,3410.0,2026-09-12,12 months,False,,,,,,,,https://www.invitationhomes.com/houses-for-rent/284-yosemite-dr-94565-7760,2026-08-16,2026-09-12,CA,Pittsburg,,,,,284-yosemite-dr-94565-7760
2026-09-12,INVH,Southern California,"2823 Seville Cir, Antioch, CA, 94509",Southern California,INVH-2823-seville-cir-94509-5065,4,2.0,1628,3545.0,2026-09-17,12 months,False,,,,,,,,https://www.invitationhomes.com/houses-for-rent/2823-seville-cir-94509-5065,2026-08-02,2026-09-12,CA,Antioch,,,,,2823-seville-cir-94509-5065
2026-09-12,INVH,Southern California,"2116 Viera Ave, Antioch, CA, 94509",Southern California,INVH-2116-viera-ave-94509-4104,3,2.0,1236,3010.0,2026-10-15,12 months,False,,,,,,,,https://www.invitationhomes.com/houses-for-rent/2116-viera-ave-94509-4104,2026-08-10,2026-09-12,CA,Antioch,,,,,2116-viera-ave-94509-4104
2026-09-12,INVH,Southern California,"3043 Roadrunner Dr, Fairfield, CA, 94533",Southern California,INVH-3043-roadrunner-dr-94533-5125,4,2.5,1846,3215.0,2026-09-12,12 months,False,,,,,,,,https://www.invitationhomes.com/houses-for-rent/3043-roadrunner-dr-94533-5125,2026-07-19,2026-09-12,CA,Fairfield,,,,,3043-roadrunner-dr-94533-5125
2026-09-12,INVH,Southern California,"690 Rubier Way, Rio Vista, CA, 94571",Southern California,INVH-690-rubier-way-94571-6136,3,2.0,1346,2610.0,2026-09-28,12 months,False,,,,,,,,https://www.invitationhomes.com/houses-for-rent/690-rubier-way-94571-6136,2026-08-16,2026-09-12,CA,Rio Vista,,,,,690-rubier-way-94571-6136
2026-09-12,INVH,Southern California,"278 Hemlock St, Vacaville, CA, 95688",Southern California,INVH-278-hemlock-st-vacaville-ca-95688,4,3.0,2098,3545.0,2026-10-15,12 months,False,,,,,,,,https://www.invitationhomes.com/houses-for-rent/278-hemlock-st-vacaville-ca-95688,2026-09-03,2026-09-12,CA,Vacaville,,,,,278-hemlock-st-vacaville-ca-95688
2026-09-12,INVH,Southern California,"131 Bel Air Dr, Vacaville, CA, 95687",Southern California,INVH-131-bel-air-dr-vacaville-ca-95687,5,2.5,2051,3315.0,2026-09-12,12 months,False,,,,,,,,https://www.invitationhomes.com/houses-for-rent/131-bel-air-dr-vacaville-ca-95687,2026-08-16,2026-09-12,CA,Vacaville,,,,,131-bel-air-dr-vacaville-ca-95687
2026-09-12,INVH,Southern California,"278 Woodcrest Dr, Vacaville, CA, 95688",Southern California,INVH-278-woodcrest-dr-95688-2573,4,3.0,2362,3895.0,2026-09-15,12 months,False,,,,,,,,https://www.invitationhomes.com/houses-for-rent/278-woodcrest-dr-95688-2573,2026-08-10,2026-09-12,CA,Vacaville,,,,,278-woodcrest-dr-95688-2573
2026-09-12,INVH,Southern California,"1878 Hardy Dr, Woodland, CA, 95776",Southern California,INVH-1878-hardy-dr-woodland-ca-95776,3,2.5,2290,3020.0,2026-09-12,12 months,False,,,,,,,,https://www.invitationhomes.com/houses-for-rent/1878-hardy-dr-woodland-ca-95776,2026-08-02,2026-09-12,CA,Woodland,,,,,1878-hardy-dr-woodland-ca-95776
2026-09-12,INVH,Southern California,"1972 Miller Ct, Woodland, CA, 95776",Southern California,INVH-1972-miller-ct-95776-6957,4,3.0,2047,3065.0,2026-10-05,12 months,False,,,,,,,,https://www.invitationhomes.com/houses-for-rent/1972-miller-ct-95776-6957,2026-08-10,2026-09-12,CA,Woodland,,,,,1972-miller-ct-95776-6957
2026-09-12,INVH,Southern California,"2209 Saint Anton Dr, Lodi, CA, 95242",Southern California,INVH-2209-saint-anton-dr-lodi-ca-95242,3,2.0,2516,3630.0,2026-09-30,12 months,False,,,,,,,,https://www.invitationhomes.com/houses-for-rent/2209-saint-anton-dr-lodi-ca-95242,2026-08-23,2026-09-12,CA,Lodi,,,,,2209-saint-anton-dr-lodi-ca-95242
2026-09-12,INVH,Southern California,"26 N Pacific Ave, Lodi, CA, 95242",Southern California,INVH-26-n-pacific-ave-lodi-ca-95242,3,1.0,1228,2680.0,2026-10-15,12 months,False,,,,,,,,https://www.invitationhomes.com/houses-for-rent/26-n-pacific-ave-lodi-ca-95242,2026-09-03,2026-09-12,CA,Lodi,,,,,26-n-pacific-ave-lodi-ca-95242
2026-09-12,INVH,Southern California,"10179 Orr Rd, Galt, CA, 95632",Southern California,INVH-10179-orr-rd-galt-ca-95632,3,2.0,2676,3245.0,2026-09-17,12 months,False,,,,,,,,https://www.invitationhomes.com/houses-for-rent/10179-orr-rd-galt-ca-95632,2026-08-02,2026-09-12,CA,Galt,,,,,10179-orr-rd-galt-ca-95632
2026-09-12,INVH,Southern California,"6804 Castro Verde Way, Elk Grove, CA, 95757",Southern California,INVH-6804-castro-verde-way-elk-grove-ca-95757,4,3.0,2949,3690.0,2026-10-15,24 months,False,,,,,,,,https://www.invitationhomes.com/houses-for-rent/6804-castro-verde-way-elk-grove-ca-95757,2026-09-03,2026-09-12,CA,Elk Grove,,,,,6804-castro-verde-way-elk-grove-ca-95757
2026-09-12,INVH,Southern California,"9385 Oreo Ranch Cir, Elk Grove, CA, 95624",Southern California,INVH-9385-oreo-ranch-cir-95624-89987,3,2.0,2263,3135.0,2026-09-12,12 months,False,,,,,,,,https://www.invitationhomes.com/houses-for-rent/9385-oreo-ranch-cir-95624-89987,2026-07-19,2026-09-12,CA,Elk Grove,,,,,9385-oreo-ranch-cir-95624-89987
2026-09-12,INVH,Southern California,"6604 Springridge Way, Elk Grove, CA, 95758",Southern California,INVH-6604-springridge-way-elk-grove-ca-95758,3,2.5,1741,2935.0,2026-10-20,12 months,False,,,,,,,,https://www.invitationhomes.com/houses-for-rent/6604-springridge-way-elk-grove-ca-95758,2026-09-06,2026-09-12,CA,Elk Grove,,,,,6604-springridge-way-elk-grove-ca-95758
2026-09-12,INVH,Southern California,"7479 Damascas Dr, Elk Grove, CA, 95758",Southern California,INVH-7479-damascas-dr-elk-grove-ca-95758,3,2.0,1385,2640.0,2026-09-15,12 months,False,,,,,,,,https://www.invitationhomes.com/houses-for-rent/7479-damascas-dr-elk-grove-ca-95758,2026-08-10,2026-09-12,CA,Elk Grove,,,,,7479-damascas-dr-elk-grove-ca-95758
2026-09-12,INVH,Southern California,"101 Cedar Rock Cir, Sacramento, CA, 95823",Southern California,INVH-101-cedar-rock-cir-95823-9708,3,2.0,1336,2535.0,2026-09-12,12 months,False,,,,,,,,https://www.invitationhomes.com/houses-for-rent/101-cedar-rock-cir-95823-9708,2026-08-23,2026-09-12,CA,Sacramento,,,,,101-cedar-rock-cir-95823-9708
2026-09-12,INVH,Southern California,"9554 E Park Dr, Elk Grove, CA, 95624",Southern California,INVH-9554-e-park-dr-elk-grove-ca-95624,4,2.0,2298,3399.0,2026-09-22,12 months,False,,,,,,,,https://www.invitationhomes.com/houses-for-rent/9554-e-park-dr-elk-grove-ca-95624,2026-08-23,2026-09-12,CA,Elk Grove,,,,,9554-e-park-dr-elk-grove-ca-95624
2026-09-12,INVH,Southern California,"9255 Boulder Falls Ct, Elk Grove, CA, 95624",Southern California,INVH-9255-boulder-falls-ct-elk-grove-ca-95624,3,3.0,2131,3099.0,2026-09-14,12 months,False,,,,,,,,https://www.invitationhomes.com/houses-for-rent/9255-boulder-falls-ct-elk-grove-ca-95624,2026-08-02,2026-09-12,CA,Elk Grove,,,,,9255-boulder-falls-ct-elk-grove-ca-95624
2026-09-12,INVH,Southern California,"8186 Devon Park Ct, Sacramento, CA, 95828",Southern California,INVH-8186-devon-park-ct-95828-3961,3,2.5,1956,2849.0,2026-09-14,12 months,False,,,,,,,,https://www.invitationhomes.com/houses-for-rent/8186-devon-park-ct-95828-3961,2026-05-03,2026-09-12,CA,Sacramento,,,,,8186-devon-park-ct-95828-3961
2026-09-12,INVH,Southern California,"2250 Sandcastle Way, Sacramento, CA, 95833",Southern California,INVH-2250-sandcastle-way-sacramento-ca-95833,3,2.5,1328,2699.0,2026-09-26,24 months,False,,,,,,,,https://www.invitationhomes.com/houses-for-rent/2250-sandcastle-way-sacramento-ca-95833,2026-08-16,2026-09-12,CA,Sacramento,,,,,2250-sandcastle-way-sacramento-ca-95833
2026-09-12,INVH,Southern California,"2847 Norcross Dr, Sacramento, CA, 95833",Southern California,INVH-2847-norcross-dr-sacramento-ca-95833,4,2.0,1390,2730.0,2026-09-12,24 months,False,,,,,,,,https://www.invitationhomes.com/houses-for-rent/2847-norcross-dr-sacramento-ca-95833,2026-08-10,2026-09-12,CA,Sacramento,,,,,2847-norcross-dr-sacramento-ca-95833
2026-09-12,INVH,Southern California,"8229 Cedar Crest Way, Sacramento, CA, 95826",Southern California,INVH-8229-cedar-crest-way-sacramento-ca-95826,3,2.0,1293,2690.0,2026-10-06,12 months,False,,,,,,,,https://www.invitationhomes.com/houses-for-rent/8229-cedar-crest-way-sacramento-ca-95826,2026-09-03,2026-09-12,CA,Sacramento,,,,,8229-cedar-crest-way-sacramento-ca-95826
2026-09-12,INVH,Southern California,"9209 Sungold Way, Sacramento, CA, 95826",Southern California,INVH-9209-sungold-way-sacramento-ca-95826,4,2.5,1834,3170.0,2026-09-28,12 months,False,,,,,,,,https://www.invitationhomes.com/houses-for-rent/9209-sungold-way-sacramento-ca-95826,2026-08-16,2026-09-12,CA,Sacramento,,,,,9209-sungold-way-sacramento-ca-95826
2026-09-12,INVH,Southern California,"3212 Cinnabar Ct, Sacramento, CA, 95826",Southern California,INVH-3212-cinnabar-ct-sacramento-ca-95826,4,2.0,1605,2930.0,2026-10-15,12 months,False,,,,,,,,https://www.invitationhomes.com/houses-for-rent/3212-cinnabar-ct-sacramento-ca-95826,2026-09-12,2026-09-12,CA,Sacramento,,,,,3212-cinnabar-ct-sacramento-ca-95826
2026-09-12,INVH,Southern California,"9236 Linda Rio Dr, Sacramento, CA, 95826",Southern California,INVH-9236-linda-rio-dr-sacramento-ca-95826,4,2.5,1794,3290.0,2026-09-12,12 months,False,,,,,,,,https://www.invitationhomes.com/houses-for-rent/9236-linda-rio-dr-sacramento-ca-95826,2026-09-12,2026-09-12,CA,Sacramento,,,,,9236-linda-rio-dr-sacramento-ca-95826
2026-09-12,INVH,Southern California,"3354 Horseshoe Dr, Sacramento, CA, 95821",Southern California,INVH-3354-horseshoe-dr-95821-7015,3,2.0,1192,2299.0,2026-09-12,12 months,False,,,,,,,,https://www.invitationhomes.com/houses-for-rent/3354-horseshoe-dr-95821-7015,2026-08-23,2026-09-12,CA,Sacramento,,,,,3354-horseshoe-dr-95821-7015
2026-09-12,INVH,Southern California,"5 Fire Leaf Ct, Sacramento, CA, 95838",Southern California,INVH-5-fire-leaf-ct-95838-2940,3,3.0,2142,3215.0,2026-09-16,12 months,False,,,,,,,,https://www.invitationhomes.com/houses-for-rent/5-fire-leaf-ct-95838-2940,2026-08-10,2026-09-12,CA,Sacramento,,,,,5-fire-leaf-ct-95838-2940
2026-09-12,INVH,Southern California,"2245 Fallwater Ln, Carmichael, CA, 95608",Southern California,INVH-2245-fallwater-ln-carmichael-ca-95608,3,2.5,1577,2695.0,2026-09-12,12 months,False,,,,,,,,https://www.invitationhomes.com/houses-for-rent/2245-fallwater-ln-carmichael-ca-95608,2026-07-19,2026-09-12,CA,Carmichael,,,,,2245-fallwater-ln-carmichael-ca-95608
2026-09-12,INVH,Southern California,"3800 West Way, Sacramento, CA, 95821",Southern California,INVH-3800-west-way-95821-7603,3,1.0,1048,2330.0,2026-09-12,12 months,False,,,,,,,,https://www.invitationhomes.com/houses-for-rent/3800-west-way-95821-7603,2026-07-19,2026-09-12,CA,Sacramento,,,,,3800-west-way-95821-7603
2026-09-12,INVH,Southern California,"8821 Fair Oaks Blvd, Carmichael, CA, 95608",Southern California,INVH-8821-fair-oaks-blvd-carmichael-ca-95608,3,2.0,1316,2649.0,2026-10-26,14 months,False,,,,,,,,https://www.invitationhomes.com/houses-for-rent/8821-fair-oaks-blvd-carmichael-ca-95608,2026-09-12,2026-09-12,CA,Carmichael,,,,,8821-fair-oaks-blvd-carmichael-ca-95608
2026-09-12,INVH,Southern California,"8733 Baxter Way, Orangevale, CA, 95662",Southern California,INVH-8733-baxter-way-orangevale-ca-95662,3,1.0,1430,2765.0,2026-10-15,12 months,False,,,,,,,,https://www.invitationhomes.com/houses-for-rent/8733-baxter-way-orangevale-ca-95662,2026-09-09,2026-09-12,CA,Orangevale,,,,,8733-baxter-way-orangevale-ca-95662
2026-09-12,INVH,Southern California,"1355 Colfax Dr, Woodland, CA, 95776",Southern California,INVH-1355-colfax-dr-woodland-ca-95776,3,2.0,1407,2699.0,2026-09-12,14 months,False,,,,,,,,https://www.invitationhomes.com/houses-for-rent/1355-colfax-dr-woodland-ca-95776,2026-07-19,2026-09-12,CA,Woodland,,,,,1355-colfax-dr-woodland-ca-95776
2026-09-12,INVH,Southern California,"1971 Hawkins Ct, Woodland, CA, 95776",Southern California,INVH-1971-hawkins-ct-woodland-ca-95776,3,2.5,1909,2910.0,2026-09-29,12 months,False,,,,,,,,https://www.invitationhomes.com/houses-for-rent/1971-hawkins-ct-woodland-ca-95776,2026-08-23,2026-09-12,CA,Woodland,,,,,1971-hawkins-ct-woodland-ca-95776
2026-09-12,INVH,Southern California,"5289 Moonlit Bay Way, Sacramento, CA, 95835",Southern California,INVH-5289-moonlit-bay-way-sacramento-ca-95835,4,2.5,2196,3215.0,2026-09-12,12 months,False,,,,,,,,https://www.invitationhomes.com/houses-for-rent/5289-moonlit-bay-way-sacramento-ca-95835,2026-08-23,2026-09-12,CA,Sacramento,,,,,5289-moonlit-bay-way-sacramento-ca-95835
2026-09-12,INVH,Southern California,"5736 Bridgecross Dr, Sacramento, CA, 95835",Southern California,INVH-5736-bridgecross-dr-sacramento-ca-95835,4,2.0,1725,2975.0,2026-09-17,24 months,False,,,,,,,,https://www.invitationhomes.com/houses-for-rent/5736-bridgecross-dr-sacramento-ca-95835,2026-08-16,2026-09-12,CA,Sacramento,,,,,5736-bridgecross-dr-sacramento-ca-95835
2026-09-12,INVH,Southern California,"3621 Van Owen St, North Highlands, CA, 95660",Southern California,INVH-3621-van-owen-st-95660-5243,3,2.0,1286,2465.0,2026-09-12,12 months,False,,,,,,,,https://www.invitationhomes.com/houses-for-rent/3621-van-owen-st-95660-5243,2026-07-19,2026-09-12,CA,North Highlands,,,,,3621-van-owen-st-95660-5243
2026-09-12,INVH,Southern California,"3036 Danehurst Ct, Antelope, CA, 95843",Southern California,INVH-3036-danehurst-ct-antelope-ca-95843,3,3.0,1445,2695.0,2026-10-16,12 months,False,,,,,,,,https://www.invitationhomes.com/houses-for-rent/3036-danehurst-ct-antelope-ca-95843,2026-09-03,2026-09-12,CA,Antelope,,,,,3036-danehurst-ct-antelope-ca-95843
2026-09-12,INVH,Southern California,"8101 Bonelli Ct, Antelope, CA, 95843",Southern California,INVH-8101-bonelli-ct-antelope-ca-95843,2,2.0,1044,2340.0,2026-10-16,12 months,False,,,,,,,,https://www.invitationhomes.com/houses-for-rent/8101-bonelli-ct-antelope-ca-95843,2026-09-03,2026-09-12,CA,Antelope,,,,,8101-bonelli-ct-antelope-ca-95843
2026-09-12,INVH,Southern California,"6005 N Haven Dr, North Highlands, CA, 95660",Southern California,INVH-6005-n-haven-dr-95660-5206,4,1.0,1047,2399.0,2026-09-18,14 months,False,,,,,,,,https://www.invitationhomes.com/houses-for-rent/6005-n-haven-dr-95660-5206,2026-05-03,2026-09-12,CA,North Highlands,,,,,6005-n-haven-dr-95660-5206
2026-09-12,INVH,Southern California,"6013 Jeanine Dr, Sacramento, CA, 95842",Southern California,INVH-6013-jeanine-dr-sacramento-ca-95842,4,2.0,1294,2499.0,2026-10-26,14 months,False,,,,,,,,https://www.invitationhomes.com/houses-for-rent/6013-jeanine-dr-sacramento-ca-95842,2026-09-12,2026-09-12,CA,Sacramento,,,,,6013-jeanine-dr-sacramento-ca-95842
2026-09-12,INVH,Southern California,"4229 Gold Ridge Way, Antelope, CA, 95843",Southern California,INVH-4229-gold-ridge-way-95843-87827,4,3.5,1897,3210.0,2026-10-08,12 months,False,,,,,,,,https://www.invitationhomes.com/houses-for-rent/4229-gold-ridge-way-95843-87827,2026-07-19,2026-09-12,CA,Antelope,,,,,4229-gold-ridge-way-95843-87827
2026-09-12,INVH,Southern California,"6201 Louth Way, Citrus Heights, CA, 95621",Southern California,INVH-6201-louth-way-95621-1155,3,2.0,1336,2685.0,2026-10-06,12 months,False,,,,,,,,https://www.invitationhomes.com/houses-for-rent/6201-louth-way-95621-1155,2026-08-23,2026-09-12,CA,Citrus Heights,,,,,6201-louth-way-95621-1155
2026-09-12,INVH,Southern California,"8448 Bramble Bush Cir, Antelope, CA, 95843",Southern California,INVH-8448-bramble-bush-cir-antelope-ca-95843,3,2.5,1946,2695.0,2026-09-12,12 months,False,,,,,,,,https://www.invitationhomes.com/houses-for-rent/8448-bramble-bush-cir-antelope-ca-95843,2026-05-24,2026-09-12,CA,Antelope,,,,,8448-bramble-bush-cir-antelope-ca-95843
2026-09-12,INVH,Southern California,"8250 Lonely Hill Way, Antelope, CA, 95843",Southern California,INVH-8250-lonely-hill-way-95843-89626,3,2.0,1381,2745.0,2026-09-30,12 months,False,,,,,,,,https://www.invitationhomes.com/houses-for-rent/8250-lonely-hill-way-95843-89626,2026-09-03,2026-09-12,CA,Antelope,,,,,8250-lonely-hill-way-95843-89626
2026-09-12,INVH,Southern California,"8441 Solitude Ct, Sacramento, CA, 95843",Southern California,INVH-8441-solitude-ct-95843-2687,3,2.0,1452,2780.0,2026-09-16,12 months,False,,,,,,,,https://www.invitationhomes.com/houses-for-rent/8441-solitude-ct-95843-2687,2026-08-02,2026-09-12,CA,Sacramento,,,,,8441-solitude-ct-95843-2687
2026-09-12,INVH,Southern California,"8248 Brewster Mill Cir, Antelope, CA, 95843",Southern California,INVH-8248-brewster-mill-cir-95843-87819,3,2.0,1330,2840.0,2026-10-12,12 months,False,,,,,,,,https://www.invitationhomes.com/houses-for-rent/8248-brewster-mill-cir-95843-87819,2026-09-03,2026-09-12,CA,Antelope,,,,,8248-brewster-mill-cir-95843-87819
2026-09-12,INVH,Southern California,"6621 Ibex Woods Ct, Citrus Heights, CA, 95621",Southern California,INVH-6621-ibex-woods-ct-95621-9824,3,2.0,1162,2549.0,2026-09-12,14 months,False,,,,,,,,https://www.invitationhomes.com/houses-for-rent/6621-ibex-woods-ct-95621-9824,2026-07-19,2026-09-12,CA,Citrus Heights,,,,,6621-ibex-woods-ct-95621-9824
2026-09-12,INVH,Southern California,"1943 Ajay Dr, Roseville, CA, 95678",Southern California,INVH-1943-ajay-dr-roseville-ca-95678,3,2.0,1459,3260.0,2026-10-15,12 months,False,,,,,,,,https://www.invitationhomes.com/houses-for-rent/1943-ajay-dr-roseville-ca-95678,2026-09-03,2026-09-12,CA,Roseville,,,,,1943-ajay-dr-roseville-ca-95678
2026-09-12,INVH,Southern California,"1949 Lindsay Dr, Roseville, CA, 95678",Southern California,INVH-1949-lindsay-dr-95678-87590,4,2.0,1368,2875.0,2026-10-22,12 months,False,,,,,,,,https://www.invitationhomes.com/houses-for-rent/1949-lindsay-dr-95678-87590,2026-09-09,2026-09-12,CA,Roseville,,,,,1949-lindsay-dr-95678-87590
2026-09-12,INVH,Southern California,"278 Union St, Roseville, CA, 95678",Southern California,INVH-278-union-st-95678-88850,3,2.0,1309,2795.0,2026-10-02,12 months,False,,,,,,,,https://www.invitationhomes.com/houses-for-rent/278-union-st-95678-88850,2026-09-03,2026-09-12,CA,Roseville,,,,,278-union-st-95678-88850
2026-09-12,INVH,Southern California,"411 Union Ct, Roseville, CA, 95678",Southern California,INVH-411-union-ct-95678-87513,3,2.0,1248,2680.0,2026-09-12,12 months,False,,,,,,,,https://www.invitationhomes.com/houses-for-rent/411-union-ct-95678-87513,2026-08-02,2026-09-12,CA,Roseville,,,,,411-union-ct-95678-87513
2026-09-12,INVH,Southern California,"208 Early Light Ct, Roseville, CA, 95747",Southern California,INVH-208-early-light-ct-roseville-ca-95747,4,3.0,1516,2999.0,2026-09-12,12 months,False,,,,,,,,https://www.invitationhomes.com/houses-for-rent/208-early-light-ct-roseville-ca-95747,2026-07-19,2026-09-12,CA,Roseville,,,,,208-early-light-ct-roseville-ca-95747
2026-09-12,INVH,Southern California,"112 Glenwood Cir, Roseville, CA, 95678",Southern California,INVH-112-glenwood-cir-95678-3609,3,3.0,2822,3595.0,2026-09-12,12 months,False,,,,,,,,https://www.invitationhomes.com/houses-for-rent/112-glenwood-cir-95678-3609,2026-09-03,2026-09-12,CA,Roseville,,,,,112-glenwood-cir-95678-3609
2026-09-12,INVH,Southern California,"465 Elmwood Ct, Roseville, CA, 95678",Southern California,INVH-465-elmwood-ct-roseville-ca-95678,5,3.0,2573,3940.0,2026-10-15,12 months,False,,,,,,,,https://www.invitationhomes.com/houses-for-rent/465-elmwood-ct-roseville-ca-95678,2026-09-03,2026-09-12,CA,Roseville,,,,,465-elmwood-ct-roseville-ca-95678
2026-09-12,INVH,Southern California,"1687 Presidio Way, Plumas Lake, CA, 95961",Southern California,INVH-1687-presidio-way-plumas-lake-ca-95961,4,3.0,2042,2920.0,2026-10-21,12 months,False,,,,,,,,https://www.invitationhomes.com/houses-for-rent/1687-presidio-way-plumas-lake-ca-95961,2026-09-06,2026-09-12,CA,Plumas Lake,,,,,1687-presidio-way-plumas-lake-ca-95961
2026-09-12,INVH,Southern California,"1118 Lawrence Ln, Lincoln, CA, 95648",Southern California,INVH-1118-lawrence-ln-lincoln-ca-95648,4,2.0,2176,3170.0,2026-09-12,12 months,False,,,,,,,,https://www.invitationhomes.com/houses-for-rent/1118-lawrence-ln-lincoln-ca-95648,2026-08-10,2026-09-12,CA,Lincoln,,,,,1118-lawrence-ln-lincoln-ca-95648
2026-09-12,INVH,Southern California,"1097 Ashford Ln, Lincoln, CA, 95648",Southern California,INVH-1097-ashford-ln-lincoln-ca-95648,4,3.0,2775,3415.0,2026-09-19,12 months,False,,,,,,,,https://www.invitationhomes.com/houses-for-rent/1097-ashford-ln-lincoln-ca-95648,2026-09-06,2026-09-12,CA,Lincoln,,,,,1097-ashford-ln-lincoln-ca-95648
2026-09-12,INVH,Southern California,"615 Whitfield Ln, Lincoln, CA, 95648",Southern California,INVH-615-whitfield-ln-95648-91304,4,3.0,2816,3630.0,2026-09-14,12 months,False,,,,,,,,https://www.invitationhomes.com/houses-for-rent/615-whitfield-ln-95648-91304,2026-08-02,2026-09-12,CA,Lincoln,,,,,615-whitfield-ln-95648-91304
2026-09-12,INVH,Southern California,"403 1st St, Lincoln, CA, 95648",Southern California,INVH-403-1st-st-95648-5345,3,2.0,1381,2730.0,2026-09-15,12 months,False,,,,,,,,https://www.invitationhomes.com/houses-for-rent/403-1st-st-95648-5345,2026-08-10,2026-09-12,CA,Lincoln,,,,,403-1st-st-95648-5345
2026-09-12,INVH,Southern California,"2679 Meadowland Way, Lincoln, CA, 95648",Southern California,INVH-2679-meadowland-way-sacramento-ca-95648,3,2.0,1530,2735.0,2026-10-15,12 months,False,,,,,,,,https://www.invitationhomes.com/houses-for-rent/2679-meadowland-way-sacramento-ca-95648,2026-09-09,2026-09-12,CA,Lincoln,,,,,2679-meadowland-way-sacramento-ca-95648
2026-09-12,INVH,Southern California,"3020 Twin Creeks Ln, Rocklin, CA, 95677",Southern California,INVH-3020-twin-creeks-ln-rocklin-ca-95677,3,2.5,1556,2885.0,2026-10-20,12 months,False,,,,,,,,https://www.invitationhomes.com/houses-for-rent/3020-twin-creeks-ln-rocklin-ca-95677,2026-09-12,2026-09-12,CA,Rocklin,,,,,3020-twin-creeks-ln-rocklin-ca-95677
2026-09-12,INVH,Southern California,"5644 Bolton Way, Rocklin, CA, 95677",Southern California,INVH-5644-bolton-way-rocklin-ca-95677,3,2.0,1429,2795.0,2026-10-15,12 months,False,,,,,,,,https://www.invitationhomes.com/houses-for-rent/5644-bolton-way-rocklin-ca-95677,2026-09-03,2026-09-12,CA,Rocklin,,,,,5644-bolton-way-rocklin-ca-95677
2026-09-12,INVH,Southern California,"4039 Huston Way, Olivehurst, CA, 95961",Southern California,INVH-4039-huston-way-95961-4418,4,3.0,2527,2745.0,2026-09-17,12 months,False,,,,,,,,https://www.invitationhomes.com/houses-for-rent/4039-huston-way-95961-4418,2026-08-10,2026-09-12,CA,Olivehurst,,,,,4039-huston-way-95961-4418
2026-09-12,INVH,Southern California,"2041 Waterville Dr, Marysville, CA, 95901",Southern California,INVH-2041-waterville-dr-marysville-ca-95901,3,2.0,1970,2970.0,2026-10-15,12 months,False,,,,,,,,https://www.invitationhomes.com/houses-for-rent/2041-waterville-dr-marysville-ca-95901,2026-09-03,2026-09-12,CA,Marysville,,,,,2041-waterville-dr-marysville-ca-95901
2026-09-12,INVH,Southern California,"2232 Roberta Ave, Linda, CA, 95901",Southern California,INVH-2232-roberta-ave-linda-ca-95901,3,2.0,1428,2385.0,2026-10-13,12 months,False,,,,,,,,https://www.invitationhomes.com/houses-for-rent/2232-roberta-ave-linda-ca-95901,2026-09-03,2026-09-12,CA,Linda,,,,,2232-roberta-ave-linda-ca-95901
2026-09-12,INVH,Southern California,"1448 Barford Ave, Hacienda Heights, CA, 91745",Southern California,INVH-1448-barford-ave-91745-3609,3,2.0,1378,3745.0,2026-09-12,12 months,False,,,,,,,,https://www.invitationhomes.com/houses-for-rent/1448-barford-ave-91745-3609,2026-09-03,2026-09-12,CA,Hacienda Heights,,,,,1448-barford-ave-91745-3609
2026-09-12,INVH,Southern California,"2408 Independence Cir, Corona, CA, 92882",Southern California,INVH-2408-independence-cir-corona-ca-92882,4,3.0,2596,4345.0,2026-09-12,12 months,False,,,,,,,,https://www.invitationhomes.com/houses-for-rent/2408-independence-cir-corona-ca-92882,2026-08-16,2026-09-12,CA,Corona,,,,,2408-independence-cir-corona-ca-92882
2026-09-12,INVH,Southern California,"11042 Evergreen Loop, Corona, CA, 92883",Southern California,INVH-11042-evergreen-loop-92883-6694,4,3.0,2606,3649.0,2026-09-12,24 months,False,,,,,,,,https://www.invitationhomes.com/houses-for-rent/11042-evergreen-loop-92883-6694,2026-09-12,2026-09-12,CA,Corona,,,,,11042-evergreen-loop-92883-6694
2026-09-12,INVH,Southern California,"4672 Countrygate Ct, Riverside, CA, 92505",Southern California,INVH-4672-countrygate-ct-riverside-ca-92505,4,3.0,2561,3860.0,2026-09-12,12 months,False,,,,,,,,https://www.invitationhomes.com/houses-for-rent/4672-countrygate-ct-riverside-ca-92505,2026-05-10,2026-09-12,CA,Riverside,,,,,4672-countrygate-ct-riverside-ca-92505
2026-09-12,INVH,Southern California,"1446 N Euclid Ave, Ontario, CA, 91762",Southern California,INVH-1446-n-euclid-ave-91762-4456,3,2.0,1402,3349.0,2026-09-12,12 months,False,,,,,,,,https://www.invitationhomes.com/houses-for-rent/1446-n-euclid-ave-91762-4456,2026-08-10,2026-09-12,CA,Ontario,,,,,1446-n-euclid-ave-91762-4456
2026-09-12,INVH,Southern California,"14772 Long View Dr, Fontana, CA, 92337",Southern California,INVH-14772-long-view-dr-fontana-ca-92337,3,2.5,1411,3235.0,2026-09-12,12 months,False,,,,,,,,https://www.invitationhomes.com/houses-for-rent/14772-long-view-dr-fontana-ca-92337,2026-08-10,2026-09-12,CA,Fontana,,,,,14772-long-view-dr-fontana-ca-92337
2026-09-12,INVH,Southern California,"7333 Greenhaven Ave, Rancho Cucamonga, CA, 91730",Southern California,INVH-7333-greenhaven-ave-rancho-cucamonga-ca-91730,3,2.5,1580,3640.0,2026-09-20,12 months,False,,,,,,,,https://www.invitationhomes.com/houses-for-rent/7333-greenhaven-ave-rancho-cucamonga-ca-91730,2026-08-23,2026-09-12,CA,Rancho Cucamonga,,,,,7333-greenhaven-ave-rancho-cucamonga-ca-91730
2026-09-12,INVH,Southern California,"5999 Cold Creek Ct, Fontana, CA, 92336",Southern California,INVH-5999-cold-creek-ct-fontana-ca-92336,3,2.5,2492,4045.0,2026-10-06,12 months,False,,,,,,,,https://www.invitationhomes.com/houses-for-rent/5999-cold-creek-ct-fontana-ca-92336,2026-09-06,2026-09-12,CA,Fontana,,,,,5999-cold-creek-ct-fontana-ca-92336
2026-09-12,INVH,Southern California,"15940 Miller Ave, Fontana, CA, 92336",Southern California,INVH-15940-miller-ave-92336-7641,4,3.0,1624,3545.0,2026-09-12,12 months,False,,,,,,,,https://www.invitationhomes.com/houses-for-rent/15940-miller-ave-92336-7641,2026-08-10,2026-09-12,CA,Fontana,,,,,15940-miller-ave-92336-7641
2026-09-12,INVH,Southern California,"19711 Westerly Dr, Riverside, CA, 92508",Southern California,INVH-19711-westerly-dr-92508-6889,3,2.0,1362,3065.0,2026-09-14,12 months,False,,,,,,,,https://www.invitationhomes.com/houses-for-rent/19711-westerly-dr-92508-6889,2026-08-16,2026-09-12,CA,Riverside,,,,,19711-westerly-dr-92508-6889
2026-09-12,INVH,Southern California,"8653 Northstar Dr, Riverside, CA, 92508",Southern California,INVH-8653-northstar-dr-riverside-ca-92508,3,2.0,1362,2975.0,2026-09-12,12 months,False,,,,,,,,https://www.invitationhomes.com/houses-for-rent/8653-northstar-dr-riverside-ca-92508,2026-09-12,2026-09-12,CA,Riverside,,,,,8653-northstar-dr-riverside-ca-92508
2026-09-12,INVH,Southern California,"25957 Avenida Espaldar, Moreno Valley, CA, 92551",Southern California,INVH-25957-avenida-espaldar-92551-2821,3,2.5,2255,3299.0,2026-09-12,24 months,False,,,,,,,,https://www.invitationhomes.com/houses-for-rent/25957-avenida-espaldar-92551-2821,2026-08-16,2026-09-12,CA,Moreno Valley,,,,,25957-avenida-espaldar-92551-2821
2026-09-12,INVH,Southern California,"15384 Eleanor Ln, Moreno Valley, CA, 92551",Southern California,INVH-15384-eleanor-ln-moreno-valley-ca-92551,4,2.0,1360,2720.0,2026-09-17,12 months,False,,,,,,,,https://www.invitationhomes.com/houses-for-rent/15384-eleanor-ln-moreno-valley-ca-92551,2026-09-12,2026-09-12,CA,Moreno Valley,,,,,15384-eleanor-ln-moreno-valley-ca-92551
2026-09-12,INVH,Southern California,"11875 Constantine Cir, Moreno Valley, CA, 92557",Southern California,INVH-11875-constantine-cir-92557-9328,4,3.0,2117,3360.0,2026-09-24,12 months,False,,,,,,,,https://www.invitationhomes.com/houses-for-rent/11875-constantine-cir-92557-9328,2026-09-12,2026-09-12,CA,Moreno Valley,,,,,11875-constantine-cir-92557-9328
2026-09-12,INVH,Southern California,"11903 Albion Way, Moreno Valley, CA, 92557",Southern California,INVH-11903-albion-way-moreno-valley-ca-92557,3,3.0,1420,3080.0,2026-09-17,12 months,False,,,,,,,,https://www.invitationhomes.com/houses-for-rent/11903-albion-way-moreno-valley-ca-92557,2026-09-06,2026-09-12,CA,Moreno Valley,,,,,11903-albion-way-moreno-valley-ca-92557
2026-09-12,INVH,Southern California,"11381 Red Hill Rd, Moreno Valley, CA, 92557",Southern California,INVH-11381-red-hill-rd-92557-5616,3,3.0,1598,2945.0,2026-09-12,12 months,False,,,,,,,,https://www.invitationhomes.com/houses-for-rent/11381-red-hill-rd-92557-5616,2026-08-23,2026-09-12,CA,Moreno Valley,,,,,11381-red-hill-rd-92557-5616
2026-09-12,INVH,Southern California,"22664 Springmist Dr, Moreno Valley, CA, 92557",Southern California,INVH-22664-springmist-dr-92557-7020,4,3.0,2346,3230.0,2026-09-14,12 months,False,,,,,,,,https://www.invitationhomes.com/houses-for-rent/22664-springmist-dr-92557-7020,2026-09-09,2026-09-12,CA,Moreno Valley,,,,,22664-springmist-dr-92557-7020
2026-09-12,INVH,Southern California,"9881 Whitewater Rd, Moreno Valley, CA, 92557",Southern California,INVH-9881-whitewater-rd-92557-2667,3,3.0,1259,2945.0,2026-09-26,12 months,False,,,,,,,,https://www.invitationhomes.com/houses-for-rent/9881-whitewater-rd-92557-2667,2026-09-03,2026-09-12,CA,Moreno Valley,,,,,9881-whitewater-rd-92557-2667
2026-09-12,INVH,Southern California,"17839 Granada Ave, Fontana, CA, 92335",Southern California,INVH-17839-granada-ave-92335-2682,3,2.0,1458,3375.0,2026-09-16,12 months,False,,,,,,,,https://www.invitationhomes.com/houses-for-rent/17839-granada-ave-92335-2682,2026-09-03,2026-09-12,CA,Fontana,,,,,17839-granada-ave-92335-2682
2026-09-12,INVH,Southern California,"8765 Grace St, Fontana, CA, 92335",Southern California,INVH-8765-grace-st-92335-8456,3,2.0,1502,3410.0,2026-09-12,12 months,False,,,,,,,,https://www.invitationhomes.com/houses-for-rent/8765-grace-st-92335-8456,2026-08-02,2026-09-12,CA,Fontana,,,,,8765-grace-st-92335-8456
2026-09-12,INVH,Southern California,"12528 Vivienda Ave, Grand Terrace, CA, 92313",Southern California,INVH-12528-vivienda-ave-grand-terrace-ca-92313,3,2.0,1422,3040.0,2026-09-12,12 months,False,,,,,,,,https://www.invitationhomes.com/houses-for-rent/12528-vivienda-ave-grand-terrace-ca-92313,2026-09-03,2026-09-12,CA,Grand Terrace,,,,,12528-vivienda-ave-grand-terrace-ca-92313
2026-09-12,INVH,Southern California,"11961 Hubbard St, Moreno Valley, CA, 92557",Southern California,INVH-11961-hubbard-st-92557-2233,4,2.0,1279,2930.0,2026-09-17,12 months,False,,,,,,,,https://www.invitationhomes.com/houses-for-rent/11961-hubbard-st-92557-2233,2026-09-03,2026-09-12,CA,Moreno Valley,,,,,11961-hubbard-st-92557-2233
2026-09-12,INVH,Southern California,"10349 Beryl Ave, Mentone, CA, 92359",Southern California,INVH-10349-beryl-ave-92359-3080,4,3.0,1960,3585.0,2026-10-04,12 months,False,,,,,,,,https://www.invitationhomes.com/houses-for-rent/10349-beryl-ave-92359-3080,2026-09-06,2026-09-12,CA,Mentone,,,,,10349-beryl-ave-92359-3080
2026-09-12,INVH,Southern California,"351 Blue Ridge Ln, San Jacinto, CA, 92583",Southern California,INVH-351-blue-ridge-ln-92583-6935,3,2.0,1154,2410.0,2026-09-12,12 months,False,,,,,,,,https://www.invitationhomes.com/houses-for-rent/351-blue-ridge-ln-92583-6935,2026-09-06,2026-09-12,CA,San Jacinto,,,,,351-blue-ridge-ln-92583-6935
2026-09-12,INVH,Southern California,"835 Brownie Way, Beaumont, CA, 92223",Southern California,INVH-835-brownie-way-92223-2239,5,3.0,2450,3410.0,2026-09-15,12 months,False,,,,,,,,https://www.invitationhomes.com/houses-for-rent/835-brownie-way-92223-2239,2026-09-03,2026-09-12,CA,Beaumont,,,,,835-brownie-way-92223-2239
2026-09-12,INVH,Southern California,"1448 Roadrunner Ln, Beaumont, CA, 92223",Southern California,INVH-1448-roadrunner-ln-92223-3059,5,3.0,2545,3630.0,2026-09-12,12 months,False,,,,,,,,https://www.invitationhomes.com/houses-for-rent/1448-roadrunner-ln-92223-3059,2026-09-03,2026-09-12,CA,Beaumont,,,,,1448-roadrunner-ln-92223-3059
2026-09-12,INVH,Southern California,"1627 Hadar Way, Beaumont, CA, 92223",Southern California,INVH-1627-hadar-way-92223-4526,4,3.0,2141,3195.0,2026-09-12,12 months,False,,,,,,,,https://www.invitationhomes.com/houses-for-rent/1627-hadar-way-92223-4526,2026-07-19,2026-09-12,CA,Beaumont,,,,,1627-hadar-way-92223-4526
2026-09-12,INVH,Southern California,"1066 Queen Annes Ln, Beaumont, CA, 92223",Southern California,INVH-1066-queen-annes-ln-92223-8499,4,3.0,2378,3480.0,2026-09-12,12 months,False,,,,,,,,https://www.invitationhomes.com/houses-for-rent/1066-queen-annes-ln-92223-8499,2026-04-26,2026-09-12,CA,Beaumont,,,,,1066-queen-annes-ln-92223-8499
2026-09-12,INVH,Southern California,"957 N Primrose Ave, Rialto, CA, 92376",Southern California,INVH-957-n-primrose-ave-rialto-ca-92376,3,2.5,1828,3130.0,2026-09-15,12 months,False,,,,,,,,https://www.invitationhomes.com/houses-for-rent/957-n-primrose-ave-rialto-ca-92376,2026-09-03,2026-09-12,CA,Rialto,,,,,957-n-primrose-ave-rialto-ca-92376
2026-09-12,INVH,Southern California,"2804 Rosarita St, San Bernardino, CA, 92407",Southern California,INVH-2804-rosarita-st-92407-3047,4,3.0,2066,3495.0,2026-09-16,12 months,False,,,,,,,,https://www.invitationhomes.com/houses-for-rent/2804-rosarita-st-92407-3047,2026-09-12,2026-09-12,CA,San Bernardino,,,,,2804-rosarita-st-92407-3047
2026-09-12,INVH,Southern California,"7153 Bradford Ave, Highland, CA, 92346",Southern California,INVH-7153-bradford-ave-highland-ca-92346,4,2.0,1228,2685.0,2026-10-02,12 months,False,,,,,,,,https://www.invitationhomes.com/houses-for-rent/7153-bradford-ave-highland-ca-92346,2026-09-03,2026-09-12,CA,Highland,,,,,7153-bradford-ave-highland-ca-92346
2026-09-12,INVH,Southern California,"3434 Darren Pl, Highland, CA, 92346",Southern California,INVH-3434-darren-pl-92346-2323,4,2.0,1970,3165.0,2026-10-07,12 months,False,,,,,,,,https://www.invitationhomes.com/houses-for-rent/3434-darren-pl-92346-2323,2026-09-09,2026-09-12,CA,Highland,,,,,3434-darren-pl-92346-2323
2026-09-12,INVH,Southern California,"38317 Antibes Dr, Palmdale, CA, 93552",Southern California,INVH-38317-antibes-dr-palmdale-ca-93552,4,3.0,2504,3249.0,2026-09-12,12 months,False,,,,,,,,https://www.invitationhomes.com/houses-for-rent/38317-antibes-dr-palmdale-ca-93552,2026-08-02,2026-09-12,CA,Palmdale,,,,,38317-antibes-dr-palmdale-ca-93552
2026-09-12,INVH,Las Vegas,"3452 Yellow Cove Ln, Las Vegas, NV, 89135",Las Vegas,INVH-3452-yellow-cove-ln-89135-8368,3,3.0,2540,3299.0,2026-10-04,19 months,False,,,,,,,,https://www.invitationhomes.com/houses-for-rent/3452-yellow-cove-ln-89135-8368,2026-08-23,2026-09-12,NV,Las Vegas,,,,,3452-yellow-cove-ln-89135-8368
2026-09-12,INVH,Las Vegas,"3316 Chesterbrook Ct, Las Vegas, NV, 89135",Las Vegas,INVH-3316-chesterbrook-ct-las-vegas-nv-89135,3,2.5,2513,2695.0,2026-09-12,19 months,False,,,,,,,,https://www.invitationhomes.com/houses-for-rent/3316-chesterbrook-ct-las-vegas-nv-89135,2026-04-13,2026-09-12,NV,Las Vegas,,,,,3316-chesterbrook-ct-las-vegas-nv-89135
2026-09-12,INVH,Las Vegas,"1016 Barberton Ct, Las Vegas, NV, 89138",Las Vegas,INVH-1016-barberton-ct-las-vegas-nv-89138,3,2.0,1555,2235.0,2026-09-12,19 months,False,,,,,,,,https://www.invitationhomes.com/houses-for-rent/1016-barberton-ct-las-vegas-nv-89138,2026-08-02,2026-09-12,NV,Las Vegas,,,,,1016-barberton-ct-las-vegas-nv-89138
2026-09-12,INVH,Las Vegas,"10100 Crest Brook Pl, Las Vegas, NV, 89134",Las Vegas,INVH-10100-crest-brook-pl-89134-9222,5,3.0,2555,3095.0,2026-09-12,19 months,False,,,,,,,,https://www.invitationhomes.com/houses-for-rent/10100-crest-brook-pl-89134-9222,2026-09-03,2026-09-12,NV,Las Vegas,,,,,10100-crest-brook-pl-89134-9222
2026-09-12,INVH,Las Vegas,"3616 Starlight Evening St, Las Vegas, NV, 89129",Las Vegas,INVH-3616-starlight-evening-st-89129-90464,4,2.5,1902,2370.0,2026-09-29,19 months,False,,,,,,,,https://www.invitationhomes.com/houses-for-rent/3616-starlight-evening-st-89129-90464,2026-08-23,2026-09-12,NV,Las Vegas,,,,,3616-starlight-evening-st-89129-90464
2026-09-12,INVH,Las Vegas,"10541 Danielson Ave, Las Vegas, NV, 89129",Las Vegas,INVH-10541-danielson-ave-89129-6264,4,3.0,2283,2495.0,2026-10-15,19 months,False,,,,,,,,https://www.invitationhomes.com/houses-for-rent/10541-danielson-ave-89129-6264,2026-08-23,2026-09-12,NV,Las Vegas,,,,,10541-danielson-ave-89129-6264
2026-09-12,INVH,Las Vegas,"6557 Grand Concourse St, Las Vegas, NV, 89166",Las Vegas,INVH-6557-grand-concourse-st-89166-5889,3,3.0,2087,2640.0,2026-10-08,19 months,False,,,,,,,,https://www.invitationhomes.com/houses-for-rent/6557-grand-concourse-st-89166-5889,2026-09-06,2026-09-12,NV,Las Vegas,,,,,6557-grand-concourse-st-89166-5889
2026-09-12,INVH,Las Vegas,"7361 Arlington Garden St, Las Vegas, NV, 89166",Las Vegas,INVH-7361-arlington-garden-st-89166-90322,4,2.0,1797,2299.0,2026-09-12,23 months,False,,,,,,,,https://www.invitationhomes.com/houses-for-rent/7361-arlington-garden-st-89166-90322,2026-04-04,2026-09-12,NV,Las Vegas,,,,,7361-arlington-garden-st-89166-90322
2026-09-12,INVH,Las Vegas,"10527 Laurelwood Lake Ave, Las Vegas, NV, 89166",Las Vegas,INVH-10527-laurelwood-lake-ave-las-vegas-nv-89166,4,2.5,1797,2349.0,2026-09-14,23 months,False,,,,,,,,https://www.invitationhomes.com/houses-for-rent/10527-laurelwood-lake-ave-las-vegas-nv-89166,2026-08-02,2026-09-12,NV,Las Vegas,,,,,10527-laurelwood-lake-ave-las-vegas-nv-89166
2026-09-12,INVH,Las Vegas,"7136 Indian Gap Avenue, Las Vegas, NV, 89179",Las Vegas,INVH-7136-indian-gap-avenue-89179-108723,3,2.5,1891,2195.0,2026-10-15,19 months,False,,,,,,,,https://www.invitationhomes.com/houses-for-rent/7136-indian-gap-avenue-89179-108723,2026-09-03,2026-09-12,NV,Las Vegas,,,,,7136-indian-gap-avenue-89179-108723
2026-09-12,INVH,Las Vegas,"9151 Clear Sky Ave, Las Vegas, NV, 89178",Las Vegas,INVH-9151-clear-sky-ave-las-vegas-nv-89178,3,2.75,1995,2385.0,2026-09-12,19 months,False,,,,,,,,https://www.invitationhomes.com/houses-for-rent/9151-clear-sky-ave-las-vegas-nv-89178,2026-08-02,2026-09-12,NV,Las Vegas,,,,,9151-clear-sky-ave-las-vegas-nv-89178
2026-09-12,INVH,Las Vegas,"9443 Fort Connah Ct, Las Vegas, NV, 89178",Las Vegas,INVH-9443-fort-connah-ct-las-vegas-nv-89178,3,2.5,1721,2025.0,2026-09-14,19 months,False,,,,,,,,https://www.invitationhomes.com/houses-for-rent/9443-fort-connah-ct-las-vegas-nv-89178,2026-09-03,2026-09-12,NV,Las Vegas,,,,,9443-fort-connah-ct-las-vegas-nv-89178
2026-09-12,INVH,Las Vegas,"9551 Bachelors Fortune St, Las Vegas, NV, 89178",Las Vegas,INVH-9551-bachelors-fortune-st-89178-2005,4,3.0,1935,2235.0,2026-10-15,19 months,False,,,,,,,,https://www.invitationhomes.com/houses-for-rent/9551-bachelors-fortune-st-89178-2005,2026-09-03,2026-09-12,NV,Las Vegas,,,,,9551-bachelors-fortune-st-89178-2005
2026-09-12,INVH,Las Vegas,"9639 Vega Carpio Ave, Las Vegas, NV, 89178",Las Vegas,INVH-9639-vega-carpio-ave-89178-90975,3,2.5,2236,2245.0,2026-10-15,19 months,False,,,,,,,,https://www.invitationhomes.com/houses-for-rent/9639-vega-carpio-ave-89178-90975,2026-09-03,2026-09-12,NV,Las Vegas,,,,,9639-vega-carpio-ave-89178-90975
2026-09-12,INVH,Las Vegas,"8316 Lower Trailhead Ave, Las Vegas, NV, 89113",Las Vegas,INVH-8316-lower-trailhead-ave-89113-3448,2,2.5,1373,1949.0,2026-09-12,23 months,False,,,,,,,,https://www.invitationhomes.com/houses-for-rent/8316-lower-trailhead-ave-89113-3448,2026-08-02,2026-09-12,NV,Las Vegas,,,,,8316-lower-trailhead-ave-89113-3448
2026-09-12,INVH,Las Vegas,"10638 Congaree St, Las Vegas, NV, 89141",Las Vegas,INVH-10638-congaree-st-89141-108758,4,2.5,1875,2345.0,2026-10-20,19 months,False,,,,,,,,https://www.invitationhomes.com/houses-for-rent/10638-congaree-st-89141-108758,2026-09-06,2026-09-12,NV,Las Vegas,,,,,10638-congaree-st-89141-108758
2026-09-12,INVH,Las Vegas,"10922 Coppola St, Las Vegas, NV, 89141",Las Vegas,INVH-10922-coppola-st-las-vegas-nv-89141,3,2.0,1405,2065.0,2026-10-01,19 months,False,,,,,,,,https://www.invitationhomes.com/houses-for-rent/10922-coppola-st-las-vegas-nv-89141,2026-08-23,2026-09-12,NV,Las Vegas,,,,,10922-coppola-st-las-vegas-nv-89141
2026-09-12,INVH,Las Vegas,"11254 Piazzale St, Las Vegas, NV, 89141",Las Vegas,INVH-11254-piazzale-st-las-vegas-nv-89141,3,2.0,1790,2140.0,2026-09-14,19 months,False,,,,,,,,https://www.invitationhomes.com/houses-for-rent/11254-piazzale-st-las-vegas-nv-89141,2026-08-16,2026-09-12,NV,Las Vegas,,,,,11254-piazzale-st-las-vegas-nv-89141
2026-09-12,INVH,Las Vegas,"133 Gilliflower Ave, Las Vegas, NV, 89183",Las Vegas,INVH-133-gilliflower-ave-89183-94620,3,2.5,1485,1899.0,2026-09-12,23 months,False,,,,,,,,https://www.invitationhomes.com/houses-for-rent/133-gilliflower-ave-89183-94620,2026-08-02,2026-09-12,NV,Las Vegas,,,,,133-gilliflower-ave-89183-94620
2026-09-12,INVH,Las Vegas,"280 Bella Calabria Ave, Las Vegas, NV, 89183",Las Vegas,INVH-280-bella-calabria-ave-89183-1112,3,2.5,2014,2240.0,2026-09-12,19 months,False,,,,,,,,https://www.invitationhomes.com/houses-for-rent/280-bella-calabria-ave-89183-1112,2026-08-02,2026-09-12,NV,Las Vegas,,,,,280-bella-calabria-ave-89183-1112
2026-09-12,INVH,Las Vegas,"11675 Tierney Creek Dr, Las Vegas, NV, 89183",Las Vegas,INVH-11675-tierney-creek-dr-89183-8644,4,3.0,2283,2240.0,2026-09-12,19 months,False,,,,,,,,https://www.invitationhomes.com/houses-for-rent/11675-tierney-creek-dr-89183-8644,2026-07-19,2026-09-12,NV,Las Vegas,,,,,11675-tierney-creek-dr-89183-8644
2026-09-12,INVH,Las Vegas,"3479 Bella Sovana Ct, Las Vegas, NV, 89141",Las Vegas,INVH-3479-bella-sovana-ct-89141-1568,4,3.0,2859,2449.0,2026-09-12,19 months,False,,,,,,,,https://www.invitationhomes.com/houses-for-rent/3479-bella-sovana-ct-89141-1568,2026-08-16,2026-09-12,NV,Las Vegas,,,,,3479-bella-sovana-ct-89141-1568
2026-09-12,INVH,Las Vegas,"10775 Villa Carlotta Ct, Las Vegas, NV, 89141",Las Vegas,INVH-10775-villa-carlotta-ct-89141-2304,5,3.5,3021,2895.0,2026-09-15,12 months,False,,,,,,,,https://www.invitationhomes.com/houses-for-rent/10775-villa-carlotta-ct-89141-2304,2026-08-16,2026-09-12,NV,Las Vegas,,,,,10775-villa-carlotta-ct-89141-2304
2026-09-12,INVH,Las Vegas,"10763 Villa Carlotta Ct, Las Vegas, NV, 89141",Las Vegas,INVH-10763-villa-carlotta-ct-89141-7833,3,2.5,2763,2785.0,2026-10-19,12 months,False,,,,,,,,https://www.invitationhomes.com/houses-for-rent/10763-villa-carlotta-ct-89141-7833,2026-09-06,2026-09-12,NV,Las Vegas,,,,,10763-villa-carlotta-ct-89141-7833
2026-09-12,INVH,Las Vegas,"5487 Caprock Canyon Avenue, Las Vegas, NV, 89139",Las Vegas,INVH-5487-caprock-canyon-avenue-89139-108538,3,3.0,1976,2230.0,2026-09-12,19 months,False,,,,,,,,https://www.invitationhomes.com/houses-for-rent/5487-caprock-canyon-avenue-89139-108538,2026-07-19,2026-09-12,NV,Las Vegas,,,,,5487-caprock-canyon-avenue-89139-108538
2026-09-12,INVH,Las Vegas,"9164 Briarthorne St, Las Vegas, NV, 89123",Las Vegas,INVH-9164-briarthorne-st-89123-93465,3,2.0,1572,2095.0,2026-09-18,19 months,False,,,,,,,,https://www.invitationhomes.com/houses-for-rent/9164-briarthorne-st-89123-93465,2026-09-03,2026-09-12,NV,Las Vegas,,,,,9164-briarthorne-st-89123-93465
2026-09-12,INVH,Las Vegas,"948 Country Skies Ave, Las Vegas, NV, 89123",Las Vegas,INVH-948-country-skies-ave-las-vegas-nv-89123,3,2.0,1416,2045.0,2026-09-12,19 months,False,,,,,,,,https://www.invitationhomes.com/houses-for-rent/948-country-skies-ave-las-vegas-nv-89123,2026-07-19,2026-09-12,NV,Las Vegas,,,,,948-country-skies-ave-las-vegas-nv-89123
2026-09-12,INVH,Las Vegas,"616 Thornewood Pl, Las Vegas, NV, 89123",Las Vegas,INVH-616-thornewood-pl-89123-90629,3,2.0,1250,1995.0,2026-10-08,19 months,False,,,,,,,,https://www.invitationhomes.com/houses-for-rent/616-thornewood-pl-89123-90629,2026-09-03,2026-09-12,NV,Las Vegas,,,,,616-thornewood-pl-89123-90629
2026-09-12,INVH,Las Vegas,"2867 Donegal St, Henderson, NV, 89044",Las Vegas,INVH-2867-donegal-st-henderson-nv-89044,3,2.5,2661,3099.0,2026-10-14,19 months,False,,,,,,,,https://www.invitationhomes.com/houses-for-rent/2867-donegal-st-henderson-nv-89044,2026-09-03,2026-09-12,NV,Henderson,,,,,2867-donegal-st-henderson-nv-89044
2026-09-12,INVH,Las Vegas,"1331 Willow Village Ave, Las Vegas, NV, 89183",Las Vegas,INVH-1331-willow-village-ave-89183-8022,2,2.0,1236,2015.0,2026-09-12,19 months,False,,,,,,,,https://www.invitationhomes.com/houses-for-rent/1331-willow-village-ave-89183-8022,2026-07-19,2026-09-12,NV,Las Vegas,,,,,1331-willow-village-ave-89183-8022
2026-09-12,INVH,Las Vegas,"8722 Hawk Canyon St, Henderson, NV, 89074",Las Vegas,INVH-8722-hawk-canyon-st-89074-6392,5,3.0,2846,3230.0,2026-10-23,19 months,False,,,,,,,,https://www.invitationhomes.com/houses-for-rent/8722-hawk-canyon-st-89074-6392,2026-09-09,2026-09-12,NV,Henderson,,,,,8722-hawk-canyon-st-89074-6392
2026-09-12,INVH,Las Vegas,"2468 Via de Cortona, Henderson, NV, 89074",Las Vegas,INVH-2468-via-de-cortona-89074-4724,3,2.0,1302,2095.0,2026-09-12,19 months,False,,,,,,,,https://www.invitationhomes.com/houses-for-rent/2468-via-de-cortona-89074-4724,2026-09-03,2026-09-12,NV,Henderson,,,,,2468-via-de-cortona-89074-4724
2026-09-12,INVH,Las Vegas,"87 Yesterday Dr, Henderson, NV, 89074",Las Vegas,INVH-87-yesterday-dr-henderson-nv-89074,3,2.5,1511,2095.0,2026-10-14,19 months,False,,,,,,,,https://www.invitationhomes.com/houses-for-rent/87-yesterday-dr-henderson-nv-89074,2026-09-03,2026-09-12,NV,Henderson,,,,,87-yesterday-dr-henderson-nv-89074
2026-09-12,INVH,Las Vegas,"2143 Falcon Pointe Ln, Henderson, NV, 89074",Las Vegas,INVH-2143-falcon-pointe-ln-89074-6812,3,3.0,2129,2480.0,2026-09-12,19 months,False,,,,,,,,https://www.invitationhomes.com/houses-for-rent/2143-falcon-pointe-ln-89074-6812,2026-08-16,2026-09-12,NV,Henderson,,,,,2143-falcon-pointe-ln-89074-6812
2026-09-12,INVH,Las Vegas,"54 Puerto Azul Trl, Henderson, NV, 89074",Las Vegas,INVH-54-puerto-azul-trl-89074-6349,4,3.0,2053,2399.0,2026-09-12,19 months,False,,,,,,,,https://www.invitationhomes.com/houses-for-rent/54-puerto-azul-trl-89074-6349,2026-08-02,2026-09-12,NV,Henderson,,,,,54-puerto-azul-trl-89074-6349
2026-09-12,INVH,Las Vegas,"78 Palmar Sur Ct, Henderson, NV, 89074",Las Vegas,INVH-78-palmar-sur-ct-89074-9501,4,2.5,2053,2225.0,2026-09-12,19 months,False,,,,,,,,https://www.invitationhomes.com/houses-for-rent/78-palmar-sur-ct-89074-9501,2026-07-19,2026-09-12,NV,Henderson,,,,,78-palmar-sur-ct-89074-9501
2026-09-12,INVH,Las Vegas,"780 Viento del Montagna Ave, Henderson, NV, 89012",Las Vegas,INVH-780-viento-del-montagna-ave-89012-8567,4,3.0,2942,2745.0,2026-10-13,19 months,False,,,,,,,,https://www.invitationhomes.com/houses-for-rent/780-viento-del-montagna-ave-89012-8567,2026-09-03,2026-09-12,NV,Henderson,,,,,780-viento-del-montagna-ave-89012-8567
2026-09-12,INVH,Las Vegas,"694 Mineral Hill Ln, Henderson, NV, 89002",Las Vegas,INVH-694-mineral-hill-ln-89002-5539,4,2.0,1944,2395.0,2026-10-25,19 months,False,,,,,,,,https://www.invitationhomes.com/houses-for-rent/694-mineral-hill-ln-89002-5539,2026-09-12,2026-09-12,NV,Henderson,,,,,694-mineral-hill-ln-89002-5539
2026-09-12,INVH,Las Vegas,"214 Appian Way, Henderson, NV, 89002",Las Vegas,INVH-214-appian-way-89002-108620,4,2.0,1512,1945.0,2026-09-16,19 months,False,,,,,,,,https://www.invitationhomes.com/houses-for-rent/214-appian-way-89002-108620,2026-09-03,2026-09-12,NV,Henderson,,,,,214-appian-way-89002-108620
2026-09-12,INVH,Las Vegas,"7264 Forefather St, Las Vegas, NV, 89148",Las Vegas,INVH-7264-forefather-st-89148-9609,3,3.0,1301,1765.0,2026-09-17,23 months,False,,,,,,,,https://www.invitationhomes.com/houses-for-rent/7264-forefather-st-89148-9609,2026-09-09,2026-09-12,NV,Las Vegas,,,,,7264-forefather-st-89148-9609
2026-09-12,INVH,Las Vegas,"9293 Hainsworth Ave, Las Vegas, NV, 89148",Las Vegas,INVH-9293-hainsworth-ave-89148-91042,4,2.5,1937,2340.0,2026-09-12,19 months,False,,,,,,,,https://www.invitationhomes.com/houses-for-rent/9293-hainsworth-ave-89148-91042,2026-08-02,2026-09-12,NV,Las Vegas,,,,,9293-hainsworth-ave-89148-91042
2026-09-12,INVH,Las Vegas,"6963 Batik Harbor Ct, Las Vegas, NV, 89148",Las Vegas,INVH-6963-batik-harbor-ct-89148-4939,5,3.0,2607,2735.0,2026-10-16,19 months,False,,,,,,,,https://www.invitationhomes.com/houses-for-rent/6963-batik-harbor-ct-89148-4939,2026-09-12,2026-09-12,NV,Las Vegas,,,,,6963-batik-harbor-ct-89148-4939
2026-09-12,INVH,Las Vegas,"7641 Pallon Ave, Las Vegas, NV, 89113",Las Vegas,INVH-7641-pallon-ave-89113-6181,3,3.0,1502,1995.0,2026-09-16,19 months,False,,,,,,,,https://www.invitationhomes.com/houses-for-rent/7641-pallon-ave-89113-6181,2026-09-06,2026-09-12,NV,Las Vegas,,,,,7641-pallon-ave-89113-6181
2026-09-12,INVH,Las Vegas,"7744 Bird of Paradise Ct, Las Vegas, NV, 89123",Las Vegas,INVH-7744-bird-of-paradise-ct-89123-8386,5,3.0,2760,3115.0,2026-09-12,19 months,False,,,,,,,,https://www.invitationhomes.com/houses-for-rent/7744-bird-of-paradise-ct-89123-8386,2026-08-10,2026-09-12,NV,Las Vegas,,,,,7744-bird-of-paradise-ct-89123-8386
2026-09-12,INVH,Las Vegas,"9843 Gray Sea Eagle Ave, Las Vegas, NV, 89117",Las Vegas,INVH-9843-gray-sea-eagle-ave-89117-3726,4,3.0,2978,2820.0,2026-09-12,19 months,False,,,,,,,,https://www.invitationhomes.com/houses-for-rent/9843-gray-sea-eagle-ave-89117-3726,2026-07-19,2026-09-12,NV,Las Vegas,,,,,9843-gray-sea-eagle-ave-89117-3726
2026-09-12,INVH,Las Vegas,"3183 Lapis Beach Dr, Las Vegas, NV, 89117",Las Vegas,INVH-3183-lapis-beach-dr-89117-4049,3,3.0,2697,2830.0,2026-09-20,12 months,False,,,,,,,,https://www.invitationhomes.com/houses-for-rent/3183-lapis-beach-dr-89117-4049,2026-08-10,2026-09-12,NV,Las Vegas,,,,,3183-lapis-beach-dr-89117-4049
2026-09-12,INVH,Las Vegas,"1516 Kirby Dr, Las Vegas, NV, 89117",Las Vegas,INVH-1516-kirby-dr-89117-2531,4,3.0,2390,3060.0,2026-09-18,19 months,False,,,,,,,,https://www.invitationhomes.com/houses-for-rent/1516-kirby-dr-89117-2531,2026-08-23,2026-09-12,NV,Las Vegas,,,,,1516-kirby-dr-89117-2531
2026-09-12,INVH,Las Vegas,"7827 Palace Monaco Ave, Las Vegas, NV, 89117",Las Vegas,INVH-7827-palace-monaco-ave-las-vegas-nv-89117,3,2.5,1595,1945.0,2026-09-12,19 months,False,,,,,,,,https://www.invitationhomes.com/houses-for-rent/7827-palace-monaco-ave-las-vegas-nv-89117,2026-07-19,2026-09-12,NV,Las Vegas,,,,,7827-palace-monaco-ave-las-vegas-nv-89117
2026-09-12,INVH,Las Vegas,"508 Thrush Dr, Las Vegas, NV, 89145",Las Vegas,INVH-508-thrush-dr-89145-9686,3,3.0,1650,2145.0,2026-10-03,19 months,False,,,,,,,,https://www.invitationhomes.com/houses-for-rent/508-thrush-dr-89145-9686,2026-08-23,2026-09-12,NV,Las Vegas,,,,,508-thrush-dr-89145-9686
2026-09-12,INVH,Las Vegas,"1628 Sun Canyon Ct, Las Vegas, NV, 89128",Las Vegas,INVH-1628-sun-canyon-ct-89128-7207,4,3.0,2080,2240.0,2026-10-08,19 months,False,,,,,,,,https://www.invitationhomes.com/houses-for-rent/1628-sun-canyon-ct-89128-7207,2026-07-19,2026-09-12,NV,Las Vegas,,,,,1628-sun-canyon-ct-89128-7207
2026-09-12,INVH,Las Vegas,"7413 Sunspot Dr, Las Vegas, NV, 89128",Las Vegas,INVH-7413-sunspot-dr-las-vegas-nv-89128,4,3.0,1865,2245.0,2026-10-02,20 months,False,,,,,,,,https://www.invitationhomes.com/houses-for-rent/7413-sunspot-dr-las-vegas-nv-89128,2026-08-10,2026-09-12,NV,Las Vegas,,,,,7413-sunspot-dr-las-vegas-nv-89128
2026-09-12,INVH,Las Vegas,"7216 Old Time Cir, Las Vegas, NV, 89128",Las Vegas,INVH-7216-old-time-cir-89128-1351,2,2.0,1131,1880.0,2026-10-15,19 months,False,,,,,,,,https://www.invitationhomes.com/houses-for-rent/7216-old-time-cir-89128-1351,2026-09-03,2026-09-12,NV,Las Vegas,,,,,7216-old-time-cir-89128-1351
2026-09-12,INVH,Las Vegas,"1953 Bookbinder Dr, Las Vegas, NV, 89108",Las Vegas,INVH-1953-bookbinder-dr-89108-7743,3,2.0,1292,1790.0,2026-09-12,19 months,False,,,,,,,,https://www.invitationhomes.com/houses-for-rent/1953-bookbinder-dr-89108-7743,2026-07-19,2026-09-12,NV,Las Vegas,,,,,1953-bookbinder-dr-89108-7743
2026-09-12,INVH,Las Vegas,"2709 Brill St, Las Vegas, NV, 89108",Las Vegas,INVH-2709-brill-st-las-vegas-nv-89108,4,3.0,1895,2345.0,2026-10-15,19 months,False,,,,,,,,https://www.invitationhomes.com/houses-for-rent/2709-brill-st-las-vegas-nv-89108,2026-08-16,2026-09-12,NV,Las Vegas,,,,,2709-brill-st-las-vegas-nv-89108
2026-09-12,INVH,Las Vegas,"1512 Auburn Valley Ave, Las Vegas, NV, 89123",Las Vegas,INVH-1512-auburn-valley-ave-89123-2056,5,3.0,2686,2580.0,2026-09-12,19 months,False,,,,,,,,https://www.invitationhomes.com/houses-for-rent/1512-auburn-valley-ave-89123-2056,2026-07-19,2026-09-12,NV,Las Vegas,,,,,1512-auburn-valley-ave-89123-2056
2026-09-12,INVH,Las Vegas,"7749 Brook Valley Dr, Las Vegas, NV, 89123",Las Vegas,INVH-7749-brook-valley-dr-89123-6518,3,3.0,2499,2435.0,2026-09-14,19 months,False,,,,,,,,https://www.invitationhomes.com/houses-for-rent/7749-brook-valley-dr-89123-6518,2026-08-16,2026-09-12,NV,Las Vegas,,,,,7749-brook-valley-dr-89123-6518
2026-09-12,INVH,Las Vegas,"2667 Ridgewater Cir, Henderson, NV, 89074",Las Vegas,INVH-2667-ridgewater-cir-89074-83570,3,2.5,2021,2395.0,2026-10-16,19 months,False,,,,,,,,https://www.invitationhomes.com/houses-for-rent/2667-ridgewater-cir-89074-83570,2026-09-03,2026-09-12,NV,Henderson,,,,,2667-ridgewater-cir-89074-83570
2026-09-12,INVH,Las Vegas,"313 Abbington St, Henderson, NV, 89074",Las Vegas,INVH-313-abbington-st-89074-91488,3,2.0,1351,2045.0,2026-09-12,19 months,False,,,,,,,,https://www.invitationhomes.com/houses-for-rent/313-abbington-st-89074-91488,2026-07-19,2026-09-12,NV,Henderson,,,,,313-abbington-st-89074-91488
2026-09-12,INVH,Las Vegas,"330 Hutchings Ln, Henderson, NV, 89074",Las Vegas,INVH-330-hutchings-ln-89074-2486,4,3.0,2031,2375.0,2026-09-14,19 months,False,,,,,,,,https://www.invitationhomes.com/houses-for-rent/330-hutchings-ln-89074-2486,2026-08-02,2026-09-12,NV,Henderson,,,,,330-hutchings-ln-89074-2486
2026-09-12,INVH,Las Vegas,"330 Templeton Dr, Henderson, NV, 89074",Las Vegas,INVH-330-templeton-dr-henderson-nv-89074,4,3.0,2029,2545.0,2026-09-12,19 months,False,,,,,,,,https://www.invitationhomes.com/houses-for-rent/330-templeton-dr-henderson-nv-89074,2026-06-14,2026-09-12,NV,Henderson,,,,,330-templeton-dr-henderson-nv-89074
2026-09-12,INVH,Las Vegas,"182 Raton Dr, Henderson, NV, 89074",Las Vegas,INVH-182-raton-dr-89074-4410,4,3.0,2575,2945.0,2026-10-14,19 months,False,,,,,,,,https://www.invitationhomes.com/houses-for-rent/182-raton-dr-89074-4410,2026-09-03,2026-09-12,NV,Henderson,,,,,182-raton-dr-89074-4410
2026-09-12,INVH,Las Vegas,"198 Kachina Dr, Henderson, NV, 89074",Las Vegas,INVH-198-kachina-dr-89074-6726,4,2.75,2214,2770.0,2026-10-25,19 months,False,,,,,,,,https://www.invitationhomes.com/houses-for-rent/198-kachina-dr-89074-6726,2026-09-12,2026-09-12,NV,Henderson,,,,,198-kachina-dr-89074-6726
2026-09-12,INVH,Las Vegas,"1700 Dixie Peak Ct, Henderson, NV, 89014",Las Vegas,INVH-1700-dixie-peak-ct-89014-1125,4,3.0,2362,2745.0,2026-09-24,19 months,False,,,,,,,,https://www.invitationhomes.com/houses-for-rent/1700-dixie-peak-ct-89014-1125,2026-04-04,2026-09-12,NV,Henderson,,,,,1700-dixie-peak-ct-89014-1125
2026-09-12,INVH,Las Vegas,"1299 Winter Solstice Ave, Henderson, NV, 89014",Las Vegas,INVH-1299-winter-solstice-ave-89014-94636,3,2.0,1570,2135.0,2026-09-12,19 months,False,,,,,,,,https://www.invitationhomes.com/houses-for-rent/1299-winter-solstice-ave-89014-94636,2026-09-03,2026-09-12,NV,Henderson,,,,,1299-winter-solstice-ave-89014-94636
2026-09-12,INVH,Las Vegas,"274 Prudence Ct, Henderson, NV, 89074",Las Vegas,INVH-274-prudence-ct-89074-6168,3,3.0,2745,2795.0,2026-09-12,19 months,False,,,,,,,,https://www.invitationhomes.com/houses-for-rent/274-prudence-ct-89074-6168,2026-09-03,2026-09-12,NV,Henderson,,,,,274-prudence-ct-89074-6168
2026-09-12,INVH,Las Vegas,"760 Charwood Cir, Henderson, NV, 89014",Las Vegas,INVH-760-charwood-cir-89014-8823,3,2.0,1601,1999.0,2026-09-12,23 months,False,,,,,,,,https://www.invitationhomes.com/houses-for-rent/760-charwood-cir-89014-8823,2026-07-19,2026-09-12,NV,Henderson,,,,,760-charwood-cir-89014-8823
2026-09-12,INVH,Las Vegas,"6278 Castle Kennedy St, Henderson, NV, 89011",Las Vegas,INVH-6278-castle-kennedy-st-89011-91566,3,2.5,1415,2015.0,2026-09-27,19 months,False,,,,,,,,https://www.invitationhomes.com/houses-for-rent/6278-castle-kennedy-st-89011-91566,2026-08-16,2026-09-12,NV,Henderson,,,,,6278-castle-kennedy-st-89011-91566
2026-09-12,INVH,Las Vegas,"6098 Aripeka St, Henderson, NV, 89011",Las Vegas,INVH-6098-aripeka-st-89011-6332,2,2.5,1193,1825.0,2026-10-15,19 months,False,,,,,,,,https://www.invitationhomes.com/houses-for-rent/6098-aripeka-st-89011-6332,2026-09-03,2026-09-12,NV,Henderson,,,,,6098-aripeka-st-89011-6332
2026-09-12,INVH,Las Vegas,"181 Almond Ridge Pl, Henderson, NV, 89015",Las Vegas,INVH-181-almond-ridge-pl-89015-90077,3,2.0,1316,1845.0,2026-09-15,19 months,False,,,,,,,,https://www.invitationhomes.com/houses-for-rent/181-almond-ridge-pl-89015-90077,2026-09-03,2026-09-12,NV,Henderson,,,,,181-almond-ridge-pl-89015-90077
2026-09-12,INVH,Las Vegas,"6463 Ness Gardens Ct, Las Vegas, NV, 89122",Las Vegas,INVH-6463-ness-gardens-ct-89122-5905,3,3.0,1457,1895.0,2026-10-24,19 months,False,,,,,,,,https://www.invitationhomes.com/houses-for-rent/6463-ness-gardens-ct-89122-5905,2026-09-09,2026-09-12,NV,Las Vegas,,,,,6463-ness-gardens-ct-89122-5905
2026-09-12,INVH,Las Vegas,"5035 Midnight Oil Drive, Las Vegas, NV, 89122",Las Vegas,INVH-5035-midnight-oil-drive-89122-108571,3,2.5,1540,1849.0,2026-09-15,23 months,False,,,,,,,,https://www.invitationhomes.com/houses-for-rent/5035-midnight-oil-drive-89122-108571,2026-08-23,2026-09-12,NV,Las Vegas,,,,,5035-midnight-oil-drive-89122-108571
2026-09-12,INVH,Las Vegas,"3599 Bufflehead St, Las Vegas, NV, 89122",Las Vegas,INVH-3599-bufflehead-st-89122-4044,5,3.5,3749,3099.0,2026-09-12,19 months,False,,,,,,,,https://www.invitationhomes.com/houses-for-rent/3599-bufflehead-st-89122-4044,2026-07-19,2026-09-12,NV,Las Vegas,,,,,3599-bufflehead-st-89122-4044
2026-09-12,INVH,Las Vegas,"3786 Tundra Swan Street, Las Vegas, NV, 89122",Las Vegas,INVH-3786-tundra-swan-street-89122-108562,5,3.0,3049,2495.0,2026-10-18,19 months,False,,,,,,,,https://www.invitationhomes.com/houses-for-rent/3786-tundra-swan-street-89122-108562,2026-09-03,2026-09-12,NV,Las Vegas,,,,,3786-tundra-swan-street-89122-108562
2026-09-12,INVH,Las Vegas,"1864 Verde Mirada Dr, Las Vegas, NV, 89115",Las Vegas,INVH-1864-verde-mirada-dr-las-vegas-nv-89115,4,3.0,2769,2335.0,2026-09-12,12 months,False,,,,,,,,https://www.invitationhomes.com/houses-for-rent/1864-verde-mirada-dr-las-vegas-nv-89115,2026-04-04,2026-09-12,NV,Las Vegas,,,,,1864-verde-mirada-dr-las-vegas-nv-89115
2026-09-12,INVH,Las Vegas,"5961 Mahogany Mountain Dr, Las Vegas, NV, 89142",Las Vegas,INVH-5961-mahogany-mountain-dr-89142-5213,3,3.0,1594,1880.0,2026-09-12,19 months,False,,,,,,,,https://www.invitationhomes.com/houses-for-rent/5961-mahogany-mountain-dr-89142-5213,2026-07-19,2026-09-12,NV,Las Vegas,,,,,5961-mahogany-mountain-dr-89142-5213
2026-09-12,INVH,Las Vegas,"6554 Coronado Canyon Ave, Las Vegas, NV, 89142",Las Vegas,INVH-6554-coronado-canyon-ave-89142-3201,3,2.5,1352,1870.0,2026-10-09,19 months,False,,,,,,,,https://www.invitationhomes.com/houses-for-rent/6554-coronado-canyon-ave-89142-3201,2026-09-03,2026-09-12,NV,Las Vegas,,,,,6554-coronado-canyon-ave-89142-3201
2026-09-12,INVH,Las Vegas,"915 Golden Poppy St, Las Vegas, NV, 89110",Las Vegas,INVH-915-golden-poppy-st-las-vegas-nv-89110,4,3.0,3168,2695.0,2026-09-12,19 months,False,,,,,,,,https://www.invitationhomes.com/houses-for-rent/915-golden-poppy-st-las-vegas-nv-89110,2026-08-02,2026-09-12,NV,Las Vegas,,,,,915-golden-poppy-st-las-vegas-nv-89110
2026-09-12,INVH,Las Vegas,"6240 Branded Brook Ave, Las Vegas, NV, 89156",Las Vegas,INVH-6240-branded-brook-ave-89156-6659,3,2.0,1630,1945.0,2026-09-12,19 months,False,,,,,,,,https://www.invitationhomes.com/houses-for-rent/6240-branded-brook-ave-89156-6659,2026-08-02,2026-09-12,NV,Las Vegas,,,,,6240-branded-brook-ave-89156-6659
2026-09-12,INVH,Las Vegas,"941 Chaps Cir, Henderson, NV, 89002",Las Vegas,INVH-941-chaps-cir-henderson-nv-89002,4,2.0,1577,2240.0,2026-09-30,19 months,False,,,,,,,,https://www.invitationhomes.com/houses-for-rent/941-chaps-cir-henderson-nv-89002,2026-08-16,2026-09-12,NV,Henderson,,,,,941-chaps-cir-henderson-nv-89002
2026-09-12,INVH,Las Vegas,"722 Booted Eagle St, Henderson, NV, 89015",Las Vegas,INVH-722-booted-eagle-st-89015-4228,3,3.0,1890,2195.0,2026-09-12,19 months,False,,,,,,,,https://www.invitationhomes.com/houses-for-rent/722-booted-eagle-st-89015-4228,2026-08-10,2026-09-12,NV,Henderson,,,,,722-booted-eagle-st-89015-4228
2026-09-12,INVH,Las Vegas,"1130 Gainesborough Ct, Henderson, NV, 89015",Las Vegas,INVH-1130-gainesborough-ct-henderson-nv-89015,4,2.5,2221,2595.0,2026-10-15,19 months,False,,,,,,,,https://www.invitationhomes.com/houses-for-rent/1130-gainesborough-ct-henderson-nv-89015,2026-09-03,2026-09-12,NV,Henderson,,,,,1130-gainesborough-ct-henderson-nv-89015
2026-09-12,INVH,Las Vegas,"433 Mystic River St, Henderson, NV, 89015",Las Vegas,INVH-433-mystic-river-st-89015-95301,5,3.0,2944,3145.0,2026-10-03,19 months,False,,,,,,,,https://www.invitationhomes.com/houses-for-rent/433-mystic-river-st-89015-95301,2026-08-23,2026-09-12,NV,Henderson,,,,,433-mystic-river-st-89015-95301
2026-09-12,INVH,Las Vegas,"439 Bell Ave, Henderson, NV, 89015",Las Vegas,INVH-439-bell-ave-henderson-nv-89015,3,2.0,1241,2099.0,2026-09-12,23 months,False,,,,,,,,https://www.invitationhomes.com/houses-for-rent/439-bell-ave-henderson-nv-89015,2026-08-16,2026-09-12,NV,Henderson,,,,,439-bell-ave-henderson-nv-89015
2026-09-12,INVH,Las Vegas,"1013 Companion Way, Henderson, NV, 89011",Las Vegas,INVH-1013-companion-way-89011-4793,4,3.0,2242,2595.0,2026-09-14,19 months,False,,,,,,,,https://www.invitationhomes.com/houses-for-rent/1013-companion-way-89011-4793,2026-09-03,2026-09-12,NV,Henderson,,,,,1013-companion-way-89011-4793
2026-09-12,INVH,Las Vegas,"9348 Jumpin Juniper Avenue, Las Vegas, NV, 89129",Las Vegas,INVH-9348-jumpin-juniper-avenue-89129-108898,3,2.0,1254,1925.0,2026-10-15,19 months,False,,,,,,,,https://www.invitationhomes.com/houses-for-rent/9348-jumpin-juniper-avenue-89129-108898,2026-04-04,2026-09-12,NV,Las Vegas,,,,,9348-jumpin-juniper-avenue-89129-108898
2026-09-12,INVH,Las Vegas,"9173 Sparklewood Court, Las Vegas, NV, 89129",Las Vegas,INVH-9173-sparklewood-court-89129-108695,4,2.5,1659,2170.0,2026-09-14,19 months,False,,,,,,,,https://www.invitationhomes.com/houses-for-rent/9173-sparklewood-court-89129-108695,2026-08-02,2026-09-12,NV,Las Vegas,,,,,9173-sparklewood-court-89129-108695
2026-09-12,INVH,Las Vegas,"9401 Sparkling Waters Ave, Las Vegas, NV, 89129",Las Vegas,INVH-9401-sparkling-waters-ave-89129-6847,3,3.0,2368,2735.0,2026-10-25,19 months,False,,,,,,,,https://www.invitationhomes.com/houses-for-rent/9401-sparkling-waters-ave-89129-6847,2026-09-12,2026-09-12,NV,Las Vegas,,,,,9401-sparkling-waters-ave-89129-6847
2026-09-12,INVH,Las Vegas,"8508 W Gilmore Ave, Las Vegas, NV, 89129",Las Vegas,INVH-8508-w-gilmore-ave-89129-7609,6,3.0,3083,3435.0,2026-09-28,19 months,False,,,,,,,,https://www.invitationhomes.com/houses-for-rent/8508-w-gilmore-ave-89129-7609,2026-08-16,2026-09-12,NV,Las Vegas,,,,,8508-w-gilmore-ave-89129-7609
2026-09-12,INVH,Las Vegas,"3121 Autumn Leaf Ct, Las Vegas, NV, 89108",Las Vegas,INVH-3121-autumn-leaf-ct-89108-1370,4,2.0,1918,2345.0,2026-10-16,19 months,False,,,,,,,,https://www.invitationhomes.com/houses-for-rent/3121-autumn-leaf-ct-89108-1370,2026-09-03,2026-09-12,NV,Las Vegas,,,,,3121-autumn-leaf-ct-89108-1370
2026-09-12,INVH,Las Vegas,"7224 Camden Pine Ave, Las Vegas, NV, 89129",Las Vegas,INVH-7224-camden-pine-ave-89129-7125,3,2.0,1337,1949.0,2026-09-29,23 months,False,,,,,,,,https://www.invitationhomes.com/houses-for-rent/7224-camden-pine-ave-89129-7125,2026-08-16,2026-09-12,NV,Las Vegas,,,,,7224-camden-pine-ave-89129-7125
2026-09-12,INVH,Las Vegas,"7036 Overhill Ave, Las Vegas, NV, 89129",Las Vegas,INVH-7036-overhill-ave-las-vegas-nv-89129,3,2.0,1593,2135.0,2026-10-27,19 months,False,,,,,,,,https://www.invitationhomes.com/houses-for-rent/7036-overhill-ave-las-vegas-nv-89129,2026-09-12,2026-09-12,NV,Las Vegas,,,,,7036-overhill-ave-las-vegas-nv-89129
2026-09-12,INVH,Las Vegas,"6285 Hill Haven Ave, Las Vegas, NV, 89130",Las Vegas,INVH-6285-hill-haven-ave-89130-95252,3,2.0,1881,2095.0,2026-09-12,19 months,False,,,,,,,,https://www.invitationhomes.com/houses-for-rent/6285-hill-haven-ave-89130-95252,2026-04-04,2026-09-12,NV,Las Vegas,,,,,6285-hill-haven-ave-89130-95252
2026-09-12,INVH,Las Vegas,"4794 Hampstead Heath Ct, Las Vegas, NV, 89130",Las Vegas,INVH-4794-hampstead-heath-ct-89130-108838,4,3.5,1686,2070.0,2026-09-12,19 months,False,,,,,,,,https://www.invitationhomes.com/houses-for-rent/4794-hampstead-heath-ct-89130-108838,2026-07-19,2026-09-12,NV,Las Vegas,,,,,4794-hampstead-heath-ct-89130-108838
2026-09-12,INVH,Las Vegas,"9336 Thunder Falls Ct, Las Vegas, NV, 89149",Las Vegas,INVH-9336-thunder-falls-ct-89149-5826,4,3.0,2308,2385.0,2026-09-16,19 months,False,,,,,,,,https://www.invitationhomes.com/houses-for-rent/9336-thunder-falls-ct-89149-5826,2026-08-16,2026-09-12,NV,Las Vegas,,,,,9336-thunder-falls-ct-89149-5826
2026-09-12,INVH,Las Vegas,"9029 Spirit Canyon Ave, Las Vegas, NV, 89149",Las Vegas,INVH-9029-spirit-canyon-ave-89149-95866,3,2.5,1723,2390.0,2026-09-12,19 months,False,,,,,,,,https://www.invitationhomes.com/houses-for-rent/9029-spirit-canyon-ave-89149-95866,2026-09-03,2026-09-12,NV,Las Vegas,,,,,9029-spirit-canyon-ave-89149-95866
2026-09-12,INVH,Las Vegas,"7341 Nautical Stone Ct, Las Vegas, NV, 89149",Las Vegas,INVH-7341-nautical-stone-ct-89149-90304,3,2.5,1782,2095.0,2026-10-15,19 months,False,,,,,,,,https://www.invitationhomes.com/houses-for-rent/7341-nautical-stone-ct-89149-90304,2026-09-03,2026-09-12,NV,Las Vegas,,,,,7341-nautical-stone-ct-89149-90304
2026-09-12,INVH,Las Vegas,"7205 Tame Pl, Las Vegas, NV, 89131",Las Vegas,INVH-7205-tame-pl-89131-9253,3,3.0,1674,2145.0,2026-09-12,19 months,False,,,,,,,,https://www.invitationhomes.com/houses-for-rent/7205-tame-pl-89131-9253,2026-04-26,2026-09-12,NV,Las Vegas,,,,,7205-tame-pl-89131-9253
2026-09-12,INVH,Las Vegas,"8044 Revolver Ave, Las Vegas, NV, 89131",Las Vegas,INVH-8044-revolver-ave-89131-7557,3,2.5,1674,2120.0,2026-10-03,19 months,False,,,,,,,,https://www.invitationhomes.com/houses-for-rent/8044-revolver-ave-89131-7557,2026-08-23,2026-09-12,NV,Las Vegas,,,,,8044-revolver-ave-89131-7557
2026-09-12,INVH,Las Vegas,"5725 Pebble Rock Dr, Las Vegas, NV, 89149",Las Vegas,INVH-5725-pebble-rock-dr-89149-91279,3,2.5,1644,2099.0,2026-09-12,23 months,False,,,,,,,,https://www.invitationhomes.com/houses-for-rent/5725-pebble-rock-dr-89149-91279,2026-05-24,2026-09-12,NV,Las Vegas,,,,,5725-pebble-rock-dr-89149-91279
2026-09-12,INVH,Las Vegas,"7285 Golden Star Ave, Las Vegas, NV, 89130",Las Vegas,INVH-7285-golden-star-ave-89130-9830,3,2.0,1454,1830.0,2026-09-12,19 months,False,,,,,,,,https://www.invitationhomes.com/houses-for-rent/7285-golden-star-ave-89130-9830,2026-08-10,2026-09-12,NV,Las Vegas,,,,,7285-golden-star-ave-89130-9830
2026-09-12,INVH,Las Vegas,"7261 Gold Find Ct, Las Vegas, NV, 89130",Las Vegas,INVH-7261-gold-find-ct-89130-9680,4,2.5,1864,2010.0,2026-09-12,19 months,False,,,,,,,,https://www.invitationhomes.com/houses-for-rent/7261-gold-find-ct-89130-9680,2026-07-19,2026-09-12,NV,Las Vegas,,,,,7261-gold-find-ct-89130-9680
2026-09-12,INVH,Las Vegas,"6701 Snake River Ave, Las Vegas, NV, 89130",Las Vegas,INVH-6701-snake-river-ave-89130-8917,3,3.0,1938,2260.0,2026-09-12,19 months,False,,,,,,,,https://www.invitationhomes.com/houses-for-rent/6701-snake-river-ave-89130-8917,2026-07-19,2026-09-12,NV,Las Vegas,,,,,6701-snake-river-ave-89130-8917
2026-09-12,INVH,Las Vegas,"5308 Rizari Ct, Las Vegas, NV, 89130",Las Vegas,INVH-5308-rizari-ct-89130-9019,4,2.5,2357,2660.0,2026-09-12,19 months,False,,,,,,,,https://www.invitationhomes.com/houses-for-rent/5308-rizari-ct-89130-9019,2026-07-19,2026-09-12,NV,Las Vegas,,,,,5308-rizari-ct-89130-9019
2026-09-12,INVH,Las Vegas,"5908 Kane Holly St, Las Vegas, NV, 89130",Las Vegas,INVH-5908-kane-holly-st-89130-8299,3,2.0,1998,2295.0,2026-10-15,19 months,False,,,,,,,,https://www.invitationhomes.com/houses-for-rent/5908-kane-holly-st-89130-8299,2026-09-03,2026-09-12,NV,Las Vegas,,,,,5908-kane-holly-st-89130-8299
2026-09-12,INVH,Las Vegas,"7504 Elk Meadows Ct, Las Vegas, NV, 89131",Las Vegas,INVH-7504-elk-meadows-ct-89131-95842,4,2.0,2128,2395.0,2026-10-02,19 months,False,,,,,,,,https://www.invitationhomes.com/houses-for-rent/7504-elk-meadows-ct-89131-95842,2026-08-23,2026-09-12,NV,Las Vegas,,,,,7504-elk-meadows-ct-89131-95842
2026-09-12,INVH,Las Vegas,"7805 Robinglen Ave, Las Vegas, NV, 89131",Las Vegas,INVH-7805-robinglen-ave-89131-4924,4,3.0,2284,2570.0,2026-09-25,12 months,False,,,,,,,,https://www.invitationhomes.com/houses-for-rent/7805-robinglen-ave-89131-4924,2026-05-17,2026-09-12,NV,Las Vegas,,,,,7805-robinglen-ave-89131-4924
2026-09-12,INVH,Las Vegas,"7839 Meandering Path Ave, Las Vegas, NV, 89131",Las Vegas,INVH-7839-meandering-path-ave-89131-5691,5,3.0,2220,2695.0,2026-09-12,19 months,False,,,,,,,,https://www.invitationhomes.com/houses-for-rent/7839-meandering-path-ave-89131-5691,2026-08-02,2026-09-12,NV,Las Vegas,,,,,7839-meandering-path-ave-89131-5691
2026-09-12,INVH,Las Vegas,"4508 Plano Dr, Las Vegas, NV, 89130",Las Vegas,INVH-4508-plano-dr-89130-2610,4,2.0,1802,2145.0,2026-10-21,19 months,False,,,,,,,,https://www.invitationhomes.com/houses-for-rent/4508-plano-dr-89130-2610,2026-09-06,2026-09-12,NV,Las Vegas,,,,,4508-plano-dr-89130-2610
2026-09-12,INVH,Las Vegas,"4549 Special Ct, Las Vegas, NV, 89130",Las Vegas,INVH-4549-special-ct-89130-6771,3,2.0,1586,2125.0,2026-09-26,19 months,False,,,,,,,,https://www.invitationhomes.com/houses-for-rent/4549-special-ct-89130-6771,2026-08-16,2026-09-12,NV,Las Vegas,,,,,4549-special-ct-89130-6771
2026-09-12,INVH,Las Vegas,"3208 Wexford Hill Ct, North Las Vegas, NV, 89031",Las Vegas,INVH-3208-wexford-hill-ct-89031-7280,3,2.0,1381,1910.0,2026-10-14,19 months,False,,,,,,,,https://www.invitationhomes.com/houses-for-rent/3208-wexford-hill-ct-89031-7280,2026-09-03,2026-09-12,NV,North Las Vegas,,,,,3208-wexford-hill-ct-89031-7280
2026-09-12,INVH,Las Vegas,"904 Agave Avenue, North Las Vegas, NV, 89032",Las Vegas,INVH-904-agave-avenue-89032-108827,4,3.0,1987,2330.0,2026-10-14,19 months,False,,,,,,,,https://www.invitationhomes.com/houses-for-rent/904-agave-avenue-89032-108827,2026-09-03,2026-09-12,NV,North Las Vegas,,,,,904-agave-avenue-89032-108827
2026-09-12,INVH,Las Vegas,"1516 Los Alamos Dr, North Las Vegas, NV, 89031",Las Vegas,INVH-1516-los-alamos-dr-north-las-vegas-nv-89031,3,2.0,1318,1975.0,2026-10-15,19 months,False,,,,,,,,https://www.invitationhomes.com/houses-for-rent/1516-los-alamos-dr-north-las-vegas-nv-89031,2026-09-03,2026-09-12,NV,North Las Vegas,,,,,1516-los-alamos-dr-north-las-vegas-nv-89031
2026-09-12,INVH,Las Vegas,"612 Grand Revere Pl, North Las Vegas, NV, 89032",Las Vegas,INVH-612-grand-revere-pl-89032-5750,3,2.0,1507,2115.0,2026-09-14,19 months,False,,,,,,,,https://www.invitationhomes.com/houses-for-rent/612-grand-revere-pl-89032-5750,2026-07-19,2026-09-12,NV,North Las Vegas,,,,,612-grand-revere-pl-89032-5750
2026-09-12,INVH,Las Vegas,"4916 Crystal Field St, North Las Vegas, NV, 89031",Las Vegas,INVH-4916-crystal-field-st-89031-95669,4,3.0,2794,2545.0,2026-09-15,19 months,False,,,,,,,,https://www.invitationhomes.com/houses-for-rent/4916-crystal-field-st-89031-95669,2026-07-19,2026-09-12,NV,North Las Vegas,,,,,4916-crystal-field-st-89031-95669
2026-09-12,INVH,Las Vegas,"5201 Wapiti Point Ct, Las Vegas, NV, 89130",Las Vegas,INVH-5201-wapiti-point-ct-89130-3872,3,3.0,1969,2290.0,2026-09-12,12 months,False,,,,,,,,https://www.invitationhomes.com/houses-for-rent/5201-wapiti-point-ct-89130-3872,2026-07-19,2026-09-12,NV,Las Vegas,,,,,5201-wapiti-point-ct-89130-3872
2026-09-12,INVH,Las Vegas,"3725 Saint Charles Ct, North Las Vegas, NV, 89031",Las Vegas,INVH-3725-saint-charles-ct-89031-4876,3,2.0,1611,2195.0,2026-09-22,19 months,False,,,,,,,,https://www.invitationhomes.com/houses-for-rent/3725-saint-charles-ct-89031-4876,2026-09-06,2026-09-12,NV,North Las Vegas,,,,,3725-saint-charles-ct-89031-4876
2026-09-12,INVH,Las Vegas,"1810 Running Fawn Ct, North Las Vegas, NV, 89031",Las Vegas,INVH-1810-running-fawn-ct-89031-3393,4,2.0,1701,2125.0,2026-09-15,19 months,False,,,,,,,,https://www.invitationhomes.com/houses-for-rent/1810-running-fawn-ct-89031-3393,2026-08-02,2026-09-12,NV,North Las Vegas,,,,,1810-running-fawn-ct-89031-3393
2026-09-12,INVH,Las Vegas,"1632 Heather Ridge Rd, North Las Vegas, NV, 89031",Las Vegas,INVH-1632-heather-ridge-rd-89031-94339,4,3.0,1976,2245.0,2026-10-20,19 months,False,,,,,,,,https://www.invitationhomes.com/houses-for-rent/1632-heather-ridge-rd-89031-94339,2026-09-06,2026-09-12,NV,North Las Vegas,,,,,1632-heather-ridge-rd-89031-94339
2026-09-12,INVH,Las Vegas,"1401 Bent Arrow Dr, North Las Vegas, NV, 89031",Las Vegas,INVH-1401-bent-arrow-dr-89031-2651,2,2.0,1069,1895.0,2026-09-12,19 months,False,,,,,,,,https://www.invitationhomes.com/houses-for-rent/1401-bent-arrow-dr-89031-2651,2026-07-19,2026-09-12,NV,North Las Vegas,,,,,1401-bent-arrow-dr-89031-2651
2026-09-12,INVH,Las Vegas,"2713 Fern Forest Ct, North Las Vegas, NV, 89031",Las Vegas,INVH-2713-fern-forest-ct-89031-6590,4,2.0,1854,2345.0,2026-10-22,19 months,False,,,,,,,,https://www.invitationhomes.com/houses-for-rent/2713-fern-forest-ct-89031-6590,2026-09-09,2026-09-12,NV,North Las Vegas,,,,,2713-fern-forest-ct-89031-6590
2026-09-12,INVH,Las Vegas,"5910 Red Dawn St, North Las Vegas, NV, 89031",Las Vegas,INVH-5910-red-dawn-st-89031-5578,4,3.0,2149,2320.0,2026-10-09,19 months,False,,,,,,,,https://www.invitationhomes.com/houses-for-rent/5910-red-dawn-st-89031-5578,2026-07-19,2026-09-12,NV,North Las Vegas,,,,,5910-red-dawn-st-89031-5578
2026-09-12,INVH,Las Vegas,"5910 Rose Sage Street, North Las Vegas, NV, 89031",Las Vegas,INVH-5910-rose-sage-street-89031-108554,3,2.5,1722,2045.0,2026-09-12,19 months,False,,,,,,,,https://www.invitationhomes.com/houses-for-rent/5910-rose-sage-street-89031-108554,2026-07-19,2026-09-12,NV,North Las Vegas,,,,,5910-rose-sage-street-89031-108554
2026-09-12,INVH,Las Vegas,"349 Point Loma Ave, North Las Vegas, NV, 89031",Las Vegas,INVH-349-point-loma-ave-89031-4918,4,2.5,2196,2295.0,2026-10-15,19 months,False,,,,,,,,https://www.invitationhomes.com/houses-for-rent/349-point-loma-ave-89031-4918,2026-09-09,2026-09-12,NV,North Las Vegas,,,,,349-point-loma-ave-89031-4918
2026-09-12,INVH,Las Vegas,"2425 Courlan Dr, North Las Vegas, NV, 89084",Las Vegas,INVH-2425-courlan-dr-89084-95065,3,3.0,1896,2095.0,2026-09-25,19 months,False,,,,,,,,https://www.invitationhomes.com/houses-for-rent/2425-courlan-dr-89084-95065,2026-08-02,2026-09-12,NV,North Las Vegas,,,,,2425-courlan-dr-89084-95065
2026-09-12,INVH,Las Vegas,"1851 Gentle Dawn Ave, North Las Vegas, NV, 89084",Las Vegas,INVH-1851-gentle-dawn-avenue-89084-8206,5,3.0,3539,3180.0,2026-10-01,19 months,False,,,,,,,,https://www.invitationhomes.com/houses-for-rent/1851-gentle-dawn-avenue-89084-8206,2026-08-23,2026-09-12,NV,North Las Vegas,,,,,1851-gentle-dawn-avenue-89084-8206
2026-09-12,INVH,Las Vegas,"6653 Maple Mesa St, North Las Vegas, NV, 89084",Las Vegas,INVH-6653-maple-mesa-st-89084-1360,4,3.0,2224,2449.0,2026-10-11,19 months,False,,,,,,,,https://www.invitationhomes.com/houses-for-rent/6653-maple-mesa-st-89084-1360,2026-09-03,2026-09-12,NV,North Las Vegas,,,,,6653-maple-mesa-st-89084-1360
2026-09-12,INVH,Las Vegas,"641 Painted Opus Pl, North Las Vegas, NV, 89084",Las Vegas,INVH-641-painted-opus-pl-89084-5281,4,2.0,1665,2175.0,2026-10-10,19 months,False,,,,,,,,https://www.invitationhomes.com/houses-for-rent/641-painted-opus-pl-89084-5281,2026-09-03,2026-09-12,NV,North Las Vegas,,,,,641-painted-opus-pl-89084-5281
2026-09-12,INVH,Las Vegas,"408 Prairie Moon Ave, North Las Vegas, NV, 89084",Las Vegas,INVH-408-prairie-moon-ave-north-las-vegas-nv-89084,3,2.5,2315,2435.0,2026-09-16,19 months,False,,,,,,,,https://www.invitationhomes.com/houses-for-rent/408-prairie-moon-ave-north-las-vegas-nv-89084,2026-07-19,2026-09-12,NV,North Las Vegas,,,,,408-prairie-moon-ave-north-las-vegas-nv-89084
2026-09-12,INVH,Las Vegas,"6545 Butterfly Sky St, North Las Vegas, NV, 89084",Las Vegas,INVH-6545-butterfly-sky-st-north-las-vegas-nv-89084,3,2.5,1656,2125.0,2026-10-01,12 months,False,,,,,,,,https://www.invitationhomes.com/houses-for-rent/6545-butterfly-sky-st-north-las-vegas-nv-89084,2026-09-12,2026-09-12,NV,North Las Vegas,,,,,6545-butterfly-sky-st-north-las-vegas-nv-89084
2026-09-12,INVH,Las Vegas,"7912 Point Oaks Ct, Las Vegas, NV, 89149",Las Vegas,INVH-7912-point-oaks-ct-89149-82999,3,2.5,1788,1995.0,2026-09-12,19 months,False,,,,,,,,https://www.invitationhomes.com/houses-for-rent/7912-point-oaks-ct-89149-82999,2026-07-19,2026-09-12,NV,Las Vegas,,,,,7912-point-oaks-ct-89149-82999
2026-09-12,INVH,Las Vegas,"9124 Watermelon Seed Ave, Las Vegas, NV, 89143",Las Vegas,INVH-9124-watermelon-seed-ave-89143-91593,3,3.0,1528,2075.0,2026-10-15,19 months,False,,,,,,,,https://www.invitationhomes.com/houses-for-rent/9124-watermelon-seed-ave-89143-91593,2026-09-03,2026-09-12,NV,Las Vegas,,,,,9124-watermelon-seed-ave-89143-91593
2026-09-12,INVH,Las Vegas,"8608 Majestic Pine Ave, Las Vegas, NV, 89143",Las Vegas,INVH-8608-majestic-pine-ave-89143-3225,4,3.0,1784,2175.0,2026-09-26,19 months,False,,,,,,,,https://www.invitationhomes.com/houses-for-rent/8608-majestic-pine-ave-89143-3225,2026-09-03,2026-09-12,NV,Las Vegas,,,,,8608-majestic-pine-ave-89143-3225
2026-09-12,INVH,Las Vegas,"7541 Key Royale Ct, Las Vegas, NV, 89131",Las Vegas,INVH-7541-key-royale-ct-las-vegas-nv-89131,2,2.0,1493,2045.0,2026-10-15,19 months,False,,,,,,,,https://www.invitationhomes.com/houses-for-rent/7541-key-royale-ct-las-vegas-nv-89131,2026-09-03,2026-09-12,NV,Las Vegas,,,,,7541-key-royale-ct-las-vegas-nv-89131
2026-09-12,INVH,Las Vegas,"5009 Morning Falls Ave, Las Vegas, NV, 89131",Las Vegas,INVH-5009-morning-falls-ave-89131-3793,4,3.0,2578,2195.0,2026-09-24,19 months,False,,,,,,,,https://www.invitationhomes.com/houses-for-rent/5009-morning-falls-ave-89131-3793,2026-07-19,2026-09-12,NV,Las Vegas,,,,,5009-morning-falls-ave-89131-3793
2026-09-12,INVH,Las Vegas,"4930 Scholl Canyon Avenue, Las Vegas, NV, 89131",Las Vegas,INVH-4930-scholl-canyon-avenue-89131-108925,4,3.0,3021,2695.0,2026-09-12,19 months,False,,,,,,,,https://www.invitationhomes.com/houses-for-rent/4930-scholl-canyon-avenue-89131-108925,2026-08-02,2026-09-12,NV,Las Vegas,,,,,4930-scholl-canyon-avenue-89131-108925
2026-09-12,INVH,Las Vegas,"4933 Elkin Creek Ave, Las Vegas, NV, 89131",Las Vegas,INVH-4933-elkin-creek-ave-89131-9396,4,2.5,2791,2740.0,2026-10-15,19 months,False,,,,,,,,https://www.invitationhomes.com/houses-for-rent/4933-elkin-creek-ave-89131-9396,2026-09-03,2026-09-12,NV,Las Vegas,,,,,4933-elkin-creek-ave-89131-9396
2026-09-12,INVH,Las Vegas,"8420 Baldwin Canyon Ln, Las Vegas, NV, 89131",Las Vegas,INVH-8420-baldwin-canyon-ln-las-vegas-nv-89131,4,3.0,3688,3095.0,2026-09-14,12 months,False,,,,,,,,https://www.invitationhomes.com/houses-for-rent/8420-baldwin-canyon-ln-las-vegas-nv-89131,2026-09-12,2026-09-12,NV,Las Vegas,,,,,8420-baldwin-canyon-ln-las-vegas-nv-89131
2026-09-12,INVH,Las Vegas,"4130 Pistachio Nut Ave, Las Vegas, NV, 89115",Las Vegas,INVH-4130-pistachio-nut-ave-89115-3629,3,3.0,2009,2245.0,2026-09-25,19 months,False,,,,,,,,https://www.invitationhomes.com/houses-for-rent/4130-pistachio-nut-ave-89115-3629,2026-08-23,2026-09-12,NV,Las Vegas,,,,,4130-pistachio-nut-ave-89115-3629
2026-09-12,INVH,Las Vegas,"5836 Gemstone Peak St, North Las Vegas, NV, 89031",Las Vegas,INVH-5836-gemstone-peak-st-89031-1363,3,2.5,1615,2099.0,2026-09-12,23 months,False,,,,,,,,https://www.invitationhomes.com/houses-for-rent/5836-gemstone-peak-st-89031-1363,2026-07-19,2026-09-12,NV,North Las Vegas,,,,,5836-gemstone-peak-st-89031-1363
2026-09-12,INVH,Las Vegas,"616 Cowboy Cross Ave, North Las Vegas, NV, 89081",Las Vegas,INVH-616-cowboy-cross-ave-north-las-vegas-nv-89081,4,2.0,1656,2099.0,2026-09-29,23 months,False,,,,,,,,https://www.invitationhomes.com/houses-for-rent/616-cowboy-cross-ave-north-las-vegas-nv-89081,2026-08-10,2026-09-12,NV,North Las Vegas,,,,,616-cowboy-cross-ave-north-las-vegas-nv-89081
2026-09-12,INVH,Las Vegas,"1014 Shades End Ave, North Las Vegas, NV, 89081",Las Vegas,INVH-1014-shades-end-ave-north-las-vegas-nv-89081,3,3.0,1788,1970.0,2026-09-12,19 months,False,,,,,,,,https://www.invitationhomes.com/houses-for-rent/1014-shades-end-ave-north-las-vegas-nv-89081,2026-08-02,2026-09-12,NV,North Las Vegas,,,,,1014-shades-end-ave-north-las-vegas-nv-89081
2026-09-12,INVH,Las Vegas,"1417 Lazy Hill Ranch Way, North Las Vegas, NV, 89081",Las Vegas,INVH-1417-lazy-hill-ranch-way-89081-8499,3,2.0,1759,2199.0,2026-10-15,23 months,False,,,,,,,,https://www.invitationhomes.com/houses-for-rent/1417-lazy-hill-ranch-way-89081-8499,2026-09-03,2026-09-12,NV,North Las Vegas,,,,,1417-lazy-hill-ranch-way-89081-8499
2026-09-12,INVH,Las Vegas,"5538 Sun Prairie St, North Las Vegas, NV, 89081",Las Vegas,INVH-5538-sun-prairie-st-89081-3824,3,2.5,1539,1875.0,2026-09-12,19 months,False,,,,,,,,https://www.invitationhomes.com/houses-for-rent/5538-sun-prairie-st-89081-3824,2026-09-03,2026-09-12,NV,North Las Vegas,,,,,5538-sun-prairie-st-89081-3824
2026-09-12,INVH,Las Vegas,"4013 Keasberry Ave, North Las Vegas, NV, 89081",Las Vegas,INVH-4013-keasberry-ave-89081-8012,3,2.0,1765,1995.0,2026-09-12,19 months,False,,,,,,,,https://www.invitationhomes.com/houses-for-rent/4013-keasberry-ave-89081-8012,2026-07-19,2026-09-12,NV,North Las Vegas,,,,,4013-keasberry-ave-89081-8012
2026-09-12,INVH,Phoenix,"43424 W Cowpath Rd, Maricopa, AZ, 85138",Phoenix,INVH-43424-w-cowpath-rd-85138-89859,4,2.5,2012,1995.0,2026-10-09,19 months,False,,,,,,,,https://www.invitationhomes.com/houses-for-rent/43424-w-cowpath-rd-85138-89859,2026-09-03,2026-09-12,AZ,Maricopa,,,,,43424-w-cowpath-rd-85138-89859
2026-09-12,INVH,Phoenix,"7315 W Magdalena Ln, Laveen, AZ, 85339",Phoenix,INVH-7315-w-magdalena-ln-85339-90664,4,2.5,1905,2465.0,2026-10-02,19 months,False,,,,,,,,https://www.invitationhomes.com/houses-for-rent/7315-w-magdalena-ln-85339-90664,2026-08-23,2026-09-12,AZ,Laveen,,,,,7315-w-magdalena-ln-85339-90664
2026-09-12,INVH,Phoenix,"7827 S Kelsie Dr, Laveen, AZ, 85339",Phoenix,INVH-7827-s-kelsie-dr-laveen-az-85339,4,2.5,1967,2099.0,2026-09-12,19 months,False,,,,,,,,https://www.invitationhomes.com/houses-for-rent/7827-s-kelsie-dr-laveen-az-85339,2026-07-19,2026-09-12,AZ,Laveen,,,,,7827-s-kelsie-dr-laveen-az-85339
2026-09-12,INVH,Phoenix,"6446 W Valencia Dr, Laveen, AZ, 85339",Phoenix,INVH-6446-w-valencia-dr-laveen-az-85339,3,2.5,1430,1815.0,2026-09-12,19 months,False,,,,,,,,https://www.invitationhomes.com/houses-for-rent/6446-w-valencia-dr-laveen-az-85339,2026-08-16,2026-09-12,AZ,Laveen,,,,,6446-w-valencia-dr-laveen-az-85339
2026-09-12,INVH,Phoenix,"7713 W Glass Ln, Laveen, AZ, 85339",Phoenix,INVH-7713-w-glass-ln-85339-87214,4,3.0,1891,2310.0,2026-10-16,19 months,False,,,,,,,,https://www.invitationhomes.com/houses-for-rent/7713-w-glass-ln-85339-87214,2026-09-03,2026-09-12,AZ,Laveen,,,,,7713-w-glass-ln-85339-87214
2026-09-12,INVH,Phoenix,"7343 W St Charles Ave, Laveen, AZ, 85339",Phoenix,INVH-7343-w-st-charles-ave-85339-1264,4,2.5,2220,2395.0,2026-09-16,19 months,False,,,,,,,,https://www.invitationhomes.com/houses-for-rent/7343-w-st-charles-ave-85339-1264,2026-09-03,2026-09-12,AZ,Laveen,,,,,7343-w-st-charles-ave-85339-1264
2026-09-12,INVH,Phoenix,"4614 W Valencia Dr, Laveen, AZ, 85339",Phoenix,INVH-4614-w-valencia-dr-85339-2547,4,2.5,2056,2185.0,2026-09-17,19 months,False,,,,,,,,https://www.invitationhomes.com/houses-for-rent/4614-w-valencia-dr-85339-2547,2026-07-19,2026-09-12,AZ,Laveen,,,,,4614-w-valencia-dr-85339-2547
2026-09-12,INVH,Phoenix,"5413 W Park St, Laveen, AZ, 85339",Phoenix,INVH-5413-w-park-st-85339-6158,3,2.0,1506,1985.0,2026-10-14,19 months,False,,,,,,,,https://www.invitationhomes.com/houses-for-rent/5413-w-park-st-85339-6158,2026-09-03,2026-09-12,AZ,Laveen,,,,,5413-w-park-st-85339-6158
2026-09-12,INVH,Phoenix,"5216 W Shumway Farm Rd, Laveen, AZ, 85339",Phoenix,INVH-5216-w-shumway-farm-rd-85339-89345,3,2.0,1488,2030.0,2026-10-15,19 months,False,,,,,,,,https://www.invitationhomes.com/houses-for-rent/5216-w-shumway-farm-rd-85339-89345,2026-09-03,2026-09-12,AZ,Laveen,,,,,5216-w-shumway-farm-rd-85339-89345
2026-09-12,INVH,Phoenix,"5432 W Apollo Rd, Laveen, AZ, 85339",Phoenix,INVH-5432-w-apollo-rd-laveen-az-85339,4,2.5,3674,2745.0,2026-09-12,19 months,False,,,,,,,,https://www.invitationhomes.com/houses-for-rent/5432-w-apollo-rd-laveen-az-85339,2026-07-19,2026-09-12,AZ,Laveen,,,,,5432-w-apollo-rd-laveen-az-85339
2026-09-12,INVH,Phoenix,"4921 W St Anne Ave, Laveen, AZ, 85339",Phoenix,INVH-4921-w-st-anne-ave-85339-91083,3,2.0,1552,2070.0,2026-09-25,19 months,False,,,,,,,,https://www.invitationhomes.com/houses-for-rent/4921-w-st-anne-ave-85339-91083,2026-08-16,2026-09-12,AZ,Laveen,,,,,4921-w-st-anne-ave-85339-91083
2026-09-12,INVH,Phoenix,"4601 W Park St, Laveen, AZ, 85339",Phoenix,INVH-4601-w-park-st-85339-7962,4,2.0,2549,2445.0,2026-10-25,19 months,False,,,,,,,,https://www.invitationhomes.com/houses-for-rent/4601-w-park-st-85339-7962,2026-09-12,2026-09-12,AZ,Laveen,,,,,4601-w-park-st-85339-7962
2026-09-12,INVH,Phoenix,"4423 W Ellis St, Laveen, AZ, 85339",Phoenix,INVH-4423-w-ellis-st-laveen-az-85339,3,2.0,1835,2095.0,2026-10-12,19 months,False,,,,,,,,https://www.invitationhomes.com/houses-for-rent/4423-w-ellis-st-laveen-az-85339,2026-09-03,2026-09-12,AZ,Laveen,,,,,4423-w-ellis-st-laveen-az-85339
2026-09-12,INVH,Phoenix,"4210 W Irwin Ave, Phoenix, AZ, 85041",Phoenix,INVH-4210-w-irwin-ave-85041-88886,3,2.5,1616,2140.0,2026-10-20,19 months,False,,,,,,,,https://www.invitationhomes.com/houses-for-rent/4210-w-irwin-ave-85041-88886,2026-09-06,2026-09-12,AZ,Phoenix,,,,,4210-w-irwin-ave-85041-88886
2026-09-12,INVH,Phoenix,"46124 W Sheridan Rd, Maricopa, AZ, 85139",Phoenix,INVH-46124-w-sheridan-rd-maricopa-az-85139,3,2.0,1350,1490.0,2026-09-12,19 months,False,,,,,,,,https://www.invitationhomes.com/houses-for-rent/46124-w-sheridan-rd-maricopa-az-85139,2026-07-19,2026-09-12,AZ,Maricopa,,,,,46124-w-sheridan-rd-maricopa-az-85139
2026-09-12,INVH,Phoenix,"45667 W Tucker Rd, Maricopa, AZ, 85139",Phoenix,INVH-45667-w-tucker-rd-maricopa-az-85139,4,2.5,3212,2245.0,2026-09-30,19 months,False,,,,,,,,https://www.invitationhomes.com/houses-for-rent/45667-w-tucker-rd-maricopa-az-85139,2026-08-16,2026-09-12,AZ,Maricopa,,,,,45667-w-tucker-rd-maricopa-az-85139
2026-09-12,INVH,Phoenix,"43927 W Caven Dr, Maricopa, AZ, 85138",Phoenix,INVH-43927-w-caven-dr-85138-90178,4,3.0,2228,2265.0,2026-10-12,19 months,False,,,,,,,,https://www.invitationhomes.com/houses-for-rent/43927-w-caven-dr-85138-90178,2026-09-03,2026-09-12,AZ,Maricopa,,,,,43927-w-caven-dr-85138-90178
2026-09-12,INVH,Phoenix,"43935 W Wild Horse Trl, Maricopa, AZ, 85138",Phoenix,INVH-43935-w-wild-horse-trl-85138-89629,4,2.5,2013,1910.0,2026-10-18,19 months,False,,,,,,,,https://www.invitationhomes.com/houses-for-rent/43935-w-wild-horse-trl-85138-89629,2026-09-03,2026-09-12,AZ,Maricopa,,,,,43935-w-wild-horse-trl-85138-89629
2026-09-12,INVH,Phoenix,"44717 W Portabello Rd, Maricopa, AZ, 85139",Phoenix,INVH-44717-w-portabello-rd-85139-87371,4,2.0,1754,1915.0,2026-09-12,19 months,False,,,,,,,,https://www.invitationhomes.com/houses-for-rent/44717-w-portabello-rd-85139-87371,2026-08-16,2026-09-12,AZ,Maricopa,,,,,44717-w-portabello-rd-85139-87371
2026-09-12,INVH,Phoenix,"42366 W Bunker Dr, Maricopa, AZ, 85138",Phoenix,INVH-42366-w-bunker-dr-85138-89024,4,2.0,1674,1835.0,2026-09-12,19 months,False,,,,,,,,https://www.invitationhomes.com/houses-for-rent/42366-w-bunker-dr-85138-89024,2026-08-23,2026-09-12,AZ,Maricopa,,,,,42366-w-bunker-dr-85138-89024
2026-09-12,INVH,Phoenix,"41619 W Corvalis Ln, Maricopa, AZ, 85138",Phoenix,INVH-41619-w-corvalis-ln-85138-89131,3,2.0,1464,1680.0,2026-09-12,19 months,False,,,,,,,,https://www.invitationhomes.com/houses-for-rent/41619-w-corvalis-ln-85138-89131,2026-08-23,2026-09-12,AZ,Maricopa,,,,,41619-w-corvalis-ln-85138-89131
2026-09-12,INVH,Phoenix,"37977 W Merced St, Maricopa, AZ, 85138",Phoenix,INVH-37977-w-merced-st-85138-92340,4,2.0,1831,1980.0,2026-10-17,19 months,False,,,,,,,,https://www.invitationhomes.com/houses-for-rent/37977-w-merced-st-85138-92340,2026-09-03,2026-09-12,AZ,Maricopa,,,,,37977-w-merced-st-85138-92340
2026-09-12,INVH,Phoenix,"41640 W Sunland Dr, Maricopa, AZ, 85138",Phoenix,INVH-41640-w-sunland-dr-85138-89302,4,2.5,2200,2075.0,2026-09-12,19 months,False,,,,,,,,https://www.invitationhomes.com/houses-for-rent/41640-w-sunland-dr-85138-89302,2026-08-02,2026-09-12,AZ,Maricopa,,,,,41640-w-sunland-dr-85138-89302
2026-09-12,INVH,Phoenix,"16205 S 17th Dr, Phoenix, AZ, 85045",Phoenix,INVH-16205-s-17th-dr-85045-87425,3,2.5,1839,2385.0,2026-09-23,19 months,False,,,,,,,,https://www.invitationhomes.com/houses-for-rent/16205-s-17th-dr-85045-87425,2026-08-10,2026-09-12,AZ,Phoenix,,,,,16205-s-17th-dr-85045-87425
2026-09-12,INVH,Phoenix,"3713 W Glass Ln, Phoenix, AZ, 85041",Phoenix,INVH-3713-w-glass-ln-85041-88188,4,2.0,1737,2315.0,2026-10-09,19 months,False,,,,,,,,https://www.invitationhomes.com/houses-for-rent/3713-w-glass-ln-85041-88188,2026-09-03,2026-09-12,AZ,Phoenix,,,,,3713-w-glass-ln-85041-88188
2026-09-12,INVH,Phoenix,"3219 W Maldonado Rd, Phoenix, AZ, 85041",Phoenix,INVH-3219-w-maldonado-rd-85041-2427,4,3.0,2282,2420.0,2026-09-12,19 months,False,,,,,,,,https://www.invitationhomes.com/houses-for-rent/3219-w-maldonado-rd-85041-2427,2026-08-02,2026-09-12,AZ,Phoenix,,,,,3219-w-maldonado-rd-85041-2427
2026-09-12,INVH,Phoenix,"3529 W Chambers Street, Phoenix, AZ, 85041",Phoenix,INVH-3529-w-chambers-street-85041-99988,4,2.0,2298,1995.0,2026-10-05,19 months,False,,,,,,,,https://www.invitationhomes.com/houses-for-rent/3529-w-chambers-street-85041-99988,2026-08-23,2026-09-12,AZ,Phoenix,,,,,3529-w-chambers-street-85041-99988
2026-09-12,INVH,Phoenix,"6826 S 30th Ln, Phoenix, AZ, 85041",Phoenix,INVH-6826-s-30th-ln-phoenix-az-85041,3,2.0,1900,2180.0,2026-09-12,19 months,False,,,,,,,,https://www.invitationhomes.com/houses-for-rent/6826-s-30th-ln-phoenix-az-85041,2026-07-19,2026-09-12,AZ,Phoenix,,,,,6826-s-30th-ln-phoenix-az-85041
2026-09-12,INVH,Phoenix,"2614 W Apollo Rd, Phoenix, AZ, 85041",Phoenix,INVH-2614-w-apollo-rd-phoenix-az-85041,3,2.0,2186,2095.0,2026-09-12,19 months,False,,,,,,,,https://www.invitationhomes.com/houses-for-rent/2614-w-apollo-rd-phoenix-az-85041,2026-07-19,2026-09-12,AZ,Phoenix,,,,,2614-w-apollo-rd-phoenix-az-85041
2026-09-12,INVH,Phoenix,"2310 W Saint Kateri Dr, Phoenix, AZ, 85041",Phoenix,INVH-2310-w-saint-kateri-dr-85041-100188,3,2.0,1288,1940.0,2026-10-23,19 months,False,,,,,,,,https://www.invitationhomes.com/houses-for-rent/2310-w-saint-kateri-dr-85041-100188,2026-09-12,2026-09-12,AZ,Phoenix,,,,,2310-w-saint-kateri-dr-85041-100188
2026-09-12,INVH,Phoenix,"2745 W Pecan Rd, Phoenix, AZ, 85041",Phoenix,INVH-2745-w-pecan-rd-phoenix-az-85041,4,2.0,1516,2099.0,2026-09-23,19 months,False,,,,,,,,https://www.invitationhomes.com/houses-for-rent/2745-w-pecan-rd-phoenix-az-85041,2026-08-16,2026-09-12,AZ,Phoenix,,,,,2745-w-pecan-rd-phoenix-az-85041
2026-09-12,INVH,Phoenix,"5726 S 27Th Dr, Phoenix, AZ, 85041",Phoenix,INVH-5726-s-27th-dr-85041-100520,4,2.0,1746,2345.0,2026-09-23,19 months,False,,,,,,,,https://www.invitationhomes.com/houses-for-rent/5726-s-27th-dr-85041-100520,2026-08-10,2026-09-12,AZ,Phoenix,,,,,5726-s-27th-dr-85041-100520
2026-09-12,INVH,Phoenix,"2841 W La Salle St, Phoenix, AZ, 85041",Phoenix,INVH-2841-w-la-salle-st-phoenix-az-85041,3,2.0,1310,1895.0,2026-09-12,19 months,False,,,,,,,,https://www.invitationhomes.com/houses-for-rent/2841-w-la-salle-st-phoenix-az-85041,2026-08-16,2026-09-12,AZ,Phoenix,,,,,2841-w-la-salle-st-phoenix-az-85041
2026-09-12,INVH,Phoenix,"114 E Beth Dr, Phoenix, AZ, 85042",Phoenix,INVH-114-e-beth-dr-85042-6857,3,2.0,1327,2075.0,2026-09-12,19 months,False,,,,,,,,https://www.invitationhomes.com/houses-for-rent/114-e-beth-dr-85042-6857,2026-07-19,2026-09-12,AZ,Phoenix,,,,,114-e-beth-dr-85042-6857
2026-09-12,INVH,Phoenix,"8122 S 2Nd Dr, Phoenix, AZ, 85041",Phoenix,INVH-8122-s-2nd-dr-85041-101400,3,2.0,1299,1899.0,2026-09-12,19 months,False,,,,,,,,https://www.invitationhomes.com/houses-for-rent/8122-s-2nd-dr-85041-101400,2026-08-16,2026-09-12,AZ,Phoenix,,,,,8122-s-2nd-dr-85041-101400
2026-09-12,INVH,Phoenix,"1628 W Minton St, Phoenix, AZ, 85041",Phoenix,INVH-1628-w-minton-st-phoenix-az-85041,3,2.0,1337,1990.0,2026-09-12,19 months,False,,,,,,,,https://www.invitationhomes.com/houses-for-rent/1628-w-minton-st-phoenix-az-85041,2026-07-19,2026-09-12,AZ,Phoenix,,,,,1628-w-minton-st-phoenix-az-85041
2026-09-12,INVH,Phoenix,"2015 W Carson Road, Phoenix, AZ, 85041",Phoenix,INVH-2015-w-carson-road-85041-100843,4,2.0,2519,2395.0,2026-09-12,19 months,False,,,,,,,,https://www.invitationhomes.com/houses-for-rent/2015-w-carson-road-85041-100843,2026-08-23,2026-09-12,AZ,Phoenix,,,,,2015-w-carson-road-85041-100843
2026-09-12,INVH,Phoenix,"7223 S 3rd Ave, Phoenix, AZ, 85041",Phoenix,INVH-7223-s-3rd-ave-85041-3433,3,2.0,1370,2049.0,2026-09-12,19 months,False,,,,,,,,https://www.invitationhomes.com/houses-for-rent/7223-s-3rd-ave-85041-3433,2026-07-19,2026-09-12,AZ,Phoenix,,,,,7223-s-3rd-ave-85041-3433
2026-09-12,INVH,Phoenix,"16441 S 10th St, Phoenix, AZ, 85048",Phoenix,INVH-16441-s-10th-st-85048-86864,4,2.5,2123,2595.0,2026-09-30,19 months,False,,,,,,,,https://www.invitationhomes.com/houses-for-rent/16441-s-10th-st-85048-86864,2026-08-16,2026-09-12,AZ,Phoenix,,,,,16441-s-10th-st-85048-86864
2026-09-12,INVH,Phoenix,"1143 E Caldwell St, Phoenix, AZ, 85042",Phoenix,INVH-1143-e-caldwell-st-phoenix-az-85042,4,2.5,1784,2480.0,2026-09-30,19 months,False,,,,,,,,https://www.invitationhomes.com/houses-for-rent/1143-e-caldwell-st-phoenix-az-85042,2026-08-23,2026-09-12,AZ,Phoenix,,,,,1143-e-caldwell-st-phoenix-az-85042
2026-09-12,INVH,Phoenix,"8039 S 24th St, Phoenix, AZ, 85042",Phoenix,INVH-8039-s-24th-st-phoenix-az-85042,4,2.0,1232,1885.0,2026-10-18,19 months,False,,,,,,,,https://www.invitationhomes.com/houses-for-rent/8039-s-24th-st-phoenix-az-85042,2026-09-03,2026-09-12,AZ,Phoenix,,,,,8039-s-24th-st-phoenix-az-85042
2026-09-12,INVH,Phoenix,"7529 S 14th St, Phoenix, AZ, 85042",Phoenix,INVH-7529-s-14th-st-85042-1349,3,2.5,1464,2140.0,2026-09-27,19 months,False,,,,,,,,https://www.invitationhomes.com/houses-for-rent/7529-s-14th-st-85042-1349,2026-08-16,2026-09-12,AZ,Phoenix,,,,,7529-s-14th-st-85042-1349
2026-09-12,INVH,Phoenix,"4712 E Carson Rd, Phoenix, AZ, 85042",Phoenix,INVH-4712-e-carson-rd-phoenix-az-85042,3,1.75,1122,1895.0,2026-09-29,19 months,False,,,,,,,,https://www.invitationhomes.com/houses-for-rent/4712-e-carson-rd-phoenix-az-85042,2026-08-16,2026-09-12,AZ,Phoenix,,,,,4712-e-carson-rd-phoenix-az-85042
2026-09-12,INVH,Phoenix,"2710 W Minton Dr, Tempe, AZ, 85282",Phoenix,INVH-2710-w-minton-dr-85282-100223,3,2.0,1596,2295.0,2026-09-12,19 months,False,,,,,,,,https://www.invitationhomes.com/houses-for-rent/2710-w-minton-dr-85282-100223,2026-07-19,2026-09-12,AZ,Tempe,,,,,2710-w-minton-dr-85282-100223
2026-09-12,INVH,Phoenix,"4434 E Alta Vista Rd, Phoenix, AZ, 85042",Phoenix,INVH-4434-e-alta-vista-rd-phoenix-az-85042,4,2.0,1632,2060.0,2026-09-12,19 months,False,,,,,,,,https://www.invitationhomes.com/houses-for-rent/4434-e-alta-vista-rd-phoenix-az-85042,2026-09-06,2026-09-12,AZ,Phoenix,,,,,4434-e-alta-vista-rd-phoenix-az-85042
2026-09-12,INVH,Phoenix,"5829 S 42Nd St, Phoenix, AZ, 85040",Phoenix,INVH-5829-s-42nd-st-85040-101253,3,2.0,1320,1995.0,2026-09-12,19 months,False,,,,,,,,https://www.invitationhomes.com/houses-for-rent/5829-s-42nd-st-85040-101253,2026-07-19,2026-09-12,AZ,Phoenix,,,,,5829-s-42nd-st-85040-101253
2026-09-12,INVH,Phoenix,"2125 W Chicago St, Chandler, AZ, 85224",Phoenix,INVH-2125-w-chicago-st-85224-3042,3,2.0,1044,2075.0,2026-09-12,19 months,False,,,,,,,,https://www.invitationhomes.com/houses-for-rent/2125-w-chicago-st-85224-3042,2026-08-23,2026-09-12,AZ,Chandler,,,,,2125-w-chicago-st-85224-3042
2026-09-12,INVH,Phoenix,"714 W Detroit Street, Chandler, AZ, 85225",Phoenix,INVH-714-w-detroit-street-85225-101553,4,2.0,1792,2495.0,2026-10-02,19 months,False,,,,,,,,https://www.invitationhomes.com/houses-for-rent/714-w-detroit-street-85225-101553,2026-09-03,2026-09-12,AZ,Chandler,,,,,714-w-detroit-street-85225-101553
2026-09-12,INVH,Phoenix,"2460 East Wildhorse Pl, Chandler, AZ, 85286",Phoenix,INVH-2460-east-wildhorse-pl-85286-112299,4,2.5,1696,2295.0,2026-09-12,19 months,False,,,,,,,,https://www.invitationhomes.com/houses-for-rent/2460-east-wildhorse-pl-85286-112299,2026-08-10,2026-09-12,AZ,Chandler,,,,,2460-east-wildhorse-pl-85286-112299
2026-09-12,INVH,Phoenix,"263 S Jesse St, Chandler, AZ, 85225",Phoenix,INVH-263-s-jesse-st-chandler-az-85225,3,2.0,1594,2420.0,2026-10-12,19 months,False,,,,,,,,https://www.invitationhomes.com/houses-for-rent/263-s-jesse-st-chandler-az-85225,2026-09-03,2026-09-12,AZ,Chandler,,,,,263-s-jesse-st-chandler-az-85225
2026-09-12,INVH,Phoenix,"6420 W Monterey St, Chandler, AZ, 85226",Phoenix,INVH-6420-w-monterey-st-chandler-az-85226,3,2.0,1162,2095.0,2026-10-13,19 months,False,,,,,,,,https://www.invitationhomes.com/houses-for-rent/6420-w-monterey-st-chandler-az-85226,2026-09-09,2026-09-12,AZ,Chandler,,,,,6420-w-monterey-st-chandler-az-85226
2026-09-12,INVH,Phoenix,"3859 W Harrison St, Chandler, AZ, 85226",Phoenix,INVH-3859-w-harrison-st-85226-3111,3,2.0,1554,2185.0,2026-09-12,19 months,False,,,,,,,,https://www.invitationhomes.com/houses-for-rent/3859-w-harrison-st-85226-3111,2026-08-02,2026-09-12,AZ,Chandler,,,,,3859-w-harrison-st-85226-3111
2026-09-12,INVH,Phoenix,"902 W Westchester Ave, Tempe, AZ, 85283",Phoenix,INVH-902-w-westchester-ave-tempe-az-85283,4,2.0,1382,2115.0,2026-09-12,19 months,False,,,,,,,,https://www.invitationhomes.com/houses-for-rent/902-w-westchester-ave-tempe-az-85283,2026-08-10,2026-09-12,AZ,Tempe,,,,,902-w-westchester-ave-tempe-az-85283
2026-09-12,INVH,Phoenix,"805 W Harvard Dr, Tempe, AZ, 85283",Phoenix,INVH-805-w-harvard-dr-85283-9462,3,2.0,1238,2175.0,2026-09-27,19 months,False,,,,,,,,https://www.invitationhomes.com/houses-for-rent/805-w-harvard-dr-85283-9462,2026-08-16,2026-09-12,AZ,Tempe,,,,,805-w-harvard-dr-85283-9462
2026-09-12,INVH,Phoenix,"420 E Tulane Dr, Tempe, AZ, 85283",Phoenix,INVH-420-e-tulane-dr-85283-83610,3,2.0,1398,2295.0,2026-09-12,19 months,False,,,,,,,,https://www.invitationhomes.com/houses-for-rent/420-e-tulane-dr-85283-83610,2026-07-19,2026-09-12,AZ,Tempe,,,,,420-e-tulane-dr-85283-83610
