scrape_date,reit,community,address,market,unit_id,beds,baths,sqft,rent,move_in_date,lease_term,has_concession,concession_hardness,concession_raw,concession_type,concession_value,concession_pct_lease_value,concession_pct_lease_term,effective_monthly_rent,listing_url,first_seen,last_seen,state,city,latitude,longitude,floorplan_name,floor_level,rentcafe_property_id
2026-09-30,INVH,Southern California,"13467 Abbeywood Dr, Corona, CA, 92883",Southern California,INVH-13467-abbeywood-dr-corona-ca-92883,3,2.0,1002,2935.0,2026-10-02,12 months,False,,,,,,,,https://www.invitationhomes.com/houses-for-rent/13467-abbeywood-dr-corona-ca-92883,2026-09-30,2026-09-30,CA,Corona,,,,,13467-abbeywood-dr-corona-ca-92883
2026-09-30,INVH,Southern California,"1036 Crystal Springs Pl, Escondido, CA, 92026",Southern California,INVH-1036-crystal-springs-pl-92026-8460,4,2.5,2284,4799.0,2026-10-15,12 months,False,,,,,,,,https://www.invitationhomes.com/houses-for-rent/1036-crystal-springs-pl-92026-8460,2026-09-30,2026-09-30,CA,Escondido,,,,,1036-crystal-springs-pl-92026-8460
2026-09-30,INVH,Southern California,"45024 Muirfield Dr, Temecula, CA, 92592",Southern California,INVH-45024-muirfield-dr-temecula-ca-92592,3,2.5,1502,3120.0,2026-09-30,12 months,False,,,,,,,,https://www.invitationhomes.com/houses-for-rent/45024-muirfield-dr-temecula-ca-92592,2026-09-03,2026-09-30,CA,Temecula,,,,,45024-muirfield-dr-temecula-ca-92592
2026-09-30,INVH,Southern California,"40181 White Leaf Ln, Murrieta, CA, 92562",Southern California,INVH-40181-white-leaf-ln-murrieta-ca-92562,4,2.5,2160,3395.0,2026-10-02,12 months,False,,,,,,,,https://www.invitationhomes.com/houses-for-rent/40181-white-leaf-ln-murrieta-ca-92562,2026-09-30,2026-09-30,CA,Murrieta,,,,,40181-white-leaf-ln-murrieta-ca-92562
2026-09-30,INVH,Southern California,"42078 Pacific Grove Way, Temecula, CA, 92591",Southern California,INVH-42078-pacific-grove-way-92591-2466,3,2.5,2526,3449.0,2026-09-30,12 months,False,,,,,,,,https://www.invitationhomes.com/houses-for-rent/42078-pacific-grove-way-92591-2466,2026-07-19,2026-09-30,CA,Temecula,,,,,42078-pacific-grove-way-92591-2466
2026-09-30,INVH,Southern California,"22902 Timber Ln, Wildomar, CA, 92595",Southern California,INVH-22902-timber-ln-92595-6970,4,3.0,2622,3590.0,2026-10-05,12 months,False,,,,,,,,https://www.invitationhomes.com/houses-for-rent/22902-timber-ln-92595-6970,2026-09-30,2026-09-30,CA,Wildomar,,,,,22902-timber-ln-92595-6970
2026-09-30,INVH,Southern California,"35189 Pashal Pl, Wildomar, CA, 92595",Southern California,INVH-35189-pashal-pl-92595-8824,3,2.5,2048,3095.0,2026-09-30,12 months,False,,,,,,,,https://www.invitationhomes.com/houses-for-rent/35189-pashal-pl-92595-8824,2026-08-16,2026-09-30,CA,Wildomar,,,,,35189-pashal-pl-92595-8824
2026-09-30,INVH,Southern California,"27125 Calendula St, Corona, CA, 92883",Southern California,INVH-27125-calendula-st-92883-9373,5,3.0,2496,3949.0,2026-09-30,12 months,False,,,,,,,,https://www.invitationhomes.com/houses-for-rent/27125-calendula-st-92883-9373,2026-09-06,2026-09-30,CA,Corona,,,,,27125-calendula-st-92883-9373
2026-09-30,INVH,Southern California,"25375 Mountain Springs St, Menifee, CA, 92584",Southern California,INVH-25375-mountain-springs-st-menifee-ca-92584,3,2.0,1598,2910.0,2026-09-30,12 months,False,,,,,,,,https://www.invitationhomes.com/houses-for-rent/25375-mountain-springs-st-menifee-ca-92584,2026-07-19,2026-09-30,CA,Menifee,,,,,25375-mountain-springs-st-menifee-ca-92584
2026-09-30,INVH,Southern California,"30468 Blume Cir, Menifee, CA, 92584",Southern California,INVH-30468-blume-cir-92584-8654,3,2.5,1498,2835.0,2026-10-22,12 months,False,,,,,,,,https://www.invitationhomes.com/houses-for-rent/30468-blume-cir-92584-8654,2026-09-30,2026-09-30,CA,Menifee,,,,,30468-blume-cir-92584-8654
2026-09-30,INVH,Southern California,"27217 Sands Dr, Menifee, CA, 92586",Southern California,INVH-27217-sands-dr-92586-111349,5,3.0,2824,3949.0,2026-09-30,15 months,False,,,,,,,,https://www.invitationhomes.com/houses-for-rent/27217-sands-dr-92586-111349,2026-09-21,2026-09-30,CA,Menifee,,,,,27217-sands-dr-92586-111349
2026-09-30,INVH,Southern California,"25146 Mountain Violet Way, Menifee, CA, 92586",Southern California,INVH-25146-mountain-violet-way-92586-122375,5,3.0,2824,3485.0,2026-10-14,15 months,False,,,,,,,,https://www.invitationhomes.com/houses-for-rent/25146-mountain-violet-way-92586-122375,2026-09-21,2026-09-30,CA,Menifee,,,,,25146-mountain-violet-way-92586-122375
2026-09-30,INVH,Southern California,"41612 Mayberry Ave, Hemet, CA, 92544",Southern California,INVH-41612-mayberry-ave-92544-5703,3,2.0,1961,2575.0,2026-10-21,12 months,False,,,,,,,,https://www.invitationhomes.com/houses-for-rent/41612-mayberry-ave-92544-5703,2026-09-30,2026-09-30,CA,Hemet,,,,,41612-mayberry-ave-92544-5703
2026-09-30,INVH,Phoenix,"9128 S Parkside Ln W, Buckeye, AZ, 85326",Phoenix,INVH-9128-s-parkside-ln-w-buckeye-az-85326,3,2.0,1252,1935.0,2026-10-24,20 months,False,,,,,,,,https://www.invitationhomes.com/houses-for-rent/9128-s-parkside-ln-w-buckeye-az-85326,2026-09-09,2026-09-30,AZ,Buckeye,,,,,9128-s-parkside-ln-w-buckeye-az-85326
2026-09-30,INVH,Phoenix,"5483 S 236Th Avenue, Buckeye, AZ, 85326",Phoenix,INVH-5483-s-236th-avenue-85326-100560,4,2.0,1569,1825.0,2026-09-30,20 months,False,,,,,,,,https://www.invitationhomes.com/houses-for-rent/5483-s-236th-avenue-85326-100560,2026-09-03,2026-09-30,AZ,Buckeye,,,,,5483-s-236th-avenue-85326-100560
2026-09-30,INVH,Phoenix,"31006 W. Picadilly Road, Buckeye, AZ, 85396",Phoenix,INVH-31006-w-picadilly-road-85396-125080,4,2.5,2272,2145.0,2026-10-14,20 months,False,,,,,,,,https://www.invitationhomes.com/houses-for-rent/31006-w-picadilly-road-85396-125080,2026-09-30,2026-09-30,AZ,Buckeye,,,,,31006-w-picadilly-road-85396-125080
2026-09-30,INVH,Phoenix,"3723 N 292nd Dr, Buckeye, AZ, 85396",Phoenix,INVH-3723-n-292nd-dr-buckeye-az-85396,4,2.5,2553,2125.0,2026-09-30,20 months,False,,,,,,,,https://www.invitationhomes.com/houses-for-rent/3723-n-292nd-dr-buckeye-az-85396,2026-08-10,2026-09-30,AZ,Buckeye,,,,,3723-n-292nd-dr-buckeye-az-85396
2026-09-30,INVH,Phoenix,"25358 W Romley Rd, Buckeye, AZ, 85326",Phoenix,INVH-25358-w-romley-rd-85326-96414,3,2.0,1565,1849.0,2026-09-30,24 months,False,,,,,,,,https://www.invitationhomes.com/houses-for-rent/25358-w-romley-rd-85326-96414,2026-08-02,2026-09-30,AZ,Buckeye,,,,,25358-w-romley-rd-85326-96414
2026-09-30,INVH,Phoenix,"25288 W Chipman Rd, Buckeye, AZ, 85326",Phoenix,INVH-25288-w-chipman-rd-85326-114575,4,3.0,2197,2285.0,2026-10-15,24 months,False,,,,,,,,https://www.invitationhomes.com/houses-for-rent/25288-w-chipman-rd-85326-114575,2026-09-12,2026-09-30,AZ,Buckeye,,,,,25288-w-chipman-rd-85326-114575
2026-09-30,INVH,Phoenix,"25210 W Romley Rd, Buckeye, AZ, 85326",Phoenix,INVH-25210-w-romley-rd-85326-111058,3,2.0,1565,1749.0,2026-09-30,24 months,False,,,,,,,,https://www.invitationhomes.com/houses-for-rent/25210-w-romley-rd-85326-111058,2026-06-09,2026-09-30,AZ,Buckeye,,,,,25210-w-romley-rd-85326-111058
2026-09-30,INVH,Phoenix,"25330 W Romley Rd, Buckeye, AZ, 85326",Phoenix,INVH-25330-w-romley-rd-85326-96413,4,2.0,1915,1999.0,2026-09-30,24 months,False,,,,,,,,https://www.invitationhomes.com/houses-for-rent/25330-w-romley-rd-85326-96413,2026-07-19,2026-09-30,AZ,Buckeye,,,,,25330-w-romley-rd-85326-96413
2026-09-30,INVH,Phoenix,"25216 W Chipman Rd, Buckeye, AZ, 85326",Phoenix,INVH-25216-w-chipman-rd-85326-119566,4,3.0,2197,2285.0,2026-10-12,24 months,False,,,,,,,,https://www.invitationhomes.com/houses-for-rent/25216-w-chipman-rd-85326-119566,2026-09-03,2026-09-30,AZ,Buckeye,,,,,25216-w-chipman-rd-85326-119566
2026-09-30,INVH,Phoenix,"25842 W Gibson Ln, Buckeye, AZ, 85326",Phoenix,INVH-25842-w-gibson-ln-85326-100319,4,3.0,2485,2190.0,2026-09-30,20 months,False,,,,,,,,https://www.invitationhomes.com/houses-for-rent/25842-w-gibson-ln-85326-100319,2026-08-23,2026-09-30,AZ,Buckeye,,,,,25842-w-gibson-ln-85326-100319
2026-09-30,INVH,Phoenix,"24446 W Sheraton Ln, Buckeye, AZ, 85326",Phoenix,INVH-24446-w-sheraton-ln-85326-101833,3,2.0,1551,1625.0,2026-09-30,20 months,False,,,,,,,,https://www.invitationhomes.com/houses-for-rent/24446-w-sheraton-ln-85326-101833,2026-08-16,2026-09-30,AZ,Buckeye,,,,,24446-w-sheraton-ln-85326-101833
2026-09-30,INVH,Phoenix,"23818 W Atlanta Ave, Buckeye, AZ, 85326",Phoenix,INVH-23818-w-atlanta-ave-85326-85555,4,2.0,2085,2035.0,2026-10-11,20 months,False,,,,,,,,https://www.invitationhomes.com/houses-for-rent/23818-w-atlanta-ave-85326-85555,2026-09-03,2026-09-30,AZ,Buckeye,,,,,23818-w-atlanta-ave-85326-85555
2026-09-30,INVH,Phoenix,"23856 W Tonto St, Buckeye, AZ, 85326",Phoenix,INVH-23856-w-tonto-st-buckeye-az-85326,3,2.0,1350,1695.0,2026-10-04,20 months,False,,,,,,,,https://www.invitationhomes.com/houses-for-rent/23856-w-tonto-st-buckeye-az-85326,2026-09-30,2026-09-30,AZ,Buckeye,,,,,23856-w-tonto-st-buckeye-az-85326
2026-09-30,INVH,Phoenix,"2293 N Riley Rd, Buckeye, AZ, 85396",Phoenix,INVH-2293-n-riley-rd-85396-85337,3,2.0,1746,2099.0,2026-10-29,20 months,False,,,,,,,,https://www.invitationhomes.com/houses-for-rent/2293-n-riley-rd-85396-85337,2026-09-03,2026-09-30,AZ,Buckeye,,,,,2293-n-riley-rd-85396-85337
2026-09-30,INVH,Phoenix,"2419 N Riley Rd, Buckeye, AZ, 85396",Phoenix,INVH-2419-n-riley-rd-85396-84488,3,2.5,2282,2175.0,2026-09-30,20 months,False,,,,,,,,https://www.invitationhomes.com/houses-for-rent/2419-n-riley-rd-85396-84488,2026-08-16,2026-09-30,AZ,Buckeye,,,,,2419-n-riley-rd-85396-84488
2026-09-30,INVH,Phoenix,"21130 W Cypress St, Buckeye, AZ, 85396",Phoenix,INVH-21130-w-cypress-st-85396-86317,4,2.5,2174,2185.0,2026-09-30,20 months,False,,,,,,,,https://www.invitationhomes.com/houses-for-rent/21130-w-cypress-st-85396-86317,2026-08-23,2026-09-30,AZ,Buckeye,,,,,21130-w-cypress-st-85396-86317
2026-09-30,INVH,Phoenix,"20088 N Wilford Ave, Maricopa, AZ, 85138",Phoenix,INVH-20088-n-wilford-ave-85138-88415,3,2.0,1531,1849.0,2026-10-29,20 months,False,,,,,,,,https://www.invitationhomes.com/houses-for-rent/20088-n-wilford-ave-85138-88415,2026-09-21,2026-09-30,AZ,Maricopa,,,,,20088-n-wilford-ave-85138-88415
2026-09-30,INVH,Phoenix,"7315 W Magdalena Ln, Laveen, AZ, 85339",Phoenix,INVH-7315-w-magdalena-ln-85339-90664,4,2.5,1905,2395.0,2026-10-10,20 months,False,,,,,,,,https://www.invitationhomes.com/houses-for-rent/7315-w-magdalena-ln-85339-90664,2026-08-23,2026-09-30,AZ,Laveen,,,,,7315-w-magdalena-ln-85339-90664
2026-09-30,INVH,Phoenix,"6445 W Constance Way, Laveen, AZ, 85339",Phoenix,INVH-6445-w-constance-way-laveen-az-85339,3,2.5,1275,1880.0,2026-11-12,20 months,False,,,,,,,,https://www.invitationhomes.com/houses-for-rent/6445-w-constance-way-laveen-az-85339,2026-09-30,2026-09-30,AZ,Laveen,,,,,6445-w-constance-way-laveen-az-85339
2026-09-30,INVH,Phoenix,"7713 W Glass Ln, Laveen, AZ, 85339",Phoenix,INVH-7713-w-glass-ln-85339-87214,4,3.0,1891,2310.0,2026-10-16,20 months,False,,,,,,,,https://www.invitationhomes.com/houses-for-rent/7713-w-glass-ln-85339-87214,2026-09-03,2026-09-30,AZ,Laveen,,,,,7713-w-glass-ln-85339-87214
2026-09-30,INVH,Phoenix,"7343 W St Charles Ave, Laveen, AZ, 85339",Phoenix,INVH-7343-w-st-charles-ave-85339-1264,4,2.5,2220,2190.0,2026-09-30,20 months,False,,,,,,,,https://www.invitationhomes.com/houses-for-rent/7343-w-st-charles-ave-85339-1264,2026-09-03,2026-09-30,AZ,Laveen,,,,,7343-w-st-charles-ave-85339-1264
2026-09-30,INVH,Phoenix,"4733 W Ardmore Rd, Laveen, AZ, 85339",Phoenix,INVH-4733-w-ardmore-rd-85339-6029,3,2.0,2270,2395.0,2026-11-11,20 months,False,,,,,,,,https://www.invitationhomes.com/houses-for-rent/4733-w-ardmore-rd-85339-6029,2026-09-30,2026-09-30,AZ,Laveen,,,,,4733-w-ardmore-rd-85339-6029
2026-09-30,INVH,Phoenix,"4614 W Valencia Dr, Laveen, AZ, 85339",Phoenix,INVH-4614-w-valencia-dr-85339-2547,4,2.5,2056,2185.0,2026-09-30,20 months,False,,,,,,,,https://www.invitationhomes.com/houses-for-rent/4614-w-valencia-dr-85339-2547,2026-07-19,2026-09-30,AZ,Laveen,,,,,4614-w-valencia-dr-85339-2547
2026-09-30,INVH,Phoenix,"5413 W Park St, Laveen, AZ, 85339",Phoenix,INVH-5413-w-park-st-85339-6158,3,2.0,1506,1985.0,2026-10-14,20 months,False,,,,,,,,https://www.invitationhomes.com/houses-for-rent/5413-w-park-st-85339-6158,2026-09-03,2026-09-30,AZ,Laveen,,,,,5413-w-park-st-85339-6158
2026-09-30,INVH,Phoenix,"5431 W Shumway Farm Rd, Laveen, AZ, 85339",Phoenix,INVH-5431-w-shumway-farm-rd-85339-88874,3,2.0,1795,2235.0,2026-11-13,20 months,False,,,,,,,,https://www.invitationhomes.com/houses-for-rent/5431-w-shumway-farm-rd-85339-88874,2026-09-30,2026-09-30,AZ,Laveen,,,,,5431-w-shumway-farm-rd-85339-88874
2026-09-30,INVH,Phoenix,"5216 W Shumway Farm Rd, Laveen, AZ, 85339",Phoenix,INVH-5216-w-shumway-farm-rd-85339-89345,3,2.0,1488,2030.0,2026-10-15,20 months,False,,,,,,,,https://www.invitationhomes.com/houses-for-rent/5216-w-shumway-farm-rd-85339-89345,2026-09-03,2026-09-30,AZ,Laveen,,,,,5216-w-shumway-farm-rd-85339-89345
2026-09-30,INVH,Phoenix,"4921 W St Anne Ave, Laveen, AZ, 85339",Phoenix,INVH-4921-w-st-anne-ave-85339-91083,3,2.0,1552,1970.0,2026-09-30,20 months,False,,,,,,,,https://www.invitationhomes.com/houses-for-rent/4921-w-st-anne-ave-85339-91083,2026-08-16,2026-09-30,AZ,Laveen,,,,,4921-w-st-anne-ave-85339-91083
2026-09-30,INVH,Phoenix,"4210 W Irwin Ave, Phoenix, AZ, 85041",Phoenix,INVH-4210-w-irwin-ave-85041-88886,3,2.5,1616,2140.0,2026-10-20,20 months,False,,,,,,,,https://www.invitationhomes.com/houses-for-rent/4210-w-irwin-ave-85041-88886,2026-09-06,2026-09-30,AZ,Phoenix,,,,,4210-w-irwin-ave-85041-88886
2026-09-30,INVH,Phoenix,"45667 W Tucker Rd, Maricopa, AZ, 85139",Phoenix,INVH-45667-w-tucker-rd-maricopa-az-85139,4,2.5,3212,2245.0,2026-09-30,20 months,False,,,,,,,,https://www.invitationhomes.com/houses-for-rent/45667-w-tucker-rd-maricopa-az-85139,2026-08-16,2026-09-30,AZ,Maricopa,,,,,45667-w-tucker-rd-maricopa-az-85139
2026-09-30,INVH,Phoenix,"43927 W Caven Dr, Maricopa, AZ, 85138",Phoenix,INVH-43927-w-caven-dr-85138-90178,4,3.0,2228,2265.0,2026-10-12,20 months,False,,,,,,,,https://www.invitationhomes.com/houses-for-rent/43927-w-caven-dr-85138-90178,2026-09-03,2026-09-30,AZ,Maricopa,,,,,43927-w-caven-dr-85138-90178
2026-09-30,INVH,Phoenix,"43290 W Griffis, Maricopa, AZ, 85138",Phoenix,INVH-43290-w-griffis-85138-125210,3,2.0,2442,2160.0,2026-09-30,20 months,False,,,,,,,,https://www.invitationhomes.com/houses-for-rent/43290-w-griffis-85138-125210,2026-09-30,2026-09-30,AZ,Maricopa,,,,,43290-w-griffis-85138-125210
2026-09-30,INVH,Phoenix,"44063 W Snow Dr, Maricopa, AZ, 85138",Phoenix,INVH-44063-w-snow-dr-85138-90937,4,2.5,2115,2430.0,2026-11-12,20 months,False,,,,,,,,https://www.invitationhomes.com/houses-for-rent/44063-w-snow-dr-85138-90937,2026-09-30,2026-09-30,AZ,Maricopa,,,,,44063-w-snow-dr-85138-90937
2026-09-30,INVH,Phoenix,"42366 W Bunker Dr, Maricopa, AZ, 85138",Phoenix,INVH-42366-w-bunker-dr-85138-89024,4,2.0,1674,1745.0,2026-09-30,20 months,False,,,,,,,,https://www.invitationhomes.com/houses-for-rent/42366-w-bunker-dr-85138-89024,2026-08-23,2026-09-30,AZ,Maricopa,,,,,42366-w-bunker-dr-85138-89024
2026-09-30,INVH,Phoenix,"36058 W Santa Barbara Ave, Maricopa, AZ, 85138",Phoenix,INVH-36058-w-santa-barbara-ave-85138-93449,4,3.0,1912,2065.0,2026-09-30,20 months,False,,,,,,,,https://www.invitationhomes.com/houses-for-rent/36058-w-santa-barbara-ave-85138-93449,2026-09-30,2026-09-30,AZ,Maricopa,,,,,36058-w-santa-barbara-ave-85138-93449
2026-09-30,INVH,Phoenix,"40637 W Williams Way, Maricopa, AZ, 85138",Phoenix,INVH-40637-w-williams-way-85138-91015,5,3.0,2552,2170.0,2026-10-03,24 months,False,,,,,,,,https://www.invitationhomes.com/houses-for-rent/40637-w-williams-way-85138-91015,2026-09-30,2026-09-30,AZ,Maricopa,,,,,40637-w-williams-way-85138-91015
2026-09-30,INVH,Phoenix,"37977 W Merced St, Maricopa, AZ, 85138",Phoenix,INVH-37977-w-merced-st-85138-92340,4,2.0,1831,1980.0,2026-10-17,20 months,False,,,,,,,,https://www.invitationhomes.com/houses-for-rent/37977-w-merced-st-85138-92340,2026-09-03,2026-09-30,AZ,Maricopa,,,,,37977-w-merced-st-85138-92340
2026-09-30,INVH,Phoenix,"35676 W Costa Blanca Dr, Maricopa, AZ, 85138",Phoenix,INVH-35676-w-costa-blanca-dr-maricopa-az-85138,3,2.0,1301,1545.0,2026-11-04,20 months,False,,,,,,,,https://www.invitationhomes.com/houses-for-rent/35676-w-costa-blanca-dr-maricopa-az-85138,2026-09-21,2026-09-30,AZ,Maricopa,,,,,35676-w-costa-blanca-dr-maricopa-az-85138
2026-09-30,INVH,Phoenix,"16205 S 17th Dr, Phoenix, AZ, 85045",Phoenix,INVH-16205-s-17th-dr-85045-87425,3,2.5,1839,2325.0,2026-09-30,20 months,False,,,,,,,,https://www.invitationhomes.com/houses-for-rent/16205-s-17th-dr-85045-87425,2026-08-10,2026-09-30,AZ,Phoenix,,,,,16205-s-17th-dr-85045-87425
2026-09-30,INVH,Phoenix,"3921 W Pollack St, Phoenix, AZ, 85041",Phoenix,INVH-3921-w-pollack-st-85041-8968,3,2.0,1830,2045.0,2026-10-23,20 months,False,,,,,,,,https://www.invitationhomes.com/houses-for-rent/3921-w-pollack-st-85041-8968,2026-09-30,2026-09-30,AZ,Phoenix,,,,,3921-w-pollack-st-85041-8968
2026-09-30,INVH,Phoenix,"3713 W Glass Ln, Phoenix, AZ, 85041",Phoenix,INVH-3713-w-glass-ln-85041-88188,4,2.0,1737,2315.0,2026-10-02,20 months,False,,,,,,,,https://www.invitationhomes.com/houses-for-rent/3713-w-glass-ln-85041-88188,2026-09-03,2026-09-30,AZ,Phoenix,,,,,3713-w-glass-ln-85041-88188
2026-09-30,INVH,Phoenix,"3226 West Pollack St, Phoenix, AZ, 85041",Phoenix,INVH-3226-west-pollack-st-85041-112451,3,2.0,1660,2145.0,2026-09-30,20 months,False,,,,,,,,https://www.invitationhomes.com/houses-for-rent/3226-west-pollack-st-85041-112451,2026-09-21,2026-09-30,AZ,Phoenix,,,,,3226-west-pollack-st-85041-112451
2026-09-30,INVH,Phoenix,"2310 W Saint Kateri Dr, Phoenix, AZ, 85041",Phoenix,INVH-2310-w-saint-kateri-dr-85041-100188,3,2.0,1288,1940.0,2026-10-23,20 months,False,,,,,,,,https://www.invitationhomes.com/houses-for-rent/2310-w-saint-kateri-dr-85041-100188,2026-09-12,2026-09-30,AZ,Phoenix,,,,,2310-w-saint-kateri-dr-85041-100188
2026-09-30,INVH,Phoenix,"2745 W Pecan Rd, Phoenix, AZ, 85041",Phoenix,INVH-2745-w-pecan-rd-phoenix-az-85041,4,2.0,1516,2099.0,2026-09-30,20 months,False,,,,,,,,https://www.invitationhomes.com/houses-for-rent/2745-w-pecan-rd-phoenix-az-85041,2026-08-16,2026-09-30,AZ,Phoenix,,,,,2745-w-pecan-rd-phoenix-az-85041
2026-09-30,INVH,Phoenix,"5726 S 27Th Dr, Phoenix, AZ, 85041",Phoenix,INVH-5726-s-27th-dr-85041-100520,4,2.0,1746,2220.0,2026-09-30,20 months,False,,,,,,,,https://www.invitationhomes.com/houses-for-rent/5726-s-27th-dr-85041-100520,2026-08-10,2026-09-30,AZ,Phoenix,,,,,5726-s-27th-dr-85041-100520
2026-09-30,INVH,Phoenix,"114 E Beth Dr, Phoenix, AZ, 85042",Phoenix,INVH-114-e-beth-dr-85042-6857,3,2.0,1327,1975.0,2026-09-30,20 months,False,,,,,,,,https://www.invitationhomes.com/houses-for-rent/114-e-beth-dr-85042-6857,2026-07-19,2026-09-30,AZ,Phoenix,,,,,114-e-beth-dr-85042-6857
2026-09-30,INVH,Phoenix,"8818 S 9th St, Phoenix, AZ, 85042",Phoenix,INVH-8818-s-9th-st-85042-5783,4,2.0,1967,2630.0,2026-11-12,20 months,False,,,,,,,,https://www.invitationhomes.com/houses-for-rent/8818-s-9th-st-85042-5783,2026-09-30,2026-09-30,AZ,Phoenix,,,,,8818-s-9th-st-85042-5783
2026-09-30,INVH,Phoenix,"7223 S 3rd Ave, Phoenix, AZ, 85041",Phoenix,INVH-7223-s-3rd-ave-85041-3433,3,2.0,1370,1949.0,2026-09-30,20 months,False,,,,,,,,https://www.invitationhomes.com/houses-for-rent/7223-s-3rd-ave-85041-3433,2026-07-19,2026-09-30,AZ,Phoenix,,,,,7223-s-3rd-ave-85041-3433
2026-09-30,INVH,Phoenix,"1143 E Caldwell St, Phoenix, AZ, 85042",Phoenix,INVH-1143-e-caldwell-st-phoenix-az-85042,4,2.5,1784,2480.0,2026-09-30,20 months,False,,,,,,,,https://www.invitationhomes.com/houses-for-rent/1143-e-caldwell-st-phoenix-az-85042,2026-08-23,2026-09-30,AZ,Phoenix,,,,,1143-e-caldwell-st-phoenix-az-85042
2026-09-30,INVH,Phoenix,"7529 S 14th St, Phoenix, AZ, 85042",Phoenix,INVH-7529-s-14th-st-85042-1349,3,2.5,1464,2035.0,2026-10-03,20 months,False,,,,,,,,https://www.invitationhomes.com/houses-for-rent/7529-s-14th-st-85042-1349,2026-08-16,2026-09-30,AZ,Phoenix,,,,,7529-s-14th-st-85042-1349
2026-09-30,INVH,Phoenix,"2710 W Minton Dr, Tempe, AZ, 85282",Phoenix,INVH-2710-w-minton-dr-85282-100223,3,2.0,1596,2240.0,2026-09-30,20 months,False,,,,,,,,https://www.invitationhomes.com/houses-for-rent/2710-w-minton-dr-85282-100223,2026-07-19,2026-09-30,AZ,Tempe,,,,,2710-w-minton-dr-85282-100223
2026-09-30,INVH,Phoenix,"4434 E Alta Vista Rd, Phoenix, AZ, 85042",Phoenix,INVH-4434-e-alta-vista-rd-phoenix-az-85042,4,2.0,1632,2060.0,2026-09-30,20 months,False,,,,,,,,https://www.invitationhomes.com/houses-for-rent/4434-e-alta-vista-rd-phoenix-az-85042,2026-09-06,2026-09-30,AZ,Phoenix,,,,,4434-e-alta-vista-rd-phoenix-az-85042
2026-09-30,INVH,Phoenix,"5829 S 42Nd St, Phoenix, AZ, 85040",Phoenix,INVH-5829-s-42nd-st-85040-101253,3,2.0,1320,1899.0,2026-09-30,20 months,False,,,,,,,,https://www.invitationhomes.com/houses-for-rent/5829-s-42nd-st-85040-101253,2026-07-19,2026-09-30,AZ,Phoenix,,,,,5829-s-42nd-st-85040-101253
2026-09-30,INVH,Phoenix,"520 W Musket Pl, Chandler, AZ, 85286",Phoenix,INVH-520-w-musket-pl-85286-125271,4,2.0,2131,2695.0,2026-10-16,20 months,False,,,,,,,,https://www.invitationhomes.com/houses-for-rent/520-w-musket-pl-85286-125271,2026-09-30,2026-09-30,AZ,Chandler,,,,,520-w-musket-pl-85286-125271
2026-09-30,INVH,Phoenix,"297 S 95th St, Chandler, AZ, 85224",Phoenix,INVH-297-s-95th-st-85224-1376,3,2.0,1357,2299.0,2026-10-30,20 months,False,,,,,,,,https://www.invitationhomes.com/houses-for-rent/297-s-95th-st-85224-1376,2026-09-21,2026-09-30,AZ,Chandler,,,,,297-s-95th-st-85224-1376
2026-09-30,INVH,Phoenix,"2125 W Chicago St, Chandler, AZ, 85224",Phoenix,INVH-2125-w-chicago-st-85224-3042,3,2.0,1044,2075.0,2026-09-30,20 months,False,,,,,,,,https://www.invitationhomes.com/houses-for-rent/2125-w-chicago-st-85224-3042,2026-08-23,2026-09-30,AZ,Chandler,,,,,2125-w-chicago-st-85224-3042
2026-09-30,INVH,Phoenix,"714 W Detroit Street, Chandler, AZ, 85225",Phoenix,INVH-714-w-detroit-street-85225-101553,4,2.0,1792,2449.0,2026-10-03,20 months,False,,,,,,,,https://www.invitationhomes.com/houses-for-rent/714-w-detroit-street-85225-101553,2026-09-03,2026-09-30,AZ,Chandler,,,,,714-w-detroit-street-85225-101553
2026-09-30,INVH,Phoenix,"499 W Detroit St, Chandler, AZ, 85225",Phoenix,INVH-499-w-detroit-st-chandler-az-85225,4,2.0,1460,2240.0,2026-11-11,20 months,False,,,,,,,,https://www.invitationhomes.com/houses-for-rent/499-w-detroit-st-chandler-az-85225,2026-09-30,2026-09-30,AZ,Chandler,,,,,499-w-detroit-st-chandler-az-85225
2026-09-30,INVH,Phoenix,"1263 S Bogle Ct, Chandler, AZ, 85286",Phoenix,INVH-1263-s-bogle-ct-chandler-az-85286,3,2.0,1824,2245.0,2026-09-30,19 months,False,,,,,,,,https://www.invitationhomes.com/houses-for-rent/1263-s-bogle-ct-chandler-az-85286,2026-08-10,2026-09-30,AZ,Chandler,,,,,1263-s-bogle-ct-chandler-az-85286
2026-09-30,INVH,Phoenix,"263 S Jesse St, Chandler, AZ, 85225",Phoenix,INVH-263-s-jesse-st-chandler-az-85225,3,2.0,1594,2345.0,2026-10-12,20 months,False,,,,,,,,https://www.invitationhomes.com/houses-for-rent/263-s-jesse-st-chandler-az-85225,2026-09-03,2026-09-30,AZ,Chandler,,,,,263-s-jesse-st-chandler-az-85225
2026-09-30,INVH,Phoenix,"6420 W Monterey St, Chandler, AZ, 85226",Phoenix,INVH-6420-w-monterey-st-chandler-az-85226,3,2.0,1162,2095.0,2026-09-30,20 months,False,,,,,,,,https://www.invitationhomes.com/houses-for-rent/6420-w-monterey-st-chandler-az-85226,2026-09-09,2026-09-30,AZ,Chandler,,,,,6420-w-monterey-st-chandler-az-85226
2026-09-30,INVH,Phoenix,"715 N Judd Ave, Chandler, AZ, 85226",Phoenix,INVH-715-n-judd-ave-85226-1647,3,2.0,1332,2395.0,2026-11-05,20 months,False,,,,,,,,https://www.invitationhomes.com/houses-for-rent/715-n-judd-ave-85226-1647,2026-09-30,2026-09-30,AZ,Chandler,,,,,715-n-judd-ave-85226-1647
2026-09-30,INVH,Phoenix,"2717 W Estrella Drive, Chandler, AZ, 85224",Phoenix,INVH-2717-w-estrella-drive-85224-100267,3,2.5,1620,2395.0,2026-10-29,20 months,False,,,,,,,,https://www.invitationhomes.com/houses-for-rent/2717-w-estrella-drive-85224-100267,2026-09-21,2026-09-30,AZ,Chandler,,,,,2717-w-estrella-drive-85224-100267
2026-09-30,INVH,Phoenix,"902 W Westchester Ave, Tempe, AZ, 85283",Phoenix,INVH-902-w-westchester-ave-tempe-az-85283,4,2.0,1382,2075.0,2026-09-30,20 months,False,,,,,,,,https://www.invitationhomes.com/houses-for-rent/902-w-westchester-ave-tempe-az-85283,2026-08-10,2026-09-30,AZ,Tempe,,,,,902-w-westchester-ave-tempe-az-85283
2026-09-30,INVH,Phoenix,"805 W Harvard Dr, Tempe, AZ, 85283",Phoenix,INVH-805-w-harvard-dr-85283-9462,3,2.0,1238,2175.0,2026-09-30,20 months,False,,,,,,,,https://www.invitationhomes.com/houses-for-rent/805-w-harvard-dr-85283-9462,2026-08-16,2026-09-30,AZ,Tempe,,,,,805-w-harvard-dr-85283-9462
2026-09-30,INVH,Phoenix,"617 E Carmen St, Tempe, AZ, 85283",Phoenix,INVH-617-e-carmen-st-85283-100995,3,2.0,1490,2220.0,2026-09-30,20 months,False,,,,,,,,https://www.invitationhomes.com/houses-for-rent/617-e-carmen-st-85283-100995,2026-07-19,2026-09-30,AZ,Tempe,,,,,617-e-carmen-st-85283-100995
2026-09-30,INVH,Phoenix,"4823 S Roberts Rd, Tempe, AZ, 85282",Phoenix,INVH-4823-s-roberts-rd-85282-100647,3,2.0,1338,2270.0,2026-10-06,20 months,False,,,,,,,,https://www.invitationhomes.com/houses-for-rent/4823-s-roberts-rd-85282-100647,2026-09-03,2026-09-30,AZ,Tempe,,,,,4823-s-roberts-rd-85282-100647
2026-09-30,INVH,Phoenix,"436 W La Jolla Drive, Tempe, AZ, 85282",Phoenix,INVH-436-w-la-jolla-drive-85282-101813,3,3.0,1425,2175.0,2026-09-30,20 months,False,,,,,,,,https://www.invitationhomes.com/houses-for-rent/436-w-la-jolla-drive-85282-101813,2026-08-10,2026-09-30,AZ,Tempe,,,,,436-w-la-jolla-drive-85282-101813
2026-09-30,INVH,Phoenix,"617 E La Jolla Drive, Tempe, AZ, 85282",Phoenix,INVH-617-e-la-jolla-drive-85282-100118,3,2.0,1466,2365.0,2026-09-30,20 months,False,,,,,,,,https://www.invitationhomes.com/houses-for-rent/617-e-la-jolla-drive-85282-100118,2026-08-16,2026-09-30,AZ,Tempe,,,,,617-e-la-jolla-drive-85282-100118
2026-09-30,INVH,Phoenix,"6744 S Lakeshore Drive, Tempe, AZ, 85283",Phoenix,INVH-6744-s-lakeshore-drive-85283-100065,4,3.5,2346,3095.0,2026-11-10,20 months,False,,,,,,,,https://www.invitationhomes.com/houses-for-rent/6744-s-lakeshore-drive-85283-100065,2026-09-30,2026-09-30,AZ,Tempe,,,,,6744-s-lakeshore-drive-85283-100065
2026-09-30,INVH,Phoenix,"943 E Manhatton Dr, Tempe, AZ, 85282",Phoenix,INVH-943-e-manhatton-dr-85282-6762,4,3.5,2309,3245.0,2026-09-30,20 months,False,,,,,,,,https://www.invitationhomes.com/houses-for-rent/943-e-manhatton-dr-85282-6762,2026-06-14,2026-09-30,AZ,Tempe,,,,,943-e-manhatton-dr-85282-6762
2026-09-30,INVH,Phoenix,"3410 S Terrace Rd, Tempe, AZ, 85282",Phoenix,INVH-3410-s-terrace-rd-85282-8703,4,2.0,1771,2920.0,2026-09-30,20 months,False,,,,,,,,https://www.invitationhomes.com/houses-for-rent/3410-s-terrace-rd-85282-8703,2026-07-19,2026-09-30,AZ,Tempe,,,,,3410-s-terrace-rd-85282-8703
2026-09-30,INVH,Phoenix,"1140 E Malibu Dr, Tempe, AZ, 85282",Phoenix,INVH-1140-e-malibu-dr-85282-8116,4,2.0,1771,2825.0,2026-09-30,20 months,False,,,,,,,,https://www.invitationhomes.com/houses-for-rent/1140-e-malibu-dr-85282-8116,2026-08-02,2026-09-30,AZ,Tempe,,,,,1140-e-malibu-dr-85282-8116
2026-09-30,INVH,Phoenix,"1412 E Hermosa Dr, Tempe, AZ, 85282",Phoenix,INVH-1412-e-hermosa-dr-85282-8851,4,2.0,1980,2545.0,2026-09-30,20 months,False,,,,,,,,https://www.invitationhomes.com/houses-for-rent/1412-e-hermosa-dr-85282-8851,2026-07-19,2026-09-30,AZ,Tempe,,,,,1412-e-hermosa-dr-85282-8851
2026-09-30,INVH,Phoenix,"1265 E Del Rio Dr, Tempe, AZ, 85282",Phoenix,INVH-1265-e-del-rio-dr-tempe-az-85282,4,2.0,1904,2799.0,2026-09-30,20 months,False,,,,,,,,https://www.invitationhomes.com/houses-for-rent/1265-e-del-rio-dr-tempe-az-85282,2026-08-16,2026-09-30,AZ,Tempe,,,,,1265-e-del-rio-dr-tempe-az-85282
2026-09-30,INVH,Phoenix,"3029 S Country Club Way, Tempe, AZ, 85282",Phoenix,INVH-3029-s-country-club-way-85282-8361,3,2.0,1746,2649.0,2026-10-17,20 months,False,,,,,,,,https://www.invitationhomes.com/houses-for-rent/3029-s-country-club-way-85282-8361,2026-08-02,2026-09-30,AZ,Tempe,,,,,3029-s-country-club-way-85282-8361
2026-09-30,INVH,Phoenix,"2310 E Riviera Drive, Tempe, AZ, 85282",Phoenix,INVH-2310-e-riviera-drive-85282-101097,4,2.0,1669,2435.0,2026-10-12,20 months,False,,,,,,,,https://www.invitationhomes.com/houses-for-rent/2310-e-riviera-drive-85282-101097,2026-09-12,2026-09-30,AZ,Tempe,,,,,2310-e-riviera-drive-85282-101097
2026-09-30,INVH,Phoenix,"601 W Shannon Street, Chandler, AZ, 85225",Phoenix,INVH-601-w-shannon-street-85225-101932,3,2.0,1430,2310.0,2026-10-27,20 months,False,,,,,,,,https://www.invitationhomes.com/houses-for-rent/601-w-shannon-street-85225-101932,2026-09-30,2026-09-30,AZ,Chandler,,,,,601-w-shannon-street-85225-101932
2026-09-30,INVH,Phoenix,"2500 N Cholla St, Chandler, AZ, 85224",Phoenix,INVH-2500-n-cholla-st-85224-3040,3,2.0,1393,2299.0,2026-09-30,20 months,False,,,,,,,,https://www.invitationhomes.com/houses-for-rent/2500-n-cholla-st-85224-3040,2026-08-16,2026-09-30,AZ,Chandler,,,,,2500-n-cholla-st-85224-3040
2026-09-30,INVH,Phoenix,"1615 W Curry Dr, Chandler, AZ, 85224",Phoenix,INVH-1615-w-curry-dr-chandler-az-85224,3,2.0,1646,2295.0,2026-09-30,20 months,False,,,,,,,,https://www.invitationhomes.com/houses-for-rent/1615-w-curry-dr-chandler-az-85224,2026-07-19,2026-09-30,AZ,Chandler,,,,,1615-w-curry-dr-chandler-az-85224
2026-09-30,INVH,Phoenix,"500 E Kent Ave, Chandler, AZ, 85225",Phoenix,INVH-500-e-kent-ave-85225-5853,3,2.0,1361,2370.0,2026-10-12,20 months,False,,,,,,,,https://www.invitationhomes.com/houses-for-rent/500-e-kent-ave-85225-5853,2026-09-03,2026-09-30,AZ,Chandler,,,,,500-e-kent-ave-85225-5853
2026-09-30,INVH,Phoenix,"520 E Kent Ave, Chandler, AZ, 85225",Phoenix,INVH-520-e-kent-ave-chandler-az-85225,3,2.0,1379,2345.0,2026-10-21,20 months,False,,,,,,,,https://www.invitationhomes.com/houses-for-rent/520-e-kent-ave-chandler-az-85225,2026-09-06,2026-09-30,AZ,Chandler,,,,,520-e-kent-ave-chandler-az-85225
2026-09-30,INVH,Phoenix,"1391 E Gary Dr, Chandler, AZ, 85225",Phoenix,INVH-1391-e-gary-dr-85225-1109,3,2.0,1599,2249.0,2026-09-30,20 months,False,,,,,,,,https://www.invitationhomes.com/houses-for-rent/1391-e-gary-dr-85225-1109,2026-08-02,2026-09-30,AZ,Chandler,,,,,1391-e-gary-dr-85225-1109
2026-09-30,INVH,Phoenix,"1059 W Sandy Banks, Gilbert, AZ, 85233",Phoenix,INVH-1059-w-sandy-banks-gilbert-az-85233,3,2.5,1397,2199.0,2026-10-30,20 months,False,,,,,,,,https://www.invitationhomes.com/houses-for-rent/1059-w-sandy-banks-gilbert-az-85233,2026-09-21,2026-09-30,AZ,Gilbert,,,,,1059-w-sandy-banks-gilbert-az-85233
2026-09-30,INVH,Phoenix,"2343 W Portobello Ave, Mesa, AZ, 85202",Phoenix,INVH-2343-w-portobello-ave-mesa-az-85202,3,2.0,1540,2090.0,2026-09-30,20 months,False,,,,,,,,https://www.invitationhomes.com/houses-for-rent/2343-w-portobello-ave-mesa-az-85202,2026-06-14,2026-09-30,AZ,Mesa,,,,,2343-w-portobello-ave-mesa-az-85202
2026-09-30,INVH,Phoenix,"1642 W Plana Ave, Mesa, AZ, 85202",Phoenix,INVH-1642-w-plana-ave-mesa-az-85202,3,2.0,1288,2240.0,2026-09-30,20 months,False,,,,,,,,https://www.invitationhomes.com/houses-for-rent/1642-w-plana-ave-mesa-az-85202,2026-08-23,2026-09-30,AZ,Mesa,,,,,1642-w-plana-ave-mesa-az-85202
2026-09-30,INVH,Phoenix,"917 W Lindner Ave, Mesa, AZ, 85210",Phoenix,INVH-917-w-lindner-ave-85210-6062,4,2.0,1852,2620.0,2026-10-28,20 months,False,,,,,,,,https://www.invitationhomes.com/houses-for-rent/917-w-lindner-ave-85210-6062,2026-09-30,2026-09-30,AZ,Mesa,,,,,917-w-lindner-ave-85210-6062
2026-09-30,INVH,Phoenix,"2155 W Kiva Ave, Mesa, AZ, 85202",Phoenix,INVH-2155-w-kiva-ave-85202-7522,3,2.5,1783,2695.0,2026-10-27,20 months,False,,,,,,,,https://www.invitationhomes.com/houses-for-rent/2155-w-kiva-ave-85202-7522,2026-09-12,2026-09-30,AZ,Mesa,,,,,2155-w-kiva-ave-85202-7522
2026-09-30,INVH,Phoenix,"1531 E Hilton Ave, Mesa, AZ, 85204",Phoenix,INVH-1531-e-hilton-ave-mesa-az-85204,4,2.0,1800,2395.0,2026-11-06,20 months,False,,,,,,,,https://www.invitationhomes.com/houses-for-rent/1531-e-hilton-ave-mesa-az-85204,2026-09-30,2026-09-30,AZ,Mesa,,,,,1531-e-hilton-ave-mesa-az-85204
2026-09-30,INVH,Phoenix,"1446 E Forge Ave, Mesa, AZ, 85204",Phoenix,INVH-1446-e-forge-ave-mesa-az-85204,3,2.0,1650,2295.0,2026-10-19,20 months,False,,,,,,,,https://www.invitationhomes.com/houses-for-rent/1446-e-forge-ave-mesa-az-85204,2026-09-06,2026-09-30,AZ,Mesa,,,,,1446-e-forge-ave-mesa-az-85204
2026-09-30,INVH,Phoenix,"18371 W Vista Norte St, Goodyear, AZ, 85338",Phoenix,INVH-18371-w-vista-norte-st-85338-90348,4,3.0,2123,2495.0,2026-10-14,20 months,False,,,,,,,,https://www.invitationhomes.com/houses-for-rent/18371-w-vista-norte-st-85338-90348,2026-09-03,2026-09-30,AZ,Goodyear,,,,,18371-w-vista-norte-st-85338-90348
2026-09-30,INVH,Phoenix,"17187 W Ashley Dr, Goodyear, AZ, 85338",Phoenix,INVH-17187-w-ashley-dr-85338-2804,4,3.0,2703,2295.0,2026-10-31,20 months,False,,,,,,,,https://www.invitationhomes.com/houses-for-rent/17187-w-ashley-dr-85338-2804,2026-09-21,2026-09-30,AZ,Goodyear,,,,,17187-w-ashley-dr-85338-2804
2026-09-30,INVH,Phoenix,"19743 W Harrison St, Buckeye, AZ, 85326",Phoenix,INVH-19743-w-harrison-st-85326-84736,4,3.0,2025,2190.0,2026-11-12,20 months,False,,,,,,,,https://www.invitationhomes.com/houses-for-rent/19743-w-harrison-st-85326-84736,2026-09-30,2026-09-30,AZ,Buckeye,,,,,19743-w-harrison-st-85326-84736
2026-09-30,INVH,Phoenix,"19304 W Madison St, Buckeye, AZ, 85326",Phoenix,INVH-19304-w-madison-st-85326-112389,3,2.0,1480,1749.0,2026-09-30,20 months,False,,,,,,,,https://www.invitationhomes.com/houses-for-rent/19304-w-madison-st-85326-112389,2026-08-10,2026-09-30,AZ,Buckeye,,,,,19304-w-madison-st-85326-112389
2026-09-30,INVH,Phoenix,"375 North 167th Dr, Goodyear, AZ, 85338",Phoenix,INVH-375-north-167th-dr-85338-112385,3,2.0,1716,1995.0,2026-09-30,20 months,False,,,,,,,,https://www.invitationhomes.com/houses-for-rent/375-north-167th-dr-85338-112385,2026-08-23,2026-09-30,AZ,Goodyear,,,,,375-north-167th-dr-85338-112385
2026-09-30,INVH,Phoenix,"16029 W Miami St, Goodyear, AZ, 85338",Phoenix,INVH-16029-w-miami-st-85338-9426,4,3.0,2226,2195.0,2026-10-12,20 months,False,,,,,,,,https://www.invitationhomes.com/houses-for-rent/16029-w-miami-st-85338-9426,2026-09-09,2026-09-30,AZ,Goodyear,,,,,16029-w-miami-st-85338-9426
2026-09-30,INVH,Phoenix,"15816 W Apache St, Goodyear, AZ, 85338",Phoenix,INVH-15816-w-apache-st-85338-88936,4,2.0,1912,2645.0,2026-10-15,20 months,False,,,,,,,,https://www.invitationhomes.com/houses-for-rent/15816-w-apache-st-85338-88936,2026-09-09,2026-09-30,AZ,Goodyear,,,,,15816-w-apache-st-85338-88936
2026-09-30,INVH,Phoenix,"16168 W Sherman St, Goodyear, AZ, 85338",Phoenix,INVH-16168-w-sherman-st-85338-9200,4,2.0,1430,1895.0,2026-09-30,20 months,False,,,,,,,,https://www.invitationhomes.com/houses-for-rent/16168-w-sherman-st-85338-9200,2026-07-19,2026-09-30,AZ,Goodyear,,,,,16168-w-sherman-st-85338-9200
2026-09-30,INVH,Phoenix,"15890 W Pima Street, Goodyear, AZ, 85338",Phoenix,INVH-15890-w-pima-street-85338-99734,4,2.0,1970,1995.0,2026-09-30,20 months,False,,,,,,,,https://www.invitationhomes.com/houses-for-rent/15890-w-pima-street-85338-99734,2026-07-19,2026-09-30,AZ,Goodyear,,,,,15890-w-pima-street-85338-99734
2026-09-30,INVH,Phoenix,"711 S 3Rd St, Avondale, AZ, 85323",Phoenix,INVH-711-s-3rd-st-85323-101251,4,2.0,1710,1995.0,2026-10-12,20 months,False,,,,,,,,https://www.invitationhomes.com/houses-for-rent/711-s-3rd-st-85323-101251,2026-09-12,2026-09-30,AZ,Avondale,,,,,711-s-3rd-st-85323-101251
2026-09-30,INVH,Phoenix,"982 E Dee St, Avondale, AZ, 85323",Phoenix,INVH-982-e-dee-st-avondale-az-85323,3,2.5,2144,2140.0,2026-09-30,20 months,False,,,,,,,,https://www.invitationhomes.com/houses-for-rent/982-e-dee-st-avondale-az-85323,2026-06-14,2026-09-30,AZ,Avondale,,,,,982-e-dee-st-avondale-az-85323
2026-09-30,INVH,Phoenix,"16255 W Moreland St, Goodyear, AZ, 85338",Phoenix,INVH-16255-w-moreland-st-goodyear-az-85338,3,2.0,1591,1745.0,2026-09-30,20 months,False,,,,,,,,https://www.invitationhomes.com/houses-for-rent/16255-w-moreland-st-goodyear-az-85338,2026-07-19,2026-09-30,AZ,Goodyear,,,,,16255-w-moreland-st-goodyear-az-85338
2026-09-30,INVH,Phoenix,"16030 W Diamond Street, Goodyear, AZ, 85338",Phoenix,INVH-16030-w-diamond-street-85338-100710,3,2.0,1450,1795.0,2026-09-30,20 months,False,,,,,,,,https://www.invitationhomes.com/houses-for-rent/16030-w-diamond-street-85338-100710,2026-07-19,2026-09-30,AZ,Goodyear,,,,,16030-w-diamond-street-85338-100710
2026-09-30,INVH,Phoenix,"15134 W Woodlands Ave, Goodyear, AZ, 85338",Phoenix,INVH-15134-w-woodlands-ave-goodyear-az-85338,4,2.0,1819,2095.0,2026-10-29,20 months,False,,,,,,,,https://www.invitationhomes.com/houses-for-rent/15134-w-woodlands-ave-goodyear-az-85338,2026-09-21,2026-09-30,AZ,Goodyear,,,,,15134-w-woodlands-ave-goodyear-az-85338
2026-09-30,INVH,Phoenix,"1007 N Litchfield Rd, Goodyear, AZ, 85338",Phoenix,INVH-1007-n-litchfield-rd-goodyear-az-85338,3,2.0,2024,2145.0,2026-11-06,20 months,False,,,,,,,,https://www.invitationhomes.com/houses-for-rent/1007-n-litchfield-rd-goodyear-az-85338,2026-09-30,2026-09-30,AZ,Goodyear,,,,,1007-n-litchfield-rd-goodyear-az-85338
2026-09-30,INVH,Phoenix,"1018 S 4th Ave, Avondale, AZ, 85323",Phoenix,INVH-1018-s-4th-ave-avondale-az-85323,3,2.0,1678,1945.0,2026-10-12,20 months,False,,,,,,,,https://www.invitationhomes.com/houses-for-rent/1018-s-4th-ave-avondale-az-85323,2026-09-09,2026-09-30,AZ,Avondale,,,,,1018-s-4th-ave-avondale-az-85323
2026-09-30,INVH,Phoenix,"43 N 123Rd Dr, Avondale, AZ, 85323",Phoenix,INVH-43-n-123rd-dr-85323-101307,4,3.0,1914,2049.0,2026-10-15,20 months,False,,,,,,,,https://www.invitationhomes.com/houses-for-rent/43-n-123rd-dr-85323-101307,2026-09-03,2026-09-30,AZ,Avondale,,,,,43-n-123rd-dr-85323-101307
2026-09-30,INVH,Phoenix,"2686 N 131st Dr, Goodyear, AZ, 85395",Phoenix,INVH-2686-n-131st-dr-85395-87164,3,2.5,1683,2145.0,2026-09-30,20 months,False,,,,,,,,https://www.invitationhomes.com/houses-for-rent/2686-n-131st-dr-85395-87164,2026-08-16,2026-09-30,AZ,Goodyear,,,,,2686-n-131st-dr-85395-87164
2026-09-30,INVH,Phoenix,"12727 W Edgemont Ave, Avondale, AZ, 85392",Phoenix,INVH-12727-w-edgemont-ave-85392-94364,3,2.0,2277,2470.0,2026-11-12,20 months,False,,,,,,,,https://www.invitationhomes.com/houses-for-rent/12727-w-edgemont-ave-85392-94364,2026-09-30,2026-09-30,AZ,Avondale,,,,,12727-w-edgemont-ave-85392-94364
2026-09-30,INVH,Phoenix,"12537 W Cambridge Ave, Avondale, AZ, 85392",Phoenix,INVH-12537-w-cambridge-ave-85392-3472,3,2.0,1290,2045.0,2026-10-14,20 months,False,,,,,,,,https://www.invitationhomes.com/houses-for-rent/12537-w-cambridge-ave-85392-3472,2026-09-03,2026-09-30,AZ,Avondale,,,,,12537-w-cambridge-ave-85392-3472
2026-09-30,INVH,Phoenix,"19609 W Roma Ave, Litchfield Park, AZ, 85340",Phoenix,INVH-19609-w-roma-ave-85340-93401,4,2.0,1967,2195.0,2026-09-30,20 months,False,,,,,,,,https://www.invitationhomes.com/houses-for-rent/19609-w-roma-ave-85340-93401,2026-09-06,2026-09-30,AZ,Litchfield Park,,,,,19609-w-roma-ave-85340-93401
2026-09-30,INVH,Phoenix,"5819 N 196th Ln, Litchfield Park, AZ, 85340",Phoenix,INVH-5819-n-196th-ln-85340-88304,3,2.0,1760,2045.0,2026-10-29,20 months,False,,,,,,,,https://www.invitationhomes.com/houses-for-rent/5819-n-196th-ln-85340-88304,2026-09-21,2026-09-30,AZ,Litchfield Park,,,,,5819-n-196th-ln-85340-88304
2026-09-30,INVH,Phoenix,"5036 N 189th Gln, Litchfield Park, AZ, 85340",Phoenix,INVH-5036-n-189th-gl-85340-96054,3,2.5,1970,2175.0,2026-09-30,24 months,False,,,,,,,,https://www.invitationhomes.com/houses-for-rent/5036-n-189th-gl-85340-96054,2026-09-21,2026-09-30,AZ,Litchfield Park,,,,,5036-n-189th-gl-85340-96054
2026-09-30,INVH,Phoenix,"5040 N 189th Gln, Litchfield Park, AZ, 85340",Phoenix,INVH-5040-n-189th-gl-85340-96047,4,2.5,2218,2325.0,2026-09-30,24 months,False,,,,,,,,https://www.invitationhomes.com/houses-for-rent/5040-n-189th-gl-85340-96047,2026-09-03,2026-09-30,AZ,Litchfield Park,,,,,5040-n-189th-gl-85340-96047
2026-09-30,INVH,Phoenix,"18981 W Reade Ave, Litchfield Park, AZ, 85340",Phoenix,INVH-18981-w-reade-ave-85340-96147,4,3.5,2332,2485.0,2026-09-30,24 months,False,,,,,,,,https://www.invitationhomes.com/houses-for-rent/18981-w-reade-ave-85340-96147,2026-08-02,2026-09-30,AZ,Litchfield Park,,,,,18981-w-reade-ave-85340-96147
2026-09-30,INVH,Phoenix,"18977 W Reade Ave, Litchfield Park, AZ, 85340",Phoenix,INVH-18977-w-reade-ave-85340-96144,3,2.5,1663,2075.0,2026-09-30,24 months,False,,,,,,,,https://www.invitationhomes.com/houses-for-rent/18977-w-reade-ave-85340-96144,2026-09-30,2026-09-30,AZ,Litchfield Park,,,,,18977-w-reade-ave-85340-96144
2026-09-30,INVH,Phoenix,"18923 W Pasadena Ave, Litchfield Park, AZ, 85340",Phoenix,INVH-18923-w-pasadena-ave-85340-96062,3,2.5,1970,2049.0,2026-09-30,24 months,False,,,,,,,,https://www.invitationhomes.com/houses-for-rent/18923-w-pasadena-ave-85340-96062,2026-08-02,2026-09-30,AZ,Litchfield Park,,,,,18923-w-pasadena-ave-85340-96062
2026-09-30,INVH,Phoenix,"18919 W Pasadena Ave, Litchfield Park, AZ, 85340",Phoenix,INVH-18919-w-pasadena-ave-85340-96084,4,2.5,2218,2275.0,2026-09-30,24 months,False,,,,,,,,https://www.invitationhomes.com/houses-for-rent/18919-w-pasadena-ave-85340-96084,2026-06-14,2026-09-30,AZ,Litchfield Park,,,,,18919-w-pasadena-ave-85340-96084
2026-09-30,INVH,Phoenix,"5005 N 189th Drive, Litchfield Park, AZ, 85340",Phoenix,INVH-5005-n-189th-drive-85340-96166,4,3.5,2332,2485.0,2026-09-30,24 months,False,,,,,,,,https://www.invitationhomes.com/houses-for-rent/5005-n-189th-drive-85340-96166,2026-09-03,2026-09-30,AZ,Litchfield Park,,,,,5005-n-189th-drive-85340-96166
2026-09-30,INVH,Phoenix,"5030 N 189th Dr, Litchfield Park, AZ, 85340",Phoenix,INVH-5030-n-189th-drive-85340-96042,3,2.5,1970,2175.0,2026-09-30,24 months,False,,,,,,,,https://www.invitationhomes.com/houses-for-rent/5030-n-189th-drive-85340-96042,2026-08-16,2026-09-30,AZ,Litchfield Park,,,,,5030-n-189th-drive-85340-96042
2026-09-30,INVH,Phoenix,"5038 N 189th Dr, Litchfield Park, AZ, 85340",Phoenix,INVH-5038-n-189th-drive-85340-96036,3,2.5,1970,2175.0,2026-09-30,24 months,False,,,,,,,,https://www.invitationhomes.com/houses-for-rent/5038-n-189th-drive-85340-96036,2026-08-16,2026-09-30,AZ,Litchfield Park,,,,,5038-n-189th-drive-85340-96036
2026-09-30,INVH,Phoenix,"5046 N 189th Drive, Litchfield Park, AZ, 85340",Phoenix,INVH-5046-n-189th-drive-85340-96087,3,2.5,1663,2049.0,2026-09-30,24 months,False,,,,,,,,https://www.invitationhomes.com/houses-for-rent/5046-n-189th-drive-85340-96087,2026-08-23,2026-09-30,AZ,Litchfield Park,,,,,5046-n-189th-drive-85340-96087
2026-09-30,INVH,Phoenix,"5050 N 189th Dr, Litchfield Park, AZ, 85340",Phoenix,INVH-5050-n-189th-drive-85340-96076,4,2.5,2218,2399.0,2026-10-12,24 months,False,,,,,,,,https://www.invitationhomes.com/houses-for-rent/5050-n-189th-drive-85340-96076,2026-09-03,2026-09-30,AZ,Litchfield Park,,,,,5050-n-189th-drive-85340-96076
2026-09-30,INVH,Phoenix,"5111 N 189th Dr, Litchfield Park, AZ, 85340",Phoenix,INVH-5111-n-189th-drive-85340-96154,4,2.5,2218,2325.0,2026-09-30,24 months,False,,,,,,,,https://www.invitationhomes.com/houses-for-rent/5111-n-189th-drive-85340-96154,2026-09-12,2026-09-30,AZ,Litchfield Park,,,,,5111-n-189th-drive-85340-96154
2026-09-30,INVH,Phoenix,"18914 W Reade Ave, Litchfield Park, AZ, 85340",Phoenix,INVH-18914-w-reade-ave-85340-96072,4,3.5,2332,2485.0,2026-09-30,24 months,False,,,,,,,,https://www.invitationhomes.com/houses-for-rent/18914-w-reade-ave-85340-96072,2026-09-09,2026-09-30,AZ,Litchfield Park,,,,,18914-w-reade-ave-85340-96072
2026-09-30,INVH,Phoenix,"18908 W Reade Ave, Litchfield Park, AZ, 85340",Phoenix,INVH-18908-w-reade-ave-85340-96050,3,2.5,1970,2175.0,2026-09-30,24 months,False,,,,,,,,https://www.invitationhomes.com/houses-for-rent/18908-w-reade-ave-85340-96050,2026-08-02,2026-09-30,AZ,Litchfield Park,,,,,18908-w-reade-ave-85340-96050
2026-09-30,INVH,Phoenix,"18532 W Sanna St, Waddell, AZ, 85355",Phoenix,INVH-18532-w-sanna-st-waddell-az-85355,3,2.0,1526,1875.0,2026-09-30,20 months,False,,,,,,,,https://www.invitationhomes.com/houses-for-rent/18532-w-sanna-st-waddell-az-85355,2026-07-19,2026-09-30,AZ,Waddell,,,,,18532-w-sanna-st-waddell-az-85355
2026-09-30,INVH,Phoenix,"12838 W Apodaca Dr, Litchfield Park, AZ, 85340",Phoenix,INVH-12838-w-apodaca-dr-85340-2777,3,2.0,1524,1999.0,2026-09-30,20 months,False,,,,,,,,https://www.invitationhomes.com/houses-for-rent/12838-w-apodaca-dr-85340-2777,2026-08-16,2026-09-30,AZ,Litchfield Park,,,,,12838-w-apodaca-dr-85340-2777
2026-09-30,INVH,Phoenix,"12532 W Cercado Ln, Litchfield Park, AZ, 85340",Phoenix,INVH-12532-w-cercado-ln-85340-85299,4,3.0,1914,2295.0,2026-09-30,20 months,False,,,,,,,,https://www.invitationhomes.com/houses-for-rent/12532-w-cercado-ln-85340-85299,2026-08-23,2026-09-30,AZ,Litchfield Park,,,,,12532-w-cercado-ln-85340-85299
2026-09-30,INVH,Phoenix,"10410 W Illini St, Tolleson, AZ, 85353",Phoenix,INVH-10410-w-illini-st-85353-94644,4,3.0,2966,2595.0,2026-09-30,20 months,False,,,,,,,,https://www.invitationhomes.com/houses-for-rent/10410-w-illini-st-85353-94644,2026-08-23,2026-09-30,AZ,Tolleson,,,,,10410-w-illini-st-85353-94644
2026-09-30,INVH,Phoenix,"2125 S 114Th Lane, Avondale, AZ, 85323",Phoenix,INVH-2125-s-114th-lane-85323-100429,4,2.5,2376,2195.0,2026-09-30,20 months,False,,,,,,,,https://www.invitationhomes.com/houses-for-rent/2125-s-114th-lane-85323-100429,2026-08-02,2026-09-30,AZ,Avondale,,,,,2125-s-114th-lane-85323-100429
2026-09-30,INVH,Phoenix,"2122 S 114th Ave, Avondale, AZ, 85323",Phoenix,INVH-2122-s-114th-ave-avondale-az-85323,3,2.0,1553,1799.0,2026-09-30,20 months,False,,,,,,,,https://www.invitationhomes.com/houses-for-rent/2122-s-114th-ave-avondale-az-85323,2026-07-19,2026-09-30,AZ,Avondale,,,,,2122-s-114th-ave-avondale-az-85323
2026-09-30,INVH,Phoenix,"1418 S 122nd Ln, Avondale, AZ, 85323",Phoenix,INVH-1418-s-122nd-ln-85323-9727,4,2.5,2235,2195.0,2026-09-30,20 months,False,,,,,,,,https://www.invitationhomes.com/houses-for-rent/1418-s-122nd-ln-85323-9727,2026-08-23,2026-09-30,AZ,Avondale,,,,,1418-s-122nd-ln-85323-9727
2026-09-30,INVH,Phoenix,"1208 S 121st Ln, Avondale, AZ, 85323",Phoenix,INVH-1208-s-121st-ln-avondale-az-85323,4,2.5,1856,2195.0,2026-11-13,20 months,False,,,,,,,,https://www.invitationhomes.com/houses-for-rent/1208-s-121st-ln-avondale-az-85323,2026-09-30,2026-09-30,AZ,Avondale,,,,,1208-s-121st-ln-avondale-az-85323
2026-09-30,INVH,Phoenix,"12170 W Yavapai Ln, Avondale, AZ, 85323",Phoenix,INVH-12170-w-yavapai-ln-85323-7871,4,2.5,1856,1945.0,2026-09-30,20 months,False,,,,,,,,https://www.invitationhomes.com/houses-for-rent/12170-w-yavapai-ln-85323-7871,2026-06-09,2026-09-30,AZ,Avondale,,,,,12170-w-yavapai-ln-85323-7871
2026-09-30,INVH,Phoenix,"11729 W Hadley St, Avondale, AZ, 85323",Phoenix,INVH-11729-w-hadley-st-85323-7716,4,2.0,1896,2145.0,2026-09-30,20 months,False,,,,,,,,https://www.invitationhomes.com/houses-for-rent/11729-w-hadley-st-85323-7716,2026-09-30,2026-09-30,AZ,Avondale,,,,,11729-w-hadley-st-85323-7716
2026-09-30,INVH,Phoenix,"11880 W Grant St, Avondale, AZ, 85323",Phoenix,INVH-11880-w-grant-st-avondale-az-85323,3,2.5,2528,2345.0,2026-09-30,20 months,False,,,,,,,,https://www.invitationhomes.com/houses-for-rent/11880-w-grant-st-avondale-az-85323,2026-08-10,2026-09-30,AZ,Avondale,,,,,11880-w-grant-st-avondale-az-85323
2026-09-30,INVH,Phoenix,"11322 W Hadley St, Avondale, AZ, 85323",Phoenix,INVH-11322-w-hadley-st-85323-3147,3,2.0,1399,1799.0,2026-09-30,20 months,False,,,,,,,,https://www.invitationhomes.com/houses-for-rent/11322-w-hadley-st-85323-3147,2026-08-02,2026-09-30,AZ,Avondale,,,,,11322-w-hadley-st-85323-3147
2026-09-30,INVH,Phoenix,"10318 W Magnolia St, Tolleson, AZ, 85353",Phoenix,INVH-10318-w-magnolia-st-tolleson-az-85353,3,2.0,1678,2090.0,2026-11-13,20 months,False,,,,,,,,https://www.invitationhomes.com/houses-for-rent/10318-w-magnolia-st-tolleson-az-85353,2026-09-30,2026-09-30,AZ,Tolleson,,,,,10318-w-magnolia-st-tolleson-az-85353
2026-09-30,INVH,Phoenix,"10775 W Joblanca Rd, Avondale, AZ, 85323",Phoenix,INVH-10775-w-joblanca-rd-85323-4706,4,2.0,1621,1995.0,2026-11-04,20 months,False,,,,,,,,https://www.invitationhomes.com/houses-for-rent/10775-w-joblanca-rd-85323-4706,2026-09-21,2026-09-30,AZ,Avondale,,,,,10775-w-joblanca-rd-85323-4706
2026-09-30,INVH,Phoenix,"10237 W Chipman Rd, Tolleson, AZ, 85353",Phoenix,INVH-10237-w-chipman-rd-85353-100519,4,2.5,2646,2325.0,2026-10-31,20 months,False,,,,,,,,https://www.invitationhomes.com/houses-for-rent/10237-w-chipman-rd-85353-100519,2026-06-09,2026-09-30,AZ,Tolleson,,,,,10237-w-chipman-rd-85353-100519
2026-09-30,INVH,Phoenix,"10136 W Williams St, Tolleson, AZ, 85353",Phoenix,INVH-10136-w-williams-st-85353-4208,3,2.5,1352,1790.0,2026-11-09,20 months,False,,,,,,,,https://www.invitationhomes.com/houses-for-rent/10136-w-williams-st-85353-4208,2026-09-30,2026-09-30,AZ,Tolleson,,,,,10136-w-williams-st-85353-4208
2026-09-30,INVH,Phoenix,"2812 S 100th Dr, Tolleson, AZ, 85353",Phoenix,INVH-2812-s-100th-dr-tolleson-az-85353,3,3.0,1461,1885.0,2026-10-12,20 months,False,,,,,,,,https://www.invitationhomes.com/houses-for-rent/2812-s-100th-dr-tolleson-az-85353,2026-09-03,2026-09-30,AZ,Tolleson,,,,,2812-s-100th-dr-tolleson-az-85353
2026-09-30,INVH,Phoenix,"10002 W Crown King Road, Tolleson, AZ, 85353",Phoenix,INVH-10002-w-crown-king-road-85353-100773,4,2.5,1995,2049.0,2026-09-30,20 months,False,,,,,,,,https://www.invitationhomes.com/houses-for-rent/10002-w-crown-king-road-85353-100773,2026-08-02,2026-09-30,AZ,Tolleson,,,,,10002-w-crown-king-road-85353-100773
2026-09-30,INVH,Phoenix,"3122 S 93rd Ln, Tolleson, AZ, 85353",Phoenix,INVH-3122-s-93rd-ln-85353-87684,4,2.0,1518,1875.0,2026-11-04,20 months,False,,,,,,,,https://www.invitationhomes.com/houses-for-rent/3122-s-93rd-ln-85353-87684,2026-09-21,2026-09-30,AZ,Tolleson,,,,,3122-s-93rd-ln-85353-87684
2026-09-30,INVH,Phoenix,"9327 W Williams St, Tolleson, AZ, 85353",Phoenix,INVH-9327-w-williams-st-85353-4223,3,2.5,2166,2045.0,2026-10-30,20 months,False,,,,,,,,https://www.invitationhomes.com/houses-for-rent/9327-w-williams-st-85353-4223,2026-09-21,2026-09-30,AZ,Tolleson,,,,,9327-w-williams-st-85353-4223
2026-09-30,INVH,Phoenix,"8742 W Heber Road, Tolleson, AZ, 85353",Phoenix,INVH-8742-w-heber-road-85353-100627,5,3.0,2700,2345.0,2026-11-05,20 months,False,,,,,,,,https://www.invitationhomes.com/houses-for-rent/8742-w-heber-road-85353-100627,2026-09-30,2026-09-30,AZ,Tolleson,,,,,8742-w-heber-road-85353-100627
2026-09-30,INVH,Phoenix,"8421 W Miami St, Tolleson, AZ, 85353",Phoenix,INVH-8421-w-miami-st-85353-6390,4,3.0,2884,2630.0,2026-10-12,20 months,False,,,,,,,,https://www.invitationhomes.com/houses-for-rent/8421-w-miami-st-85353-6390,2026-09-03,2026-09-30,AZ,Tolleson,,,,,8421-w-miami-st-85353-6390
2026-09-30,INVH,Phoenix,"9012 W Preston Ln, Tolleson, AZ, 85353",Phoenix,INVH-9012-w-preston-ln-tolleson-az-85353,4,2.0,1711,2085.0,2026-10-06,20 months,False,,,,,,,,https://www.invitationhomes.com/houses-for-rent/9012-w-preston-ln-tolleson-az-85353,2026-09-30,2026-09-30,AZ,Tolleson,,,,,9012-w-preston-ln-tolleson-az-85353
2026-09-30,INVH,Phoenix,"9022 W Toronto Way, Tolleson, AZ, 85353",Phoenix,INVH-9022-w-toronto-way-85353-5224,3,2.5,2025,2325.0,2026-10-06,20 months,False,,,,,,,,https://www.invitationhomes.com/houses-for-rent/9022-w-toronto-way-85353-5224,2026-09-30,2026-09-30,AZ,Tolleson,,,,,9022-w-toronto-way-85353-5224
2026-09-30,INVH,Phoenix,"8807 W Magnolia St, Tolleson, AZ, 85353",Phoenix,INVH-8807-w-magnolia-st-tolleson-az-85353,4,2.0,1662,2145.0,2026-10-03,20 months,False,,,,,,,,https://www.invitationhomes.com/houses-for-rent/8807-w-magnolia-st-tolleson-az-85353,2026-08-23,2026-09-30,AZ,Tolleson,,,,,8807-w-magnolia-st-tolleson-az-85353
2026-09-30,INVH,Phoenix,"2258 S 88 Drive, Tolleson, AZ, 85353",Phoenix,INVH-2258-s-88-drive-85353-100866,3,2.0,1436,1895.0,2026-11-12,20 months,False,,,,,,,,https://www.invitationhomes.com/houses-for-rent/2258-s-88-drive-85353-100866,2026-08-10,2026-09-30,AZ,Tolleson,,,,,2258-s-88-drive-85353-100866
2026-09-30,INVH,Phoenix,"217 N 107Th Dr, Avondale, AZ, 85323",Phoenix,INVH-217-n-107th-dr-85323-99880,4,2.0,1872,2195.0,2026-09-30,20 months,False,,,,,,,,https://www.invitationhomes.com/houses-for-rent/217-n-107th-dr-85323-99880,2026-09-03,2026-09-30,AZ,Avondale,,,,,217-n-107th-dr-85323-99880
2026-09-30,INVH,Phoenix,"10436 W Granada Rd, Avondale, AZ, 85392",Phoenix,INVH-10436-w-granada-rd-85392-8542,3,2.0,1389,1745.0,2026-09-30,20 months,False,,,,,,,,https://www.invitationhomes.com/houses-for-rent/10436-w-granada-rd-85392-8542,2026-08-02,2026-09-30,AZ,Avondale,,,,,10436-w-granada-rd-85392-8542
2026-09-30,INVH,Phoenix,"2046 N 90th Ln, Phoenix, AZ, 85037",Phoenix,INVH-2046-n-90th-ln-phoenix-az-85037,3,2.0,1492,1845.0,2026-09-30,20 months,False,,,,,,,,https://www.invitationhomes.com/houses-for-rent/2046-n-90th-ln-phoenix-az-85037,2026-07-19,2026-09-30,AZ,Phoenix,,,,,2046-n-90th-ln-phoenix-az-85037
2026-09-30,INVH,Phoenix,"2026 N 90th Ln, Phoenix, AZ, 85037",Phoenix,INVH-2026-n-90th-ln-phoenix-az-85037,3,2.0,1184,1895.0,2026-10-12,20 months,False,,,,,,,,https://www.invitationhomes.com/houses-for-rent/2026-n-90th-ln-phoenix-az-85037,2026-09-30,2026-09-30,AZ,Phoenix,,,,,2026-n-90th-ln-phoenix-az-85037
2026-09-30,INVH,Phoenix,"8554 W Holly St, Phoenix, AZ, 85037",Phoenix,INVH-8554-w-holly-st-85037-2148,4,2.0,1679,2195.0,2026-10-06,20 months,False,,,,,,,,https://www.invitationhomes.com/houses-for-rent/8554-w-holly-st-85037-2148,2026-09-30,2026-09-30,AZ,Phoenix,,,,,8554-w-holly-st-85037-2148
2026-09-30,INVH,Phoenix,"1835 N 83rd Ln, Phoenix, AZ, 85037",Phoenix,INVH-1835-n-83rd-ln-phoenix-az-85037,2,1.75,1088,1580.0,2026-11-12,20 months,False,,,,,,,,https://www.invitationhomes.com/houses-for-rent/1835-n-83rd-ln-phoenix-az-85037,2026-09-30,2026-09-30,AZ,Phoenix,,,,,1835-n-83rd-ln-phoenix-az-85037
2026-09-30,INVH,Phoenix,"8526 W Cambridge Ave, Phoenix, AZ, 85037",Phoenix,INVH-8526-w-cambridge-ave-phoenix-az-85037,4,3.0,1768,2175.0,2026-09-30,20 months,False,,,,,,,,https://www.invitationhomes.com/houses-for-rent/8526-w-cambridge-ave-phoenix-az-85037,2026-08-02,2026-09-30,AZ,Phoenix,,,,,8526-w-cambridge-ave-phoenix-az-85037
2026-09-30,INVH,Phoenix,"3068 N 87Th Ave, Phoenix, AZ, 85037",Phoenix,INVH-3068-n-87th-ave-85037-101533,3,2.0,1678,1845.0,2026-09-30,20 months,False,,,,,,,,https://www.invitationhomes.com/houses-for-rent/3068-n-87th-ave-85037-101533,2026-08-10,2026-09-30,AZ,Phoenix,,,,,3068-n-87th-ave-85037-101533
2026-09-30,INVH,Phoenix,"6309 W Nez Perce Street, Phoenix, AZ, 85043",Phoenix,INVH-6309-w-nez-perce-street-85043-100863,3,2.0,1058,1745.0,2026-09-30,20 months,False,,,,,,,,https://www.invitationhomes.com/houses-for-rent/6309-w-nez-perce-street-85043-100863,2026-07-19,2026-09-30,AZ,Phoenix,,,,,6309-w-nez-perce-street-85043-100863
2026-09-30,INVH,Phoenix,"6333 W Cocopah St, Phoenix, AZ, 85043",Phoenix,INVH-6333-w-cocopah-st-phoenix-az-85043,3,1.75,1392,1640.0,2026-09-30,20 months,False,,,,,,,,https://www.invitationhomes.com/houses-for-rent/6333-w-cocopah-st-phoenix-az-85043,2026-07-19,2026-09-30,AZ,Phoenix,,,,,6333-w-cocopah-st-phoenix-az-85043
2026-09-30,INVH,Phoenix,"6025 W Odeum Ln, Phoenix, AZ, 85043",Phoenix,INVH-6025-w-odeum-ln-phoenix-az-85043,4,2.5,2225,2395.0,2026-10-12,20 months,False,,,,,,,,https://www.invitationhomes.com/houses-for-rent/6025-w-odeum-ln-phoenix-az-85043,2026-09-03,2026-09-30,AZ,Phoenix,,,,,6025-w-odeum-ln-phoenix-az-85043
2026-09-30,INVH,Phoenix,"6038 W Illini St, Phoenix, AZ, 85043",Phoenix,INVH-6038-w-illini-st-phoenix-az-85043,3,2.0,1343,1799.0,2026-09-30,20 months,False,,,,,,,,https://www.invitationhomes.com/houses-for-rent/6038-w-illini-st-phoenix-az-85043,2026-08-10,2026-09-30,AZ,Phoenix,,,,,6038-w-illini-st-phoenix-az-85043
2026-09-30,INVH,Phoenix,"3927 S 53Rd Drive, Phoenix, AZ, 85043",Phoenix,INVH-3927-s-53rd-drive-85043-100883,3,2.5,1452,1765.0,2026-09-30,20 months,False,,,,,,,,https://www.invitationhomes.com/houses-for-rent/3927-s-53rd-drive-85043-100883,2026-07-19,2026-09-30,AZ,Phoenix,,,,,3927-s-53rd-drive-85043-100883
2026-09-30,INVH,Phoenix,"5221 W Fulton St, Phoenix, AZ, 85043",Phoenix,INVH-5221-w-fulton-st-phoenix-az-85043,3,2.5,1353,1745.0,2026-09-30,20 months,False,,,,,,,,https://www.invitationhomes.com/houses-for-rent/5221-w-fulton-st-phoenix-az-85043,2026-07-19,2026-09-30,AZ,Phoenix,,,,,5221-w-fulton-st-phoenix-az-85043
2026-09-30,INVH,Phoenix,"5203 W Warner St, Phoenix, AZ, 85043",Phoenix,INVH-5203-w-warner-st-phoenix-az-85043,3,1.5,1286,1795.0,2026-10-12,20 months,False,,,,,,,,https://www.invitationhomes.com/houses-for-rent/5203-w-warner-st-phoenix-az-85043,2026-09-03,2026-09-30,AZ,Phoenix,,,,,5203-w-warner-st-phoenix-az-85043
2026-09-30,INVH,Phoenix,"116 N 66th Ln, Phoenix, AZ, 85043",Phoenix,INVH-116-n-66th-ln-85043-5292,4,2.0,1948,2215.0,2026-09-30,20 months,False,,,,,,,,https://www.invitationhomes.com/houses-for-rent/116-n-66th-ln-85043-5292,2026-09-21,2026-09-30,AZ,Phoenix,,,,,116-n-66th-ln-85043-5292
2026-09-30,INVH,Phoenix,"6928 W Garfield St, Phoenix, AZ, 85043",Phoenix,INVH-6928-w-garfield-st-85043-101204,3,1.5,1350,1925.0,2026-11-04,20 months,False,,,,,,,,https://www.invitationhomes.com/houses-for-rent/6928-w-garfield-st-85043-101204,2026-09-21,2026-09-30,AZ,Phoenix,,,,,6928-w-garfield-st-85043-101204
2026-09-30,INVH,Phoenix,"3007 N 79th Dr, Phoenix, AZ, 85033",Phoenix,INVH-3007-n-79th-dr-phoenix-az-85033,4,2.0,1310,1645.0,2026-09-30,20 months,False,,,,,,,,https://www.invitationhomes.com/houses-for-rent/3007-n-79th-dr-phoenix-az-85033,2026-07-19,2026-09-30,AZ,Phoenix,,,,,3007-n-79th-dr-phoenix-az-85033
2026-09-30,INVH,Phoenix,"6542 W Granada Road, Phoenix, AZ, 85035",Phoenix,INVH-6542-w-granada-road-85035-101775,3,2.0,1420,1895.0,2026-10-06,20 months,False,,,,,,,,https://www.invitationhomes.com/houses-for-rent/6542-w-granada-road-85035-101775,2026-09-21,2026-09-30,AZ,Phoenix,,,,,6542-w-granada-road-85035-101775
2026-09-30,INVH,Phoenix,"6320 W Monte Vista Rd, Phoenix, AZ, 85035",Phoenix,INVH-6320-w-monte-vista-rd-phoenix-az-85035,3,2.0,1064,1625.0,2026-09-30,20 months,False,,,,,,,,https://www.invitationhomes.com/houses-for-rent/6320-w-monte-vista-rd-phoenix-az-85035,2026-06-09,2026-09-30,AZ,Phoenix,,,,,6320-w-monte-vista-rd-phoenix-az-85035
2026-09-30,INVH,Phoenix,"6808 W Windsor Ave, Phoenix, AZ, 85035",Phoenix,INVH-6808-w-windsor-ave-phoenix-az-85035,4,2.0,1456,1915.0,2026-10-03,20 months,False,,,,,,,,https://www.invitationhomes.com/houses-for-rent/6808-w-windsor-ave-phoenix-az-85035,2026-09-21,2026-09-30,AZ,Phoenix,,,,,6808-w-windsor-ave-phoenix-az-85035
2026-09-30,INVH,Phoenix,"2211 N 54Th Lane, Phoenix, AZ, 85035",Phoenix,INVH-2211-n-54th-lane-85035-101099,3,2.0,1538,1730.0,2026-09-30,20 months,False,,,,,,,,https://www.invitationhomes.com/houses-for-rent/2211-n-54th-lane-85035-101099,2026-06-14,2026-09-30,AZ,Phoenix,,,,,2211-n-54th-lane-85035-101099
2026-09-30,INVH,Phoenix,"3236 N 54th Ln, Phoenix, AZ, 85031",Phoenix,INVH-3236-n-54th-ln-phoenix-az-85031,4,2.0,1320,1760.0,2026-09-30,20 months,False,,,,,,,,https://www.invitationhomes.com/houses-for-rent/3236-n-54th-ln-phoenix-az-85031,2026-09-12,2026-09-30,AZ,Phoenix,,,,,3236-n-54th-ln-phoenix-az-85031
2026-09-30,INVH,Phoenix,"2208 N 48th Dr, Phoenix, AZ, 85035",Phoenix,INVH-2208-n-48th-dr-phoenix-az-85035,4,2.0,1296,1749.0,2026-09-30,20 months,False,,,,,,,,https://www.invitationhomes.com/houses-for-rent/2208-n-48th-dr-phoenix-az-85035,2026-09-03,2026-09-30,AZ,Phoenix,,,,,2208-n-48th-dr-phoenix-az-85035
2026-09-30,INVH,Phoenix,"10467 W Sunflower Pl, Avondale, AZ, 85392",Phoenix,INVH-10467-w-sunflower-pl-85392-4751,3,2.0,1600,2140.0,2026-10-13,20 months,False,,,,,,,,https://www.invitationhomes.com/houses-for-rent/10467-w-sunflower-pl-85392-4751,2026-09-03,2026-09-30,AZ,Avondale,,,,,10467-w-sunflower-pl-85392-4751
2026-09-30,INVH,Phoenix,"10444 W Devonshire Ave, Phoenix, AZ, 85037",Phoenix,INVH-10444-w-devonshire-ave-phoenix-az-85037,3,2.0,1400,1699.0,2026-09-30,20 months,False,,,,,,,,https://www.invitationhomes.com/houses-for-rent/10444-w-devonshire-ave-phoenix-az-85037,2026-08-10,2026-09-30,AZ,Phoenix,,,,,10444-w-devonshire-ave-phoenix-az-85037
2026-09-30,INVH,Phoenix,"10225 W Camelback Rd Unit 13, Phoenix, AZ, 85037",Phoenix,INVH-10225-w-camelback-rd-unit-13-phoenix-az-85037,3,2.5,1837,2090.0,2026-09-30,20 months,False,,,,,,,,https://www.invitationhomes.com/houses-for-rent/10225-w-camelback-rd-unit-13-phoenix-az-85037,2026-08-02,2026-09-30,AZ,Phoenix,,,,,10225-w-camelback-rd-unit-13-phoenix-az-85037
2026-09-30,INVH,Phoenix,"8850 W Fairmount Ave, Phoenix, AZ, 85037",Phoenix,INVH-8850-w-fairmount-ave-phoenix-az-85037,3,2.0,1350,1940.0,2026-10-06,20 months,False,,,,,,,,https://www.invitationhomes.com/houses-for-rent/8850-w-fairmount-ave-phoenix-az-85037,2026-08-16,2026-09-30,AZ,Phoenix,,,,,8850-w-fairmount-ave-phoenix-az-85037
2026-09-30,INVH,Phoenix,"4037 N 88th Ln, Phoenix, AZ, 85037",Phoenix,INVH-4037-n-88th-ln-phoenix-az-85037,3,2.0,1258,1845.0,2026-10-24,20 months,False,,,,,,,,https://www.invitationhomes.com/houses-for-rent/4037-n-88th-ln-phoenix-az-85037,2026-09-09,2026-09-30,AZ,Phoenix,,,,,4037-n-88th-ln-phoenix-az-85037
2026-09-30,INVH,Phoenix,"4015 N 84th Ln, Phoenix, AZ, 85037",Phoenix,INVH-4015-n-84th-ln-phoenix-az-85037,3,1.0,1165,1865.0,2026-11-13,20 months,False,,,,,,,,https://www.invitationhomes.com/houses-for-rent/4015-n-84th-ln-phoenix-az-85037,2026-09-30,2026-09-30,AZ,Phoenix,,,,,4015-n-84th-ln-phoenix-az-85037
2026-09-30,INVH,Phoenix,"8437 W Turney Ave, Phoenix, AZ, 85037",Phoenix,INVH-8437-w-turney-ave-85037-2229,3,2.0,1188,1785.0,2026-11-09,20 months,False,,,,,,,,https://www.invitationhomes.com/houses-for-rent/8437-w-turney-ave-85037-2229,2026-09-30,2026-09-30,AZ,Phoenix,,,,,8437-w-turney-ave-85037-2229
2026-09-30,INVH,Phoenix,"8401 W Turney Ave, Phoenix, AZ, 85037",Phoenix,INVH-8401-w-turney-ave-phoenix-az-85037,3,2.0,1603,1899.0,2026-11-12,22 months,False,,,,,,,,https://www.invitationhomes.com/houses-for-rent/8401-w-turney-ave-phoenix-az-85037,2026-09-30,2026-09-30,AZ,Phoenix,,,,,8401-w-turney-ave-phoenix-az-85037
2026-09-30,INVH,Phoenix,"8544 W Elm St, Phoenix, AZ, 85037",Phoenix,INVH-8544-w-elm-st-85037-100003,4,2.0,1462,2140.0,2026-10-11,20 months,False,,,,,,,,https://www.invitationhomes.com/houses-for-rent/8544-w-elm-st-85037-100003,2026-09-03,2026-09-30,AZ,Phoenix,,,,,8544-w-elm-st-85037-100003
2026-09-30,INVH,Phoenix,"11354 W Ruth Ave, Peoria, AZ, 85345",Phoenix,INVH-11354-w-ruth-ave-85345-101577,3,2.0,1301,1895.0,2026-09-30,20 months,False,,,,,,,,https://www.invitationhomes.com/houses-for-rent/11354-w-ruth-ave-85345-101577,2026-08-16,2026-09-30,AZ,Peoria,,,,,11354-w-ruth-ave-85345-101577
2026-09-30,INVH,Phoenix,"11581 W Palo Verde Ave, Youngtown, AZ, 85363",Phoenix,INVH-11581-w-palo-verde-ave-youngtown-az-85363,4,2.0,1603,1849.0,2026-09-30,20 months,False,,,,,,,,https://www.invitationhomes.com/houses-for-rent/11581-w-palo-verde-ave-youngtown-az-85363,2026-08-02,2026-09-30,AZ,Youngtown,,,,,11581-w-palo-verde-ave-youngtown-az-85363
2026-09-30,INVH,Phoenix,"8672 N 110th Ave, Peoria, AZ, 85345",Phoenix,INVH-8672-n-110th-ave-85345-4422,3,2.0,1469,2020.0,2026-11-12,20 months,False,,,,,,,,https://www.invitationhomes.com/houses-for-rent/8672-n-110th-ave-85345-4422,2026-09-30,2026-09-30,AZ,Peoria,,,,,8672-n-110th-ave-85345-4422
2026-09-30,INVH,Phoenix,"10504 W Griswold Rd, Peoria, AZ, 85345",Phoenix,INVH-10504-w-griswold-rd-85345-5264,3,2.0,1450,2195.0,2026-09-30,20 months,False,,,,,,,,https://www.invitationhomes.com/houses-for-rent/10504-w-griswold-rd-85345-5264,2026-08-02,2026-09-30,AZ,Peoria,,,,,10504-w-griswold-rd-85345-5264
2026-09-30,INVH,Phoenix,"8826 W Lamar Rd, Glendale, AZ, 85305",Phoenix,INVH-8826-w-lamar-rd-85305-87688,3,2.0,1981,2349.0,2026-11-12,20 months,False,,,,,,,,https://www.invitationhomes.com/houses-for-rent/8826-w-lamar-rd-85305-87688,2026-09-30,2026-09-30,AZ,Glendale,,,,,8826-w-lamar-rd-85305-87688
2026-09-30,INVH,Phoenix,"6715 N 87th Ave, Glendale, AZ, 85305",Phoenix,INVH-6715-n-87th-ave-glendale-az-85305,2,2.0,1800,2145.0,2026-11-05,20 months,False,,,,,,,,https://www.invitationhomes.com/houses-for-rent/6715-n-87th-ave-glendale-az-85305,2026-09-30,2026-09-30,AZ,Glendale,,,,,6715-n-87th-ave-glendale-az-85305
2026-09-30,INVH,Phoenix,"9626 W Mission Ln, Peoria, AZ, 85345",Phoenix,INVH-9626-w-mission-ln-85345-6923,3,3.0,1726,2299.0,2026-11-13,20 months,False,,,,,,,,https://www.invitationhomes.com/houses-for-rent/9626-w-mission-ln-85345-6923,2026-09-30,2026-09-30,AZ,Peoria,,,,,9626-w-mission-ln-85345-6923
2026-09-30,INVH,Phoenix,"8182 N 88th Ln, Peoria, AZ, 85345",Phoenix,INVH-8182-n-88th-ln-85345-1029,3,2.0,1343,1940.0,2026-10-06,20 months,False,,,,,,,,https://www.invitationhomes.com/houses-for-rent/8182-n-88th-ln-85345-1029,2026-09-03,2026-09-30,AZ,Peoria,,,,,8182-n-88th-ln-85345-1029
2026-09-30,INVH,Phoenix,"9318 N 85th Dr, Peoria, AZ, 85345",Phoenix,INVH-9318-n-85th-dr-85345-8425,3,2.5,1934,2275.0,2026-10-03,20 months,False,,,,,,,,https://www.invitationhomes.com/houses-for-rent/9318-n-85th-dr-85345-8425,2026-09-03,2026-09-30,AZ,Peoria,,,,,9318-n-85th-dr-85345-8425
2026-09-30,INVH,Phoenix,"8018 W Osborn Rd, Phoenix, AZ, 85033",Phoenix,INVH-8018-w-osborn-rd-phoenix-az-85033,6,2.0,1983,2190.0,2026-09-30,20 months,False,,,,,,,,https://www.invitationhomes.com/houses-for-rent/8018-w-osborn-rd-phoenix-az-85033,2026-09-03,2026-09-30,AZ,Phoenix,,,,,8018-w-osborn-rd-phoenix-az-85033
2026-09-30,INVH,Phoenix,"4131 N 74th Dr, Phoenix, AZ, 85033",Phoenix,INVH-4131-n-74th-dr-85033-5357,3,1.5,1200,1799.0,2026-10-08,20 months,False,,,,,,,,https://www.invitationhomes.com/houses-for-rent/4131-n-74th-dr-85033-5357,2026-08-16,2026-09-30,AZ,Phoenix,,,,,4131-n-74th-dr-85033-5357
2026-09-30,INVH,Phoenix,"7625 W Turney Ave, Phoenix, AZ, 85033",Phoenix,INVH-7625-w-turney-ave-85033-101173,3,2.0,1412,1935.0,2026-10-27,20 months,False,,,,,,,,https://www.invitationhomes.com/houses-for-rent/7625-w-turney-ave-85033-101173,2026-09-12,2026-09-30,AZ,Phoenix,,,,,7625-w-turney-ave-85033-101173
2026-09-30,INVH,Phoenix,"6207 W Britton Ave, Phoenix, AZ, 85033",Phoenix,INVH-6207-w-britton-ave-phoenix-az-85033,4,2.0,1415,1745.0,2026-09-30,20 months,False,,,,,,,,https://www.invitationhomes.com/houses-for-rent/6207-w-britton-ave-phoenix-az-85033,2026-09-03,2026-09-30,AZ,Phoenix,,,,,6207-w-britton-ave-phoenix-az-85033
2026-09-30,INVH,Phoenix,"4153 N 63rd Dr, Phoenix, AZ, 85033",Phoenix,INVH-4153-n-63rd-dr-phoenix-az-85033,4,2.0,1714,2045.0,2026-10-06,20 months,False,,,,,,,,https://www.invitationhomes.com/houses-for-rent/4153-n-63rd-dr-phoenix-az-85033,2026-09-30,2026-09-30,AZ,Phoenix,,,,,4153-n-63rd-dr-phoenix-az-85033
2026-09-30,INVH,Phoenix,"4753 N 70th Ave, Phoenix, AZ, 85033",Phoenix,INVH-4753-n-70th-ave-phoenix-az-85033,5,2.0,1571,1845.0,2026-09-30,20 months,False,,,,,,,,https://www.invitationhomes.com/houses-for-rent/4753-n-70th-ave-phoenix-az-85033,2026-08-16,2026-09-30,AZ,Phoenix,,,,,4753-n-70th-ave-phoenix-az-85033
2026-09-30,INVH,Phoenix,"6717 W Hazelwood St, Phoenix, AZ, 85033",Phoenix,INVH-6717-w-hazelwood-st-phoenix-az-85033,4,1.75,1401,1795.0,2026-09-30,20 months,False,,,,,,,,https://www.invitationhomes.com/houses-for-rent/6717-w-hazelwood-st-phoenix-az-85033,2026-07-19,2026-09-30,AZ,Phoenix,,,,,6717-w-hazelwood-st-phoenix-az-85033
2026-09-30,INVH,Phoenix,"5136 N 78th Ave, Glendale, AZ, 85303",Phoenix,INVH-5136-n-78th-ave-glendale-az-85303,3,2.0,1273,1890.0,2026-10-22,20 months,False,,,,,,,,https://www.invitationhomes.com/houses-for-rent/5136-n-78th-ave-glendale-az-85303,2026-09-09,2026-09-30,AZ,Glendale,,,,,5136-n-78th-ave-glendale-az-85303
2026-09-30,INVH,Phoenix,"5427 N 74th Ave, Glendale, AZ, 85303",Phoenix,INVH-5427-n-74th-ave-glendale-az-85303,3,1.5,1972,2285.0,2026-10-03,20 months,False,,,,,,,,https://www.invitationhomes.com/houses-for-rent/5427-n-74th-ave-glendale-az-85303,2026-08-23,2026-09-30,AZ,Glendale,,,,,5427-n-74th-ave-glendale-az-85303
2026-09-30,INVH,Phoenix,"8013 W Stella Ave, Glendale, AZ, 85303",Phoenix,INVH-8013-w-stella-ave-glendale-az-85303,3,2.0,1776,2090.0,2026-09-30,20 months,False,,,,,,,,https://www.invitationhomes.com/houses-for-rent/8013-w-stella-ave-glendale-az-85303,2026-09-03,2026-09-30,AZ,Glendale,,,,,8013-w-stella-ave-glendale-az-85303
2026-09-30,INVH,Phoenix,"7310 W Cavalier Dr, Glendale, AZ, 85303",Phoenix,INVH-7310-w-cavalier-dr-glendale-az-85303,3,2.0,1500,1799.0,2026-09-30,20 months,False,,,,,,,,https://www.invitationhomes.com/houses-for-rent/7310-w-cavalier-dr-glendale-az-85303,2026-08-10,2026-09-30,AZ,Glendale,,,,,7310-w-cavalier-dr-glendale-az-85303
2026-09-30,INVH,Phoenix,"6939 W San Miguel Ave, Glendale, AZ, 85303",Phoenix,INVH-6939-w-san-miguel-ave-85303-101664,4,2.0,1700,2199.0,2026-11-03,20 months,False,,,,,,,,https://www.invitationhomes.com/houses-for-rent/6939-w-san-miguel-ave-85303-101664,2026-09-30,2026-09-30,AZ,Glendale,,,,,6939-w-san-miguel-ave-85303-101664
2026-09-30,INVH,Phoenix,"5031 N 65Th Avenue, Glendale, AZ, 85301",Phoenix,INVH-5031-n-65th-avenue-85301-100286,4,2.0,1913,2110.0,2026-10-05,20 months,False,,,,,,,,https://www.invitationhomes.com/houses-for-rent/5031-n-65th-avenue-85301-100286,2026-08-23,2026-09-30,AZ,Glendale,,,,,5031-n-65th-avenue-85301-100286
2026-09-30,INVH,Phoenix,"7149 W Cavalier Dr, Glendale, AZ, 85303",Phoenix,INVH-7149-w-cavalier-dr-85303-6622,3,2.0,1410,1845.0,2026-10-12,20 months,False,,,,,,,,https://www.invitationhomes.com/houses-for-rent/7149-w-cavalier-dr-85303-6622,2026-09-03,2026-09-30,AZ,Glendale,,,,,7149-w-cavalier-dr-85303-6622
2026-09-30,INVH,Phoenix,"5703 N 67th Dr, Glendale, AZ, 85303",Phoenix,INVH-5703-n-67th-dr-glendale-az-85303,3,2.0,1024,1595.0,2026-09-30,20 months,False,,,,,,,,https://www.invitationhomes.com/houses-for-rent/5703-n-67th-dr-glendale-az-85303,2026-06-14,2026-09-30,AZ,Glendale,,,,,5703-n-67th-dr-glendale-az-85303
2026-09-30,INVH,Phoenix,"6770 W Citrus Way, Glendale, AZ, 85303",Phoenix,INVH-6770-w-citrus-way-glendale-az-85303,3,3.0,2030,2095.0,2026-09-30,20 months,False,,,,,,,,https://www.invitationhomes.com/houses-for-rent/6770-w-citrus-way-glendale-az-85303,2026-09-21,2026-09-30,AZ,Glendale,,,,,6770-w-citrus-way-glendale-az-85303
2026-09-30,INVH,Phoenix,"5849 N 62nd Dr, Glendale, AZ, 85301",Phoenix,INVH-5849-n-62nd-dr-glendale-az-85301,4,2.0,1401,1849.0,2026-09-30,20 months,False,,,,,,,,https://www.invitationhomes.com/houses-for-rent/5849-n-62nd-dr-glendale-az-85301,2026-08-02,2026-09-30,AZ,Glendale,,,,,5849-n-62nd-dr-glendale-az-85301
2026-09-30,INVH,Phoenix,"5958 W Hazelwood St, Phoenix, AZ, 85033",Phoenix,INVH-5958-w-hazelwood-st-phoenix-az-85033,4,2.0,1961,2195.0,2026-10-02,20 months,False,,,,,,,,https://www.invitationhomes.com/houses-for-rent/5958-w-hazelwood-st-phoenix-az-85033,2026-09-09,2026-09-30,AZ,Phoenix,,,,,5958-w-hazelwood-st-phoenix-az-85033
2026-09-30,INVH,Phoenix,"7005 N 76Th Dr, Glendale, AZ, 85303",Phoenix,INVH-7005-n-76th-dr-85303-101283,4,2.0,1701,1875.0,2026-09-30,20 months,False,,,,,,,,https://www.invitationhomes.com/houses-for-rent/7005-n-76th-dr-85303-101283,2026-05-03,2026-09-30,AZ,Glendale,,,,,7005-n-76th-dr-85303-101283
2026-09-30,INVH,Phoenix,"6960 W Cactus Wren Dr, Glendale, AZ, 85303",Phoenix,INVH-6960-w-cactus-wren-dr-85303-3473,3,2.0,2302,2335.0,2026-09-30,20 months,False,,,,,,,,https://www.invitationhomes.com/houses-for-rent/6960-w-cactus-wren-dr-85303-3473,2026-08-16,2026-09-30,AZ,Glendale,,,,,6960-w-cactus-wren-dr-85303-3473
2026-09-30,INVH,Phoenix,"7349 N 70Th Dr, Glendale, AZ, 85303",Phoenix,INVH-7349-n-70th-dr-85303-101231,4,2.0,1443,1895.0,2026-09-30,20 months,False,,,,,,,,https://www.invitationhomes.com/houses-for-rent/7349-n-70th-dr-85303-101231,2026-08-02,2026-09-30,AZ,Glendale,,,,,7349-n-70th-dr-85303-101231
2026-09-30,INVH,Phoenix,"6518 N 61st Ave, Glendale, AZ, 85301",Phoenix,INVH-6518-n-61st-ave-85301-9760,4,1.75,1405,1990.0,2026-11-05,20 months,False,,,,,,,,https://www.invitationhomes.com/houses-for-rent/6518-n-61st-ave-85301-9760,2026-09-30,2026-09-30,AZ,Glendale,,,,,6518-n-61st-ave-85301-9760
2026-09-30,INVH,Phoenix,"5047 W Tuckey Ln, Glendale, AZ, 85301",Phoenix,INVH-5047-w-tuckey-ln-85301-7192,3,2.0,1396,1610.0,2026-09-30,20 months,False,,,,,,,,https://www.invitationhomes.com/houses-for-rent/5047-w-tuckey-ln-85301-7192,2026-04-20,2026-09-30,AZ,Glendale,,,,,5047-w-tuckey-ln-85301-7192
2026-09-30,INVH,Phoenix,"5320 W Barbara Ave, Glendale, AZ, 85302",Phoenix,INVH-5320-w-barbara-ave-85302-101471,3,2.0,1427,2020.0,2026-11-10,20 months,False,,,,,,,,https://www.invitationhomes.com/houses-for-rent/5320-w-barbara-ave-85302-101471,2026-09-30,2026-09-30,AZ,Glendale,,,,,5320-w-barbara-ave-85302-101471
2026-09-30,INVH,Phoenix,"4844 W Townley Avenue, Glendale, AZ, 85302",Phoenix,INVH-4844-w-townley-avenue-85302-100940,4,2.0,1711,2045.0,2026-09-30,20 months,False,,,,,,,,https://www.invitationhomes.com/houses-for-rent/4844-w-townley-avenue-85302-100940,2026-07-19,2026-09-30,AZ,Glendale,,,,,4844-w-townley-avenue-85302-100940
2026-09-30,INVH,Phoenix,"4424 W Caron St, Glendale, AZ, 85302",Phoenix,INVH-4424-w-caron-st-glendale-az-85302,4,2.0,1420,1730.0,2026-09-30,20 months,False,,,,,,,,https://www.invitationhomes.com/houses-for-rent/4424-w-caron-st-glendale-az-85302,2026-07-19,2026-09-30,AZ,Glendale,,,,,4424-w-caron-st-glendale-az-85302
2026-09-30,INVH,Phoenix,"16604 W Sierra St, Surprise, AZ, 85388",Phoenix,INVH-16604-w-sierra-st-85388-125499,3,2.5,1932,2295.0,2026-09-30,19 months,False,,,,,,,,https://www.invitationhomes.com/houses-for-rent/16604-w-sierra-st-85388-125499,2026-09-30,2026-09-30,AZ,Surprise,,,,,16604-w-sierra-st-85388-125499
2026-09-30,INVH,Phoenix,"17744 W Calavar Rd, Surprise, AZ, 85388",Phoenix,INVH-17744-w-calavar-rd-85388-85003,4,2.0,1978,2175.0,2026-09-30,20 months,False,,,,,,,,https://www.invitationhomes.com/houses-for-rent/17744-w-calavar-rd-85388-85003,2026-08-10,2026-09-30,AZ,Surprise,,,,,17744-w-calavar-rd-85388-85003
2026-09-30,INVH,Phoenix,"17757 West Redfield Rd, Surprise, AZ, 85388",Phoenix,INVH-17757-west-redfield-rd-85388-112366,4,2.0,1615,1895.0,2026-09-30,20 months,False,,,,,,,,https://www.invitationhomes.com/houses-for-rent/17757-west-redfield-rd-85388-112366,2026-08-16,2026-09-30,AZ,Surprise,,,,,17757-west-redfield-rd-85388-112366
2026-09-30,INVH,Phoenix,"17617 W Voltaire St, Surprise, AZ, 85388",Phoenix,INVH-17617-w-voltaire-st-85388-84128,4,2.0,2155,2145.0,2026-10-15,20 months,False,,,,,,,,https://www.invitationhomes.com/houses-for-rent/17617-w-voltaire-st-85388-84128,2026-09-03,2026-09-30,AZ,Surprise,,,,,17617-w-voltaire-st-85388-84128
2026-09-30,INVH,Phoenix,"17838 W Ventura St, Surprise, AZ, 85388",Phoenix,INVH-17838-w-ventura-st-85388-7905,3,2.0,1276,1799.0,2026-10-09,20 months,False,,,,,,,,https://www.invitationhomes.com/houses-for-rent/17838-w-ventura-st-85388-7905,2026-09-03,2026-09-30,AZ,Surprise,,,,,17838-w-ventura-st-85388-7905
2026-09-30,INVH,Phoenix,"17774 W Carmen Dr, Surprise, AZ, 85388",Phoenix,INVH-17774-w-carmen-dr-85388-85470,4,2.0,2237,2435.0,2026-10-22,20 months,False,,,,,,,,https://www.invitationhomes.com/houses-for-rent/17774-w-carmen-dr-85388-85470,2026-09-21,2026-09-30,AZ,Surprise,,,,,17774-w-carmen-dr-85388-85470
2026-09-30,INVH,Phoenix,"17291 N 184Th Drive, Surprise, AZ, 85374",Phoenix,INVH-17291-n-184th-drive-85374-100377,4,2.5,2509,2285.0,2026-11-11,20 months,False,,,,,,,,https://www.invitationhomes.com/houses-for-rent/17291-n-184th-drive-85374-100377,2026-09-30,2026-09-30,AZ,Surprise,,,,,17291-n-184th-drive-85374-100377
2026-09-30,INVH,Phoenix,"15444 W Cortez St, Surprise, AZ, 85379",Phoenix,INVH-15444-w-cortez-st-85379-84160,4,2.0,1921,2310.0,2026-11-12,20 months,False,,,,,,,,https://www.invitationhomes.com/houses-for-rent/15444-w-cortez-st-85379-84160,2026-09-30,2026-09-30,AZ,Surprise,,,,,15444-w-cortez-st-85379-84160
2026-09-30,INVH,Phoenix,"15120 W Mercer Ln, Surprise, AZ, 85379",Phoenix,INVH-15120-w-mercer-ln-85379-6184,4,2.0,2112,2449.0,2026-10-25,20 months,False,,,,,,,,https://www.invitationhomes.com/houses-for-rent/15120-w-mercer-ln-85379-6184,2026-09-12,2026-09-30,AZ,Surprise,,,,,15120-w-mercer-ln-85379-6184
2026-09-30,INVH,Phoenix,"13310 N 149th Ave, Surprise, AZ, 85379",Phoenix,INVH-13310-n-149th-ave-85379-6271,3,2.0,1632,1895.0,2026-11-04,20 months,False,,,,,,,,https://www.invitationhomes.com/houses-for-rent/13310-n-149th-ave-85379-6271,2026-09-21,2026-09-30,AZ,Surprise,,,,,13310-n-149th-ave-85379-6271
2026-09-30,INVH,Phoenix,"14758 W Columbine Dr, Surprise, AZ, 85379",Phoenix,INVH-14758-w-columbine-drive-85379-3563,4,2.5,2543,2295.0,2026-09-30,20 months,False,,,,,,,,https://www.invitationhomes.com/houses-for-rent/14758-w-columbine-drive-85379-3563,2026-08-23,2026-09-30,AZ,Surprise,,,,,14758-w-columbine-drive-85379-3563
2026-09-30,INVH,Phoenix,"15322 W Boca Raton Rd, Surprise, AZ, 85379",Phoenix,INVH-15322-w-boca-raton-rd-85379-90081,4,2.0,1931,2240.0,2026-10-29,20 months,False,,,,,,,,https://www.invitationhomes.com/houses-for-rent/15322-w-boca-raton-rd-85379-90081,2026-09-21,2026-09-30,AZ,Surprise,,,,,15322-w-boca-raton-rd-85379-90081
2026-09-30,INVH,Phoenix,"12833 W Paradise Dr, El Mirage, AZ, 85335",Phoenix,INVH-12833-w-paradise-dr-85335-7142,3,2.5,1379,1915.0,2026-10-15,20 months,False,,,,,,,,https://www.invitationhomes.com/houses-for-rent/12833-w-paradise-dr-85335-7142,2026-09-09,2026-09-30,AZ,El Mirage,,,,,12833-w-paradise-dr-85335-7142
2026-09-30,INVH,Phoenix,"12406 W Bloomfield Road, El Mirage, AZ, 85335",Phoenix,INVH-12406-w-bloomfield-road-85335-100168,4,2.5,1459,1935.0,2026-10-27,20 months,False,,,,,,,,https://www.invitationhomes.com/houses-for-rent/12406-w-bloomfield-road-85335-100168,2026-09-30,2026-09-30,AZ,El Mirage,,,,,12406-w-bloomfield-road-85335-100168
2026-09-30,INVH,Phoenix,"12714 N 130th Ln, El Mirage, AZ, 85335",Phoenix,INVH-12714-n-130th-ln-el-mirage-az-85335,3,1.75,1245,1745.0,2026-09-30,20 months,False,,,,,,,,https://www.invitationhomes.com/houses-for-rent/12714-n-130th-ln-el-mirage-az-85335,2026-08-16,2026-09-30,AZ,El Mirage,,,,,12714-n-130th-ln-el-mirage-az-85335
2026-09-30,INVH,Phoenix,"12937 W Columbine Dr, El Mirage, AZ, 85335",Phoenix,INVH-12937-w-columbine-dr-el-mirage-az-85335,3,2.5,2255,2235.0,2026-11-14,24 months,False,,,,,,,,https://www.invitationhomes.com/houses-for-rent/12937-w-columbine-dr-el-mirage-az-85335,2026-09-30,2026-09-30,AZ,El Mirage,,,,,12937-w-columbine-dr-el-mirage-az-85335
2026-09-30,INVH,Phoenix,"12871 W Rosewood Dr, El Mirage, AZ, 85335",Phoenix,INVH-12871-w-rosewood-dr-85335-8545,3,2.0,1833,2040.0,2026-11-11,20 months,False,,,,,,,,https://www.invitationhomes.com/houses-for-rent/12871-w-rosewood-dr-85335-8545,2026-09-30,2026-09-30,AZ,El Mirage,,,,,12871-w-rosewood-dr-85335-8545
2026-09-30,INVH,Phoenix,"13010 W Rosewood Dr, El Mirage, AZ, 85335",Phoenix,INVH-13010-w-rosewood-dr-85335-5528,3,2.0,1407,1845.0,2026-09-30,20 months,False,,,,,,,,https://www.invitationhomes.com/houses-for-rent/13010-w-rosewood-dr-85335-5528,2026-08-10,2026-09-30,AZ,El Mirage,,,,,13010-w-rosewood-dr-85335-5528
2026-09-30,INVH,Phoenix,"12417 N 127Th Dr, El Mirage, AZ, 85335",Phoenix,INVH-12417-n-127th-dr-85335-101308,4,2.5,1862,1825.0,2026-09-30,20 months,False,,,,,,,,https://www.invitationhomes.com/houses-for-rent/12417-n-127th-dr-85335-101308,2026-07-19,2026-09-30,AZ,El Mirage,,,,,12417-n-127th-dr-85335-101308
2026-09-30,INVH,Phoenix,"12614 W Ash St, El Mirage, AZ, 85335",Phoenix,INVH-12614-w-ash-st-el-mirage-az-85335,3,2.0,1229,1699.0,2026-10-06,20 months,False,,,,,,,,https://www.invitationhomes.com/houses-for-rent/12614-w-ash-st-el-mirage-az-85335,2026-09-03,2026-09-30,AZ,El Mirage,,,,,12614-w-ash-st-el-mirage-az-85335
2026-09-30,INVH,Phoenix,"12732 W Voltaire Ave, El Mirage, AZ, 85335",Phoenix,INVH-12732-w-voltaire-ave-el-mirage-az-85335,3,2.0,1145,1595.0,2026-09-30,20 months,False,,,,,,,,https://www.invitationhomes.com/houses-for-rent/12732-w-voltaire-ave-el-mirage-az-85335,2026-07-19,2026-09-30,AZ,El Mirage,,,,,12732-w-voltaire-ave-el-mirage-az-85335
2026-09-30,INVH,Phoenix,"15230 N 162nd Ln, Surprise, AZ, 85379",Phoenix,INVH-15230-n-162nd-ln-85379-5306,4,2.0,1767,1949.0,2026-09-30,20 months,False,,,,,,,,https://www.invitationhomes.com/houses-for-rent/15230-n-162nd-ln-85379-5306,2026-07-19,2026-09-30,AZ,Surprise,,,,,15230-n-162nd-ln-85379-5306
2026-09-30,INVH,Phoenix,"16251 W Statler St, Surprise, AZ, 85374",Phoenix,INVH-16251-w-statler-st-85374-4611,3,3.0,2166,2235.0,2026-09-30,20 months,False,,,,,,,,https://www.invitationhomes.com/houses-for-rent/16251-w-statler-st-85374-4611,2026-09-03,2026-09-30,AZ,Surprise,,,,,16251-w-statler-st-85374-4611
2026-09-30,INVH,Phoenix,"16231 W Cottonwood St, Surprise, AZ, 85374",Phoenix,INVH-16231-w-cottonwood-st-85374-102040,4,2.0,1681,2045.0,2026-09-30,20 months,False,,,,,,,,https://www.invitationhomes.com/houses-for-rent/16231-w-cottonwood-st-85374-102040,2026-09-03,2026-09-30,AZ,Surprise,,,,,16231-w-cottonwood-st-85374-102040
2026-09-30,INVH,Phoenix,"16105 N 159th Dr, Surprise, AZ, 85374",Phoenix,INVH-16105-n-159th-dr-85374-83744,3,2.5,2111,2099.0,2026-10-12,20 months,False,,,,,,,,https://www.invitationhomes.com/houses-for-rent/16105-n-159th-dr-85374-83744,2026-09-21,2026-09-30,AZ,Surprise,,,,,16105-n-159th-dr-85374-83744
2026-09-30,INVH,Phoenix,"15439 W Cottonwood Cir, Surprise, AZ, 85374",Phoenix,INVH-15439-w-cottonwood-cir-surprise-az-85374,4,2.5,2485,2480.0,2026-09-30,20 months,False,,,,,,,,https://www.invitationhomes.com/houses-for-rent/15439-w-cottonwood-cir-surprise-az-85374,2026-08-02,2026-09-30,AZ,Surprise,,,,,15439-w-cottonwood-cir-surprise-az-85374
2026-09-30,INVH,Phoenix,"15717 W Lundberg St, Surprise, AZ, 85374",Phoenix,INVH-15717-w-lundberg-st-surprise-az-85374,3,2.0,1065,1680.0,2026-10-30,20 months,False,,,,,,,,https://www.invitationhomes.com/houses-for-rent/15717-w-lundberg-st-surprise-az-85374,2026-09-21,2026-09-30,AZ,Surprise,,,,,15717-w-lundberg-st-surprise-az-85374
2026-09-30,INVH,Phoenix,"15263 N 153Rd Drive, Surprise, AZ, 85379",Phoenix,INVH-15263-n-153rd-drive-85379-100625,3,2.0,1276,1945.0,2026-11-12,20 months,False,,,,,,,,https://www.invitationhomes.com/houses-for-rent/15263-n-153rd-drive-85379-100625,2026-09-30,2026-09-30,AZ,Surprise,,,,,15263-n-153rd-drive-85379-100625
2026-09-30,INVH,Phoenix,"15139 W Evening Star Trl, Surprise, AZ, 85374",Phoenix,INVH-15139-w-evening-star-trl-surprise-az-85374,3,2.0,1272,1770.0,2026-09-30,20 months,False,,,,,,,,https://www.invitationhomes.com/houses-for-rent/15139-w-evening-star-trl-surprise-az-85374,2026-09-03,2026-09-30,AZ,Surprise,,,,,15139-w-evening-star-trl-surprise-az-85374
2026-09-30,INVH,Phoenix,"15107 W Evening Star Trl, Surprise, AZ, 85374",Phoenix,INVH-15107-w-evening-star-trl-85374-101290,3,2.0,1272,1849.0,2026-10-26,20 months,False,,,,,,,,https://www.invitationhomes.com/houses-for-rent/15107-w-evening-star-trl-85374-101290,2026-09-12,2026-09-30,AZ,Surprise,,,,,15107-w-evening-star-trl-85374-101290
2026-09-30,INVH,Phoenix,"13578 W Port Au Prince Ln, Surprise, AZ, 85379",Phoenix,INVH-13578-w-port-au-prince-ln-85379-101302,3,2.0,2162,2145.0,2026-10-12,20 months,False,,,,,,,,https://www.invitationhomes.com/houses-for-rent/13578-w-port-au-prince-ln-85379-101302,2026-09-03,2026-09-30,AZ,Surprise,,,,,13578-w-port-au-prince-ln-85379-101302
2026-09-30,INVH,Phoenix,"18490 W Louise Dr, Surprise, AZ, 85387",Phoenix,INVH-18490-w-louise-dr-85387-92284,3,2.5,1884,2215.0,2026-11-12,20 months,False,,,,,,,,https://www.invitationhomes.com/houses-for-rent/18490-w-louise-dr-85387-92284,2026-09-30,2026-09-30,AZ,Surprise,,,,,18490-w-louise-dr-85387-92284
2026-09-30,INVH,Phoenix,"18262 W Williams Rd, Surprise, AZ, 85387",Phoenix,INVH-18262-w-williams-rd-85387-91658,3,2.0,1895,1945.0,2026-10-21,20 months,False,,,,,,,,https://www.invitationhomes.com/houses-for-rent/18262-w-williams-rd-85387-91658,2026-09-06,2026-09-30,AZ,Surprise,,,,,18262-w-williams-rd-85387-91658
2026-09-30,INVH,Phoenix,"18064 W Carlota Ln, Surprise, AZ, 85387",Phoenix,INVH-18064-w-carlota-ln-85387-91425,3,2.0,1578,1999.0,2026-10-20,20 months,False,,,,,,,,https://www.invitationhomes.com/houses-for-rent/18064-w-carlota-ln-85387-91425,2026-09-06,2026-09-30,AZ,Surprise,,,,,18064-w-carlota-ln-85387-91425
2026-09-30,INVH,Phoenix,"17490 W Molly Ln, Surprise, AZ, 85387",Phoenix,INVH-17490-w-molly-ln-85387-92367,3,2.0,1621,1925.0,2026-11-13,20 months,False,,,,,,,,https://www.invitationhomes.com/houses-for-rent/17490-w-molly-ln-85387-92367,2026-09-30,2026-09-30,AZ,Surprise,,,,,17490-w-molly-ln-85387-92367
2026-09-30,INVH,Phoenix,"16442 W Remuda Dr, Surprise, AZ, 85387",Phoenix,INVH-16442-w-remuda-dr-85387-92385,4,2.5,2235,2345.0,2026-11-08,20 months,False,,,,,,,,https://www.invitationhomes.com/houses-for-rent/16442-w-remuda-dr-85387-92385,2026-09-30,2026-09-30,AZ,Surprise,,,,,16442-w-remuda-dr-85387-92385
2026-09-30,INVH,Phoenix,"11718 W Laurel Ln, El Mirage, AZ, 85335",Phoenix,INVH-11718-w-laurel-ln-85335-6755,4,2.0,1832,1980.0,2026-10-08,20 months,False,,,,,,,,https://www.invitationhomes.com/houses-for-rent/11718-w-laurel-ln-85335-6755,2026-09-03,2026-09-30,AZ,El Mirage,,,,,11718-w-laurel-ln-85335-6755
2026-09-30,INVH,Phoenix,"11509 W Wethersfield Rd, El Mirage, AZ, 85335",Phoenix,INVH-11509-w-wethersfield-rd-85335-3888,3,2.0,1662,1690.0,2026-09-30,20 months,False,,,,,,,,https://www.invitationhomes.com/houses-for-rent/11509-w-wethersfield-rd-85335-3888,2026-07-19,2026-09-30,AZ,El Mirage,,,,,11509-w-wethersfield-rd-85335-3888
2026-09-30,INVH,Phoenix,"12230 W Aster Dr, El Mirage, AZ, 85335",Phoenix,INVH-12230-w-aster-dr-85335-9320,3,2.0,1238,1775.0,2026-09-30,20 months,False,,,,,,,,https://www.invitationhomes.com/houses-for-rent/12230-w-aster-dr-85335-9320,2026-08-02,2026-09-30,AZ,El Mirage,,,,,12230-w-aster-dr-85335-9320
2026-09-30,INVH,Phoenix,"11506 W Corrine Dr, El Mirage, AZ, 85335",Phoenix,INVH-11506-w-corrine-dr-85335-4273,3,2.0,1296,1795.0,2026-11-08,20 months,False,,,,,,,,https://www.invitationhomes.com/houses-for-rent/11506-w-corrine-dr-85335-4273,2026-09-30,2026-09-30,AZ,El Mirage,,,,,11506-w-corrine-dr-85335-4273
2026-09-30,INVH,Phoenix,"10244 N 92nd Dr, Peoria, AZ, 85345",Phoenix,INVH-10244-n-92nd-dr-peoria-az-85345,4,2.0,1433,2080.0,2026-10-30,20 months,False,,,,,,,,https://www.invitationhomes.com/houses-for-rent/10244-n-92nd-dr-peoria-az-85345,2026-09-21,2026-09-30,AZ,Peoria,,,,,10244-n-92nd-dr-peoria-az-85345
2026-09-30,INVH,Phoenix,"8934 W Paradise Dr, Peoria, AZ, 85345",Phoenix,INVH-8934-w-paradise-dr-85345-5718,3,2.0,1264,2049.0,2026-10-31,20 months,False,,,,,,,,https://www.invitationhomes.com/houses-for-rent/8934-w-paradise-dr-85345-5718,2026-09-21,2026-09-30,AZ,Peoria,,,,,8934-w-paradise-dr-85345-5718
2026-09-30,INVH,Phoenix,"11134 N 82nd Dr, Peoria, AZ, 85345",Phoenix,INVH-11134-n-82nd-dr-85345-4579,3,2.0,1381,1760.0,2026-09-30,20 months,False,,,,,,,,https://www.invitationhomes.com/houses-for-rent/11134-n-82nd-dr-85345-4579,2026-06-09,2026-09-30,AZ,Peoria,,,,,11134-n-82nd-dr-85345-4579
2026-09-30,INVH,Phoenix,"8403 W Windrose Dr, Peoria, AZ, 85381",Phoenix,INVH-8403-w-windrose-dr-85381-101836,3,2.0,1591,2395.0,2026-10-28,20 months,False,,,,,,,,https://www.invitationhomes.com/houses-for-rent/8403-w-windrose-dr-85381-101836,2026-09-21,2026-09-30,AZ,Peoria,,,,,8403-w-windrose-dr-85381-101836
2026-09-30,INVH,Phoenix,"9145 W Evans Dr, Peoria, AZ, 85381",Phoenix,INVH-9145-w-evans-dr-85381-100067,3,2.5,2176,2370.0,2026-09-30,20 months,False,,,,,,,,https://www.invitationhomes.com/houses-for-rent/9145-w-evans-dr-85381-100067,2026-08-16,2026-09-30,AZ,Peoria,,,,,9145-w-evans-dr-85381-100067
2026-09-30,INVH,Phoenix,"14424 N 87th Dr, Peoria, AZ, 85381",Phoenix,INVH-14424-n-87th-dr-85381-88499,3,2.5,1784,2365.0,2026-10-28,18 months,False,,,,,,,,https://www.invitationhomes.com/houses-for-rent/14424-n-87th-dr-85381-88499,2026-09-21,2026-09-30,AZ,Peoria,,,,,14424-n-87th-dr-85381-88499
2026-09-30,INVH,Phoenix,"11530 West Porcupine Court, Surprise, AZ, 85378",Phoenix,INVH-11530-west-porcupine-court-85378-112443,3,2.0,1764,1945.0,2026-09-30,20 months,False,,,,,,,,https://www.invitationhomes.com/houses-for-rent/11530-west-porcupine-court-85378-112443,2026-08-10,2026-09-30,AZ,Surprise,,,,,11530-west-porcupine-court-85378-112443
2026-09-30,INVH,Phoenix,"11348 West Madisen Ellise Dr, Surprise, AZ, 85378",Phoenix,INVH-11348-west-madisen-ellise-dr-85378-112381,3,2.0,1301,1820.0,2026-09-30,20 months,False,,,,,,,,https://www.invitationhomes.com/houses-for-rent/11348-west-madisen-ellise-dr-85378-112381,2026-08-23,2026-09-30,AZ,Surprise,,,,,11348-west-madisen-ellise-dr-85378-112381
2026-09-30,INVH,Phoenix,"17474 N 92Nd Gln, Peoria, AZ, 85382",Phoenix,INVH-17474-n-92nd-gln-85382-100982,3,2.0,1883,1995.0,2026-09-30,20 months,False,,,,,,,,https://www.invitationhomes.com/houses-for-rent/17474-n-92nd-gln-85382-100982,2026-08-23,2026-09-30,AZ,Peoria,,,,,17474-n-92nd-gln-85382-100982
2026-09-30,INVH,Phoenix,"17706 N 89th Dr, Peoria, AZ, 85382",Phoenix,INVH-17706-n-89th-dr-peoria-az-85382,3,2.0,1713,2245.0,2026-09-30,20 months,False,,,,,,,,https://www.invitationhomes.com/houses-for-rent/17706-n-89th-dr-peoria-az-85382,2026-08-16,2026-09-30,AZ,Peoria,,,,,17706-n-89th-dr-peoria-az-85382
2026-09-30,INVH,Phoenix,"8722 W Greenbrian Dr, Peoria, AZ, 85382",Phoenix,INVH-8722-w-greenbrian-dr-85382-100047,3,2.0,1332,1949.0,2026-10-03,20 months,False,,,,,,,,https://www.invitationhomes.com/houses-for-rent/8722-w-greenbrian-dr-85382-100047,2026-09-03,2026-09-30,AZ,Peoria,,,,,8722-w-greenbrian-dr-85382-100047
2026-09-30,INVH,Phoenix,"7643 W Beryl Avenue, Peoria, AZ, 85345",Phoenix,INVH-7643-w-beryl-avenue-85345-100240,3,2.0,1816,2225.0,2026-09-30,20 months,False,,,,,,,,https://www.invitationhomes.com/houses-for-rent/7643-w-beryl-avenue-85345-100240,2026-09-03,2026-09-30,AZ,Peoria,,,,,7643-w-beryl-avenue-85345-100240
2026-09-30,INVH,Phoenix,"11102 N 79th Ave, Peoria, AZ, 85345",Phoenix,INVH-11102-n-79th-ave-85345-9913,4,2.0,1636,1995.0,2026-09-30,20 months,False,,,,,,,,https://www.invitationhomes.com/houses-for-rent/11102-n-79th-ave-85345-9913,2026-08-10,2026-09-30,AZ,Peoria,,,,,11102-n-79th-ave-85345-9913
2026-09-30,INVH,Phoenix,"7546 W Jenan Dr, Peoria, AZ, 85345",Phoenix,INVH-7546-w-jenan-dr-85345-101637,3,2.0,1833,2240.0,2026-09-30,20 months,False,,,,,,,,https://www.invitationhomes.com/houses-for-rent/7546-w-jenan-dr-85345-101637,2026-07-19,2026-09-30,AZ,Peoria,,,,,7546-w-jenan-dr-85345-101637
2026-09-30,INVH,Phoenix,"6222 W Cortez Street, Glendale, AZ, 85304",Phoenix,INVH-6222-w-cortez-street-85304-100132,3,2.0,1726,2295.0,2026-09-30,20 months,False,,,,,,,,https://www.invitationhomes.com/houses-for-rent/6222-w-cortez-street-85304-100132,2026-08-16,2026-09-30,AZ,Glendale,,,,,6222-w-cortez-street-85304-100132
2026-09-30,INVH,Phoenix,"5321 W Riviera Dr, Glendale, AZ, 85304",Phoenix,INVH-5321-w-riviera-dr-85304-101483,4,2.0,1543,1949.0,2026-09-30,20 months,False,,,,,,,,https://www.invitationhomes.com/houses-for-rent/5321-w-riviera-dr-85304-101483,2026-08-16,2026-09-30,AZ,Glendale,,,,,5321-w-riviera-dr-85304-101483
2026-09-30,INVH,Phoenix,"4438 W Mercer Ln, Glendale, AZ, 85304",Phoenix,INVH-4438-w-mercer-ln-85304-8999,4,2.0,1647,1995.0,2026-10-14,20 months,False,,,,,,,,https://www.invitationhomes.com/houses-for-rent/4438-w-mercer-ln-85304-8999,2026-09-03,2026-09-30,AZ,Glendale,,,,,4438-w-mercer-ln-85304-8999
2026-09-30,INVH,Phoenix,"10845 N 44Th Lane, Glendale, AZ, 85304",Phoenix,INVH-10845-n-44th-lane-85304-100173,3,2.0,1590,2035.0,2026-09-30,20 months,False,,,,,,,,https://www.invitationhomes.com/houses-for-rent/10845-n-44th-lane-85304-100173,2026-08-16,2026-09-30,AZ,Glendale,,,,,10845-n-44th-lane-85304-100173
2026-09-30,INVH,Phoenix,"4614 W Sunnyside Ave, Glendale, AZ, 85304",Phoenix,INVH-4614-w-sunnyside-ave-glendale-az-85304,3,2.0,2075,2270.0,2026-09-30,20 months,False,,,,,,,,https://www.invitationhomes.com/houses-for-rent/4614-w-sunnyside-ave-glendale-az-85304,2026-08-10,2026-09-30,AZ,Glendale,,,,,4614-w-sunnyside-ave-glendale-az-85304
2026-09-30,INVH,Phoenix,"11447 N 43Rd Dr, Glendale, AZ, 85304",Phoenix,INVH-11447-n-43rd-dr-85304-101311,3,2.0,1620,2095.0,2026-10-26,20 months,False,,,,,,,,https://www.invitationhomes.com/houses-for-rent/11447-n-43rd-dr-85304-101311,2026-09-12,2026-09-30,AZ,Glendale,,,,,11447-n-43rd-dr-85304-101311
2026-09-30,INVH,Phoenix,"4107 W Desert Hills Dr, Phoenix, AZ, 85029",Phoenix,INVH-4107-w-desert-hills-dr-85029-1617,4,3.0,1692,2035.0,2026-09-30,20 months,False,,,,,,,,https://www.invitationhomes.com/houses-for-rent/4107-w-desert-hills-dr-85029-1617,2026-09-21,2026-09-30,AZ,Phoenix,,,,,4107-w-desert-hills-dr-85029-1617
2026-09-30,INVH,Phoenix,"12402 N 49Th Ave, Glendale, AZ, 85304",Phoenix,INVH-12402-n-49th-ave-85304-100055,4,2.0,1882,2175.0,2026-09-30,20 months,False,,,,,,,,https://www.invitationhomes.com/houses-for-rent/12402-n-49th-ave-85304-100055,2026-09-09,2026-09-30,AZ,Glendale,,,,,12402-n-49th-ave-85304-100055
2026-09-30,INVH,Phoenix,"12663 N 47th Dr, Glendale, AZ, 85304",Phoenix,INVH-12663-n-47th-dr-glendale-az-85304,3,2.0,1370,1845.0,2026-09-30,20 months,False,,,,,,,,https://www.invitationhomes.com/houses-for-rent/12663-n-47th-dr-glendale-az-85304,2026-09-30,2026-09-30,AZ,Glendale,,,,,12663-n-47th-dr-glendale-az-85304
2026-09-30,INVH,Phoenix,"14240 N 50Th Lane, Glendale, AZ, 85306",Phoenix,INVH-14240-n-50th-lane-85306-100032,4,2.5,2038,2395.0,2026-10-02,20 months,False,,,,,,,,https://www.invitationhomes.com/houses-for-rent/14240-n-50th-lane-85306-100032,2026-08-16,2026-09-30,AZ,Glendale,,,,,14240-n-50th-lane-85306-100032
2026-09-30,INVH,Phoenix,"13815 N 45th Ave, Glendale, AZ, 85306",Phoenix,INVH-13815-n-45th-ave-glendale-az-85306,4,2.0,1352,1995.0,2026-09-30,20 months,False,,,,,,,,https://www.invitationhomes.com/houses-for-rent/13815-n-45th-ave-glendale-az-85306,2026-08-16,2026-09-30,AZ,Glendale,,,,,13815-n-45th-ave-glendale-az-85306
2026-09-30,INVH,Phoenix,"4402 W Crocus Dr, Glendale, AZ, 85306",Phoenix,INVH-4402-w-crocus-dr-glendale-az-85306,4,3.0,2030,2395.0,2026-10-07,20 months,False,,,,,,,,https://www.invitationhomes.com/houses-for-rent/4402-w-crocus-dr-glendale-az-85306,2026-08-23,2026-09-30,AZ,Glendale,,,,,4402-w-crocus-dr-glendale-az-85306
2026-09-30,INVH,Phoenix,"6722 W Kings Ave, Peoria, AZ, 85382",Phoenix,INVH-6722-w-kings-ave-85382-101395,3,2.0,1319,1795.0,2026-11-09,20 months,False,,,,,,,,https://www.invitationhomes.com/houses-for-rent/6722-w-kings-ave-85382-101395,2026-09-30,2026-09-30,AZ,Peoria,,,,,6722-w-kings-ave-85382-101395
2026-09-30,INVH,Phoenix,"6515 W Phelps Rd, Glendale, AZ, 85306",Phoenix,INVH-6515-w-phelps-rd-85306-9612,3,2.0,1228,1885.0,2026-11-12,20 months,False,,,,,,,,https://www.invitationhomes.com/houses-for-rent/6515-w-phelps-rd-85306-9612,2026-09-30,2026-09-30,AZ,Glendale,,,,,6515-w-phelps-rd-85306-9612
2026-09-30,INVH,Phoenix,"6340 W Grandview Rd, Glendale, AZ, 85306",Phoenix,INVH-6340-w-grandview-rd-85306-100086,3,2.0,1592,1899.0,2026-09-30,20 months,False,,,,,,,,https://www.invitationhomes.com/houses-for-rent/6340-w-grandview-rd-85306-100086,2026-07-19,2026-09-30,AZ,Glendale,,,,,6340-w-grandview-rd-85306-100086
2026-09-30,INVH,Phoenix,"5816 W Carol Ann Way, Glendale, AZ, 85306",Phoenix,INVH-5816-w-carol-ann-way-85306-3338,4,2.0,1968,2195.0,2026-09-30,20 months,False,,,,,,,,https://www.invitationhomes.com/houses-for-rent/5816-w-carol-ann-way-85306-3338,2026-07-19,2026-09-30,AZ,Glendale,,,,,5816-w-carol-ann-way-85306-3338
2026-09-30,INVH,Phoenix,"16424 N 51St Dr, Glendale, AZ, 85306",Phoenix,INVH-16424-n-51st-dr-85306-100263,4,2.0,1929,2295.0,2026-10-03,20 months,False,,,,,,,,https://www.invitationhomes.com/houses-for-rent/16424-n-51st-dr-85306-100263,2026-09-30,2026-09-30,AZ,Glendale,,,,,16424-n-51st-dr-85306-100263
2026-09-30,INVH,Phoenix,"17614 N 42nd Ln, Glendale, AZ, 85308",Phoenix,INVH-17614-n-42nd-ln-85308-4482,3,1.75,1358,2065.0,2026-10-08,20 months,False,,,,,,,,https://www.invitationhomes.com/houses-for-rent/17614-n-42nd-ln-85308-4482,2026-09-03,2026-09-30,AZ,Glendale,,,,,17614-n-42nd-ln-85308-4482
2026-09-30,INVH,Phoenix,"4913 W Wescott Drive, Phoenix, AZ, 85308",Phoenix,INVH-4913-w-wescott-drive-85308-101178,3,2.0,1443,2140.0,2026-11-11,20 months,False,,,,,,,,https://www.invitationhomes.com/houses-for-rent/4913-w-wescott-drive-85308-101178,2026-09-30,2026-09-30,AZ,Phoenix,,,,,4913-w-wescott-drive-85308-101178
2026-09-30,INVH,Phoenix,"4836 W Topeka Dr, Glendale, AZ, 85308",Phoenix,INVH-4836-w-topeka-dr-85308-87511,3,2.0,1621,2240.0,2026-10-03,20 months,False,,,,,,,,https://www.invitationhomes.com/houses-for-rent/4836-w-topeka-dr-85308-87511,2026-09-03,2026-09-30,AZ,Glendale,,,,,4836-w-topeka-dr-85308-87511
2026-09-30,INVH,Phoenix,"4554 W Morrow Dr, Glendale, AZ, 85308",Phoenix,INVH-4554-w-morrow-dr-glendale-az-85308,3,2.0,1238,1895.0,2026-10-13,20 months,False,,,,,,,,https://www.invitationhomes.com/houses-for-rent/4554-w-morrow-dr-glendale-az-85308,2026-09-03,2026-09-30,AZ,Glendale,,,,,4554-w-morrow-dr-glendale-az-85308
2026-09-30,INVH,Phoenix,"22075 N 103rd Ln #450, Peoria, AZ, 85383",Phoenix,INVH-22075-n-103rd-ln-lot-450-85383-3165,3,2.5,1262,1865.0,2026-10-18,20 months,False,,,,,,,,https://www.invitationhomes.com/houses-for-rent/22075-n-103rd-ln-lot-450-85383-3165,2026-09-03,2026-09-30,AZ,Peoria,,,,,22075-n-103rd-ln-lot-450-85383-3165
2026-09-30,INVH,Phoenix,"11727 W Foothill Court, Sun City, AZ, 85373",Phoenix,INVH-11727-w-foothill-court-85373-101909,4,2.5,3207,2480.0,2026-10-12,20 months,False,,,,,,,,https://www.invitationhomes.com/houses-for-rent/11727-w-foothill-court-85373-101909,2026-09-03,2026-09-30,AZ,Sun City,,,,,11727-w-foothill-court-85373-101909
2026-09-30,INVH,Phoenix,"9861 W Tonopah Dr, Peoria, AZ, 85382",Phoenix,INVH-9861-w-tonopah-dr-85382-101638,3,2.0,1393,2040.0,2026-11-06,19 months,False,,,,,,,,https://www.invitationhomes.com/houses-for-rent/9861-w-tonopah-dr-85382-101638,2026-09-30,2026-09-30,AZ,Peoria,,,,,9861-w-tonopah-dr-85382-101638
2026-09-30,INVH,Phoenix,"8337 W Andrea Dr, Peoria, AZ, 85383",Phoenix,INVH-8337-w-andrea-dr-85383-4476,5,3.0,3228,3095.0,2026-11-01,20 months,False,,,,,,,,https://www.invitationhomes.com/houses-for-rent/8337-w-andrea-dr-85383-4476,2026-09-21,2026-09-30,AZ,Peoria,,,,,8337-w-andrea-dr-85383-4476
2026-09-30,INVH,Phoenix,"20316 N 81St Drive, Peoria, AZ, 85382",Phoenix,INVH-20316-n-81st-drive-85382-100916,4,2.0,1685,2185.0,2026-09-30,20 months,False,,,,,,,,https://www.invitationhomes.com/houses-for-rent/20316-n-81st-drive-85382-100916,2026-08-23,2026-09-30,AZ,Peoria,,,,,20316-n-81st-drive-85382-100916
2026-09-30,INVH,Phoenix,"20014 N 41st Ln, Glendale, AZ, 85308",Phoenix,INVH-20014-n-41st-ln-glendale-az-85308,3,2.0,1999,2495.0,2026-11-11,20 months,False,,,,,,,,https://www.invitationhomes.com/houses-for-rent/20014-n-41st-ln-glendale-az-85308,2026-06-09,2026-09-30,AZ,Glendale,,,,,20014-n-41st-ln-glendale-az-85308
2026-09-30,INVH,Phoenix,"4415 W Creedance Boulevard, Glendale, AZ, 85310",Phoenix,INVH-4415-w-creedance-boulevard-85310-100597,4,2.0,1696,2840.0,2026-10-12,20 months,False,,,,,,,,https://www.invitationhomes.com/houses-for-rent/4415-w-creedance-boulevard-85310-100597,2026-09-03,2026-09-30,AZ,Glendale,,,,,4415-w-creedance-boulevard-85310-100597
2026-09-30,INVH,Phoenix,"6349 W Buckskin Trl, Phoenix, AZ, 85083",Phoenix,INVH-6349-w-buckskin-trl-85083-6470,4,2.5,2826,3095.0,2026-10-13,20 months,False,,,,,,,,https://www.invitationhomes.com/houses-for-rent/6349-w-buckskin-trl-85083-6470,2026-09-30,2026-09-30,AZ,Phoenix,,,,,6349-w-buckskin-trl-85083-6470
2026-09-30,INVH,Phoenix,"6508 W Eagle Talon Trl, Phoenix, AZ, 85083",Phoenix,INVH-6508-w-eagle-talon-trl-85083-83331,4,2.0,2010,2245.0,2026-09-30,20 months,False,,,,,,,,https://www.invitationhomes.com/houses-for-rent/6508-w-eagle-talon-trl-85083-83331,2026-08-16,2026-09-30,AZ,Phoenix,,,,,6508-w-eagle-talon-trl-85083-83331
2026-09-30,INVH,Phoenix,"2443 W Bloch Rd, Phoenix, AZ, 85041",Phoenix,INVH-2443-w-bloch-rd-phoenix-az-85041,4,2.0,2335,2535.0,2026-11-13,20 months,False,,,,,,,,https://www.invitationhomes.com/houses-for-rent/2443-w-bloch-rd-phoenix-az-85041,2026-09-30,2026-09-30,AZ,Phoenix,,,,,2443-w-bloch-rd-phoenix-az-85041
2026-09-30,INVH,Phoenix,"5025 S 20th Ave, Phoenix, AZ, 85041",Phoenix,INVH-5025-s-20th-ave-phoenix-az-85041,3,1.75,1080,1749.0,2026-09-30,20 months,False,,,,,,,,https://www.invitationhomes.com/houses-for-rent/5025-s-20th-ave-phoenix-az-85041,2026-08-16,2026-09-30,AZ,Phoenix,,,,,5025-s-20th-ave-phoenix-az-85041
2026-09-30,INVH,Phoenix,"908 W Roeser Rd, Phoenix, AZ, 85041",Phoenix,INVH-908-w-roeser-rd-85041-100669,3,2.0,1431,1840.0,2026-09-30,20 months,False,,,,,,,,https://www.invitationhomes.com/houses-for-rent/908-w-roeser-rd-85041-100669,2026-06-14,2026-09-30,AZ,Phoenix,,,,,908-w-roeser-rd-85041-100669
2026-09-30,INVH,Phoenix,"4854 S 4Th Ave, Phoenix, AZ, 85041",Phoenix,INVH-4854-s-4th-ave-85041-101612,5,2.5,1801,1995.0,2026-10-20,20 months,False,,,,,,,,https://www.invitationhomes.com/houses-for-rent/4854-s-4th-ave-85041-101612,2026-09-06,2026-09-30,AZ,Phoenix,,,,,4854-s-4th-ave-85041-101612
2026-09-30,INVH,Phoenix,"2909 N 42nd Ave, Phoenix, AZ, 85019",Phoenix,INVH-2909-n-42nd-ave-phoenix-az-85019,3,2.0,1320,1790.0,2026-11-05,20 months,False,,,,,,,,https://www.invitationhomes.com/houses-for-rent/2909-n-42nd-ave-phoenix-az-85019,2026-08-23,2026-09-30,AZ,Phoenix,,,,,2909-n-42nd-ave-phoenix-az-85019
2026-09-30,INVH,Phoenix,"4147 W Flower St, Phoenix, AZ, 85019",Phoenix,INVH-4147-w-flower-st-phoenix-az-85019,3,2.0,1546,1680.0,2026-09-30,20 months,False,,,,,,,,https://www.invitationhomes.com/houses-for-rent/4147-w-flower-st-phoenix-az-85019,2026-08-23,2026-09-30,AZ,Phoenix,,,,,4147-w-flower-st-phoenix-az-85019
2026-09-30,INVH,Phoenix,"1715 E Yale St, Phoenix, AZ, 85006",Phoenix,INVH-1715-e-yale-st-phoenix-az-85006,3,2.0,1410,2335.0,2026-10-07,20 months,False,,,,,,,,https://www.invitationhomes.com/houses-for-rent/1715-e-yale-st-phoenix-az-85006,2026-09-21,2026-09-30,AZ,Phoenix,,,,,1715-e-yale-st-phoenix-az-85006
2026-09-30,INVH,Phoenix,"402 N 47th Pl, Phoenix, AZ, 85008",Phoenix,INVH-402-n-47th-pl-phoenix-az-85008,3,1.75,2079,1895.0,2026-10-02,20 months,False,,,,,,,,https://www.invitationhomes.com/houses-for-rent/402-n-47th-pl-phoenix-az-85008,2026-08-16,2026-09-30,AZ,Phoenix,,,,,402-n-47th-pl-phoenix-az-85008
2026-09-30,INVH,Phoenix,"3630 E Oak St, Phoenix, AZ, 85008",Phoenix,INVH-3630-e-oak-st-85008-1577,4,2.0,1062,2275.0,2026-09-30,20 months,False,,,,,,,,https://www.invitationhomes.com/houses-for-rent/3630-e-oak-st-85008-1577,2026-08-16,2026-09-30,AZ,Phoenix,,,,,3630-e-oak-st-85008-1577
2026-09-30,INVH,Phoenix,"5003 E Virginia Ave, Phoenix, AZ, 85008",Phoenix,INVH-5003-e-virginia-ave-85008-5433,3,2.0,1437,2220.0,2026-09-30,20 months,False,,,,,,,,https://www.invitationhomes.com/houses-for-rent/5003-e-virginia-ave-85008-5433,2026-08-10,2026-09-30,AZ,Phoenix,,,,,5003-e-virginia-ave-85008-5433
2026-09-30,INVH,Phoenix,"4033 W San Juan Ave, Phoenix, AZ, 85019",Phoenix,INVH-4033-w-san-juan-ave-phoenix-az-85019,4,2.5,2325,2495.0,2026-09-30,20 months,False,,,,,,,,https://www.invitationhomes.com/houses-for-rent/4033-w-san-juan-ave-phoenix-az-85019,2026-08-02,2026-09-30,AZ,Phoenix,,,,,4033-w-san-juan-ave-phoenix-az-85019
2026-09-30,INVH,Phoenix,"2928 W San Juan Ave, Phoenix, AZ, 85017",Phoenix,INVH-2928-w-san-juan-ave-85017-2981,3,1.0,1092,1599.0,2026-09-30,20 months,False,,,,,,,,https://www.invitationhomes.com/houses-for-rent/2928-w-san-juan-ave-85017-2981,2026-07-19,2026-09-30,AZ,Phoenix,,,,,2928-w-san-juan-ave-85017-2981
2026-09-30,INVH,Phoenix,"2944 W Solano Dr N, Phoenix, AZ, 85017",Phoenix,INVH-2944-w-solano-dr-n-85017-2331,3,2.0,1177,1749.0,2026-09-30,20 months,False,,,,,,,,https://www.invitationhomes.com/houses-for-rent/2944-w-solano-dr-n-85017-2331,2026-09-03,2026-09-30,AZ,Phoenix,,,,,2944-w-solano-dr-n-85017-2331
2026-09-30,INVH,Phoenix,"3808 W Glendale Ave, Phoenix, AZ, 85051",Phoenix,INVH-3808-w-glendale-ave-phoenix-az-85051,3,1.75,1245,1545.0,2026-09-30,20 months,False,,,,,,,,https://www.invitationhomes.com/houses-for-rent/3808-w-glendale-ave-phoenix-az-85051,2026-05-09,2026-09-30,AZ,Phoenix,,,,,3808-w-glendale-ave-phoenix-az-85051
2026-09-30,INVH,Phoenix,"3732 W Orangewood Ave, Phoenix, AZ, 85051",Phoenix,INVH-3732-w-orangewood-ave-phoenix-az-85051,3,2.0,1738,1995.0,2026-11-06,20 months,False,,,,,,,,https://www.invitationhomes.com/houses-for-rent/3732-w-orangewood-ave-phoenix-az-85051,2026-09-30,2026-09-30,AZ,Phoenix,,,,,3732-w-orangewood-ave-phoenix-az-85051
2026-09-30,INVH,Phoenix,"3814 W Vista Ave, Phoenix, AZ, 85051",Phoenix,INVH-3814-w-vista-ave-phoenix-az-85051,3,2.0,1876,1995.0,2026-09-30,20 months,False,,,,,,,,https://www.invitationhomes.com/houses-for-rent/3814-w-vista-ave-phoenix-az-85051,2026-08-23,2026-09-30,AZ,Phoenix,,,,,3814-w-vista-ave-phoenix-az-85051
2026-09-30,INVH,Phoenix,"3828 W Lane Ave, Phoenix, AZ, 85051",Phoenix,INVH-3828-w-lane-ave-phoenix-az-85051,4,2.0,2054,2195.0,2026-09-30,20 months,False,,,,,,,,https://www.invitationhomes.com/houses-for-rent/3828-w-lane-ave-phoenix-az-85051,2026-07-19,2026-09-30,AZ,Phoenix,,,,,3828-w-lane-ave-phoenix-az-85051
2026-09-30,INVH,Phoenix,"4122 W Echo Ln, Phoenix, AZ, 85051",Phoenix,INVH-4122-w-echo-ln-phoenix-az-85051,3,2.0,1365,1799.0,2026-09-30,20 months,False,,,,,,,,https://www.invitationhomes.com/houses-for-rent/4122-w-echo-ln-phoenix-az-85051,2026-08-02,2026-09-30,AZ,Phoenix,,,,,4122-w-echo-ln-phoenix-az-85051
2026-09-30,INVH,Phoenix,"3514 W Royal Palm Rd, Phoenix, AZ, 85051",Phoenix,INVH-3514-w-royal-palm-rd-85051-101244,3,2.0,1320,1795.0,2026-09-30,20 months,False,,,,,,,,https://www.invitationhomes.com/houses-for-rent/3514-w-royal-palm-rd-85051-101244,2026-08-23,2026-09-30,AZ,Phoenix,,,,,3514-w-royal-palm-rd-85051-101244
2026-09-30,INVH,Phoenix,"3556 W Seldon Ln, Phoenix, AZ, 85051",Phoenix,INVH-3556-w-seldon-ln-phoenix-az-85051,3,2.0,1305,1995.0,2026-11-06,20 months,False,,,,,,,,https://www.invitationhomes.com/houses-for-rent/3556-w-seldon-ln-phoenix-az-85051,2026-09-30,2026-09-30,AZ,Phoenix,,,,,3556-w-seldon-ln-phoenix-az-85051
2026-09-30,INVH,Phoenix,"3725 W Barnes Ln, Phoenix, AZ, 85051",Phoenix,INVH-3725-w-barnes-ln-85051-101650,3,2.0,1601,1895.0,2026-09-30,20 months,False,,,,,,,,https://www.invitationhomes.com/houses-for-rent/3725-w-barnes-ln-85051-101650,2026-07-19,2026-09-30,AZ,Phoenix,,,,,3725-w-barnes-ln-85051-101650
2026-09-30,INVH,Phoenix,"8835 N 29th Ave, Phoenix, AZ, 85051",Phoenix,INVH-8835-n-29th-ave-85051-8261,3,2.0,1300,1795.0,2026-09-30,20 months,False,,,,,,,,https://www.invitationhomes.com/houses-for-rent/8835-n-29th-ave-85051-8261,2026-08-02,2026-09-30,AZ,Phoenix,,,,,8835-n-29th-ave-85051-8261
2026-09-30,INVH,Phoenix,"1232 E Wagon Wheel Dr, Phoenix, AZ, 85020",Phoenix,INVH-1232-e-wagon-wheel-dr-phoenix-az-85020,3,2.0,1610,2445.0,2026-11-12,20 months,False,,,,,,,,https://www.invitationhomes.com/houses-for-rent/1232-e-wagon-wheel-dr-phoenix-az-85020,2026-09-30,2026-09-30,AZ,Phoenix,,,,,1232-e-wagon-wheel-dr-phoenix-az-85020
2026-09-30,INVH,Phoenix,"8415 N 12th St, Phoenix, AZ, 85020",Phoenix,INVH-8415-n-12th-st-phoenix-az-85020,3,2.0,1218,2145.0,2026-09-30,20 months,False,,,,,,,,https://www.invitationhomes.com/houses-for-rent/8415-n-12th-st-phoenix-az-85020,2026-08-23,2026-09-30,AZ,Phoenix,,,,,8415-n-12th-st-phoenix-az-85020
2026-09-30,INVH,Phoenix,"816 W 18th St, Tempe, AZ, 85281",Phoenix,INVH-816-w-18th-st-85281-8753,3,2.0,1287,2240.0,2026-09-30,20 months,False,,,,,,,,https://www.invitationhomes.com/houses-for-rent/816-w-18th-st-85281-8753,2026-08-02,2026-09-30,AZ,Tempe,,,,,816-w-18th-st-85281-8753
2026-09-30,INVH,Phoenix,"1922 E Balboa Dr, Tempe, AZ, 85282",Phoenix,INVH-1922-e-balboa-dr-85282-3537,4,2.0,1638,2845.0,2026-10-12,20 months,False,,,,,,,,https://www.invitationhomes.com/houses-for-rent/1922-e-balboa-dr-85282-3537,2026-09-03,2026-09-30,AZ,Tempe,,,,,1922-e-balboa-dr-85282-3537
2026-09-30,INVH,Phoenix,"5310 E Cambridge Ave, Phoenix, AZ, 85008",Phoenix,INVH-5310-e-cambridge-ave-phoenix-az-85008,3,1.75,1148,2245.0,2026-10-15,20 months,False,,,,,,,,https://www.invitationhomes.com/houses-for-rent/5310-e-cambridge-ave-phoenix-az-85008,2026-09-03,2026-09-30,AZ,Phoenix,,,,,5310-e-cambridge-ave-phoenix-az-85008
2026-09-30,INVH,Phoenix,"7501 E Latham St, Scottsdale, AZ, 85257",Phoenix,INVH-7501-e-latham-st-85257-3799,3,2.0,1515,2249.0,2026-09-30,20 months,False,,,,,,,,https://www.invitationhomes.com/houses-for-rent/7501-e-latham-st-85257-3799,2026-06-09,2026-09-30,AZ,Scottsdale,,,,,7501-e-latham-st-85257-3799
2026-09-30,INVH,Phoenix,"7813 E Roosevelt St, Scottsdale, AZ, 85257",Phoenix,INVH-7813-e-roosevelt-st-scottsdale-az-85257,4,1.5,1158,2549.0,2026-10-30,20 months,False,,,,,,,,https://www.invitationhomes.com/houses-for-rent/7813-e-roosevelt-st-scottsdale-az-85257,2026-09-21,2026-09-30,AZ,Scottsdale,,,,,7813-e-roosevelt-st-scottsdale-az-85257
2026-09-30,INVH,Phoenix,"8708 E Palm Ln, Scottsdale, AZ, 85257",Phoenix,INVH-8708-e-palm-ln-85257-4621,3,2.0,1455,2775.0,2026-10-11,20 months,False,,,,,,,,https://www.invitationhomes.com/houses-for-rent/8708-e-palm-ln-85257-4621,2026-09-03,2026-09-30,AZ,Scottsdale,,,,,8708-e-palm-ln-85257-4621
2026-09-30,INVH,Phoenix,"8252 E Monte Vista Rd, Scottsdale, AZ, 85257",Phoenix,INVH-8252-e-monte-vista-rd-85257-4619,3,2.0,1266,2580.0,2026-10-12,20 months,False,,,,,,,,https://www.invitationhomes.com/houses-for-rent/8252-e-monte-vista-rd-85257-4619,2026-09-03,2026-09-30,AZ,Scottsdale,,,,,8252-e-monte-vista-rd-85257-4619
2026-09-30,INVH,Phoenix,"1641 W 6th Dr, Mesa, AZ, 85202",Phoenix,INVH-1641-w-6th-dr-85202-4465,4,2.0,1307,2295.0,2026-10-03,20 months,False,,,,,,,,https://www.invitationhomes.com/houses-for-rent/1641-w-6th-dr-85202-4465,2026-09-30,2026-09-30,AZ,Mesa,,,,,1641-w-6th-dr-85202-4465
2026-09-30,INVH,Phoenix,"259 E Marilyn Ave, Mesa, AZ, 85210",Phoenix,INVH-259-e-marilyn-ave-mesa-az-85210,3,1.0,1348,1895.0,2026-10-09,20 months,False,,,,,,,,https://www.invitationhomes.com/houses-for-rent/259-e-marilyn-ave-mesa-az-85210,2026-09-03,2026-09-30,AZ,Mesa,,,,,259-e-marilyn-ave-mesa-az-85210
2026-09-30,INVH,Phoenix,"456 E 6Th Dr Unit A, Mesa, AZ, 85204",Phoenix,INVH-456-e-6th-dr-unit-a-85204-101438,2,1.0,870,1445.0,2026-09-30,20 months,False,,,,,,,,https://www.invitationhomes.com/houses-for-rent/456-e-6th-dr-unit-a-85204-101438,2026-08-02,2026-09-30,AZ,Mesa,,,,,456-e-6th-dr-unit-a-85204-101438
2026-09-30,INVH,Phoenix,"607 S Pioneer, Mesa, AZ, 85204",Phoenix,INVH-607-s-pioneer-85204-9356,3,3.0,1460,2170.0,2026-09-30,20 months,False,,,,,,,,https://www.invitationhomes.com/houses-for-rent/607-s-pioneer-85204-9356,2026-08-10,2026-09-30,AZ,Mesa,,,,,607-s-pioneer-85204-9356
2026-09-30,INVH,Phoenix,"561 E Franklin Ave, Mesa, AZ, 85204",Phoenix,INVH-561-e-franklin-ave-85204-99979,3,2.0,1240,1995.0,2026-11-12,20 months,False,,,,,,,,https://www.invitationhomes.com/houses-for-rent/561-e-franklin-ave-85204-99979,2026-09-30,2026-09-30,AZ,Mesa,,,,,561-e-franklin-ave-85204-99979
2026-09-30,INVH,Phoenix,"1537 E 6th Ave, Mesa, AZ, 85204",Phoenix,INVH-1537-e-6th-ave-mesa-az-85204,3,2.0,1608,2195.0,2026-10-18,20 months,False,,,,,,,,https://www.invitationhomes.com/houses-for-rent/1537-e-6th-ave-mesa-az-85204,2026-09-03,2026-09-30,AZ,Mesa,,,,,1537-e-6th-ave-mesa-az-85204
2026-09-30,INVH,Phoenix,"907 N Wedgewood Dr, Mesa, AZ, 85203",Phoenix,INVH-907-n-wedgewood-dr-mesa-az-85203,3,2.0,2070,2120.0,2026-09-30,20 months,False,,,,,,,,https://www.invitationhomes.com/houses-for-rent/907-n-wedgewood-dr-mesa-az-85203,2026-07-19,2026-09-30,AZ,Mesa,,,,,907-n-wedgewood-dr-mesa-az-85203
2026-09-30,INVH,Phoenix,"9801 N 37Th Dr, Phoenix, AZ, 85051",Phoenix,INVH-9801-n-37th-dr-85051-101570,3,2.0,1887,2315.0,2026-09-30,20 months,False,,,,,,,,https://www.invitationhomes.com/houses-for-rent/9801-n-37th-dr-85051-101570,2026-09-09,2026-09-30,AZ,Phoenix,,,,,9801-n-37th-dr-85051-101570
2026-09-30,INVH,Phoenix,"3415 W Shaw Butte Dr, Phoenix, AZ, 85029",Phoenix,INVH-3415-w-shaw-butte-dr-85029-3876,4,2.0,1674,2040.0,2026-09-30,20 months,False,,,,,,,,https://www.invitationhomes.com/houses-for-rent/3415-w-shaw-butte-dr-85029-3876,2026-08-16,2026-09-30,AZ,Phoenix,,,,,3415-w-shaw-butte-dr-85029-3876
2026-09-30,INVH,Phoenix,"3115 W Becker Ln, Phoenix, AZ, 85029",Phoenix,INVH-3115-w-becker-ln-phoenix-az-85029,4,2.0,1586,2099.0,2026-09-30,20 months,False,,,,,,,,https://www.invitationhomes.com/houses-for-rent/3115-w-becker-ln-phoenix-az-85029,2026-07-19,2026-09-30,AZ,Phoenix,,,,,3115-w-becker-ln-phoenix-az-85029
2026-09-30,INVH,Phoenix,"3943 W Windrose Dr, Phoenix, AZ, 85029",Phoenix,INVH-3943-w-windrose-dr-85029-9440,3,2.0,1248,1799.0,2026-09-30,20 months,False,,,,,,,,https://www.invitationhomes.com/houses-for-rent/3943-w-windrose-dr-85029-9440,2026-08-16,2026-09-30,AZ,Phoenix,,,,,3943-w-windrose-dr-85029-9440
2026-09-30,INVH,Phoenix,"3949 W Windrose Dr, Phoenix, AZ, 85029",Phoenix,INVH-3949-w-windrose-dr-85029-101181,3,2.0,1508,2130.0,2026-11-13,20 months,False,,,,,,,,https://www.invitationhomes.com/houses-for-rent/3949-w-windrose-dr-85029-101181,2026-09-30,2026-09-30,AZ,Phoenix,,,,,3949-w-windrose-dr-85029-101181
2026-09-30,INVH,Phoenix,"3819 W Columbine Drive, Phoenix, AZ, 85029",Phoenix,INVH-3819-w-columbine-drive-85029-101026,3,2.0,1436,1895.0,2026-10-31,20 months,False,,,,,,,,https://www.invitationhomes.com/houses-for-rent/3819-w-columbine-drive-85029-101026,2026-09-21,2026-09-30,AZ,Phoenix,,,,,3819-w-columbine-drive-85029-101026
2026-09-30,INVH,Phoenix,"3314 W Aster Dr, Phoenix, AZ, 85029",Phoenix,INVH-3314-w-aster-dr-phoenix-az-85029,3,1.75,1148,1675.0,2026-09-30,20 months,False,,,,,,,,https://www.invitationhomes.com/houses-for-rent/3314-w-aster-dr-phoenix-az-85029,2026-07-19,2026-09-30,AZ,Phoenix,,,,,3314-w-aster-dr-phoenix-az-85029
2026-09-30,INVH,Phoenix,"3127 W Sweetwater Ave, Phoenix, AZ, 85029",Phoenix,INVH-3127-w-sweetwater-ave-85029-101387,4,2.0,1783,2045.0,2026-09-30,20 months,False,,,,,,,,https://www.invitationhomes.com/houses-for-rent/3127-w-sweetwater-ave-85029-101387,2026-08-02,2026-09-30,AZ,Phoenix,,,,,3127-w-sweetwater-ave-85029-101387
2026-09-30,INVH,Phoenix,"3713 W Evans Drive, Phoenix, AZ, 85053",Phoenix,INVH-3713-w-evans-drive-85053-101690,4,2.0,1654,1895.0,2026-09-30,20 months,False,,,,,,,,https://www.invitationhomes.com/houses-for-rent/3713-w-evans-drive-85053-101690,2026-06-09,2026-09-30,AZ,Phoenix,,,,,3713-w-evans-drive-85053-101690
2026-09-30,INVH,Phoenix,"14226 N 27th Dr, Phoenix, AZ, 85053",Phoenix,INVH-14226-n-27th-dr-phoenix-az-85053,3,2.0,1870,2385.0,2026-11-13,20 months,False,,,,,,,,https://www.invitationhomes.com/houses-for-rent/14226-n-27th-dr-phoenix-az-85053,2026-09-30,2026-09-30,AZ,Phoenix,,,,,14226-n-27th-dr-phoenix-az-85053
2026-09-30,INVH,Phoenix,"1501 W Joan de Arc Ave, Phoenix, AZ, 85029",Phoenix,INVH-1501-w-joan-de-arc-ave-phoenix-az-85029,3,2.0,1600,2345.0,2026-11-10,20 months,False,,,,,,,,https://www.invitationhomes.com/houses-for-rent/1501-w-joan-de-arc-ave-phoenix-az-85029,2026-09-30,2026-09-30,AZ,Phoenix,,,,,1501-w-joan-de-arc-ave-phoenix-az-85029
2026-09-30,INVH,Phoenix,"1407 W Thunderbird Rd, Phoenix, AZ, 85023",Phoenix,INVH-1407-w-thunderbird-rd-85023-3284,3,2.0,1946,2045.0,2026-09-30,20 months,False,,,,,,,,https://www.invitationhomes.com/houses-for-rent/1407-w-thunderbird-rd-85023-3284,2026-07-19,2026-09-30,AZ,Phoenix,,,,,1407-w-thunderbird-rd-85023-3284
2026-09-30,INVH,Phoenix,"1631 W Helena Drive, Phoenix, AZ, 85023",Phoenix,INVH-1631-w-helena-drive-85023-100510,2,1.5,1220,1695.0,2026-10-31,20 months,False,,,,,,,,https://www.invitationhomes.com/houses-for-rent/1631-w-helena-drive-85023-100510,2026-09-21,2026-09-30,AZ,Phoenix,,,,,1631-w-helena-drive-85023-100510
2026-09-30,INVH,Phoenix,"1643 W Muriel Dr, Phoenix, AZ, 85023",Phoenix,INVH-1643-w-muriel-dr-phoenix-az-85023,3,2.0,1424,1875.0,2026-09-30,20 months,False,,,,,,,,https://www.invitationhomes.com/houses-for-rent/1643-w-muriel-dr-phoenix-az-85023,2026-07-19,2026-09-30,AZ,Phoenix,,,,,1643-w-muriel-dr-phoenix-az-85023
2026-09-30,INVH,Phoenix,"1627 W Libby St, Phoenix, AZ, 85023",Phoenix,INVH-1627-w-libby-st-phoenix-az-85023,3,1.5,1008,1720.0,2026-11-01,20 months,False,,,,,,,,https://www.invitationhomes.com/houses-for-rent/1627-w-libby-st-phoenix-az-85023,2026-09-30,2026-09-30,AZ,Phoenix,,,,,1627-w-libby-st-phoenix-az-85023
2026-09-30,INVH,Phoenix,"17244 N 13Th Ave, Phoenix, AZ, 85023",Phoenix,INVH-17244-n-13th-ave-85023-100110,4,3.0,1350,1910.0,2026-10-12,20 months,False,,,,,,,,https://www.invitationhomes.com/houses-for-rent/17244-n-13th-ave-85023-100110,2026-08-10,2026-09-30,AZ,Phoenix,,,,,17244-n-13th-ave-85023-100110
2026-09-30,INVH,Phoenix,"18433 N 2nd Dr, Phoenix, AZ, 85023",Phoenix,INVH-18433-n-2nd-dr-phoenix-az-85023,3,2.0,1546,2035.0,2026-09-30,20 months,False,,,,,,,,https://www.invitationhomes.com/houses-for-rent/18433-n-2nd-dr-phoenix-az-85023,2026-07-19,2026-09-30,AZ,Phoenix,,,,,18433-n-2nd-dr-phoenix-az-85023
2026-09-30,INVH,Phoenix,"401 E Morrow Dr, Phoenix, AZ, 85024",Phoenix,INVH-401-e-morrow-dr-85024-9970,3,2.0,1249,2070.0,2026-11-08,20 months,False,,,,,,,,https://www.invitationhomes.com/houses-for-rent/401-e-morrow-dr-85024-9970,2026-09-30,2026-09-30,AZ,Phoenix,,,,,401-e-morrow-dr-85024-9970
2026-09-30,INVH,Phoenix,"517 E Kerry Lane, Phoenix, AZ, 85024",Phoenix,INVH-517-e-kerry-lane-85024-100202,3,2.0,1780,2349.0,2026-10-12,20 months,False,,,,,,,,https://www.invitationhomes.com/houses-for-rent/517-e-kerry-lane-85024-100202,2026-09-03,2026-09-30,AZ,Phoenix,,,,,517-e-kerry-lane-85024-100202
2026-09-30,INVH,Phoenix,"737 E Sack Dr, Phoenix, AZ, 85024",Phoenix,INVH-737-e-sack-dr-phoenix-az-85024,3,2.0,1187,1895.0,2026-09-30,20 months,False,,,,,,,,https://www.invitationhomes.com/houses-for-rent/737-e-sack-dr-phoenix-az-85024,2026-09-30,2026-09-30,AZ,Phoenix,,,,,737-e-sack-dr-phoenix-az-85024
2026-09-30,INVH,Phoenix,"12042 N 28th Pl, Phoenix, AZ, 85028",Phoenix,INVH-12042-n-28th-pl-phoenix-az-85028,3,1.75,1757,2660.0,2026-09-30,20 months,False,,,,,,,,https://www.invitationhomes.com/houses-for-rent/12042-n-28th-pl-phoenix-az-85028,2026-07-19,2026-09-30,AZ,Phoenix,,,,,12042-n-28th-pl-phoenix-az-85028
2026-09-30,INVH,Phoenix,"3814 E Willow Ave, Phoenix, AZ, 85032",Phoenix,INVH-3814-e-willow-ave-85032-100330,4,2.0,1640,2245.0,2026-11-13,20 months,False,,,,,,,,https://www.invitationhomes.com/houses-for-rent/3814-e-willow-ave-85032-100330,2026-09-30,2026-09-30,AZ,Phoenix,,,,,3814-e-willow-ave-85032-100330
2026-09-30,INVH,Phoenix,"3922 E Emile Zola Ave, Phoenix, AZ, 85032",Phoenix,INVH-3922-e-emile-zola-ave-85032-4716,4,3.0,1625,2645.0,2026-10-06,20 months,False,,,,,,,,https://www.invitationhomes.com/houses-for-rent/3922-e-emile-zola-ave-85032-4716,2026-09-03,2026-09-30,AZ,Phoenix,,,,,3922-e-emile-zola-ave-85032-4716
2026-09-30,INVH,Phoenix,"13620 N 38th St, Phoenix, AZ, 85032",Phoenix,INVH-13620-n-38th-st-85032-1197,4,3.0,1860,2645.0,2026-11-04,20 months,False,,,,,,,,https://www.invitationhomes.com/houses-for-rent/13620-n-38th-st-85032-1197,2026-09-21,2026-09-30,AZ,Phoenix,,,,,13620-n-38th-st-85032-1197
2026-09-30,INVH,Phoenix,"4143 E Sweetwater Ave, Phoenix, AZ, 85032",Phoenix,INVH-4143-e-sweetwater-ave-phoenix-az-85032,3,2.0,1700,2645.0,2026-10-06,20 months,False,,,,,,,,https://www.invitationhomes.com/houses-for-rent/4143-e-sweetwater-ave-phoenix-az-85032,2026-08-23,2026-09-30,AZ,Phoenix,,,,,4143-e-sweetwater-ave-phoenix-az-85032
2026-09-30,INVH,Phoenix,"2307 E Hillery Dr, Phoenix, AZ, 85022",Phoenix,INVH-2307-e-hillery-dr-85022-5227,3,2.0,1197,1890.0,2026-09-30,20 months,False,,,,,,,,https://www.invitationhomes.com/houses-for-rent/2307-e-hillery-dr-85022-5227,2026-08-10,2026-09-30,AZ,Phoenix,,,,,2307-e-hillery-dr-85022-5227
2026-09-30,INVH,Phoenix,"1433 E Utopia Road, Phoenix, AZ, 85024",Phoenix,INVH-1433-e-utopia-road-85024-101045,4,2.5,2056,2420.0,2026-09-30,20 months,False,,,,,,,,https://www.invitationhomes.com/houses-for-rent/1433-e-utopia-road-85024-101045,2026-07-19,2026-09-30,AZ,Phoenix,,,,,1433-e-utopia-road-85024-101045
2026-09-30,INVH,Phoenix,"2502 E Villa Rita Dr, Phoenix, AZ, 85032",Phoenix,INVH-2502-e-villa-rita-dr-85032-9642,3,2.0,1426,2145.0,2026-11-11,20 months,False,,,,,,,,https://www.invitationhomes.com/houses-for-rent/2502-e-villa-rita-dr-85032-9642,2026-09-30,2026-09-30,AZ,Phoenix,,,,,2502-e-villa-rita-dr-85032-9642
2026-09-30,INVH,Phoenix,"2720 E Michelle Dr, Phoenix, AZ, 85032",Phoenix,INVH-2720-e-michelle-dr-85032-3416,3,2.0,1358,2090.0,2026-09-30,20 months,False,,,,,,,,https://www.invitationhomes.com/houses-for-rent/2720-e-michelle-dr-85032-3416,2026-08-10,2026-09-30,AZ,Phoenix,,,,,2720-e-michelle-dr-85032-3416
2026-09-30,INVH,Phoenix,"14428 N 33Rd Pl, Phoenix, AZ, 85032",Phoenix,INVH-14428-n-33rd-pl-85032-101817,3,2.0,1527,2195.0,2026-10-12,20 months,False,,,,,,,,https://www.invitationhomes.com/houses-for-rent/14428-n-33rd-pl-85032-101817,2026-09-03,2026-09-30,AZ,Phoenix,,,,,14428-n-33rd-pl-85032-101817
2026-09-30,INVH,Phoenix,"3041 E Bremen Street, Phoenix, AZ, 85032",Phoenix,INVH-3041-e-bremen-street-85032-99881,3,2.0,1402,2335.0,2026-09-30,20 months,False,,,,,,,,https://www.invitationhomes.com/houses-for-rent/3041-e-bremen-street-85032-99881,2026-08-16,2026-09-30,AZ,Phoenix,,,,,3041-e-bremen-street-85032-99881
2026-09-30,INVH,Phoenix,"3765 E Kerry Ln, Phoenix, AZ, 85050",Phoenix,INVH-3765-e-kerry-ln-85050-100483,3,2.5,1819,2495.0,2026-10-12,20 months,False,,,,,,,,https://www.invitationhomes.com/houses-for-rent/3765-e-kerry-ln-85050-100483,2026-09-03,2026-09-30,AZ,Phoenix,,,,,3765-e-kerry-ln-85050-100483
2026-09-30,INVH,Phoenix,"3221 W Irma Lane, Phoenix, AZ, 85027",Phoenix,INVH-3221-w-irma-lane-85027-101028,3,2.0,1200,1975.0,2026-10-12,20 months,False,,,,,,,,https://www.invitationhomes.com/houses-for-rent/3221-w-irma-lane-85027-101028,2026-09-03,2026-09-30,AZ,Phoenix,,,,,3221-w-irma-lane-85027-101028
2026-09-30,INVH,Phoenix,"3302 West Tina Ln, Phoenix, AZ, 85027",Phoenix,INVH-3302-west-tina-ln-85027-112313,3,2.0,1503,2199.0,2026-10-03,20 months,False,,,,,,,,https://www.invitationhomes.com/houses-for-rent/3302-west-tina-ln-85027-112313,2026-09-21,2026-09-30,AZ,Phoenix,,,,,3302-west-tina-ln-85027-112313
2026-09-30,INVH,Phoenix,"4044 W Camino Del Rio, Glendale, AZ, 85310",Phoenix,INVH-4044-w-camino-del-rio-85310-101456,3,2.5,1581,2465.0,2026-11-12,20 months,False,,,,,,,,https://www.invitationhomes.com/houses-for-rent/4044-w-camino-del-rio-85310-101456,2026-09-30,2026-09-30,AZ,Glendale,,,,,4044-w-camino-del-rio-85310-101456
2026-09-30,INVH,Phoenix,"3959 W Electra Ln, Glendale, AZ, 85310",Phoenix,INVH-3959-w-electra-ln-85310-101360,3,2.5,1431,1899.0,2026-09-30,20 months,False,,,,,,,,https://www.invitationhomes.com/houses-for-rent/3959-w-electra-ln-85310-101360,2026-06-09,2026-09-30,AZ,Glendale,,,,,3959-w-electra-ln-85310-101360
2026-09-30,INVH,Phoenix,"3805 W Camino del Rio, Glendale, AZ, 85310",Phoenix,INVH-3805-w-camino-del-rio-glendale-az-85310,4,2.5,1759,2440.0,2026-11-12,20 months,False,,,,,,,,https://www.invitationhomes.com/houses-for-rent/3805-w-camino-del-rio-glendale-az-85310,2026-09-30,2026-09-30,AZ,Glendale,,,,,3805-w-camino-del-rio-glendale-az-85310
2026-09-30,INVH,Phoenix,"23606 N 38Th Ave., Glendale, AZ, 85310",Phoenix,INVH-23606-n-38th-ave-85310-101145,4,2.5,1759,2390.0,2026-11-11,20 months,False,,,,,,,,https://www.invitationhomes.com/houses-for-rent/23606-n-38th-ave-85310-101145,2026-09-30,2026-09-30,AZ,Glendale,,,,,23606-n-38th-ave-85310-101145
2026-09-30,INVH,Phoenix,"4057 W Cielo Grande, Glendale, AZ, 85310",Phoenix,INVH-4057-w-cielo-grande-85310-82987,4,2.0,1807,2125.0,2026-09-30,20 months,False,,,,,,,,https://www.invitationhomes.com/houses-for-rent/4057-w-cielo-grande-85310-82987,2026-08-02,2026-09-30,AZ,Glendale,,,,,4057-w-cielo-grande-85310-82987
2026-09-30,INVH,Phoenix,"1771 W Menadota Dr, Phoenix, AZ, 85027",Phoenix,INVH-1771-w-menadota-dr-85027-101059,3,2.0,1320,2095.0,2026-11-03,20 months,False,,,,,,,,https://www.invitationhomes.com/houses-for-rent/1771-w-menadota-dr-85027-101059,2026-09-21,2026-09-30,AZ,Phoenix,,,,,1771-w-menadota-dr-85027-101059
2026-09-30,INVH,Phoenix,"514 E Marco Polo Rd, Phoenix, AZ, 85024",Phoenix,INVH-514-e-marco-polo-rd-85024-101505,3,2.0,1168,2049.0,2026-11-12,20 months,False,,,,,,,,https://www.invitationhomes.com/houses-for-rent/514-e-marco-polo-rd-85024-101505,2026-09-30,2026-09-30,AZ,Phoenix,,,,,514-e-marco-polo-rd-85024-101505
2026-09-30,INVH,Phoenix,"19818 N 8th Pl, Phoenix, AZ, 85024",Phoenix,INVH-19818-n-8th-pl-85024-1636,3,2.0,1320,2045.0,2026-11-01,20 months,False,,,,,,,,https://www.invitationhomes.com/houses-for-rent/19818-n-8th-pl-85024-1636,2026-09-21,2026-09-30,AZ,Phoenix,,,,,19818-n-8th-pl-85024-1636
2026-09-30,INVH,Phoenix,"27921 N 23rd Dr, Phoenix, AZ, 85085",Phoenix,INVH-27921-n-23rd-dr-85085-8255,3,2.5,1982,2335.0,2026-09-30,20 months,False,,,,,,,,https://www.invitationhomes.com/houses-for-rent/27921-n-23rd-dr-85085-8255,2026-08-02,2026-09-30,AZ,Phoenix,,,,,27921-n-23rd-dr-85085-8255
2026-09-30,INVH,Phoenix,"8912 E Shangri La Rd, Scottsdale, AZ, 85260",Phoenix,INVH-8912-e-shangri-la-rd-85260-8547,2,2.0,1365,2530.0,2026-09-30,20 months,False,,,,,,,,https://www.invitationhomes.com/houses-for-rent/8912-e-shangri-la-rd-85260-8547,2026-08-02,2026-09-30,AZ,Scottsdale,,,,,8912-e-shangri-la-rd-85260-8547
2026-09-30,INVH,Phoenix,"4112 E Cherry Hills Dr, Chandler, AZ, 85249",Phoenix,INVH-4112-e-cherry-hills-dr-85249-9010,4,3.0,2336,2805.0,2026-10-10,20 months,False,,,,,,,,https://www.invitationhomes.com/houses-for-rent/4112-e-cherry-hills-dr-85249-9010,2026-09-30,2026-09-30,AZ,Chandler,,,,,4112-e-cherry-hills-dr-85249-9010
2026-09-30,INVH,Phoenix,"7035 S San Jacinto Ct, Gilbert, AZ, 85298",Phoenix,INVH-7035-s-san-jacinto-ct-85298-95544,4,3.0,2480,2995.0,2026-09-30,20 months,False,,,,,,,,https://www.invitationhomes.com/houses-for-rent/7035-s-san-jacinto-ct-85298-95544,2026-06-14,2026-09-30,AZ,Gilbert,,,,,7035-s-san-jacinto-ct-85298-95544
2026-09-30,INVH,Phoenix,"2629 W Prospector Way, San Tan Valley, AZ, 85142",Phoenix,INVH-2629-w-prospector-way-85142-8778,4,2.0,1584,1849.0,2026-09-30,20 months,False,,,,,,,,https://www.invitationhomes.com/houses-for-rent/2629-w-prospector-way-85142-8778,2026-08-10,2026-09-30,AZ,San Tan Valley,,,,,2629-w-prospector-way-85142-8778
2026-09-30,INVH,Phoenix,"23226 N Serenity Trail, Florence, AZ, 85132",Phoenix,INVH-23226-n-serenity-trail-85132-99935,4,2.5,2441,1935.0,2026-09-30,20 months,False,,,,,,,,https://www.invitationhomes.com/houses-for-rent/23226-n-serenity-trail-85132-99935,2026-08-10,2026-09-30,AZ,Florence,,,,,23226-n-serenity-trail-85132-99935
2026-09-30,INVH,Phoenix,"4110 E Sierrita Rd, San Tan Valley, AZ, 85143",Phoenix,INVH-4110-e-sierrita-rd-85143-2770,4,2.0,1606,1749.0,2026-09-30,20 months,False,,,,,,,,https://www.invitationhomes.com/houses-for-rent/4110-e-sierrita-rd-85143-2770,2026-09-21,2026-09-30,AZ,San Tan Valley,,,,,4110-e-sierrita-rd-85143-2770
2026-09-30,INVH,Phoenix,"30019 N Royal Oak Way, San Tan Valley, AZ, 85143",Phoenix,INVH-30019-n-royal-oak-way-san-tan-valley-az-85143,3,3.0,2301,2220.0,2026-10-06,20 months,False,,,,,,,,https://www.invitationhomes.com/houses-for-rent/30019-n-royal-oak-way-san-tan-valley-az-85143,2026-09-30,2026-09-30,AZ,San Tan Valley,,,,,30019-n-royal-oak-way-san-tan-valley-az-85143
2026-09-30,INVH,Phoenix,"28588 N Rainfall Dr, San Tan Valley, AZ, 85143",Phoenix,INVH-28588-n-rainfall-dr-85143-88383,3,2.0,1610,1875.0,2026-09-30,20 months,False,,,,,,,,https://www.invitationhomes.com/houses-for-rent/28588-n-rainfall-dr-85143-88383,2026-08-16,2026-09-30,AZ,San Tan Valley,,,,,28588-n-rainfall-dr-85143-88383
2026-09-30,INVH,Phoenix,"934 E Silversmith Trl, San Tan Valley, AZ, 85143",Phoenix,INVH-934-e-silversmith-trl-san-tan-valley-az-85143,3,2.0,1266,1635.0,2026-09-30,20 months,False,,,,,,,,https://www.invitationhomes.com/houses-for-rent/934-e-silversmith-trl-san-tan-valley-az-85143,2026-08-16,2026-09-30,AZ,San Tan Valley,,,,,934-e-silversmith-trl-san-tan-valley-az-85143
2026-09-30,INVH,Phoenix,"1715 E Desert Moon Trl, San Tan Valley, AZ, 85143",Phoenix,INVH-1715-e-desert-moon-trl-85143-6847,3,2.0,1266,1610.0,2026-09-30,20 months,False,,,,,,,,https://www.invitationhomes.com/houses-for-rent/1715-e-desert-moon-trl-85143-6847,2026-08-02,2026-09-30,AZ,San Tan Valley,,,,,1715-e-desert-moon-trl-85143-6847
2026-09-30,INVH,Phoenix,"3278 W Yellow Peak Dr, San Tan Valley, AZ, 85144",Phoenix,INVH-3278-w-yellow-peak-dr-85142-90003,4,3.0,2136,2170.0,2026-09-30,20 months,False,,,,,,,,https://www.invitationhomes.com/houses-for-rent/3278-w-yellow-peak-dr-85142-90003,2026-05-24,2026-09-30,AZ,San Tan Valley,,,,,3278-w-yellow-peak-dr-85142-90003
2026-09-30,INVH,Phoenix,"3185 W Dancer Ln, Queen Creek, AZ, 85142",Phoenix,INVH-3185-w-dancer-ln-85142-100902,4,2.0,1712,1845.0,2026-09-30,20 months,False,,,,,,,,https://www.invitationhomes.com/houses-for-rent/3185-w-dancer-ln-85142-100902,2026-08-23,2026-09-30,AZ,Queen Creek,,,,,3185-w-dancer-ln-85142-100902
2026-09-30,INVH,Phoenix,"2453 W Mericrest Way, Queen Creek, AZ, 85142",Phoenix,INVH-2453-w-mericrest-way-85142-9494,3,2.5,2486,2399.0,2026-11-04,20 months,False,,,,,,,,https://www.invitationhomes.com/houses-for-rent/2453-w-mericrest-way-85142-9494,2026-09-21,2026-09-30,AZ,Queen Creek,,,,,2453-w-mericrest-way-85142-9494
2026-09-30,INVH,Phoenix,"3179 W Belle Ave, Queen Creek, AZ, 85142",Phoenix,INVH-3179-w-belle-ave-85142-8786,4,2.0,1736,2040.0,2026-11-07,20 months,False,,,,,,,,https://www.invitationhomes.com/houses-for-rent/3179-w-belle-ave-85142-8786,2026-09-30,2026-09-30,AZ,Queen Creek,,,,,3179-w-belle-ave-85142-8786
2026-09-30,INVH,Phoenix,"3217 W Santa Cruz Ave, San Tan Valley, AZ, 85142",Phoenix,INVH-3217-w-santa-cruz-ave-85142-83843,4,2.5,2010,1895.0,2026-09-30,20 months,False,,,,,,,,https://www.invitationhomes.com/houses-for-rent/3217-w-santa-cruz-ave-85142-83843,2026-07-19,2026-09-30,AZ,San Tan Valley,,,,,3217-w-santa-cruz-ave-85142-83843
2026-09-30,INVH,Phoenix,"2187 W Vineyard Plains Dr, Queen Creek, AZ, 85142",Phoenix,INVH-2187-w-vineyard-plains-dr-queen-creek-az-85142,4,3.0,2458,2215.0,2026-11-12,20 months,False,,,,,,,,https://www.invitationhomes.com/houses-for-rent/2187-w-vineyard-plains-dr-queen-creek-az-85142,2026-09-30,2026-09-30,AZ,Queen Creek,,,,,2187-w-vineyard-plains-dr-queen-creek-az-85142
2026-09-30,INVH,Phoenix,"1544 W San Tan Hills Dr, Queen Creek, AZ, 85142",Phoenix,INVH-1544-w-san-tan-hills-dr-85142-90497,4,2.5,1986,2095.0,2026-11-11,20 months,False,,,,,,,,https://www.invitationhomes.com/houses-for-rent/1544-w-san-tan-hills-dr-85142-90497,2026-09-30,2026-09-30,AZ,Queen Creek,,,,,1544-w-san-tan-hills-dr-85142-90497
2026-09-30,INVH,Phoenix,"1903 W Gold Mine Way, Queen Creek, AZ, 85142",Phoenix,INVH-1903-w-gold-mine-way-85142-100697,3,2.0,1585,1885.0,2026-11-04,20 months,False,,,,,,,,https://www.invitationhomes.com/houses-for-rent/1903-w-gold-mine-way-85142-100697,2026-09-21,2026-09-30,AZ,Queen Creek,,,,,1903-w-gold-mine-way-85142-100697
2026-09-30,INVH,Phoenix,"3831 W Naomi Ln, Queen Creek, AZ, 85142",Phoenix,INVH-3831-w-naomi-ln-queen-creek-az-85142,4,2.5,2011,1849.0,2026-09-30,20 months,False,,,,,,,,https://www.invitationhomes.com/houses-for-rent/3831-w-naomi-ln-queen-creek-az-85142,2026-08-02,2026-09-30,AZ,Queen Creek,,,,,3831-w-naomi-ln-queen-creek-az-85142
2026-09-30,INVH,Phoenix,"1711 W Quick Draw Way, Queen Creek, AZ, 85142",Phoenix,INVH-1711-w-quick-draw-way-85142-84507,4,2.5,1508,1995.0,2026-10-24,20 months,False,,,,,,,,https://www.invitationhomes.com/houses-for-rent/1711-w-quick-draw-way-85142-84507,2026-09-09,2026-09-30,AZ,Queen Creek,,,,,1711-w-quick-draw-way-85142-84507
2026-09-30,INVH,Phoenix,"1374 W Matthews Dr, San Tan Valley, AZ, 85143",Phoenix,INVH-1374-w-matthews-dr-85143-4507,4,2.5,2276,1975.0,2026-09-30,20 months,False,,,,,,,,https://www.invitationhomes.com/houses-for-rent/1374-w-matthews-dr-85143-4507,2026-08-02,2026-09-30,AZ,San Tan Valley,,,,,1374-w-matthews-dr-85143-4507
2026-09-30,INVH,Phoenix,"977 W Jersey Way, San Tan Valley, AZ, 85143",Phoenix,INVH-977-w-jersey-way-85143-95779,5,3.0,3196,2795.0,2026-09-30,20 months,False,,,,,,,,https://www.invitationhomes.com/houses-for-rent/977-w-jersey-way-85143-95779,2026-08-16,2026-09-30,AZ,San Tan Valley,,,,,977-w-jersey-way-85143-95779
2026-09-30,INVH,Phoenix,"1063 W Brangus Way, San Tan Valley, AZ, 85143",Phoenix,INVH-1063-w-brangus-way-85143-7154,4,2.0,2204,2195.0,2026-09-30,20 months,False,,,,,,,,https://www.invitationhomes.com/houses-for-rent/1063-w-brangus-way-85143-7154,2026-07-19,2026-09-30,AZ,San Tan Valley,,,,,1063-w-brangus-way-85143-7154
2026-09-30,INVH,Phoenix,"447 W Corriente Ct, San Tan Valley, AZ, 85143",Phoenix,INVH-447-w-corriente-ct-85143-3540,4,2.0,1828,1875.0,2026-09-30,20 months,False,,,,,,,,https://www.invitationhomes.com/houses-for-rent/447-w-corriente-ct-85143-3540,2026-06-14,2026-09-30,AZ,San Tan Valley,,,,,447-w-corriente-ct-85143-3540
2026-09-30,INVH,Phoenix,"395 W White Sands Dr, San Tan Valley, AZ, 85140",Phoenix,INVH-395-w-white-sands-dr-85140-89078,4,3.0,2688,2325.0,2026-10-09,20 months,False,,,,,,,,https://www.invitationhomes.com/houses-for-rent/395-w-white-sands-dr-85140-89078,2026-09-03,2026-09-30,AZ,San Tan Valley,,,,,395-w-white-sands-dr-85140-89078
2026-09-30,INVH,Phoenix,"3961 E French Trotter St, San Tan Valley, AZ, 85140",Phoenix,INVH-3961-e-french-trotter-st-85140-92043,4,3.0,2027,2085.0,2026-09-30,20 months,False,,,,,,,,https://www.invitationhomes.com/houses-for-rent/3961-e-french-trotter-st-85140-92043,2026-08-02,2026-09-30,AZ,San Tan Valley,,,,,3961-e-french-trotter-st-85140-92043
2026-09-30,INVH,Phoenix,"3648 E Janelle Way, Gilbert, AZ, 85298",Phoenix,INVH-3648-e-janelle-way-85298-1522,3,2.0,1664,2410.0,2026-10-31,20 months,False,,,,,,,,https://www.invitationhomes.com/houses-for-rent/3648-e-janelle-way-85298-1522,2026-09-21,2026-09-30,AZ,Gilbert,,,,,3648-e-janelle-way-85298-1522
2026-09-30,INVH,Phoenix,"3352 E Chickadee Road, Gilbert, AZ, 85297",Phoenix,INVH-3352-e-chickadee-road-85297-100337,3,2.0,1529,2480.0,2026-09-30,20 months,False,,,,,,,,https://www.invitationhomes.com/houses-for-rent/3352-e-chickadee-road-85297-100337,2026-08-02,2026-09-30,AZ,Gilbert,,,,,3352-e-chickadee-road-85297-100337
2026-09-30,INVH,Phoenix,"4162 S Ponderosa Dr, Gilbert, AZ, 85297",Phoenix,INVH-4162-s-ponderosa-dr-85297-86270,4,2.0,2162,2599.0,2026-09-30,20 months,False,,,,,,,,https://www.invitationhomes.com/houses-for-rent/4162-s-ponderosa-dr-85297-86270,2026-09-12,2026-09-30,AZ,Gilbert,,,,,4162-s-ponderosa-dr-85297-86270
2026-09-30,INVH,Phoenix,"3836 E Narrowleaf Dr, Gilbert, AZ, 85298",Phoenix,INVH-3836-e-narrowleaf-dr-85298-6093,4,3.0,1939,2599.0,2026-10-17,20 months,False,,,,,,,,https://www.invitationhomes.com/houses-for-rent/3836-e-narrowleaf-dr-85298-6093,2026-09-12,2026-09-30,AZ,Gilbert,,,,,3836-e-narrowleaf-dr-85298-6093
2026-09-30,INVH,Phoenix,"4699 W Feather Plume Dr, Queen Creek, AZ, 85142",Phoenix,INVH-4699-w-feather-plume-dr-85142-92408,3,2.0,1458,2190.0,2026-11-04,20 months,False,,,,,,,,https://www.invitationhomes.com/houses-for-rent/4699-w-feather-plume-dr-85142-92408,2026-09-21,2026-09-30,AZ,Queen Creek,,,,,4699-w-feather-plume-dr-85142-92408
2026-09-30,INVH,Phoenix,"21105 E Pickett St, Queen Creek, AZ, 85142",Phoenix,INVH-21105-e-pickett-st-queen-creek-az-85142,3,2.5,1675,2099.0,2026-10-23,20 months,False,,,,,,,,https://www.invitationhomes.com/houses-for-rent/21105-e-pickett-st-queen-creek-az-85142,2026-09-12,2026-09-30,AZ,Queen Creek,,,,,21105-e-pickett-st-queen-creek-az-85142
2026-09-30,INVH,Phoenix,"3810 E Chickadee Rd, Gilbert, AZ, 85297",Phoenix,INVH-3810-e-chickadee-rd-85297-85704,4,3.0,2504,2499.0,2026-09-30,20 months,False,,,,,,,,https://www.invitationhomes.com/houses-for-rent/3810-e-chickadee-rd-85297-85704,2026-07-19,2026-09-30,AZ,Gilbert,,,,,3810-e-chickadee-rd-85297-85704
2026-09-30,INVH,Phoenix,"3926 S Napa Ln, Gilbert, AZ, 85297",Phoenix,INVH-3926-s-napa-ln-gilbert-az-85297,3,2.5,1564,2065.0,2026-10-12,20 months,False,,,,,,,,https://www.invitationhomes.com/houses-for-rent/3926-s-napa-ln-gilbert-az-85297,2026-09-03,2026-09-30,AZ,Gilbert,,,,,3926-s-napa-ln-gilbert-az-85297
2026-09-30,INVH,Phoenix,"3915 S Napa Ln, Gilbert, AZ, 85297",Phoenix,INVH-3915-s-napa-ln-85297-2715,3,3.0,1564,1980.0,2026-09-30,20 months,False,,,,,,,,https://www.invitationhomes.com/houses-for-rent/3915-s-napa-ln-85297-2715,2026-04-04,2026-09-30,AZ,Gilbert,,,,,3915-s-napa-ln-85297-2715
2026-09-30,INVH,Phoenix,"3917 S Rim Rd, Gilbert, AZ, 85297",Phoenix,INVH-3917-s-rim-rd-85297-89393,3,2.5,2102,2299.0,2026-09-30,20 months,False,,,,,,,,https://www.invitationhomes.com/houses-for-rent/3917-s-rim-rd-85297-89393,2026-09-03,2026-09-30,AZ,Gilbert,,,,,3917-s-rim-rd-85297-89393
2026-09-30,INVH,Phoenix,"4764 E Bonanza Rd, Gilbert, AZ, 85297",Phoenix,INVH-4764-e-bonanza-rd-85297-85842,4,2.5,2182,2640.0,2026-10-29,20 months,False,,,,,,,,https://www.invitationhomes.com/houses-for-rent/4764-e-bonanza-rd-85297-85842,2026-09-21,2026-09-30,AZ,Gilbert,,,,,4764-e-bonanza-rd-85297-85842
2026-09-30,INVH,Phoenix,"2270 S Wallrade Ln, Gilbert, AZ, 85295",Phoenix,INVH-2270-s-wallrade-ln-85295-84979,4,2.5,2129,2440.0,2026-09-30,20 months,False,,,,,,,,https://www.invitationhomes.com/houses-for-rent/2270-s-wallrade-ln-85295-84979,2026-08-02,2026-09-30,AZ,Gilbert,,,,,2270-s-wallrade-ln-85295-84979
2026-09-30,INVH,Phoenix,"2840 E Carla Vista Dr, Chandler, AZ, 85225",Phoenix,INVH-2840-e-carla-vista-dr-chandler-az-85225,3,2.0,1623,2395.0,2026-10-29,20 months,False,,,,,,,,https://www.invitationhomes.com/houses-for-rent/2840-e-carla-vista-dr-chandler-az-85225,2026-09-30,2026-09-30,AZ,Chandler,,,,,2840-e-carla-vista-dr-chandler-az-85225
2026-09-30,INVH,Phoenix,"864 E Devon Rd, Gilbert, AZ, 85296",Phoenix,INVH-864-e-devon-rd-85296-100691,3,2.0,1632,2099.0,2026-09-30,20 months,False,,,,,,,,https://www.invitationhomes.com/houses-for-rent/864-e-devon-rd-85296-100691,2026-06-09,2026-09-30,AZ,Gilbert,,,,,864-e-devon-rd-85296-100691
2026-09-30,INVH,Phoenix,"1576 E Orchid Ct Unit F, Gilbert, AZ, 85296",Phoenix,INVH-1576-e-orchid-ct-85296-85831,4,3.0,1661,2299.0,2026-09-30,20 months,False,,,,,,,,https://www.invitationhomes.com/houses-for-rent/1576-e-orchid-ct-85296-85831,2026-09-03,2026-09-30,AZ,Gilbert,,,,,1576-e-orchid-ct-85296-85831
2026-09-30,INVH,Phoenix,"114 E Palomino Dr, Gilbert, AZ, 85296",Phoenix,INVH-114-e-palomino-dr-85296-91355,3,2.5,1564,2175.0,2026-09-30,20 months,False,,,,,,,,https://www.invitationhomes.com/houses-for-rent/114-e-palomino-dr-85296-91355,2026-08-23,2026-09-30,AZ,Gilbert,,,,,114-e-palomino-dr-85296-91355
2026-09-30,INVH,Phoenix,"62 N Sandstone St, Gilbert, AZ, 85234",Phoenix,INVH-62-n-sandstone-st-gilbert-az-85234,4,3.0,2419,3045.0,2026-11-12,20 months,False,,,,,,,,https://www.invitationhomes.com/houses-for-rent/62-n-sandstone-st-gilbert-az-85234,2026-09-30,2026-09-30,AZ,Gilbert,,,,,62-n-sandstone-st-gilbert-az-85234
2026-09-30,INVH,Phoenix,"364 S Bermuda Dr, Gilbert, AZ, 85296",Phoenix,INVH-364-s-bermuda-dr-85296-9001,3,2.0,1445,2220.0,2026-09-30,20 months,False,,,,,,,,https://www.invitationhomes.com/houses-for-rent/364-s-bermuda-dr-85296-9001,2026-08-16,2026-09-30,AZ,Gilbert,,,,,364-s-bermuda-dr-85296-9001
2026-09-30,INVH,Phoenix,"1757 S Voyager Dr, Gilbert, AZ, 85295",Phoenix,INVH-1757-s-voyager-dr-85295-112394,3,2.5,1716,2475.0,2026-10-03,20 months,False,,,,,,,,https://www.invitationhomes.com/houses-for-rent/1757-s-voyager-dr-85295-112394,2026-08-23,2026-09-30,AZ,Gilbert,,,,,1757-s-voyager-dr-85295-112394
2026-09-30,INVH,Phoenix,"2640 E Megan St, Gilbert, AZ, 85295",Phoenix,INVH-2640-e-megan-st-85295-87169,4,3.0,1884,2249.0,2026-09-30,20 months,False,,,,,,,,https://www.invitationhomes.com/houses-for-rent/2640-e-megan-st-85295-87169,2026-08-23,2026-09-30,AZ,Gilbert,,,,,2640-e-megan-st-85295-87169
2026-09-30,INVH,Phoenix,"2731 E Bart St, Gilbert, AZ, 85295",Phoenix,INVH-2731-e-bart-st-85295-91763,4,3.0,1884,2515.0,2026-10-26,20 months,False,,,,,,,,https://www.invitationhomes.com/houses-for-rent/2731-e-bart-st-85295-91763,2026-09-12,2026-09-30,AZ,Gilbert,,,,,2731-e-bart-st-85295-91763
2026-09-30,INVH,Phoenix,"3379 E Constitution Dr, Gilbert, AZ, 85296",Phoenix,INVH-3379-e-constitution-dr-85296-88010,3,2.5,1576,2215.0,2026-11-03,24 months,False,,,,,,,,https://www.invitationhomes.com/houses-for-rent/3379-e-constitution-dr-85296-88010,2026-09-21,2026-09-30,AZ,Gilbert,,,,,3379-e-constitution-dr-85296-88010
2026-09-30,INVH,Phoenix,"1477 S Sinova Ave, Gilbert, AZ, 85296",Phoenix,INVH-1477-s-sinova-ave-85296-88059,3,2.5,1761,2275.0,2026-09-30,24 months,False,,,,,,,,https://www.invitationhomes.com/houses-for-rent/1477-s-sinova-ave-85296-88059,2026-08-10,2026-09-30,AZ,Gilbert,,,,,1477-s-sinova-ave-85296-88059
2026-09-30,INVH,Phoenix,"1483 S Colt Dr, Gilbert, AZ, 85296",Phoenix,INVH-1483-s-colt-dr-85296-88024,3,2.5,1761,2285.0,2026-10-24,24 months,False,,,,,,,,https://www.invitationhomes.com/houses-for-rent/1483-s-colt-dr-85296-88024,2026-09-09,2026-09-30,AZ,Gilbert,,,,,1483-s-colt-dr-85296-88024
2026-09-30,INVH,Phoenix,"1472 S Colt Dr, Gilbert, AZ, 85296",Phoenix,INVH-1472-s-colt-dr-85296-88042,3,2.5,1761,2285.0,2026-11-13,24 months,False,,,,,,,,https://www.invitationhomes.com/houses-for-rent/1472-s-colt-dr-85296-88042,2026-09-30,2026-09-30,AZ,Gilbert,,,,,1472-s-colt-dr-85296-88042
2026-09-30,INVH,Phoenix,"3385 E Liberty Ln, Gilbert, AZ, 85296",Phoenix,INVH-3385-e-liberty-ln-85296-87977,4,3.5,2061,2630.0,2026-10-30,24 months,False,,,,,,,,https://www.invitationhomes.com/houses-for-rent/3385-e-liberty-ln-85296-87977,2026-09-30,2026-09-30,AZ,Gilbert,,,,,3385-e-liberty-ln-85296-87977
2026-09-30,INVH,Phoenix,"3373 E Liberty Ln, Gilbert, AZ, 85296",Phoenix,INVH-3373-e-liberty-ln-85296-87981,3,2.5,1761,2275.0,2026-09-30,24 months,False,,,,,,,,https://www.invitationhomes.com/houses-for-rent/3373-e-liberty-ln-85296-87981,2026-08-16,2026-09-30,AZ,Gilbert,,,,,3373-e-liberty-ln-85296-87981
2026-09-30,INVH,Phoenix,"3392 E Liberty Ln, Gilbert, AZ, 85296",Phoenix,INVH-3392-e-liberty-ln-85296-87989,4,3.5,2061,2630.0,2026-09-30,24 months,False,,,,,,,,https://www.invitationhomes.com/houses-for-rent/3392-e-liberty-ln-85296-87989,2026-08-10,2026-09-30,AZ,Gilbert,,,,,3392-e-liberty-ln-85296-87989
2026-09-30,INVH,Phoenix,"3376 E Liberty Ln, Gilbert, AZ, 85296",Phoenix,INVH-3376-e-liberty-ln-85296-87997,3,2.5,1576,2215.0,2026-09-30,24 months,False,,,,,,,,https://www.invitationhomes.com/houses-for-rent/3376-e-liberty-ln-85296-87997,2026-09-03,2026-09-30,AZ,Gilbert,,,,,3376-e-liberty-ln-85296-87997
2026-09-30,INVH,Phoenix,"3642 E Constitution Dr, Gilbert, AZ, 85296",Phoenix,INVH-3642-e-constitution-dr-85296-112380,3,2.5,1576,2190.0,2026-09-30,20 months,False,,,,,,,,https://www.invitationhomes.com/houses-for-rent/3642-e-constitution-dr-85296-112380,2026-08-16,2026-09-30,AZ,Gilbert,,,,,3642-e-constitution-dr-85296-112380
2026-09-30,INVH,Phoenix,"1413 S Ponderosa Dr, Gilbert, AZ, 85296",Phoenix,INVH-1413-s-ponderosa-dr-85296-87935,4,3.5,2061,2630.0,2026-10-03,24 months,False,,,,,,,,https://www.invitationhomes.com/houses-for-rent/1413-s-ponderosa-dr-85296-87935,2026-08-23,2026-09-30,AZ,Gilbert,,,,,1413-s-ponderosa-dr-85296-87935
2026-09-30,INVH,Phoenix,"1407 S Moccasin Trl, Gilbert, AZ, 85296",Phoenix,INVH-1407-s-moccasin-trl-85296-87965,4,3.5,2061,2549.0,2026-09-30,24 months,False,,,,,,,,https://www.invitationhomes.com/houses-for-rent/1407-s-moccasin-trl-85296-87965,2026-07-19,2026-09-30,AZ,Gilbert,,,,,1407-s-moccasin-trl-85296-87965
2026-09-30,INVH,Phoenix,"1375 S Moccasin Trl, Gilbert, AZ, 85296",Phoenix,INVH-1375-s-moccasin-trl-85296-87957,3,2.5,1761,2285.0,2026-10-08,24 months,False,,,,,,,,https://www.invitationhomes.com/houses-for-rent/1375-s-moccasin-trl-85296-87957,2026-09-03,2026-09-30,AZ,Gilbert,,,,,1375-s-moccasin-trl-85296-87957
2026-09-30,INVH,Phoenix,"1370 S Ponderosa Dr, Gilbert, AZ, 85296",Phoenix,INVH-1370-s-ponderosa-dr-85296-87951,3,2.5,1576,2149.0,2026-09-30,24 months,False,,,,,,,,https://www.invitationhomes.com/houses-for-rent/1370-s-ponderosa-dr-85296-87951,2026-06-14,2026-09-30,AZ,Gilbert,,,,,1370-s-ponderosa-dr-85296-87951
2026-09-30,INVH,Phoenix,"1382 S Ponderosa Dr, Gilbert, AZ, 85296",Phoenix,INVH-1382-s-ponderosa-dr-85296-9755,3,2.5,1764,2299.0,2026-10-12,24 months,False,,,,,,,,https://www.invitationhomes.com/houses-for-rent/1382-s-ponderosa-dr-85296-9755,2026-04-04,2026-09-30,AZ,Gilbert,,,,,1382-s-ponderosa-dr-85296-9755
2026-09-30,INVH,Phoenix,"1373 S Ponderosa Dr, Gilbert, AZ, 85296",Phoenix,INVH-1373-s-ponderosa-dr-85296-87921,3,2.5,1576,2175.0,2026-09-30,24 months,False,,,,,,,,https://www.invitationhomes.com/houses-for-rent/1373-s-ponderosa-dr-85296-87921,2026-07-19,2026-09-30,AZ,Gilbert,,,,,1373-s-ponderosa-dr-85296-87921
2026-09-30,INVH,Phoenix,"1054 S Agnes Ln, Gilbert, AZ, 85296",Phoenix,INVH-1054-s-agnes-ln-85296-86124,3,3.5,2015,2360.0,2026-09-30,20 months,False,,,,,,,,https://www.invitationhomes.com/houses-for-rent/1054-s-agnes-ln-85296-86124,2026-08-02,2026-09-30,AZ,Gilbert,,,,,1054-s-agnes-ln-85296-86124
2026-09-30,INVH,Phoenix,"2361 E Pinto Dr, Gilbert, AZ, 85296",Phoenix,INVH-2361-e-pinto-dr-85296-1849,4,2.0,1540,2550.0,2026-11-02,20 months,False,,,,,,,,https://www.invitationhomes.com/houses-for-rent/2361-e-pinto-dr-85296-1849,2026-04-20,2026-09-30,AZ,Gilbert,,,,,2361-e-pinto-dr-85296-1849
2026-09-30,INVH,Phoenix,"75 W San Remo Street, Gilbert, AZ, 85233",Phoenix,INVH-75-w-san-remo-street-85233-100471,3,2.0,1447,2375.0,2026-11-12,20 months,False,,,,,,,,https://www.invitationhomes.com/houses-for-rent/75-w-san-remo-street-85233-100471,2026-09-30,2026-09-30,AZ,Gilbert,,,,,75-w-san-remo-street-85233-100471
2026-09-30,INVH,Phoenix,"1450 N Birch St, Gilbert, AZ, 85233",Phoenix,INVH-1450-n-birch-st-gilbert-az-85233,3,2.5,1806,2490.0,2026-10-09,20 months,False,,,,,,,,https://www.invitationhomes.com/houses-for-rent/1450-n-birch-st-gilbert-az-85233,2026-08-10,2026-09-30,AZ,Gilbert,,,,,1450-n-birch-st-gilbert-az-85233
2026-09-30,INVH,Phoenix,"2438 E Inverness Ave, Mesa, AZ, 85204",Phoenix,INVH-2438-e-inverness-ave-85204-99759,4,2.0,1456,2195.0,2026-11-11,24 months,False,,,,,,,,https://www.invitationhomes.com/houses-for-rent/2438-e-inverness-ave-85204-99759,2026-09-30,2026-09-30,AZ,Mesa,,,,,2438-e-inverness-ave-85204-99759
2026-09-30,INVH,Phoenix,"940 S Fontana, Mesa, AZ, 85204",Phoenix,INVH-940-s-fontana-mesa-az-85204,3,2.0,1504,2295.0,2026-10-12,20 months,False,,,,,,,,https://www.invitationhomes.com/houses-for-rent/940-s-fontana-mesa-az-85204,2026-09-03,2026-09-30,AZ,Mesa,,,,,940-s-fontana-mesa-az-85204
2026-09-30,INVH,Phoenix,"1704 S 39th St Unit 9, Mesa, AZ, 85206",Phoenix,INVH-1704-s-39th-st-unit-9-85206-9240,4,2.5,1612,2295.0,2026-09-30,20 months,False,,,,,,,,https://www.invitationhomes.com/houses-for-rent/1704-s-39th-st-unit-9-85206-9240,2026-08-02,2026-09-30,AZ,Mesa,,,,,1704-s-39th-st-unit-9-85206-9240
2026-09-30,INVH,Phoenix,"3515 E Bartlett Dr, Gilbert, AZ, 85234",Phoenix,INVH-3515-e-bartlett-dr-85234-85742,4,2.5,2234,2695.0,2026-10-13,20 months,False,,,,,,,,https://www.invitationhomes.com/houses-for-rent/3515-e-bartlett-dr-85234-85742,2026-09-03,2026-09-30,AZ,Gilbert,,,,,3515-e-bartlett-dr-85234-85742
2026-09-30,INVH,Phoenix,"1532 S Avocet St, Gilbert, AZ, 85296",Phoenix,INVH-1532-s-avocet-st-gilbert-az-85296,3,2.5,1344,1985.0,2026-10-28,20 months,False,,,,,,,,https://www.invitationhomes.com/houses-for-rent/1532-s-avocet-st-gilbert-az-85296,2026-09-21,2026-09-30,AZ,Gilbert,,,,,1532-s-avocet-st-gilbert-az-85296
2026-09-30,INVH,Phoenix,"1538 S Avocet Street, Gilbert, AZ, 85296",Phoenix,INVH-1538-s-avocet-street-85296-100575,3,2.5,1375,2045.0,2026-09-30,20 months,False,,,,,,,,https://www.invitationhomes.com/houses-for-rent/1538-s-avocet-street-85296-100575,2026-08-23,2026-09-30,AZ,Gilbert,,,,,1538-s-avocet-street-85296-100575
2026-09-30,INVH,Phoenix,"4084 E Windsor Dr, Gilbert, AZ, 85296",Phoenix,INVH-4084-e-windsor-dr-85296-4885,3,2.0,1463,1910.0,2026-09-30,20 months,False,,,,,,,,https://www.invitationhomes.com/houses-for-rent/4084-e-windsor-dr-85296-4885,2026-07-19,2026-09-30,AZ,Gilbert,,,,,4084-e-windsor-dr-85296-4885
2026-09-30,INVH,Phoenix,"3865 E Gideon Way, Gilbert, AZ, 85296",Phoenix,INVH-3865-e-gideon-way-gilbert-az-85296,3,2.5,1780,2349.0,2026-10-27,20 months,False,,,,,,,,https://www.invitationhomes.com/houses-for-rent/3865-e-gideon-way-gilbert-az-85296,2026-09-12,2026-09-30,AZ,Gilbert,,,,,3865-e-gideon-way-gilbert-az-85296
2026-09-30,INVH,Phoenix,"1039 S Deerfield Ln, Gilbert, AZ, 85296",Phoenix,INVH-1039-s-deerfield-ln-gilbert-az-85296,3,2.5,1522,2170.0,2026-09-30,20 months,False,,,,,,,,https://www.invitationhomes.com/houses-for-rent/1039-s-deerfield-ln-gilbert-az-85296,2026-09-03,2026-09-30,AZ,Gilbert,,,,,1039-s-deerfield-ln-gilbert-az-85296
2026-09-30,INVH,Phoenix,"4698 E Olney Ave, Gilbert, AZ, 85234",Phoenix,INVH-4698-e-olney-ave-85234-88382,4,3.0,2292,2840.0,2026-11-07,20 months,False,,,,,,,,https://www.invitationhomes.com/houses-for-rent/4698-e-olney-ave-85234-88382,2026-09-30,2026-09-30,AZ,Gilbert,,,,,4698-e-olney-ave-85234-88382
2026-09-30,INVH,Phoenix,"417 N Ranger Ct, Gilbert, AZ, 85234",Phoenix,INVH-417-n-ranger-ct-gilbert-az-85234,3,2.5,1375,2120.0,2026-11-06,20 months,False,,,,,,,,https://www.invitationhomes.com/houses-for-rent/417-n-ranger-ct-gilbert-az-85234,2026-09-30,2026-09-30,AZ,Gilbert,,,,,417-n-ranger-ct-gilbert-az-85234
2026-09-30,INVH,Phoenix,"496 N Ranger Trl, Gilbert, AZ, 85234",Phoenix,INVH-496-n-ranger-trl-85234-91912,4,3.0,2025,2445.0,2026-09-30,20 months,False,,,,,,,,https://www.invitationhomes.com/houses-for-rent/496-n-ranger-trl-85234-91912,2026-05-09,2026-09-30,AZ,Gilbert,,,,,496-n-ranger-trl-85234-91912
2026-09-30,INVH,Phoenix,"4610 E Laurel Ct, Gilbert, AZ, 85234",Phoenix,INVH-4610-e-laurel-ct-85234-8133,3,2.5,1262,1875.0,2026-09-30,20 months,False,,,,,,,,https://www.invitationhomes.com/houses-for-rent/4610-e-laurel-ct-85234-8133,2026-08-02,2026-09-30,AZ,Gilbert,,,,,4610-e-laurel-ct-85234-8133
2026-09-30,INVH,Phoenix,"4602 E Scott Avenue, Gilbert, AZ, 85234",Phoenix,INVH-4602-e-scott-avenue-85234-100232,3,2.0,1326,2249.0,2026-11-13,20 months,False,,,,,,,,https://www.invitationhomes.com/houses-for-rent/4602-e-scott-avenue-85234-100232,2026-09-30,2026-09-30,AZ,Gilbert,,,,,4602-e-scott-avenue-85234-100232
2026-09-30,INVH,Phoenix,"4645 E Towne Ln, Gilbert, AZ, 85234",Phoenix,INVH-4645-e-towne-ln-85234-100563,4,3.0,2189,2645.0,2026-10-23,20 months,False,,,,,,,,https://www.invitationhomes.com/houses-for-rent/4645-e-towne-ln-85234-100563,2026-09-09,2026-09-30,AZ,Gilbert,,,,,4645-e-towne-ln-85234-100563
2026-09-30,INVH,Phoenix,"2638 S Raven, Mesa, AZ, 85209",Phoenix,INVH-2638-s-raven-85209-7181,3,3.0,1544,2390.0,2026-10-07,20 months,False,,,,,,,,https://www.invitationhomes.com/houses-for-rent/2638-s-raven-85209-7181,2026-09-03,2026-09-30,AZ,Mesa,,,,,2638-s-raven-85209-7181
2026-09-30,INVH,Phoenix,"7348 E Lomita Ave, Mesa, AZ, 85209",Phoenix,INVH-7348-e-lomita-ave-85209-88892,3,2.0,1630,2190.0,2026-09-30,20 months,False,,,,,,,,https://www.invitationhomes.com/houses-for-rent/7348-e-lomita-ave-85209-88892,2026-08-10,2026-09-30,AZ,Mesa,,,,,7348-e-lomita-ave-85209-88892
2026-09-30,INVH,Phoenix,"1520 S Sandal, Mesa, AZ, 85206",Phoenix,INVH-1520-s-sandal-85206-100298,4,2.0,1706,2270.0,2026-09-30,20 months,False,,,,,,,,https://www.invitationhomes.com/houses-for-rent/1520-s-sandal-85206-100298,2026-04-20,2026-09-30,AZ,Mesa,,,,,1520-s-sandal-85206-100298
2026-09-30,INVH,Phoenix,"5814 E Hampton Ave, Mesa, AZ, 85206",Phoenix,INVH-5814-e-hampton-ave-85206-90678,4,3.0,2038,2495.0,2026-09-30,20 months,False,,,,,,,,https://www.invitationhomes.com/houses-for-rent/5814-e-hampton-ave-85206-90678,2026-08-23,2026-09-30,AZ,Mesa,,,,,5814-e-hampton-ave-85206-90678
2026-09-30,INVH,Phoenix,"1148 S Sawyer, Mesa, AZ, 85208",Phoenix,INVH-1148-s-sawyer-85208-89118,3,2.5,1901,2275.0,2026-10-07,20 months,False,,,,,,,,https://www.invitationhomes.com/houses-for-rent/1148-s-sawyer-85208-89118,2026-09-21,2026-09-30,AZ,Mesa,,,,,1148-s-sawyer-85208-89118
2026-09-30,INVH,Phoenix,"8740 East Kiowa Ave, Mesa, AZ, 85209",Phoenix,INVH-8740-east-kiowa-ave-85209-113647,3,2.0,1808,2349.0,2026-10-08,20 months,False,,,,,,,,https://www.invitationhomes.com/houses-for-rent/8740-east-kiowa-ave-85209-113647,2026-09-03,2026-09-30,AZ,Mesa,,,,,8740-east-kiowa-ave-85209-113647
2026-09-30,INVH,Phoenix,"8743 E Kilarea Ave, Mesa, AZ, 85209",Phoenix,INVH-8743-e-kilarea-ave-mesa-az-85209,3,2.5,1629,1995.0,2026-09-30,20 months,False,,,,,,,,https://www.invitationhomes.com/houses-for-rent/8743-e-kilarea-ave-mesa-az-85209,2026-07-19,2026-09-30,AZ,Mesa,,,,,8743-e-kilarea-ave-mesa-az-85209
2026-09-30,INVH,Phoenix,"2910 S 98th St, Mesa, AZ, 85212",Phoenix,INVH-2910-s-98th-st-mesa-az-85212,3,2.0,1402,2240.0,2026-11-14,20 months,False,,,,,,,,https://www.invitationhomes.com/houses-for-rent/2910-s-98th-st-mesa-az-85212,2026-09-30,2026-09-30,AZ,Mesa,,,,,2910-s-98th-st-mesa-az-85212
2026-09-30,INVH,Phoenix,"8043 E Jacob Ave, Mesa, AZ, 85209",Phoenix,INVH-8043-e-jacob-ave-85209-101683,4,2.0,1377,1949.0,2026-11-01,20 months,False,,,,,,,,https://www.invitationhomes.com/houses-for-rent/8043-e-jacob-ave-85209-101683,2026-09-21,2026-09-30,AZ,Mesa,,,,,8043-e-jacob-ave-85209-101683
2026-09-30,INVH,Phoenix,"2107 S Gordon, Mesa, AZ, 85209",Phoenix,INVH-2107-s-gordon-85209-86268,3,2.0,1692,2175.0,2026-09-30,20 months,False,,,,,,,,https://www.invitationhomes.com/houses-for-rent/2107-s-gordon-85209-86268,2026-08-16,2026-09-30,AZ,Mesa,,,,,2107-s-gordon-85209-86268
2026-09-30,INVH,Phoenix,"9430 E Jan Ave, Mesa, AZ, 85209",Phoenix,INVH-9430-e-jan-ave-85209-6955,4,3.0,2809,2545.0,2026-09-30,20 months,False,,,,,,,,https://www.invitationhomes.com/houses-for-rent/9430-e-jan-ave-85209-6955,2026-07-19,2026-09-30,AZ,Mesa,,,,,9430-e-jan-ave-85209-6955
2026-09-30,INVH,Phoenix,"9060 E Garnet Ave, Mesa, AZ, 85209",Phoenix,INVH-9060-e-garnet-ave-85209-2433,3,2.5,1391,1945.0,2026-09-30,20 months,False,,,,,,,,https://www.invitationhomes.com/houses-for-rent/9060-e-garnet-ave-85209-2433,2026-08-10,2026-09-30,AZ,Mesa,,,,,9060-e-garnet-ave-85209-2433
2026-09-30,INVH,Phoenix,"1982 W Appaloosa Way, Queen Creek, AZ, 85142",Phoenix,INVH-1982-w-appaloosa-way-85142-84663,4,2.5,2067,1995.0,2026-09-30,20 months,False,,,,,,,,https://www.invitationhomes.com/houses-for-rent/1982-w-appaloosa-way-85142-84663,2026-07-19,2026-09-30,AZ,Queen Creek,,,,,1982-w-appaloosa-way-85142-84663
2026-09-30,INVH,Phoenix,"22546 E Tierra Grande, Queen Creek, AZ, 85142",Phoenix,INVH-22546-e-tierra-grande-85142-6228,3,2.0,2064,2445.0,2026-10-21,20 months,False,,,,,,,,https://www.invitationhomes.com/houses-for-rent/22546-e-tierra-grande-85142-6228,2026-09-30,2026-09-30,AZ,Queen Creek,,,,,22546-e-tierra-grande-85142-6228
2026-09-30,INVH,Phoenix,"397 E Kelsi Ave, San Tan Valley, AZ, 85140",Phoenix,INVH-397-e-kelsi-ave-san-tan-valley-az-85140,4,2.0,1471,1895.0,2026-10-19,20 months,False,,,,,,,,https://www.invitationhomes.com/houses-for-rent/397-e-kelsi-ave-san-tan-valley-az-85140,2026-09-03,2026-09-30,AZ,San Tan Valley,,,,,397-e-kelsi-ave-san-tan-valley-az-85140
2026-09-30,INVH,Phoenix,"351 W Powell Dr, San Tan Valley, AZ, 85140",Phoenix,INVH-351-w-powell-dr-85140-92671,4,3.0,1914,2110.0,2026-11-10,20 months,False,,,,,,,,https://www.invitationhomes.com/houses-for-rent/351-w-powell-dr-85140-92671,2026-09-30,2026-09-30,AZ,San Tan Valley,,,,,351-w-powell-dr-85140-92671
2026-09-30,INVH,Phoenix,"858 E Nardini St, San Tan Valley, AZ, 85140",Phoenix,INVH-858-e-nardini-st-85140-89650,3,2.5,1659,1799.0,2026-09-30,20 months,False,,,,,,,,https://www.invitationhomes.com/houses-for-rent/858-e-nardini-st-85140-89650,2026-08-23,2026-09-30,AZ,San Tan Valley,,,,,858-e-nardini-st-85140-89650
2026-09-30,INVH,Phoenix,"833 E Impreria St, San Tan Valley, AZ, 85140",Phoenix,INVH-833-e-impreria-st-85140-100474,3,2.5,1659,1990.0,2026-10-02,20 months,False,,,,,,,,https://www.invitationhomes.com/houses-for-rent/833-e-impreria-st-85140-100474,2026-07-19,2026-09-30,AZ,San Tan Valley,,,,,833-e-impreria-st-85140-100474
2026-09-30,INVH,Phoenix,"38508 N La Grange Ln, San Tan Valley, AZ, 85140",Phoenix,INVH-38508-n-la-grange-ln-85140-8176,3,2.0,1264,1730.0,2026-09-30,20 months,False,,,,,,,,https://www.invitationhomes.com/houses-for-rent/38508-n-la-grange-ln-85140-8176,2026-08-23,2026-09-30,AZ,San Tan Valley,,,,,38508-n-la-grange-ln-85140-8176
2026-09-30,INVH,Phoenix,"38559 N Dolores Dr, San Tan Valley, AZ, 85140",Phoenix,INVH-38559-n-dolores-dr-85140-7696,4,2.0,1641,2040.0,2026-11-04,20 months,False,,,,,,,,https://www.invitationhomes.com/houses-for-rent/38559-n-dolores-dr-85140-7696,2026-09-21,2026-09-30,AZ,San Tan Valley,,,,,38559-n-dolores-dr-85140-7696
2026-09-30,INVH,Phoenix,"4319 E Amarillo Dr, San Tan Valley, AZ, 85140",Phoenix,INVH-4319-e-amarillo-dr-85140-101330,3,2.0,1672,1665.0,2026-09-30,20 months,False,,,,,,,,https://www.invitationhomes.com/houses-for-rent/4319-e-amarillo-dr-85140-101330,2026-07-19,2026-09-30,AZ,San Tan Valley,,,,,4319-e-amarillo-dr-85140-101330
2026-09-30,INVH,Phoenix,"4743 E Meadow Land Dr, San Tan Valley, AZ, 85140",Phoenix,INVH-4743-e-meadow-land-dr-san-tan-valley-az-85140,4,2.5,1734,1995.0,2026-11-13,20 months,False,,,,,,,,https://www.invitationhomes.com/houses-for-rent/4743-e-meadow-land-dr-san-tan-valley-az-85140,2026-09-30,2026-09-30,AZ,San Tan Valley,,,,,4743-e-meadow-land-dr-san-tan-valley-az-85140
2026-09-30,INVH,Phoenix,"2848 South 106th Pl, Mesa, AZ, 85212",Phoenix,INVH-2848-south-106th-pl-85212-112303,4,2.5,1880,2665.0,2026-11-12,20 months,False,,,,,,,,https://www.invitationhomes.com/houses-for-rent/2848-south-106th-pl-85212-112303,2026-09-30,2026-09-30,AZ,Mesa,,,,,2848-south-106th-pl-85212-112303
2026-09-30,INVH,Phoenix,"10135 E Isleta Ave, Mesa, AZ, 85209",Phoenix,INVH-10135-e-isleta-ave-85209-99942,3,2.5,1495,1975.0,2026-09-30,20 months,False,,,,,,,,https://www.invitationhomes.com/houses-for-rent/10135-e-isleta-ave-85209-99942,2026-08-16,2026-09-30,AZ,Mesa,,,,,10135-e-isleta-ave-85209-99942
2026-09-30,INVH,Phoenix,"10214 E Isleta Ave, Mesa, AZ, 85209",Phoenix,INVH-10214-e-isleta-ave-85209-2680,3,3.0,2015,2485.0,2026-11-09,20 months,False,,,,,,,,https://www.invitationhomes.com/houses-for-rent/10214-e-isleta-ave-85209-2680,2026-09-30,2026-09-30,AZ,Mesa,,,,,10214-e-isleta-ave-85209-2680
2026-09-30,INVH,Phoenix,"11333 E Elena Ave, Mesa, AZ, 85208",Phoenix,INVH-11333-e-elena-ave-85208-2719,3,2.0,1544,2215.0,2026-11-11,20 months,False,,,,,,,,https://www.invitationhomes.com/houses-for-rent/11333-e-elena-ave-85208-2719,2026-09-30,2026-09-30,AZ,Mesa,,,,,11333-e-elena-ave-85208-2719
2026-09-30,INVH,Phoenix,"2199 W Renaissance Ave, Apache Junction, AZ, 85120",Phoenix,INVH-2199-w-renaissance-ave-apache-junction-az-85120,3,2.0,1181,1845.0,2026-09-30,20 months,False,,,,,,,,https://www.invitationhomes.com/houses-for-rent/2199-w-renaissance-ave-apache-junction-az-85120,2026-08-16,2026-09-30,AZ,Apache Junction,,,,,2199-w-renaissance-ave-apache-junction-az-85120
2026-09-30,INVH,Phoenix,"1964 E 39th Ave, Apache Junction, AZ, 85119",Phoenix,INVH-1964-e-39th-ave-apache-junction-az-85119,4,2.0,2300,2549.0,2026-11-02,20 months,False,,,,,,,,https://www.invitationhomes.com/houses-for-rent/1964-e-39th-ave-apache-junction-az-85119,2026-09-21,2026-09-30,AZ,Apache Junction,,,,,1964-e-39th-ave-apache-junction-az-85119
2026-09-30,INVH,Phoenix,"3246 S Bowman Rd, Apache Junction, AZ, 85119",Phoenix,INVH-3246-s-bowman-rd-85119-5208,3,2.0,1614,1945.0,2026-11-06,20 months,False,,,,,,,,https://www.invitationhomes.com/houses-for-rent/3246-s-bowman-rd-85119-5208,2026-09-30,2026-09-30,AZ,Apache Junction,,,,,3246-s-bowman-rd-85119-5208
2026-09-30,INVH,Phoenix,"2551 E Diamond Cir, Mesa, AZ, 85204",Phoenix,INVH-2551-e-diamond-cir-85204-1127,4,2.0,1552,2275.0,2026-09-30,20 months,False,,,,,,,,https://www.invitationhomes.com/houses-for-rent/2551-e-diamond-cir-85204-1127,2026-07-19,2026-09-30,AZ,Mesa,,,,,2551-e-diamond-cir-85204-1127
2026-09-30,INVH,Phoenix,"2131 E 3rd Dr, Mesa, AZ, 85204",Phoenix,INVH-2131-e-3rd-dr-mesa-az-85204,3,2.0,1106,1915.0,2026-11-13,20 months,False,,,,,,,,https://www.invitationhomes.com/houses-for-rent/2131-e-3rd-dr-mesa-az-85204,2026-09-30,2026-09-30,AZ,Mesa,,,,,2131-e-3rd-dr-mesa-az-85204
2026-09-30,INVH,Phoenix,"254 N 25th St, Mesa, AZ, 85213",Phoenix,INVH-254-n-25th-st-85213-3902,3,2.0,1232,1995.0,2026-10-22,20 months,False,,,,,,,,https://www.invitationhomes.com/houses-for-rent/254-n-25th-st-85213-3902,2026-09-09,2026-09-30,AZ,Mesa,,,,,254-n-25th-st-85213-3902
2026-09-30,INVH,Phoenix,"4103 E Arbor Ave, Mesa, AZ, 85206",Phoenix,INVH-4103-e-arbor-ave-mesa-az-85206,4,2.5,2050,2545.0,2026-09-30,20 months,False,,,,,,,,https://www.invitationhomes.com/houses-for-rent/4103-e-arbor-ave-mesa-az-85206,2026-08-16,2026-09-30,AZ,Mesa,,,,,4103-e-arbor-ave-mesa-az-85206
2026-09-30,INVH,Phoenix,"5064 E Catalina Ave, Mesa, AZ, 85206",Phoenix,INVH-5064-e-catalina-ave-85206-83874,4,2.0,2120,2545.0,2026-09-30,20 months,False,,,,,,,,https://www.invitationhomes.com/houses-for-rent/5064-e-catalina-ave-85206-83874,2026-08-23,2026-09-30,AZ,Mesa,,,,,5064-e-catalina-ave-85206-83874
2026-09-30,INVH,Phoenix,"7155 E Arcadia Cir, Mesa, AZ, 85208",Phoenix,INVH-7155-e-arcadia-cir-mesa-az-85208,3,2.0,1522,1995.0,2026-10-29,20 months,False,,,,,,,,https://www.invitationhomes.com/houses-for-rent/7155-e-arcadia-cir-mesa-az-85208,2026-09-21,2026-09-30,AZ,Mesa,,,,,7155-e-arcadia-cir-mesa-az-85208
2026-09-30,INVH,Phoenix,"6145 E Covina Road, Mesa, AZ, 85205",Phoenix,INVH-6145-e-covina-street-85205-100222,3,2.0,1324,2485.0,2026-10-15,20 months,False,,,,,,,,https://www.invitationhomes.com/houses-for-rent/6145-e-covina-street-85205-100222,2026-09-12,2026-09-30,AZ,Mesa,,,,,6145-e-covina-street-85205-100222
2026-09-30,INVH,Phoenix,"6129 E Colby Street, Mesa, AZ, 85205",Phoenix,INVH-6129-e-colby-street-85205-100547,3,2.0,1428,2140.0,2026-10-27,20 months,False,,,,,,,,https://www.invitationhomes.com/houses-for-rent/6129-e-colby-street-85205-100547,2026-09-12,2026-09-30,AZ,Mesa,,,,,6129-e-colby-street-85205-100547
2026-09-30,INVH,Phoenix,"5831 E Ellis St, Mesa, AZ, 85205",Phoenix,INVH-5831-e-ellis-st-85205-1178,4,2.0,1672,2425.0,2026-10-18,20 months,False,,,,,,,,https://www.invitationhomes.com/houses-for-rent/5831-e-ellis-st-85205-1178,2026-09-03,2026-09-30,AZ,Mesa,,,,,5831-e-ellis-st-85205-1178
2026-09-30,INVH,Phoenix,"9544 E Bramble Ave, Mesa, AZ, 85208",Phoenix,INVH-9544-e-bramble-ave-85208-83913,4,2.5,1756,2295.0,2026-10-27,20 months,False,,,,,,,,https://www.invitationhomes.com/houses-for-rent/9544-e-bramble-ave-85208-83913,2026-09-30,2026-09-30,AZ,Mesa,,,,,9544-e-bramble-ave-85208-83913
2026-09-30,INVH,Phoenix,"613 N Overland, Mesa, AZ, 85207",Phoenix,INVH-613-n-overland-85207-5441,3,1.75,1708,2285.0,2026-11-05,20 months,False,,,,,,,,https://www.invitationhomes.com/houses-for-rent/613-n-overland-85207-5441,2026-08-23,2026-09-30,AZ,Mesa,,,,,613-n-overland-85207-5441
2026-09-30,INVH,Phoenix,"9708 E Baltimore Cir, Mesa, AZ, 85207",Phoenix,INVH-9708-e-baltimore-cir-mesa-az-85207,3,2.0,1540,2175.0,2026-10-22,20 months,False,,,,,,,,https://www.invitationhomes.com/houses-for-rent/9708-e-baltimore-cir-mesa-az-85207,2026-09-09,2026-09-30,AZ,Mesa,,,,,9708-e-baltimore-cir-mesa-az-85207
2026-09-30,INVH,Phoenix,"817 N 95th St, Mesa, AZ, 85207",Phoenix,INVH-817-n-95th-st-mesa-az-85207,4,2.0,1296,1845.0,2026-09-30,20 months,False,,,,,,,,https://www.invitationhomes.com/houses-for-rent/817-n-95th-st-mesa-az-85207,2026-07-19,2026-09-30,AZ,Mesa,,,,,817-n-95th-st-mesa-az-85207
2026-09-30,INVH,Phoenix,"9016 E Gary Ln, Mesa, AZ, 85207",Phoenix,INVH-9016-e-gary-ln-mesa-az-85207,3,2.0,1144,1849.0,2026-09-30,20 months,False,,,,,,,,https://www.invitationhomes.com/houses-for-rent/9016-e-gary-ln-mesa-az-85207,2026-08-02,2026-09-30,AZ,Mesa,,,,,9016-e-gary-ln-mesa-az-85207
2026-09-30,INVH,Phoenix,"5925 E Norwood St, Mesa, AZ, 85215",Phoenix,INVH-5925-e-norwood-st-85215-100174,3,2.5,1405,1995.0,2026-11-08,20 months,False,,,,,,,,https://www.invitationhomes.com/houses-for-rent/5925-e-norwood-st-85215-100174,2026-09-30,2026-09-30,AZ,Mesa,,,,,5925-e-norwood-st-85215-100174
2026-09-30,INVH,Phoenix,"5924 E Norwood St, Mesa, AZ, 85215",Phoenix,INVH-5924-e-norwood-st-85215-100191,3,2.5,1405,2095.0,2026-11-08,20 months,False,,,,,,,,https://www.invitationhomes.com/houses-for-rent/5924-e-norwood-st-85215-100191,2026-09-30,2026-09-30,AZ,Mesa,,,,,5924-e-norwood-st-85215-100191
2026-09-30,INVH,Phoenix,"7232 E Kramer St, Mesa, AZ, 85207",Phoenix,INVH-7232-e-kramer-st-mesa-az-85207,3,2.5,1559,2195.0,2026-09-30,20 months,False,,,,,,,,https://www.invitationhomes.com/houses-for-rent/7232-e-kramer-st-mesa-az-85207,2026-08-02,2026-09-30,AZ,Mesa,,,,,7232-e-kramer-st-mesa-az-85207
2026-09-30,INVH,Phoenix,"10223 E CRESCENT AVE, Mesa, AZ, 85208",Phoenix,INVH-10223-e-crescent-ave-85208-125713,3,2.0,1517,2285.0,2026-09-30,19 months,False,,,,,,,,https://www.invitationhomes.com/houses-for-rent/10223-e-crescent-ave-85208-125713,2026-09-30,2026-09-30,AZ,Mesa,,,,,10223-e-crescent-ave-85208-125713
2026-09-30,INVH,Phoenix,"419 S Sabrina, Mesa, AZ, 85208",Phoenix,INVH-419-s-sabrina-85208-2967,3,2.0,1370,2185.0,2026-10-09,20 months,False,,,,,,,,https://www.invitationhomes.com/houses-for-rent/419-s-sabrina-85208-2967,2026-09-03,2026-09-30,AZ,Mesa,,,,,419-s-sabrina-85208-2967
2026-09-30,INVH,Phoenix,"11008 E Delta Ave, Mesa, AZ, 85208",Phoenix,INVH-11008-e-delta-ave-85208-92017,4,2.0,1588,2399.0,2026-09-30,20 months,False,,,,,,,,https://www.invitationhomes.com/houses-for-rent/11008-e-delta-ave-85208-92017,2026-08-23,2026-09-30,AZ,Mesa,,,,,11008-e-delta-ave-85208-92017
2026-09-30,INVH,Phoenix,"10436 E Billings St, Apache Junction, AZ, 85120",Phoenix,INVH-10436-e-billings-st-apache-junction-az-85120,3,2.0,1271,1785.0,2026-09-30,20 months,False,,,,,,,,https://www.invitationhomes.com/houses-for-rent/10436-e-billings-st-apache-junction-az-85120,2026-07-19,2026-09-30,AZ,Apache Junction,,,,,10436-e-billings-st-apache-junction-az-85120
2026-09-30,INVH,Phoenix,"11507 E Ellis St, Mesa, AZ, 85207",Phoenix,INVH-11507-e-ellis-st-mesa-az-85207,3,2.0,1793,2545.0,2026-10-03,20 months,False,,,,,,,,https://www.invitationhomes.com/houses-for-rent/11507-e-ellis-st-mesa-az-85207,2026-09-03,2026-09-30,AZ,Mesa,,,,,11507-e-ellis-st-mesa-az-85207
2026-09-30,INVH,Phoenix,"1124 W 13th Ave, Apache Junction, AZ, 85120",Phoenix,INVH-1124-w-13th-ave-apache-junction-az-85120,3,2.0,1520,2245.0,2026-10-30,20 months,False,,,,,,,,https://www.invitationhomes.com/houses-for-rent/1124-w-13th-ave-apache-junction-az-85120,2026-09-21,2026-09-30,AZ,Apache Junction,,,,,1124-w-13th-ave-apache-junction-az-85120
2026-09-30,INVH,Phoenix,"1667 S Stetson Ct, Apache Junction, AZ, 85119",Phoenix,INVH-1667-s-stetson-ct-apache-junction-az-85119,3,2.0,1301,1895.0,2026-09-30,20 months,False,,,,,,,,https://www.invitationhomes.com/houses-for-rent/1667-s-stetson-ct-apache-junction-az-85119,2026-07-19,2026-09-30,AZ,Apache Junction,,,,,1667-s-stetson-ct-apache-junction-az-85119
2026-09-30,INVH,Phoenix,"12785 W Milton Drive, Peoria, AZ, 85383",Phoenix,INVH-12785-w-milton-drive-85383-99878,4,3.0,2398,2765.0,2026-11-10,20 months,False,,,,,,,,https://www.invitationhomes.com/houses-for-rent/12785-w-milton-drive-85383-99878,2026-09-30,2026-09-30,AZ,Peoria,,,,,12785-w-milton-drive-85383-99878
2026-09-30,INVH,Phoenix,"3736 W Ghost Flower Ct, Phoenix, AZ, 85086",Phoenix,INVH-3736-w-ghost-flower-ct-85086-9461,3,2.0,1638,2245.0,2026-10-26,20 months,False,,,,,,,,https://www.invitationhomes.com/houses-for-rent/3736-w-ghost-flower-ct-85086-9461,2026-08-10,2026-09-30,AZ,Phoenix,,,,,3736-w-ghost-flower-ct-85086-9461
2026-09-30,INVH,Denver,"1082 Clogger Ln, Fountain, CO, 80817",Denver,INVH-1082-clogger-ln-80817-8566,3,2.0,1592,2365.0,2026-10-02,22 months,False,,,,,,,,https://www.invitationhomes.com/houses-for-rent/1082-clogger-ln-80817-8566,2026-05-24,2026-09-30,CO,Fountain,,,,,1082-clogger-ln-80817-8566
2026-09-30,INVH,Denver,"517 Turf Trail Pl, Fountain, CO, 80817",Denver,INVH-517-turf-trail-pl-80817-88155,3,2.0,1542,2260.0,2026-09-30,22 months,False,,,,,,,,https://www.invitationhomes.com/houses-for-rent/517-turf-trail-pl-80817-88155,2026-09-09,2026-09-30,CO,Fountain,,,,,517-turf-trail-pl-80817-88155
2026-09-30,INVH,Denver,"6020 Wisteria Dr, Colorado Springs, CO, 80919",Denver,INVH-6020-wisteria-dr-80919-6397,4,3.5,2178,2795.0,2026-11-08,20 months,False,,,,,,,,https://www.invitationhomes.com/houses-for-rent/6020-wisteria-dr-80919-6397,2026-09-30,2026-09-30,CO,Colorado Springs,,,,,6020-wisteria-dr-80919-6397
2026-09-30,INVH,Denver,"1351 Oswego St, Colorado Springs, CO, 80904",Denver,INVH-1351-oswego-st-80904-3590,4,2.0,1800,2545.0,2026-10-08,22 months,False,,,,,,,,https://www.invitationhomes.com/houses-for-rent/1351-oswego-st-80904-3590,2026-07-19,2026-09-30,CO,Colorado Springs,,,,,1351-oswego-st-80904-3590
2026-09-30,INVH,Denver,"7980 Dakota Ridge Pl, Colorado Springs, CO, 80920",Denver,INVH-7980-dakota-ridge-pl-80920-88997,4,3.0,1991,2530.0,2026-10-13,22 months,False,,,,,,,,https://www.invitationhomes.com/houses-for-rent/7980-dakota-ridge-pl-80920-88997,2026-09-03,2026-09-30,CO,Colorado Springs,,,,,7980-dakota-ridge-pl-80920-88997
2026-09-30,INVH,Denver,"231 Masters Dr, Castle Rock, CO, 80104",Denver,INVH-231-masters-dr-80104-93150,4,2.5,2151,3195.0,2026-11-07,20 months,False,,,,,,,,https://www.invitationhomes.com/houses-for-rent/231-masters-dr-80104-93150,2026-09-30,2026-09-30,CO,Castle Rock,,,,,231-masters-dr-80104-93150
2026-09-30,INVH,Denver,"7403 Middle Bay Way, Fountain, CO, 80817",Denver,INVH-7403-middle-bay-way-80817-7960,3,2.0,1696,2199.0,2026-09-30,22 months,False,,,,,,,,https://www.invitationhomes.com/houses-for-rent/7403-middle-bay-way-80817-7960,2026-07-19,2026-09-30,CO,Fountain,,,,,7403-middle-bay-way-80817-7960
2026-09-30,INVH,Denver,"616 Rye Ridge Rd, Fountain, CO, 80817",Denver,INVH-616-rye-ridge-rd-80817-8287,3,2.0,1548,2310.0,2026-09-30,22 months,False,,,,,,,,https://www.invitationhomes.com/houses-for-rent/616-rye-ridge-rd-80817-8287,2026-08-10,2026-09-30,CO,Fountain,,,,,616-rye-ridge-rd-80817-8287
2026-09-30,INVH,Denver,"779 Ridgebury Pl, Fountain, CO, 80817",Denver,INVH-779-ridgebury-pl-80817-6076,3,3.0,2208,2445.0,2026-09-30,22 months,False,,,,,,,,https://www.invitationhomes.com/houses-for-rent/779-ridgebury-pl-80817-6076,2026-09-21,2026-09-30,CO,Fountain,,,,,779-ridgebury-pl-80817-6076
2026-09-30,INVH,Denver,"2148 Bent Tree Ln, Fountain, CO, 80817",Denver,INVH-2148-bent-tree-ln-80817-87689,3,2.0,1623,2195.0,2026-11-11,22 months,False,,,,,,,,https://www.invitationhomes.com/houses-for-rent/2148-bent-tree-ln-80817-87689,2026-09-30,2026-09-30,CO,Fountain,,,,,2148-bent-tree-ln-80817-87689
2026-09-30,INVH,Denver,"1245 Lords Hill Dr, Fountain, CO, 80817",Denver,INVH-1245-lords-hill-dr-80817-8923,3,2.0,1447,2095.0,2026-11-04,22 months,False,,,,,,,,https://www.invitationhomes.com/houses-for-rent/1245-lords-hill-dr-80817-8923,2026-09-30,2026-09-30,CO,Fountain,,,,,1245-lords-hill-dr-80817-8923
2026-09-30,INVH,Denver,"77 Landoe Ln, Colorado Springs, CO, 80911",Denver,INVH-77-landoe-ln-80911-2064,5,3.0,2108,2325.0,2026-09-30,22 months,False,,,,,,,,https://www.invitationhomes.com/houses-for-rent/77-landoe-ln-80911-2064,2026-09-12,2026-09-30,CO,Colorado Springs,,,,,77-landoe-ln-80911-2064
2026-09-30,INVH,Denver,"10737 Darneal Dr, Fountain, CO, 80817",Denver,INVH-10737-darneal-dr-80817-6744,3,2.0,2646,2630.0,2026-10-12,20 months,False,,,,,,,,https://www.invitationhomes.com/houses-for-rent/10737-darneal-dr-80817-6744,2026-04-04,2026-09-30,CO,Fountain,,,,,10737-darneal-dr-80817-6744
2026-09-30,INVH,Denver,"10864 Nolin Dr, Colorado Springs, CO, 80925",Denver,INVH-10864-nolin-dr-80925-89102,4,2.5,1918,2565.0,2026-09-30,24 months,False,,,,,,,,https://www.invitationhomes.com/houses-for-rent/10864-nolin-dr-80925-89102,2026-05-17,2026-09-30,CO,Colorado Springs,,,,,10864-nolin-dr-80925-89102
2026-09-30,INVH,Denver,"8334 Syrabi Pl, Colorado Springs, CO, 80925",Denver,INVH-8334-syrabi-pl-80925-89805,5,3.0,2326,2585.0,2026-09-30,22 months,False,,,,,,,,https://www.invitationhomes.com/houses-for-rent/8334-syrabi-pl-80925-89805,2026-08-23,2026-09-30,CO,Colorado Springs,,,,,8334-syrabi-pl-80925-89805
2026-09-30,INVH,Denver,"10003 Seawolf Dr, Colorado Springs, CO, 80925",Denver,INVH-10003-seawolf-dr-80925-88754,3,2.0,1473,2335.0,2026-09-30,24 months,False,,,,,,,,https://www.invitationhomes.com/houses-for-rent/10003-seawolf-dr-80925-88754,2026-09-12,2026-09-30,CO,Colorado Springs,,,,,10003-seawolf-dr-80925-88754
2026-09-30,INVH,Denver,"10394 Silver Stirrup Dr, Colorado Springs, CO, 80925",Denver,INVH-10394-silver-stirrup-dr-80925-87237,4,3.0,1990,2625.0,2026-09-30,24 months,False,,,,,,,,https://www.invitationhomes.com/houses-for-rent/10394-silver-stirrup-dr-80925-87237,2026-09-12,2026-09-30,CO,Colorado Springs,,,,,10394-silver-stirrup-dr-80925-87237
2026-09-30,INVH,Denver,"6128 Cast Iron Dr, Colorado Springs, CO, 80925",Denver,INVH-6128-cast-iron-dr-80925-88163,4,2.5,1748,2415.0,2026-09-30,24 months,False,,,,,,,,https://www.invitationhomes.com/houses-for-rent/6128-cast-iron-dr-80925-88163,2026-08-02,2026-09-30,CO,Colorado Springs,,,,,6128-cast-iron-dr-80925-88163
2026-09-30,INVH,Denver,"11771 Mission Peak Place, Colorado Springs, CO, 80925",Denver,INVH-11771-mission-peak-place-80925-123887,3,2.5,1755,2349.0,2026-09-30,24 months,False,,,,,,,,https://www.invitationhomes.com/houses-for-rent/11771-mission-peak-place-80925-123887,2026-08-16,2026-09-30,CO,Colorado Springs,,,,,11771-mission-peak-place-80925-123887
2026-09-30,INVH,Denver,"11147 House Finch Ln, Colorado Springs, CO, 80925",Denver,INVH-11147-house-finch-ln-80925-120818,3,2.5,1916,2310.0,2026-09-30,24 months,False,,,,,,,,https://www.invitationhomes.com/houses-for-rent/11147-house-finch-ln-80925-120818,2026-05-03,2026-09-30,CO,Colorado Springs,,,,,11147-house-finch-ln-80925-120818
2026-09-30,INVH,Denver,"11259 Bufflehead Ln, Colorado Springs, CO, 80925",Denver,INVH-11259-bufflehead-ln-80925-120846,3,2.5,1898,2340.0,2026-10-14,24 months,False,,,,,,,,https://www.invitationhomes.com/houses-for-rent/11259-bufflehead-ln-80925-120846,2026-09-30,2026-09-30,CO,Colorado Springs,,,,,11259-bufflehead-ln-80925-120846
2026-09-30,INVH,Denver,"6223 Yellowthroat Ter, Colorado Springs, CO, 80925",Denver,INVH-6223-yellowthroat-ter-80925-120898,3,2.5,1804,2299.0,2026-09-30,24 months,False,,,,,,,,https://www.invitationhomes.com/houses-for-rent/6223-yellowthroat-ter-80925-120898,2026-04-04,2026-09-30,CO,Colorado Springs,,,,,6223-yellowthroat-ter-80925-120898
2026-09-30,INVH,Denver,"6190 Bobolink Trl, Colorado Springs, CO, 80925",Denver,INVH-6190-bobolink-trl-80925-120888,3,2.5,1898,2299.0,2026-09-30,24 months,False,,,,,,,,https://www.invitationhomes.com/houses-for-rent/6190-bobolink-trl-80925-120888,2026-07-19,2026-09-30,CO,Colorado Springs,,,,,6190-bobolink-trl-80925-120888
2026-09-30,INVH,Denver,"11457 Whistling Duck Wy, Colorado Springs, CO, 80925",Denver,INVH-11457-whistling-duck-wy-80925-120862,3,2.5,1804,2299.0,2026-09-30,24 months,False,,,,,,,,https://www.invitationhomes.com/houses-for-rent/11457-whistling-duck-wy-80925-120862,2026-08-02,2026-09-30,CO,Colorado Springs,,,,,11457-whistling-duck-wy-80925-120862
2026-09-30,INVH,Denver,"11441 Whistling Duck Wy, Colorado Springs, CO, 80925",Denver,INVH-11441-whistling-duck-wy-80925-120860,3,2.5,1916,2325.0,2026-09-30,24 months,False,,,,,,,,https://www.invitationhomes.com/houses-for-rent/11441-whistling-duck-wy-80925-120860,2026-08-10,2026-09-30,CO,Colorado Springs,,,,,11441-whistling-duck-wy-80925-120860
2026-09-30,INVH,Denver,"6236 Big Bird Dr, Colorado Springs, CO, 80925",Denver,INVH-6236-big-bird-dr-80925-120901,3,2.5,1804,2249.0,2026-09-30,24 months,False,,,,,,,,https://www.invitationhomes.com/houses-for-rent/6236-big-bird-dr-80925-120901,2026-08-10,2026-09-30,CO,Colorado Springs,,,,,6236-big-bird-dr-80925-120901
2026-09-30,INVH,Denver,"4445 Witches Hollow Ln, Colorado Springs, CO, 80911",Denver,INVH-4445-witches-hollow-ln-80911-88667,3,2.0,1548,2149.0,2026-09-30,24 months,False,,,,,,,,https://www.invitationhomes.com/houses-for-rent/4445-witches-hollow-ln-80911-88667,2026-09-30,2026-09-30,CO,Colorado Springs,,,,,4445-witches-hollow-ln-80911-88667
2026-09-30,INVH,Denver,"5260 Water Dipper Rd, Colorado Springs, CO, 80911",Denver,INVH-5260-water-dipper-rd-80911-89503,4,3.0,1889,2380.0,2026-10-28,22 months,False,,,,,,,,https://www.invitationhomes.com/houses-for-rent/5260-water-dipper-rd-80911-89503,2026-09-21,2026-09-30,CO,Colorado Springs,,,,,5260-water-dipper-rd-80911-89503
2026-09-30,INVH,Denver,"4425 Allison Dr, Colorado Springs, CO, 80916",Denver,INVH-4425-allison-dr-80916-1900,3,2.0,1148,1810.0,2026-09-30,22 months,False,,,,,,,,https://www.invitationhomes.com/houses-for-rent/4425-allison-dr-80916-1900,2026-07-19,2026-09-30,CO,Colorado Springs,,,,,4425-allison-dr-80916-1900
2026-09-30,INVH,Denver,"2410 Payne Cir W, Colorado Springs, CO, 80916",Denver,INVH-2410-payne-cir-w-80916-2929,3,2.0,1603,2295.0,2026-10-02,22 months,False,,,,,,,,https://www.invitationhomes.com/houses-for-rent/2410-payne-cir-w-80916-2929,2026-08-10,2026-09-30,CO,Colorado Springs,,,,,2410-payne-cir-w-80916-2929
2026-09-30,INVH,Denver,"4875 Gami Way, Colorado Springs, CO, 80911",Denver,INVH-4875-gami-way-80911-4188,3,2.5,2240,2385.0,2026-09-30,22 months,False,,,,,,,,https://www.invitationhomes.com/houses-for-rent/4875-gami-way-80911-4188,2026-08-02,2026-09-30,CO,Colorado Springs,,,,,4875-gami-way-80911-4188
2026-09-30,INVH,Denver,"4915 San Amels Way, Colorado Springs, CO, 80911",Denver,INVH-4915-san-amels-way-80911-88640,3,3.0,1567,2395.0,2026-09-30,22 months,False,,,,,,,,https://www.invitationhomes.com/houses-for-rent/4915-san-amels-way-80911-88640,2026-09-09,2026-09-30,CO,Colorado Springs,,,,,4915-san-amels-way-80911-88640
2026-09-30,INVH,Denver,"4727 Keith Cir, Colorado Springs, CO, 80916",Denver,INVH-4727-keith-cir-80916-3858,3,1.5,1202,1990.0,2026-10-15,22 months,False,,,,,,,,https://www.invitationhomes.com/houses-for-rent/4727-keith-cir-80916-3858,2026-09-03,2026-09-30,CO,Colorado Springs,,,,,4727-keith-cir-80916-3858
2026-09-30,INVH,Denver,"3249 Inspiration Dr, Colorado Springs, CO, 80917",Denver,INVH-3249-inspiration-dr-80917-5130,6,2.0,1778,2195.0,2026-10-05,22 months,False,,,,,,,,https://www.invitationhomes.com/houses-for-rent/3249-inspiration-dr-80917-5130,2026-09-12,2026-09-30,CO,Colorado Springs,,,,,3249-inspiration-dr-80917-5130
2026-09-30,INVH,Denver,"3255 Richmond Dr, Colorado Springs, CO, 80922",Denver,INVH-3255-richmond-dr-80922-9347,3,2.0,1758,2390.0,2026-10-25,22 months,False,,,,,,,,https://www.invitationhomes.com/houses-for-rent/3255-richmond-dr-80922-9347,2026-09-21,2026-09-30,CO,Colorado Springs,,,,,3255-richmond-dr-80922-9347
2026-09-30,INVH,Denver,"6840 Quarter Circle Rd, Colorado Springs, CO, 80922",Denver,INVH-6840-quarter-circle-rd-80922-2021,3,3.0,3045,2495.0,2026-09-30,22 months,False,,,,,,,,https://www.invitationhomes.com/houses-for-rent/6840-quarter-circle-rd-80922-2021,2026-09-21,2026-09-30,CO,Colorado Springs,,,,,6840-quarter-circle-rd-80922-2021
2026-09-30,INVH,Denver,"6580 Northwind Dr, Colorado Springs, CO, 80918",Denver,INVH-6580-northwind-dr-80918-89202,3,2.5,1975,2495.0,2026-09-30,19 months,False,,,,,,,,https://www.invitationhomes.com/houses-for-rent/6580-northwind-dr-80918-89202,2026-06-09,2026-09-30,CO,Colorado Springs,,,,,6580-northwind-dr-80918-89202
2026-09-30,INVH,Denver,"5814 Santana Dr, Colorado Springs, CO, 80923",Denver,INVH-5814-santana-dr-80923-86527,4,3.0,2133,2549.0,2026-10-13,22 months,False,,,,,,,,https://www.invitationhomes.com/houses-for-rent/5814-santana-dr-80923-86527,2026-09-03,2026-09-30,CO,Colorado Springs,,,,,5814-santana-dr-80923-86527
2026-09-30,INVH,Denver,"6010 Grapevine Dr, Colorado Springs, CO, 80923",Denver,INVH-6010-grapevine-dr-80923-89670,4,3.0,2021,2549.0,2026-09-30,22 months,False,,,,,,,,https://www.invitationhomes.com/houses-for-rent/6010-grapevine-dr-80923-89670,2026-07-19,2026-09-30,CO,Colorado Springs,,,,,6010-grapevine-dr-80923-89670
2026-09-30,INVH,Denver,"6025 Fossil Dr, Colorado Springs, CO, 80923",Denver,INVH-6025-fossil-dr-80923-87028,4,3.0,2027,2425.0,2026-09-30,22 months,False,,,,,,,,https://www.invitationhomes.com/houses-for-rent/6025-fossil-dr-80923-87028,2026-08-02,2026-09-30,CO,Colorado Springs,,,,,6025-fossil-dr-80923-87028
2026-09-30,INVH,Denver,"4708 Skywriter Cir, Colorado Springs, CO, 80922",Denver,INVH-4708-skywriter-cir-80922-86433,4,4.0,2065,2445.0,2026-10-27,22 months,False,,,,,,,,https://www.invitationhomes.com/houses-for-rent/4708-skywriter-cir-80922-86433,2026-09-21,2026-09-30,CO,Colorado Springs,,,,,4708-skywriter-cir-80922-86433
2026-09-30,INVH,Denver,"7524 Stormy Way, Colorado Springs, CO, 80922",Denver,INVH-7524-stormy-way-80922-88162,3,3.0,1449,2320.0,2026-11-02,22 months,False,,,,,,,,https://www.invitationhomes.com/houses-for-rent/7524-stormy-way-80922-88162,2026-09-21,2026-09-30,CO,Colorado Springs,,,,,7524-stormy-way-80922-88162
2026-09-30,INVH,Denver,"5798 Charlotte Pkwy, Colorado Springs, CO, 80923",Denver,INVH-5798-charlotte-pkwy-80923-7185,4,2.5,2135,2425.0,2026-09-30,22 months,False,,,,,,,,https://www.invitationhomes.com/houses-for-rent/5798-charlotte-pkwy-80923-7185,2026-08-23,2026-09-30,CO,Colorado Springs,,,,,5798-charlotte-pkwy-80923-7185
2026-09-30,INVH,Denver,"6023 Poudre Way, Colorado Springs, CO, 80923",Denver,INVH-6023-poudre-way-80923-87475,3,3.0,1871,2695.0,2026-09-30,20 months,False,,,,,,,,https://www.invitationhomes.com/houses-for-rent/6023-poudre-way-80923-87475,2026-09-30,2026-09-30,CO,Colorado Springs,,,,,6023-poudre-way-80923-87475
2026-09-30,INVH,Denver,"6139 Miramont St, Colorado Springs, CO, 80923",Denver,INVH-6139-miramont-st-80923-6939,3,2.5,1701,2325.0,2026-09-30,22 months,False,,,,,,,,https://www.invitationhomes.com/houses-for-rent/6139-miramont-st-80923-6939,2026-04-20,2026-09-30,CO,Colorado Springs,,,,,6139-miramont-st-80923-6939
2026-09-30,INVH,Denver,"4251 Prairie Agate Dr, Colorado Springs, CO, 80938",Denver,INVH-4251-prairie-agate-dr-80938-90860,3,3.0,1997,2495.0,2026-10-30,22 months,False,,,,,,,,https://www.invitationhomes.com/houses-for-rent/4251-prairie-agate-dr-80938-90860,2026-09-21,2026-09-30,CO,Colorado Springs,,,,,4251-prairie-agate-dr-80938-90860
2026-09-30,INVH,Denver,"5655 Bowerman Ln, Colorado Springs, CO, 80927",Denver,INVH-5655-bowerman-ln-80927-124910,3,3.0,1944,2525.0,2026-09-30,22 months,False,,,,,,,,https://www.invitationhomes.com/houses-for-rent/5655-bowerman-ln-80927-124910,2026-09-03,2026-09-30,CO,Colorado Springs,,,,,5655-bowerman-ln-80927-124910
2026-09-30,INVH,Denver,"9287 Oro City Loop, Colorado Springs, CO, 80927",Denver,INVH-9287-oro-city-loop-80938-124638,4,2.0,1587,2149.0,2026-09-30,22 months,False,,,,,,,,https://www.invitationhomes.com/houses-for-rent/9287-oro-city-loop-80938-124638,2026-05-17,2026-09-30,CO,Colorado Springs,,,,,9287-oro-city-loop-80938-124638
2026-09-30,INVH,Denver,"5873 Uptop Point, Colorado Springs, CO, 80927",Denver,INVH-5873-uptop-point-80927-124828,3,2.5,1448,2325.0,2026-09-30,22 months,False,,,,,,,,https://www.invitationhomes.com/houses-for-rent/5873-uptop-point-80927-124828,2026-08-16,2026-09-30,CO,Colorado Springs,,,,,5873-uptop-point-80927-124828
2026-09-30,INVH,Denver,"5867 Uptop Point, Colorado Springs, CO, 80927",Denver,INVH-5867-uptop-point-80927-124825,3,2.5,1448,2325.0,2026-09-30,22 months,False,,,,,,,,https://www.invitationhomes.com/houses-for-rent/5867-uptop-point-80927-124825,2026-08-10,2026-09-30,CO,Colorado Springs,,,,,5867-uptop-point-80927-124825
2026-09-30,INVH,Denver,"9350 Oro City Loop, Colorado Springs, CO, 80927",Denver,INVH-9350-oro-city-loop-80927-124904,3,2.5,1311,2075.0,2026-09-30,22 months,False,,,,,,,,https://www.invitationhomes.com/houses-for-rent/9350-oro-city-loop-80927-124904,2026-09-03,2026-09-30,CO,Colorado Springs,,,,,9350-oro-city-loop-80927-124904
2026-09-30,INVH,Denver,"9354 Oro City Loop, Colorado Springs, CO, 80927",Denver,INVH-9354-oro-city-loop-80927-124907,4,3.0,1643,2399.0,2026-09-30,22 months,False,,,,,,,,https://www.invitationhomes.com/houses-for-rent/9354-oro-city-loop-80927-124907,2026-09-03,2026-09-30,CO,Colorado Springs,,,,,9354-oro-city-loop-80927-124907
2026-09-30,INVH,Denver,"9358 Oro City Loop, Colorado Springs, CO, 80927",Denver,INVH-9358-oro-city-loop-80927-124906,4,3.0,1643,2399.0,2026-09-30,22 months,False,,,,,,,,https://www.invitationhomes.com/houses-for-rent/9358-oro-city-loop-80927-124906,2026-09-03,2026-09-30,CO,Colorado Springs,,,,,9358-oro-city-loop-80927-124906
2026-09-30,INVH,Denver,"9401 Oro City Loop, Colorado Springs, CO, 80927",Denver,INVH-9401-oro-city-loop-80927-124909,3,2.5,1448,2325.0,2026-09-30,22 months,False,,,,,,,,https://www.invitationhomes.com/houses-for-rent/9401-oro-city-loop-80927-124909,2026-09-03,2026-09-30,CO,Colorado Springs,,,,,9401-oro-city-loop-80927-124909
2026-09-30,INVH,Denver,"9387 Oro City Loop, Colorado Springs, CO, 80927",Denver,INVH-9387-oro-city-loop-80927-124908,4,2.5,1587,2380.0,2026-09-30,22 months,False,,,,,,,,https://www.invitationhomes.com/houses-for-rent/9387-oro-city-loop-80927-124908,2026-09-03,2026-09-30,CO,Colorado Springs,,,,,9387-oro-city-loop-80927-124908
2026-09-30,INVH,Denver,"9374 Oro City Loop, Colorado Springs, CO, 80927",Denver,INVH-9374-oro-city-loop-80927-126133,3,2.5,1311,2125.0,2026-09-30,22 months,False,,,,,,,,https://www.invitationhomes.com/houses-for-rent/9374-oro-city-loop-80927-126133,2026-09-30,2026-09-30,CO,Colorado Springs,,,,,9374-oro-city-loop-80927-126133
2026-09-30,INVH,Denver,"9370 Oro City Loop, Colorado Springs, CO, 80927",Denver,INVH-9370-oro-city-loop-80927-126132,3,2.5,1311,2125.0,2026-09-30,22 months,False,,,,,,,,https://www.invitationhomes.com/houses-for-rent/9370-oro-city-loop-80927-126132,2026-09-30,2026-09-30,CO,Colorado Springs,,,,,9370-oro-city-loop-80927-126132
2026-09-30,INVH,Denver,"13583 Arriba Dr, Elbert, CO, 80106",Denver,INVH-13583-arriba-dr-80106-123909,3,2.5,1879,2340.0,2026-10-26,22 months,False,,,,,,,,https://www.invitationhomes.com/houses-for-rent/13583-arriba-dr-80106-123909,2026-04-04,2026-09-30,CO,Elbert,,,,,13583-arriba-dr-80106-123909
2026-09-30,INVH,Minneapolis,"10322 Kali Ave NE, Albertville, MN, 55301",Minneapolis,INVH-10322-kali-ave-ne-albertville-mn-55301,5,3.5,3220,2920.0,2026-09-30,21 months,False,,,,,,,,https://www.invitationhomes.com/houses-for-rent/10322-kali-ave-ne-albertville-mn-55301,2026-06-14,2026-09-30,MN,Albertville,,,,,10322-kali-ave-ne-albertville-mn-55301
2026-09-30,INVH,Minneapolis,"18923 Tyler St NW, Elk River, MN, 55330",Minneapolis,INVH-18923-tyler-st-nw-elk-river-mn-55330,4,2.5,1582,2630.0,2026-09-30,21 months,False,,,,,,,,https://www.invitationhomes.com/houses-for-rent/18923-tyler-st-nw-elk-river-mn-55330,2026-08-16,2026-09-30,MN,Elk River,,,,,18923-tyler-st-nw-elk-river-mn-55330
2026-09-30,INVH,Minneapolis,"19657 Carson Cir NW, Elk River, MN, 55330",Minneapolis,INVH-19657-carson-cir-nw-55330-5049,3,4.0,2608,2895.0,2026-10-28,21 months,False,,,,,,,,https://www.invitationhomes.com/houses-for-rent/19657-carson-cir-nw-55330-5049,2026-09-21,2026-09-30,MN,Elk River,,,,,19657-carson-cir-nw-55330-5049
2026-09-30,INVH,Minneapolis,"5757 Adair Ave N, Crystal, MN, 55429",Minneapolis,INVH-5757-adair-ave-n-crystal-mn-55429,4,1.0,1716,2245.0,2026-09-30,20 months,False,,,,,,,,https://www.invitationhomes.com/houses-for-rent/5757-adair-ave-n-crystal-mn-55429,2026-07-19,2026-09-30,MN,Crystal,,,,,5757-adair-ave-n-crystal-mn-55429
2026-09-30,INVH,Minneapolis,"5112 70th Ave N, Brooklyn Center, MN, 55429",Minneapolis,INVH-5112-70th-ave-n-brooklyn-center-mn-55429,4,1.75,1948,2665.0,2026-10-30,20 months,False,,,,,,,,https://www.invitationhomes.com/houses-for-rent/5112-70th-ave-n-brooklyn-center-mn-55429,2026-09-21,2026-09-30,MN,Brooklyn Center,,,,,5112-70th-ave-n-brooklyn-center-mn-55429
2026-09-30,INVH,Minneapolis,"14512 112Th Ave N, Dayton, MN, 55369",Minneapolis,INVH-14512-112th-av-n-55327-117105,3,2.5,1804,2545.0,2026-10-15,24 months,False,,,,,,,,https://www.invitationhomes.com/houses-for-rent/14512-112th-av-n-55327-117105,2026-09-03,2026-09-30,MN,Dayton,,,,,14512-112th-av-n-55327-117105
2026-09-30,INVH,Minneapolis,"7539 Brunswick Ave N, Brooklyn Park, MN, 55443",Minneapolis,INVH-7539-brunswick-ave-n-brooklyn-park-mn-55443,4,2.0,2016,2835.0,2026-10-14,21 months,False,,,,,,,,https://www.invitationhomes.com/houses-for-rent/7539-brunswick-ave-n-brooklyn-park-mn-55443,2026-09-03,2026-09-30,MN,Brooklyn Park,,,,,7539-brunswick-ave-n-brooklyn-park-mn-55443
2026-09-30,INVH,Minneapolis,"6004 Garwood Rd N, Brooklyn Park, MN, 55443",Minneapolis,INVH-6004-garwood-rd-n-brooklyn-park-mn-55443,3,2.5,1848,2445.0,2026-09-30,21 months,False,,,,,,,,https://www.invitationhomes.com/houses-for-rent/6004-garwood-rd-n-brooklyn-park-mn-55443,2026-08-02,2026-09-30,MN,Brooklyn Park,,,,,6004-garwood-rd-n-brooklyn-park-mn-55443
2026-09-30,INVH,Minneapolis,"7841 Colorado Ave N, Brooklyn Park, MN, 55443",Minneapolis,INVH-7841-colorado-ave-n-55443-4849,5,3.0,2258,2995.0,2026-10-30,21 months,False,,,,,,,,https://www.invitationhomes.com/houses-for-rent/7841-colorado-ave-n-55443-4849,2026-09-21,2026-09-30,MN,Brooklyn Park,,,,,7841-colorado-ave-n-55443-4849
2026-09-30,INVH,Minneapolis,"3729 Noble Ave N, Robbinsdale, MN, 55422",Minneapolis,INVH-3729-noble-ave-n-robbinsdale-mn-55422,3,2.0,1918,2499.0,2026-09-30,21 months,False,,,,,,,,https://www.invitationhomes.com/houses-for-rent/3729-noble-ave-n-robbinsdale-mn-55422,2026-08-02,2026-09-30,MN,Robbinsdale,,,,,3729-noble-ave-n-robbinsdale-mn-55422
2026-09-30,INVH,Minneapolis,"3940 3rd St NE, Columbia Heights, MN, 55421",Minneapolis,INVH-3940-3rd-st-ne-55421-3984,3,1.5,1614,2280.0,2026-09-30,21 months,False,,,,,,,,https://www.invitationhomes.com/houses-for-rent/3940-3rd-st-ne-55421-3984,2026-08-02,2026-09-30,MN,Columbia Heights,,,,,3940-3rd-st-ne-55421-3984
2026-09-30,INVH,Minneapolis,"600 57th Ave NE, Fridley, MN, 55432",Minneapolis,INVH-600-57th-ave-ne-fridley-mn-55432,4,2.0,1960,2599.0,2026-09-30,21 months,False,,,,,,,,https://www.invitationhomes.com/houses-for-rent/600-57th-ave-ne-fridley-mn-55432,2026-07-19,2026-09-30,MN,Fridley,,,,,600-57th-ave-ne-fridley-mn-55432
2026-09-30,INVH,Minneapolis,"1030 Polk Pl, Columbia Heights, MN, 55421",Minneapolis,INVH-1030-polk-pl-55421-2344,4,2.0,1698,2515.0,2026-10-27,21 months,False,,,,,,,,https://www.invitationhomes.com/houses-for-rent/1030-polk-pl-55421-2344,2026-09-12,2026-09-30,MN,Columbia Heights,,,,,1030-polk-pl-55421-2344
2026-09-30,INVH,Minneapolis,"2909 Pearson Pkwy, Brooklyn Park, MN, 55444",Minneapolis,INVH-2909-pearson-pkwy-brooklyn-park-mn-55444,4,1.75,1877,2749.0,2026-09-30,21 months,False,,,,,,,,https://www.invitationhomes.com/houses-for-rent/2909-pearson-pkwy-brooklyn-park-mn-55444,2026-09-03,2026-09-30,MN,Brooklyn Park,,,,,2909-pearson-pkwy-brooklyn-park-mn-55444
2026-09-30,INVH,Minneapolis,"3639 103rd Trl N, Brooklyn Park, MN, 55443",Minneapolis,INVH-3639-103rd-trl-n-brooklyn-park-mn-55443,5,3.5,3549,3625.0,2026-09-30,21 months,False,,,,,,,,https://www.invitationhomes.com/houses-for-rent/3639-103rd-trl-n-brooklyn-park-mn-55443,2026-08-02,2026-09-30,MN,Brooklyn Park,,,,,3639-103rd-trl-n-brooklyn-park-mn-55443
2026-09-30,INVH,Minneapolis,"10926 Zest St NE #G, Blaine, MN, 55449",Minneapolis,INVH-10926-zest-st-suite-g-55449-116934,3,2.5,1769,2599.0,2026-09-30,24 months,False,,,,,,,,https://www.invitationhomes.com/houses-for-rent/10926-zest-st-suite-g-55449-116934,2026-06-09,2026-09-30,MN,Blaine,,,,,10926-zest-st-suite-g-55449-116934
2026-09-30,INVH,Minneapolis,"14120 Rosewood Ln N, Dayton, MN, 55327",Minneapolis,INVH-14120-rosewood-ln-n-dayton-mn-55327,4,2.0,2208,2999.0,2026-09-30,21 months,False,,,,,,,,https://www.invitationhomes.com/houses-for-rent/14120-rosewood-ln-n-dayton-mn-55327,2026-08-23,2026-09-30,MN,Dayton,,,,,14120-rosewood-ln-n-dayton-mn-55327
2026-09-30,INVH,Minneapolis,"937 Blackoaks Ln, Anoka, MN, 55303",Minneapolis,INVH-937-blackoaks-ln-55303-4520,4,2.0,1132,1999.0,2026-11-02,21 months,False,,,,,,,,https://www.invitationhomes.com/houses-for-rent/937-blackoaks-ln-55303-4520,2026-09-21,2026-09-30,MN,Anoka,,,,,937-blackoaks-ln-55303-4520
2026-09-30,INVH,Minneapolis,"11418 Wren St NW, Coon Rapids, MN, 55433",Minneapolis,INVH-11418-wren-st-nw-minneapolis-mn-55433,3,1.0,1310,2135.0,2026-09-30,21 months,False,,,,,,,,https://www.invitationhomes.com/houses-for-rent/11418-wren-st-nw-minneapolis-mn-55433,2026-09-06,2026-09-30,MN,Coon Rapids,,,,,11418-wren-st-nw-minneapolis-mn-55433
2026-09-30,INVH,Minneapolis,"12048 Unity St NW, Coon Rapids, MN, 55448",Minneapolis,INVH-12048-unity-st-nw-coon-rapids-mn-55448,4,2.0,1830,2690.0,2026-10-15,21 months,False,,,,,,,,https://www.invitationhomes.com/houses-for-rent/12048-unity-st-nw-coon-rapids-mn-55448,2026-09-03,2026-09-30,MN,Coon Rapids,,,,,12048-unity-st-nw-coon-rapids-mn-55448
2026-09-30,INVH,Minneapolis,"13162 Johnson St NE, Blaine, MN, 55434",Minneapolis,INVH-13162-johnson-st-ne-blaine-mn-55434,4,2.0,1944,2580.0,2026-09-30,21 months,False,,,,,,,,https://www.invitationhomes.com/houses-for-rent/13162-johnson-st-ne-blaine-mn-55434,2026-08-02,2026-09-30,MN,Blaine,,,,,13162-johnson-st-ne-blaine-mn-55434
2026-09-30,INVH,Minneapolis,"578 Witt Ct, Vadnais Heights, MN, 55127",Minneapolis,INVH-578-witt-ct-vadnais-heights-mn-55127,3,1.75,1692,2530.0,2026-09-30,21 months,False,,,,,,,,https://www.invitationhomes.com/houses-for-rent/578-witt-ct-vadnais-heights-mn-55127,2026-08-10,2026-09-30,MN,Vadnais Heights,,,,,578-witt-ct-vadnais-heights-mn-55127
2026-09-30,INVH,Minneapolis,"546 Carol Dr, Vadnais Heights, MN, 55127",Minneapolis,INVH-546-carol-dr-saint-paul-mn-55127,4,2.75,2220,3295.0,2026-10-16,21 months,False,,,,,,,,https://www.invitationhomes.com/houses-for-rent/546-carol-dr-saint-paul-mn-55127,2026-09-30,2026-09-30,MN,Vadnais Heights,,,,,546-carol-dr-saint-paul-mn-55127
2026-09-30,INVH,Minneapolis,"5565 Knoll Dr, Shoreview, MN, 55126",Minneapolis,INVH-5565-knoll-dr-saint-paul-mn-55126,3,1.75,2110,2575.0,2026-09-30,21 months,False,,,,,,,,https://www.invitationhomes.com/houses-for-rent/5565-knoll-dr-saint-paul-mn-55126,2026-08-02,2026-09-30,MN,Shoreview,,,,,5565-knoll-dr-saint-paul-mn-55126
2026-09-30,INVH,Minneapolis,"1610 9th St, White Bear Lake, MN, 55110",Minneapolis,INVH-1610-9th-st-saint-paul-mn-55110,3,1.0,1480,2410.0,2026-09-30,21 months,False,,,,,,,,https://www.invitationhomes.com/houses-for-rent/1610-9th-st-saint-paul-mn-55110,2026-08-10,2026-09-30,MN,White Bear Lake,,,,,1610-9th-st-saint-paul-mn-55110
2026-09-30,INVH,Minneapolis,"21204 N Morgan Dr, Forest Lake, MN, 55025",Minneapolis,INVH-21204-n-morgan-dr-forest-lake-mn-55025,2,2.0,1374,1995.0,2026-11-06,21 months,False,,,,,,,,https://www.invitationhomes.com/houses-for-rent/21204-n-morgan-dr-forest-lake-mn-55025,2026-09-30,2026-09-30,MN,Forest Lake,,,,,21204-n-morgan-dr-forest-lake-mn-55025
2026-09-30,INVH,Minneapolis,"112315 Baxter Ct, Chaska, MN, 55318",Minneapolis,INVH-112315-baxter-ct-chaska-mn-55318,3,1.75,2050,2999.0,2026-09-30,21 months,False,,,,,,,,https://www.invitationhomes.com/houses-for-rent/112315-baxter-ct-chaska-mn-55318,2026-09-21,2026-09-30,MN,Chaska,,,,,112315-baxter-ct-chaska-mn-55318
2026-09-30,INVH,Minneapolis,"1660 6th Ave W, Shakopee, MN, 55379",Minneapolis,INVH-1660-6th-ave-w-55379-1812,3,1.0,1777,2445.0,2026-10-15,21 months,False,,,,,,,,https://www.invitationhomes.com/houses-for-rent/1660-6th-ave-w-55379-1812,2026-09-03,2026-09-30,MN,Shakopee,,,,,1660-6th-ave-w-55379-1812
2026-09-30,INVH,Minneapolis,"1311 Creekside Dr, Waconia, MN, 55387",Minneapolis,INVH-1311-creekside-dr-waconia-mn-55387,5,3.25,2544,2565.0,2026-09-30,21 months,False,,,,,,,,https://www.invitationhomes.com/houses-for-rent/1311-creekside-dr-waconia-mn-55387,2026-08-02,2026-09-30,MN,Waconia,,,,,1311-creekside-dr-waconia-mn-55387
2026-09-30,INVH,Minneapolis,"9322 Gander Ln, Minnetrista, MN, 55375",Minneapolis,INVH-9322-gander-ln-minnetrista-mn-55375,4,3.5,2132,3195.0,2026-11-13,21 months,False,,,,,,,,https://www.invitationhomes.com/houses-for-rent/9322-gander-ln-minnetrista-mn-55375,2026-09-30,2026-09-30,MN,Minnetrista,,,,,9322-gander-ln-minnetrista-mn-55375
2026-09-30,INVH,Minneapolis,"284 DuPont St, Long Lake, MN, 55356",Minneapolis,INVH-284-dupont-st-55356-7504,3,2.5,2006,3095.0,2026-10-30,21 months,False,,,,,,,,https://www.invitationhomes.com/houses-for-rent/284-dupont-st-55356-7504,2026-09-21,2026-09-30,MN,Long Lake,,,,,284-dupont-st-55356-7504
2026-09-30,INVH,Minneapolis,"1933 Mathias Rd, Shakopee, MN, 55379",Minneapolis,INVH-1933-mathias-rd-shakopee-mn-55379,4,3.5,3418,3295.0,2026-11-11,21 months,False,,,,,,,,https://www.invitationhomes.com/houses-for-rent/1933-mathias-rd-shakopee-mn-55379,2026-09-30,2026-09-30,MN,Shakopee,,,,,1933-mathias-rd-shakopee-mn-55379
2026-09-30,INVH,Minneapolis,"14034 Alabama Ave S, Savage, MN, 55378",Minneapolis,INVH-14034-alabama-ave-s-savage-mn-55378,2,2.0,1338,1949.0,2026-09-30,21 months,False,,,,,,,,https://www.invitationhomes.com/houses-for-rent/14034-alabama-ave-s-savage-mn-55378,2026-09-03,2026-09-30,MN,Savage,,,,,14034-alabama-ave-s-savage-mn-55378
2026-09-30,INVH,Minneapolis,"13215 Alabama Ave S, Savage, MN, 55378",Minneapolis,INVH-13215-alabama-ave-s-savage-mn-55378,4,2.75,2224,2675.0,2026-09-30,21 months,False,,,,,,,,https://www.invitationhomes.com/houses-for-rent/13215-alabama-ave-s-savage-mn-55378,2026-08-02,2026-09-30,MN,Savage,,,,,13215-alabama-ave-s-savage-mn-55378
2026-09-30,INVH,Minneapolis,"10706 Yosemite Rd, Bloomington, MN, 55437",Minneapolis,INVH-10706-yosemite-rd-bloomington-mn-55437,4,2.0,1972,2595.0,2026-09-30,21 months,False,,,,,,,,https://www.invitationhomes.com/houses-for-rent/10706-yosemite-rd-bloomington-mn-55437,2026-07-19,2026-09-30,MN,Bloomington,,,,,10706-yosemite-rd-bloomington-mn-55437
2026-09-30,INVH,Minneapolis,"2416 Crestmount Ln, Burnsville, MN, 55306",Minneapolis,INVH-2416-crestmount-ln-burnsville-mn-55306,5,2.75,2252,2940.0,2026-10-16,21 months,False,,,,,,,,https://www.invitationhomes.com/houses-for-rent/2416-crestmount-ln-burnsville-mn-55306,2026-09-12,2026-09-30,MN,Burnsville,,,,,2416-crestmount-ln-burnsville-mn-55306
2026-09-30,INVH,Minneapolis,"13209 Humboldt Ave S, Burnsville, MN, 55337",Minneapolis,INVH-13209-humboldt-ave-s-55337-4998,4,3.0,2083,2849.0,2026-11-04,20 months,False,,,,,,,,https://www.invitationhomes.com/houses-for-rent/13209-humboldt-ave-s-55337-4998,2026-09-09,2026-09-30,MN,Burnsville,,,,,13209-humboldt-ave-s-55337-4998
2026-09-30,INVH,Minneapolis,"400 Cimarron Rd, Apple Valley, MN, 55124",Minneapolis,INVH-400-cimarron-rd-apple-valley-mn-55124,4,3.5,2297,3149.0,2026-09-30,21 months,False,,,,,,,,https://www.invitationhomes.com/houses-for-rent/400-cimarron-rd-apple-valley-mn-55124,2026-08-23,2026-09-30,MN,Apple Valley,,,,,400-cimarron-rd-apple-valley-mn-55124
2026-09-30,INVH,Minneapolis,"4230 Diamond Dr, Eagan, MN, 55122",Minneapolis,INVH-4230-diamond-dr-eagan-mn-55122,2,1.75,1770,2495.0,2026-09-30,21 months,False,,,,,,,,https://www.invitationhomes.com/houses-for-rent/4230-diamond-dr-eagan-mn-55122,2026-08-16,2026-09-30,MN,Eagan,,,,,4230-diamond-dr-eagan-mn-55122
2026-09-30,INVH,Minneapolis,"302 Zinnia Ln N, Plymouth, MN, 55441",Minneapolis,INVH-302-zinnia-ln-n-55441-4535,2,2.0,2461,2595.0,2026-09-30,21 months,False,,,,,,,,https://www.invitationhomes.com/houses-for-rent/302-zinnia-ln-n-55441-4535,2026-09-03,2026-09-30,MN,Plymouth,,,,,302-zinnia-ln-n-55441-4535
2026-09-30,INVH,Minneapolis,"3532 Utah Ave S, Saint Louis Park, MN, 55426",Minneapolis,INVH-3532-utah-ave-s-saint-louis-park-mn-55426,3,1.0,1255,2145.0,2026-09-30,21 months,False,,,,,,,,https://www.invitationhomes.com/houses-for-rent/3532-utah-ave-s-saint-louis-park-mn-55426,2026-05-17,2026-09-30,MN,Saint Louis Park,,,,,3532-utah-ave-s-saint-louis-park-mn-55426
2026-09-30,INVH,Minneapolis,"8221 Bloomington Ave, Bloomington, MN, 55425",Minneapolis,INVH-8221-bloomington-ave-minneapolis-mn-55425,3,1.0,1550,2385.0,2026-09-30,21 months,False,,,,,,,,https://www.invitationhomes.com/houses-for-rent/8221-bloomington-ave-minneapolis-mn-55425,2026-04-04,2026-09-30,MN,Bloomington,,,,,8221-bloomington-ave-minneapolis-mn-55425
2026-09-30,INVH,Minneapolis,"7520 4th Ave S, Richfield, MN, 55423",Minneapolis,INVH-7520-4th-ave-s-richfield-mn-55423,3,1.0,1809,2285.0,2026-09-30,21 months,False,,,,,,,,https://www.invitationhomes.com/houses-for-rent/7520-4th-ave-s-richfield-mn-55423,2026-07-19,2026-09-30,MN,Richfield,,,,,7520-4th-ave-s-richfield-mn-55423
2026-09-30,INVH,Minneapolis,"3615 Chicago Ave, Minneapolis, MN, 55407",Minneapolis,INVH-3615-chicago-ave-minneapolis-mn-55407,5,3.0,2383,3095.0,2026-11-12,21 months,False,,,,,,,,https://www.invitationhomes.com/houses-for-rent/3615-chicago-ave-minneapolis-mn-55407,2026-09-30,2026-09-30,MN,Minneapolis,,,,,3615-chicago-ave-minneapolis-mn-55407
2026-09-30,INVH,Minneapolis,"13470 Dellwood Way, Rosemount, MN, 55068",Minneapolis,INVH-13470-dellwood-way-rosemount-mn-55068,4,3.0,2814,3215.0,2026-09-30,21 months,False,,,,,,,,https://www.invitationhomes.com/houses-for-rent/13470-dellwood-way-rosemount-mn-55068,2026-08-16,2026-09-30,MN,Rosemount,,,,,13470-dellwood-way-rosemount-mn-55068
2026-09-30,INVH,Minneapolis,"14320 Arctic Cir, Rosemount, MN, 55068",Minneapolis,INVH-14320-arctic-cir-55068-116735,3,2.5,1772,2435.0,2026-10-14,24 months,False,,,,,,,,https://www.invitationhomes.com/houses-for-rent/14320-arctic-cir-55068-116735,2026-09-06,2026-09-30,MN,Rosemount,,,,,14320-arctic-cir-55068-116735
2026-09-30,INVH,Minneapolis,"14169 Aberdeen Wy, Rosemount, MN, 55068",Minneapolis,INVH-14169-aberdeen-wy-55068-116883,3,2.5,1719,2399.0,2026-09-30,24 months,False,,,,,,,,https://www.invitationhomes.com/houses-for-rent/14169-aberdeen-wy-55068-116883,2026-08-16,2026-09-30,MN,Rosemount,,,,,14169-aberdeen-wy-55068-116883
2026-09-30,INVH,Minneapolis,"1260 Dunberry Ln, Eagan, MN, 55123",Minneapolis,INVH-1260-dunberry-ln-55123-4792,3,2.5,2017,2845.0,2026-11-11,21 months,False,,,,,,,,https://www.invitationhomes.com/houses-for-rent/1260-dunberry-ln-55123-4792,2026-09-30,2026-09-30,MN,Eagan,,,,,1260-dunberry-ln-55123-4792
2026-09-30,INVH,Minneapolis,"1330 Dayton Ave, Saint Paul, MN, 55104",Minneapolis,INVH-1330-dayton-ave-55104-7157,4,2.0,2128,2860.0,2026-09-30,21 months,False,,,,,,,,https://www.invitationhomes.com/houses-for-rent/1330-dayton-ave-55104-7157,2026-09-03,2026-09-30,MN,Saint Paul,,,,,1330-dayton-ave-55104-7157
2026-09-30,INVH,Minneapolis,"823 Stryker Ave, Saint Paul, MN, 55107",Minneapolis,INVH-823-stryker-ave-saint-paul-mn-55107,4,1.5,1832,2440.0,2026-11-02,21 months,False,,,,,,,,https://www.invitationhomes.com/houses-for-rent/823-stryker-ave-saint-paul-mn-55107,2026-09-21,2026-09-30,MN,Saint Paul,,,,,823-stryker-ave-saint-paul-mn-55107
2026-09-30,INVH,Minneapolis,"1375 Lafond Ave, Saint Paul, MN, 55104",Minneapolis,INVH-1375-lafond-ave-55104-1994,4,1.0,1734,2195.0,2026-10-22,21 months,False,,,,,,,,https://www.invitationhomes.com/houses-for-rent/1375-lafond-ave-55104-1994,2026-09-21,2026-09-30,MN,Saint Paul,,,,,1375-lafond-ave-55104-1994
2026-09-30,INVH,Minneapolis,"8285 Hyde Ct S, Cottage Grove, MN, 55016",Minneapolis,INVH-8285-hyde-ct-s-cottage-grove-mn-55016,4,3.0,1498,2495.0,2026-09-30,21 months,False,,,,,,,,https://www.invitationhomes.com/houses-for-rent/8285-hyde-ct-s-cottage-grove-mn-55016,2026-06-09,2026-09-30,MN,Cottage Grove,,,,,8285-hyde-ct-s-cottage-grove-mn-55016
2026-09-30,INVH,Minneapolis,"4770 Equine Trl, Woodbury, MN, 55129",Minneapolis,INVH-4770-equine-trl-55129-116863,3,2.5,1769,2399.0,2026-09-30,24 months,False,,,,,,,,https://www.invitationhomes.com/houses-for-rent/4770-equine-trl-55129-116863,2026-06-09,2026-09-30,MN,Woodbury,,,,,4770-equine-trl-55129-116863
2026-09-30,INVH,Minneapolis,"1716 Lamplight Dr, Woodbury, MN, 55125",Minneapolis,INVH-1716-lamplight-dr-55125-8067,3,2.0,2136,2645.0,2026-09-30,21 months,False,,,,,,,,https://www.invitationhomes.com/houses-for-rent/1716-lamplight-dr-55125-8067,2026-06-14,2026-09-30,MN,Woodbury,,,,,1716-lamplight-dr-55125-8067
2026-09-30,INVH,Minneapolis,"2443 Granada Ave N, Oakdale, MN, 55128",Minneapolis,INVH-2443-granada-ave-n-oakdale-mn-55128,4,2.75,2582,3290.0,2026-09-30,21 months,False,,,,,,,,https://www.invitationhomes.com/houses-for-rent/2443-granada-ave-n-oakdale-mn-55128,2026-08-16,2026-09-30,MN,Oakdale,,,,,2443-granada-ave-n-oakdale-mn-55128
2026-09-30,INVH,Chicago,"22830 Lakeshore Dr, Richton Park, IL, 60471",Chicago,INVH-22830-lakeshore-dr-60471-2232,4,2.5,2310,3480.0,2026-09-30,12 months,False,,,,,,,,https://www.invitationhomes.com/houses-for-rent/22830-lakeshore-dr-60471-2232,2026-07-19,2026-09-30,IL,Richton Park,,,,,22830-lakeshore-dr-60471-2232
2026-09-30,INVH,Chicago,"2409 Twin Fountain Ct, Plainfield, IL, 60586",Chicago,INVH-2409-twin-fountain-ct-60586-4339,3,2.5,1580,2715.0,2026-10-20,12 months,False,,,,,,,,https://www.invitationhomes.com/houses-for-rent/2409-twin-fountain-ct-60586-4339,2026-09-06,2026-09-30,IL,Plainfield,,,,,2409-twin-fountain-ct-60586-4339
2026-09-30,INVH,Chicago,"1229 Jericho Rd, Aurora, IL, 60506",Chicago,INVH-1229-jericho-rd-60506-3632,3,2.0,1200,2260.0,2026-09-30,12 months,False,,,,,,,,https://www.invitationhomes.com/houses-for-rent/1229-jericho-rd-60506-3632,2026-08-10,2026-09-30,IL,Aurora,,,,,1229-jericho-rd-60506-3632
2026-09-30,INVH,Chicago,"986 Celebration Dr, Aurora, IL, 60504",Chicago,INVH-986-celebration-dr-60504-7068,3,2.5,1300,2449.0,2026-10-21,12 months,False,,,,,,,,https://www.invitationhomes.com/houses-for-rent/986-celebration-dr-60504-7068,2026-09-06,2026-09-30,IL,Aurora,,,,,986-celebration-dr-60504-7068
2026-09-30,INVH,Chicago,"1743 Walnut Park Ln, Aurora, IL, 60504",Chicago,INVH-1743-walnut-park-ln-60504-4745,3,2.5,1497,2649.0,2026-09-30,12 months,False,,,,,,,,https://www.invitationhomes.com/houses-for-rent/1743-walnut-park-ln-60504-4745,2026-08-02,2026-09-30,IL,Aurora,,,,,1743-walnut-park-ln-60504-4745
2026-09-30,INVH,Chicago,"1747 Walnut Park Ln, Aurora, IL, 60504",Chicago,INVH-1747-walnut-park-ln-60504-3287,3,2.5,1747,2775.0,2026-10-15,12 months,False,,,,,,,,https://www.invitationhomes.com/houses-for-rent/1747-walnut-park-ln-60504-3287,2026-09-03,2026-09-30,IL,Aurora,,,,,1747-walnut-park-ln-60504-3287
2026-09-30,INVH,Chicago,"778 N Elmwood Dr, Aurora, IL, 60506",Chicago,INVH-778-n-elmwood-dr-60506-9563,4,2.0,1650,2799.0,2026-09-30,12 months,False,,,,,,,,https://www.invitationhomes.com/houses-for-rent/778-n-elmwood-dr-60506-9563,2026-08-02,2026-09-30,IL,Aurora,,,,,778-n-elmwood-dr-60506-9563
2026-09-30,INVH,Chicago,"833 N Elmwood Dr, Aurora, IL, 60506",Chicago,INVH-833-n-elmwood-dr-aurora-il-60506,4,2.0,1788,2780.0,2026-09-30,12 months,False,,,,,,,,https://www.invitationhomes.com/houses-for-rent/833-n-elmwood-dr-aurora-il-60506,2026-07-19,2026-09-30,IL,Aurora,,,,,833-n-elmwood-dr-aurora-il-60506
2026-09-30,INVH,Chicago,"606 Cherrywood Dr, North Aurora, IL, 60542",Chicago,INVH-606-cherrywood-dr-60542-8957,3,2.0,1000,2435.0,2026-10-26,12 months,False,,,,,,,,https://www.invitationhomes.com/houses-for-rent/606-cherrywood-dr-60542-8957,2026-09-12,2026-09-30,IL,North Aurora,,,,,606-cherrywood-dr-60542-8957
2026-09-30,INVH,Chicago,"783 E Galena Blvd, Aurora, IL, 60505",Chicago,INVH-783-e-galena-blvd-aurora-il-60505,4,1.5,1580,2695.0,2026-09-30,12 months,False,,,,,,,,https://www.invitationhomes.com/houses-for-rent/783-e-galena-blvd-aurora-il-60505,2026-07-19,2026-09-30,IL,Aurora,,,,,783-e-galena-blvd-aurora-il-60505
2026-09-30,INVH,Chicago,"5907 Alpine Way, Plainfield, IL, 60586",Chicago,INVH-5907-alpine-way-60586-5488,4,2.5,2359,3565.0,2026-09-30,12 months,False,,,,,,,,https://www.invitationhomes.com/houses-for-rent/5907-alpine-way-60586-5488,2026-09-03,2026-09-30,IL,Plainfield,,,,,5907-alpine-way-60586-5488
2026-09-30,INVH,Chicago,"16323 Zausa Dr, Crest Hill, IL, 60403",Chicago,INVH-16323-zausa-dr-60403-2728,4,2.5,2088,2985.0,2026-10-10,12 months,False,,,,,,,,https://www.invitationhomes.com/houses-for-rent/16323-zausa-dr-60403-2728,2026-09-03,2026-09-30,IL,Crest Hill,,,,,16323-zausa-dr-60403-2728
2026-09-30,INVH,Chicago,"327 Hemlock Ave, Romeoville, IL, 60446",Chicago,INVH-327-hemlock-ave-60446-9859,3,1.5,1575,2799.0,2026-09-30,12 months,False,,,,,,,,https://www.invitationhomes.com/houses-for-rent/327-hemlock-ave-60446-9859,2026-08-10,2026-09-30,IL,Romeoville,,,,,327-hemlock-ave-60446-9859
2026-09-30,INVH,Chicago,"1341 Fairmount Ave, Joliet, IL, 60432",Chicago,INVH-1341-fairmount-ave-joliet-il-60432,3,2.0,1388,2549.0,2026-09-30,12 months,False,,,,,,,,https://www.invitationhomes.com/houses-for-rent/1341-fairmount-ave-joliet-il-60432,2026-04-04,2026-09-30,IL,Joliet,,,,,1341-fairmount-ave-joliet-il-60432
2026-09-30,INVH,Chicago,"134 Brookwood Ln E, Bolingbrook, IL, 60440",Chicago,INVH-134-brookwood-ln-e-bolingbrook-il-60440,4,2.5,2100,3199.0,2026-10-09,12 months,False,,,,,,,,https://www.invitationhomes.com/houses-for-rent/134-brookwood-ln-e-bolingbrook-il-60440,2026-09-30,2026-09-30,IL,Bolingbrook,,,,,134-brookwood-ln-e-bolingbrook-il-60440
2026-09-30,INVH,Chicago,"200 Valley Dr, Bolingbrook, IL, 60440",Chicago,INVH-200-valley-dr-60440-4268,3,1.0,1209,2310.0,2026-09-30,12 months,False,,,,,,,,https://www.invitationhomes.com/houses-for-rent/200-valley-dr-60440-4268,2026-06-14,2026-09-30,IL,Bolingbrook,,,,,200-valley-dr-60440-4268
2026-09-30,INVH,Chicago,"137 Mayfield Dr, Bolingbrook, IL, 60440",Chicago,INVH-137-mayfield-dr-60440-6776,3,1.5,1700,2849.0,2026-09-30,12 months,False,,,,,,,,https://www.invitationhomes.com/houses-for-rent/137-mayfield-dr-60440-6776,2026-05-17,2026-09-30,IL,Bolingbrook,,,,,137-mayfield-dr-60440-6776
2026-09-30,INVH,Chicago,"113 Davis Ct, Bolingbrook, IL, 60440",Chicago,INVH-113-davis-ct-60440-6076,4,2.0,1400,2745.0,2026-11-02,12 months,False,,,,,,,,https://www.invitationhomes.com/houses-for-rent/113-davis-ct-60440-6076,2026-09-21,2026-09-30,IL,Bolingbrook,,,,,113-davis-ct-60440-6076
2026-09-30,INVH,Chicago,"2s526 Cynthia Dr, Warrenville, IL, 60555",Chicago,INVH-2s526-cynthia-dr-60555-8719,3,1.5,1342,2395.0,2026-09-30,12 months,False,,,,,,,,https://www.invitationhomes.com/houses-for-rent/2s526-cynthia-dr-60555-8719,2026-09-21,2026-09-30,IL,Warrenville,,,,,2s526-cynthia-dr-60555-8719
2026-09-30,INVH,Chicago,"349 Huntington Way, Bolingbrook, IL, 60440",Chicago,INVH-349-huntington-way-60440-8456,5,3.0,2964,3915.0,2026-09-30,12 months,False,,,,,,,,https://www.invitationhomes.com/houses-for-rent/349-huntington-way-60440-8456,2026-08-02,2026-09-30,IL,Bolingbrook,,,,,349-huntington-way-60440-8456
2026-09-30,INVH,Chicago,"6791 Red Wing Dr, Woodridge, IL, 60517",Chicago,INVH-6791-red-wing-dr-woodridge-il-60517,3,2.0,1719,3165.0,2026-09-30,12 months,False,,,,,,,,https://www.invitationhomes.com/houses-for-rent/6791-red-wing-dr-woodridge-il-60517,2026-07-19,2026-09-30,IL,Woodridge,,,,,6791-red-wing-dr-woodridge-il-60517
2026-09-30,INVH,Chicago,"4019 N Washington St, Westmont, IL, 60559",Chicago,INVH-4019-n-washington-st-60559-9777,3,1.0,1400,3440.0,2026-10-25,12 months,False,,,,,,,,https://www.invitationhomes.com/houses-for-rent/4019-n-washington-st-60559-9777,2026-09-12,2026-09-30,IL,Westmont,,,,,4019-n-washington-st-60559-9777
2026-09-30,INVH,Chicago,"1563 S Tyler Rd, Saint Charles, IL, 60174",Chicago,INVH-1563-s-tyler-rd-60174-3974,3,2.5,1700,3080.0,2026-09-30,12 months,False,,,,,,,,https://www.invitationhomes.com/houses-for-rent/1563-s-tyler-rd-60174-3974,2026-09-12,2026-09-30,IL,Saint Charles,,,,,1563-s-tyler-rd-60174-3974
2026-09-30,INVH,Chicago,"645 Dover Dr, Elgin, IL, 60120",Chicago,INVH-645-dover-dr-60120-1800,3,2.5,1760,2880.0,2026-09-30,12 months,False,,,,,,,,https://www.invitationhomes.com/houses-for-rent/645-dover-dr-60120-1800,2026-08-23,2026-09-30,IL,Elgin,,,,,645-dover-dr-60120-1800
2026-09-30,INVH,Chicago,"1271 Dakota Dr, Elgin, IL, 60120",Chicago,INVH-1271-dakota-dr-60120-7087,3,1.5,1017,2145.0,2026-11-05,12 months,False,,,,,,,,https://www.invitationhomes.com/houses-for-rent/1271-dakota-dr-60120-7087,2026-09-30,2026-09-30,IL,Elgin,,,,,1271-dakota-dr-60120-7087
2026-09-30,INVH,Chicago,"10880 Grand Canyon Ave, Huntley, IL, 60142",Chicago,INVH-10880-grand-canyon-ave-60142-6480,4,2.5,2577,3390.0,2026-09-30,12 months,False,,,,,,,,https://www.invitationhomes.com/houses-for-rent/10880-grand-canyon-ave-60142-6480,2026-07-19,2026-09-30,IL,Huntley,,,,,10880-grand-canyon-ave-60142-6480
2026-09-30,INVH,Chicago,"26W257 Harrison Ave, Winfield, IL, 60190",Chicago,INVH-26w257-harrison-ave-winfield-il-60190,3,2.0,1202,2665.0,2026-09-30,12 months,False,,,,,,,,https://www.invitationhomes.com/houses-for-rent/26w257-harrison-ave-winfield-il-60190,2026-09-06,2026-09-30,IL,Winfield,,,,,26w257-harrison-ave-winfield-il-60190
2026-09-30,INVH,Chicago,"1369 Westchester Dr, Glendale Heights, IL, 60139",Chicago,INVH-1369-westchester-dr-glendale-heights-il-60139,3,2.0,1336,2825.0,2026-09-30,12 months,False,,,,,,,,https://www.invitationhomes.com/houses-for-rent/1369-westchester-dr-glendale-heights-il-60139,2026-08-23,2026-09-30,IL,Glendale Heights,,,,,1369-westchester-dr-glendale-heights-il-60139
2026-09-30,INVH,Chicago,"1125 Hyannis Cir, Carol Stream, IL, 60188",Chicago,INVH-1125-hyannis-cir-60188-3499,4,2.5,2072,3675.0,2026-10-27,12 months,False,,,,,,,,https://www.invitationhomes.com/houses-for-rent/1125-hyannis-cir-60188-3499,2026-09-30,2026-09-30,IL,Carol Stream,,,,,1125-hyannis-cir-60188-3499
2026-09-30,INVH,Chicago,"30 Rodenburg Rd, Roselle, IL, 60172",Chicago,INVH-30-rodenburg-rd-roselle-il-60172,3,2.5,2283,3399.0,2026-09-30,12 months,False,,,,,,,,https://www.invitationhomes.com/houses-for-rent/30-rodenburg-rd-roselle-il-60172,2026-08-02,2026-09-30,IL,Roselle,,,,,30-rodenburg-rd-roselle-il-60172
2026-09-30,INVH,Chicago,"1571 Birch Ave, Hanover Park, IL, 60133",Chicago,INVH-1571-birch-ave-60133-3451,3,2.0,1490,2775.0,2026-09-30,12 months,False,,,,,,,,https://www.invitationhomes.com/houses-for-rent/1571-birch-ave-60133-3451,2026-08-02,2026-09-30,IL,Hanover Park,,,,,1571-birch-ave-60133-3451
2026-09-30,INVH,Chicago,"602 Banbury Ct, Roselle, IL, 60172",Chicago,INVH-602-banbury-ct-roselle-il-60172,3,1.0,1612,2730.0,2026-09-30,12 months,False,,,,,,,,https://www.invitationhomes.com/houses-for-rent/602-banbury-ct-roselle-il-60172,2026-09-03,2026-09-30,IL,Roselle,,,,,602-banbury-ct-roselle-il-60172
2026-09-30,INVH,Chicago,"717 S Michigan Ave, Villa Park, IL, 60181",Chicago,INVH-717-s-michigan-ave-villa-park-il-60181,4,2.0,1417,3399.0,2026-10-27,12 months,False,,,,,,,,https://www.invitationhomes.com/houses-for-rent/717-s-michigan-ave-villa-park-il-60181,2026-09-21,2026-09-30,IL,Villa Park,,,,,717-s-michigan-ave-villa-park-il-60181
2026-09-30,INVH,Chicago,"1381 Alberta Ct, Glendale Heights, IL, 60139",Chicago,INVH-1381-alberta-ct-60139-5181,3,2.0,1630,3110.0,2026-09-30,12 months,False,,,,,,,,https://www.invitationhomes.com/houses-for-rent/1381-alberta-ct-60139-5181,2026-08-02,2026-09-30,IL,Glendale Heights,,,,,1381-alberta-ct-60139-5181
2026-09-30,INVH,Chicago,"180 S Oakland Grv, Elmhurst, IL, 60126",Chicago,INVH-180-s-oakland-grv-60126-3144,3,1.0,1068,2795.0,2026-09-30,12 months,False,,,,,,,,https://www.invitationhomes.com/houses-for-rent/180-s-oakland-grv-60126-3144,2026-07-19,2026-09-30,IL,Elmhurst,,,,,180-s-oakland-grv-60126-3144
2026-09-30,INVH,Chicago,"29 Magnolia Dr, Streamwood, IL, 60107",Chicago,INVH-29-magnolia-dr-streamwood-il-60107,3,2.5,1953,2995.0,2026-10-02,12 months,False,,,,,,,,https://www.invitationhomes.com/houses-for-rent/29-magnolia-dr-streamwood-il-60107,2026-08-16,2026-09-30,IL,Streamwood,,,,,29-magnolia-dr-streamwood-il-60107
2026-09-30,INVH,Chicago,"470 Westview St, Hoffman Estates, IL, 60169",Chicago,INVH-470-westview-st-hoffman-estates-il-60169,6,4.0,2715,3980.0,2026-09-30,12 months,False,,,,,,,,https://www.invitationhomes.com/houses-for-rent/470-westview-st-hoffman-estates-il-60169,2026-08-02,2026-09-30,IL,Hoffman Estates,,,,,470-westview-st-hoffman-estates-il-60169
2026-09-30,INVH,Chicago,"680 Mohave St, Hoffman Estates, IL, 60169",Chicago,INVH-680-mohave-st-hoffman-estates-il-60169,3,2.0,1465,3160.0,2026-10-15,12 months,False,,,,,,,,https://www.invitationhomes.com/houses-for-rent/680-mohave-st-hoffman-estates-il-60169,2026-09-03,2026-09-30,IL,Hoffman Estates,,,,,680-mohave-st-hoffman-estates-il-60169
2026-09-30,INVH,Chicago,"325 Glendale Ln, Hoffman Estates, IL, 60169",Chicago,INVH-325-glendale-ln-hoffman-estates-il-60169,3,2.0,1465,2830.0,2026-09-30,12 months,False,,,,,,,,https://www.invitationhomes.com/houses-for-rent/325-glendale-ln-hoffman-estates-il-60169,2026-08-02,2026-09-30,IL,Hoffman Estates,,,,,325-glendale-ln-hoffman-estates-il-60169
2026-09-30,INVH,Chicago,"717 S Highland Ave, Arlington Heights, IL, 60005",Chicago,INVH-717-s-highland-ave-arlington-heights-il-60005,3,1.5,1413,3199.0,2026-09-30,12 months,False,,,,,,,,https://www.invitationhomes.com/houses-for-rent/717-s-highland-ave-arlington-heights-il-60005,2026-09-03,2026-09-30,IL,Arlington Heights,,,,,717-s-highland-ave-arlington-heights-il-60005
2026-09-30,INVH,Chicago,"2602 Fremont St, Rolling Meadows, IL, 60008",Chicago,INVH-2602-fremont-st-rolling-meadows-il-60008,2,1.5,1367,2610.0,2026-09-30,12 months,False,,,,,,,,https://www.invitationhomes.com/houses-for-rent/2602-fremont-st-rolling-meadows-il-60008,2026-08-02,2026-09-30,IL,Rolling Meadows,,,,,2602-fremont-st-rolling-meadows-il-60008
2026-09-30,INVH,Chicago,"4242 Clark Dr, Richton Park, IL, 60471",Chicago,INVH-4242-clark-dr-60471-1123,3,2.0,1522,3045.0,2026-10-09,12 months,False,,,,,,,,https://www.invitationhomes.com/houses-for-rent/4242-clark-dr-60471-1123,2026-08-16,2026-09-30,IL,Richton Park,,,,,4242-clark-dr-60471-1123
2026-09-30,INVH,Chicago,"7635 173rd Pl, Tinley Park, IL, 60477",Chicago,INVH-7635-173rd-pl-tinley-park-il-60477,3,2.0,1604,3199.0,2026-10-13,12 months,False,,,,,,,,https://www.invitationhomes.com/houses-for-rent/7635-173rd-pl-tinley-park-il-60477,2026-09-30,2026-09-30,IL,Tinley Park,,,,,7635-173rd-pl-tinley-park-il-60477
2026-09-30,INVH,Chicago,"9224 162nd St, Orland Hills, IL, 60487",Chicago,INVH-9224-162nd-st-orland-hills-il-60487,3,2.0,1596,3075.0,2026-09-30,12 months,False,,,,,,,,https://www.invitationhomes.com/houses-for-rent/9224-162nd-st-orland-hills-il-60487,2026-07-19,2026-09-30,IL,Orland Hills,,,,,9224-162nd-st-orland-hills-il-60487
2026-09-30,INVH,Chicago,"6516 157th St, Oak Forest, IL, 60452",Chicago,INVH-6516-157th-st-oak-forest-il-60452,3,2.0,1320,2775.0,2026-09-30,12 months,False,,,,,,,,https://www.invitationhomes.com/houses-for-rent/6516-157th-st-oak-forest-il-60452,2026-09-06,2026-09-30,IL,Oak Forest,,,,,6516-157th-st-oak-forest-il-60452
2026-09-30,INVH,Chicago,"15238 Ridgeland Ave, Oak Forest, IL, 60452",Chicago,INVH-15238-ridgeland-ave-oak-forest-il-60452,3,2.0,1237,2830.0,2026-09-30,12 months,False,,,,,,,,https://www.invitationhomes.com/houses-for-rent/15238-ridgeland-ave-oak-forest-il-60452,2026-09-03,2026-09-30,IL,Oak Forest,,,,,15238-ridgeland-ave-oak-forest-il-60452
2026-09-30,INVH,Chicago,"12601 S Massasoit Ave, Palos Heights, IL, 60463",Chicago,INVH-12601-s-massasoit-ave-palos-heights-il-60463,3,2.0,1575,3215.0,2026-09-30,12 months,False,,,,,,,,https://www.invitationhomes.com/houses-for-rent/12601-s-massasoit-ave-palos-heights-il-60463,2026-08-23,2026-09-30,IL,Palos Heights,,,,,12601-s-massasoit-ave-palos-heights-il-60463
2026-09-30,INVH,Chicago,"9632 Mansfield Ave, Oak Lawn, IL, 60453",Chicago,INVH-9632-mansfield-ave-oak-lawn-il-60453,3,1.5,1400,2780.0,2026-10-09,12 months,False,,,,,,,,https://www.invitationhomes.com/houses-for-rent/9632-mansfield-ave-oak-lawn-il-60453,2026-09-30,2026-09-30,IL,Oak Lawn,,,,,9632-mansfield-ave-oak-lawn-il-60453
2026-09-30,INVH,Chicago,"7939 Mason Ave, Burbank, IL, 60459",Chicago,INVH-7939-mason-ave-burbank-il-60459,3,2.0,1706,3065.0,2026-09-30,12 months,False,,,,,,,,https://www.invitationhomes.com/houses-for-rent/7939-mason-ave-burbank-il-60459,2026-07-19,2026-09-30,IL,Burbank,,,,,7939-mason-ave-burbank-il-60459
2026-09-30,INVH,Chicago,"9219 S 51st Ave, Oak Lawn, IL, 60453",Chicago,INVH-9219-s-51st-ave-oak-lawn-il-60453,3,1.5,1389,2570.0,2026-09-30,12 months,False,,,,,,,,https://www.invitationhomes.com/houses-for-rent/9219-s-51st-ave-oak-lawn-il-60453,2026-09-03,2026-09-30,IL,Oak Lawn,,,,,9219-s-51st-ave-oak-lawn-il-60453
2026-09-30,INVH,Chicago,"1303 W 59th St, La Grange Highlands, IL, 60525",Chicago,INVH-1303-w-59th-st-la-grange-highlands-il-60525,4,2.5,2052,3365.0,2026-09-30,12 months,False,,,,,,,,https://www.invitationhomes.com/houses-for-rent/1303-w-59th-st-la-grange-highlands-il-60525,2026-08-02,2026-09-30,IL,La Grange Highlands,,,,,1303-w-59th-st-la-grange-highlands-il-60525
2026-09-30,INVH,Chicago,"237 Herrick Rd, Village of Riverside, IL, 60546",Chicago,INVH-237-herrick-rd-riverside-il-60546,3,2.0,1701,3180.0,2026-11-12,12 months,False,,,,,,,,https://www.invitationhomes.com/houses-for-rent/237-herrick-rd-riverside-il-60546,2026-09-30,2026-09-30,IL,Village of Riverside,,,,,237-herrick-rd-riverside-il-60546
2026-09-30,INVH,Chicago,"8830 S Washtenaw Ave, Evergreen Park, IL, 60805",Chicago,INVH-8830-s-washtenaw-ave-60805-8147,3,1.5,1128,2295.0,2026-10-30,12 months,False,,,,,,,,https://www.invitationhomes.com/houses-for-rent/8830-s-washtenaw-ave-60805-8147,2026-09-30,2026-09-30,IL,Evergreen Park,,,,,8830-s-washtenaw-ave-60805-8147
2026-09-30,INVH,Chicago,"110 Englewood Ave, Bellwood, IL, 60104",Chicago,INVH-110-englewood-ave-60104-7134,3,1.5,1400,2795.0,2026-09-30,12 months,False,,,,,,,,https://www.invitationhomes.com/houses-for-rent/110-englewood-ave-60104-7134,2026-06-14,2026-09-30,IL,Bellwood,,,,,110-englewood-ave-60104-7134
2026-09-30,INVH,Chicago,"1119 N 20th Ave, Melrose Park, IL, 60160",Chicago,INVH-1119-n-20th-ave-melrose-park-il-60160,4,2.0,1494,3049.0,2026-10-30,12 months,False,,,,,,,,https://www.invitationhomes.com/houses-for-rent/1119-n-20th-ave-melrose-park-il-60160,2026-09-21,2026-09-30,IL,Melrose Park,,,,,1119-n-20th-ave-melrose-park-il-60160
2026-09-30,INVH,Chicago,"1816 N 38th Ave, Stone Park, IL, 60165",Chicago,INVH-1816-n-38th-ave-stone-park-il-60165,5,2.0,1795,3165.0,2026-09-30,12 months,False,,,,,,,,https://www.invitationhomes.com/houses-for-rent/1816-n-38th-ave-stone-park-il-60165,2026-07-19,2026-09-30,IL,Stone Park,,,,,1816-n-38th-ave-stone-park-il-60165
2026-09-30,INVH,Chicago,"2418 N 75th Ct, Elmwood Park, IL, 60707",Chicago,INVH-2418-n-75th-ct-elmwood-park-il-60707,3,2.0,1799,3149.0,2026-09-30,12 months,False,,,,,,,,https://www.invitationhomes.com/houses-for-rent/2418-n-75th-ct-elmwood-park-il-60707,2026-07-19,2026-09-30,IL,Elmwood Park,,,,,2418-n-75th-ct-elmwood-park-il-60707
2026-09-30,INVH,Chicago,"1308 Cuyler Ave, Berwyn, IL, 60402",Chicago,INVH-1308-cuyler-ave-60402-8402,3,2.0,1389,2960.0,2026-11-03,12 months,False,,,,,,,,https://www.invitationhomes.com/houses-for-rent/1308-cuyler-ave-60402-8402,2026-09-21,2026-09-30,IL,Berwyn,,,,,1308-cuyler-ave-60402-8402
2026-09-30,INVH,Chicago,"2208 Madison Pl, Evanston, IL, 60202",Chicago,INVH-2208-madison-pl-evanston-il-60202,4,3.5,2500,4899.0,2026-09-30,12 months,False,,,,,,,,https://www.invitationhomes.com/houses-for-rent/2208-madison-pl-evanston-il-60202,2026-09-03,2026-09-30,IL,Evanston,,,,,2208-madison-pl-evanston-il-60202
2026-09-30,INVH,Chicago,"2970 Hillsboro Ln, Lake in the Hills, IL, 60156",Chicago,INVH-2970-hillsboro-ln-60156-1207,3,2.5,2208,3199.0,2026-10-13,12 months,False,,,,,,,,https://www.invitationhomes.com/houses-for-rent/2970-hillsboro-ln-60156-1207,2026-09-03,2026-09-30,IL,Lake in the Hills,,,,,2970-hillsboro-ln-60156-1207
2026-09-30,INVH,Chicago,"537 Norman Dr, Cary, IL, 60013",Chicago,INVH-537-norman-dr-cary-il-60013,3,2.0,1714,2570.0,2026-09-30,12 months,False,,,,,,,,https://www.invitationhomes.com/houses-for-rent/537-norman-dr-cary-il-60013,2026-08-23,2026-09-30,IL,Cary,,,,,537-norman-dr-cary-il-60013
2026-09-30,INVH,Chicago,"2120 Burr Oak Ln, Lindenhurst, IL, 60046",Chicago,INVH-2120-burr-oak-ln-lindenhurst-il-60046,4,2.0,1700,2445.0,2026-11-14,12 months,False,,,,,,,,https://www.invitationhomes.com/houses-for-rent/2120-burr-oak-ln-lindenhurst-il-60046,2026-09-30,2026-09-30,IL,Lindenhurst,,,,,2120-burr-oak-ln-lindenhurst-il-60046
2026-09-30,INVH,Tampa,"5443 Bryant Ave, Naples, FL, 34113",Tampa,INVH-5443-bryant-ave-34113-1885,4,2.0,1568,2645.0,2026-10-23,19 months,False,,,,,,,,https://www.invitationhomes.com/houses-for-rent/5443-bryant-ave-34113-1885,2026-05-03,2026-09-30,FL,Naples,,,,,5443-bryant-ave-34113-1885
2026-09-30,INVH,Tampa,"3503 SW 12th Ave, Cape Coral, FL, 33914",Tampa,INVH-3503-sw-12th-ave-cape-coral-fl-33914,3,2.0,1424,1895.0,2026-09-30,19 months,False,,,,,,,,https://www.invitationhomes.com/houses-for-rent/3503-sw-12th-ave-cape-coral-fl-33914,2026-08-23,2026-09-30,FL,Cape Coral,,,,,3503-sw-12th-ave-cape-coral-fl-33914
2026-09-30,INVH,Tampa,"419 SW 39th Ter, Cape Coral, FL, 33914",Tampa,INVH-419-sw-39th-ter-33914-7514,3,2.0,1496,2230.0,2026-09-30,19 months,False,,,,,,,,https://www.invitationhomes.com/houses-for-rent/419-sw-39th-ter-33914-7514,2026-08-10,2026-09-30,FL,Cape Coral,,,,,419-sw-39th-ter-33914-7514
2026-09-30,INVH,Tampa,"2931 SW 4th Ave, Cape Coral, FL, 33914",Tampa,INVH-2931-sw-4th-ave-33914-9812,3,2.0,1993,2485.0,2026-09-30,19 months,False,,,,,,,,https://www.invitationhomes.com/houses-for-rent/2931-sw-4th-ave-33914-9812,2026-08-02,2026-09-30,FL,Cape Coral,,,,,2931-sw-4th-ave-33914-9812
2026-09-30,INVH,Tampa,"630 SW 29th St, Cape Coral, FL, 33914",Tampa,INVH-630-sw-29th-st-33914-9929,3,2.0,1359,2085.0,2026-10-12,19 months,False,,,,,,,,https://www.invitationhomes.com/houses-for-rent/630-sw-29th-st-33914-9929,2026-04-04,2026-09-30,FL,Cape Coral,,,,,630-sw-29th-st-33914-9929
2026-09-30,INVH,Tampa,"3210 SE Santa Barbara Pl, Cape Coral, FL, 33904",Tampa,INVH-3210-se-santa-barbara-pl-cape-coral-fl-33904,3,2.0,1702,1995.0,2026-09-30,19 months,False,,,,,,,,https://www.invitationhomes.com/houses-for-rent/3210-se-santa-barbara-pl-cape-coral-fl-33904,2026-08-23,2026-09-30,FL,Cape Coral,,,,,3210-se-santa-barbara-pl-cape-coral-fl-33904
2026-09-30,INVH,Tampa,"1227 SW 7th Ct, Cape Coral, FL, 33991",Tampa,INVH-1227-sw-7th-ct-33991-122628,4,2.0,1809,2095.0,2026-11-12,19 months,False,,,,,,,,https://www.invitationhomes.com/houses-for-rent/1227-sw-7th-ct-33991-122628,2026-09-30,2026-09-30,FL,Cape Coral,,,,,1227-sw-7th-ct-33991-122628
2026-09-30,INVH,Tampa,"1806 SE 13th St, Cape Coral, FL, 33990",Tampa,INVH-1806-se-13th-st-cape-coral-fl-33990,4,2.0,1792,1675.0,2026-09-30,19 months,False,,,,,,,,https://www.invitationhomes.com/houses-for-rent/1806-se-13th-st-cape-coral-fl-33990,2026-06-09,2026-09-30,FL,Cape Coral,,,,,1806-se-13th-st-cape-coral-fl-33990
2026-09-30,INVH,Tampa,"1438 SW 4th Ln, Cape Coral, FL, 33991",Tampa,INVH-1438-sw-4th-ln-33991-122695,4,2.0,1809,2045.0,2026-10-31,19 months,False,,,,,,,,https://www.invitationhomes.com/houses-for-rent/1438-sw-4th-ln-33991-122695,2026-09-21,2026-09-30,FL,Cape Coral,,,,,1438-sw-4th-ln-33991-122695
2026-09-30,INVH,Tampa,"1109 SE 4th Ave, Cape Coral, FL, 33990",Tampa,INVH-1109-se-4th-ave-33990-1089,3,2.0,1633,1995.0,2026-10-28,19 months,False,,,,,,,,https://www.invitationhomes.com/houses-for-rent/1109-se-4th-ave-33990-1089,2026-09-21,2026-09-30,FL,Cape Coral,,,,,1109-se-4th-ave-33990-1089
2026-09-30,INVH,Tampa,"211 SE Santa Barbara Pl, Cape Coral, FL, 33990",Tampa,INVH-211-se-santa-barbara-pl-33990-8266,3,2.0,1519,1945.0,2026-10-23,19 months,False,,,,,,,,https://www.invitationhomes.com/houses-for-rent/211-se-santa-barbara-pl-33990-8266,2026-09-09,2026-09-30,FL,Cape Coral,,,,,211-se-santa-barbara-pl-33990-8266
2026-09-30,INVH,Tampa,"214 SE 5th Pl, Cape Coral, FL, 33990",Tampa,INVH-214-se-5th-pl-33990-8465,3,2.0,1588,1849.0,2026-09-30,24 months,False,,,,,,,,https://www.invitationhomes.com/houses-for-rent/214-se-5th-pl-33990-8465,2026-08-10,2026-09-30,FL,Cape Coral,,,,,214-se-5th-pl-33990-8465
2026-09-30,INVH,Tampa,"305 NW 12th PL, Cape Coral, FL, 33993",Tampa,INVH-305-nw-12th-pl-33993-93132,4,2.0,1809,2245.0,2026-10-21,19 months,False,,,,,,,,https://www.invitationhomes.com/houses-for-rent/305-nw-12th-pl-33993-93132,2026-09-06,2026-09-30,FL,Cape Coral,,,,,305-nw-12th-pl-33993-93132
2026-09-30,INVH,Tampa,"433 NW 3rd Ln, Cape Coral, FL, 33993",Tampa,INVH-433-nw-3rd-ln-33993-92622,4,2.0,1809,1995.0,2026-09-30,19 months,False,,,,,,,,https://www.invitationhomes.com/houses-for-rent/433-nw-3rd-ln-33993-92622,2026-08-02,2026-09-30,FL,Cape Coral,,,,,433-nw-3rd-ln-33993-92622
2026-09-30,INVH,Tampa,"408 NW 4th St, Cape Coral, FL, 33993",Tampa,INVH-408-nw-4th-st-33993-123941,4,2.0,1809,2095.0,2026-09-30,19 months,False,,,,,,,,https://www.invitationhomes.com/houses-for-rent/408-nw-4th-st-33993-123941,2026-09-06,2026-09-30,FL,Cape Coral,,,,,408-nw-4th-st-33993-123941
2026-09-30,INVH,Tampa,"608 NW 7th Ave, Cape Coral, FL, 33993",Tampa,INVH-608-nw-7th-ave-33993-119486,4,2.0,1809,2095.0,2026-10-26,19 months,False,,,,,,,,https://www.invitationhomes.com/houses-for-rent/608-nw-7th-ave-33993-119486,2026-09-12,2026-09-30,FL,Cape Coral,,,,,608-nw-7th-ave-33993-119486
2026-09-30,INVH,Tampa,"625 NW 7th PL, Cape Coral, FL, 33993",Tampa,INVH-625-nw-7th-pl-33993-93937,4,2.0,1809,1995.0,2026-09-30,19 months,False,,,,,,,,https://www.invitationhomes.com/houses-for-rent/625-nw-7th-pl-33993-93937,2026-07-19,2026-09-30,FL,Cape Coral,,,,,625-nw-7th-pl-33993-93937
2026-09-30,INVH,Tampa,"408 NW 7th St, Cape Coral, FL, 33993",Tampa,INVH-408-nw-7th-st-33993-92630,4,2.0,1809,2195.0,2026-10-12,19 months,False,,,,,,,,https://www.invitationhomes.com/houses-for-rent/408-nw-7th-st-33993-92630,2026-08-16,2026-09-30,FL,Cape Coral,,,,,408-nw-7th-st-33993-92630
2026-09-30,INVH,Tampa,"213 NW 4th Ter, Cape Coral, FL, 33993",Tampa,INVH-213-nw-4th-ter-33993-122173,4,2.0,1809,1995.0,2026-09-30,19 months,False,,,,,,,,https://www.invitationhomes.com/houses-for-rent/213-nw-4th-ter-33993-122173,2026-08-02,2026-09-30,FL,Cape Coral,,,,,213-nw-4th-ter-33993-122173
2026-09-30,INVH,Tampa,"17 NW 8th Ter, Cape Coral, FL, 33993",Tampa,INVH-17-nw-8th-ter-33993-122887,4,2.0,1809,2095.0,2026-09-30,19 months,False,,,,,,,,https://www.invitationhomes.com/houses-for-rent/17-nw-8th-ter-33993-122887,2026-08-16,2026-09-30,FL,Cape Coral,,,,,17-nw-8th-ter-33993-122887
2026-09-30,INVH,Tampa,"459 SE 17th Ave, Cape Coral, FL, 33990",Tampa,INVH-459-se-17th-ave-cape-coral-fl-33990,3,2.0,1873,2220.0,2026-09-30,19 months,False,,,,,,,,https://www.invitationhomes.com/houses-for-rent/459-se-17th-ave-cape-coral-fl-33990,2026-09-06,2026-09-30,FL,Cape Coral,,,,,459-se-17th-ave-cape-coral-fl-33990
2026-09-30,INVH,Tampa,"1130 Ne 11th St, Cape Coral, FL, 33909",Tampa,INVH-1130-ne-11th-st-33909-93107,4,2.0,1809,2295.0,2026-09-30,19 months,False,,,,,,,,https://www.invitationhomes.com/houses-for-rent/1130-ne-11th-st-33909-93107,2026-09-03,2026-09-30,FL,Cape Coral,,,,,1130-ne-11th-st-33909-93107
2026-09-30,INVH,Tampa,"900 NE 17th Ter, Cape Coral, FL, 33909",Tampa,INVH-900-ne-17th-terr-33909-5524,4,2.0,1520,1949.0,2026-11-12,21 months,False,,,,,,,,https://www.invitationhomes.com/houses-for-rent/900-ne-17th-terr-33909-5524,2026-09-30,2026-09-30,FL,Cape Coral,,,,,900-ne-17th-terr-33909-5524
2026-09-30,INVH,Tampa,"7169 Greenwood Park Cir #52, Fort Myers, FL, 33967",Tampa,INVH-7169-greenwood-park-cir-52-33967-118261,3,2.5,1347,2170.0,2026-10-12,24 months,False,,,,,,,,https://www.invitationhomes.com/houses-for-rent/7169-greenwood-park-cir-52-33967-118261,2026-09-30,2026-09-30,FL,Fort Myers,,,,,7169-greenwood-park-cir-52-33967-118261
2026-09-30,INVH,Tampa,"7161 Greenwood Park Cir #40, Fort Myers, FL, 33967",Tampa,INVH-7161-greenwood-park-cir-40-33967-118253,3,2.5,1405,2299.0,2026-10-23,24 months,False,,,,,,,,https://www.invitationhomes.com/houses-for-rent/7161-greenwood-park-cir-40-33967-118253,2026-09-09,2026-09-30,FL,Fort Myers,,,,,7161-greenwood-park-cir-40-33967-118253
2026-09-30,INVH,Tampa,"7153 Greenwood Park Cir #23, Fort Myers, FL, 33967",Tampa,INVH-7153-greenwood-park-cir-23-33967-118240,3,2.5,1347,2225.0,2026-10-30,24 months,False,,,,,,,,https://www.invitationhomes.com/houses-for-rent/7153-greenwood-park-cir-23-33967-118240,2026-09-21,2026-09-30,FL,Fort Myers,,,,,7153-greenwood-park-cir-23-33967-118240
2026-09-30,INVH,Tampa,"2449 Chandler Ave, Fort Myers, FL, 33907",Tampa,INVH-2449-chandler-ave-33907-5446,3,1.0,1360,1749.0,2026-09-30,24 months,False,,,,,,,,https://www.invitationhomes.com/houses-for-rent/2449-chandler-ave-33907-5446,2026-08-10,2026-09-30,FL,Fort Myers,,,,,2449-chandler-ave-33907-5446
2026-09-30,INVH,Tampa,"10301 Bradmore Rd #86, Fort Myers, FL, 33913",Tampa,INVH-10301-bradmore-rd-86-33913-119286,3,2.0,1405,1775.0,2026-09-30,24 months,False,,,,,,,,https://www.invitationhomes.com/houses-for-rent/10301-bradmore-rd-86-33913-119286,2026-08-16,2026-09-30,FL,Fort Myers,,,,,10301-bradmore-rd-86-33913-119286
2026-09-30,INVH,Tampa,"10337 Bradmore Rd #69, Fort Myers, FL, 33913",Tampa,INVH-10337-bradmore-rd-69-33913-119269,3,2.0,1347,1799.0,2026-10-26,24 months,False,,,,,,,,https://www.invitationhomes.com/houses-for-rent/10337-bradmore-rd-69-33913-119269,2026-09-21,2026-09-30,FL,Fort Myers,,,,,10337-bradmore-rd-69-33913-119269
2026-09-30,INVH,Tampa,"10338 Bradmore Rd #91, Fort Myers, FL, 33913",Tampa,INVH-10338-bradmore-rd-91-33913-119291,3,2.0,1347,1799.0,2026-11-01,24 months,False,,,,,,,,https://www.invitationhomes.com/houses-for-rent/10338-bradmore-rd-91-33913-119291,2026-09-21,2026-09-30,FL,Fort Myers,,,,,10338-bradmore-rd-91-33913-119291
2026-09-30,INVH,Tampa,"10366 Bradmore Rd #104, Fort Myers, FL, 33913",Tampa,INVH-10366-bradmore-rd-104-33913-119304,3,2.0,1347,1775.0,2026-10-14,24 months,False,,,,,,,,https://www.invitationhomes.com/houses-for-rent/10366-bradmore-rd-104-33913-119304,2026-09-03,2026-09-30,FL,Fort Myers,,,,,10366-bradmore-rd-104-33913-119304
2026-09-30,INVH,Tampa,"3065 Riverfield Rd, Cape Coral, FL, 33909",Tampa,INVH-3065-rivfield-rd-33903-118224,3,2.5,1347,1549.0,2026-11-12,24 months,False,,,,,,,,https://www.invitationhomes.com/houses-for-rent/3065-rivfield-rd-33903-118224,2026-09-30,2026-09-30,FL,Cape Coral,,,,,3065-rivfield-rd-33903-118224
2026-09-30,INVH,Tampa,"3030 Riverfield Rd, Cape Coral, FL, 33909",Tampa,INVH-3030-rivfield-rd-33903-118197,3,2.5,1405,1575.0,2026-09-30,24 months,False,,,,,,,,https://www.invitationhomes.com/houses-for-rent/3030-rivfield-rd-33903-118197,2026-08-16,2026-09-30,FL,Cape Coral,,,,,3030-rivfield-rd-33903-118197
2026-09-30,INVH,Tampa,"2712 Riverfield Rd, Cape Coral, FL, 33909",Tampa,INVH-2712-rivfield-rd-33903-118164,3,2.5,1347,1549.0,2026-11-10,24 months,False,,,,,,,,https://www.invitationhomes.com/houses-for-rent/2712-rivfield-rd-33903-118164,2026-04-04,2026-09-30,FL,Cape Coral,,,,,2712-rivfield-rd-33903-118164
2026-09-30,INVH,Tampa,"137 Zenith Cir, Fort Myers, FL, 33913",Tampa,INVH-137-zenith-cir-33913-1809,3,2.0,1690,1995.0,2026-10-05,19 months,False,,,,,,,,https://www.invitationhomes.com/houses-for-rent/137-zenith-cir-33913-1809,2026-08-23,2026-09-30,FL,Fort Myers,,,,,137-zenith-cir-33913-1809
2026-09-30,INVH,Tampa,"4806 29th St SW, Lehigh Acres, FL, 33973",Tampa,INVH-4806-29th-st-sw-33973-2945,3,2.0,1025,1649.0,2026-10-11,24 months,False,,,,,,,,https://www.invitationhomes.com/houses-for-rent/4806-29th-st-sw-33973-2945,2026-09-03,2026-09-30,FL,Lehigh Acres,,,,,4806-29th-st-sw-33973-2945
2026-09-30,INVH,Tampa,"10321 Silver Pond Lane, Lehigh Acres, FL, 33936",Tampa,INVH-10321-silver-pond-lane-33963-103689,3,2.0,1672,1999.0,2026-10-05,21 months,False,,,,,,,,https://www.invitationhomes.com/houses-for-rent/10321-silver-pond-lane-33963-103689,2026-09-03,2026-09-30,FL,Lehigh Acres,,,,,10321-silver-pond-lane-33963-103689
2026-09-30,INVH,Tampa,"15732 Treasure Island Ln, Fort Myers, FL, 33905",Tampa,INVH-15732-treasure-island-ln-33905-9411,3,2.0,1269,1795.0,2026-09-30,19 months,False,,,,,,,,https://www.invitationhomes.com/houses-for-rent/15732-treasure-island-ln-33905-9411,2026-09-21,2026-09-30,FL,Fort Myers,,,,,15732-treasure-island-ln-33905-9411
2026-09-30,INVH,Tampa,"26 Mariner Ln, Rotonda West, FL, 33947",Tampa,INVH-26-mariner-ln-rotonda-west-fl-33947,3,2.0,1330,1830.0,2026-09-30,19 months,False,,,,,,,,https://www.invitationhomes.com/houses-for-rent/26-mariner-ln-rotonda-west-fl-33947,2026-09-09,2026-09-30,FL,Rotonda West,,,,,26-mariner-ln-rotonda-west-fl-33947
2026-09-30,INVH,Tampa,"8048 Majestic Palms Ct, Venice, FL, 34293",Tampa,INVH-8048-majestic-palms-court-2-34293-121760,3,2.0,1504,2175.0,2026-10-15,24 months,False,,,,,,,,https://www.invitationhomes.com/houses-for-rent/8048-majestic-palms-court-2-34293-121760,2026-09-12,2026-09-30,FL,Venice,,,,,8048-majestic-palms-court-2-34293-121760
2026-09-30,INVH,Tampa,"7988 Majestic Palms Ct, Venice, FL, 34293",Tampa,INVH-7988-majestic-palms-court-32-34293-122864,3,2.0,1614,2225.0,2026-10-31,24 months,False,,,,,,,,https://www.invitationhomes.com/houses-for-rent/7988-majestic-palms-court-32-34293-122864,2026-04-04,2026-09-30,FL,Venice,,,,,7988-majestic-palms-court-32-34293-122864
2026-09-30,INVH,Tampa,"362 Fareham Dr, Venice, FL, 34293",Tampa,INVH-362-fareham-dr-34293-5179,3,2.0,1897,1945.0,2026-09-30,19 months,False,,,,,,,,https://www.invitationhomes.com/houses-for-rent/362-fareham-dr-34293-5179,2026-06-09,2026-09-30,FL,Venice,,,,,362-fareham-dr-34293-5179
2026-09-30,INVH,Tampa,"17043 Coral Key Dr, Nokomis, FL, 34275",Tampa,INVH-17043-coral-key-dr-34275-96474,3,2.5,1485,2045.0,2026-09-30,19 months,False,,,,,,,,https://www.invitationhomes.com/houses-for-rent/17043-coral-key-dr-34275-96474,2026-07-19,2026-09-30,FL,Nokomis,,,,,17043-coral-key-dr-34275-96474
2026-09-30,INVH,Tampa,"828 Carnoustie Dr, Venice, FL, 34293",Tampa,INVH-828-carnoustie-dr-34293-2829,3,2.0,2620,3195.0,2026-11-14,19 months,False,,,,,,,,https://www.invitationhomes.com/houses-for-rent/828-carnoustie-dr-34293-2829,2026-09-30,2026-09-30,FL,Venice,,,,,828-carnoustie-dr-34293-2829
2026-09-30,INVH,Tampa,"2217 Pine View Cir, Sarasota, FL, 34231",Tampa,INVH-2217-pine-view-cir-34231-7566,3,2.0,1644,3040.0,2026-11-12,19 months,False,,,,,,,,https://www.invitationhomes.com/houses-for-rent/2217-pine-view-cir-34231-7566,2026-09-30,2026-09-30,FL,Sarasota,,,,,2217-pine-view-cir-34231-7566
2026-09-30,INVH,Tampa,"2824 Seaspray St, Sarasota, FL, 34231",Tampa,INVH-2824-seaspray-st-sarasota-fl-34231,3,2.0,1456,1995.0,2026-09-30,19 months,False,,,,,,,,https://www.invitationhomes.com/houses-for-rent/2824-seaspray-st-sarasota-fl-34231,2026-07-19,2026-09-30,FL,Sarasota,,,,,2824-seaspray-st-sarasota-fl-34231
2026-09-30,INVH,Tampa,"4029 Tern St, Sarasota, FL, 34232",Tampa,INVH-4029-tern-st-34232-5813,3,2.0,1453,2295.0,2026-10-18,19 months,False,,,,,,,,https://www.invitationhomes.com/houses-for-rent/4029-tern-st-34232-5813,2026-09-03,2026-09-30,FL,Sarasota,,,,,4029-tern-st-34232-5813
2026-09-30,INVH,Tampa,"4218 Baird St, Sarasota, FL, 34232",Tampa,INVH-4218-baird-st-34232-2747,3,2.0,1716,2345.0,2026-11-14,19 months,False,,,,,,,,https://www.invitationhomes.com/houses-for-rent/4218-baird-st-34232-2747,2026-09-30,2026-09-30,FL,Sarasota,,,,,4218-baird-st-34232-2747
2026-09-30,INVH,Tampa,"2719 Linwood Dr, Sarasota, FL, 34232",Tampa,INVH-2719-linwood-dr-34232-1449,3,2.0,1214,2349.0,2026-09-30,19 months,False,,,,,,,,https://www.invitationhomes.com/houses-for-rent/2719-linwood-dr-34232-1449,2026-09-03,2026-09-30,FL,Sarasota,,,,,2719-linwood-dr-34232-1449
2026-09-30,INVH,Tampa,"5343 Colewood Pl, Sarasota, FL, 34232",Tampa,INVH-5343-colewood-pl-sarasota-fl-34232,4,2.0,1347,2495.0,2026-10-05,19 months,False,,,,,,,,https://www.invitationhomes.com/houses-for-rent/5343-colewood-pl-sarasota-fl-34232,2026-09-03,2026-09-30,FL,Sarasota,,,,,5343-colewood-pl-sarasota-fl-34232
2026-09-30,INVH,Tampa,"5543 Duncanwood Pl, Sarasota, FL, 34232",Tampa,INVH-5543-duncanwood-pl-34232-4805,4,2.0,1515,2399.0,2026-09-30,19 months,False,,,,,,,,https://www.invitationhomes.com/houses-for-rent/5543-duncanwood-pl-34232-4805,2026-09-09,2026-09-30,FL,Sarasota,,,,,5543-duncanwood-pl-34232-4805
2026-09-30,INVH,Tampa,"4211 Arrow Dr, Sarasota, FL, 34232",Tampa,INVH-4211-arrow-dr-sarasota-fl-34232,3,2.0,1637,2295.0,2026-10-15,19 months,False,,,,,,,,https://www.invitationhomes.com/houses-for-rent/4211-arrow-dr-sarasota-fl-34232,2026-09-03,2026-09-30,FL,Sarasota,,,,,4211-arrow-dr-sarasota-fl-34232
2026-09-30,INVH,Tampa,"131 Adair Ave, Sarasota, FL, 34243",Tampa,INVH-131-adair-ave-sarasota-fl-34243,3,2.0,1540,2090.0,2026-09-30,19 months,False,,,,,,,,https://www.invitationhomes.com/houses-for-rent/131-adair-ave-sarasota-fl-34243,2026-08-02,2026-09-30,FL,Sarasota,,,,,131-adair-ave-sarasota-fl-34243
2026-09-30,INVH,Tampa,"7325 Claries Dr, Sarasota, FL, 34243",Tampa,INVH-7325-claries-dr-34243-2558,3,2.0,1804,2595.0,2026-09-30,19 months,False,,,,,,,,https://www.invitationhomes.com/houses-for-rent/7325-claries-dr-34243-2558,2026-09-03,2026-09-30,FL,Sarasota,,,,,7325-claries-dr-34243-2558
2026-09-30,INVH,Tampa,"339 Pearl Ave, Sarasota, FL, 34243",Tampa,INVH-339-pearl-ave-34243-5642,3,3.0,1888,2495.0,2026-10-30,19 months,False,,,,,,,,https://www.invitationhomes.com/houses-for-rent/339-pearl-ave-34243-5642,2026-09-21,2026-09-30,FL,Sarasota,,,,,339-pearl-ave-34243-5642
2026-09-30,INVH,Tampa,"2033 Dodge Ave, Sarasota, FL, 34234",Tampa,INVH-2033-dodge-ave-34234-7150,3,2.0,1755,2285.0,2026-09-30,19 months,False,,,,,,,,https://www.invitationhomes.com/houses-for-rent/2033-dodge-ave-34234-7150,2026-07-19,2026-09-30,FL,Sarasota,,,,,2033-dodge-ave-34234-7150
2026-09-30,INVH,Tampa,"3450 Dover St, Sarasota, FL, 34235",Tampa,INVH-3450-dover-st-34235-3591,4,2.0,2178,2699.0,2026-10-08,19 months,False,,,,,,,,https://www.invitationhomes.com/houses-for-rent/3450-dover-st-34235-3591,2026-08-16,2026-09-30,FL,Sarasota,,,,,3450-dover-st-34235-3591
2026-09-30,INVH,Tampa,"1427 Daryl Dr, Sarasota, FL, 34232",Tampa,INVH-1427-daryl-dr-34232-1184,3,2.0,1515,2499.0,2026-11-12,19 months,False,,,,,,,,https://www.invitationhomes.com/houses-for-rent/1427-daryl-dr-34232-1184,2026-09-30,2026-09-30,FL,Sarasota,,,,,1427-daryl-dr-34232-1184
2026-09-30,INVH,Tampa,"3652 Prado Dr, Sarasota, FL, 34235",Tampa,INVH-3652-prado-dr-34235-9606,4,2.0,1718,2199.0,2026-09-30,20 months,False,,,,,,,,https://www.invitationhomes.com/houses-for-rent/3652-prado-dr-34235-9606,2026-04-04,2026-09-30,FL,Sarasota,,,,,3652-prado-dr-34235-9606
2026-09-30,INVH,Tampa,"5308 Angeles Ave, Sarasota, FL, 34235",Tampa,INVH-5308-angeles-ave-34235-1771,4,2.0,1708,2749.0,2026-09-30,19 months,False,,,,,,,,https://www.invitationhomes.com/houses-for-rent/5308-angeles-ave-34235-1771,2026-07-19,2026-09-30,FL,Sarasota,,,,,5308-angeles-ave-34235-1771
2026-09-30,INVH,Tampa,"4008 78th Pl E, Sarasota, FL, 34243",Tampa,INVH-4008-78th-pl-34243-4748,4,3.0,2679,3095.0,2026-09-30,19 months,False,,,,,,,,https://www.invitationhomes.com/houses-for-rent/4008-78th-pl-34243-4748,2026-07-19,2026-09-30,FL,Sarasota,,,,,4008-78th-pl-34243-4748
2026-09-30,INVH,Tampa,"7539 42nd Ct E, Sarasota, FL, 34243",Tampa,INVH-7539-42nd-ct-e-sarasota-fl-34243,3,2.0,1518,2390.0,2026-09-30,19 months,False,,,,,,,,https://www.invitationhomes.com/houses-for-rent/7539-42nd-ct-e-sarasota-fl-34243,2026-08-02,2026-09-30,FL,Sarasota,,,,,7539-42nd-ct-e-sarasota-fl-34243
2026-09-30,INVH,Tampa,"3616 75th Dr E, Sarasota, FL, 34243",Tampa,INVH-3616-75th-dr-e-34243-6993,3,2.0,1195,2285.0,2026-11-07,19 months,False,,,,,,,,https://www.invitationhomes.com/houses-for-rent/3616-75th-dr-e-34243-6993,2026-09-30,2026-09-30,FL,Sarasota,,,,,3616-75th-dr-e-34243-6993
2026-09-30,INVH,Tampa,"7348 Linden Ln, Sarasota, FL, 34243",Tampa,INVH-7348-linden-ln-34243-7607,3,3.0,1714,2425.0,2026-09-30,19 months,False,,,,,,,,https://www.invitationhomes.com/houses-for-rent/7348-linden-ln-34243-7607,2026-05-24,2026-09-30,FL,Sarasota,,,,,7348-linden-ln-34243-7607
2026-09-30,INVH,Tampa,"6667 68th St E, Bradenton, FL, 34203",Tampa,INVH-6667-68th-st-e-bradenton-fl-34203,3,3.0,1716,2545.0,2026-10-20,19 months,False,,,,,,,,https://www.invitationhomes.com/houses-for-rent/6667-68th-st-e-bradenton-fl-34203,2026-09-06,2026-09-30,FL,Bradenton,,,,,6667-68th-st-e-bradenton-fl-34203
2026-09-30,INVH,Tampa,"4237 Charing Cross Rd, Sarasota, FL, 34241",Tampa,INVH-4237-charing-cross-rd-sarasota-fl-34241,3,2.0,1735,2420.0,2026-09-30,19 months,False,,,,,,,,https://www.invitationhomes.com/houses-for-rent/4237-charing-cross-rd-sarasota-fl-34241,2026-08-23,2026-09-30,FL,Sarasota,,,,,4237-charing-cross-rd-sarasota-fl-34241
2026-09-30,INVH,Tampa,"11518 Pimpernel Dr, Lakewood Ranch, FL, 34202",Tampa,INVH-11518-pimpernel-dr-34202-7375,4,2.5,2441,3345.0,2026-09-30,19 months,False,,,,,,,,https://www.invitationhomes.com/houses-for-rent/11518-pimpernel-dr-34202-7375,2026-08-02,2026-09-30,FL,Lakewood Ranch,,,,,11518-pimpernel-dr-34202-7375
2026-09-30,INVH,Tampa,"10014 Ancona St, Port Charlotte, FL, 33981",Tampa,INVH-10014-ancona-st-33981-7175,4,2.0,1891,1645.0,2026-09-30,19 months,False,,,,,,,,https://www.invitationhomes.com/houses-for-rent/10014-ancona-st-33981-7175,2026-06-09,2026-09-30,FL,Port Charlotte,,,,,10014-ancona-st-33981-7175
2026-09-30,INVH,Tampa,"16049 Juarez Cir, Punta Gorda, FL, 33955",Tampa,INVH-16049-juarez-cir-33955-111318,4,2.0,1809,1845.0,2026-09-30,19 months,False,,,,,,,,https://www.invitationhomes.com/houses-for-rent/16049-juarez-cir-33955-111318,2026-07-19,2026-09-30,FL,Punta Gorda,,,,,16049-juarez-cir-33955-111318
2026-09-30,INVH,Tampa,"25201 Doredo Dr, Punta Gorda, FL, 33955",Tampa,INVH-25201-doredo-dr-33955-93716,4,2.0,1809,2025.0,2026-10-20,19 months,False,,,,,,,,https://www.invitationhomes.com/houses-for-rent/25201-doredo-dr-33955-93716,2026-09-06,2026-09-30,FL,Punta Gorda,,,,,25201-doredo-dr-33955-93716
2026-09-30,INVH,Tampa,"25369 Doredo Dr, Punta Gorda, FL, 33955",Tampa,INVH-25369-doredo-dr-33955-93544,4,2.0,1809,1895.0,2026-09-30,19 months,False,,,,,,,,https://www.invitationhomes.com/houses-for-rent/25369-doredo-dr-33955-93544,2026-09-03,2026-09-30,FL,Punta Gorda,,,,,25369-doredo-dr-33955-93544
2026-09-30,INVH,Tampa,"25402 Doredo Dr, Punta Gorda, FL, 33955",Tampa,INVH-25402-doredo-dr-33955-93728,4,2.0,1809,1895.0,2026-09-30,19 months,False,,,,,,,,https://www.invitationhomes.com/houses-for-rent/25402-doredo-dr-33955-93728,2026-07-19,2026-09-30,FL,Punta Gorda,,,,,25402-doredo-dr-33955-93728
2026-09-30,INVH,Tampa,"16246 Alcira Cir, Punta Gorda, FL, 33955",Tampa,INVH-16246-alcira-cir-33955-93551,4,2.0,1809,1995.0,2026-10-05,19 months,False,,,,,,,,https://www.invitationhomes.com/houses-for-rent/16246-alcira-cir-33955-93551,2026-09-30,2026-09-30,FL,Punta Gorda,,,,,16246-alcira-cir-33955-93551
2026-09-30,INVH,Tampa,"25330 Puerta Dr, Punta Gorda, FL, 33955",Tampa,INVH-25330-puerta-dr-33955-93674,4,2.0,1809,1695.0,2026-09-30,19 months,False,,,,,,,,https://www.invitationhomes.com/houses-for-rent/25330-puerta-dr-33955-93674,2026-07-19,2026-09-30,FL,Punta Gorda,,,,,25330-puerta-dr-33955-93674
2026-09-30,INVH,Tampa,"25368 Puerta Dr, Punta Gorda, FL, 33955",Tampa,INVH-25368-puerta-dr-33955-111259,4,2.0,1809,1895.0,2026-09-30,19 months,False,,,,,,,,https://www.invitationhomes.com/houses-for-rent/25368-puerta-dr-33955-111259,2026-08-16,2026-09-30,FL,Punta Gorda,,,,,25368-puerta-dr-33955-111259
2026-09-30,INVH,Tampa,"16350 W Perdida Ct, Punta Gorda, FL, 33955",Tampa,INVH-16350-w-perdida-ct-33955-93520,4,2.0,1809,1799.0,2026-09-30,24 months,False,,,,,,,,https://www.invitationhomes.com/houses-for-rent/16350-w-perdida-ct-33955-93520,2026-08-10,2026-09-30,FL,Punta Gorda,,,,,16350-w-perdida-ct-33955-93520
2026-09-30,INVH,Tampa,"16061 Overdale Ct, Punta Gorda, FL, 33955",Tampa,INVH-16061-overdale-ct-33955-93760,4,2.0,1809,1780.0,2026-09-30,19 months,False,,,,,,,,https://www.invitationhomes.com/houses-for-rent/16061-overdale-ct-33955-93760,2026-07-19,2026-09-30,FL,Punta Gorda,,,,,16061-overdale-ct-33955-93760
2026-09-30,INVH,Tampa,"9968 Spring Gulch Ln, Punta Gorda, FL, 33950",Tampa,INVH-9968-spring-gulch-ln-33950-91809,3,2.0,1507,1749.0,2026-09-30,24 months,False,,,,,,,,https://www.invitationhomes.com/houses-for-rent/9968-spring-gulch-ln-33950-91809,2026-08-02,2026-09-30,FL,Punta Gorda,,,,,9968-spring-gulch-ln-33950-91809
2026-09-30,INVH,Tampa,"9974 Bishop Creek Way, Punta Gorda, FL, 33950",Tampa,INVH-9974-bishop-creek-way-33950-92111,4,2.0,1994,2120.0,2026-09-30,19 months,False,,,,,,,,https://www.invitationhomes.com/houses-for-rent/9974-bishop-creek-way-33950-92111,2026-08-10,2026-09-30,FL,Punta Gorda,,,,,9974-bishop-creek-way-33950-92111
2026-09-30,INVH,Tampa,"12344 Birtle Ave, Port Charlotte, FL, 33981",Tampa,INVH-12344-birtle-ave-33981-114684,4,2.0,1809,2060.0,2026-09-30,19 months,False,,,,,,,,https://www.invitationhomes.com/houses-for-rent/12344-birtle-ave-33981-114684,2026-07-19,2026-09-30,FL,Port Charlotte,,,,,12344-birtle-ave-33981-114684
2026-09-30,INVH,Tampa,"18187 Petoskey Cir, Port Charlotte, FL, 33948",Tampa,INVH-18187-petoskey-cir-port-charlotte-fl-33948,3,2.0,1525,1749.0,2026-09-30,24 months,False,,,,,,,,https://www.invitationhomes.com/houses-for-rent/18187-petoskey-cir-port-charlotte-fl-33948,2026-08-16,2026-09-30,FL,Port Charlotte,,,,,18187-petoskey-cir-port-charlotte-fl-33948
2026-09-30,INVH,Tampa,"5493 S Chamberlain Blvd, North Port, FL, 34286",Tampa,INVH-5493-s-chamberlain-blvd-34286-7246,3,2.0,1809,1920.0,2026-09-30,19 months,False,,,,,,,,https://www.invitationhomes.com/houses-for-rent/5493-s-chamberlain-blvd-34286-7246,2026-08-02,2026-09-30,FL,North Port,,,,,5493-s-chamberlain-blvd-34286-7246
2026-09-30,INVH,Tampa,"3725 Petunia Ter, North Port, FL, 34286",Tampa,INVH-3725-petunia-ter-34286-4320,4,2.0,1877,2095.0,2026-11-05,19 months,False,,,,,,,,https://www.invitationhomes.com/houses-for-rent/3725-petunia-ter-34286-4320,2026-09-30,2026-09-30,FL,North Port,,,,,3725-petunia-ter-34286-4320
2026-09-30,INVH,Tampa,"2385 Pellam Blvd, Port Charlotte, FL, 33948",Tampa,INVH-2385-pellam-blvd-33948-5834,3,2.0,1745,2095.0,2026-11-12,19 months,False,,,,,,,,https://www.invitationhomes.com/houses-for-rent/2385-pellam-blvd-33948-5834,2026-09-30,2026-09-30,FL,Port Charlotte,,,,,2385-pellam-blvd-33948-5834
2026-09-30,INVH,Tampa,"707 Hartford Dr NW, Port Charlotte, FL, 33952",Tampa,INVH-707-hartford-dr-nw-33952-5012,3,2.0,1316,1775.0,2026-09-30,19 months,False,,,,,,,,https://www.invitationhomes.com/houses-for-rent/707-hartford-dr-nw-33952-5012,2026-09-06,2026-09-30,FL,Port Charlotte,,,,,707-hartford-dr-nw-33952-5012
2026-09-30,INVH,Tampa,"20302 Lorenzo Ave, Port Charlotte, FL, 33952",Tampa,INVH-20302-lorenzo-ave-33952-9671,3,2.0,1245,1595.0,2026-09-30,19 months,False,,,,,,,,https://www.invitationhomes.com/houses-for-rent/20302-lorenzo-ave-33952-9671,2026-08-02,2026-09-30,FL,Port Charlotte,,,,,20302-lorenzo-ave-33952-9671
2026-09-30,INVH,Tampa,"21224 Alderson Ave, Port Charlotte, FL, 33952",Tampa,INVH-21224-alderson-ave-port-charlotte-fl-33952,3,2.0,1680,1699.0,2026-09-30,24 months,False,,,,,,,,https://www.invitationhomes.com/houses-for-rent/21224-alderson-ave-port-charlotte-fl-33952,2026-07-19,2026-09-30,FL,Port Charlotte,,,,,21224-alderson-ave-port-charlotte-fl-33952
2026-09-30,INVH,Tampa,"1354 Dewitt St, Port Charlotte, FL, 33952",Tampa,INVH-1354-dewitt-st-33952-2306,3,2.5,2228,2095.0,2026-10-28,19 months,False,,,,,,,,https://www.invitationhomes.com/houses-for-rent/1354-dewitt-st-33952-2306,2026-09-21,2026-09-30,FL,Port Charlotte,,,,,1354-dewitt-st-33952-2306
2026-09-30,INVH,Tampa,"360 Adair St, Port Charlotte, FL, 33954",Tampa,INVH-360-adair-st-33954-96332,4,2.0,1809,2095.0,2026-09-30,19 months,False,,,,,,,,https://www.invitationhomes.com/houses-for-rent/360-adair-st-33954-96332,2026-08-02,2026-09-30,FL,Port Charlotte,,,,,360-adair-st-33954-96332
2026-09-30,INVH,Tampa,"21207 Berkshire Ave, Port Charlotte, FL, 33954",Tampa,INVH-21207-berkshire-ave-33954-114651,4,2.0,1809,1995.0,2026-09-30,19 months,False,,,,,,,,https://www.invitationhomes.com/houses-for-rent/21207-berkshire-ave-33954-114651,2026-08-02,2026-09-30,FL,Port Charlotte,,,,,21207-berkshire-ave-33954-114651
2026-09-30,INVH,Tampa,"21499 Argosy Ave, Port Charlotte, FL, 33954",Tampa,INVH-21499-argosy-ave-33954-93945,4,2.0,1809,2145.0,2026-09-30,19 months,False,,,,,,,,https://www.invitationhomes.com/houses-for-rent/21499-argosy-ave-33954-93945,2026-08-10,2026-09-30,FL,Port Charlotte,,,,,21499-argosy-ave-33954-93945
2026-09-30,INVH,Tampa,"3511 Johannesberg Rd, North Port, FL, 34288",Tampa,INVH-3511-johannesberg-rd-34288-4246,4,2.0,1877,2245.0,2026-10-22,19 months,False,,,,,,,,https://www.invitationhomes.com/houses-for-rent/3511-johannesberg-rd-34288-4246,2026-09-09,2026-09-30,FL,North Port,,,,,3511-johannesberg-rd-34288-4246
2026-09-30,INVH,Tampa,"1508 Heberling Ave, North Port, FL, 34288",Tampa,INVH-1508-heberling-ave-34288-7665,4,2.0,1877,2295.0,2026-09-30,19 months,False,,,,,,,,https://www.invitationhomes.com/houses-for-rent/1508-heberling-ave-34288-7665,2026-09-30,2026-09-30,FL,North Port,,,,,1508-heberling-ave-34288-7665
2026-09-30,INVH,Tampa,"21370 Grayton Ter, Port Charlotte, FL, 33954",Tampa,INVH-21370-grayton-ter-33954-6991,3,2.0,1361,1749.0,2026-10-02,24 months,False,,,,,,,,https://www.invitationhomes.com/houses-for-rent/21370-grayton-ter-33954-6991,2026-08-23,2026-09-30,FL,Port Charlotte,,,,,21370-grayton-ter-33954-6991
2026-09-30,INVH,Tampa,"22552 Tennyson Ave, Port Charlotte, FL, 33954",Tampa,INVH-22552-tennyson-ave-33954-111372,4,2.0,1809,2075.0,2026-10-12,19 months,False,,,,,,,,https://www.invitationhomes.com/houses-for-rent/22552-tennyson-ave-33954-111372,2026-09-03,2026-09-30,FL,Port Charlotte,,,,,22552-tennyson-ave-33954-111372
2026-09-30,INVH,Tampa,"23112 Donalda Ave, Port Charlotte, FL, 33954",Tampa,INVH-23112-donalda-ave-port-charlotte-fl-33954,3,2.0,1422,1795.0,2026-10-31,19 months,False,,,,,,,,https://www.invitationhomes.com/houses-for-rent/23112-donalda-ave-port-charlotte-fl-33954,2026-09-21,2026-09-30,FL,Port Charlotte,,,,,23112-donalda-ave-port-charlotte-fl-33954
2026-09-30,INVH,Tampa,"23165 Lindale Ave, Port Charlotte, FL, 33954",Tampa,INVH-23165-lindale-ave-33954-96183,4,2.0,1809,1995.0,2026-09-30,19 months,False,,,,,,,,https://www.invitationhomes.com/houses-for-rent/23165-lindale-ave-33954-96183,2026-08-16,2026-09-30,FL,Port Charlotte,,,,,23165-lindale-ave-33954-96183
2026-09-30,INVH,Tampa,"27143 Ann Arbor Ave, Punta Gorda, FL, 33983",Tampa,INVH-27143-ann-arbor-ave-33983-8447,3,2.0,1762,1610.0,2026-09-30,19 months,False,,,,,,,,https://www.invitationhomes.com/houses-for-rent/27143-ann-arbor-ave-33983-8447,2026-07-19,2026-09-30,FL,Punta Gorda,,,,,27143-ann-arbor-ave-33983-8447
2026-09-30,INVH,Tampa,"2096 Mazatlan Rd, Punta Gorda, FL, 33983",Tampa,INVH-2096-mazatlan-rd-33983-90058,3,2.0,2196,1799.0,2026-09-30,24 months,False,,,,,,,,https://www.invitationhomes.com/houses-for-rent/2096-mazatlan-rd-33983-90058,2026-06-14,2026-09-30,FL,Punta Gorda,,,,,2096-mazatlan-rd-33983-90058
2026-09-30,INVH,Tampa,"1124 Fergus Ln, Punta Gorda, FL, 33983",Tampa,INVH-1124-fergus-ln-punta-gorda-fl-33983,3,2.0,2108,1945.0,2026-09-30,19 months,False,,,,,,,,https://www.invitationhomes.com/houses-for-rent/1124-fergus-ln-punta-gorda-fl-33983,2026-07-19,2026-09-30,FL,Punta Gorda,,,,,1124-fergus-ln-punta-gorda-fl-33983
2026-09-30,INVH,Tampa,"25208 Palisade Rd, Punta Gorda, FL, 33983",Tampa,INVH-25208-palisade-rd-33983-92872,3,2.0,1571,1799.0,2026-10-31,24 months,False,,,,,,,,https://www.invitationhomes.com/houses-for-rent/25208-palisade-rd-33983-92872,2026-09-21,2026-09-30,FL,Punta Gorda,,,,,25208-palisade-rd-33983-92872
2026-09-30,INVH,Tampa,"4263 Palatina Wy, North Fort Myers, FL, 33917",Tampa,INVH-4263-palatina-wy-33917-118122,5,2.5,2896,2399.0,2026-09-30,24 months,False,,,,,,,,https://www.invitationhomes.com/houses-for-rent/4263-palatina-wy-33917-118122,2026-08-16,2026-09-30,FL,North Fort Myers,,,,,4263-palatina-wy-33917-118122
2026-09-30,INVH,Tampa,"8591 W Price Blvd, North Port, FL, 34291",Tampa,INVH-8591-w-price-blvd-north-port-fl-34291,3,2.0,2218,2095.0,2026-11-09,19 months,False,,,,,,,,https://www.invitationhomes.com/houses-for-rent/8591-w-price-blvd-north-port-fl-34291,2026-09-30,2026-09-30,FL,North Port,,,,,8591-w-price-blvd-north-port-fl-34291
2026-09-30,INVH,Tampa,"3228 N Biscayne Dr, North Port, FL, 34291",Tampa,INVH-3228-n-biscayne-dr-34291-2829,3,2.0,1636,2145.0,2026-10-02,19 months,False,,,,,,,,https://www.invitationhomes.com/houses-for-rent/3228-n-biscayne-dr-34291-2829,2026-08-16,2026-09-30,FL,North Port,,,,,3228-n-biscayne-dr-34291-2829
2026-09-30,INVH,Tampa,"3191 Armour Ter, North Port, FL, 34291",Tampa,INVH-3191-armour-ter-34291-1560,3,2.0,2071,2195.0,2026-10-11,19 months,False,,,,,,,,https://www.invitationhomes.com/houses-for-rent/3191-armour-ter-34291-1560,2026-09-21,2026-09-30,FL,North Port,,,,,3191-armour-ter-34291-1560
2026-09-30,INVH,Tampa,"8325 Scanlon Ave, North Port, FL, 34291",Tampa,INVH-8325-scanlon-ave-34291-6634,3,2.0,1532,2345.0,2026-10-19,19 months,False,,,,,,,,https://www.invitationhomes.com/houses-for-rent/8325-scanlon-ave-34291-6634,2026-08-02,2026-09-30,FL,North Port,,,,,8325-scanlon-ave-34291-6634
2026-09-30,INVH,Tampa,"6048 Hornbuckle Blvd, North Port, FL, 34291",Tampa,INVH-6048-hornbuckle-blvd-north-port-fl-34291,3,2.0,2040,1945.0,2026-09-30,19 months,False,,,,,,,,https://www.invitationhomes.com/houses-for-rent/6048-hornbuckle-blvd-north-port-fl-34291,2026-07-19,2026-09-30,FL,North Port,,,,,6048-hornbuckle-blvd-north-port-fl-34291
2026-09-30,INVH,Tampa,"1524 Nicollett Ave, North Port, FL, 34286",Tampa,INVH-1524-nicollett-ave-34286-8884,3,2.0,1323,2045.0,2026-09-30,19 months,False,,,,,,,,https://www.invitationhomes.com/houses-for-rent/1524-nicollett-ave-34286-8884,2026-09-03,2026-09-30,FL,North Port,,,,,1524-nicollett-ave-34286-8884
2026-09-30,INVH,Tampa,"6906 20th Ave W, Bradenton, FL, 34209",Tampa,INVH-6906-20th-ave-w-34209-7929,2,2.0,1659,2275.0,2026-09-30,19 months,False,,,,,,,,https://www.invitationhomes.com/houses-for-rent/6906-20th-ave-w-34209-7929,2026-08-16,2026-09-30,FL,Bradenton,,,,,6906-20th-ave-w-34209-7929
2026-09-30,INVH,Tampa,"6906 16th Avenue Dr W, Bradenton, FL, 34209",Tampa,INVH-6906-16th-avenue-dr-w-bradenton-fl-34209,3,2.0,1679,2565.0,2026-09-30,19 months,False,,,,,,,,https://www.invitationhomes.com/houses-for-rent/6906-16th-avenue-dr-w-bradenton-fl-34209,2026-08-23,2026-09-30,FL,Bradenton,,,,,6906-16th-avenue-dr-w-bradenton-fl-34209
2026-09-30,INVH,Tampa,"108 57th St W, Bradenton, FL, 34209",Tampa,INVH-108-57th-st-w-34209-6465,4,3.0,1721,2395.0,2026-09-30,19 months,False,,,,,,,,https://www.invitationhomes.com/houses-for-rent/108-57th-st-w-34209-6465,2026-04-20,2026-09-30,FL,Bradenton,,,,,108-57th-st-w-34209-6465
2026-09-30,INVH,Tampa,"1201 71st St NW, Bradenton, FL, 34209",Tampa,INVH-1201-71st-st-nw-bradenton-fl-34209,3,2.0,1736,2845.0,2026-09-30,19 months,False,,,,,,,,https://www.invitationhomes.com/houses-for-rent/1201-71st-st-nw-bradenton-fl-34209,2026-08-23,2026-09-30,FL,Bradenton,,,,,1201-71st-st-nw-bradenton-fl-34209
2026-09-30,INVH,Tampa,"924 Brookwood Dr S, Saint Petersburg, FL, 33707",Tampa,INVH-924-brookwood-dr-s-33707-7745,2,1.0,1080,2395.0,2026-10-29,19 months,False,,,,,,,,https://www.invitationhomes.com/houses-for-rent/924-brookwood-dr-s-33707-7745,2026-09-21,2026-09-30,FL,Saint Petersburg,,,,,924-brookwood-dr-s-33707-7745
2026-09-30,INVH,Tampa,"777 La Plaza Ave S, St. Petersburg, FL, 33707",Tampa,INVH-777-la-plaza-ave-s-33707-103747,3,2.0,1972,3335.0,2026-09-30,19 months,False,,,,,,,,https://www.invitationhomes.com/houses-for-rent/777-la-plaza-ave-s-33707-103747,2026-08-02,2026-09-30,FL,St. Petersburg,,,,,777-la-plaza-ave-s-33707-103747
2026-09-30,INVH,Tampa,"6390 28th St S, Saint Petersburg, FL, 33712",Tampa,INVH-6390-28th-st-s-33712-6244,3,3.0,1998,2725.0,2026-09-30,19 months,False,,,,,,,,https://www.invitationhomes.com/houses-for-rent/6390-28th-st-s-33712-6244,2026-07-19,2026-09-30,FL,Saint Petersburg,,,,,6390-28th-st-s-33712-6244
2026-09-30,INVH,Tampa,"2512 Casilla Way S, Saint Petersburg, FL, 33712",Tampa,INVH-2512-casilla-way-s-33712-8011,3,2.0,1456,2449.0,2026-09-30,19 months,False,,,,,,,,https://www.invitationhomes.com/houses-for-rent/2512-casilla-way-s-33712-8011,2026-08-16,2026-09-30,FL,Saint Petersburg,,,,,2512-casilla-way-s-33712-8011
2026-09-30,INVH,Tampa,"5430 Dr Martin Luther King Jr St S, Saint Petersburg, FL, 33705",Tampa,INVH-5430-dr-martin-luther-king-jr-st-s-33705-3171,3,2.0,1442,2345.0,2026-10-28,19 months,False,,,,,,,,https://www.invitationhomes.com/houses-for-rent/5430-dr-martin-luther-king-jr-st-s-33705-3171,2026-09-21,2026-09-30,FL,Saint Petersburg,,,,,5430-dr-martin-luther-king-jr-st-s-33705-3171
2026-09-30,INVH,Tampa,"5205 10Th Ave S, Gulfport, FL, 33707",Tampa,INVH-5205-10th-ave-s-33707-103567,3,1.0,1134,2140.0,2026-09-30,19 months,False,,,,,,,,https://www.invitationhomes.com/houses-for-rent/5205-10th-ave-s-33707-103567,2026-04-20,2026-09-30,FL,Gulfport,,,,,5205-10th-ave-s-33707-103567
2026-09-30,INVH,Tampa,"2550 17Th Ave S, St. Petersburg, FL, 33712",Tampa,INVH-2550-17th-ave-s-33712-103540,3,1.0,920,1949.0,2026-09-30,21 months,False,,,,,,,,https://www.invitationhomes.com/houses-for-rent/2550-17th-ave-s-33712-103540,2026-08-02,2026-09-30,FL,St. Petersburg,,,,,2550-17th-ave-s-33712-103540
2026-09-30,INVH,Tampa,"4299 Elkcam Blvd SE, Saint Petersburg, FL, 33705",Tampa,INVH-4299-elkcam-blvd-33705-1798,4,2.0,1485,2395.0,2026-10-31,19 months,False,,,,,,,,https://www.invitationhomes.com/houses-for-rent/4299-elkcam-blvd-33705-1798,2026-09-21,2026-09-30,FL,Saint Petersburg,,,,,4299-elkcam-blvd-33705-1798
2026-09-30,INVH,Tampa,"6323 Georgia Ave, Bradenton, FL, 34207",Tampa,INVH-6323-georgia-ave-34207-4726,2,2.0,1726,2445.0,2026-10-31,19 months,False,,,,,,,,https://www.invitationhomes.com/houses-for-rent/6323-georgia-ave-34207-4726,2026-09-21,2026-09-30,FL,Bradenton,,,,,6323-georgia-ave-34207-4726
2026-09-30,INVH,Tampa,"5120 52nd Ave W, Bradenton, FL, 34210",Tampa,INVH-5120-52nd-ave-w-34210-9034,3,2.0,1964,2630.0,2026-09-30,19 months,False,,,,,,,,https://www.invitationhomes.com/houses-for-rent/5120-52nd-ave-w-34210-9034,2026-08-02,2026-09-30,FL,Bradenton,,,,,5120-52nd-ave-w-34210-9034
2026-09-30,INVH,Tampa,"3508 40th Ave W, Bradenton, FL, 34205",Tampa,INVH-3508-40th-ave-w-34205-7460,3,1.5,1307,1895.0,2026-09-30,19 months,False,,,,,,,,https://www.invitationhomes.com/houses-for-rent/3508-40th-ave-w-34205-7460,2026-07-19,2026-09-30,FL,Bradenton,,,,,3508-40th-ave-w-34205-7460
2026-09-30,INVH,Tampa,"3619 York Dr W, Bradenton, FL, 34205",Tampa,INVH-3619-york-dr-w-34205-7125,3,2.0,1679,2095.0,2026-09-30,19 months,False,,,,,,,,https://www.invitationhomes.com/houses-for-rent/3619-york-dr-w-34205-7125,2026-07-19,2026-09-30,FL,Bradenton,,,,,3619-york-dr-w-34205-7125
2026-09-30,INVH,Tampa,"2808 4th St E, Bradenton, FL, 34208",Tampa,INVH-2808-4th-st-e-34208-1077,3,1.0,1593,2095.0,2026-10-06,19 months,False,,,,,,,,https://www.invitationhomes.com/houses-for-rent/2808-4th-st-e-34208-1077,2026-09-21,2026-09-30,FL,Bradenton,,,,,2808-4th-st-e-34208-1077
2026-09-30,INVH,Tampa,"6034 39th Ct E, Bradenton, FL, 34203",Tampa,INVH-6034-39th-ct-e-34203-5039,4,2.0,2182,3345.0,2026-10-05,19 months,False,,,,,,,,https://www.invitationhomes.com/houses-for-rent/6034-39th-ct-e-34203-5039,2026-08-02,2026-09-30,FL,Bradenton,,,,,6034-39th-ct-e-34203-5039
2026-09-30,INVH,Tampa,"3923 57th Dr E, Bradenton, FL, 34203",Tampa,INVH-3923-57th-dr-e-34203-5575,3,2.0,1710,2495.0,2026-11-14,19 months,False,,,,,,,,https://www.invitationhomes.com/houses-for-rent/3923-57th-dr-e-34203-5575,2026-09-21,2026-09-30,FL,Bradenton,,,,,3923-57th-dr-e-34203-5575
2026-09-30,INVH,Tampa,"4307 2nd Ave E, Bradenton, FL, 34208",Tampa,INVH-4307-2nd-ave-e-34208-6868,4,2.0,1987,2845.0,2026-09-30,19 months,False,,,,,,,,https://www.invitationhomes.com/houses-for-rent/4307-2nd-ave-e-34208-6868,2026-08-23,2026-09-30,FL,Bradenton,,,,,4307-2nd-ave-e-34208-6868
2026-09-30,INVH,Tampa,"7084 Chatum Light Run, Bradenton, FL, 34212",Tampa,INVH-7084-chatum-light-run-bradenton-fl-34212,3,2.0,1829,2295.0,2026-11-10,19 months,False,,,,,,,,https://www.invitationhomes.com/houses-for-rent/7084-chatum-light-run-bradenton-fl-34212,2026-09-30,2026-09-30,FL,Bradenton,,,,,7084-chatum-light-run-bradenton-fl-34212
2026-09-30,INVH,Tampa,"324 Beacon Harbour Loop, Bradenton, FL, 34212",Tampa,INVH-324-beacon-harbour-loop-bradenton-fl-34212,4,2.5,2241,2695.0,2026-11-03,19 months,False,,,,,,,,https://www.invitationhomes.com/houses-for-rent/324-beacon-harbour-loop-bradenton-fl-34212,2026-09-21,2026-09-30,FL,Bradenton,,,,,324-beacon-harbour-loop-bradenton-fl-34212
2026-09-30,INVH,Tampa,"8819 Haven Harbour Way, Bradenton, FL, 34212",Tampa,INVH-8819-haven-harbour-way-bradenton-fl-34212,3,2.0,2029,2845.0,2026-09-30,19 months,False,,,,,,,,https://www.invitationhomes.com/houses-for-rent/8819-haven-harbour-way-bradenton-fl-34212,2026-08-23,2026-09-30,FL,Bradenton,,,,,8819-haven-harbour-way-bradenton-fl-34212
2026-09-30,INVH,Tampa,"1605 22nd Ave W, Palmetto, FL, 34221",Tampa,INVH-1605-22nd-ave-w-palmetto-fl-34221,3,2.5,2227,2295.0,2026-09-30,19 months,False,,,,,,,,https://www.invitationhomes.com/houses-for-rent/1605-22nd-ave-w-palmetto-fl-34221,2026-07-19,2026-09-30,FL,Palmetto,,,,,1605-22nd-ave-w-palmetto-fl-34221
2026-09-30,INVH,Tampa,"4018 Willow Branch Pl, Palmetto, FL, 34221",Tampa,INVH-4018-willow-branch-pl-34221-92141,4,2.0,1828,2445.0,2026-10-16,19 months,False,,,,,,,,https://www.invitationhomes.com/houses-for-rent/4018-willow-branch-pl-34221-92141,2026-09-03,2026-09-30,FL,Palmetto,,,,,4018-willow-branch-pl-34221-92141
2026-09-30,INVH,Tampa,"2303 16th Avenue Cir E, Palmetto, FL, 34221",Tampa,INVH-2303-16th-avenue-cir-e-34221-3781,3,2.0,1052,1940.0,2026-11-09,19 months,False,,,,,,,,https://www.invitationhomes.com/houses-for-rent/2303-16th-avenue-cir-e-34221-3781,2026-09-30,2026-09-30,FL,Palmetto,,,,,2303-16th-avenue-cir-e-34221-3781
2026-09-30,INVH,Tampa,"5431 Los Robles Ct, Palmetto, FL, 34221",Tampa,INVH-5431-los-robles-ct-34221-91280,4,2.0,1633,2270.0,2026-09-30,19 months,False,,,,,,,,https://www.invitationhomes.com/houses-for-rent/5431-los-robles-ct-34221-91280,2026-07-19,2026-09-30,FL,Palmetto,,,,,5431-los-robles-ct-34221-91280
2026-09-30,INVH,Tampa,"4036 Day Bridge Pl, Ellenton, FL, 34222",Tampa,INVH-4036-day-bridge-pl-34222-6867,4,2.5,2014,2245.0,2026-09-30,19 months,False,,,,,,,,https://www.invitationhomes.com/houses-for-rent/4036-day-bridge-pl-34222-6867,2026-08-02,2026-09-30,FL,Ellenton,,,,,4036-day-bridge-pl-34222-6867
2026-09-30,INVH,Tampa,"4122 Rocky Fork Ter, Ellenton, FL, 34222",Tampa,INVH-4122-rocky-fork-ter-34222-7093,4,2.5,2014,2345.0,2026-10-30,19 months,False,,,,,,,,https://www.invitationhomes.com/houses-for-rent/4122-rocky-fork-ter-34222-7093,2026-09-30,2026-09-30,FL,Ellenton,,,,,4122-rocky-fork-ter-34222-7093
2026-09-30,INVH,Tampa,"4001 91st Ave E, Parrish, FL, 34219",Tampa,INVH-4001-91st-ave-e-34219-4637,4,3.0,2988,2515.0,2026-09-30,19 months,False,,,,,,,,https://www.invitationhomes.com/houses-for-rent/4001-91st-ave-e-34219-4637,2026-06-09,2026-09-30,FL,Parrish,,,,,4001-91st-ave-e-34219-4637
2026-09-30,INVH,Tampa,"3915 91st Ave E, Parrish, FL, 34219",Tampa,INVH-3915-91st-ave-e-parrish-fl-34219,4,3.0,2498,3365.0,2026-11-14,19 months,False,,,,,,,,https://www.invitationhomes.com/houses-for-rent/3915-91st-ave-e-parrish-fl-34219,2026-09-30,2026-09-30,FL,Parrish,,,,,3915-91st-ave-e-parrish-fl-34219
2026-09-30,INVH,Tampa,"4108 101st Ave E, Parrish, FL, 34219",Tampa,INVH-4108-101st-ave-e-parrish-fl-34219,4,2.5,2549,2480.0,2026-09-30,19 months,False,,,,,,,,https://www.invitationhomes.com/houses-for-rent/4108-101st-ave-e-parrish-fl-34219,2026-08-02,2026-09-30,FL,Parrish,,,,,4108-101st-ave-e-parrish-fl-34219
2026-09-30,INVH,Tampa,"10232 41st Ct E, Parrish, FL, 34219",Tampa,INVH-10232-41st-ct-e-parrish-fl-34219,3,2.0,1411,2135.0,2026-09-30,19 months,False,,,,,,,,https://www.invitationhomes.com/houses-for-rent/10232-41st-ct-e-parrish-fl-34219,2026-04-04,2026-09-30,FL,Parrish,,,,,10232-41st-ct-e-parrish-fl-34219
2026-09-30,INVH,Tampa,"4502 70th Ave E, Ellenton, FL, 34222",Tampa,INVH-4502-70th-ave-e-34222-5238,3,2.0,2454,2449.0,2026-09-30,19 months,False,,,,,,,,https://www.invitationhomes.com/houses-for-rent/4502-70th-ave-e-34222-5238,2026-08-16,2026-09-30,FL,Ellenton,,,,,4502-70th-ave-e-34222-5238
2026-09-30,INVH,Tampa,"4809 Trout River Xing, Ellenton, FL, 34222",Tampa,INVH-4809-trout-river-xing-34222-9612,4,3.5,2909,2745.0,2026-09-30,19 months,False,,,,,,,,https://www.invitationhomes.com/houses-for-rent/4809-trout-river-xing-34222-9612,2026-09-09,2026-09-30,FL,Ellenton,,,,,4809-trout-river-xing-34222-9612
2026-09-30,INVH,Tampa,"6509 67th St E, Palmetto, FL, 34221",Tampa,INVH-6509-67th-st-e-palmetto-fl-34221,3,2.0,1535,2135.0,2026-09-30,19 months,False,,,,,,,,https://www.invitationhomes.com/houses-for-rent/6509-67th-st-e-palmetto-fl-34221,2026-09-12,2026-09-30,FL,Palmetto,,,,,6509-67th-st-e-palmetto-fl-34221
2026-09-30,INVH,Tampa,"5927 Oak Mill Ter, Palmetto, FL, 34221",Tampa,INVH-5927-oak-mill-ter-34221-112924,3,2.0,1390,2360.0,2026-10-27,19 months,False,,,,,,,,https://www.invitationhomes.com/houses-for-rent/5927-oak-mill-ter-34221-112924,2026-09-12,2026-09-30,FL,Palmetto,,,,,5927-oak-mill-ter-34221-112924
2026-09-30,INVH,Tampa,"7539 39th Ave E, Palmetto, FL, 34221",Tampa,INVH-7539-39th-ave-e-34221-90446,3,2.0,1970,2495.0,2026-10-30,19 months,False,,,,,,,,https://www.invitationhomes.com/houses-for-rent/7539-39th-ave-e-34221-90446,2026-09-21,2026-09-30,FL,Palmetto,,,,,7539-39th-ave-e-34221-90446
2026-09-30,INVH,Tampa,"7122 50th Ave E, Palmetto, FL, 34221",Tampa,INVH-7122-50th-ave-e-palmetto-fl-34221,4,2.0,2106,2645.0,2026-11-12,19 months,False,,,,,,,,https://www.invitationhomes.com/houses-for-rent/7122-50th-ave-e-palmetto-fl-34221,2026-09-30,2026-09-30,FL,Palmetto,,,,,7122-50th-ave-e-palmetto-fl-34221
2026-09-30,INVH,Tampa,"8511 37Th Ter E, Palmetto, FL, 34221",Tampa,INVH-8511-37th-terrace-e-34221-116115,3,2.0,1555,2175.0,2026-09-30,24 months,False,,,,,,,,https://www.invitationhomes.com/houses-for-rent/8511-37th-terrace-e-34221-116115,2026-08-16,2026-09-30,FL,Palmetto,,,,,8511-37th-terrace-e-34221-116115
2026-09-30,INVH,Tampa,"3712 86th St E, Palmetto, FL, 34221",Tampa,INVH-3712-86th-st-e-34221-116086,3,2.0,1461,2090.0,2026-09-30,24 months,False,,,,,,,,https://www.invitationhomes.com/houses-for-rent/3712-86th-st-e-34221-116086,2026-08-02,2026-09-30,FL,Palmetto,,,,,3712-86th-st-e-34221-116086
2026-09-30,INVH,Tampa,"8609 40Th Cir E, Palmetto, FL, 34221",Tampa,INVH-8609-40th-cir-e-34221-116091,4,2.0,1936,2149.0,2026-09-30,24 months,False,,,,,,,,https://www.invitationhomes.com/houses-for-rent/8609-40th-cir-e-34221-116091,2026-05-24,2026-09-30,FL,Palmetto,,,,,8609-40th-cir-e-34221-116091
2026-09-30,INVH,Tampa,"8615 41st Ave E, Palmetto, FL, 34221",Tampa,INVH-8615-41st-av-e-34221-116066,3,2.0,1461,2135.0,2026-09-30,24 months,False,,,,,,,,https://www.invitationhomes.com/houses-for-rent/8615-41st-av-e-34221-116066,2026-04-04,2026-09-30,FL,Palmetto,,,,,8615-41st-av-e-34221-116066
2026-09-30,INVH,Tampa,"8658 40Th Cir E, Palmetto, FL, 34221",Tampa,INVH-8658-40th-cir-e-34221-116069,4,2.0,1817,2275.0,2026-11-11,24 months,False,,,,,,,,https://www.invitationhomes.com/houses-for-rent/8658-40th-cir-e-34221-116069,2026-09-30,2026-09-30,FL,Palmetto,,,,,8658-40th-cir-e-34221-116069
2026-09-30,INVH,Tampa,"8657 40th Cir E, Palmetto, FL, 34221",Tampa,INVH-8657-40th-cir-e-34221-116060,4,2.0,1817,2249.0,2026-09-30,24 months,False,,,,,,,,https://www.invitationhomes.com/houses-for-rent/8657-40th-cir-e-34221-116060,2026-08-16,2026-09-30,FL,Palmetto,,,,,8657-40th-cir-e-34221-116060
2026-09-30,INVH,Tampa,"7751 Harbor Moor Dr, Palmetto, FL, 34221",Tampa,INVH-7751-harbor-moor-dr-34221-119920,4,2.0,1828,2499.0,2026-10-08,24 months,False,,,,,,,,https://www.invitationhomes.com/houses-for-rent/7751-harbor-moor-dr-34221-119920,2026-09-03,2026-09-30,FL,Palmetto,,,,,7751-harbor-moor-dr-34221-119920
2026-09-30,INVH,Tampa,"7758 Harbor Moor Dr, Palmetto, FL, 34221",Tampa,INVH-7758-harbor-moor-dr-34221-119976,4,2.0,1828,2499.0,2026-10-27,24 months,False,,,,,,,,https://www.invitationhomes.com/houses-for-rent/7758-harbor-moor-dr-34221-119976,2026-09-12,2026-09-30,FL,Palmetto,,,,,7758-harbor-moor-dr-34221-119976
2026-09-30,INVH,Tampa,"8918 Founders Cir, Palmetto, FL, 34221",Tampa,INVH-8918-founders-cir-34221-1351,3,2.5,2042,2420.0,2026-10-06,19 months,False,,,,,,,,https://www.invitationhomes.com/houses-for-rent/8918-founders-cir-34221-1351,2026-09-03,2026-09-30,FL,Palmetto,,,,,8918-founders-cir-34221-1351
2026-09-30,INVH,Tampa,"8832 Founders Cir, Palmetto, FL, 34221",Tampa,INVH-8832-founders-cir-34221-2529,3,2.5,2041,2495.0,2026-11-05,19 months,False,,,,,,,,https://www.invitationhomes.com/houses-for-rent/8832-founders-cir-34221-2529,2026-09-30,2026-09-30,FL,Palmetto,,,,,8832-founders-cir-34221-2529
2026-09-30,INVH,Tampa,"4393 85th Avenue Cir E, Parrish, FL, 34219",Tampa,INVH-4393-85th-avenue-cir-e-34219-3124,5,4.0,2969,2895.0,2026-10-12,19 months,False,,,,,,,,https://www.invitationhomes.com/houses-for-rent/4393-85th-avenue-cir-e-34219-3124,2026-09-12,2026-09-30,FL,Parrish,,,,,4393-85th-avenue-cir-e-34219-3124
2026-09-30,INVH,Tampa,"9940 58th St E, Parrish, FL, 34219",Tampa,INVH-9940-58th-st-e-parrish-fl-34219,4,2.0,2457,2745.0,2026-10-12,19 months,False,,,,,,,,https://www.invitationhomes.com/houses-for-rent/9940-58th-st-e-parrish-fl-34219,2026-09-30,2026-09-30,FL,Parrish,,,,,9940-58th-st-e-parrish-fl-34219
2026-09-30,INVH,Tampa,"11245 82nd St E, Parrish, FL, 34219",Tampa,INVH-11245-82nd-st-e-34219-112899,3,2.0,1489,2465.0,2026-10-02,19 months,False,,,,,,,,https://www.invitationhomes.com/houses-for-rent/11245-82nd-st-e-34219-112899,2026-09-03,2026-09-30,FL,Parrish,,,,,11245-82nd-st-e-34219-112899
2026-09-30,INVH,Tampa,"6614 Oakbrooke Cir, Bradenton, FL, 34202",Tampa,INVH-6614-oakbrooke-cir-bradenton-fl-34202,3,2.0,2281,2745.0,2026-09-30,19 months,False,,,,,,,,https://www.invitationhomes.com/houses-for-rent/6614-oakbrooke-cir-bradenton-fl-34202,2026-08-02,2026-09-30,FL,Bradenton,,,,,6614-oakbrooke-cir-bradenton-fl-34202
2026-09-30,INVH,Tampa,"11286 Beebalm Cir, Lakewood Ranch, FL, 34202",Tampa,INVH-11286-beebalm-cir-lakewood-ranch-fl-34202,3,2.0,1734,2920.0,2026-09-30,19 months,False,,,,,,,,https://www.invitationhomes.com/houses-for-rent/11286-beebalm-cir-lakewood-ranch-fl-34202,2026-08-23,2026-09-30,FL,Lakewood Ranch,,,,,11286-beebalm-cir-lakewood-ranch-fl-34202
2026-09-30,INVH,Tampa,"11914 Meadowgate Pl, Bradenton, FL, 34211",Tampa,INVH-11914-meadowgate-pl-34211-113713,3,2.5,1932,2895.0,2026-10-11,19 months,False,,,,,,,,https://www.invitationhomes.com/houses-for-rent/11914-meadowgate-pl-34211-113713,2026-09-03,2026-09-30,FL,Bradenton,,,,,11914-meadowgate-pl-34211-113713
2026-09-30,INVH,Tampa,"14814 7th Ave E, Bradenton, FL, 34212",Tampa,INVH-14814-7th-ave-e-34212-3396,3,2.0,1948,2705.0,2026-10-12,19 months,False,,,,,,,,https://www.invitationhomes.com/houses-for-rent/14814-7th-ave-e-34212-3396,2026-04-20,2026-09-30,FL,Bradenton,,,,,14814-7th-ave-e-34212-3396
2026-09-30,INVH,Tampa,"15124 3rd Dr E, Bradenton, FL, 34212",Tampa,INVH-15124-3rd-dr-e-bradenton-fl-34212,3,2.0,2321,2845.0,2026-11-12,19 months,False,,,,,,,,https://www.invitationhomes.com/houses-for-rent/15124-3rd-dr-e-bradenton-fl-34212,2026-09-30,2026-09-30,FL,Bradenton,,,,,15124-3rd-dr-e-bradenton-fl-34212
2026-09-30,INVH,Tampa,"18224 Wheathouse Pl, Bradenton, FL, 34211",Tampa,INVH-18224-wheathouse-pl-34211-122329,3,2.0,1672,2695.0,2026-09-30,19 months,False,,,,,,,,https://www.invitationhomes.com/houses-for-rent/18224-wheathouse-pl-34211-122329,2026-08-02,2026-09-30,FL,Bradenton,,,,,18224-wheathouse-pl-34211-122329
2026-09-30,INVH,Tampa,"12567 23rd St E, Parrish, FL, 34219",Tampa,INVH-12567-23rd-st-e-parrish-fl-34219,3,2.0,2459,2345.0,2026-09-30,19 months,False,,,,,,,,https://www.invitationhomes.com/houses-for-rent/12567-23rd-st-e-parrish-fl-34219,2026-07-19,2026-09-30,FL,Parrish,,,,,12567-23rd-st-e-parrish-fl-34219
2026-09-30,INVH,Tampa,"1734 142nd Ter E, Parrish, FL, 34219",Tampa,INVH-1734-142nd-ter-e-34219-111269,4,2.5,2145,2499.0,2026-11-03,24 months,False,,,,,,,,https://www.invitationhomes.com/houses-for-rent/1734-142nd-ter-e-34219-111269,2026-09-21,2026-09-30,FL,Parrish,,,,,1734-142nd-ter-e-34219-111269
2026-09-30,INVH,Tampa,"12243 23rd St E, Parrish, FL, 34219",Tampa,INVH-12243-23rd-st-e-parrish-fl-34219,4,2.0,2183,2290.0,2026-09-30,19 months,False,,,,,,,,https://www.invitationhomes.com/houses-for-rent/12243-23rd-st-e-parrish-fl-34219,2026-07-19,2026-09-30,FL,Parrish,,,,,12243-23rd-st-e-parrish-fl-34219
2026-09-30,INVH,Tampa,"14130 17th Ct E, Parrish, FL, 34219",Tampa,INVH-14130-17th-ct-e-34219-96448,3,2.0,1959,2499.0,2026-11-14,24 months,False,,,,,,,,https://www.invitationhomes.com/houses-for-rent/14130-17th-ct-e-34219-96448,2026-09-30,2026-09-30,FL,Parrish,,,,,14130-17th-ct-e-34219-96448
2026-09-30,INVH,Tampa,"14246 17th Ct, Parrish, FL, 34219",Tampa,INVH-14246-17th-ct-34219-95960,4,2.5,2145,2499.0,2026-09-30,24 months,False,,,,,,,,https://www.invitationhomes.com/houses-for-rent/14246-17th-ct-34219-95960,2026-09-03,2026-09-30,FL,Parrish,,,,,14246-17th-ct-34219-95960
2026-09-30,INVH,Tampa,"14204 17th Ct E, Parrish, FL, 34219",Tampa,INVH-14204-17th-ct-e-34219-96455,4,2.5,2145,2499.0,2026-10-10,24 months,False,,,,,,,,https://www.invitationhomes.com/houses-for-rent/14204-17th-ct-e-34219-96455,2026-08-02,2026-09-30,FL,Parrish,,,,,14204-17th-ct-e-34219-96455
2026-09-30,INVH,Tampa,"4910 Forest Creek Trl, Parrish, FL, 34219",Tampa,INVH-4910-forest-creek-trl-34219-8948,3,2.5,1680,2245.0,2026-10-10,19 months,False,,,,,,,,https://www.invitationhomes.com/houses-for-rent/4910-forest-creek-trl-34219-8948,2026-09-03,2026-09-30,FL,Parrish,,,,,4910-forest-creek-trl-34219-8948
2026-09-30,INVH,Tampa,"7935 113th Avenue Cir E, Parrish, FL, 34219",Tampa,INVH-7935-113th-avenue-cir-e-parrish-fl-34219,4,2.0,1846,2915.0,2026-10-14,19 months,False,,,,,,,,https://www.invitationhomes.com/houses-for-rent/7935-113th-avenue-cir-e-parrish-fl-34219,2026-09-03,2026-09-30,FL,Parrish,,,,,7935-113th-avenue-cir-e-parrish-fl-34219
2026-09-30,INVH,Tampa,"2803 95th St E, Palmetto, FL, 34221",Tampa,INVH-2803-95th-st-e-palmetto-fl-34221,4,2.0,1633,2160.0,2026-09-30,19 months,False,,,,,,,,https://www.invitationhomes.com/houses-for-rent/2803-95th-st-e-palmetto-fl-34221,2026-08-23,2026-09-30,FL,Palmetto,,,,,2803-95th-st-e-palmetto-fl-34221
2026-09-30,INVH,Tampa,"9707 33rd Ave E, Palmetto, FL, 34221",Tampa,INVH-9707-33rd-ave-e-34221-5003,3,3.0,2123,2290.0,2026-09-30,19 months,False,,,,,,,,https://www.invitationhomes.com/houses-for-rent/9707-33rd-ave-e-34221-5003,2026-08-10,2026-09-30,FL,Palmetto,,,,,9707-33rd-ave-e-34221-5003
2026-09-30,INVH,Tampa,"4107 112th St E, Palmetto, FL, 34221",Tampa,INVH-4107-112th-st-e-34221-122652,4,2.0,1828,2395.0,2026-11-12,19 months,False,,,,,,,,https://www.invitationhomes.com/houses-for-rent/4107-112th-st-e-34221-122652,2026-09-30,2026-09-30,FL,Palmetto,,,,,4107-112th-st-e-34221-122652
2026-09-30,INVH,Tampa,"10903 Gentle Current Wy, Parrish, FL, 34219",Tampa,INVH-10903-gentle-current-wy-34219-122513,4,2.0,1828,2495.0,2026-09-30,19 months,False,,,,,,,,https://www.invitationhomes.com/houses-for-rent/10903-gentle-current-wy-34219-122513,2026-08-02,2026-09-30,FL,Parrish,,,,,10903-gentle-current-wy-34219-122513
2026-09-30,INVH,Tampa,"1835 Raven Glen Dr, Ruskin, FL, 33570",Tampa,INVH-1835-raven-glen-dr-33570-8059,3,2.0,1988,2065.0,2026-09-30,19 months,False,,,,,,,,https://www.invitationhomes.com/houses-for-rent/1835-raven-glen-dr-33570-8059,2026-08-10,2026-09-30,FL,Ruskin,,,,,1835-raven-glen-dr-33570-8059
2026-09-30,INVH,Tampa,"1619 Bonita Bluff Ct, Ruskin, FL, 33570",Tampa,INVH-1619-bonita-bluff-ct-ruskin-fl-33570,4,2.0,2061,2240.0,2026-10-12,19 months,False,,,,,,,,https://www.invitationhomes.com/houses-for-rent/1619-bonita-bluff-ct-ruskin-fl-33570,2026-09-03,2026-09-30,FL,Ruskin,,,,,1619-bonita-bluff-ct-ruskin-fl-33570
2026-09-30,INVH,Tampa,"1815 Mira Lago Cir, Ruskin, FL, 33570",Tampa,INVH-1815-mira-lago-cir-33570-3117,4,3.0,2256,2420.0,2026-09-30,19 months,False,,,,,,,,https://www.invitationhomes.com/houses-for-rent/1815-mira-lago-cir-33570-3117,2026-09-03,2026-09-30,FL,Ruskin,,,,,1815-mira-lago-cir-33570-3117
2026-09-30,INVH,Tampa,"1423 Tahoe Springs Ct, Ruskin, FL, 33570",Tampa,INVH-1423-tahoe-springs-ct-ruskin-fl-33570,5,2.5,2719,2399.0,2026-09-30,19 months,False,,,,,,,,https://www.invitationhomes.com/houses-for-rent/1423-tahoe-springs-ct-ruskin-fl-33570,2026-07-19,2026-09-30,FL,Ruskin,,,,,1423-tahoe-springs-ct-ruskin-fl-33570
2026-09-30,INVH,Tampa,"2310 Lawrence Hall St, Ruskin, FL, 33570",Tampa,INVH-2310-lawrence-hall-st-33570-7986,3,2.0,2062,1980.0,2026-09-30,19 months,False,,,,,,,,https://www.invitationhomes.com/houses-for-rent/2310-lawrence-hall-st-33570-7986,2026-07-19,2026-09-30,FL,Ruskin,,,,,2310-lawrence-hall-st-33570-7986
2026-09-30,INVH,Tampa,"1859 Crinkle Leaf Ct, Ruskin, FL, 33570",Tampa,INVH-1859-crinkle-leaf-ct-33570-116395,4,2.5,2584,2585.0,2026-09-30,24 months,False,,,,,,,,https://www.invitationhomes.com/houses-for-rent/1859-crinkle-leaf-ct-33570-116395,2026-04-04,2026-09-30,FL,Ruskin,,,,,1859-crinkle-leaf-ct-33570-116395
2026-09-30,INVH,Tampa,"1542 Flower Dust Dr, Ruskin, FL, 33570",Tampa,INVH-1542-flower-dust-dr-33570-116428,4,2.0,1817,2225.0,2026-10-20,24 months,False,,,,,,,,https://www.invitationhomes.com/houses-for-rent/1542-flower-dust-dr-33570-116428,2026-09-06,2026-09-30,FL,Ruskin,,,,,1542-flower-dust-dr-33570-116428
2026-09-30,INVH,Tampa,"1524 Flower Dust Dr, Ruskin, FL, 33570",Tampa,INVH-1524-flower-dust-dr-33570-116426,4,2.5,2584,2575.0,2026-09-30,24 months,False,,,,,,,,https://www.invitationhomes.com/houses-for-rent/1524-flower-dust-dr-33570-116426,2026-08-10,2026-09-30,FL,Ruskin,,,,,1524-flower-dust-dr-33570-116426
2026-09-30,INVH,Tampa,"1580 Blue Rose Dr, Ruskin, FL, 33570",Tampa,INVH-1580-blue-rose-dr-33570-116370,5,2.5,2896,2745.0,2026-09-30,24 months,False,,,,,,,,https://www.invitationhomes.com/houses-for-rent/1580-blue-rose-dr-33570-116370,2026-08-02,2026-09-30,FL,Ruskin,,,,,1580-blue-rose-dr-33570-116370
2026-09-30,INVH,Tampa,"1472 Flower Dust Dr, Ruskin, FL, 33570",Tampa,INVH-1472-flower-dust-dr-33570-116420,4,2.0,1936,2249.0,2026-10-25,24 months,False,,,,,,,,https://www.invitationhomes.com/houses-for-rent/1472-flower-dust-dr-33570-116420,2026-09-12,2026-09-30,FL,Ruskin,,,,,1472-flower-dust-dr-33570-116420
2026-09-30,INVH,Tampa,"1569 Blue Rose Dr, Ruskin, FL, 33570",Tampa,INVH-1569-blue-rose-dr-33570-116436,4,2.0,1817,2099.0,2026-09-30,24 months,False,,,,,,,,https://www.invitationhomes.com/houses-for-rent/1569-blue-rose-dr-33570-116436,2026-07-19,2026-09-30,FL,Ruskin,,,,,1569-blue-rose-dr-33570-116436
2026-09-30,INVH,Tampa,"1506 Blue Rose Dr, Ruskin, FL, 33570",Tampa,INVH-1506-blue-rose-dr-33570-116350,4,2.0,1936,2249.0,2026-09-30,24 months,False,,,,,,,,https://www.invitationhomes.com/houses-for-rent/1506-blue-rose-dr-33570-116350,2026-08-23,2026-09-30,FL,Ruskin,,,,,1506-blue-rose-dr-33570-116350
2026-09-30,INVH,Tampa,"1108 Barclay Wood Dr, Ruskin, FL, 33570",Tampa,INVH-1108-barclay-wood-dr-ruskin-fl-33570,4,2.0,2044,2199.0,2026-09-30,20 months,False,,,,,,,,https://www.invitationhomes.com/houses-for-rent/1108-barclay-wood-dr-ruskin-fl-33570,2026-08-16,2026-09-30,FL,Ruskin,,,,,1108-barclay-wood-dr-ruskin-fl-33570
2026-09-30,INVH,Tampa,"603 Sunlit Coral St, Ruskin, FL, 33570",Tampa,INVH-603-sunlit-coral-st-33570-90963,4,2.5,2260,2445.0,2026-09-30,19 months,False,,,,,,,,https://www.invitationhomes.com/houses-for-rent/603-sunlit-coral-st-33570-90963,2026-07-19,2026-09-30,FL,Ruskin,,,,,603-sunlit-coral-st-33570-90963
2026-09-30,INVH,Tampa,"712 Cristelle Jean Dr, Ruskin, FL, 33570",Tampa,INVH-712-cristelle-jean-dr-33570-2023,3,2.0,1380,1910.0,2026-09-30,19 months,False,,,,,,,,https://www.invitationhomes.com/houses-for-rent/712-cristelle-jean-dr-33570-2023,2026-08-02,2026-09-30,FL,Ruskin,,,,,712-cristelle-jean-dr-33570-2023
2026-09-30,INVH,Tampa,"916 Cristelle Jean Dr, Ruskin, FL, 33570",Tampa,INVH-916-cristelle-jean-dr-33570-3935,3,2.5,1792,2099.0,2026-09-30,20 months,False,,,,,,,,https://www.invitationhomes.com/houses-for-rent/916-cristelle-jean-dr-33570-3935,2026-08-16,2026-09-30,FL,Ruskin,,,,,916-cristelle-jean-dr-33570-3935
2026-09-30,INVH,Tampa,"1826 Hawks View Dr, Ruskin, FL, 33570",Tampa,INVH-1826-hawks-view-dr-33570-112817,3,2.5,1804,2235.0,2026-11-09,19 months,False,,,,,,,,https://www.invitationhomes.com/houses-for-rent/1826-hawks-view-dr-33570-112817,2026-09-30,2026-09-30,FL,Ruskin,,,,,1826-hawks-view-dr-33570-112817
2026-09-30,INVH,Tampa,"5239 Moon Shell Dr, Apollo Beach, FL, 33572",Tampa,INVH-5239-moon-shell-dr-33572-95310,3,2.5,2573,2595.0,2026-10-06,19 months,False,,,,,,,,https://www.invitationhomes.com/houses-for-rent/5239-moon-shell-dr-33572-95310,2026-09-06,2026-09-30,FL,Apollo Beach,,,,,5239-moon-shell-dr-33572-95310
2026-09-30,INVH,Tampa,"2237 Treesdale Ave, Ruskin, FL, 33570",Tampa,INVH-2237-treesdale-av-33570-116141,5,2.5,2217,2399.0,2026-10-09,24 months,False,,,,,,,,https://www.invitationhomes.com/houses-for-rent/2237-treesdale-av-33570-116141,2026-08-16,2026-09-30,FL,Ruskin,,,,,2237-treesdale-av-33570-116141
2026-09-30,INVH,Tampa,"2207 Jungle Dr, Ruskin, FL, 33570",Tampa,INVH-2207-jungle-dr-33570-116203,5,2.5,2389,2449.0,2026-09-30,24 months,False,,,,,,,,https://www.invitationhomes.com/houses-for-rent/2207-jungle-dr-33570-116203,2026-08-16,2026-09-30,FL,Ruskin,,,,,2207-jungle-dr-33570-116203
2026-09-30,INVH,Tampa,"2190 Jungle Dr, Ruskin, FL, 33570",Tampa,INVH-2190-jungle-dr-33570-116162,5,2.5,2389,2449.0,2026-09-30,24 months,False,,,,,,,,https://www.invitationhomes.com/houses-for-rent/2190-jungle-dr-33570-116162,2026-08-10,2026-09-30,FL,Ruskin,,,,,2190-jungle-dr-33570-116162
2026-09-30,INVH,Tampa,"2231 Jungle Dr, Ruskin, FL, 33570",Tampa,INVH-2231-jungle-dr-33570-116197,5,2.5,2217,2399.0,2026-09-30,24 months,False,,,,,,,,https://www.invitationhomes.com/houses-for-rent/2231-jungle-dr-33570-116197,2026-08-02,2026-09-30,FL,Ruskin,,,,,2231-jungle-dr-33570-116197
2026-09-30,INVH,Tampa,"2242 Jungle Dr, Ruskin, FL, 33570",Tampa,INVH-2242-jungle-dr-33570-116174,5,2.5,2389,2449.0,2026-09-30,24 months,False,,,,,,,,https://www.invitationhomes.com/houses-for-rent/2242-jungle-dr-33570-116174,2026-08-16,2026-09-30,FL,Ruskin,,,,,2242-jungle-dr-33570-116174
2026-09-30,INVH,Tampa,"2248 Golden Falcon Dr, Ruskin, FL, 33570",Tampa,INVH-2248-golden-falcon-dr-33570-112825,3,2.5,1624,2045.0,2026-09-30,19 months,False,,,,,,,,https://www.invitationhomes.com/houses-for-rent/2248-golden-falcon-dr-33570-112825,2026-09-03,2026-09-30,FL,Ruskin,,,,,2248-golden-falcon-dr-33570-112825
2026-09-30,INVH,Tampa,"2262 Treesdale Ave, Ruskin, FL, 33570",Tampa,INVH-2262-treesdale-av-33570-116219,4,2.5,1870,2349.0,2026-11-12,24 months,False,,,,,,,,https://www.invitationhomes.com/houses-for-rent/2262-treesdale-av-33570-116219,2026-07-19,2026-09-30,FL,Ruskin,,,,,2262-treesdale-av-33570-116219
2026-09-30,INVH,Tampa,"2366 Jungle Dr, Ruskin, FL, 33570",Tampa,INVH-2366-jungle-dr-33570-116123,5,2.5,2389,2449.0,2026-10-30,24 months,False,,,,,,,,https://www.invitationhomes.com/houses-for-rent/2366-jungle-dr-33570-116123,2026-09-21,2026-09-30,FL,Ruskin,,,,,2366-jungle-dr-33570-116123
2026-09-30,INVH,Tampa,"2270 Jungle Dr, Ruskin, FL, 33570",Tampa,INVH-2270-jungle-dr-33570-116181,5,2.5,2389,2449.0,2026-10-14,24 months,False,,,,,,,,https://www.invitationhomes.com/houses-for-rent/2270-jungle-dr-33570-116181,2026-09-30,2026-09-30,FL,Ruskin,,,,,2270-jungle-dr-33570-116181
2026-09-30,INVH,Tampa,"431 Floridana Dr, Apollo Beach, FL, 33572",Tampa,INVH-431-floridana-dr-33572-103464,4,1.0,1300,1960.0,2026-09-30,19 months,False,,,,,,,,https://www.invitationhomes.com/houses-for-rent/431-floridana-dr-33572-103464,2026-08-16,2026-09-30,FL,Apollo Beach,,,,,431-floridana-dr-33572-103464
2026-09-30,INVH,Tampa,"7202 Jenkins Vista Ct, Sun City Center, FL, 33573",Tampa,INVH-7202-jenkins-vista-ct-33573-116257,6,3.0,2580,2645.0,2026-09-30,24 months,False,,,,,,,,https://www.invitationhomes.com/houses-for-rent/7202-jenkins-vista-ct-33573-116257,2026-08-10,2026-09-30,FL,Sun City Center,,,,,7202-jenkins-vista-ct-33573-116257
2026-09-30,INVH,Tampa,"7212 Jenkins Vista Ct, Sun City Center, FL, 33573",Tampa,INVH-7212-jenkins-vista-ct-33573-116252,4,2.5,1870,2349.0,2026-10-19,24 months,False,,,,,,,,https://www.invitationhomes.com/houses-for-rent/7212-jenkins-vista-ct-33573-116252,2026-09-12,2026-09-30,FL,Sun City Center,,,,,7212-jenkins-vista-ct-33573-116252
2026-09-30,INVH,Tampa,"7214 Jenkins Vista Ct, Sun City Center, FL, 33573",Tampa,INVH-7214-jenkins-vista-ct-33573-116251,6,3.0,2580,2645.0,2026-10-05,24 months,False,,,,,,,,https://www.invitationhomes.com/houses-for-rent/7214-jenkins-vista-ct-33573-116251,2026-08-23,2026-09-30,FL,Sun City Center,,,,,7214-jenkins-vista-ct-33573-116251
2026-09-30,INVH,Tampa,"7251 King Creek Dr, Ruskin, FL, 33573",Tampa,INVH-7251-king-creek-dr-33573-116262,4,2.5,1870,2349.0,2026-10-24,24 months,False,,,,,,,,https://www.invitationhomes.com/houses-for-rent/7251-king-creek-dr-33573-116262,2026-09-09,2026-09-30,FL,Ruskin,,,,,7251-king-creek-dr-33573-116262
2026-09-30,INVH,Tampa,"15506 Colt Creek Pl, Sun City Center, FL, 33573",Tampa,INVH-15506-colt-creek-pl-33573-116326,5,2.5,2389,2675.0,2026-10-07,24 months,False,,,,,,,,https://www.invitationhomes.com/houses-for-rent/15506-colt-creek-pl-33573-116326,2026-08-23,2026-09-30,FL,Sun City Center,,,,,15506-colt-creek-pl-33573-116326
2026-09-30,INVH,Tampa,"8015 Alamosa Wood Ave, Ruskin, FL, 33573",Tampa,INVH-8015-alamosa-wood-ave-ruskin-fl-33573,4,2.0,1963,2070.0,2026-09-30,23 months,False,,,,,,,,https://www.invitationhomes.com/houses-for-rent/8015-alamosa-wood-ave-ruskin-fl-33573,2026-06-14,2026-09-30,FL,Ruskin,,,,,8015-alamosa-wood-ave-ruskin-fl-33573
2026-09-30,INVH,Tampa,"203 Island Water Way, Apollo Beach, FL, 33572",Tampa,INVH-203-island-water-way-apollo-beach-fl-33572,3,2.0,1500,2130.0,2026-09-30,19 months,False,,,,,,,,https://www.invitationhomes.com/houses-for-rent/203-island-water-way-apollo-beach-fl-33572,2026-07-19,2026-09-30,FL,Apollo Beach,,,,,203-island-water-way-apollo-beach-fl-33572
2026-09-30,INVH,Tampa,"5606 Silver Sun Dr, Apollo Beach, FL, 33572",Tampa,INVH-5606-silver-sun-dr-33572-112787,3,2.0,1837,2460.0,2026-11-12,19 months,False,,,,,,,,https://www.invitationhomes.com/houses-for-rent/5606-silver-sun-dr-33572-112787,2026-09-30,2026-09-30,FL,Apollo Beach,,,,,5606-silver-sun-dr-33572-112787
2026-09-30,INVH,Tampa,"9430 Lemon Drop Loop, Ruskin, FL, 33573",Tampa,INVH-9430-lemon-drop-loop-33573-91597,6,3.0,2580,2545.0,2026-11-06,19 months,False,,,,,,,,https://www.invitationhomes.com/houses-for-rent/9430-lemon-drop-loop-33573-91597,2026-09-30,2026-09-30,FL,Ruskin,,,,,9430-lemon-drop-loop-33573-91597
2026-09-30,INVH,Tampa,"10015 Newminster Loop, Ruskin, FL, 33573",Tampa,INVH-10015-newminster-loop-33573-112829,3,2.5,1808,2195.0,2026-09-30,19 months,False,,,,,,,,https://www.invitationhomes.com/houses-for-rent/10015-newminster-loop-33573-112829,2026-08-10,2026-09-30,FL,Ruskin,,,,,10015-newminster-loop-33573-112829
2026-09-30,INVH,Tampa,"12332 Monarch Cir, Seminole, FL, 33772",Tampa,INVH-12332-monarch-cir-33772-8687,4,2.0,1590,2610.0,2026-09-30,19 months,False,,,,,,,,https://www.invitationhomes.com/houses-for-rent/12332-monarch-cir-33772-8687,2026-04-26,2026-09-30,FL,Seminole,,,,,12332-monarch-cir-33772-8687
2026-09-30,INVH,Tampa,"10350 Bay Hills Dr, Largo, FL, 33774",Tampa,INVH-10350-bay-hills-dr-largo-fl-33774,4,3.0,2414,3125.0,2026-10-09,19 months,False,,,,,,,,https://www.invitationhomes.com/houses-for-rent/10350-bay-hills-dr-largo-fl-33774,2026-09-03,2026-09-30,FL,Largo,,,,,10350-bay-hills-dr-largo-fl-33774
2026-09-30,INVH,Tampa,"11955 102nd Ave, Seminole, FL, 33778",Tampa,INVH-11955-102nd-ave-seminole-fl-33778,3,2.0,1894,2645.0,2026-10-15,19 months,False,,,,,,,,https://www.invitationhomes.com/houses-for-rent/11955-102nd-ave-seminole-fl-33778,2026-09-12,2026-09-30,FL,Seminole,,,,,11955-102nd-ave-seminole-fl-33778
2026-09-30,INVH,Tampa,"3397 19th Pl SW, Largo, FL, 33774",Tampa,INVH-3397-19th-pl-sw-33774-4127,3,2.0,1583,2495.0,2026-10-09,19 months,False,,,,,,,,https://www.invitationhomes.com/houses-for-rent/3397-19th-pl-sw-33774-4127,2026-09-03,2026-09-30,FL,Largo,,,,,3397-19th-pl-sw-33774-4127
2026-09-30,INVH,Tampa,"13156 120th St, Seminole, FL, 33778",Tampa,INVH-13156-120th-st-33778-3893,4,2.0,1632,2725.0,2026-09-30,19 months,False,,,,,,,,https://www.invitationhomes.com/houses-for-rent/13156-120th-st-33778-3893,2026-08-10,2026-09-30,FL,Seminole,,,,,13156-120th-st-33778-3893
2026-09-30,INVH,Tampa,"7990 22nd Ave N, Saint Petersburg, FL, 33710",Tampa,INVH-7990-22nd-ave-n-33710-4313,3,2.0,1225,2340.0,2026-09-30,19 months,False,,,,,,,,https://www.invitationhomes.com/houses-for-rent/7990-22nd-ave-n-33710-4313,2026-08-16,2026-09-30,FL,Saint Petersburg,,,,,7990-22nd-ave-n-33710-4313
2026-09-30,INVH,Tampa,"5301 15th Ave N, Saint Petersburg, FL, 33710",Tampa,INVH-5301-15th-ave-n-33710-7695,2,1.0,819,1995.0,2026-10-27,19 months,False,,,,,,,,https://www.invitationhomes.com/houses-for-rent/5301-15th-ave-n-33710-7695,2026-09-12,2026-09-30,FL,Saint Petersburg,,,,,5301-15th-ave-n-33710-7695
2026-09-30,INVH,Tampa,"6164 35th Ave N, Saint Petersburg, FL, 33710",Tampa,INVH-6164-35th-ave-n-33710-4571,3,2.0,2000,2385.0,2026-09-30,19 months,False,,,,,,,,https://www.invitationhomes.com/houses-for-rent/6164-35th-ave-n-33710-4571,2026-07-19,2026-09-30,FL,Saint Petersburg,,,,,6164-35th-ave-n-33710-4571
2026-09-30,INVH,Tampa,"8924 110th Ln, Seminole, FL, 33772",Tampa,INVH-8924-110th-ln-seminole-fl-33772,3,2.0,1388,2385.0,2026-09-30,19 months,False,,,,,,,,https://www.invitationhomes.com/houses-for-rent/8924-110th-ln-seminole-fl-33772,2026-06-09,2026-09-30,FL,Seminole,,,,,8924-110th-ln-seminole-fl-33772
2026-09-30,INVH,Tampa,"6951 Dalkeith Ave N, Saint Petersburg, FL, 33709",Tampa,INVH-6951-dalkeith-ave-n-33709-7633,3,2.0,1242,2335.0,2026-11-07,19 months,False,,,,,,,,https://www.invitationhomes.com/houses-for-rent/6951-dalkeith-ave-n-33709-7633,2026-09-30,2026-09-30,FL,Saint Petersburg,,,,,6951-dalkeith-ave-n-33709-7633
2026-09-30,INVH,Tampa,"8086 52nd Ln N, Pinellas Park, FL, 33781",Tampa,INVH-8086-52nd-ln-n-33781-9792,3,1.0,1366,2335.0,2026-10-08,19 months,False,,,,,,,,https://www.invitationhomes.com/houses-for-rent/8086-52nd-ln-n-33781-9792,2026-09-03,2026-09-30,FL,Pinellas Park,,,,,8086-52nd-ln-n-33781-9792
2026-09-30,INVH,Tampa,"8061 58th Way N, Pinellas Park, FL, 33781",Tampa,INVH-8061-58th-way-n-33781-7887,3,2.0,975,2080.0,2026-09-30,19 months,False,,,,,,,,https://www.invitationhomes.com/houses-for-rent/8061-58th-way-n-33781-7887,2026-09-03,2026-09-30,FL,Pinellas Park,,,,,8061-58th-way-n-33781-7887
2026-09-30,INVH,Tampa,"5620 86th Ave N, Pinellas Park, FL, 33782",Tampa,INVH-5620-86th-ave-n-33782-7665,3,2.0,1260,2275.0,2026-09-30,19 months,False,,,,,,,,https://www.invitationhomes.com/houses-for-rent/5620-86th-ave-n-33782-7665,2026-08-02,2026-09-30,FL,Pinellas Park,,,,,5620-86th-ave-n-33782-7665
2026-09-30,INVH,Tampa,"8115 53rd Way N, Pinellas Park, FL, 33781",Tampa,INVH-8115-53rd-way-n-33781-3080,3,2.0,884,1949.0,2026-11-13,21 months,False,,,,,,,,https://www.invitationhomes.com/houses-for-rent/8115-53rd-way-n-33781-3080,2026-09-30,2026-09-30,FL,Pinellas Park,,,,,8115-53rd-way-n-33781-3080
2026-09-30,INVH,Tampa,"8795 54th St N, Pinellas Park, FL, 33782",Tampa,INVH-8795-54th-st-n-33782-4172,5,2.0,1776,2725.0,2026-09-30,19 months,False,,,,,,,,https://www.invitationhomes.com/houses-for-rent/8795-54th-st-n-33782-4172,2026-08-23,2026-09-30,FL,Pinellas Park,,,,,8795-54th-st-n-33782-4172
2026-09-30,INVH,Tampa,"3930 30th Ave N, Saint Petersburg, FL, 33713",Tampa,INVH-3930-30th-ave-n-33713-9601,3,2.0,1570,2465.0,2026-09-30,19 months,False,,,,,,,,https://www.invitationhomes.com/houses-for-rent/3930-30th-ave-n-33713-9601,2026-08-10,2026-09-30,FL,Saint Petersburg,,,,,3930-30th-ave-n-33713-9601
2026-09-30,INVH,Tampa,"5235 44Th Ave N, St. Petersburg, FL, 33709",Tampa,INVH-5235-44th-ave-n-33709-103566,4,1.0,1100,2325.0,2026-09-30,19 months,False,,,,,,,,https://www.invitationhomes.com/houses-for-rent/5235-44th-ave-n-33709-103566,2026-05-03,2026-09-30,FL,St. Petersburg,,,,,5235-44th-ave-n-33709-103566
2026-09-30,INVH,Tampa,"4540 71st Ave N, Pinellas Park, FL, 33781",Tampa,INVH-4540-71st-ave-n-33781-4783,3,2.0,1340,2285.0,2026-09-30,19 months,False,,,,,,,,https://www.invitationhomes.com/houses-for-rent/4540-71st-ave-n-33781-4783,2026-08-02,2026-09-30,FL,Pinellas Park,,,,,4540-71st-ave-n-33781-4783
2026-09-30,INVH,Tampa,"1320 54Th Ave N, St. Petersburg, FL, 33703",Tampa,INVH-1320-54th-ave-n-33703-103573,3,1.0,900,2095.0,2026-09-30,24 months,False,,,,,,,,https://www.invitationhomes.com/houses-for-rent/1320-54th-ave-n-33703-103573,2026-09-30,2026-09-30,FL,St. Petersburg,,,,,1320-54th-ave-n-33703-103573
2026-09-30,INVH,Tampa,"555 Freeport Ave N, Saint Petersburg, FL, 33702",Tampa,INVH-555-freeport-ave-n-saint-petersburg-fl-33702,3,2.0,1518,2445.0,2026-09-30,19 months,False,,,,,,,,https://www.invitationhomes.com/houses-for-rent/555-freeport-ave-n-saint-petersburg-fl-33702,2026-08-02,2026-09-30,FL,Saint Petersburg,,,,,555-freeport-ave-n-saint-petersburg-fl-33702
2026-09-30,INVH,Tampa,"11840 69th Way, Largo, FL, 33773",Tampa,INVH-11840-69th-way-33773-7802,3,2.0,1468,2640.0,2026-09-30,19 months,False,,,,,,,,https://www.invitationhomes.com/houses-for-rent/11840-69th-way-33773-7802,2026-07-19,2026-09-30,FL,Largo,,,,,11840-69th-way-33773-7802
2026-09-30,INVH,Tampa,"6409 109th Ave N, Pinellas Park, FL, 33782",Tampa,INVH-6409-109th-ave-n-33782-4945,3,2.0,1379,2495.0,2026-10-20,19 months,False,,,,,,,,https://www.invitationhomes.com/houses-for-rent/6409-109th-ave-n-33782-4945,2026-09-09,2026-09-30,FL,Pinellas Park,,,,,6409-109th-ave-n-33782-4945
2026-09-30,INVH,Tampa,"12402 68th St, Largo, FL, 33773",Tampa,INVH-12402-68th-st-33773-7135,3,2.0,1482,2899.0,2026-09-30,19 months,False,,,,,,,,https://www.invitationhomes.com/houses-for-rent/12402-68th-st-33773-7135,2026-09-09,2026-09-30,FL,Largo,,,,,12402-68th-st-33773-7135
2026-09-30,INVH,Tampa,"421 2Nd Ave Ne, Largo, FL, 33770",Tampa,INVH-421-2nd-ave-ne-33770-103607,2,2.0,1008,1999.0,2026-09-30,21 months,False,,,,,,,,https://www.invitationhomes.com/houses-for-rent/421-2nd-ave-ne-33770-103607,2026-04-04,2026-09-30,FL,Largo,,,,,421-2nd-ave-ne-33770-103607
2026-09-30,INVH,Tampa,"1685 Fortune Dr, Clearwater, FL, 33756",Tampa,INVH-1685-fortune-dr-clearwater-fl-33756,3,2.0,1320,2535.0,2026-09-30,19 months,False,,,,,,,,https://www.invitationhomes.com/houses-for-rent/1685-fortune-dr-clearwater-fl-33756,2026-04-20,2026-09-30,FL,Clearwater,,,,,1685-fortune-dr-clearwater-fl-33756
2026-09-30,INVH,Tampa,"1520 Price Cir, Clearwater, FL, 33764",Tampa,INVH-1520-price-cir-clearwater-fl-33764,3,2.0,1598,2445.0,2026-10-27,19 months,False,,,,,,,,https://www.invitationhomes.com/houses-for-rent/1520-price-cir-clearwater-fl-33764,2026-09-12,2026-09-30,FL,Clearwater,,,,,1520-price-cir-clearwater-fl-33764
2026-09-30,INVH,Tampa,"1374 Tuscola St, Clearwater, FL, 33756",Tampa,INVH-1374-tuscola-st-33756-103503,4,2.0,1401,2590.0,2026-10-29,23 months,False,,,,,,,,https://www.invitationhomes.com/houses-for-rent/1374-tuscola-st-33756-103503,2026-09-21,2026-09-30,FL,Clearwater,,,,,1374-tuscola-st-33756-103503
2026-09-30,INVH,Tampa,"621 S Keystone Ave, Clearwater, FL, 33756",Tampa,INVH-621-s-keystone-ave-33756-4927,3,2.0,1463,2340.0,2026-10-12,19 months,False,,,,,,,,https://www.invitationhomes.com/houses-for-rent/621-s-keystone-ave-33756-4927,2026-07-19,2026-09-30,FL,Clearwater,,,,,621-s-keystone-ave-33756-4927
2026-09-30,INVH,Tampa,"1021 Brookside Dr, Clearwater, FL, 33764",Tampa,INVH-1021-brookside-dr-33764-8743,3,3.0,2118,3210.0,2026-09-30,19 months,False,,,,,,,,https://www.invitationhomes.com/houses-for-rent/1021-brookside-dr-33764-8743,2026-09-09,2026-09-30,FL,Clearwater,,,,,1021-brookside-dr-33764-8743
2026-09-30,INVH,Tampa,"1615 N Washington Ave, Clearwater, FL, 33755",Tampa,INVH-1615-n-washington-ave-33755-103058,3,2.0,1520,2395.0,2026-10-29,23 months,False,,,,,,,,https://www.invitationhomes.com/houses-for-rent/1615-n-washington-ave-33755-103058,2026-09-21,2026-09-30,FL,Clearwater,,,,,1615-n-washington-ave-33755-103058
2026-09-30,INVH,Tampa,"1456 Spring Ln, Clearwater, FL, 33755",Tampa,INVH-1456-spring-ln-33755-1757,2,1.5,1080,1995.0,2026-10-21,19 months,False,,,,,,,,https://www.invitationhomes.com/houses-for-rent/1456-spring-ln-33755-1757,2026-09-12,2026-09-30,FL,Clearwater,,,,,1456-spring-ln-33755-1757
2026-09-30,INVH,Tampa,"1868 East Dr, Clearwater, FL, 33755",Tampa,INVH-1868-east-dr-33755-4376,3,2.5,1883,2495.0,2026-09-30,19 months,False,,,,,,,,https://www.invitationhomes.com/houses-for-rent/1868-east-dr-33755-4376,2026-05-17,2026-09-30,FL,Clearwater,,,,,1868-east-dr-33755-4376
2026-09-30,INVH,Tampa,"1856 Greenhill Dr, Clearwater, FL, 33755",Tampa,INVH-1856-greenhill-dr-clearwater-fl-33755,3,2.0,1551,2795.0,2026-10-05,19 months,False,,,,,,,,https://www.invitationhomes.com/houses-for-rent/1856-greenhill-dr-clearwater-fl-33755,2026-08-23,2026-09-30,FL,Clearwater,,,,,1856-greenhill-dr-clearwater-fl-33755
2026-09-30,INVH,Tampa,"2332 Harn Blvd, Clearwater, FL, 33764",Tampa,INVH-2332-harn-blvd-clearwater-fl-33764,3,2.0,1842,3090.0,2026-10-20,19 months,False,,,,,,,,https://www.invitationhomes.com/houses-for-rent/2332-harn-blvd-clearwater-fl-33764,2026-09-06,2026-09-30,FL,Clearwater,,,,,2332-harn-blvd-clearwater-fl-33764
2026-09-30,INVH,Tampa,"2257 Granger Dr, Clearwater, FL, 33765",Tampa,INVH-2257-granger-dr-33765-2350,3,1.0,1452,2395.0,2026-11-14,19 months,False,,,,,,,,https://www.invitationhomes.com/houses-for-rent/2257-granger-dr-33765-2350,2026-09-03,2026-09-30,FL,Clearwater,,,,,2257-granger-dr-33765-2350
2026-09-30,INVH,Tampa,"955 Grovewood Dr, Dunedin, FL, 34698",Tampa,INVH-955-grovewood-dr-34698-1727,3,2.0,1411,2595.0,2026-11-06,19 months,False,,,,,,,,https://www.invitationhomes.com/houses-for-rent/955-grovewood-dr-34698-1727,2026-09-30,2026-09-30,FL,Dunedin,,,,,955-grovewood-dr-34698-1727
2026-09-30,INVH,Tampa,"2160 Riviera Dr, Clearwater, FL, 33763",Tampa,INVH-2160-riviera-dr-33763-9044,3,2.0,1148,1999.0,2026-09-30,21 months,False,,,,,,,,https://www.invitationhomes.com/houses-for-rent/2160-riviera-dr-33763-9044,2026-07-19,2026-09-30,FL,Clearwater,,,,,2160-riviera-dr-33763-9044
2026-09-30,INVH,Tampa,"2283 Manor Ct, Clearwater, FL, 33763",Tampa,INVH-2283-manor-ct-clearwater-fl-33763,4,2.0,1820,3145.0,2026-10-30,19 months,False,,,,,,,,https://www.invitationhomes.com/houses-for-rent/2283-manor-ct-clearwater-fl-33763,2026-09-21,2026-09-30,FL,Clearwater,,,,,2283-manor-ct-clearwater-fl-33763
2026-09-30,INVH,Tampa,"2442 Hazelwood Ln, Clearwater, FL, 33763",Tampa,INVH-2442-hazelwood-ln-clearwater-fl-33763,3,2.0,1580,2745.0,2026-09-30,23 months,False,,,,,,,,https://www.invitationhomes.com/houses-for-rent/2442-hazelwood-ln-clearwater-fl-33763,2026-09-12,2026-09-30,FL,Clearwater,,,,,2442-hazelwood-ln-clearwater-fl-33763
2026-09-30,INVH,Tampa,"332 N Bay Hills Blvd, Safety Harbor, FL, 34695",Tampa,INVH-332-n-bay-hills-blvd-34695-4152,3,2.0,1460,2745.0,2026-09-30,19 months,False,,,,,,,,https://www.invitationhomes.com/houses-for-rent/332-n-bay-hills-blvd-34695-4152,2026-09-03,2026-09-30,FL,Safety Harbor,,,,,332-n-bay-hills-blvd-34695-4152
2026-09-30,INVH,Tampa,"8525 Tidal Bay Ln, Tampa, FL, 33635",Tampa,INVH-8525-tidal-bay-ln-33635-9781,4,2.0,1860,2745.0,2026-10-18,19 months,False,,,,,,,,https://www.invitationhomes.com/houses-for-rent/8525-tidal-bay-ln-33635-9781,2026-09-21,2026-09-30,FL,Tampa,,,,,8525-tidal-bay-ln-33635-9781
2026-09-30,INVH,Tampa,"219 Whisper Lake Rd, Palm Harbor, FL, 34683",Tampa,INVH-219-whisper-lake-rd-34683-9925,3,2.0,1408,2560.0,2026-09-30,19 months,False,,,,,,,,https://www.invitationhomes.com/houses-for-rent/219-whisper-lake-rd-34683-9925,2026-08-16,2026-09-30,FL,Palm Harbor,,,,,219-whisper-lake-rd-34683-9925
2026-09-30,INVH,Tampa,"155 Talley Dr, Palm Harbor, FL, 34684",Tampa,INVH-155-talley-dr-34684-3830,2,2.0,1404,2145.0,2026-09-30,19 months,False,,,,,,,,https://www.invitationhomes.com/houses-for-rent/155-talley-dr-34684-3830,2026-06-14,2026-09-30,FL,Palm Harbor,,,,,155-talley-dr-34684-3830
2026-09-30,INVH,Tampa,"3764 Carmichael Ct, Palm Harbor, FL, 34684",Tampa,INVH-3764-carmichael-ct-34684-3870,2,2.0,1060,2049.0,2026-09-30,21 months,False,,,,,,,,https://www.invitationhomes.com/houses-for-rent/3764-carmichael-ct-34684-3870,2026-08-02,2026-09-30,FL,Palm Harbor,,,,,3764-carmichael-ct-34684-3870
2026-09-30,INVH,Tampa,"540 Still Meadows Cir W, Palm Harbor, FL, 34683",Tampa,INVH-540-still-meadows-cir-34683-2904,3,2.0,1943,3025.0,2026-10-06,19 months,False,,,,,,,,https://www.invitationhomes.com/houses-for-rent/540-still-meadows-cir-34683-2904,2026-08-10,2026-09-30,FL,Palm Harbor,,,,,540-still-meadows-cir-34683-2904
2026-09-30,INVH,Tampa,"424 Crosswinds Dr, Palm Harbor, FL, 34683",Tampa,INVH-424-crosswinds-dr-34683-8425,3,2.0,1466,2445.0,2026-09-30,19 months,False,,,,,,,,https://www.invitationhomes.com/houses-for-rent/424-crosswinds-dr-34683-8425,2026-08-02,2026-09-30,FL,Palm Harbor,,,,,424-crosswinds-dr-34683-8425
2026-09-30,INVH,Tampa,"1752 E Groveleaf Ave, Palm Harbor, FL, 34683",Tampa,INVH-1752-e-groveleaf-ave-34683-6919,4,2.0,1517,2595.0,2026-10-05,19 months,False,,,,,,,,https://www.invitationhomes.com/houses-for-rent/1752-e-groveleaf-ave-34683-6919,2026-09-09,2026-09-30,FL,Palm Harbor,,,,,1752-e-groveleaf-ave-34683-6919
2026-09-30,INVH,Tampa,"3010 Hanna Ct, Palm Harbor, FL, 34684",Tampa,INVH-3010-hanna-ct-34684-103341,4,2.0,1035,2595.0,2026-09-30,19 months,False,,,,,,,,https://www.invitationhomes.com/houses-for-rent/3010-hanna-ct-34684-103341,2026-08-02,2026-09-30,FL,Palm Harbor,,,,,3010-hanna-ct-34684-103341
2026-09-30,INVH,Tampa,"414 Tangerine Dr, Oldsmar, FL, 34677",Tampa,INVH-414-tangerine-dr-oldsmar-fl-34677,3,2.0,1481,2465.0,2026-09-30,19 months,False,,,,,,,,https://www.invitationhomes.com/houses-for-rent/414-tangerine-dr-oldsmar-fl-34677,2026-08-10,2026-09-30,FL,Oldsmar,,,,,414-tangerine-dr-oldsmar-fl-34677
2026-09-30,INVH,Tampa,"417 Oakleaf Blvd, Oldsmar, FL, 34677",Tampa,INVH-417-oakleaf-blvd-oldsmar-fl-34677,3,2.0,1514,2640.0,2026-09-30,19 months,False,,,,,,,,https://www.invitationhomes.com/houses-for-rent/417-oakleaf-blvd-oldsmar-fl-34677,2026-08-16,2026-09-30,FL,Oldsmar,,,,,417-oakleaf-blvd-oldsmar-fl-34677
2026-09-30,INVH,Tampa,"420 Arrowhead Ct, Oldsmar, FL, 34677",Tampa,INVH-420-arrowhead-ct-oldsmar-fl-34677,3,2.0,1544,2649.0,2026-10-02,19 months,False,,,,,,,,https://www.invitationhomes.com/houses-for-rent/420-arrowhead-ct-oldsmar-fl-34677,2026-08-16,2026-09-30,FL,Oldsmar,,,,,420-arrowhead-ct-oldsmar-fl-34677
2026-09-30,INVH,Tampa,"3448 Brian Rd S, Palm Harbor, FL, 34685",Tampa,INVH-3448-brian-rd-s-34685-1070,3,2.0,1918,2660.0,2026-09-30,19 months,False,,,,,,,,https://www.invitationhomes.com/houses-for-rent/3448-brian-rd-s-34685-1070,2026-07-19,2026-09-30,FL,Palm Harbor,,,,,3448-brian-rd-s-34685-1070
2026-09-30,INVH,Tampa,"1727 Mississippi Ave Ne, St. Petersburg, FL, 33703",Tampa,INVH-1727-mississippi-ave-ne-33703-103732,4,2.0,1626,2695.0,2026-11-07,19 months,False,,,,,,,,https://www.invitationhomes.com/houses-for-rent/1727-mississippi-ave-ne-33703-103732,2026-09-30,2026-09-30,FL,St. Petersburg,,,,,1727-mississippi-ave-ne-33703-103732
2026-09-30,INVH,Tampa,"7518 S Germer St, Tampa, FL, 33616",Tampa,INVH-7518-s-germer-st-33616-3279,3,2.0,1204,2190.0,2026-09-30,19 months,False,,,,,,,,https://www.invitationhomes.com/houses-for-rent/7518-s-germer-st-33616-3279,2026-09-03,2026-09-30,FL,Tampa,,,,,7518-s-germer-st-33616-3279
2026-09-30,INVH,Tampa,"7462 Oxford Garden Cir, Apollo Beach, FL, 33572",Tampa,INVH-7462-oxford-garden-cir-33572-1277,4,2.0,1337,1799.0,2026-09-30,24 months,False,,,,,,,,https://www.invitationhomes.com/houses-for-rent/7462-oxford-garden-cir-33572-1277,2026-08-02,2026-09-30,FL,Apollo Beach,,,,,7462-oxford-garden-cir-33572-1277
2026-09-30,INVH,Tampa,"6649 Cambridge Park Dr, Apollo Beach, FL, 33572",Tampa,INVH-6649-cambridge-park-dr-33572-92524,5,2.5,2017,2460.0,2026-09-30,19 months,False,,,,,,,,https://www.invitationhomes.com/houses-for-rent/6649-cambridge-park-dr-33572-92524,2026-07-19,2026-09-30,FL,Apollo Beach,,,,,6649-cambridge-park-dr-33572-92524
2026-09-30,INVH,Tampa,"6605 Clair Shore Dr, Apollo Beach, FL, 33572",Tampa,INVH-6605-clair-shore-dr-33572-95621,3,2.0,1881,2370.0,2026-10-31,19 months,False,,,,,,,,https://www.invitationhomes.com/houses-for-rent/6605-clair-shore-dr-33572-95621,2026-09-21,2026-09-30,FL,Apollo Beach,,,,,6605-clair-shore-dr-33572-95621
2026-09-30,INVH,Tampa,"12909 Parkington Dr, Gibsonton, FL, 33534",Tampa,INVH-12909-parkington-dr-gibsonton-fl-33534,4,2.5,2215,2495.0,2026-11-07,19 months,False,,,,,,,,https://www.invitationhomes.com/houses-for-rent/12909-parkington-dr-gibsonton-fl-33534,2026-09-30,2026-09-30,FL,Gibsonton,,,,,12909-parkington-dr-gibsonton-fl-33534
2026-09-30,INVH,Tampa,"7315 Tangle Bend Dr, Gibsonton, FL, 33534",Tampa,INVH-7315-tangle-bend-dr-33534-8455,4,2.0,1676,2199.0,2026-09-30,20 months,False,,,,,,,,https://www.invitationhomes.com/houses-for-rent/7315-tangle-bend-dr-33534-8455,2026-09-03,2026-09-30,FL,Gibsonton,,,,,7315-tangle-bend-dr-33534-8455
2026-09-30,INVH,Tampa,"11180 Riley Pines Cir, Gibsonton, FL, 33534",Tampa,INVH-11180-riley-pines-cir-33534-118491,4,2.0,1817,2149.0,2026-10-19,24 months,False,,,,,,,,https://www.invitationhomes.com/houses-for-rent/11180-riley-pines-cir-33534-118491,2026-08-02,2026-09-30,FL,Gibsonton,,,,,11180-riley-pines-cir-33534-118491
2026-09-30,INVH,Tampa,"11186 Riley Pines Cir, Gibsonton, FL, 33534",Tampa,INVH-11186-riley-pines-cir-33534-118489,3,2.0,1555,2049.0,2026-11-08,24 months,False,,,,,,,,https://www.invitationhomes.com/houses-for-rent/11186-riley-pines-cir-33534-118489,2026-09-30,2026-09-30,FL,Gibsonton,,,,,11186-riley-pines-cir-33534-118489
2026-09-30,INVH,Tampa,"11109 Riley Pines Cir, Gibsonton, FL, 33534",Tampa,INVH-11109-riley-pines-cir-33534-118487,4,2.5,1870,2190.0,2026-09-30,24 months,False,,,,,,,,https://www.invitationhomes.com/houses-for-rent/11109-riley-pines-cir-33534-118487,2026-08-23,2026-09-30,FL,Gibsonton,,,,,11109-riley-pines-cir-33534-118487
2026-09-30,INVH,Tampa,"11105 Riley Pines Cir, Gibsonton, FL, 33534",Tampa,INVH-11105-riley-pines-cir-33534-118485,6,3.0,2580,2575.0,2026-09-30,24 months,False,,,,,,,,https://www.invitationhomes.com/houses-for-rent/11105-riley-pines-cir-33534-118485,2026-08-10,2026-09-30,FL,Gibsonton,,,,,11105-riley-pines-cir-33534-118485
2026-09-30,INVH,Tampa,"11265 Riley Pines Cir, Gibsonton, FL, 33534",Tampa,INVH-11265-riley-pines-cir-33534-118469,5,2.5,2389,2349.0,2026-10-02,24 months,False,,,,,,,,https://www.invitationhomes.com/houses-for-rent/11265-riley-pines-cir-33534-118469,2026-09-12,2026-09-30,FL,Gibsonton,,,,,11265-riley-pines-cir-33534-118469
2026-09-30,INVH,Tampa,"11259 Riley Pines Cir, Gibsonton, FL, 33534",Tampa,INVH-11259-riley-pines-cir-33534-118467,5,2.5,2215,2325.0,2026-09-30,24 months,False,,,,,,,,https://www.invitationhomes.com/houses-for-rent/11259-riley-pines-cir-33534-118467,2026-08-10,2026-09-30,FL,Gibsonton,,,,,11259-riley-pines-cir-33534-118467
2026-09-30,INVH,Tampa,"11264 Riley Pines Cir, Gibsonton, FL, 33534",Tampa,INVH-11264-riley-pines-cir-33534-115019,4,2.5,1870,2149.0,2026-09-30,24 months,False,,,,,,,,https://www.invitationhomes.com/houses-for-rent/11264-riley-pines-cir-33534-115019,2026-06-14,2026-09-30,FL,Gibsonton,,,,,11264-riley-pines-cir-33534-115019
2026-09-30,INVH,Tampa,"11171 Riley Pines Cir, Gibsonton, FL, 33534",Tampa,INVH-11171-riley-pines-cir-33534-118447,4,2.5,1870,2190.0,2026-10-27,24 months,False,,,,,,,,https://www.invitationhomes.com/houses-for-rent/11171-riley-pines-cir-33534-118447,2026-09-12,2026-09-30,FL,Gibsonton,,,,,11171-riley-pines-cir-33534-118447
2026-09-30,INVH,Tampa,"11223 Riley Pines Cir, Gibsonton, FL, 33534",Tampa,INVH-11223-riley-pines-cir-33534-118456,4,2.5,1870,2149.0,2026-09-30,24 months,False,,,,,,,,https://www.invitationhomes.com/houses-for-rent/11223-riley-pines-cir-33534-118456,2026-07-19,2026-09-30,FL,Gibsonton,,,,,11223-riley-pines-cir-33534-118456
2026-09-30,INVH,Tampa,"11240 Riley Pines Cir, Gibsonton, FL, 33534",Tampa,INVH-11240-riley-pines-cir-33534-115028,3,2.0,1461,2049.0,2026-10-30,24 months,False,,,,,,,,https://www.invitationhomes.com/houses-for-rent/11240-riley-pines-cir-33534-115028,2026-09-21,2026-09-30,FL,Gibsonton,,,,,11240-riley-pines-cir-33534-115028
2026-09-30,INVH,Tampa,"11220 Riley Pines Cir, Gibsonton, FL, 33534",Tampa,INVH-11220-riley-pines-cir-33534-115035,4,2.5,1870,2190.0,2026-09-30,24 months,False,,,,,,,,https://www.invitationhomes.com/houses-for-rent/11220-riley-pines-cir-33534-115035,2026-09-03,2026-09-30,FL,Gibsonton,,,,,11220-riley-pines-cir-33534-115035
2026-09-30,INVH,Tampa,"12008 Streambed Dr, Riverview, FL, 33579",Tampa,INVH-12008-streambed-dr-riverview-fl-33579,5,3.0,2455,2375.0,2026-09-30,19 months,False,,,,,,,,https://www.invitationhomes.com/houses-for-rent/12008-streambed-dr-riverview-fl-33579,2026-08-16,2026-09-30,FL,Riverview,,,,,12008-streambed-dr-riverview-fl-33579
2026-09-30,INVH,Tampa,"14071 Tropical Kingbird Way, Riverview, FL, 33579",Tampa,INVH-14071-tropical-kingbird-way-33579-112931,4,3.0,2040,2595.0,2026-11-03,19 months,False,,,,,,,,https://www.invitationhomes.com/houses-for-rent/14071-tropical-kingbird-way-33579-112931,2026-09-21,2026-09-30,FL,Riverview,,,,,14071-tropical-kingbird-way-33579-112931
2026-09-30,INVH,Tampa,"10605 Noah Ct, Riverview, FL, 33579",Tampa,INVH-10605-noah-ct-riverview-fl-33579,3,2.0,2042,2195.0,2026-09-30,19 months,False,,,,,,,,https://www.invitationhomes.com/houses-for-rent/10605-noah-ct-riverview-fl-33579,2026-08-16,2026-09-30,FL,Riverview,,,,,10605-noah-ct-riverview-fl-33579
2026-09-30,INVH,Tampa,"11140 Summer Star Dr, Riverview, FL, 33579",Tampa,INVH-11140-summer-star-dr-33579-6964,3,2.0,1303,1945.0,2026-10-15,19 months,False,,,,,,,,https://www.invitationhomes.com/houses-for-rent/11140-summer-star-dr-33579-6964,2026-09-03,2026-09-30,FL,Riverview,,,,,11140-summer-star-dr-33579-6964
2026-09-30,INVH,Tampa,"13509 Padron Ct, Riverview, FL, 33579",Tampa,INVH-13509-padron-ct-33579-112836,3,2.0,1292,2199.0,2026-10-20,20 months,False,,,,,,,,https://www.invitationhomes.com/houses-for-rent/13509-padron-ct-33579-112836,2026-09-06,2026-09-30,FL,Riverview,,,,,13509-padron-ct-33579-112836
2026-09-30,INVH,Tampa,"13501 Mango Bay Dr, Riverview, FL, 33579",Tampa,INVH-13501-mango-bay-dr-33579-2221,4,3.0,2836,2470.0,2026-09-30,19 months,False,,,,,,,,https://www.invitationhomes.com/houses-for-rent/13501-mango-bay-dr-33579-2221,2026-05-03,2026-09-30,FL,Riverview,,,,,13501-mango-bay-dr-33579-2221
2026-09-30,INVH,Tampa,"11402 Callaway Pond Dr, Riverview, FL, 33579",Tampa,INVH-11402-callaway-pond-dr-riverview-fl-33579,5,3.0,3277,3245.0,2026-09-30,19 months,False,,,,,,,,https://www.invitationhomes.com/houses-for-rent/11402-callaway-pond-dr-riverview-fl-33579,2026-09-03,2026-09-30,FL,Riverview,,,,,11402-callaway-pond-dr-riverview-fl-33579
2026-09-30,INVH,Tampa,"11135 Golden Silence Dr, Riverview, FL, 33579",Tampa,INVH-11135-golden-silence-dr-riverview-fl-33579,3,2.5,3272,3095.0,2026-10-21,19 months,False,,,,,,,,https://www.invitationhomes.com/houses-for-rent/11135-golden-silence-dr-riverview-fl-33579,2026-04-04,2026-09-30,FL,Riverview,,,,,11135-golden-silence-dr-riverview-fl-33579
2026-09-30,INVH,Tampa,"10808 Wrigley Ct, Riverview, FL, 33579",Tampa,INVH-10808-wrigley-ct-33579-4338,3,2.5,1606,2125.0,2026-10-08,19 months,False,,,,,,,,https://www.invitationhomes.com/houses-for-rent/10808-wrigley-ct-33579-4338,2026-09-03,2026-09-30,FL,Riverview,,,,,10808-wrigley-ct-33579-4338
2026-09-30,INVH,Tampa,"13333 Laraway Dr, Riverview, FL, 33579",Tampa,INVH-13333-laraway-dr-33579-9604,3,2.0,1136,1865.0,2026-09-30,19 months,False,,,,,,,,https://www.invitationhomes.com/houses-for-rent/13333-laraway-dr-33579-9604,2026-09-30,2026-09-30,FL,Riverview,,,,,13333-laraway-dr-33579-9604
2026-09-30,INVH,Tampa,"12307 Hawkeye Point Pl, Riverview, FL, 33578",Tampa,INVH-12307-hawkeye-point-pl-33578-103740,3,2.0,1856,2345.0,2026-11-03,19 months,False,,,,,,,,https://www.invitationhomes.com/houses-for-rent/12307-hawkeye-point-pl-33578-103740,2026-09-21,2026-09-30,FL,Riverview,,,,,12307-hawkeye-point-pl-33578-103740
2026-09-30,INVH,Tampa,"12310 Dawn Vista Dr, Riverview, FL, 33578",Tampa,INVH-12310-dawn-vista-dr-33578-3690,3,2.0,1497,1980.0,2026-09-30,19 months,False,,,,,,,,https://www.invitationhomes.com/houses-for-rent/12310-dawn-vista-dr-33578-3690,2026-08-23,2026-09-30,FL,Riverview,,,,,12310-dawn-vista-dr-33578-3690
2026-09-30,INVH,Tampa,"10819 Capstan Lake Dr, Riverview, FL, 33579",Tampa,INVH-10819-capstan-lake-dr-33579-2203,3,2.0,2250,2390.0,2026-09-30,19 months,False,,,,,,,,https://www.invitationhomes.com/houses-for-rent/10819-capstan-lake-dr-33579-2203,2026-08-02,2026-09-30,FL,Riverview,,,,,10819-capstan-lake-dr-33579-2203
2026-09-30,INVH,Tampa,"13521 Prestwick Dr, Riverview, FL, 33579",Tampa,INVH-13521-prestwick-dr-33579-1192,3,2.0,1470,1945.0,2026-09-30,19 months,False,,,,,,,,https://www.invitationhomes.com/houses-for-rent/13521-prestwick-dr-33579-1192,2026-08-23,2026-09-30,FL,Riverview,,,,,13521-prestwick-dr-33579-1192
2026-09-30,INVH,Tampa,"10710 Navigation Dr, Riverview, FL, 33579",Tampa,INVH-10710-navigation-dr-riverview-fl-33579,4,2.0,1499,2010.0,2026-09-30,19 months,False,,,,,,,,https://www.invitationhomes.com/houses-for-rent/10710-navigation-dr-riverview-fl-33579,2026-07-19,2026-09-30,FL,Riverview,,,,,10710-navigation-dr-riverview-fl-33579
2026-09-30,INVH,Tampa,"12805 Adventure Dr, Riverview, FL, 33579",Tampa,INVH-12805-adventure-dr-33579-1211,3,2.0,1489,2045.0,2026-09-30,19 months,False,,,,,,,,https://www.invitationhomes.com/houses-for-rent/12805-adventure-dr-33579-1211,2026-09-06,2026-09-30,FL,Riverview,,,,,12805-adventure-dr-33579-1211
2026-09-30,INVH,Tampa,"11429 Misty Isle Ln, Riverview, FL, 33579",Tampa,INVH-11429-misty-isle-ln-riverview-fl-33579,3,2.0,1836,2245.0,2026-11-07,19 months,False,,,,,,,,https://www.invitationhomes.com/houses-for-rent/11429-misty-isle-ln-riverview-fl-33579,2026-09-30,2026-09-30,FL,Riverview,,,,,11429-misty-isle-ln-riverview-fl-33579
2026-09-30,INVH,Tampa,"11621 Addison Chase Dr, Riverview, FL, 33579",Tampa,INVH-11621-addison-chase-dr-33579-86476,4,2.5,2496,2425.0,2026-09-30,19 months,False,,,,,,,,https://www.invitationhomes.com/houses-for-rent/11621-addison-chase-dr-33579-86476,2026-05-24,2026-09-30,FL,Riverview,,,,,11621-addison-chase-dr-33579-86476
2026-09-30,INVH,Tampa,"11904 Butler Woods Cir, Riverview, FL, 33579",Tampa,INVH-11904-butler-woods-cir-33579-85912,3,2.5,1780,2175.0,2026-09-30,19 months,False,,,,,,,,https://www.invitationhomes.com/houses-for-rent/11904-butler-woods-cir-33579-85912,2026-08-02,2026-09-30,FL,Riverview,,,,,11904-butler-woods-cir-33579-85912
2026-09-30,INVH,Tampa,"11926 Lark Song Loop, Riverview, FL, 33579",Tampa,INVH-11926-lark-song-loop-riverview-fl-33579,3,2.5,2424,2295.0,2026-10-08,19 months,False,,,,,,,,https://www.invitationhomes.com/houses-for-rent/11926-lark-song-loop-riverview-fl-33579,2026-08-23,2026-09-30,FL,Riverview,,,,,11926-lark-song-loop-riverview-fl-33579
2026-09-30,INVH,Tampa,"10305 Greystone Ridge Ct, Riverview, FL, 33578",Tampa,INVH-10305-greystone-ridge-ct-33578-4329,3,2.0,1632,2099.0,2026-09-30,20 months,False,,,,,,,,https://www.invitationhomes.com/houses-for-rent/10305-greystone-ridge-ct-33578-4329,2026-08-10,2026-09-30,FL,Riverview,,,,,10305-greystone-ridge-ct-33578-4329
2026-09-30,INVH,Tampa,"11445 Chilly Water Ct, Riverview, FL, 33569",Tampa,INVH-11445-chilly-water-ct-33569-103672,4,3.0,2529,2810.0,2026-10-14,19 months,False,,,,,,,,https://www.invitationhomes.com/houses-for-rent/11445-chilly-water-ct-33569-103672,2026-09-03,2026-09-30,FL,Riverview,,,,,11445-chilly-water-ct-33569-103672
2026-09-30,INVH,Tampa,"11101 Havasu Ct, Riverview, FL, 33569",Tampa,INVH-11101-havasu-ct-riverview-fl-33569,4,2.0,1520,2145.0,2026-10-24,19 months,False,,,,,,,,https://www.invitationhomes.com/houses-for-rent/11101-havasu-ct-riverview-fl-33569,2026-09-09,2026-09-30,FL,Riverview,,,,,11101-havasu-ct-riverview-fl-33569
2026-09-30,INVH,Tampa,"10353 Lakeside Vista Dr, Riverview, FL, 33569",Tampa,INVH-10353-lakeside-vista-dr-33569-1507,4,2.0,1342,1970.0,2026-09-30,19 months,False,,,,,,,,https://www.invitationhomes.com/houses-for-rent/10353-lakeside-vista-dr-33569-1507,2026-08-02,2026-09-30,FL,Riverview,,,,,10353-lakeside-vista-dr-33569-1507
2026-09-30,INVH,Tampa,"11216 Running Pine Dr, Riverview, FL, 33569",Tampa,INVH-11216-running-pine-dr-riverview-fl-33569,3,2.5,2248,2530.0,2026-09-30,19 months,False,,,,,,,,https://www.invitationhomes.com/houses-for-rent/11216-running-pine-dr-riverview-fl-33569,2026-09-21,2026-09-30,FL,Riverview,,,,,11216-running-pine-dr-riverview-fl-33569
2026-09-30,INVH,Tampa,"10420 Laguna Plains Dr, Riverview, FL, 33578",Tampa,INVH-10420-laguna-plains-dr-33578-112856,3,2.5,1770,2345.0,2026-10-14,19 months,False,,,,,,,,https://www.invitationhomes.com/houses-for-rent/10420-laguna-plains-dr-33578-112856,2026-09-03,2026-09-30,FL,Riverview,,,,,10420-laguna-plains-dr-33578-112856
2026-09-30,INVH,Tampa,"10231 White Linen Ave, Riverview, FL, 33578",Tampa,INVH-10231-white-linen-ave-33578-88643,6,3.0,2614,2899.0,2026-11-08,19 months,False,,,,,,,,https://www.invitationhomes.com/houses-for-rent/10231-white-linen-ave-33578-88643,2026-09-30,2026-09-30,FL,Riverview,,,,,10231-white-linen-ave-33578-88643
2026-09-30,INVH,Tampa,"11401 Andy Dr, Riverview, FL, 33569",Tampa,INVH-11401-andy-dr-33569-87522,3,2.0,1435,2095.0,2026-09-30,19 months,False,,,,,,,,https://www.invitationhomes.com/houses-for-rent/11401-andy-dr-33569-87522,2026-09-12,2026-09-30,FL,Riverview,,,,,11401-andy-dr-33569-87522
2026-09-30,INVH,Tampa,"11331 Andy Dr, Riverview, FL, 33569",Tampa,INVH-11331-andy-dr-riverview-fl-33569,3,2.0,1828,2345.0,2026-10-23,19 months,False,,,,,,,,https://www.invitationhomes.com/houses-for-rent/11331-andy-dr-riverview-fl-33569,2026-09-21,2026-09-30,FL,Riverview,,,,,11331-andy-dr-riverview-fl-33569
2026-09-30,INVH,Tampa,"11213 Andy Dr, Riverview, FL, 33569",Tampa,INVH-11213-andy-dr-33569-2668,4,2.0,1981,2625.0,2026-11-11,24 months,False,,,,,,,,https://www.invitationhomes.com/houses-for-rent/11213-andy-dr-33569-2668,2026-09-30,2026-09-30,FL,Riverview,,,,,11213-andy-dr-33569-2668
2026-09-30,INVH,Tampa,"10420 Frog Pond Dr, Riverview, FL, 33569",Tampa,INVH-10420-frog-pond-dr-33569-94646,4,2.0,2197,2270.0,2026-09-30,19 months,False,,,,,,,,https://www.invitationhomes.com/houses-for-rent/10420-frog-pond-dr-33569-94646,2026-07-19,2026-09-30,FL,Riverview,,,,,10420-frog-pond-dr-33569-94646
2026-09-30,INVH,Tampa,"10408 Salisbury St, Riverview, FL, 33569",Tampa,INVH-10408-salisbury-st-33569-3477,3,2.0,1757,2380.0,2026-10-12,19 months,False,,,,,,,,https://www.invitationhomes.com/houses-for-rent/10408-salisbury-st-33569-3477,2026-09-30,2026-09-30,FL,Riverview,,,,,10408-salisbury-st-33569-3477
2026-09-30,INVH,Tampa,"10333 Frog Pond Dr, Riverview, FL, 33569",Tampa,INVH-10333-frog-pond-dr-33569-86719,5,2.5,2910,2530.0,2026-09-30,19 months,False,,,,,,,,https://www.invitationhomes.com/houses-for-rent/10333-frog-pond-dr-33569-86719,2026-08-02,2026-09-30,FL,Riverview,,,,,10333-frog-pond-dr-33569-86719
2026-09-30,INVH,Tampa,"3686 Fulton Ferry Ln, Tampa, FL, 33619",Tampa,INVH-3686-fulton-ferry-ln-33619-119892,3,2.5,1464,2025.0,2026-09-30,24 months,False,,,,,,,,https://www.invitationhomes.com/houses-for-rent/3686-fulton-ferry-ln-33619-119892,2026-09-09,2026-09-30,FL,Tampa,,,,,3686-fulton-ferry-ln-33619-119892
2026-09-30,INVH,Tampa,"3684 Brownsville Pl, Tampa, FL, 33619",Tampa,INVH-3684-brownsville-pl-33619-119872,3,2.5,1464,2025.0,2026-09-30,24 months,False,,,,,,,,https://www.invitationhomes.com/houses-for-rent/3684-brownsville-pl-33619-119872,2026-08-10,2026-09-30,FL,Tampa,,,,,3684-brownsville-pl-33619-119872
2026-09-30,INVH,Tampa,"8111 Canterbury Lake Blvd, Tampa, FL, 33619",Tampa,INVH-8111-canterbury-lake-blvd-33619-4711,4,2.0,1495,2249.0,2026-09-30,20 months,False,,,,,,,,https://www.invitationhomes.com/houses-for-rent/8111-canterbury-lake-blvd-33619-4711,2026-08-10,2026-09-30,FL,Tampa,,,,,8111-canterbury-lake-blvd-33619-4711
2026-09-30,INVH,Tampa,"8427 Quarter Horse Dr, Riverview, FL, 33578",Tampa,INVH-8427-quarter-horse-dr-33578-9257,4,2.0,1544,2320.0,2026-11-12,19 months,False,,,,,,,,https://www.invitationhomes.com/houses-for-rent/8427-quarter-horse-dr-33578-9257,2026-09-30,2026-09-30,FL,Riverview,,,,,8427-quarter-horse-dr-33578-9257
2026-09-30,INVH,Tampa,"10323 Ashley Oaks Dr, Riverview, FL, 33578",Tampa,INVH-10323-ashley-oaks-dr-riverview-fl-33578,4,2.0,2489,2375.0,2026-09-30,19 months,False,,,,,,,,https://www.invitationhomes.com/houses-for-rent/10323-ashley-oaks-dr-riverview-fl-33578,2026-07-19,2026-09-30,FL,Riverview,,,,,10323-ashley-oaks-dr-riverview-fl-33578
2026-09-30,INVH,Tampa,"6119 Magnolia Park Blvd, Riverview, FL, 33578",Tampa,INVH-6119-magnolia-park-blvd-33578-112991,4,2.5,2660,2795.0,2026-10-15,19 months,False,,,,,,,,https://www.invitationhomes.com/houses-for-rent/6119-magnolia-park-blvd-33578-112991,2026-09-03,2026-09-30,FL,Riverview,,,,,6119-magnolia-park-blvd-33578-112991
2026-09-30,INVH,Tampa,"8502 Dee Cir, Riverview, FL, 33569",Tampa,INVH-8502-dee-cir-riverview-fl-33569,3,2.0,1540,2295.0,2026-10-13,19 months,False,,,,,,,,https://www.invitationhomes.com/houses-for-rent/8502-dee-cir-riverview-fl-33569,2026-09-03,2026-09-30,FL,Riverview,,,,,8502-dee-cir-riverview-fl-33569
2026-09-30,INVH,Tampa,"506 Wynnwood Dr, Brandon, FL, 33511",Tampa,INVH-506-wynnwood-dr-brandon-fl-33511,4,3.5,2582,2595.0,2026-09-30,19 months,False,,,,,,,,https://www.invitationhomes.com/houses-for-rent/506-wynnwood-dr-brandon-fl-33511,2026-07-19,2026-09-30,FL,Brandon,,,,,506-wynnwood-dr-brandon-fl-33511
2026-09-30,INVH,Tampa,"1427 Saddle Gold Ct, Brandon, FL, 33511",Tampa,INVH-1427-saddle-gold-ct-33511-4743,4,2.0,2061,2680.0,2026-11-06,19 months,False,,,,,,,,https://www.invitationhomes.com/houses-for-rent/1427-saddle-gold-ct-33511-4743,2026-09-30,2026-09-30,FL,Brandon,,,,,1427-saddle-gold-ct-33511-4743
2026-09-30,INVH,Tampa,"819 Centerwood Ct, Brandon, FL, 33511",Tampa,INVH-819-centerwood-ct-brandon-fl-33511,4,2.0,1363,2245.0,2026-09-30,19 months,False,,,,,,,,https://www.invitationhomes.com/houses-for-rent/819-centerwood-ct-brandon-fl-33511,2026-09-03,2026-09-30,FL,Brandon,,,,,819-centerwood-ct-brandon-fl-33511
2026-09-30,INVH,Tampa,"1210 Tuxford Dr, Brandon, FL, 33511",Tampa,INVH-1210-tuxford-dr-33511-85764,3,2.0,1817,2390.0,2026-10-15,19 months,False,,,,,,,,https://www.invitationhomes.com/houses-for-rent/1210-tuxford-dr-33511-85764,2026-09-09,2026-09-30,FL,Brandon,,,,,1210-tuxford-dr-33511-85764
2026-09-30,INVH,Tampa,"3910 Buttonwood Ct, Brandon, FL, 33511",Tampa,INVH-3910-buttonwood-ct-33511-4301,4,2.0,2374,2695.0,2026-11-11,19 months,False,,,,,,,,https://www.invitationhomes.com/houses-for-rent/3910-buttonwood-ct-33511-4301,2026-09-09,2026-09-30,FL,Brandon,,,,,3910-buttonwood-ct-33511-4301
2026-09-30,INVH,Tampa,"2475 Sagemont Dr, Brandon, FL, 33511",Tampa,INVH-2475-sagemont-dr-33511-88213,4,2.0,1354,2090.0,2026-11-07,19 months,False,,,,,,,,https://www.invitationhomes.com/houses-for-rent/2475-sagemont-dr-33511-88213,2026-09-30,2026-09-30,FL,Brandon,,,,,2475-sagemont-dr-33511-88213
2026-09-30,INVH,Tampa,"1508 Blueteal Dr, Brandon, FL, 33511",Tampa,INVH-1508-blueteal-dr-33511-103361,3,2.0,1700,2245.0,2026-09-30,19 months,False,,,,,,,,https://www.invitationhomes.com/houses-for-rent/1508-blueteal-dr-33511-103361,2026-08-02,2026-09-30,FL,Brandon,,,,,1508-blueteal-dr-33511-103361
2026-09-30,INVH,Tampa,"1517 Kestrel Way, Brandon, FL, 33511",Tampa,INVH-1517-kestrel-way-33511-5055,3,2.0,1292,2045.0,2026-09-30,19 months,False,,,,,,,,https://www.invitationhomes.com/houses-for-rent/1517-kestrel-way-33511-5055,2026-05-24,2026-09-30,FL,Brandon,,,,,1517-kestrel-way-33511-5055
2026-09-30,INVH,Tampa,"1608 Prowmore Dr, Brandon, FL, 33511",Tampa,INVH-1608-prowmore-dr-33511-113466,3,2.5,1606,2199.0,2026-09-30,20 months,False,,,,,,,,https://www.invitationhomes.com/houses-for-rent/1608-prowmore-dr-33511-113466,2026-05-17,2026-09-30,FL,Brandon,,,,,1608-prowmore-dr-33511-113466
2026-09-30,INVH,Tampa,"733 Burlwood St, Brandon, FL, 33511",Tampa,INVH-733-burlwood-st-brandon-fl-33511,3,2.5,1864,2420.0,2026-09-30,19 months,False,,,,,,,,https://www.invitationhomes.com/houses-for-rent/733-burlwood-st-brandon-fl-33511,2026-08-16,2026-09-30,FL,Brandon,,,,,733-burlwood-st-brandon-fl-33511
2026-09-30,INVH,Tampa,"1304 Village Ct, Brandon, FL, 33511",Tampa,INVH-1304-village-ct-33511-103793,3,2.0,1979,2149.0,2026-09-30,20 months,False,,,,,,,,https://www.invitationhomes.com/houses-for-rent/1304-village-ct-33511-103793,2026-07-19,2026-09-30,FL,Brandon,,,,,1304-village-ct-33511-103793
2026-09-30,INVH,Tampa,"707 Clayton St, Brandon, FL, 33511",Tampa,INVH-707-clayton-st-33511-4107,4,3.0,1496,2249.0,2026-10-28,20 months,False,,,,,,,,https://www.invitationhomes.com/houses-for-rent/707-clayton-st-33511-4107,2026-09-21,2026-09-30,FL,Brandon,,,,,707-clayton-st-33511-4107
2026-09-30,INVH,Tampa,"10206 Vista Cove Ct, Tampa, FL, 33615",Tampa,INVH-10206-vista-cove-ct-33615-5399,3,2.0,1162,1995.0,2026-10-02,19 months,False,,,,,,,,https://www.invitationhomes.com/houses-for-rent/10206-vista-cove-ct-33615-5399,2026-09-30,2026-09-30,FL,Tampa,,,,,10206-vista-cove-ct-33615-5399
2026-09-30,INVH,Tampa,"10220 Wilcox Ct, Tampa, FL, 33615",Tampa,INVH-10220-wilcox-ct-33615-1951,3,2.0,1284,2420.0,2026-09-30,19 months,False,,,,,,,,https://www.invitationhomes.com/houses-for-rent/10220-wilcox-ct-33615-1951,2026-07-19,2026-09-30,FL,Tampa,,,,,10220-wilcox-ct-33615-1951
2026-09-30,INVH,Tampa,"9403 Posen Pl, Tampa, FL, 33635",Tampa,INVH-9403-posen-pl-33635-2834,3,2.0,1505,2495.0,2026-10-06,19 months,False,,,,,,,,https://www.invitationhomes.com/houses-for-rent/9403-posen-pl-33635-2834,2026-09-03,2026-09-30,FL,Tampa,,,,,9403-posen-pl-33635-2834
2026-09-30,INVH,Tampa,"9127 Cliff Lake Ln, Tampa, FL, 33614",Tampa,INVH-9127-cliff-lake-ln-tampa-fl-33614,3,2.0,1812,2495.0,2026-11-11,19 months,False,,,,,,,,https://www.invitationhomes.com/houses-for-rent/9127-cliff-lake-ln-tampa-fl-33614,2026-09-30,2026-09-30,FL,Tampa,,,,,9127-cliff-lake-ln-tampa-fl-33614
2026-09-30,INVH,Tampa,"2802 W Sitka St, Tampa, FL, 33614",Tampa,INVH-2802-w-sitka-st-tampa-fl-33614,4,2.0,1858,2295.0,2026-11-09,19 months,False,,,,,,,,https://www.invitationhomes.com/houses-for-rent/2802-w-sitka-st-tampa-fl-33614,2026-09-30,2026-09-30,FL,Tampa,,,,,2802-w-sitka-st-tampa-fl-33614
2026-09-30,INVH,Tampa,"8613 N Mulberry St, Tampa, FL, 33603",Tampa,INVH-8613-n-mulberry-st-33603-103437,3,2.0,1215,2110.0,2026-11-14,19 months,False,,,,,,,,https://www.invitationhomes.com/houses-for-rent/8613-n-mulberry-st-33603-103437,2026-09-30,2026-09-30,FL,Tampa,,,,,8613-n-mulberry-st-33603-103437
2026-09-30,INVH,Tampa,"8908 Exposition Dr, Tampa, FL, 33626",Tampa,INVH-8908-exposition-dr-33626-4269,3,2.0,1483,2470.0,2026-10-09,19 months,False,,,,,,,,https://www.invitationhomes.com/houses-for-rent/8908-exposition-dr-33626-4269,2026-08-10,2026-09-30,FL,Tampa,,,,,8908-exposition-dr-33626-4269
2026-09-30,INVH,Tampa,"12415 Kiwi Ave, Tampa, FL, 33625",Tampa,INVH-12415-kiwi-ave-33625-1327,3,2.5,1407,2265.0,2026-09-30,19 months,False,,,,,,,,https://www.invitationhomes.com/houses-for-rent/12415-kiwi-ave-33625-1327,2026-08-02,2026-09-30,FL,Tampa,,,,,12415-kiwi-ave-33625-1327
2026-09-30,INVH,Tampa,"10536 Chadbourne Dr, Tampa, FL, 33624",Tampa,INVH-10536-chadbourne-dr-tampa-fl-33624,3,2.0,1218,2090.0,2026-09-30,19 months,False,,,,,,,,https://www.invitationhomes.com/houses-for-rent/10536-chadbourne-dr-tampa-fl-33624,2026-07-19,2026-09-30,FL,Tampa,,,,,10536-chadbourne-dr-tampa-fl-33624
2026-09-30,INVH,Tampa,"5431 Tughill Dr, Tampa, FL, 33624",Tampa,INVH-5431-tughill-dr-tampa-fl-33624,3,2.0,1732,2645.0,2026-10-21,19 months,False,,,,,,,,https://www.invitationhomes.com/houses-for-rent/5431-tughill-dr-tampa-fl-33624,2026-09-09,2026-09-30,FL,Tampa,,,,,5431-tughill-dr-tampa-fl-33624
2026-09-30,INVH,Tampa,"5422 Friarsway Dr, Tampa, FL, 33624",Tampa,INVH-5422-friarsway-dr-33624-8947,3,2.0,1539,2280.0,2026-09-30,19 months,False,,,,,,,,https://www.invitationhomes.com/houses-for-rent/5422-friarsway-dr-33624-8947,2026-08-02,2026-09-30,FL,Tampa,,,,,5422-friarsway-dr-33624-8947
2026-09-30,INVH,Tampa,"11504 Fountainhead Dr, Tampa, FL, 33626",Tampa,INVH-11504-fountainhead-dr-33626-113010,3,2.5,1470,2495.0,2026-10-02,19 months,False,,,,,,,,https://www.invitationhomes.com/houses-for-rent/11504-fountainhead-dr-33626-113010,2026-09-03,2026-09-30,FL,Tampa,,,,,11504-fountainhead-dr-33626-113010
2026-09-30,INVH,Tampa,"15146 Shaw Rd, Tampa, FL, 33625",Tampa,INVH-15146-shaw-rd-33625-94289,4,2.0,1921,3049.0,2026-11-12,19 months,False,,,,,,,,https://www.invitationhomes.com/houses-for-rent/15146-shaw-rd-33625-94289,2026-09-30,2026-09-30,FL,Tampa,,,,,15146-shaw-rd-33625-94289
2026-09-30,INVH,Tampa,"5014 Oakshire Dr, Tampa, FL, 33625",Tampa,INVH-5014-oakshire-dr-tampa-fl-33625,3,2.0,1455,2645.0,2026-11-06,19 months,False,,,,,,,,https://www.invitationhomes.com/houses-for-rent/5014-oakshire-dr-tampa-fl-33625,2026-09-30,2026-09-30,FL,Tampa,,,,,5014-oakshire-dr-tampa-fl-33625
2026-09-30,INVH,Tampa,"4805 Hayride Ct, Tampa, FL, 33624",Tampa,INVH-4805-hayride-ct-33624-4683,4,2.5,2330,3115.0,2026-09-30,19 months,False,,,,,,,,https://www.invitationhomes.com/houses-for-rent/4805-hayride-ct-33624-4683,2026-09-03,2026-09-30,FL,Tampa,,,,,4805-hayride-ct-33624-4683
2026-09-30,INVH,Tampa,"16517 Foothill Dr, Tampa, FL, 33624",Tampa,INVH-16517-foothill-dr-33624-2912,4,2.5,1964,2795.0,2026-10-08,19 months,False,,,,,,,,https://www.invitationhomes.com/houses-for-rent/16517-foothill-dr-33624-2912,2026-09-12,2026-09-30,FL,Tampa,,,,,16517-foothill-dr-33624-2912
2026-09-30,INVH,Tampa,"10507 Chadbourne Dr, Tampa, FL, 33624",Tampa,INVH-10507-chadbourne-dr-33624-5265,4,2.5,1647,2385.0,2026-09-30,19 months,False,,,,,,,,https://www.invitationhomes.com/houses-for-rent/10507-chadbourne-dr-33624-5265,2026-07-19,2026-09-30,FL,Tampa,,,,,10507-chadbourne-dr-33624-5265
2026-09-30,INVH,Tampa,"14008 Capitol Dr, Tampa, FL, 33613",Tampa,INVH-14008-capitol-dr-33613-8797,3,2.0,1710,2199.0,2026-09-30,20 months,False,,,,,,,,https://www.invitationhomes.com/houses-for-rent/14008-capitol-dr-33613-8797,2026-06-09,2026-09-30,FL,Tampa,,,,,14008-capitol-dr-33613-8797
2026-09-30,INVH,Tampa,"15707 Gardenside Ln, Tampa, FL, 33624",Tampa,INVH-15707-gardenside-ln-33624-1147,4,2.5,2261,2795.0,2026-10-26,19 months,False,,,,,,,,https://www.invitationhomes.com/houses-for-rent/15707-gardenside-ln-33624-1147,2026-09-12,2026-09-30,FL,Tampa,,,,,15707-gardenside-ln-33624-1147
2026-09-30,INVH,Tampa,"16501 W Course Dr, Tampa, FL, 33624",Tampa,INVH-16501-w-course-dr-33624-5344,4,2.5,2112,2995.0,2026-10-30,19 months,False,,,,,,,,https://www.invitationhomes.com/houses-for-rent/16501-w-course-dr-33624-5344,2026-09-21,2026-09-30,FL,Tampa,,,,,16501-w-course-dr-33624-5344
2026-09-30,INVH,Tampa,"2886 Grand Kemerton Pl, Tampa, FL, 33618",Tampa,INVH-2886-grand-kemerton-pl-33618-112749,3,2.5,1920,2680.0,2026-09-30,19 months,False,,,,,,,,https://www.invitationhomes.com/houses-for-rent/2886-grand-kemerton-pl-33618-112749,2026-08-02,2026-09-30,FL,Tampa,,,,,2886-grand-kemerton-pl-33618-112749
2026-09-30,INVH,Tampa,"908 Lakewood Ave, Tampa, FL, 33613",Tampa,INVH-908-lakewood-ave-33613-7911,5,3.0,1850,2630.0,2026-09-30,19 months,False,,,,,,,,https://www.invitationhomes.com/houses-for-rent/908-lakewood-ave-33613-7911,2026-08-23,2026-09-30,FL,Tampa,,,,,908-lakewood-ave-33613-7911
2026-09-30,INVH,Tampa,"703 Leisure Ave, Tampa, FL, 33613",Tampa,INVH-703-leisure-ave-33613-8213,3,2.0,1510,2240.0,2026-09-30,19 months,False,,,,,,,,https://www.invitationhomes.com/houses-for-rent/703-leisure-ave-33613-8213,2026-08-16,2026-09-30,FL,Tampa,,,,,703-leisure-ave-33613-8213
2026-09-30,INVH,Tampa,"1912 E 19Th Ave, Tampa, FL, 33605",Tampa,INVH-1912-e-19th-ave-33605-103562,4,2.0,1325,2035.0,2026-09-30,19 months,False,,,,,,,,https://www.invitationhomes.com/houses-for-rent/1912-e-19th-ave-33605-103562,2026-06-09,2026-09-30,FL,Tampa,,,,,1912-e-19th-ave-33605-103562
2026-09-30,INVH,Tampa,"3510 N 35Th St, Tampa, FL, 33605",Tampa,INVH-3510-n-35th-st-33605-103597,4,2.0,1275,1995.0,2026-09-30,19 months,False,,,,,,,,https://www.invitationhomes.com/houses-for-rent/3510-n-35th-st-33605-103597,2026-04-04,2026-09-30,FL,Tampa,,,,,3510-n-35th-st-33605-103597
2026-09-30,INVH,Tampa,"4020 E Paris St, Tampa, FL, 33610",Tampa,INVH-4020-e-paris-st-33610-103647,4,2.0,1150,1990.0,2026-09-30,19 months,False,,,,,,,,https://www.invitationhomes.com/houses-for-rent/4020-e-paris-st-33610-103647,2026-08-16,2026-09-30,FL,Tampa,,,,,4020-e-paris-st-33610-103647
2026-09-30,INVH,Tampa,"7601 Sharon Dr, Tampa, FL, 33617",Tampa,INVH-7601-sharon-dr-33617-5904,3,2.0,1166,1945.0,2026-10-06,19 months,False,,,,,,,,https://www.invitationhomes.com/houses-for-rent/7601-sharon-dr-33617-5904,2026-09-21,2026-09-30,FL,Tampa,,,,,7601-sharon-dr-33617-5904
2026-09-30,INVH,Tampa,"7807 Capwood Ave, Temple Terrace, FL, 33637",Tampa,INVH-7807-capwood-ave-33637-3839,3,2.5,2619,2565.0,2026-09-30,19 months,False,,,,,,,,https://www.invitationhomes.com/houses-for-rent/7807-capwood-ave-33637-3839,2026-07-19,2026-09-30,FL,Temple Terrace,,,,,7807-capwood-ave-33637-3839
2026-09-30,INVH,Tampa,"709 Foxglove Pl, Brandon, FL, 33510",Tampa,INVH-709-foxglove-pl-33510-4125,4,2.0,2107,2770.0,2026-09-30,19 months,False,,,,,,,,https://www.invitationhomes.com/houses-for-rent/709-foxglove-pl-33510-4125,2026-08-16,2026-09-30,FL,Brandon,,,,,709-foxglove-pl-33510-4125
2026-09-30,INVH,Tampa,"705 Lobelia St, Brandon, FL, 33510",Tampa,INVH-705-lobelia-st-brandon-fl-33510,4,2.5,2519,2495.0,2026-09-30,19 months,False,,,,,,,,https://www.invitationhomes.com/houses-for-rent/705-lobelia-st-brandon-fl-33510,2026-07-19,2026-09-30,FL,Brandon,,,,,705-lobelia-st-brandon-fl-33510
2026-09-30,INVH,Tampa,"614 W Windhorst Rd, Brandon, FL, 33510",Tampa,INVH-614-w-windhorst-rd-33510-3392,3,2.0,1410,2025.0,2026-09-30,19 months,False,,,,,,,,https://www.invitationhomes.com/houses-for-rent/614-w-windhorst-rd-33510-3392,2026-07-19,2026-09-30,FL,Brandon,,,,,614-w-windhorst-rd-33510-3392
2026-09-30,INVH,Tampa,"249 Majestic Sundown Ct, Brandon, FL, 33510",Tampa,INVH-249-majestic-sundown-ct-33510-93622,4,2.0,1812,2899.0,2026-09-30,24 months,False,,,,,,,,https://www.invitationhomes.com/houses-for-rent/249-majestic-sundown-ct-33510-93622,2026-09-12,2026-09-30,FL,Brandon,,,,,249-majestic-sundown-ct-33510-93622
2026-09-30,INVH,Tampa,"905 Skyview Dr, Brandon, FL, 33510",Tampa,INVH-905-skyview-dr-33510-2916,3,2.0,1716,2275.0,2026-10-21,19 months,False,,,,,,,,https://www.invitationhomes.com/houses-for-rent/905-skyview-dr-33510-2916,2026-09-21,2026-09-30,FL,Brandon,,,,,905-skyview-dr-33510-2916
2026-09-30,INVH,Tampa,"912 Wicketrun Dr, Brandon, FL, 33510",Tampa,INVH-912-wicketrun-dr-brandon-fl-33510,4,2.0,2161,2695.0,2026-10-14,19 months,False,,,,,,,,https://www.invitationhomes.com/houses-for-rent/912-wicketrun-dr-brandon-fl-33510,2026-09-09,2026-09-30,FL,Brandon,,,,,912-wicketrun-dr-brandon-fl-33510
2026-09-30,INVH,Tampa,"520 Mahogany Dr, Seffner, FL, 33584",Tampa,INVH-520-mahogany-dr-33584-8769,3,3.0,1914,2420.0,2026-09-30,19 months,False,,,,,,,,https://www.invitationhomes.com/houses-for-rent/520-mahogany-dr-33584-8769,2026-08-10,2026-09-30,FL,Seffner,,,,,520-mahogany-dr-33584-8769
2026-09-30,INVH,Tampa,"1314 Vinetree Dr, Brandon, FL, 33510",Tampa,INVH-1314-vinetree-dr-33510-9830,4,3.0,2053,2395.0,2026-09-30,19 months,False,,,,,,,,https://www.invitationhomes.com/houses-for-rent/1314-vinetree-dr-33510-9830,2026-06-14,2026-09-30,FL,Brandon,,,,,1314-vinetree-dr-33510-9830
2026-09-30,INVH,Tampa,"11916 Mango Groves Blvd, Seffner, FL, 33584",Tampa,INVH-11916-mango-groves-blvd-33584-2395,3,2.0,1296,1960.0,2026-09-30,19 months,False,,,,,,,,https://www.invitationhomes.com/houses-for-rent/11916-mango-groves-blvd-33584-2395,2026-07-19,2026-09-30,FL,Seffner,,,,,11916-mango-groves-blvd-33584-2395
2026-09-30,INVH,Tampa,"207 Redwood Ave, Temple Terrace, FL, 33617",Tampa,INVH-207-redwood-ave-33617-5212,3,2.0,1400,2095.0,2026-09-30,19 months,False,,,,,,,,https://www.invitationhomes.com/houses-for-rent/207-redwood-ave-33617-5212,2026-07-19,2026-09-30,FL,Temple Terrace,,,,,207-redwood-ave-33617-5212
2026-09-30,INVH,Tampa,"6103 Rain Hollow Ct, Temple Terrace, FL, 33617",Tampa,INVH-6103-rain-hollow-ct-33617-7970,5,3.0,2434,2899.0,2026-10-08,19 months,False,,,,,,,,https://www.invitationhomes.com/houses-for-rent/6103-rain-hollow-ct-33617-7970,2026-08-10,2026-09-30,FL,Temple Terrace,,,,,6103-rain-hollow-ct-33617-7970
2026-09-30,INVH,Tampa,"14727 Daybreak Dr, Lutz, FL, 33559",Tampa,INVH-14727-daybreak-dr-33559-9671,4,2.0,1985,2995.0,2026-10-11,19 months,False,,,,,,,,https://www.invitationhomes.com/houses-for-rent/14727-daybreak-dr-33559-9671,2026-09-03,2026-09-30,FL,Lutz,,,,,14727-daybreak-dr-33559-9671
2026-09-30,INVH,Tampa,"6109 Gannetside Pl, Lithia, FL, 33547",Tampa,INVH-6109-gannetside-pl-lithia-fl-33547,4,2.0,2229,2399.0,2026-09-30,19 months,False,,,,,,,,https://www.invitationhomes.com/houses-for-rent/6109-gannetside-pl-lithia-fl-33547,2026-08-16,2026-09-30,FL,Lithia,,,,,6109-gannetside-pl-lithia-fl-33547
2026-09-30,INVH,Tampa,"6144 Skylarkcrest Dr, Lithia, FL, 33547",Tampa,INVH-6144-skylarkcrest-dr-33547-5730,4,2.0,1644,1985.0,2026-09-30,19 months,False,,,,,,,,https://www.invitationhomes.com/houses-for-rent/6144-skylarkcrest-dr-33547-5730,2026-07-19,2026-09-30,FL,Lithia,,,,,6144-skylarkcrest-dr-33547-5730
2026-09-30,INVH,Tampa,"16106 Bridgepark Dr, Lithia, FL, 33547",Tampa,INVH-16106-bridgepark-dr-lithia-fl-33547,4,2.5,2529,2630.0,2026-09-30,19 months,False,,,,,,,,https://www.invitationhomes.com/houses-for-rent/16106-bridgepark-dr-lithia-fl-33547,2026-09-03,2026-09-30,FL,Lithia,,,,,16106-bridgepark-dr-lithia-fl-33547
2026-09-30,INVH,Tampa,"5824 Wrenwater Dr, Lithia, FL, 33547",Tampa,INVH-5824-wrenwater-dr-lithia-fl-33547,3,2.0,1642,2185.0,2026-09-30,19 months,False,,,,,,,,https://www.invitationhomes.com/houses-for-rent/5824-wrenwater-dr-lithia-fl-33547,2026-08-02,2026-09-30,FL,Lithia,,,,,5824-wrenwater-dr-lithia-fl-33547
2026-09-30,INVH,Tampa,"11406 Coventry Grove Cir, Lithia, FL, 33547",Tampa,INVH-11406-coventry-grove-cir-33547-2038,4,2.5,2246,2520.0,2026-09-30,19 months,False,,,,,,,,https://www.invitationhomes.com/houses-for-rent/11406-coventry-grove-cir-33547-2038,2026-08-16,2026-09-30,FL,Lithia,,,,,11406-coventry-grove-cir-33547-2038
2026-09-30,INVH,Tampa,"5942 Beaconpark St, Lithia, FL, 33547",Tampa,INVH-5942-beaconpark-st-33547-4318,3,2.5,2022,2595.0,2026-11-13,19 months,False,,,,,,,,https://www.invitationhomes.com/houses-for-rent/5942-beaconpark-st-33547-4318,2026-09-30,2026-09-30,FL,Lithia,,,,,5942-beaconpark-st-33547-4318
2026-09-30,INVH,Tampa,"5918 Palmettoside St, Lithia, FL, 33547",Tampa,INVH-5918-palmettoside-st-lithia-fl-33547,4,3.0,3105,2890.0,2026-09-30,19 months,False,,,,,,,,https://www.invitationhomes.com/houses-for-rent/5918-palmettoside-st-lithia-fl-33547,2026-07-19,2026-09-30,FL,Lithia,,,,,5918-palmettoside-st-lithia-fl-33547
2026-09-30,INVH,Tampa,"6110 Kiteridge Dr, Lithia, FL, 33547",Tampa,INVH-6110-kiteridge-dr-33547-113014,3,2.0,1559,2195.0,2026-10-22,19 months,False,,,,,,,,https://www.invitationhomes.com/houses-for-rent/6110-kiteridge-dr-33547-113014,2026-09-09,2026-09-30,FL,Lithia,,,,,6110-kiteridge-dr-33547-113014
2026-09-30,INVH,Tampa,"1215 Tiger Wood Ct, Valrico, FL, 33596",Tampa,INVH-1215-tiger-wood-ct-valrico-fl-33596,3,2.0,1366,2180.0,2026-10-15,19 months,False,,,,,,,,https://www.invitationhomes.com/houses-for-rent/1215-tiger-wood-ct-valrico-fl-33596,2026-09-09,2026-09-30,FL,Valrico,,,,,1215-tiger-wood-ct-valrico-fl-33596
2026-09-30,INVH,Tampa,"4313 Ellenville Pl, Valrico, FL, 33596",Tampa,INVH-4313-ellenville-pl-valrico-fl-33596,4,2.0,2200,2545.0,2026-09-30,19 months,False,,,,,,,,https://www.invitationhomes.com/houses-for-rent/4313-ellenville-pl-valrico-fl-33596,2026-05-26,2026-09-30,FL,Valrico,,,,,4313-ellenville-pl-valrico-fl-33596
2026-09-30,INVH,Tampa,"1412 Holleman Dr, Valrico, FL, 33596",Tampa,INVH-1412-holleman-dr-33596-94405,5,2.0,2842,2845.0,2026-10-12,19 months,False,,,,,,,,https://www.invitationhomes.com/houses-for-rent/1412-holleman-dr-33596-94405,2026-09-21,2026-09-30,FL,Valrico,,,,,1412-holleman-dr-33596-94405
2026-09-30,INVH,Tampa,"2335 Needham Dr, Valrico, FL, 33596",Tampa,INVH-2335-needham-dr-valrico-fl-33596,3,2.5,2069,2545.0,2026-09-30,19 months,False,,,,,,,,https://www.invitationhomes.com/houses-for-rent/2335-needham-dr-valrico-fl-33596,2026-05-24,2026-09-30,FL,Valrico,,,,,2335-needham-dr-valrico-fl-33596
2026-09-30,INVH,Tampa,"3626 Springville Dr, Valrico, FL, 33596",Tampa,INVH-3626-springville-dr-33596-89449,4,2.0,2203,2795.0,2026-10-12,19 months,False,,,,,,,,https://www.invitationhomes.com/houses-for-rent/3626-springville-dr-33596-89449,2026-09-30,2026-09-30,FL,Valrico,,,,,3626-springville-dr-33596-89449
2026-09-30,INVH,Tampa,"2927 Folklore Dr, Valrico, FL, 33596",Tampa,INVH-2927-folklore-dr-33596-95189,4,3.0,2447,2545.0,2026-10-22,19 months,False,,,,,,,,https://www.invitationhomes.com/houses-for-rent/2927-folklore-dr-33596-95189,2026-08-02,2026-09-30,FL,Valrico,,,,,2927-folklore-dr-33596-95189
2026-09-30,INVH,Tampa,"4226 Balington Dr, Valrico, FL, 33596",Tampa,INVH-4226-balington-dr-33596-113474,3,2.0,2194,2495.0,2026-09-30,19 months,False,,,,,,,,https://www.invitationhomes.com/houses-for-rent/4226-balington-dr-33596-113474,2026-07-19,2026-09-30,FL,Valrico,,,,,4226-balington-dr-33596-113474
2026-09-30,INVH,Tampa,"3310 Stonebridge Trl, Valrico, FL, 33596",Tampa,INVH-3310-stonebridge-trl-33596-83418,3,2.0,1805,2290.0,2026-09-30,19 months,False,,,,,,,,https://www.invitationhomes.com/houses-for-rent/3310-stonebridge-trl-33596-83418,2026-07-19,2026-09-30,FL,Valrico,,,,,3310-stonebridge-trl-33596-83418
2026-09-30,INVH,Tampa,"2618 Buckhorn Preserve Blvd, Valrico, FL, 33596",Tampa,INVH-2618-buckhorn-preserve-blvd-33596-1182,4,2.0,1971,2515.0,2026-09-30,19 months,False,,,,,,,,https://www.invitationhomes.com/houses-for-rent/2618-buckhorn-preserve-blvd-33596-1182,2026-08-16,2026-09-30,FL,Valrico,,,,,2618-buckhorn-preserve-blvd-33596-1182
2026-09-30,INVH,Tampa,"2822 Laurel Leaf Dr, Valrico, FL, 33594",Tampa,INVH-2822-laurel-leaf-dr-33594-4743,4,3.0,2321,2695.0,2026-09-30,19 months,False,,,,,,,,https://www.invitationhomes.com/houses-for-rent/2822-laurel-leaf-dr-33594-4743,2026-07-19,2026-09-30,FL,Valrico,,,,,2822-laurel-leaf-dr-33594-4743
2026-09-30,INVH,Tampa,"2214 Glen Mist Dr, Valrico, FL, 33594",Tampa,INVH-2214-glen-mist-dr-33594-7574,4,2.5,2538,3010.0,2026-10-12,19 months,False,,,,,,,,https://www.invitationhomes.com/houses-for-rent/2214-glen-mist-dr-33594-7574,2026-09-09,2026-09-30,FL,Valrico,,,,,2214-glen-mist-dr-33594-7574
2026-09-30,INVH,Tampa,"3942 Appletree Dr, Valrico, FL, 33594",Tampa,INVH-3942-appletree-dr-valrico-fl-33594,3,2.0,1960,2270.0,2026-09-30,19 months,False,,,,,,,,https://www.invitationhomes.com/houses-for-rent/3942-appletree-dr-valrico-fl-33594,2026-08-16,2026-09-30,FL,Valrico,,,,,3942-appletree-dr-valrico-fl-33594
2026-09-30,INVH,Tampa,"1220 Piney Branch Cir, Valrico, FL, 33594",Tampa,INVH-1220-piney-branch-cir-33594-9798,4,2.0,1232,1780.0,2026-09-30,19 months,False,,,,,,,,https://www.invitationhomes.com/houses-for-rent/1220-piney-branch-cir-33594-9798,2026-08-02,2026-09-30,FL,Valrico,,,,,1220-piney-branch-cir-33594-9798
2026-09-30,INVH,Tampa,"1311 Dragon Head Dr, Valrico, FL, 33594",Tampa,INVH-1311-dragon-head-dr-33594-86511,3,2.0,1477,2185.0,2026-10-12,19 months,False,,,,,,,,https://www.invitationhomes.com/houses-for-rent/1311-dragon-head-dr-33594-86511,2026-09-30,2026-09-30,FL,Valrico,,,,,1311-dragon-head-dr-33594-86511
2026-09-30,INVH,Tampa,"4502 Stable Dr, Valrico, FL, 33594",Tampa,INVH-4502-stable-dr-valrico-fl-33594,3,2.5,2384,2345.0,2026-09-30,19 months,False,,,,,,,,https://www.invitationhomes.com/houses-for-rent/4502-stable-dr-valrico-fl-33594,2026-06-09,2026-09-30,FL,Valrico,,,,,4502-stable-dr-valrico-fl-33594
2026-09-30,INVH,Tampa,"621 Sand Ridge Dr, Valrico, FL, 33594",Tampa,INVH-621-sand-ridge-dr-33594-85428,3,2.0,1511,2240.0,2026-10-21,19 months,False,,,,,,,,https://www.invitationhomes.com/houses-for-rent/621-sand-ridge-dr-33594-85428,2026-09-06,2026-09-30,FL,Valrico,,,,,621-sand-ridge-dr-33594-85428
2026-09-30,INVH,Tampa,"607 Briarcliff Dr, Valrico, FL, 33594",Tampa,INVH-607-briarcliff-dr-33594-6605,3,2.0,1648,2195.0,2026-10-15,19 months,False,,,,,,,,https://www.invitationhomes.com/houses-for-rent/607-briarcliff-dr-33594-6605,2026-08-16,2026-09-30,FL,Valrico,,,,,607-briarcliff-dr-33594-6605
2026-09-30,INVH,Tampa,"607 Cape Cod Cir, Valrico, FL, 33594",Tampa,INVH-607-cape-cod-cir-valrico-fl-33594,4,2.0,1402,1975.0,2026-09-30,19 months,False,,,,,,,,https://www.invitationhomes.com/houses-for-rent/607-cape-cod-cir-valrico-fl-33594,2026-08-02,2026-09-30,FL,Valrico,,,,,607-cape-cod-cir-valrico-fl-33594
2026-09-30,INVH,Tampa,"818 Cape Cod Cir, Valrico, FL, 33594",Tampa,INVH-818-cape-cod-cir-33594-3465,4,2.0,1298,2049.0,2026-10-06,21 months,False,,,,,,,,https://www.invitationhomes.com/houses-for-rent/818-cape-cod-cir-33594-3465,2026-09-03,2026-09-30,FL,Valrico,,,,,818-cape-cod-cir-33594-3465
2026-09-30,INVH,Tampa,"513 Somerstone Dr, Valrico, FL, 33594",Tampa,INVH-513-somerstone-dr-33594-95387,4,3.0,1796,2399.0,2026-09-30,19 months,False,,,,,,,,https://www.invitationhomes.com/houses-for-rent/513-somerstone-dr-33594-95387,2026-08-02,2026-09-30,FL,Valrico,,,,,513-somerstone-dr-33594-95387
2026-09-30,INVH,Tampa,"4628 Hickory Stream Ln, Mulberry, FL, 33860",Tampa,INVH-4628-hickory-stream-ln-33860-2837,4,2.5,2482,2340.0,2026-09-30,19 months,False,,,,,,,,https://www.invitationhomes.com/houses-for-rent/4628-hickory-stream-ln-33860-2837,2026-08-02,2026-09-30,FL,Mulberry,,,,,4628-hickory-stream-ln-33860-2837
2026-09-30,INVH,Tampa,"2470 Brownwood Dr, Mulberry, FL, 33860",Tampa,INVH-2470-brownwood-dr-mulberry-fl-33860,3,2.0,1890,2195.0,2026-09-30,19 months,False,,,,,,,,https://www.invitationhomes.com/houses-for-rent/2470-brownwood-dr-mulberry-fl-33860,2026-09-30,2026-09-30,FL,Mulberry,,,,,2470-brownwood-dr-mulberry-fl-33860
2026-09-30,INVH,Tampa,"4036 Festival Pointe Blvd, Mulberry, FL, 33860",Tampa,INVH-4036-festival-pointe-blvd-mulberry-fl-33860,3,2.5,2282,2299.0,2026-10-31,19 months,False,,,,,,,,https://www.invitationhomes.com/houses-for-rent/4036-festival-pointe-blvd-mulberry-fl-33860,2026-09-21,2026-09-30,FL,Mulberry,,,,,4036-festival-pointe-blvd-mulberry-fl-33860
2026-09-30,INVH,Tampa,"2496 Brownwood Dr, Mulberry, FL, 33860",Tampa,INVH-2496-brownwood-dr-33860-91965,3,2.0,1890,2195.0,2026-11-01,19 months,False,,,,,,,,https://www.invitationhomes.com/houses-for-rent/2496-brownwood-dr-33860-91965,2026-09-21,2026-09-30,FL,Mulberry,,,,,2496-brownwood-dr-33860-91965
2026-09-30,INVH,Tampa,"5300 White Egret Ln, Lakeland, FL, 33811",Tampa,INVH-5300-white-egret-ln-33811-86728,4,2.0,1749,2275.0,2026-10-05,19 months,False,,,,,,,,https://www.invitationhomes.com/houses-for-rent/5300-white-egret-ln-33811-86728,2026-09-21,2026-09-30,FL,Lakeland,,,,,5300-white-egret-ln-33811-86728
2026-09-30,INVH,Tampa,"3690 Emerald Ln, Mulberry, FL, 33860",Tampa,INVH-3690-emerald-ln-33860-92071,3,2.0,2123,2245.0,2026-11-14,19 months,False,,,,,,,,https://www.invitationhomes.com/houses-for-rent/3690-emerald-ln-33860-92071,2026-09-30,2026-09-30,FL,Mulberry,,,,,3690-emerald-ln-33860-92071
2026-09-30,INVH,Tampa,"4378 Sun Center Rd, Mulberry, FL, 33860",Tampa,INVH-4378-sun-center-rd-33860-7728,3,2.0,1746,2095.0,2026-10-18,19 months,False,,,,,,,,https://www.invitationhomes.com/houses-for-rent/4378-sun-center-rd-33860-7728,2026-09-03,2026-09-30,FL,Mulberry,,,,,4378-sun-center-rd-33860-7728
2026-09-30,INVH,Tampa,"6581 Shepherd Oaks Pass, Lakeland, FL, 33811",Tampa,INVH-6581-shepherd-oaks-pass-lakeland-fl-33811,3,2.0,1294,1749.0,2026-09-30,24 months,False,,,,,,,,https://www.invitationhomes.com/houses-for-rent/6581-shepherd-oaks-pass-lakeland-fl-33811,2026-08-02,2026-09-30,FL,Lakeland,,,,,6581-shepherd-oaks-pass-lakeland-fl-33811
2026-09-30,INVH,Tampa,"763 Sagewood Dr, Lakeland, FL, 33813",Tampa,INVH-763-sagewood-dr-33813-8568,3,2.0,1987,2185.0,2026-09-30,19 months,False,,,,,,,,https://www.invitationhomes.com/houses-for-rent/763-sagewood-dr-33813-8568,2026-09-03,2026-09-30,FL,Lakeland,,,,,763-sagewood-dr-33813-8568
2026-09-30,INVH,Tampa,"1823 Dockside Dr, Valrico, FL, 33594",Tampa,INVH-1823-dockside-dr-33594-1226,3,2.5,1804,2285.0,2026-09-30,19 months,False,,,,,,,,https://www.invitationhomes.com/houses-for-rent/1823-dockside-dr-33594-1226,2026-07-19,2026-09-30,FL,Valrico,,,,,1823-dockside-dr-33594-1226
2026-09-30,INVH,Tampa,"2002 Helm Ln, Valrico, FL, 33594",Tampa,INVH-2002-helm-ln-33594-8700,2,2.0,1180,1880.0,2026-10-05,19 months,False,,,,,,,,https://www.invitationhomes.com/houses-for-rent/2002-helm-ln-33594-8700,2026-09-30,2026-09-30,FL,Valrico,,,,,2002-helm-ln-33594-8700
2026-09-30,INVH,Tampa,"1117 Emerald Hill Way, Valrico, FL, 33594",Tampa,INVH-1117-emerald-hill-way-valrico-fl-33594,3,2.0,1560,2090.0,2026-09-30,19 months,False,,,,,,,,https://www.invitationhomes.com/houses-for-rent/1117-emerald-hill-way-valrico-fl-33594,2026-08-10,2026-09-30,FL,Valrico,,,,,1117-emerald-hill-way-valrico-fl-33594
2026-09-30,INVH,Tampa,"1529 Emerald Hill Way, Valrico, FL, 33594",Tampa,INVH-1529-emerald-hill-way-33594-85615,3,2.0,1900,2930.0,2026-10-15,19 months,False,,,,,,,,https://www.invitationhomes.com/houses-for-rent/1529-emerald-hill-way-33594-85615,2026-09-30,2026-09-30,FL,Valrico,,,,,1529-emerald-hill-way-33594-85615
2026-09-30,INVH,Tampa,"2808 Spring Meadow Dr, Plant City, FL, 33566",Tampa,INVH-2808-spring-meadow-dr-plant-city-fl-33566,4,2.0,1808,2349.0,2026-10-16,19 months,False,,,,,,,,https://www.invitationhomes.com/houses-for-rent/2808-spring-meadow-dr-plant-city-fl-33566,2026-09-09,2026-09-30,FL,Plant City,,,,,2808-spring-meadow-dr-plant-city-fl-33566
2026-09-30,INVH,Tampa,"4727 Bloom Dr, Plant City, FL, 33566",Tampa,INVH-4727-bloom-dr-33566-88337,3,2.0,1367,2045.0,2026-09-30,19 months,False,,,,,,,,https://www.invitationhomes.com/houses-for-rent/4727-bloom-dr-33566-88337,2026-08-16,2026-09-30,FL,Plant City,,,,,4727-bloom-dr-33566-88337
2026-09-30,INVH,Tampa,"4636 E Eastwind Dr, Plant City, FL, 33566",Tampa,INVH-4636-e-eastwind-dr-plant-city-fl-33566,3,2.0,1240,1930.0,2026-09-30,19 months,False,,,,,,,,https://www.invitationhomes.com/houses-for-rent/4636-e-eastwind-dr-plant-city-fl-33566,2026-08-23,2026-09-30,FL,Plant City,,,,,4636-e-eastwind-dr-plant-city-fl-33566
2026-09-30,INVH,Tampa,"563 Lindsay Anne Ct, Plant City, FL, 33563",Tampa,INVH-563-lindsay-anne-ct-33563-4455,3,2.0,1340,2095.0,2026-10-15,19 months,False,,,,,,,,https://www.invitationhomes.com/houses-for-rent/563-lindsay-anne-ct-33563-4455,2026-09-03,2026-09-30,FL,Plant City,,,,,563-lindsay-anne-ct-33563-4455
2026-09-30,INVH,Tampa,"3815 Spruce Creek Dr, Lakeland, FL, 33811",Tampa,INVH-3815-spruce-creek-dr-33811-93245,4,2.5,2386,2499.0,2026-09-30,19 months,False,,,,,,,,https://www.invitationhomes.com/houses-for-rent/3815-spruce-creek-dr-33811-93245,2026-07-19,2026-09-30,FL,Lakeland,,,,,3815-spruce-creek-dr-33811-93245
2026-09-30,INVH,Tampa,"4161 Salt Springs Ln, Lakeland, FL, 33811",Tampa,INVH-4161-salt-springs-ln-33811-91726,3,2.0,1478,2049.0,2026-09-30,21 months,False,,,,,,,,https://www.invitationhomes.com/houses-for-rent/4161-salt-springs-ln-33811-91726,2026-07-19,2026-09-30,FL,Lakeland,,,,,4161-salt-springs-ln-33811-91726
2026-09-30,INVH,Tampa,"3236 Forestbrook Dr N, Lakeland, FL, 33811",Tampa,INVH-3236-forestbrook-dr-n-lakeland-fl-33811,3,2.0,1805,1980.0,2026-09-30,19 months,False,,,,,,,,https://www.invitationhomes.com/houses-for-rent/3236-forestbrook-dr-n-lakeland-fl-33811,2026-07-19,2026-09-30,FL,Lakeland,,,,,3236-forestbrook-dr-n-lakeland-fl-33811
2026-09-30,INVH,Tampa,"3664 Barred Owl Rd, Lakeland, FL, 33811",Tampa,INVH-3664-barred-owl-rd-33811-89433,4,2.0,2366,2495.0,2026-11-03,19 months,False,,,,,,,,https://www.invitationhomes.com/houses-for-rent/3664-barred-owl-rd-33811-89433,2026-09-30,2026-09-30,FL,Lakeland,,,,,3664-barred-owl-rd-33811-89433
2026-09-30,INVH,Tampa,"2825 Van Amber Ct, Lakeland, FL, 33811",Tampa,INVH-2825-van-amber-ct-33811-86404,4,2.0,1828,2195.0,2026-09-30,19 months,False,,,,,,,,https://www.invitationhomes.com/houses-for-rent/2825-van-amber-ct-33811-86404,2026-09-03,2026-09-30,FL,Lakeland,,,,,2825-van-amber-ct-33811-86404
2026-09-30,INVH,Tampa,"5627 Oakwood Knoll Dr, Lakeland, FL, 33811",Tampa,INVH-5627-oakwood-knoll-dr-33811-5976,4,2.0,2150,2549.0,2026-09-30,19 months,False,,,,,,,,https://www.invitationhomes.com/houses-for-rent/5627-oakwood-knoll-dr-33811-5976,2026-08-16,2026-09-30,FL,Lakeland,,,,,5627-oakwood-knoll-dr-33811-5976
2026-09-30,INVH,Tampa,"6151 Morningdale Ave, Lakeland, FL, 33813",Tampa,INVH-6151-morningdale-ave-lakeland-fl-33813,3,2.0,1380,1799.0,2026-09-30,24 months,False,,,,,,,,https://www.invitationhomes.com/houses-for-rent/6151-morningdale-ave-lakeland-fl-33813,2026-07-19,2026-09-30,FL,Lakeland,,,,,6151-morningdale-ave-lakeland-fl-33813
2026-09-30,INVH,Tampa,"4407 Orangewood Loop E, Lakeland, FL, 33813",Tampa,INVH-4407-orangewood-loop-e-lakeland-fl-33813,3,2.0,1983,2375.0,2026-09-30,19 months,False,,,,,,,,https://www.invitationhomes.com/houses-for-rent/4407-orangewood-loop-e-lakeland-fl-33813,2026-08-02,2026-09-30,FL,Lakeland,,,,,4407-orangewood-loop-e-lakeland-fl-33813
2026-09-30,INVH,Tampa,"1536 Hallam Ct N, Lakeland, FL, 33813",Tampa,INVH-1536-hallam-ct-n-33813-7936,3,2.0,1706,2095.0,2026-10-11,19 months,False,,,,,,,,https://www.invitationhomes.com/houses-for-rent/1536-hallam-ct-n-33813-7936,2026-09-03,2026-09-30,FL,Lakeland,,,,,1536-hallam-ct-n-33813-7936
2026-09-30,INVH,Tampa,"6875 Highlands Creek Rd, Lakeland, FL, 33813",Tampa,INVH-6875-highlands-creek-rd-33813-86151,5,3.5,2954,3095.0,2026-10-30,19 months,False,,,,,,,,https://www.invitationhomes.com/houses-for-rent/6875-highlands-creek-rd-33813-86151,2026-09-21,2026-09-30,FL,Lakeland,,,,,6875-highlands-creek-rd-33813-86151
2026-09-30,INVH,Tampa,"2241 Ginger Way, Lakeland, FL, 33801",Tampa,INVH-2241-ginger-way-33801-4251,3,2.0,1424,1999.0,2026-11-04,21 months,False,,,,,,,,https://www.invitationhomes.com/houses-for-rent/2241-ginger-way-33801-4251,2026-08-23,2026-09-30,FL,Lakeland,,,,,2241-ginger-way-33801-4251
2026-09-30,INVH,Tampa,"3925 Rollingsford Cir, Lakeland, FL, 33810",Tampa,INVH-3925-rollingsford-cir-lakeland-fl-33810,3,2.0,2030,2485.0,2026-10-14,19 months,False,,,,,,,,https://www.invitationhomes.com/houses-for-rent/3925-rollingsford-cir-lakeland-fl-33810,2026-09-03,2026-09-30,FL,Lakeland,,,,,3925-rollingsford-cir-lakeland-fl-33810
2026-09-30,INVH,Tampa,"3779 Rollingsford Cir, Lakeland, FL, 33810",Tampa,INVH-3779-rollingsford-cir-33810-8388,4,3.0,1794,2140.0,2026-09-30,19 months,False,,,,,,,,https://www.invitationhomes.com/houses-for-rent/3779-rollingsford-cir-33810-8388,2026-08-16,2026-09-30,FL,Lakeland,,,,,3779-rollingsford-cir-33810-8388
2026-09-30,INVH,Tampa,"5020 Spanish Oaks Blvd, Lakeland, FL, 33805",Tampa,INVH-5020-spanish-oaks-blvd-33805-7854,4,2.5,2880,2335.0,2026-09-30,19 months,False,,,,,,,,https://www.invitationhomes.com/houses-for-rent/5020-spanish-oaks-blvd-33805-7854,2026-07-19,2026-09-30,FL,Lakeland,,,,,5020-spanish-oaks-blvd-33805-7854
2026-09-30,INVH,Tampa,"211 Harrison St, Lake Wales, FL, 33859",Tampa,INVH-211-harrison-st-lake-wales-fl-33859,3,2.0,1476,1749.0,2026-09-30,24 months,False,,,,,,,,https://www.invitationhomes.com/houses-for-rent/211-harrison-st-lake-wales-fl-33859,2026-09-03,2026-09-30,FL,Lake Wales,,,,,211-harrison-st-lake-wales-fl-33859
2026-09-30,INVH,Orlando,"6553 Crescent Loop, Winter Haven, FL, 33884",Orlando,INVH-6553-crescent-loop-winter-haven-fl-33884,4,3.0,2057,1995.0,2026-11-11,19 months,False,,,,,,,,https://www.invitationhomes.com/houses-for-rent/6553-crescent-loop-winter-haven-fl-33884,2026-09-30,2026-09-30,FL,Winter Haven,,,,,6553-crescent-loop-winter-haven-fl-33884
2026-09-30,INVH,Tampa,"2674 Champion Ridge Dr, Lakeland, FL, 33813",Tampa,INVH-2674-champion-ridge-dr-33813-88556,4,2.0,1913,2345.0,2026-10-30,19 months,False,,,,,,,,https://www.invitationhomes.com/houses-for-rent/2674-champion-ridge-dr-33813-88556,2026-09-21,2026-09-30,FL,Lakeland,,,,,2674-champion-ridge-dr-33813-88556
2026-09-30,INVH,Tampa,"5700 Fischer Dr, Lakeland, FL, 33812",Tampa,INVH-5700-fischer-dr-33812-1954,4,2.0,1813,2125.0,2026-09-30,19 months,False,,,,,,,,https://www.invitationhomes.com/houses-for-rent/5700-fischer-dr-33812-1954,2026-08-23,2026-09-30,FL,Lakeland,,,,,5700-fischer-dr-33812-1954
2026-09-30,INVH,Tampa,"4017 Byrds Crossing Dr, Lakeland, FL, 33812",Tampa,INVH-4017-byrds-crossing-dr-lakeland-fl-33812,4,2.0,1538,2180.0,2026-10-19,19 months,False,,,,,,,,https://www.invitationhomes.com/houses-for-rent/4017-byrds-crossing-dr-lakeland-fl-33812,2026-09-06,2026-09-30,FL,Lakeland,,,,,4017-byrds-crossing-dr-lakeland-fl-33812
2026-09-30,INVH,Tampa,"4057 Byrds Crossing Dr, Lakeland, FL, 33812",Tampa,INVH-4057-byrds-crossing-dr-lakeland-fl-33812,4,2.0,2172,2595.0,2026-09-30,19 months,False,,,,,,,,https://www.invitationhomes.com/houses-for-rent/4057-byrds-crossing-dr-lakeland-fl-33812,2026-05-03,2026-09-30,FL,Lakeland,,,,,4057-byrds-crossing-dr-lakeland-fl-33812
2026-09-30,INVH,Orlando,"6020 Kaley Dr, Winter Haven, FL, 33880",Orlando,INVH-6020-kaley-dr-winter-haven-fl-33880,4,2.0,2128,2235.0,2026-10-25,19 months,False,,,,,,,,https://www.invitationhomes.com/houses-for-rent/6020-kaley-dr-winter-haven-fl-33880,2026-09-12,2026-09-30,FL,Winter Haven,,,,,6020-kaley-dr-winter-haven-fl-33880
2026-09-30,INVH,Orlando,"849 Sunset Cove Dr, Winter Haven, FL, 33880",Orlando,INVH-849-sunset-cove-dr-33880-3412,4,3.0,2827,2045.0,2026-09-30,19 months,False,,,,,,,,https://www.invitationhomes.com/houses-for-rent/849-sunset-cove-dr-33880-3412,2026-08-02,2026-09-30,FL,Winter Haven,,,,,849-sunset-cove-dr-33880-3412
2026-09-30,INVH,Orlando,"914 Summer Glen Dr, Winter Haven, FL, 33880",Orlando,INVH-914-summer-glen-dr-33880-6641,3,2.0,1841,1995.0,2026-10-12,19 months,False,,,,,,,,https://www.invitationhomes.com/houses-for-rent/914-summer-glen-dr-33880-6641,2026-09-03,2026-09-30,FL,Winter Haven,,,,,914-summer-glen-dr-33880-6641
2026-09-30,INVH,Tampa,"119 Madalyn Ct, Auburndale, FL, 33823",Tampa,INVH-119-madalyn-ct-33823-8334,3,2.5,1788,1795.0,2026-09-30,19 months,False,,,,,,,,https://www.invitationhomes.com/houses-for-rent/119-madalyn-ct-33823-8334,2026-07-19,2026-09-30,FL,Auburndale,,,,,119-madalyn-ct-33823-8334
2026-09-30,INVH,Tampa,"796 Lake Cummings Blvd, Lake Alfred, FL, 33850",Tampa,INVH-796-lake-cummings-blvd-lake-alfred-fl-33850,4,3.0,2057,1949.0,2026-09-30,21 months,False,,,,,,,,https://www.invitationhomes.com/houses-for-rent/796-lake-cummings-blvd-lake-alfred-fl-33850,2026-08-10,2026-09-30,FL,Lake Alfred,,,,,796-lake-cummings-blvd-lake-alfred-fl-33850
2026-09-30,INVH,Orlando,"608 Terranova Dr, Winter Haven, FL, 33884",Orlando,INVH-608-terranova-dr-winter-haven-fl-33884,4,2.0,2138,1995.0,2026-11-02,19 months,False,,,,,,,,https://www.invitationhomes.com/houses-for-rent/608-terranova-dr-winter-haven-fl-33884,2026-04-20,2026-09-30,FL,Winter Haven,,,,,608-terranova-dr-winter-haven-fl-33884
2026-09-30,INVH,Orlando,"878 Terranova Rd, Winter Haven, FL, 33884",Orlando,INVH-878-terranova-rd-33884-7264,3,2.0,2056,1999.0,2026-09-30,21 months,False,,,,,,,,https://www.invitationhomes.com/houses-for-rent/878-terranova-rd-33884-7264,2026-07-19,2026-09-30,FL,Winter Haven,,,,,878-terranova-rd-33884-7264
2026-09-30,INVH,Orlando,"4681 Mandolin Loop, Winter Haven, FL, 33884",Orlando,INVH-4681-mandolin-loop-winter-haven-fl-33884,3,2.0,2126,2040.0,2026-09-30,19 months,False,,,,,,,,https://www.invitationhomes.com/houses-for-rent/4681-mandolin-loop-winter-haven-fl-33884,2026-07-19,2026-09-30,FL,Winter Haven,,,,,4681-mandolin-loop-winter-haven-fl-33884
2026-09-30,INVH,Orlando,"631 Heather Glen Loop, Winter Haven, FL, 33884",Orlando,INVH-631-heather-glen-loop-33884-2341,3,2.0,1725,1849.0,2026-10-12,24 months,False,,,,,,,,https://www.invitationhomes.com/houses-for-rent/631-heather-glen-loop-33884-2341,2026-09-03,2026-09-30,FL,Winter Haven,,,,,631-heather-glen-loop-33884-2341
2026-09-30,INVH,Orlando,"1881 N Lake Eloise Dr, Winter Haven, FL, 33884",Orlando,INVH-1881-n-lake-eloise-dr-winter-haven-fl-33884,3,2.0,1628,1849.0,2026-09-30,24 months,False,,,,,,,,https://www.invitationhomes.com/houses-for-rent/1881-n-lake-eloise-dr-winter-haven-fl-33884,2026-07-19,2026-09-30,FL,Winter Haven,,,,,1881-n-lake-eloise-dr-winter-haven-fl-33884
2026-09-30,INVH,Orlando,"552 Cody Caleb Dr, Winter Haven, FL, 33884",Orlando,INVH-552-cody-caleb-dr-winter-haven-fl-33884,4,2.5,2733,2295.0,2026-09-30,19 months,False,,,,,,,,https://www.invitationhomes.com/houses-for-rent/552-cody-caleb-dr-winter-haven-fl-33884,2026-09-21,2026-09-30,FL,Winter Haven,,,,,552-cody-caleb-dr-winter-haven-fl-33884
2026-09-30,INVH,Tampa,"1607 Fitzgerald Dr, Dundee, FL, 33838",Tampa,INVH-1607-fitzgerald-dr-33838-2227,3,2.0,1458,1675.0,2026-10-05,19 months,False,,,,,,,,https://www.invitationhomes.com/houses-for-rent/1607-fitzgerald-dr-33838-2227,2026-09-30,2026-09-30,FL,Dundee,,,,,1607-fitzgerald-dr-33838-2227
2026-09-30,INVH,Orlando,"4124 Sophia Blvd, Winter Haven, FL, 33881",Orlando,INVH-4124-sophia-blvd-33881-4126,4,2.0,1994,2099.0,2026-10-05,20 months,False,,,,,,,,https://www.invitationhomes.com/houses-for-rent/4124-sophia-blvd-33881-4126,2026-09-21,2026-09-30,FL,Winter Haven,,,,,4124-sophia-blvd-33881-4126
2026-09-30,INVH,Miami,"18874 Sw 319Th St, Homestead, FL, 33030",Miami,INVH-18874-sw-319th-st-33030-103134,4,3.0,2190,3295.0,2026-09-30,19 months,False,,,,,,,,https://www.invitationhomes.com/houses-for-rent/18874-sw-319th-st-33030-103134,2026-06-09,2026-09-30,FL,Homestead,,,,,18874-sw-319th-st-33030-103134
2026-09-30,INVH,Miami,"121 Se 35Th Ave, Homestead, FL, 33033",Miami,INVH-121-se-35th-ave-33033-103284,3,2.0,3468,3410.0,2026-09-30,24 months,False,,,,,,,,https://www.invitationhomes.com/houses-for-rent/121-se-35th-ave-33033-103284,2026-05-09,2026-09-30,FL,Homestead,,,,,121-se-35th-ave-33033-103284
2026-09-30,INVH,Miami,"13143 SW 256th St, Homestead, FL, 33032",Miami,INVH-13143-sw-256th-st-homestead-fl-33032,3,2.0,1650,2699.0,2026-09-30,19 months,False,,,,,,,,https://www.invitationhomes.com/houses-for-rent/13143-sw-256th-st-homestead-fl-33032,2026-08-02,2026-09-30,FL,Homestead,,,,,13143-sw-256th-st-homestead-fl-33032
2026-09-30,INVH,Miami,"25046 Sw 118 Ave, Homestead, FL, 33032",Miami,INVH-25046-sw-118-ave-33032-103283,3,2.0,1965,3715.0,2026-10-18,19 months,False,,,,,,,,https://www.invitationhomes.com/houses-for-rent/25046-sw-118-ave-33032-103283,2026-09-30,2026-09-30,FL,Homestead,,,,,25046-sw-118-ave-33032-103283
2026-09-30,INVH,Miami,"11340 SW 236th St, Homestead, FL, 33032",Miami,INVH-11340-sw-236th-st-33032-4287,3,3.0,1896,2895.0,2026-10-16,19 months,False,,,,,,,,https://www.invitationhomes.com/houses-for-rent/11340-sw-236th-st-33032-4287,2026-09-21,2026-09-30,FL,Homestead,,,,,11340-sw-236th-st-33032-4287
2026-09-30,INVH,Miami,"23934 SW 108th Ct, Homestead, FL, 33032",Miami,INVH-23934-sw-108th-ct-homestead-fl-33032,5,2.5,2575,3595.0,2026-10-19,19 months,False,,,,,,,,https://www.invitationhomes.com/houses-for-rent/23934-sw-108th-ct-homestead-fl-33032,2026-07-19,2026-09-30,FL,Homestead,,,,,23934-sw-108th-ct-homestead-fl-33032
2026-09-30,INVH,Miami,"10225 SW 224th Ter, Miami, FL, 33190",Miami,INVH-10225-sw-224th-ter-33190-8136,3,2.0,1811,2845.0,2026-09-30,19 months,False,,,,,,,,https://www.invitationhomes.com/houses-for-rent/10225-sw-224th-ter-33190-8136,2026-09-03,2026-09-30,FL,Miami,,,,,10225-sw-224th-ter-33190-8136
2026-09-30,INVH,Miami,"22250 SW 101st Avenue Rd, Cutler Bay, FL, 33190",Miami,INVH-22250-sw-101st-avenue-rd-33190-2685,3,2.0,1759,3215.0,2026-09-30,19 months,False,,,,,,,,https://www.invitationhomes.com/houses-for-rent/22250-sw-101st-avenue-rd-33190-2685,2026-08-10,2026-09-30,FL,Cutler Bay,,,,,22250-sw-101st-avenue-rd-33190-2685
2026-09-30,INVH,Miami,"9785 SW 222nd St, Cutler Bay, FL, 33190",Miami,INVH-9785-sw-222nd-st-33190-4672,3,2.0,1369,2625.0,2026-09-30,19 months,False,,,,,,,,https://www.invitationhomes.com/houses-for-rent/9785-sw-222nd-st-33190-4672,2026-07-19,2026-09-30,FL,Cutler Bay,,,,,9785-sw-222nd-st-33190-4672
2026-09-30,INVH,Miami,"9838 SW 221st St, Cutler Bay, FL, 33190",Miami,INVH-9838-sw-221st-st-33190-4639,4,2.0,2533,3035.0,2026-09-30,19 months,False,,,,,,,,https://www.invitationhomes.com/houses-for-rent/9838-sw-221st-st-33190-4639,2026-09-03,2026-09-30,FL,Cutler Bay,,,,,9838-sw-221st-st-33190-4639
2026-09-30,INVH,Miami,"22131 SW 97th Ct, Cutler Bay, FL, 33190",Miami,INVH-22131-sw-97th-ct-33190-7133,4,2.0,1993,3195.0,2026-10-26,19 months,False,,,,,,,,https://www.invitationhomes.com/houses-for-rent/22131-sw-97th-ct-33190-7133,2026-09-12,2026-09-30,FL,Cutler Bay,,,,,22131-sw-97th-ct-33190-7133
2026-09-30,INVH,Miami,"22061 SW 88th Path, Cutler Bay, FL, 33190",Miami,INVH-22061-sw-88th-path-33190-7321,3,2.5,1716,2895.0,2026-11-02,19 months,False,,,,,,,,https://www.invitationhomes.com/houses-for-rent/22061-sw-88th-path-33190-7321,2026-09-21,2026-09-30,FL,Cutler Bay,,,,,22061-sw-88th-path-33190-7321
2026-09-30,INVH,Miami,"9191 SW 212th Ter, Cutler Bay, FL, 33189",Miami,INVH-9191-sw-212th-ter-cutler-bay-fl-33189,4,2.0,2331,3299.0,2026-09-30,19 months,False,,,,,,,,https://www.invitationhomes.com/houses-for-rent/9191-sw-212th-ter-cutler-bay-fl-33189,2026-07-19,2026-09-30,FL,Cutler Bay,,,,,9191-sw-212th-ter-cutler-bay-fl-33189
2026-09-30,INVH,Miami,"18168 SW 151st Ave, Miami, FL, 33187",Miami,INVH-18168-sw-151st-ave-33187-5888,4,3.0,2526,3895.0,2026-10-16,19 months,False,,,,,,,,https://www.invitationhomes.com/houses-for-rent/18168-sw-151st-ave-33187-5888,2026-09-03,2026-09-30,FL,Miami,,,,,18168-sw-151st-ave-33187-5888
2026-09-30,INVH,Miami,"17111 SW 153rd Pl, Miami, FL, 33187",Miami,INVH-17111-sw-153rd-pl-33187-7392,4,3.0,2522,3620.0,2026-09-30,19 months,False,,,,,,,,https://www.invitationhomes.com/houses-for-rent/17111-sw-153rd-pl-33187-7392,2026-07-19,2026-09-30,FL,Miami,,,,,17111-sw-153rd-pl-33187-7392
2026-09-30,INVH,Miami,"14650 SW 169th Ter, Miami, FL, 33177",Miami,INVH-14650-sw-169th-ter-33177-3937,3,2.0,1718,3485.0,2026-11-04,19 months,False,,,,,,,,https://www.invitationhomes.com/houses-for-rent/14650-sw-169th-ter-33177-3937,2026-09-21,2026-09-30,FL,Miami,,,,,14650-sw-169th-ter-33177-3937
2026-09-30,INVH,Miami,"16802 SW 143rd Pl, Miami, FL, 33177",Miami,INVH-16802-sw-143rd-pl-33177-4899,3,2.0,1554,2895.0,2026-10-15,19 months,False,,,,,,,,https://www.invitationhomes.com/houses-for-rent/16802-sw-143rd-pl-33177-4899,2026-07-19,2026-09-30,FL,Miami,,,,,16802-sw-143rd-pl-33177-4899
2026-09-30,INVH,Miami,"15451 SW 143rd St, Miami, FL, 33196",Miami,INVH-15451-sw-143rd-st-33196-9092,3,2.0,1639,2995.0,2026-10-29,19 months,False,,,,,,,,https://www.invitationhomes.com/houses-for-rent/15451-sw-143rd-st-33196-9092,2026-09-21,2026-09-30,FL,Miami,,,,,15451-sw-143rd-st-33196-9092
2026-09-30,INVH,Miami,"15108 SW 141st Ter, Miami, FL, 33196",Miami,INVH-15108-sw-141st-ter-miami-fl-33196,3,2.5,1950,3210.0,2026-09-30,19 months,False,,,,,,,,https://www.invitationhomes.com/houses-for-rent/15108-sw-141st-ter-miami-fl-33196,2026-08-10,2026-09-30,FL,Miami,,,,,15108-sw-141st-ter-miami-fl-33196
2026-09-30,INVH,Miami,"14450 SW 139th Avenue Cir W, Miami, FL, 33186",Miami,INVH-14450-sw-139th-avenue-cir-w-miami-fl-33186,4,2.5,2210,3895.0,2026-09-30,19 months,False,,,,,,,,https://www.invitationhomes.com/houses-for-rent/14450-sw-139th-avenue-cir-w-miami-fl-33186,2026-08-16,2026-09-30,FL,Miami,,,,,14450-sw-139th-avenue-cir-w-miami-fl-33186
2026-09-30,INVH,Miami,"14380 SW 112th Ter, Miami, FL, 33186",Miami,INVH-14380-sw-112th-ter-miami-fl-33186,3,2.0,2017,3345.0,2026-10-15,19 months,False,,,,,,,,https://www.invitationhomes.com/houses-for-rent/14380-sw-112th-ter-miami-fl-33186,2026-09-21,2026-09-30,FL,Miami,,,,,14380-sw-112th-ter-miami-fl-33186
2026-09-30,INVH,Miami,"12330 SW 193rd St, Miami, FL, 33177",Miami,INVH-12330-sw-193rd-st-33177-4714,3,1.5,1303,2835.0,2026-09-30,19 months,False,,,,,,,,https://www.invitationhomes.com/houses-for-rent/12330-sw-193rd-st-33177-4714,2026-08-23,2026-09-30,FL,Miami,,,,,12330-sw-193rd-st-33177-4714
2026-09-30,INVH,Miami,"17532 SW 137th Ct, Miami, FL, 33177",Miami,INVH-17532-sw-137th-ct-miami-fl-33177,3,2.0,1445,2949.0,2026-09-30,19 months,False,,,,,,,,https://www.invitationhomes.com/houses-for-rent/17532-sw-137th-ct-miami-fl-33177,2026-08-16,2026-09-30,FL,Miami,,,,,17532-sw-137th-ct-miami-fl-33177
2026-09-30,INVH,Miami,"17011 SW 139th Pl, Miami, FL, 33177",Miami,INVH-17011-sw-139th-pl-miami-fl-33177,3,2.0,1779,2865.0,2026-09-30,19 months,False,,,,,,,,https://www.invitationhomes.com/houses-for-rent/17011-sw-139th-pl-miami-fl-33177,2026-08-02,2026-09-30,FL,Miami,,,,,17011-sw-139th-pl-miami-fl-33177
2026-09-30,INVH,Miami,"9411 SW 192nd Dr, Cutler Bay, FL, 33157",Miami,INVH-9411-sw-192nd-dr-33157-5043,3,2.0,1692,3115.0,2026-09-30,19 months,False,,,,,,,,https://www.invitationhomes.com/houses-for-rent/9411-sw-192nd-dr-33157-5043,2026-08-16,2026-09-30,FL,Cutler Bay,,,,,9411-sw-192nd-dr-33157-5043
2026-09-30,INVH,Miami,"11218 SW 167th St, Miami, FL, 33157",Miami,INVH-11218-sw-167th-st-33157-3032,3,2.0,1691,3310.0,2026-09-30,19 months,False,,,,,,,,https://www.invitationhomes.com/houses-for-rent/11218-sw-167th-st-33157-3032,2026-08-23,2026-09-30,FL,Miami,,,,,11218-sw-167th-st-33157-3032
2026-09-30,INVH,Miami,"12316 SW 146th St, Miami, FL, 33186",Miami,INVH-12316-sw-146th-st-miami-fl-33186,3,2.0,1566,2845.0,2026-09-30,19 months,False,,,,,,,,https://www.invitationhomes.com/houses-for-rent/12316-sw-146th-st-miami-fl-33186,2026-08-02,2026-09-30,FL,Miami,,,,,12316-sw-146th-st-miami-fl-33186
2026-09-30,INVH,Miami,"12947 SW 133rd Ter, Miami, FL, 33186",Miami,INVH-12947-sw-133rd-ter-33186-3591,3,2.5,1915,3215.0,2026-09-30,19 months,False,,,,,,,,https://www.invitationhomes.com/houses-for-rent/12947-sw-133rd-ter-33186-3591,2026-07-19,2026-09-30,FL,Miami,,,,,12947-sw-133rd-ter-33186-3591
2026-09-30,INVH,Miami,"12503 SW 124th Path, Miami, FL, 33186",Miami,INVH-12503-sw-124th-path-miami-fl-33186,3,2.5,1534,3215.0,2026-09-30,19 months,False,,,,,,,,https://www.invitationhomes.com/houses-for-rent/12503-sw-124th-path-miami-fl-33186,2026-09-06,2026-09-30,FL,Miami,,,,,12503-sw-124th-path-miami-fl-33186
2026-09-30,INVH,Miami,"16372 SW 93rd St, Miami, FL, 33196",Miami,INVH-16372-sw-93rd-st-miami-fl-33196,4,3.0,2970,3995.0,2026-09-30,19 months,False,,,,,,,,https://www.invitationhomes.com/houses-for-rent/16372-sw-93rd-st-miami-fl-33196,2026-08-23,2026-09-30,FL,Miami,,,,,16372-sw-93rd-st-miami-fl-33196
2026-09-30,INVH,Miami,"16028 SW 86th Ter, Miami, FL, 33193",Miami,INVH-16028-sw-86th-ter-miami-fl-33193,3,2.0,1933,3095.0,2026-09-30,19 months,False,,,,,,,,https://www.invitationhomes.com/houses-for-rent/16028-sw-86th-ter-miami-fl-33193,2026-09-03,2026-09-30,FL,Miami,,,,,16028-sw-86th-ter-miami-fl-33193
2026-09-30,INVH,Miami,"15115 SW 108th Ter, Miami, FL, 33196",Miami,INVH-15115-sw-108th-ter-miami-fl-33196,4,2.0,2340,3245.0,2026-10-15,24 months,False,,,,,,,,https://www.invitationhomes.com/houses-for-rent/15115-sw-108th-ter-miami-fl-33196,2026-09-30,2026-09-30,FL,Miami,,,,,15115-sw-108th-ter-miami-fl-33196
2026-09-30,INVH,Miami,"9611 SW 148th Pl, Miami, FL, 33196",Miami,INVH-9611-sw-148th-pl-miami-fl-33196,4,3.5,2703,3995.0,2026-10-21,19 months,False,,,,,,,,https://www.invitationhomes.com/houses-for-rent/9611-sw-148th-pl-miami-fl-33196,2026-09-06,2026-09-30,FL,Miami,,,,,9611-sw-148th-pl-miami-fl-33196
2026-09-30,INVH,Miami,"14736 SW 92nd Street Rd, Miami, FL, 33196",Miami,INVH-14736-sw-92nd-street-rd-miami-fl-33196,3,2.5,1453,2795.0,2026-09-30,19 months,False,,,,,,,,https://www.invitationhomes.com/houses-for-rent/14736-sw-92nd-street-rd-miami-fl-33196,2026-07-19,2026-09-30,FL,Miami,,,,,14736-sw-92nd-street-rd-miami-fl-33196
2026-09-30,INVH,Miami,"14661 SW 93rd Ln, Miami, FL, 33186",Miami,INVH-14661-sw-93rd-ln-miami-fl-33186,4,3.0,2625,3699.0,2026-09-30,19 months,False,,,,,,,,https://www.invitationhomes.com/houses-for-rent/14661-sw-93rd-ln-miami-fl-33186,2026-08-02,2026-09-30,FL,Miami,,,,,14661-sw-93rd-ln-miami-fl-33186
2026-09-30,INVH,Miami,"14388 SW 98th Ter, Miami, FL, 33186",Miami,INVH-14388-sw-98th-ter-miami-fl-33186,3,2.5,1594,2795.0,2026-10-09,19 months,False,,,,,,,,https://www.invitationhomes.com/houses-for-rent/14388-sw-98th-ter-miami-fl-33186,2026-09-03,2026-09-30,FL,Miami,,,,,14388-sw-98th-ter-miami-fl-33186
2026-09-30,INVH,Miami,"8120 SW 162nd Path, Miami, FL, 33193",Miami,INVH-8120-sw-162nd-path-33193-4488,3,2.0,1724,2895.0,2026-09-30,19 months,False,,,,,,,,https://www.invitationhomes.com/houses-for-rent/8120-sw-162nd-path-33193-4488,2026-07-19,2026-09-30,FL,Miami,,,,,8120-sw-162nd-path-33193-4488
2026-09-30,INVH,Miami,"15927 SW 82nd St, Miami, FL, 33193",Miami,INVH-15927-sw-82nd-st-miami-fl-33193,3,2.0,1933,3210.0,2026-09-30,19 months,False,,,,,,,,https://www.invitationhomes.com/houses-for-rent/15927-sw-82nd-st-miami-fl-33193,2026-07-19,2026-09-30,FL,Miami,,,,,15927-sw-82nd-st-miami-fl-33193
2026-09-30,INVH,Miami,"15935 SW 83rd Ter, Miami, FL, 33193",Miami,INVH-15935-sw-83rd-ter-miami-fl-33193,4,3.0,2103,3695.0,2026-10-15,19 months,False,,,,,,,,https://www.invitationhomes.com/houses-for-rent/15935-sw-83rd-ter-miami-fl-33193,2026-09-03,2026-09-30,FL,Miami,,,,,15935-sw-83rd-ter-miami-fl-33193
2026-09-30,INVH,Miami,"16112 SW 63rd Ter, Miami, FL, 33193",Miami,INVH-16112-sw-63rd-ter-miami-fl-33193,4,2.5,2370,3799.0,2026-09-30,19 months,False,,,,,,,,https://www.invitationhomes.com/houses-for-rent/16112-sw-63rd-ter-miami-fl-33193,2026-09-06,2026-09-30,FL,Miami,,,,,16112-sw-63rd-ter-miami-fl-33193
2026-09-30,INVH,Miami,"5886 SW 162nd Path, Miami, FL, 33193",Miami,INVH-5886-sw-162nd-path-miami-fl-33193,4,3.0,1775,3035.0,2026-09-30,19 months,False,,,,,,,,https://www.invitationhomes.com/houses-for-rent/5886-sw-162nd-path-miami-fl-33193,2026-07-19,2026-09-30,FL,Miami,,,,,5886-sw-162nd-path-miami-fl-33193
2026-09-30,INVH,Miami,"5062 SW 154th Pl, Miami, FL, 33185",Miami,INVH-5062-sw-154th-pl-33185-5879,4,3.0,2222,3699.0,2026-09-30,19 months,False,,,,,,,,https://www.invitationhomes.com/houses-for-rent/5062-sw-154th-pl-33185-5879,2026-08-23,2026-09-30,FL,Miami,,,,,5062-sw-154th-pl-33185-5879
2026-09-30,INVH,Miami,"4121 SW 154th Ct, Miami, FL, 33185",Miami,INVH-4121-sw-154th-ct-miami-fl-33185,3,2.0,2090,3295.0,2026-10-30,19 months,False,,,,,,,,https://www.invitationhomes.com/houses-for-rent/4121-sw-154th-ct-miami-fl-33185,2026-06-09,2026-09-30,FL,Miami,,,,,4121-sw-154th-ct-miami-fl-33185
2026-09-30,INVH,Miami,"5920 SW 148th Ave, Miami, FL, 33193",Miami,INVH-5920-sw-148th-ave-33193-6569,3,2.0,1638,3065.0,2026-09-30,19 months,False,,,,,,,,https://www.invitationhomes.com/houses-for-rent/5920-sw-148th-ave-33193-6569,2026-08-02,2026-09-30,FL,Miami,,,,,5920-sw-148th-ave-33193-6569
2026-09-30,INVH,Miami,"15308 SW 53rd St, Miami, FL, 33185",Miami,INVH-15308-sw-53rd-st-33185-3475,3,2.0,1706,3180.0,2026-09-30,19 months,False,,,,,,,,https://www.invitationhomes.com/houses-for-rent/15308-sw-53rd-st-33185-3475,2026-08-02,2026-09-30,FL,Miami,,,,,15308-sw-53rd-st-33185-3475
2026-09-30,INVH,Miami,"14867 SW 56th Ter, Miami, FL, 33193",Miami,INVH-14867-sw-56th-ter-33193-8857,3,2.0,1330,2865.0,2026-09-30,19 months,False,,,,,,,,https://www.invitationhomes.com/houses-for-rent/14867-sw-56th-ter-33193-8857,2026-08-16,2026-09-30,FL,Miami,,,,,14867-sw-56th-ter-33193-8857
2026-09-30,INVH,Miami,"4233 SW 153rd Ct, Miami, FL, 33185",Miami,INVH-4233-sw-153rd-ct-33185-6063,4,2.0,1864,3545.0,2026-10-18,19 months,False,,,,,,,,https://www.invitationhomes.com/houses-for-rent/4233-sw-153rd-ct-33185-6063,2026-09-09,2026-09-30,FL,Miami,,,,,4233-sw-153rd-ct-33185-6063
2026-09-30,INVH,Miami,"4705 SW 143rd Ave, Miami, FL, 33175",Miami,INVH-4705-sw-143rd-ave-33175-8455,3,2.0,1899,3120.0,2026-09-30,19 months,False,,,,,,,,https://www.invitationhomes.com/houses-for-rent/4705-sw-143rd-ave-33175-8455,2026-07-19,2026-09-30,FL,Miami,,,,,4705-sw-143rd-ave-33175-8455
2026-09-30,INVH,Miami,"3452 SW 156th Ct, Miami, FL, 33185",Miami,INVH-3452-sw-156th-ct-33185-8306,3,2.0,1867,4210.0,2026-10-13,19 months,False,,,,,,,,https://www.invitationhomes.com/houses-for-rent/3452-sw-156th-ct-33185-8306,2026-09-30,2026-09-30,FL,Miami,,,,,3452-sw-156th-ct-33185-8306
2026-09-30,INVH,Miami,"15470 SW 23rd Ln, Miami, FL, 33185",Miami,INVH-15470-sw-23rd-ln-miami-fl-33185,3,2.0,1758,3595.0,2026-10-06,19 months,False,,,,,,,,https://www.invitationhomes.com/houses-for-rent/15470-sw-23rd-ln-miami-fl-33185,2026-09-06,2026-09-30,FL,Miami,,,,,15470-sw-23rd-ln-miami-fl-33185
2026-09-30,INVH,Miami,"15551 SW 21st Ter, Miami, FL, 33185",Miami,INVH-15551-sw-21st-ter-33185-2191,3,2.0,1758,3165.0,2026-09-30,19 months,False,,,,,,,,https://www.invitationhomes.com/houses-for-rent/15551-sw-21st-ter-33185-2191,2026-08-10,2026-09-30,FL,Miami,,,,,15551-sw-21st-ter-33185-2191
2026-09-30,INVH,Miami,"14941 SW 17th Ln, Miami, FL, 33185",Miami,INVH-14941-sw-17th-ln-miami-fl-33185,4,3.5,3120,4195.0,2026-10-26,19 months,False,,,,,,,,https://www.invitationhomes.com/houses-for-rent/14941-sw-17th-ln-miami-fl-33185,2026-09-12,2026-09-30,FL,Miami,,,,,14941-sw-17th-ln-miami-fl-33185
2026-09-30,INVH,Miami,"13857 SW 103rd Ln, Miami, FL, 33186",Miami,INVH-13857-sw-103rd-ln-33186-6015,3,2.0,2222,3215.0,2026-10-12,19 months,False,,,,,,,,https://www.invitationhomes.com/houses-for-rent/13857-sw-103rd-ln-33186-6015,2026-09-09,2026-09-30,FL,Miami,,,,,13857-sw-103rd-ln-33186-6015
2026-09-30,INVH,Miami,"13265 SW 96th Ter, Miami, FL, 33186",Miami,INVH-13265-sw-96th-ter-miami-fl-33186,4,3.0,2277,3799.0,2026-09-30,19 months,False,,,,,,,,https://www.invitationhomes.com/houses-for-rent/13265-sw-96th-ter-miami-fl-33186,2026-05-03,2026-09-30,FL,Miami,,,,,13265-sw-96th-ter-miami-fl-33186
2026-09-30,INVH,Miami,"14973 SW 11th St, Miami, FL, 33194",Miami,INVH-14973-sw-11th-st-33194-9288,4,3.0,3077,4649.0,2026-10-16,19 months,False,,,,,,,,https://www.invitationhomes.com/houses-for-rent/14973-sw-11th-st-33194-9288,2026-09-03,2026-09-30,FL,Miami,,,,,14973-sw-11th-st-33194-9288
2026-09-30,INVH,Miami,"14964 SW 9th Ln, Miami, FL, 33194",Miami,INVH-14964-sw-9th-ln-miami-fl-33194,3,2.5,1900,3365.0,2026-10-07,19 months,False,,,,,,,,https://www.invitationhomes.com/houses-for-rent/14964-sw-9th-ln-miami-fl-33194,2026-09-03,2026-09-30,FL,Miami,,,,,14964-sw-9th-ln-miami-fl-33194
2026-09-30,INVH,Miami,"873 SW 149th Ct, Miami, FL, 33194",Miami,INVH-873-sw-149th-ct-miami-fl-33194,3,2.5,1810,3395.0,2026-10-29,19 months,False,,,,,,,,https://www.invitationhomes.com/houses-for-rent/873-sw-149th-ct-miami-fl-33194,2026-09-30,2026-09-30,FL,Miami,,,,,873-sw-149th-ct-miami-fl-33194
2026-09-30,INVH,Miami,"505 NW 136th Ct, Miami, FL, 33182",Miami,INVH-505-nw-136th-ct-33182-5543,4,2.5,2280,3740.0,2026-09-30,18 months,False,,,,,,,,https://www.invitationhomes.com/houses-for-rent/505-nw-136th-ct-33182-5543,2026-08-10,2026-09-30,FL,Miami,,,,,505-nw-136th-ct-33182-5543
2026-09-30,INVH,Miami,"12451 NW 7th St, Miami, FL, 33182",Miami,INVH-12451-nw-7th-st-33182-7262,4,3.0,2328,3525.0,2026-09-30,19 months,False,,,,,,,,https://www.invitationhomes.com/houses-for-rent/12451-nw-7th-st-33182-7262,2026-07-19,2026-09-30,FL,Miami,,,,,12451-nw-7th-st-33182-7262
2026-09-30,INVH,Tampa,"5141 NW 102nd Ct, Doral, FL, 33178",Tampa,INVH-5141-nw-102nd-ct-33178-4281,3,2.5,1900,3699.0,2026-09-30,19 months,False,,,,,,,,https://www.invitationhomes.com/houses-for-rent/5141-nw-102nd-ct-33178-4281,2026-07-19,2026-09-30,FL,Doral,,,,,5141-nw-102nd-ct-33178-4281
2026-09-30,INVH,Miami,"8320 SW 16th St, Miami, FL, 33155",Miami,INVH-8320-sw-16th-st-33155-5405,3,2.0,1765,3545.0,2026-10-29,19 months,False,,,,,,,,https://www.invitationhomes.com/houses-for-rent/8320-sw-16th-st-33155-5405,2026-09-21,2026-09-30,FL,Miami,,,,,8320-sw-16th-st-33155-5405
2026-09-30,INVH,Tampa,"11390 NW 83rd Way, Doral, FL, 33178",Tampa,INVH-11390-nw-83rd-way-doral-fl-33178,4,3.0,2185,3670.0,2026-09-30,19 months,False,,,,,,,,https://www.invitationhomes.com/houses-for-rent/11390-nw-83rd-way-doral-fl-33178,2026-07-19,2026-09-30,FL,Doral,,,,,11390-nw-83rd-way-doral-fl-33178
2026-09-30,INVH,Tampa,"10882 NW 78th Ter, Doral, FL, 33178",Tampa,INVH-10882-nw-78th-ter-33178-2038,4,2.5,1849,4149.0,2026-10-15,24 months,False,,,,,,,,https://www.invitationhomes.com/houses-for-rent/10882-nw-78th-ter-33178-2038,2026-09-30,2026-09-30,FL,Doral,,,,,10882-nw-78th-ter-33178-2038
2026-09-30,INVH,Tampa,"8124 NW 107th Path, Doral, FL, 33178",Tampa,INVH-8124-nw-107th-path-doral-fl-33178,3,2.5,1683,3445.0,2026-10-15,19 months,False,,,,,,,,https://www.invitationhomes.com/houses-for-rent/8124-nw-107th-path-doral-fl-33178,2026-09-30,2026-09-30,FL,Doral,,,,,8124-nw-107th-path-doral-fl-33178
2026-09-30,INVH,Miami,"10215 NW 126th St, Hialeah, FL, 33018",Miami,INVH-10215-nw-126th-st-hialeah-fl-33018,3,2.0,1412,3135.0,2026-09-30,19 months,False,,,,,,,,https://www.invitationhomes.com/houses-for-rent/10215-nw-126th-st-hialeah-fl-33018,2026-08-16,2026-09-30,FL,Hialeah,,,,,10215-nw-126th-st-hialeah-fl-33018
2026-09-30,INVH,Miami,"9991 NW 126th Ter, Hialeah Gardens, FL, 33018",Miami,INVH-9991-nw-126th-ter-33018-5703,3,2.0,1553,3560.0,2026-10-16,19 months,False,,,,,,,,https://www.invitationhomes.com/houses-for-rent/9991-nw-126th-ter-33018-5703,2026-09-03,2026-09-30,FL,Hialeah Gardens,,,,,9991-nw-126th-ter-33018-5703
2026-09-30,INVH,Miami,"9775 NW 126th Ter, Hialeah, FL, 33018",Miami,INVH-9775-nw-126th-ter-33018-2789,3,2.0,1553,3160.0,2026-09-30,19 months,False,,,,,,,,https://www.invitationhomes.com/houses-for-rent/9775-nw-126th-ter-33018-2789,2026-08-02,2026-09-30,FL,Hialeah,,,,,9775-nw-126th-ter-33018-2789
2026-09-30,INVH,Miami,"3166 W 79th Pl, Hialeah, FL, 33018",Miami,INVH-3166-w-79th-pl-hialeah-fl-33018,3,2.0,1480,3395.0,2026-10-30,19 months,False,,,,,,,,https://www.invitationhomes.com/houses-for-rent/3166-w-79th-pl-hialeah-fl-33018,2026-09-21,2026-09-30,FL,Hialeah,,,,,3166-w-79th-pl-hialeah-fl-33018
2026-09-30,INVH,Miami,"3408 W 109 Pl, Hialeah, FL, 33018",Miami,INVH-3408-w-109-pl-33018-103251,3,2.5,1800,3495.0,2026-09-30,19 months,False,,,,,,,,https://www.invitationhomes.com/houses-for-rent/3408-w-109-pl-33018-103251,2026-08-16,2026-09-30,FL,Hialeah,,,,,3408-w-109-pl-33018-103251
2026-09-30,INVH,Miami,"8361 NW 166th Ter, Miami Lakes, FL, 33016",Miami,INVH-8361-nw-166th-ter-33016-2676,3,2.0,2511,4385.0,2026-09-30,19 months,False,,,,,,,,https://www.invitationhomes.com/houses-for-rent/8361-nw-166th-ter-33016-2676,2026-08-16,2026-09-30,FL,Miami Lakes,,,,,8361-nw-166th-ter-33016-2676
2026-09-30,INVH,Miami,"20710 NW 1st St, Pembroke Pines, FL, 33029",Miami,INVH-20710-nw-1st-st-33029-2633,3,2.0,1416,3095.0,2026-09-30,19 months,False,,,,,,,,https://www.invitationhomes.com/houses-for-rent/20710-nw-1st-st-33029-2633,2026-08-02,2026-09-30,FL,Pembroke Pines,,,,,20710-nw-1st-st-33029-2633
2026-09-30,INVH,Miami,"19226 NW 82nd Circle Ct, Hialeah, FL, 33015",Miami,INVH-19226-nw-82nd-circle-ct-hialeah-fl-33015,3,2.0,1547,3130.0,2026-09-30,19 months,False,,,,,,,,https://www.invitationhomes.com/houses-for-rent/19226-nw-82nd-circle-ct-hialeah-fl-33015,2026-08-10,2026-09-30,FL,Hialeah,,,,,19226-nw-82nd-circle-ct-hialeah-fl-33015
2026-09-30,INVH,Miami,"5010 SW 155th Ave, Miramar, FL, 33027",Miami,INVH-5010-sw-155th-ave-miramar-fl-33027,4,2.5,2139,3799.0,2026-10-15,19 months,False,,,,,,,,https://www.invitationhomes.com/houses-for-rent/5010-sw-155th-ave-miramar-fl-33027,2026-09-03,2026-09-30,FL,Miramar,,,,,5010-sw-155th-ave-miramar-fl-33027
2026-09-30,INVH,Miami,"16363 SW 47th Ct, Miramar, FL, 33027",Miami,INVH-16363-sw-47th-ct-miramar-fl-33027,3,2.5,1386,2845.0,2026-11-11,19 months,False,,,,,,,,https://www.invitationhomes.com/houses-for-rent/16363-sw-47th-ct-miramar-fl-33027,2026-09-30,2026-09-30,FL,Miramar,,,,,16363-sw-47th-ct-miramar-fl-33027
2026-09-30,INVH,Miami,"8229 NW 199th Ter, Hialeah, FL, 33015",Miami,INVH-8229-nw-199th-ter-hialeah-fl-33015,4,2.5,2179,3645.0,2026-09-30,19 months,False,,,,,,,,https://www.invitationhomes.com/houses-for-rent/8229-nw-199th-ter-hialeah-fl-33015,2026-08-23,2026-09-30,FL,Hialeah,,,,,8229-nw-199th-ter-hialeah-fl-33015
2026-09-30,INVH,Miami,"5221 SW 141st Ave, Miramar, FL, 33027",Miami,INVH-5221-sw-141st-ave-33027-5493,3,2.0,2160,3349.0,2026-09-30,19 months,False,,,,,,,,https://www.invitationhomes.com/houses-for-rent/5221-sw-141st-ave-33027-5493,2026-08-02,2026-09-30,FL,Miramar,,,,,5221-sw-141st-ave-33027-5493
2026-09-30,INVH,Miami,"15270 SW 46th Ct, Miramar, FL, 33027",Miami,INVH-15270-sw-46th-ct-miramar-fl-33027,4,2.5,2047,3545.0,2026-09-30,19 months,False,,,,,,,,https://www.invitationhomes.com/houses-for-rent/15270-sw-46th-ct-miramar-fl-33027,2026-04-04,2026-09-30,FL,Miramar,,,,,15270-sw-46th-ct-miramar-fl-33027
2026-09-30,INVH,Miami,"5076 SW 141st Ave, Miramar, FL, 33027",Miami,INVH-5076-sw-141st-ave-33027-8906,3,2.5,1542,3195.0,2026-10-02,19 months,False,,,,,,,,https://www.invitationhomes.com/houses-for-rent/5076-sw-141st-ave-33027-8906,2026-09-21,2026-09-30,FL,Miramar,,,,,5076-sw-141st-ave-33027-8906
2026-09-30,INVH,Miami,"14916 SW 22nd St, Miramar, FL, 33027",Miami,INVH-14916-sw-22nd-st-miramar-fl-33027,4,3.0,2143,3695.0,2026-10-15,24 months,False,,,,,,,,https://www.invitationhomes.com/houses-for-rent/14916-sw-22nd-st-miramar-fl-33027,2026-09-30,2026-09-30,FL,Miramar,,,,,14916-sw-22nd-st-miramar-fl-33027
2026-09-30,INVH,Miami,"2124 W 54th St, Hialeah, FL, 33016",Miami,INVH-2124-w-54th-st-hialeah-fl-33016,3,2.0,1284,3180.0,2026-10-07,19 months,False,,,,,,,,https://www.invitationhomes.com/houses-for-rent/2124-w-54th-st-hialeah-fl-33016,2026-08-16,2026-09-30,FL,Hialeah,,,,,2124-w-54th-st-hialeah-fl-33016
2026-09-30,INVH,Miami,"60 E 38th St, Hialeah, FL, 33013",Miami,INVH-60-e-38th-st-33013-5466,3,2.0,2142,3595.0,2026-11-03,19 months,False,,,,,,,,https://www.invitationhomes.com/houses-for-rent/60-e-38th-st-33013-5466,2026-09-21,2026-09-30,FL,Hialeah,,,,,60-e-38th-st-33013-5466
2026-09-30,INVH,Miami,"7449 NW 181st St, Hialeah, FL, 33015",Miami,INVH-7449-nw-181st-st-hialeah-fl-33015,2,2.5,1105,2575.0,2026-09-30,19 months,False,,,,,,,,https://www.invitationhomes.com/houses-for-rent/7449-nw-181st-st-hialeah-fl-33015,2026-08-16,2026-09-30,FL,Hialeah,,,,,7449-nw-181st-st-hialeah-fl-33015
2026-09-30,INVH,Miami,"19432 NW 62nd Ct, Hialeah, FL, 33015",Miami,INVH-19432-nw-62nd-ct-33015-4764,3,2.0,1760,3365.0,2026-09-30,19 months,False,,,,,,,,https://www.invitationhomes.com/houses-for-rent/19432-nw-62nd-ct-33015-4764,2026-08-23,2026-09-30,FL,Hialeah,,,,,19432-nw-62nd-ct-33015-4764
2026-09-30,INVH,Miami,"13081 SW 54th Ct, Miramar, FL, 33027",Miami,INVH-13081-sw-54th-ct-33027-5181,3,2.0,2252,3449.0,2026-09-30,19 months,False,,,,,,,,https://www.invitationhomes.com/houses-for-rent/13081-sw-54th-ct-33027-5181,2026-07-19,2026-09-30,FL,Miramar,,,,,13081-sw-54th-ct-33027-5181
2026-09-30,INVH,Miami,"12760 SW 53rd St, Miramar, FL, 33027",Miami,INVH-12760-sw-53rd-st-33027-5064,2,2.0,1633,3215.0,2026-10-02,19 months,False,,,,,,,,https://www.invitationhomes.com/houses-for-rent/12760-sw-53rd-st-33027-5064,2026-09-03,2026-09-30,FL,Miramar,,,,,12760-sw-53rd-st-33027-5064
2026-09-30,INVH,Miami,"12768 SW 49th Ct, Miramar, FL, 33027",Miami,INVH-12768-sw-49th-ct-miramar-fl-33027,3,2.5,1633,2830.0,2026-09-30,19 months,False,,,,,,,,https://www.invitationhomes.com/houses-for-rent/12768-sw-49th-ct-miramar-fl-33027,2026-07-19,2026-09-30,FL,Miramar,,,,,12768-sw-49th-ct-miramar-fl-33027
2026-09-30,INVH,Miami,"12421 SW 50th Ct Apt 343, Miramar, FL, 33027",Miami,INVH-12421-sw-50th-ct-apt-343-miramar-fl-33027,3,2.5,1481,3020.0,2026-10-09,19 months,False,,,,,,,,https://www.invitationhomes.com/houses-for-rent/12421-sw-50th-ct-apt-343-miramar-fl-33027,2026-09-06,2026-09-30,FL,Miramar,,,,,12421-sw-50th-ct-apt-343-miramar-fl-33027
2026-09-30,INVH,Miami,"12430 SW 50th St Apt 139, Miramar, FL, 33027",Miami,INVH-12430-sw-50th-st-apt-139-miramar-fl-33027,3,2.5,1481,2845.0,2026-10-02,19 months,False,,,,,,,,https://www.invitationhomes.com/houses-for-rent/12430-sw-50th-st-apt-139-miramar-fl-33027,2026-09-03,2026-09-30,FL,Miramar,,,,,12430-sw-50th-st-apt-139-miramar-fl-33027
2026-09-30,INVH,Miami,"4921 NW 170th St, Miami Gardens, FL, 33055",Miami,INVH-4921-nw-170th-st-33055-8305,3,2.0,1131,2915.0,2026-09-30,19 months,False,,,,,,,,https://www.invitationhomes.com/houses-for-rent/4921-nw-170th-st-33055-8305,2026-08-23,2026-09-30,FL,Miami Gardens,,,,,4921-nw-170th-st-33055-8305
2026-09-30,INVH,Miami,"4825 NW 189th Ter, Miami Gardens, FL, 33055",Miami,INVH-4825-nw-189th-ter-33055-4674,4,2.0,1574,3480.0,2026-10-31,19 months,False,,,,,,,,https://www.invitationhomes.com/houses-for-rent/4825-nw-189th-ter-33055-4674,2026-04-04,2026-09-30,FL,Miami Gardens,,,,,4825-nw-189th-ter-33055-4674
2026-09-30,INVH,Miami,"2266 SW 135th Ave, Miramar, FL, 33027",Miami,INVH-2266-sw-135th-ave-miramar-fl-33027,3,2.0,1650,3195.0,2026-09-30,19 months,False,,,,,,,,https://www.invitationhomes.com/houses-for-rent/2266-sw-135th-ave-miramar-fl-33027,2026-09-03,2026-09-30,FL,Miramar,,,,,2266-sw-135th-ave-miramar-fl-33027
2026-09-30,INVH,Miami,"2427 Centergate Dr Apt 304, Miramar, FL, 33025",Miami,INVH-2427-centergate-dr-apt-304-33025-4028,2,2.0,1072,2685.0,2026-09-30,19 months,False,,,,,,,,https://www.invitationhomes.com/houses-for-rent/2427-centergate-dr-apt-304-33025-4028,2026-08-02,2026-09-30,FL,Miramar,,,,,2427-centergate-dr-apt-304-33025-4028
2026-09-30,INVH,Miami,"10001 SW 22nd St, Miramar, FL, 33025",Miami,INVH-10001-sw-22nd-st-33025-7632,3,3.5,2020,3049.0,2026-09-30,19 months,False,,,,,,,,https://www.invitationhomes.com/houses-for-rent/10001-sw-22nd-st-33025-7632,2026-08-02,2026-09-30,FL,Miramar,,,,,10001-sw-22nd-st-33025-7632
2026-09-30,INVH,Miami,"1904 SW 96th Ave, Miramar, FL, 33025",Miami,INVH-1904-sw-96th-ave-33025-4109,2,2.0,1349,2699.0,2026-10-02,19 months,False,,,,,,,,https://www.invitationhomes.com/houses-for-rent/1904-sw-96th-ave-33025-4109,2026-08-02,2026-09-30,FL,Miramar,,,,,1904-sw-96th-ave-33025-4109
2026-09-30,INVH,Miami,"2411 Utopia Dr, Miramar, FL, 33023",Miami,INVH-2411-utopia-dr-miramar-fl-33023,3,2.0,1534,2795.0,2026-09-30,19 months,False,,,,,,,,https://www.invitationhomes.com/houses-for-rent/2411-utopia-dr-miramar-fl-33023,2026-08-02,2026-09-30,FL,Miramar,,,,,2411-utopia-dr-miramar-fl-33023
2026-09-30,INVH,Miami,"735 NW 184th Dr, Miami, FL, 33169",Miami,INVH-735-nw-184th-dr-33169-1876,3,1.5,1275,2845.0,2026-09-30,19 months,False,,,,,,,,https://www.invitationhomes.com/houses-for-rent/735-nw-184th-dr-33169-1876,2026-05-17,2026-09-30,FL,Miami,,,,,735-nw-184th-dr-33169-1876
2026-09-30,INVH,Miami,"335 NW 190th St, Miami, FL, 33169",Miami,INVH-335-nw-190th-st-33169-4336,4,2.0,1175,3090.0,2026-09-30,19 months,False,,,,,,,,https://www.invitationhomes.com/houses-for-rent/335-nw-190th-st-33169-4336,2026-08-02,2026-09-30,FL,Miami,,,,,335-nw-190th-st-33169-4336
2026-09-30,INVH,Miami,"1038 NE 207th Ter, Miami, FL, 33179",Miami,INVH-1038-ne-207th-ter-miami-fl-33179,3,2.5,1986,3295.0,2026-11-01,19 months,False,,,,,,,,https://www.invitationhomes.com/houses-for-rent/1038-ne-207th-ter-miami-fl-33179,2026-09-21,2026-09-30,FL,Miami,,,,,1038-ne-207th-ter-miami-fl-33179
2026-09-30,INVH,Miami,"6750 SW 25th St, Miramar, FL, 33023",Miami,INVH-6750-sw-25th-st-33023-2123,3,2.0,1781,3295.0,2026-11-11,19 months,False,,,,,,,,https://www.invitationhomes.com/houses-for-rent/6750-sw-25th-st-33023-2123,2026-09-30,2026-09-30,FL,Miramar,,,,,6750-sw-25th-st-33023-2123
2026-09-30,INVH,Miami,"7010 SW 24th St, Miramar, FL, 33023",Miami,INVH-7010-sw-24th-st-33023-1128,3,2.0,1298,2795.0,2026-11-10,19 months,False,,,,,,,,https://www.invitationhomes.com/houses-for-rent/7010-sw-24th-st-33023-1128,2026-09-30,2026-09-30,FL,Miramar,,,,,7010-sw-24th-st-33023-1128
2026-09-30,INVH,Miami,"2231 SW 67th Way, Miramar, FL, 33023",Miami,INVH-2231-sw-67th-way-miramar-fl-33023,3,2.0,2114,3095.0,2026-10-06,19 months,False,,,,,,,,https://www.invitationhomes.com/houses-for-rent/2231-sw-67th-way-miramar-fl-33023,2026-09-30,2026-09-30,FL,Miramar,,,,,2231-sw-67th-way-miramar-fl-33023
2026-09-30,INVH,Miami,"6315 SW 24th St, Miramar, FL, 33023",Miami,INVH-6315-sw-24th-st-33023-2650,3,2.0,1341,2745.0,2026-09-30,19 months,False,,,,,,,,https://www.invitationhomes.com/houses-for-rent/6315-sw-24th-st-33023-2650,2026-08-02,2026-09-30,FL,Miramar,,,,,6315-sw-24th-st-33023-2650
2026-09-30,INVH,Miami,"641 N 68th Way, Hollywood, FL, 33024",Miami,INVH-641-n-68th-way-hollywood-fl-33024,4,2.0,1536,2920.0,2026-09-30,19 months,False,,,,,,,,https://www.invitationhomes.com/houses-for-rent/641-n-68th-way-hollywood-fl-33024,2026-08-23,2026-09-30,FL,Hollywood,,,,,641-n-68th-way-hollywood-fl-33024
2026-09-30,INVH,Miami,"200 SW 65th Way, Pembroke Pines, FL, 33023",Miami,INVH-200-sw-65th-way-33023-4546,3,2.0,2141,3465.0,2026-10-14,19 months,False,,,,,,,,https://www.invitationhomes.com/houses-for-rent/200-sw-65th-way-33023-4546,2026-08-10,2026-09-30,FL,Pembroke Pines,,,,,200-sw-65th-way-33023-4546
2026-09-30,INVH,Miami,"206 S 57th Way, Hollywood, FL, 33023",Miami,INVH-206-s-57th-way-hollywood-fl-33023,3,2.0,1392,3410.0,2026-09-30,19 months,False,,,,,,,,https://www.invitationhomes.com/houses-for-rent/206-s-57th-way-hollywood-fl-33023,2026-06-09,2026-09-30,FL,Hollywood,,,,,206-s-57th-way-hollywood-fl-33023
2026-09-30,INVH,Miami,"5521 Van Buren St, Hollywood, FL, 33021",Miami,INVH-5521-van-buren-st-33021-7220,3,2.0,1953,3499.0,2026-10-09,19 months,False,,,,,,,,https://www.invitationhomes.com/houses-for-rent/5521-van-buren-st-33021-7220,2026-08-23,2026-09-30,FL,Hollywood,,,,,5521-van-buren-st-33021-7220
2026-09-30,INVH,Miami,"2170 NW 185th Way, Pembroke Pines, FL, 33029",Miami,INVH-2170-nw-185th-way-33029-2339,4,2.0,2253,3845.0,2026-10-26,19 months,False,,,,,,,,https://www.invitationhomes.com/houses-for-rent/2170-nw-185th-way-33029-2339,2026-09-12,2026-09-30,FL,Pembroke Pines,,,,,2170-nw-185th-way-33029-2339
2026-09-30,INVH,Miami,"18430 NW 21st St, Pembroke Pines, FL, 33029",Miami,INVH-18430-nw-21st-st-33029-4729,3,2.5,1567,3165.0,2026-09-30,19 months,False,,,,,,,,https://www.invitationhomes.com/houses-for-rent/18430-nw-21st-st-33029-4729,2026-08-02,2026-09-30,FL,Pembroke Pines,,,,,18430-nw-21st-st-33029-4729
2026-09-30,INVH,Miami,"18493 NW 21st St, Pembroke Pines, FL, 33029",Miami,INVH-18493-nw-21st-st-33029-7740,3,2.5,1647,3295.0,2026-10-17,19 months,False,,,,,,,,https://www.invitationhomes.com/houses-for-rent/18493-nw-21st-st-33029-7740,2026-09-03,2026-09-30,FL,Pembroke Pines,,,,,18493-nw-21st-st-33029-7740
2026-09-30,INVH,Miami,"18210 NW 19th St, Pembroke Pines, FL, 33029",Miami,INVH-18210-nw-19th-st-pembroke-pines-fl-33029,4,2.0,2175,3995.0,2026-10-16,19 months,False,,,,,,,,https://www.invitationhomes.com/houses-for-rent/18210-nw-19th-st-pembroke-pines-fl-33029,2026-09-03,2026-09-30,FL,Pembroke Pines,,,,,18210-nw-19th-st-pembroke-pines-fl-33029
2026-09-30,INVH,Miami,"1552 NW 157th Ave, Pembroke Pines, FL, 33028",Miami,INVH-1552-nw-157th-ave-33028-1697,3,2.5,1617,3310.0,2026-10-16,19 months,False,,,,,,,,https://www.invitationhomes.com/houses-for-rent/1552-nw-157th-ave-33028-1697,2026-06-09,2026-09-30,FL,Pembroke Pines,,,,,1552-nw-157th-ave-33028-1697
2026-09-30,INVH,Miami,"5341 Hawkes Bluff Ave, Davie, FL, 33331",Miami,INVH-5341-hawkes-bluff-ave-davie-fl-33331,3,2.0,2457,3795.0,2026-11-02,19 months,False,,,,,,,,https://www.invitationhomes.com/houses-for-rent/5341-hawkes-bluff-ave-davie-fl-33331,2026-09-21,2026-09-30,FL,Davie,,,,,5341-hawkes-bluff-ave-davie-fl-33331
2026-09-30,INVH,Miami,"4266 Greenbriar Ln, Weston, FL, 33331",Miami,INVH-4266-greenbriar-ln-weston-fl-33331,3,2.0,1871,4130.0,2026-09-30,19 months,False,,,,,,,,https://www.invitationhomes.com/houses-for-rent/4266-greenbriar-ln-weston-fl-33331,2026-08-16,2026-09-30,FL,Weston,,,,,4266-greenbriar-ln-weston-fl-33331
2026-09-30,INVH,Miami,"3944 San Simeon Ln, Weston, FL, 33331",Miami,INVH-3944-san-simeon-ln-weston-fl-33331,2,2.5,1294,3249.0,2026-11-06,19 months,False,,,,,,,,https://www.invitationhomes.com/houses-for-rent/3944-san-simeon-ln-weston-fl-33331,2026-09-30,2026-09-30,FL,Weston,,,,,3944-san-simeon-ln-weston-fl-33331
2026-09-30,INVH,Miami,"16147 Emerald Cove Rd, Weston, FL, 33331",Miami,INVH-16147-emerald-cove-rd-weston-fl-33331,3,2.5,1438,3099.0,2026-09-30,19 months,False,,,,,,,,https://www.invitationhomes.com/houses-for-rent/16147-emerald-cove-rd-weston-fl-33331,2026-08-02,2026-09-30,FL,Weston,,,,,16147-emerald-cove-rd-weston-fl-33331
2026-09-30,INVH,Miami,"52 Simonton Cir, Weston, FL, 33326",Miami,INVH-52-simonton-cir-weston-fl-33326,2,2.5,1140,2280.0,2026-09-30,19 months,False,,,,,,,,https://www.invitationhomes.com/houses-for-rent/52-simonton-cir-weston-fl-33326,2026-07-19,2026-09-30,FL,Weston,,,,,52-simonton-cir-weston-fl-33326
2026-09-30,INVH,Miami,"1380 Presidio Dr, Weston, FL, 33327",Miami,INVH-1380-presidio-dr-weston-fl-33327,3,2.0,1662,3549.0,2026-09-30,19 months,False,,,,,,,,https://www.invitationhomes.com/houses-for-rent/1380-presidio-dr-weston-fl-33327,2026-07-19,2026-09-30,FL,Weston,,,,,1380-presidio-dr-weston-fl-33327
2026-09-30,INVH,Miami,"1136 Sorrento Dr, Weston, FL, 33326",Miami,INVH-1136-sorrento-dr-33326-4904,3,2.5,1456,2899.0,2026-09-30,19 months,False,,,,,,,,https://www.invitationhomes.com/houses-for-rent/1136-sorrento-dr-33326-4904,2026-07-19,2026-09-30,FL,Weston,,,,,1136-sorrento-dr-33326-4904
2026-09-30,INVH,Miami,"247 Las Brisas Cir, Sunrise, FL, 33326",Miami,INVH-247-las-brisas-cir-sunrise-fl-33326,3,2.5,1940,3145.0,2026-09-30,19 months,False,,,,,,,,https://www.invitationhomes.com/houses-for-rent/247-las-brisas-cir-sunrise-fl-33326,2026-08-23,2026-09-30,FL,Sunrise,,,,,247-las-brisas-cir-sunrise-fl-33326
2026-09-30,INVH,Miami,"13995 Langley Pl, Davie, FL, 33325",Miami,INVH-13995-langley-pl-davie-fl-33325,3,2.0,1777,3160.0,2026-09-30,19 months,False,,,,,,,,https://www.invitationhomes.com/houses-for-rent/13995-langley-pl-davie-fl-33325,2026-07-19,2026-09-30,FL,Davie,,,,,13995-langley-pl-davie-fl-33325
2026-09-30,INVH,Miami,"2270 NW 139th Ave, Sunrise, FL, 33323",Miami,INVH-2270-nw-139th-ave-33323-7368,3,2.0,2016,3349.0,2026-11-07,19 months,False,,,,,,,,https://www.invitationhomes.com/houses-for-rent/2270-nw-139th-ave-33323-7368,2026-08-02,2026-09-30,FL,Sunrise,,,,,2270-nw-139th-ave-33323-7368
2026-09-30,INVH,Miami,"10900 NW 19th St, Pembroke Pines, FL, 33026",Miami,INVH-10900-nw-19th-st-33026-1235,4,2.0,1877,3799.0,2026-09-30,19 months,False,,,,,,,,https://www.invitationhomes.com/houses-for-rent/10900-nw-19th-st-33026-1235,2026-07-19,2026-09-30,FL,Pembroke Pines,,,,,10900-nw-19th-st-33026-1235
2026-09-30,INVH,Miami,"4400 SW 82nd Way, Davie, FL, 33328",Miami,INVH-4400-sw-82nd-way-davie-fl-33328,4,2.5,1792,3425.0,2026-09-30,19 months,False,,,,,,,,https://www.invitationhomes.com/houses-for-rent/4400-sw-82nd-way-davie-fl-33328,2026-09-03,2026-09-30,FL,Davie,,,,,4400-sw-82nd-way-davie-fl-33328
2026-09-30,INVH,Miami,"1440 N 68th Ter, Hollywood, FL, 33024",Miami,INVH-1440-nw-68th-ter-33024-2044,2,1.0,1082,2745.0,2026-11-05,19 months,False,,,,,,,,https://www.invitationhomes.com/houses-for-rent/1440-nw-68th-ter-33024-2044,2026-09-30,2026-09-30,FL,Hollywood,,,,,1440-nw-68th-ter-33024-2044
2026-09-30,INVH,Miami,"6460 Grant Ct, Hollywood, FL, 33024",Miami,INVH-6460-grant-ct-hollywood-fl-33024,3,2.0,1410,3020.0,2026-09-30,19 months,False,,,,,,,,https://www.invitationhomes.com/houses-for-rent/6460-grant-ct-hollywood-fl-33024,2026-08-23,2026-09-30,FL,Hollywood,,,,,6460-grant-ct-hollywood-fl-33024
2026-09-30,INVH,Miami,"4031 N 66th Ave, Hollywood, FL, 33024",Miami,INVH-4031-n-66th-ave-33024-3292,3,2.0,1450,3395.0,2026-09-30,19 months,False,,,,,,,,https://www.invitationhomes.com/houses-for-rent/4031-n-66th-ave-33024-3292,2026-09-30,2026-09-30,FL,Hollywood,,,,,4031-n-66th-ave-33024-3292
2026-09-30,INVH,Miami,"1920 N 53rd Ave, Hollywood, FL, 33021",Miami,INVH-1920-n-53rd-ave-hollywood-fl-33021,4,2.0,2012,3410.0,2026-10-12,19 months,False,,,,,,,,https://www.invitationhomes.com/houses-for-rent/1920-n-53rd-ave-hollywood-fl-33021,2026-08-02,2026-09-30,FL,Hollywood,,,,,1920-n-53rd-ave-hollywood-fl-33021
2026-09-30,INVH,Miami,"5027 SW 35th Way, Fort Lauderdale, FL, 33312",Miami,INVH-5027-sw-35th-way-fort-lauderdale-fl-33312,3,2.0,1925,3995.0,2026-10-15,19 months,False,,,,,,,,https://www.invitationhomes.com/houses-for-rent/5027-sw-35th-way-fort-lauderdale-fl-33312,2026-09-09,2026-09-30,FL,Fort Lauderdale,,,,,5027-sw-35th-way-fort-lauderdale-fl-33312
2026-09-30,INVH,Miami,"1640 Sw 29 St, Fort Lauderdale, FL, 33315",Miami,INVH-1640-sw-29-st-33315-103312,3,2.0,1356,3465.0,2026-10-19,19 months,False,,,,,,,,https://www.invitationhomes.com/houses-for-rent/1640-sw-29-st-33315-103312,2026-09-06,2026-09-30,FL,Fort Lauderdale,,,,,1640-sw-29-st-33315-103312
2026-09-30,INVH,Miami,"2839 Sw 16 Terr, Fort Lauderdale, FL, 33315",Miami,INVH-2839-sw-16-terr-33315-103164,3,2.0,1356,2870.0,2026-09-30,19 months,False,,,,,,,,https://www.invitationhomes.com/houses-for-rent/2839-sw-16-terr-33315-103164,2026-07-19,2026-09-30,FL,Fort Lauderdale,,,,,2839-sw-16-terr-33315-103164
2026-09-30,INVH,Miami,"2720 SW 15th Ct, Fort Lauderdale, FL, 33312",Miami,INVH-2720-sw-15th-ct-fort-lauderdale-fl-33312,3,2.0,2067,3245.0,2026-09-30,19 months,False,,,,,,,,https://www.invitationhomes.com/houses-for-rent/2720-sw-15th-ct-fort-lauderdale-fl-33312,2026-07-19,2026-09-30,FL,Fort Lauderdale,,,,,2720-sw-15th-ct-fort-lauderdale-fl-33312
2026-09-30,INVH,Miami,"774 Cumberland Ter, Davie, FL, 33325",Miami,INVH-774-cumberland-ter-davie-fl-33325,2,2.0,1360,3065.0,2026-09-30,19 months,False,,,,,,,,https://www.invitationhomes.com/houses-for-rent/774-cumberland-ter-davie-fl-33325,2026-08-10,2026-09-30,FL,Davie,,,,,774-cumberland-ter-davie-fl-33325
2026-09-30,INVH,Miami,"80 NW 110th Ter, Plantation, FL, 33324",Miami,INVH-80-nw-110th-ter-plantation-fl-33324,4,2.5,2048,3695.0,2026-09-30,19 months,False,,,,,,,,https://www.invitationhomes.com/houses-for-rent/80-nw-110th-ter-plantation-fl-33324,2026-09-21,2026-09-30,FL,Plantation,,,,,80-nw-110th-ter-plantation-fl-33324
2026-09-30,INVH,Miami,"13433 NW 5th Ct, Plantation, FL, 33325",Miami,INVH-13433-nw-5th-ct-plantation-fl-33325,3,2.5,1968,3295.0,2026-10-15,19 months,False,,,,,,,,https://www.invitationhomes.com/houses-for-rent/13433-nw-5th-ct-plantation-fl-33325,2026-09-03,2026-09-30,FL,Plantation,,,,,13433-nw-5th-ct-plantation-fl-33325
2026-09-30,INVH,Miami,"9617 NW 8th Cir, Plantation, FL, 33324",Miami,INVH-9617-nw-8th-cir-plantation-fl-33324,3,2.0,1822,3720.0,2026-10-20,19 months,False,,,,,,,,https://www.invitationhomes.com/houses-for-rent/9617-nw-8th-cir-plantation-fl-33324,2026-09-06,2026-09-30,FL,Plantation,,,,,9617-nw-8th-cir-plantation-fl-33324
2026-09-30,INVH,Miami,"1834 NW 97th Ave, Plantation, FL, 33322",Miami,INVH-1834-nw-97th-ave-33322-4047,3,2.0,1845,3490.0,2026-11-10,19 months,False,,,,,,,,https://www.invitationhomes.com/houses-for-rent/1834-nw-97th-ave-33322-4047,2026-09-30,2026-09-30,FL,Plantation,,,,,1834-nw-97th-ave-33322-4047
2026-09-30,INVH,Miami,"3541 NW 115th Ter, Sunrise, FL, 33323",Miami,INVH-3541-nw-115th-ter-sunrise-fl-33323,3,2.0,1414,3290.0,2026-10-25,19 months,False,,,,,,,,https://www.invitationhomes.com/houses-for-rent/3541-nw-115th-ter-sunrise-fl-33323,2026-09-12,2026-09-30,FL,Sunrise,,,,,3541-nw-115th-ter-sunrise-fl-33323
2026-09-30,INVH,Miami,"11370 NW 37th Pl, Sunrise, FL, 33323",Miami,INVH-11370-nw-37th-pl-33323-6310,3,2.0,1663,3195.0,2026-10-29,19 months,False,,,,,,,,https://www.invitationhomes.com/houses-for-rent/11370-nw-37th-pl-33323-6310,2026-09-21,2026-09-30,FL,Sunrise,,,,,11370-nw-37th-pl-33323-6310
2026-09-30,INVH,Miami,"8981 NW 25th St, Sunrise, FL, 33322",Miami,INVH-8981-nw-25th-st-33322-2643,3,2.0,1569,3445.0,2026-10-27,19 months,False,,,,,,,,https://www.invitationhomes.com/houses-for-rent/8981-nw-25th-st-33322-2643,2026-09-12,2026-09-30,FL,Sunrise,,,,,8981-nw-25th-st-33322-2643
2026-09-30,INVH,Miami,"2300 E Aragon Blvd Unit 1, Sunrise, FL, 33313",Miami,INVH-2300-e-aragon-blvd-unit-1-sunrise-fl-33313,2,2.0,1812,2695.0,2026-11-09,19 months,False,,,,,,,,https://www.invitationhomes.com/houses-for-rent/2300-e-aragon-blvd-unit-1-sunrise-fl-33313,2026-09-30,2026-09-30,FL,Sunrise,,,,,2300-e-aragon-blvd-unit-1-sunrise-fl-33313
2026-09-30,INVH,Miami,"4724 NW 4th St, Plantation, FL, 33317",Miami,INVH-4724-nw-4th-st-33317-8626,3,2.0,2081,3399.0,2026-11-07,19 months,False,,,,,,,,https://www.invitationhomes.com/houses-for-rent/4724-nw-4th-st-33317-8626,2026-09-30,2026-09-30,FL,Plantation,,,,,4724-nw-4th-st-33317-8626
2026-09-30,INVH,Miami,"3421 Charleston Blvd, Fort Lauderdale, FL, 33312",Miami,INVH-3421-charleston-blvd-33312-1794,3,2.0,1192,2395.0,2026-09-30,19 months,False,,,,,,,,https://www.invitationhomes.com/houses-for-rent/3421-charleston-blvd-33312-1794,2026-06-14,2026-09-30,FL,Fort Lauderdale,,,,,3421-charleston-blvd-33312-1794
2026-09-30,INVH,Miami,"7010 NW 49th Pl, Lauderhill, FL, 33319",Miami,INVH-7010-nw-49th-pl-lauderhill-fl-33319,2,2.5,1917,2920.0,2026-10-02,19 months,False,,,,,,,,https://www.invitationhomes.com/houses-for-rent/7010-nw-49th-pl-lauderhill-fl-33319,2026-09-03,2026-09-30,FL,Lauderhill,,,,,7010-nw-49th-pl-lauderhill-fl-33319
2026-09-30,INVH,Miami,"4450 NW 43rd Ct, Lauderdale Lakes, FL, 33319",Miami,INVH-4450-nw-43rd-ct-33319-3098,4,2.0,1823,3370.0,2026-10-17,24 months,False,,,,,,,,https://www.invitationhomes.com/houses-for-rent/4450-nw-43rd-ct-33319-3098,2026-09-30,2026-09-30,FL,Lauderdale Lakes,,,,,4450-nw-43rd-ct-33319-3098
2026-09-30,INVH,Miami,"2151 NW 30th Ter, Fort Lauderdale, FL, 33311",Miami,INVH-2151-nw-30th-ter-33311-1019,3,2.0,2402,3399.0,2026-09-30,19 months,False,,,,,,,,https://www.invitationhomes.com/houses-for-rent/2151-nw-30th-ter-33311-1019,2026-07-19,2026-09-30,FL,Fort Lauderdale,,,,,2151-nw-30th-ter-33311-1019
2026-09-30,INVH,Miami,"9430 E Plum Harbor Way, Tamarac, FL, 33321",Miami,INVH-9430-e-plum-harbor-way-tamarac-fl-33321,2,2.5,1368,2795.0,2026-11-09,19 months,False,,,,,,,,https://www.invitationhomes.com/houses-for-rent/9430-e-plum-harbor-way-tamarac-fl-33321,2026-09-30,2026-09-30,FL,Tamarac,,,,,9430-e-plum-harbor-way-tamarac-fl-33321
2026-09-30,INVH,Tampa,"972 NW 127th Ave, Coral Springs, FL, 33071",Tampa,INVH-972-nw-127th-ave-coral-springs-fl-33071,3,2.5,2160,3799.0,2026-10-02,19 months,False,,,,,,,,https://www.invitationhomes.com/houses-for-rent/972-nw-127th-ave-coral-springs-fl-33071,2026-09-06,2026-09-30,FL,Coral Springs,,,,,972-nw-127th-ave-coral-springs-fl-33071
2026-09-30,INVH,Tampa,"12162 NW 23rd Mnr, Coral Springs, FL, 33065",Tampa,INVH-12162-nw-23rd-mnr-coral-springs-fl-33065,3,2.0,2041,2999.0,2026-09-30,19 months,False,,,,,,,,https://www.invitationhomes.com/houses-for-rent/12162-nw-23rd-mnr-coral-springs-fl-33065,2026-07-19,2026-09-30,FL,Coral Springs,,,,,12162-nw-23rd-mnr-coral-springs-fl-33065
2026-09-30,INVH,Tampa,"10374 NW 7th St, Coral Springs, FL, 33071",Tampa,INVH-10374-nw-7th-st-33071-92658,4,2.1,1796,3590.0,2026-10-16,19 months,False,,,,,,,,https://www.invitationhomes.com/houses-for-rent/10374-nw-7th-st-33071-92658,2026-09-03,2026-09-30,FL,Coral Springs,,,,,10374-nw-7th-st-33071-92658
2026-09-30,INVH,Tampa,"1220 NW 89th Dr, Coral Springs, FL, 33071",Tampa,INVH-1220-nw-89th-dr-coral-springs-fl-33071,4,2.0,1573,3195.0,2026-09-30,19 months,False,,,,,,,,https://www.invitationhomes.com/houses-for-rent/1220-nw-89th-dr-coral-springs-fl-33071,2026-06-09,2026-09-30,FL,Coral Springs,,,,,1220-nw-89th-dr-coral-springs-fl-33071
2026-09-30,INVH,Tampa,"11600 NW 27th Ct #2, Coral Springs, FL, 33065",Tampa,INVH-11600-nw-27th-ct-unit-2-33065-3190,3,2.0,1878,3135.0,2026-09-30,19 months,False,,,,,,,,https://www.invitationhomes.com/houses-for-rent/11600-nw-27th-ct-unit-2-33065-3190,2026-09-09,2026-09-30,FL,Coral Springs,,,,,11600-nw-27th-ct-unit-2-33065-3190
2026-09-30,INVH,Tampa,"11151 NW 36th Ct, Coral Springs, FL, 33065",Tampa,INVH-11151-nw-36th-ct-33065-9125,3,2.0,2608,3595.0,2026-09-30,19 months,False,,,,,,,,https://www.invitationhomes.com/houses-for-rent/11151-nw-36th-ct-33065-9125,2026-09-06,2026-09-30,FL,Coral Springs,,,,,11151-nw-36th-ct-33065-9125
2026-09-30,INVH,Tampa,"10535 NW 37th St, Coral Springs, FL, 33065",Tampa,INVH-10535-nw-37th-st-33065-3621,4,2.0,2247,3510.0,2026-10-02,19 months,False,,,,,,,,https://www.invitationhomes.com/houses-for-rent/10535-nw-37th-st-33065-3621,2026-08-23,2026-09-30,FL,Coral Springs,,,,,10535-nw-37th-st-33065-3621
2026-09-30,INVH,Miami,"6525 NW 54th Ct, Lauderhill, FL, 33319",Miami,INVH-6525-nw-54th-ct-lauderhill-fl-33319,3,2.0,2540,3295.0,2026-10-10,19 months,False,,,,,,,,https://www.invitationhomes.com/houses-for-rent/6525-nw-54th-ct-lauderhill-fl-33319,2026-09-09,2026-09-30,FL,Lauderhill,,,,,6525-nw-54th-ct-lauderhill-fl-33319
2026-09-30,INVH,Miami,"7425 SW 12th Ct, North Lauderdale, FL, 33068",Miami,INVH-7425-sw-12th-ct-33068-1288,3,2.0,1778,3195.0,2026-10-08,19 months,False,,,,,,,,https://www.invitationhomes.com/houses-for-rent/7425-sw-12th-ct-33068-1288,2026-09-30,2026-09-30,FL,North Lauderdale,,,,,7425-sw-12th-ct-33068-1288
2026-09-30,INVH,Miami,"272 NW 79th Ter, Margate, FL, 33063",Miami,INVH-272-nw-79th-ter-33063-9562,3,2.0,1978,3495.0,2026-10-15,19 months,False,,,,,,,,https://www.invitationhomes.com/houses-for-rent/272-nw-79th-ter-33063-9562,2026-09-30,2026-09-30,FL,Margate,,,,,272-nw-79th-ter-33063-9562
2026-09-30,INVH,Miami,"225 NW 78th Ter, Margate, FL, 33063",Miami,INVH-225-nw-78th-ter-33063-8288,3,2.0,1555,3195.0,2026-11-05,19 months,False,,,,,,,,https://www.invitationhomes.com/houses-for-rent/225-nw-78th-ter-33063-8288,2026-04-26,2026-09-30,FL,Margate,,,,,225-nw-78th-ter-33063-8288
2026-09-30,INVH,Miami,"7721 NW 23rd St, Margate, FL, 33063",Miami,INVH-7721-nw-23rd-st-margate-fl-33063,4,2.0,2050,3260.0,2026-10-02,19 months,False,,,,,,,,https://www.invitationhomes.com/houses-for-rent/7721-nw-23rd-st-margate-fl-33063,2026-08-23,2026-09-30,FL,Margate,,,,,7721-nw-23rd-st-margate-fl-33063
2026-09-30,INVH,Miami,"6750 Saltaire Ter, Margate, FL, 33063",Miami,INVH-6750-saltaire-ter-margate-fl-33063,4,3.0,2098,3395.0,2026-10-02,19 months,False,,,,,,,,https://www.invitationhomes.com/houses-for-rent/6750-saltaire-ter-margate-fl-33063,2026-08-23,2026-09-30,FL,Margate,,,,,6750-saltaire-ter-margate-fl-33063
2026-09-30,INVH,Tampa,"5067 NW 122nd Ave, Coral Springs, FL, 33076",Tampa,INVH-5067-nw-122nd-ave-33076-1098,3,2.0,2018,3595.0,2026-11-09,19 months,False,,,,,,,,https://www.invitationhomes.com/houses-for-rent/5067-nw-122nd-ave-33076-1098,2026-09-30,2026-09-30,FL,Coral Springs,,,,,5067-nw-122nd-ave-33076-1098
2026-09-30,INVH,Tampa,"5821 NW 122nd Way, Coral Springs, FL, 33076",Tampa,INVH-5821-nw-122nd-way-coral-springs-fl-33076,3,3.0,2169,3925.0,2026-09-30,19 months,False,,,,,,,,https://www.invitationhomes.com/houses-for-rent/5821-nw-122nd-way-coral-springs-fl-33076,2026-08-16,2026-09-30,FL,Coral Springs,,,,,5821-nw-122nd-way-coral-springs-fl-33076
2026-09-30,INVH,Tampa,"11090 Glenwood Dr, Coral Springs, FL, 33065",Tampa,INVH-11090-glenwood-dr-33065-9675,4,2.0,2428,3599.0,2026-10-02,19 months,False,,,,,,,,https://www.invitationhomes.com/houses-for-rent/11090-glenwood-dr-33065-9675,2026-04-04,2026-09-30,FL,Coral Springs,,,,,11090-glenwood-dr-33065-9675
2026-09-30,INVH,Tampa,"5514 NW 106th Dr, Coral Springs, FL, 33076",Tampa,INVH-5514-nw-106th-dr-coral-springs-fl-33076,3,2.0,2243,3699.0,2026-09-30,19 months,False,,,,,,,,https://www.invitationhomes.com/houses-for-rent/5514-nw-106th-dr-coral-springs-fl-33076,2026-08-16,2026-09-30,FL,Coral Springs,,,,,5514-nw-106th-dr-coral-springs-fl-33076
2026-09-30,INVH,Tampa,"6625 NW 48th Mnr, Coral Springs, FL, 33067",Tampa,INVH-6625-nw-48th-mnr-coral-springs-fl-33067,3,2.0,1706,3670.0,2026-09-30,19 months,False,,,,,,,,https://www.invitationhomes.com/houses-for-rent/6625-nw-48th-mnr-coral-springs-fl-33067,2026-09-06,2026-09-30,FL,Coral Springs,,,,,6625-nw-48th-mnr-coral-springs-fl-33067
2026-09-30,INVH,Tampa,"5021 NW 64th Dr, Coral Springs, FL, 33067",Tampa,INVH-5021-nw-64th-dr-coral-springs-fl-33067,4,2.0,2200,4045.0,2026-10-05,19 months,False,,,,,,,,https://www.invitationhomes.com/houses-for-rent/5021-nw-64th-dr-coral-springs-fl-33067,2026-09-21,2026-09-30,FL,Coral Springs,,,,,5021-nw-64th-dr-coral-springs-fl-33067
2026-09-30,INVH,Tampa,"5463 Nw 58Th Ter, Coral Springs, FL, 33067",Tampa,INVH-5463-nw-58th-ter-coral-springs-fl-33067,4,2.0,2020,3995.0,2026-09-30,19 months,False,,,,,,,,https://www.invitationhomes.com/houses-for-rent/5463-nw-58th-ter-coral-springs-fl-33067,2026-08-10,2026-09-30,FL,Coral Springs,,,,,5463-nw-58th-ter-coral-springs-fl-33067
2026-09-30,INVH,Miami,"4937 NW 55th Blvd, Coconut Creek, FL, 33073",Miami,INVH-4937-nw-55th-blvd-coconut-creek-fl-33073,5,2.5,2220,4049.0,2026-10-07,19 months,False,,,,,,,,https://www.invitationhomes.com/houses-for-rent/4937-nw-55th-blvd-coconut-creek-fl-33073,2026-09-03,2026-09-30,FL,Coconut Creek,,,,,4937-nw-55th-blvd-coconut-creek-fl-33073
2026-09-30,INVH,Miami,"5311 NW 49th Ave, Coconut Creek, FL, 33073",Miami,INVH-5311-nw-49th-ave-coconut-creek-fl-33073,3,2.0,1602,3249.0,2026-09-30,19 months,False,,,,,,,,https://www.invitationhomes.com/houses-for-rent/5311-nw-49th-ave-coconut-creek-fl-33073,2026-08-16,2026-09-30,FL,Coconut Creek,,,,,5311-nw-49th-ave-coconut-creek-fl-33073
2026-09-30,INVH,Miami,"4728 SW 13th Pl, Deerfield Beach, FL, 33442",Miami,INVH-4728-sw-13th-pl-33442-4427,3,2.5,1287,2610.0,2026-09-30,19 months,False,,,,,,,,https://www.invitationhomes.com/houses-for-rent/4728-sw-13th-pl-33442-4427,2026-04-20,2026-09-30,FL,Deerfield Beach,,,,,4728-sw-13th-pl-33442-4427
2026-09-30,INVH,Miami,"4916 Pelican St, Coconut Creek, FL, 33073",Miami,INVH-4916-pelican-st-coconut-creek-fl-33073,3,2.5,1926,3680.0,2026-10-15,19 months,False,,,,,,,,https://www.invitationhomes.com/houses-for-rent/4916-pelican-st-coconut-creek-fl-33073,2026-09-03,2026-09-30,FL,Coconut Creek,,,,,4916-pelican-st-coconut-creek-fl-33073
2026-09-30,INVH,Tampa,"7735 NW 63rd Way, Parkland, FL, 33067",Tampa,INVH-7735-nw-63rd-way-33067-5469,3,2.0,2363,3799.0,2026-09-30,19 months,False,,,,,,,,https://www.invitationhomes.com/houses-for-rent/7735-nw-63rd-way-33067-5469,2026-09-03,2026-09-30,FL,Parkland,,,,,7735-nw-63rd-way-33067-5469
2026-09-30,INVH,Miami,"11123 Landsman St, Boca Raton, FL, 33428",Miami,INVH-11123-landsman-st-boca-raton-fl-33428,2,2.0,1180,2675.0,2026-09-30,19 months,False,,,,,,,,https://www.invitationhomes.com/houses-for-rent/11123-landsman-st-boca-raton-fl-33428,2026-08-23,2026-09-30,FL,Boca Raton,,,,,11123-landsman-st-boca-raton-fl-33428
2026-09-30,INVH,Miami,"10364 Sunstream Ln, Boca Raton, FL, 33428",Miami,INVH-10364-sunstream-ln-boca-raton-fl-33428,3,2.5,2175,3410.0,2026-09-30,19 months,False,,,,,,,,https://www.invitationhomes.com/houses-for-rent/10364-sunstream-ln-boca-raton-fl-33428,2026-08-16,2026-09-30,FL,Boca Raton,,,,,10364-sunstream-ln-boca-raton-fl-33428
2026-09-30,INVH,Miami,"11146 Harbour Springs Cir, Boca Raton, FL, 33428",Miami,INVH-11146-harbour-springs-cir-boca-raton-fl-33428,3,2.0,1931,3695.0,2026-10-05,19 months,False,,,,,,,,https://www.invitationhomes.com/houses-for-rent/11146-harbour-springs-cir-boca-raton-fl-33428,2026-09-06,2026-09-30,FL,Boca Raton,,,,,11146-harbour-springs-cir-boca-raton-fl-33428
2026-09-30,INVH,Miami,"575 NW 47th Ter, Deerfield Beach, FL, 33442",Miami,INVH-575-nw-47th-ter-deerfield-beach-fl-33442,3,2.0,2062,3420.0,2026-09-30,18 months,False,,,,,,,,https://www.invitationhomes.com/houses-for-rent/575-nw-47th-ter-deerfield-beach-fl-33442,2026-08-23,2026-09-30,FL,Deerfield Beach,,,,,575-nw-47th-ter-deerfield-beach-fl-33442
2026-09-30,INVH,Miami,"7789 Courtyard Run W, Boca Raton, FL, 33433",Miami,INVH-7789-courtyard-run-w-boca-raton-fl-33433,3,2.5,1449,2895.0,2026-09-30,19 months,False,,,,,,,,https://www.invitationhomes.com/houses-for-rent/7789-courtyard-run-w-boca-raton-fl-33433,2026-04-04,2026-09-30,FL,Boca Raton,,,,,7789-courtyard-run-w-boca-raton-fl-33433
2026-09-30,INVH,Miami,"19874 Latona Pl, Boca Raton, FL, 33434",Miami,INVH-19874-latona-pl-33434-3278,5,3.0,2487,3895.0,2026-10-30,19 months,False,,,,,,,,https://www.invitationhomes.com/houses-for-rent/19874-latona-pl-33434-3278,2026-09-21,2026-09-30,FL,Boca Raton,,,,,19874-latona-pl-33434-3278
2026-09-30,INVH,Miami,"9684 Tavernier Dr, Boca Raton, FL, 33496",Miami,INVH-9684-tavernier-dr-33496-9897,4,3.0,2447,3990.0,2026-09-30,19 months,False,,,,,,,,https://www.invitationhomes.com/houses-for-rent/9684-tavernier-dr-33496-9897,2026-08-02,2026-09-30,FL,Boca Raton,,,,,9684-tavernier-dr-33496-9897
2026-09-30,INVH,Miami,"9422 Saddlebrook Dr, Boca Raton, FL, 33496",Miami,INVH-9422-saddlebrook-dr-33496-9942,3,2.0,1452,3449.0,2026-09-30,19 months,False,,,,,,,,https://www.invitationhomes.com/houses-for-rent/9422-saddlebrook-dr-33496-9942,2026-09-03,2026-09-30,FL,Boca Raton,,,,,9422-saddlebrook-dr-33496-9942
2026-09-30,INVH,Tampa,"7901 Lakewood Cove Ct, Lake Worth, FL, 33467",Tampa,INVH-7901-lakewood-cove-ct-33467-8825,3,2.5,1994,3099.0,2026-09-30,19 months,False,,,,,,,,https://www.invitationhomes.com/houses-for-rent/7901-lakewood-cove-ct-33467-8825,2026-07-19,2026-09-30,FL,Lake Worth,,,,,7901-lakewood-cove-ct-33467-8825
2026-09-30,INVH,Tampa,"7530 Prescott Ln, Lake Worth, FL, 33467",Tampa,INVH-7530-prescott-ln-lake-worth-fl-33467,4,3.0,2619,4180.0,2026-11-01,19 months,False,,,,,,,,https://www.invitationhomes.com/houses-for-rent/7530-prescott-ln-lake-worth-fl-33467,2026-09-21,2026-09-30,FL,Lake Worth,,,,,7530-prescott-ln-lake-worth-fl-33467
2026-09-30,INVH,Tampa,"10415 Little Mustang Way, Lake Worth, FL, 33449",Tampa,INVH-10415-little-mustang-way-lake-worth-fl-33449,4,2.5,1906,3635.0,2026-10-15,19 months,False,,,,,,,,https://www.invitationhomes.com/houses-for-rent/10415-little-mustang-way-lake-worth-fl-33449,2026-09-03,2026-09-30,FL,Lake Worth,,,,,10415-little-mustang-way-lake-worth-fl-33449
2026-09-30,INVH,Tampa,"1511 Primrose Ln, Wellington, FL, 33414",Tampa,INVH-1511-primrose-ln-33414-8774,4,2.0,1963,3840.0,2026-10-15,19 months,False,,,,,,,,https://www.invitationhomes.com/houses-for-rent/1511-primrose-ln-33414-8774,2026-09-03,2026-09-30,FL,Wellington,,,,,1511-primrose-ln-33414-8774
2026-09-30,INVH,Tampa,"1566 Hollyhock Rd, Wellington, FL, 33414",Tampa,INVH-1566-hollyhock-rd-33414-1120,4,2.0,2545,3799.0,2026-09-30,19 months,False,,,,,,,,https://www.invitationhomes.com/houses-for-rent/1566-hollyhock-rd-33414-1120,2026-08-02,2026-09-30,FL,Wellington,,,,,1566-hollyhock-rd-33414-1120
2026-09-30,INVH,Tampa,"696 Blueberry Dr, Wellington, FL, 33414",Tampa,INVH-696-blueberry-dr-wellington-fl-33414,3,2.0,2002,3749.0,2026-09-30,19 months,False,,,,,,,,https://www.invitationhomes.com/houses-for-rent/696-blueberry-dr-wellington-fl-33414,2026-04-04,2026-09-30,FL,Wellington,,,,,696-blueberry-dr-wellington-fl-33414
2026-09-30,INVH,Tampa,"13598 Jonquil Pl, Wellington, FL, 33414",Tampa,INVH-13598-jonquil-pl-33414-93330,4,2.0,2185,3699.0,2026-09-30,19 months,False,,,,,,,,https://www.invitationhomes.com/houses-for-rent/13598-jonquil-pl-33414-93330,2026-08-16,2026-09-30,FL,Wellington,,,,,13598-jonquil-pl-33414-93330
2026-09-30,INVH,Tampa,"838 Ivy Dr, Wellington, FL, 33414",Tampa,INVH-838-ivy-dr-wellington-fl-33414,3,2.0,2121,3595.0,2026-10-14,19 months,False,,,,,,,,https://www.invitationhomes.com/houses-for-rent/838-ivy-dr-wellington-fl-33414,2026-09-03,2026-09-30,FL,Wellington,,,,,838-ivy-dr-wellington-fl-33414
2026-09-30,INVH,Tampa,"13283 Blue Diamond Pl, Wellington, FL, 33414",Tampa,INVH-13283-blue-diamond-pl-wellington-fl-33414,3,2.0,1647,3265.0,2026-09-30,19 months,False,,,,,,,,https://www.invitationhomes.com/houses-for-rent/13283-blue-diamond-pl-wellington-fl-33414,2026-08-10,2026-09-30,FL,Wellington,,,,,13283-blue-diamond-pl-wellington-fl-33414
2026-09-30,INVH,Tampa,"12177 Sugar Pine Trl, Wellington, FL, 33414",Tampa,INVH-12177-sugar-pine-trl-33414-3841,3,2.0,2770,3495.0,2026-11-09,19 months,False,,,,,,,,https://www.invitationhomes.com/houses-for-rent/12177-sugar-pine-trl-33414-3841,2026-09-30,2026-09-30,FL,Wellington,,,,,12177-sugar-pine-trl-33414-3841
2026-09-30,INVH,Tampa,"1170 Widgeon Rd, Wellington, FL, 33414",Tampa,INVH-1170-widgeon-rd-33414-6365,3,2.0,1602,3020.0,2026-10-14,19 months,False,,,,,,,,https://www.invitationhomes.com/houses-for-rent/1170-widgeon-rd-33414-6365,2026-09-06,2026-09-30,FL,Wellington,,,,,1170-widgeon-rd-33414-6365
2026-09-30,INVH,Tampa,"11674 Oleander Dr, Royal Palm Beach, FL, 33411",Tampa,INVH-11674-oleander-dr-33411-9445,3,2.0,1477,2399.0,2026-09-30,19 months,False,,,,,,,,https://www.invitationhomes.com/houses-for-rent/11674-oleander-dr-33411-9445,2026-08-10,2026-09-30,FL,Royal Palm Beach,,,,,11674-oleander-dr-33411-9445
2026-09-30,INVH,Tampa,"859 Camellia Dr, Royal Palm Beach, FL, 33411",Tampa,INVH-859-camellia-dr-33411-7555,2,2.0,1421,2530.0,2026-10-05,19 months,False,,,,,,,,https://www.invitationhomes.com/houses-for-rent/859-camellia-dr-33411-7555,2026-09-03,2026-09-30,FL,Royal Palm Beach,,,,,859-camellia-dr-33411-7555
2026-09-30,INVH,Tampa,"1040 Grandview Cir, Royal Palm Beach, FL, 33411",Tampa,INVH-1040-grandview-cir-33411-7088,3,2.0,1622,2825.0,2026-09-30,19 months,False,,,,,,,,https://www.invitationhomes.com/houses-for-rent/1040-grandview-cir-33411-7088,2026-05-03,2026-09-30,FL,Royal Palm Beach,,,,,1040-grandview-cir-33411-7088
2026-09-30,INVH,Tampa,"124 Tuscany Dr, Royal Palm Beach, FL, 33411",Tampa,INVH-124-tuscany-dr-royal-palm-beach-fl-33411,4,3.0,2743,3495.0,2026-10-30,19 months,False,,,,,,,,https://www.invitationhomes.com/houses-for-rent/124-tuscany-dr-royal-palm-beach-fl-33411,2026-09-06,2026-09-30,FL,Royal Palm Beach,,,,,124-tuscany-dr-royal-palm-beach-fl-33411
2026-09-30,INVH,Tampa,"1110 Concert Way, Royal Palm Beach, FL, 33411",Tampa,INVH-1110-concert-way-33411-5055,3,2.0,1160,2535.0,2026-10-15,19 months,False,,,,,,,,https://www.invitationhomes.com/houses-for-rent/1110-concert-way-33411-5055,2026-09-03,2026-09-30,FL,Royal Palm Beach,,,,,1110-concert-way-33411-5055
2026-09-30,INVH,Tampa,"1461 Running Oak Ct, Royal Palm Beach, FL, 33411",Tampa,INVH-1461-running-oak-ct-33411-2782,5,2.5,2745,3995.0,2026-10-02,19 months,False,,,,,,,,https://www.invitationhomes.com/houses-for-rent/1461-running-oak-ct-33411-2782,2026-09-21,2026-09-30,FL,Royal Palm Beach,,,,,1461-running-oak-ct-33411-2782
2026-09-30,INVH,Tampa,"1231 Oakwater Dr, Royal Palm Beach, FL, 33411",Tampa,INVH-1231-oakwater-dr-royal-palm-beach-fl-33411,4,3.0,2424,4140.0,2026-09-30,19 months,False,,,,,,,,https://www.invitationhomes.com/houses-for-rent/1231-oakwater-dr-royal-palm-beach-fl-33411,2026-07-19,2026-09-30,FL,Royal Palm Beach,,,,,1231-oakwater-dr-royal-palm-beach-fl-33411
2026-09-30,INVH,Tampa,"130 Prestige Dr, Royal Palm Beach, FL, 33411",Tampa,INVH-130-prestige-dr-33411-2167,4,2.5,1673,2899.0,2026-09-30,19 months,False,,,,,,,,https://www.invitationhomes.com/houses-for-rent/130-prestige-dr-33411-2167,2026-07-19,2026-09-30,FL,Royal Palm Beach,,,,,130-prestige-dr-33411-2167
2026-09-30,INVH,Tampa,"1371 Denlow Ln, Royal Palm Beach, FL, 33411",Tampa,INVH-1371-denlow-ln-33411-1881,3,2.0,1564,2780.0,2026-09-30,19 months,False,,,,,,,,https://www.invitationhomes.com/houses-for-rent/1371-denlow-ln-33411-1881,2026-08-16,2026-09-30,FL,Royal Palm Beach,,,,,1371-denlow-ln-33411-1881
2026-09-30,INVH,Tampa,"151 Heron Pkwy, West Palm Beach, FL, 33411",Tampa,INVH-151-heron-pkwy-33411-6771,4,3.0,2603,3420.0,2026-09-30,19 months,False,,,,,,,,https://www.invitationhomes.com/houses-for-rent/151-heron-pkwy-33411-6771,2026-08-10,2026-09-30,FL,West Palm Beach,,,,,151-heron-pkwy-33411-6771
2026-09-30,INVH,Tampa,"116 La Mancha Ave, Royal Palm Beach, FL, 33411",Tampa,INVH-116-la-mancha-ave-royal-palm-beach-fl-33411,3,2.0,1768,3049.0,2026-09-30,19 months,False,,,,,,,,https://www.invitationhomes.com/houses-for-rent/116-la-mancha-ave-royal-palm-beach-fl-33411,2026-08-16,2026-09-30,FL,Royal Palm Beach,,,,,116-la-mancha-ave-royal-palm-beach-fl-33411
2026-09-30,INVH,Tampa,"8739 S San Andros, West Palm Beach, FL, 33411",Tampa,INVH-8739-s-san-andros-west-palm-beach-fl-33411,3,2.5,1900,3245.0,2026-10-05,19 months,False,,,,,,,,https://www.invitationhomes.com/houses-for-rent/8739-s-san-andros-west-palm-beach-fl-33411,2026-09-21,2026-09-30,FL,West Palm Beach,,,,,8739-s-san-andros-west-palm-beach-fl-33411
2026-09-30,INVH,Tampa,"2209 Allen Creek Rd, West Palm Beach, FL, 33411",Tampa,INVH-2209-allen-creek-rd-west-palm-beach-fl-33411,3,2.0,1711,2895.0,2026-10-15,19 months,False,,,,,,,,https://www.invitationhomes.com/houses-for-rent/2209-allen-creek-rd-west-palm-beach-fl-33411,2026-09-03,2026-09-30,FL,West Palm Beach,,,,,2209-allen-creek-rd-west-palm-beach-fl-33411
2026-09-30,INVH,Tampa,"7508 Jewel Ave, North Bay Village, FL, 33141",Tampa,INVH-7508-jewel-ave-33141-2136,3,2.0,2056,3895.0,2026-09-30,19 months,False,,,,,,,,https://www.invitationhomes.com/houses-for-rent/7508-jewel-ave-33141-2136,2026-09-21,2026-09-30,FL,North Bay Village,,,,,7508-jewel-ave-33141-2136
2026-09-30,INVH,Miami,"550 NE 15th Ct, Fort Lauderdale, FL, 33304",Miami,INVH-550-ne-15th-ct-fort-lauderdale-fl-33304,3,2.0,2300,3699.0,2026-09-30,19 months,False,,,,,,,,https://www.invitationhomes.com/houses-for-rent/550-ne-15th-ct-fort-lauderdale-fl-33304,2026-09-03,2026-09-30,FL,Fort Lauderdale,,,,,550-ne-15th-ct-fort-lauderdale-fl-33304
2026-09-30,INVH,Miami,"5881 NE 21st Rd, Fort Lauderdale, FL, 33308",Miami,INVH-5881-ne-21st-rd-fort-lauderdale-fl-33308,3,2.0,1681,3460.0,2026-09-30,19 months,False,,,,,,,,https://www.invitationhomes.com/houses-for-rent/5881-ne-21st-rd-fort-lauderdale-fl-33308,2026-08-02,2026-09-30,FL,Fort Lauderdale,,,,,5881-ne-21st-rd-fort-lauderdale-fl-33308
2026-09-30,INVH,Miami,"6010 NE 14th Rd, Fort Lauderdale, FL, 33334",Miami,INVH-6010-ne-14th-rd-fort-lauderdale-fl-33334,4,2.0,1826,4999.0,2026-10-09,19 months,False,,,,,,,,https://www.invitationhomes.com/houses-for-rent/6010-ne-14th-rd-fort-lauderdale-fl-33334,2026-09-30,2026-09-30,FL,Fort Lauderdale,,,,,6010-ne-14th-rd-fort-lauderdale-fl-33334
2026-09-30,INVH,Miami,"1837 NW 3rd St, Pompano Beach, FL, 33069",Miami,INVH-1837-nw-3rd-st-33069-2018,4,2.5,2394,3790.0,2026-10-06,19 months,False,,,,,,,,https://www.invitationhomes.com/houses-for-rent/1837-nw-3rd-st-33069-2018,2026-09-03,2026-09-30,FL,Pompano Beach,,,,,1837-nw-3rd-st-33069-2018
2026-09-30,INVH,Miami,"608 Nw 19Th St, Pompano Beach, FL, 33060",Miami,INVH-608-nw-19th-st-33060-103145,5,2.0,1318,3045.0,2026-09-30,19 months,False,,,,,,,,https://www.invitationhomes.com/houses-for-rent/608-nw-19th-st-33060-103145,2026-08-16,2026-09-30,FL,Pompano Beach,,,,,608-nw-19th-st-33060-103145
2026-09-30,INVH,Miami,"2065 Discovery Cir E, Deerfield Beach, FL, 33442",Miami,INVH-2065-discovery-cir-e-deerfield-beach-fl-33442,2,2.0,1514,2795.0,2026-10-11,19 months,False,,,,,,,,https://www.invitationhomes.com/houses-for-rent/2065-discovery-cir-e-deerfield-beach-fl-33442,2026-09-03,2026-09-30,FL,Deerfield Beach,,,,,2065-discovery-cir-e-deerfield-beach-fl-33442
2026-09-30,INVH,Miami,"381 Wildwood Ln E, Deerfield Beach, FL, 33442",Miami,INVH-381-wildwood-ln-e-deerfield-beach-fl-33442,2,2.0,1517,2675.0,2026-09-30,19 months,False,,,,,,,,https://www.invitationhomes.com/houses-for-rent/381-wildwood-ln-e-deerfield-beach-fl-33442,2026-07-19,2026-09-30,FL,Deerfield Beach,,,,,381-wildwood-ln-e-deerfield-beach-fl-33442
2026-09-30,INVH,Miami,"917 SE 16th Pl, Deerfield Beach, FL, 33441",Miami,INVH-917-se-16th-pl-33441-4246,3,3.0,2118,4195.0,2026-11-08,19 months,False,,,,,,,,https://www.invitationhomes.com/houses-for-rent/917-se-16th-pl-33441-4246,2026-09-30,2026-09-30,FL,Deerfield Beach,,,,,917-se-16th-pl-33441-4246
2026-09-30,INVH,Miami,"900 W Camino Real, Boca Raton, FL, 33486",Miami,INVH-900-w-camino-real-33486-3684,4,2.0,2160,4695.0,2026-11-03,19 months,False,,,,,,,,https://www.invitationhomes.com/houses-for-rent/900-w-camino-real-33486-3684,2026-09-21,2026-09-30,FL,Boca Raton,,,,,900-w-camino-real-33486-3684
2026-09-30,INVH,Miami,"1284 NW 5th St, Boca Raton, FL, 33486",Miami,INVH-1284-nw-5th-st-boca-raton-fl-33486,4,3.0,1581,3445.0,2026-10-20,19 months,False,,,,,,,,https://www.invitationhomes.com/houses-for-rent/1284-nw-5th-st-boca-raton-fl-33486,2026-09-06,2026-09-30,FL,Boca Raton,,,,,1284-nw-5th-st-boca-raton-fl-33486
2026-09-30,INVH,Miami,"35 NW 3rd Ct, Boca Raton, FL, 33432",Miami,INVH-35-nw-3rd-ct-boca-raton-fl-33432,3,3.0,1710,3995.0,2026-10-15,19 months,False,,,,,,,,https://www.invitationhomes.com/houses-for-rent/35-nw-3rd-ct-boca-raton-fl-33432,2026-09-03,2026-09-30,FL,Boca Raton,,,,,35-nw-3rd-ct-boca-raton-fl-33432
2026-09-30,INVH,Miami,"1099 NW 5th Ave, Boca Raton, FL, 33432",Miami,INVH-1099-nw-5th-ave-boca-raton-fl-33432,3,2.0,1493,3420.0,2026-09-30,19 months,False,,,,,,,,https://www.invitationhomes.com/houses-for-rent/1099-nw-5th-ave-boca-raton-fl-33432,2026-08-23,2026-09-30,FL,Boca Raton,,,,,1099-nw-5th-ave-boca-raton-fl-33432
2026-09-30,INVH,Miami,"35 Tam O Shanter Ln, Boca Raton, FL, 33431",Miami,INVH-35-tam-o-shanter-ln-33431-103333,3,2.0,1412,3599.0,2026-10-15,19 months,False,,,,,,,,https://www.invitationhomes.com/houses-for-rent/35-tam-o-shanter-ln-33431-103333,2026-09-03,2026-09-30,FL,Boca Raton,,,,,35-tam-o-shanter-ln-33431-103333
2026-09-30,INVH,Miami,"16105 Poppyseed Cir Unit 1806, Delray Beach, FL, 33484",Miami,INVH-16105-poppyseed-cir-unit-1806-33484-5519,3,2.25,1652,2795.0,2026-09-30,19 months,False,,,,,,,,https://www.invitationhomes.com/houses-for-rent/16105-poppyseed-cir-unit-1806-33484-5519,2026-07-19,2026-09-30,FL,Delray Beach,,,,,16105-poppyseed-cir-unit-1806-33484-5519
2026-09-30,INVH,Miami,"3743 Mykonos Ct, Boca Raton, FL, 33487",Miami,INVH-3743-mykonos-ct-33487-1748,2,2.0,2300,3795.0,2026-11-04,19 months,False,,,,,,,,https://www.invitationhomes.com/houses-for-rent/3743-mykonos-ct-33487-1748,2026-09-21,2026-09-30,FL,Boca Raton,,,,,3743-mykonos-ct-33487-1748
2026-09-30,INVH,Miami,"670 W Clearbrook Cir, Delray Beach, FL, 33445",Miami,INVH-670-w-clearbrook-cir-delray-beach-fl-33445,3,2.0,1590,3449.0,2026-10-15,19 months,False,,,,,,,,https://www.invitationhomes.com/houses-for-rent/670-w-clearbrook-cir-delray-beach-fl-33445,2026-09-12,2026-09-30,FL,Delray Beach,,,,,670-w-clearbrook-cir-delray-beach-fl-33445
2026-09-30,INVH,Miami,"5602 Aspen Ridge Cir, Delray Beach, FL, 33484",Miami,INVH-5602-aspen-ridge-cir-33484-9363,3,2.0,1788,3135.0,2026-09-30,19 months,False,,,,,,,,https://www.invitationhomes.com/houses-for-rent/5602-aspen-ridge-cir-33484-9363,2026-08-02,2026-09-30,FL,Delray Beach,,,,,5602-aspen-ridge-cir-33484-9363
2026-09-30,INVH,Tampa,"6752 Heritage Grande Unit 205, Boynton Beach, FL, 33437",Tampa,INVH-6752-heritage-grande-unit-205-boynton-beach-fl-33437,2,2.0,939,1895.0,2026-09-30,19 months,False,,,,,,,,https://www.invitationhomes.com/houses-for-rent/6752-heritage-grande-unit-205-boynton-beach-fl-33437,2026-07-19,2026-09-30,FL,Boynton Beach,,,,,6752-heritage-grande-unit-205-boynton-beach-fl-33437
2026-09-30,INVH,Tampa,"12447 Pleasant Green Way, Boynton Beach, FL, 33437",Tampa,INVH-12447-pleasant-green-way-boynton-beach-fl-33437,3,2.0,1877,3240.0,2026-09-30,19 months,False,,,,,,,,https://www.invitationhomes.com/houses-for-rent/12447-pleasant-green-way-boynton-beach-fl-33437,2026-08-16,2026-09-30,FL,Boynton Beach,,,,,12447-pleasant-green-way-boynton-beach-fl-33437
2026-09-30,INVH,Miami,"4549 Highgate Dr Unit B, Delray Beach, FL, 33445",Miami,INVH-4549-highgate-dr-unit-b-delray-beach-fl-33445,3,2.5,1316,2695.0,2026-10-24,19 months,False,,,,,,,,https://www.invitationhomes.com/houses-for-rent/4549-highgate-dr-unit-b-delray-beach-fl-33445,2026-09-21,2026-09-30,FL,Delray Beach,,,,,4549-highgate-dr-unit-b-delray-beach-fl-33445
2026-09-30,INVH,Tampa,"6998 Dearborn Pl, Boynton Beach, FL, 33437",Tampa,INVH-6998-dearborn-pl-33437-7226,3,2.5,1857,3395.0,2026-09-30,19 months,False,,,,,,,,https://www.invitationhomes.com/houses-for-rent/6998-dearborn-pl-33437-7226,2026-08-02,2026-09-30,FL,Boynton Beach,,,,,6998-dearborn-pl-33437-7226
2026-09-30,INVH,Tampa,"122 SE 29th Ave, Boynton Beach, FL, 33435",Tampa,INVH-122-se-29th-ave-33435-6124,3,2.0,1584,2895.0,2026-09-30,19 months,False,,,,,,,,https://www.invitationhomes.com/houses-for-rent/122-se-29th-ave-33435-6124,2026-08-16,2026-09-30,FL,Boynton Beach,,,,,122-se-29th-ave-33435-6124
2026-09-30,INVH,Miami,"1331 Sw 21St Ave, Delray Beach, FL, 33426",Miami,INVH-1331-sw-21st-ave-33426-103175,5,2.0,1214,3085.0,2026-10-24,19 months,False,,,,,,,,https://www.invitationhomes.com/houses-for-rent/1331-sw-21st-ave-33426-103175,2026-09-09,2026-09-30,FL,Delray Beach,,,,,1331-sw-21st-ave-33426-103175
2026-09-30,INVH,Tampa,"337 SW 14th Ave, Boynton Beach, FL, 33435",Tampa,INVH-337-sw-14th-ave-33435-5288,3,3.0,1667,3145.0,2026-10-02,19 months,False,,,,,,,,https://www.invitationhomes.com/houses-for-rent/337-sw-14th-ave-33435-5288,2026-09-21,2026-09-30,FL,Boynton Beach,,,,,337-sw-14th-ave-33435-5288
2026-09-30,INVH,Tampa,"231 SW 5th Ave, Boynton Beach, FL, 33435",Tampa,INVH-231-sw-5th-ave-33435-3575,3,2.0,1525,3095.0,2026-11-04,19 months,False,,,,,,,,https://www.invitationhomes.com/houses-for-rent/231-sw-5th-ave-33435-3575,2026-09-21,2026-09-30,FL,Boynton Beach,,,,,231-sw-5th-ave-33435-3575
2026-09-30,INVH,Tampa,"8580 Windfall Dr, Boynton Beach, FL, 33472",Tampa,INVH-8580-windfall-dr-boynton-beach-fl-33472,3,2.0,1809,3399.0,2026-09-30,19 months,False,,,,,,,,https://www.invitationhomes.com/houses-for-rent/8580-windfall-dr-boynton-beach-fl-33472,2026-09-21,2026-09-30,FL,Boynton Beach,,,,,8580-windfall-dr-boynton-beach-fl-33472
2026-09-30,INVH,Tampa,"6268 Windlass Cir, Boynton Beach, FL, 33472",Tampa,INVH-6268-windlass-cir-33472-8743,4,2.0,2023,3449.0,2026-09-30,19 months,False,,,,,,,,https://www.invitationhomes.com/houses-for-rent/6268-windlass-cir-33472-8743,2026-08-02,2026-09-30,FL,Boynton Beach,,,,,6268-windlass-cir-33472-8743
2026-09-30,INVH,Tampa,"8528 Windy Cir, Boynton Beach, FL, 33472",Tampa,INVH-8528-windy-cir-boynton-beach-fl-33472,3,2.5,2075,3440.0,2026-09-30,19 months,False,,,,,,,,https://www.invitationhomes.com/houses-for-rent/8528-windy-cir-boynton-beach-fl-33472,2026-07-19,2026-09-30,FL,Boynton Beach,,,,,8528-windy-cir-boynton-beach-fl-33472
2026-09-30,INVH,Tampa,"8574 Brian Blvd, Boynton Beach, FL, 33472",Tampa,INVH-8574-brian-blvd-boynton-beach-fl-33472,3,2.0,1788,3115.0,2026-10-02,19 months,False,,,,,,,,https://www.invitationhomes.com/houses-for-rent/8574-brian-blvd-boynton-beach-fl-33472,2026-09-03,2026-09-30,FL,Boynton Beach,,,,,8574-brian-blvd-boynton-beach-fl-33472
2026-09-30,INVH,Tampa,"4811 Concordia Ln, Boynton Beach, FL, 33436",Tampa,INVH-4811-concordia-ln-boynton-beach-fl-33436,3,2.0,1354,2740.0,2026-10-18,19 months,False,,,,,,,,https://www.invitationhomes.com/houses-for-rent/4811-concordia-ln-boynton-beach-fl-33436,2026-09-12,2026-09-30,FL,Boynton Beach,,,,,4811-concordia-ln-boynton-beach-fl-33436
2026-09-30,INVH,Tampa,"7613 Colony Lake Dr, Boynton Beach, FL, 33436",Tampa,INVH-7613-colony-lake-dr-boynton-beach-fl-33436,3,2.0,1649,2995.0,2026-10-30,19 months,False,,,,,,,,https://www.invitationhomes.com/houses-for-rent/7613-colony-lake-dr-boynton-beach-fl-33436,2026-09-30,2026-09-30,FL,Boynton Beach,,,,,7613-colony-lake-dr-boynton-beach-fl-33436
2026-09-30,INVH,Tampa,"7201 Vaca Key Way, Lake Worth, FL, 33467",Tampa,INVH-7201-vaca-key-way-lake-worth-fl-33467,3,2.0,1394,2849.0,2026-09-30,19 months,False,,,,,,,,https://www.invitationhomes.com/houses-for-rent/7201-vaca-key-way-lake-worth-fl-33467,2026-08-02,2026-09-30,FL,Lake Worth,,,,,7201-vaca-key-way-lake-worth-fl-33467
2026-09-30,INVH,Tampa,"6655 Jacques Way, Lake Worth, FL, 33463",Tampa,INVH-6655-jacques-way-lake-worth-fl-33463,5,3.0,3000,3895.0,2026-10-15,19 months,False,,,,,,,,https://www.invitationhomes.com/houses-for-rent/6655-jacques-way-lake-worth-fl-33463,2026-09-03,2026-09-30,FL,Lake Worth,,,,,6655-jacques-way-lake-worth-fl-33463
2026-09-30,INVH,Tampa,"134 Citrus Park Cir, Boynton Beach, FL, 33436",Tampa,INVH-134-citrus-park-cir-33436-5063,3,2.0,1595,3345.0,2026-10-23,19 months,False,,,,,,,,https://www.invitationhomes.com/houses-for-rent/134-citrus-park-cir-33436-5063,2026-09-09,2026-09-30,FL,Boynton Beach,,,,,134-citrus-park-cir-33436-5063
2026-09-30,INVH,Tampa,"1156 Rialto Dr, Boynton Beach, FL, 33436",Tampa,INVH-1156-rialto-dr-boynton-beach-fl-33436,3,2.0,1328,3015.0,2026-09-30,19 months,False,,,,,,,,https://www.invitationhomes.com/houses-for-rent/1156-rialto-dr-boynton-beach-fl-33436,2026-08-10,2026-09-30,FL,Boynton Beach,,,,,1156-rialto-dr-boynton-beach-fl-33436
2026-09-30,INVH,Tampa,"1026 Fosters Mill Rd, Boynton Beach, FL, 33436",Tampa,INVH-1026-fosters-mill-rd-boynton-beach-fl-33436,3,2.0,1688,2870.0,2026-09-30,18 months,False,,,,,,,,https://www.invitationhomes.com/houses-for-rent/1026-fosters-mill-rd-boynton-beach-fl-33436,2026-05-17,2026-09-30,FL,Boynton Beach,,,,,1026-fosters-mill-rd-boynton-beach-fl-33436
2026-09-30,INVH,Tampa,"2781 S Evergreen Cir, Boynton Beach, FL, 33426",Tampa,INVH-2781-s-evergreen-cir-boynton-beach-fl-33426,3,2.5,1621,3399.0,2026-10-15,19 months,False,,,,,,,,https://www.invitationhomes.com/houses-for-rent/2781-s-evergreen-cir-boynton-beach-fl-33426,2026-09-03,2026-09-30,FL,Boynton Beach,,,,,2781-s-evergreen-cir-boynton-beach-fl-33426
2026-09-30,INVH,Tampa,"3360 Artesian Dr, Lake Worth, FL, 33462",Tampa,INVH-3360-artesian-dr-33462-7429,4,2.0,1706,3095.0,2026-11-13,19 months,False,,,,,,,,https://www.invitationhomes.com/houses-for-rent/3360-artesian-dr-33462-7429,2026-09-30,2026-09-30,FL,Lake Worth,,,,,3360-artesian-dr-33462-7429
2026-09-30,INVH,Tampa,"6073 Strawberry Fields Way, Lake Worth, FL, 33463",Tampa,INVH-6073-strawberry-fields-way-33463-8914,3,2.0,1722,2795.0,2026-09-30,19 months,False,,,,,,,,https://www.invitationhomes.com/houses-for-rent/6073-strawberry-fields-way-33463-8914,2026-09-21,2026-09-30,FL,Lake Worth,,,,,6073-strawberry-fields-way-33463-8914
2026-09-30,INVH,Tampa,"6070 Lambeth Cir, Lake Worth, FL, 33463",Tampa,INVH-6070-lambeth-cir-33463-103219,4,2.0,1417,2630.0,2026-09-30,19 months,False,,,,,,,,https://www.invitationhomes.com/houses-for-rent/6070-lambeth-cir-33463-103219,2026-07-19,2026-09-30,FL,Lake Worth,,,,,6070-lambeth-cir-33463-103219
2026-09-30,INVH,Tampa,"5756 Strawberry Lakes Cir, Lake Worth, FL, 33463",Tampa,INVH-5756-strawberry-lakes-cir-33463-7845,3,2.5,2058,3720.0,2026-09-30,19 months,False,,,,,,,,https://www.invitationhomes.com/houses-for-rent/5756-strawberry-lakes-cir-33463-7845,2026-08-02,2026-09-30,FL,Lake Worth,,,,,5756-strawberry-lakes-cir-33463-7845
2026-09-30,INVH,Tampa,"5808 Strawberry Lakes Cir, Lake Worth, FL, 33463",Tampa,INVH-5808-strawberry-lakes-cir-33463-9287,4,2.0,1477,2780.0,2026-09-30,19 months,False,,,,,,,,https://www.invitationhomes.com/houses-for-rent/5808-strawberry-lakes-cir-33463-9287,2026-08-16,2026-09-30,FL,Lake Worth,,,,,5808-strawberry-lakes-cir-33463-9287
2026-09-30,INVH,Tampa,"5535 Haverford Way, Lake Worth, FL, 33463",Tampa,INVH-5535-haverford-way-33463-9110,3,2.0,1549,2895.0,2026-09-30,19 months,False,,,,,,,,https://www.invitationhomes.com/houses-for-rent/5535-haverford-way-33463-9110,2026-09-06,2026-09-30,FL,Lake Worth,,,,,5535-haverford-way-33463-9110
2026-09-30,INVH,Tampa,"5994 Ithaca Cir W, Lake Worth, FL, 33463",Tampa,INVH-5994-ithaca-cir-w-33463-4634,4,2.0,1418,2735.0,2026-10-15,19 months,False,,,,,,,,https://www.invitationhomes.com/houses-for-rent/5994-ithaca-cir-w-33463-4634,2026-09-03,2026-09-30,FL,Lake Worth,,,,,5994-ithaca-cir-w-33463-4634
2026-09-30,INVH,Tampa,"6098 Westfall Rd, Lake Worth, FL, 33463",Tampa,INVH-6098-westfall-rd-33463-1383,3,2.0,1417,2530.0,2026-09-30,19 months,False,,,,,,,,https://www.invitationhomes.com/houses-for-rent/6098-westfall-rd-33463-1383,2026-06-09,2026-09-30,FL,Lake Worth,,,,,6098-westfall-rd-33463-1383
2026-09-30,INVH,Tampa,"5431 Twin Oakes Rd, Lake Worth, FL, 33463",Tampa,INVH-5431-twin-oakes-rd-33463-9664,4,2.0,1600,2630.0,2026-09-30,19 months,False,,,,,,,,https://www.invitationhomes.com/houses-for-rent/5431-twin-oakes-rd-33463-9664,2026-08-10,2026-09-30,FL,Lake Worth,,,,,5431-twin-oakes-rd-33463-9664
2026-09-30,INVH,Tampa,"213 Palm Cir, Atlantis, FL, 33462",Tampa,INVH-213-palm-cir-33462-6072,3,2.5,2230,3320.0,2026-09-30,19 months,False,,,,,,,,https://www.invitationhomes.com/houses-for-rent/213-palm-cir-33462-6072,2026-08-02,2026-09-30,FL,Atlantis,,,,,213-palm-cir-33462-6072
2026-09-30,INVH,Tampa,"2038 7th Ct S, Lake Worth, FL, 33461",Tampa,INVH-2038-7th-ct-s-lake-worth-fl-33461,3,2.0,1620,3140.0,2026-09-30,19 months,False,,,,,,,,https://www.invitationhomes.com/houses-for-rent/2038-7th-ct-s-lake-worth-fl-33461,2026-08-10,2026-09-30,FL,Lake Worth,,,,,2038-7th-ct-s-lake-worth-fl-33461
2026-09-30,INVH,Tampa,"913 Cochran Dr, Lake Worth, FL, 33461",Tampa,INVH-913-cochran-dr-33461-4361,3,2.0,1534,2565.0,2026-09-30,19 months,False,,,,,,,,https://www.invitationhomes.com/houses-for-rent/913-cochran-dr-33461-4361,2026-08-02,2026-09-30,FL,Lake Worth,,,,,913-cochran-dr-33461-4361
2026-09-30,INVH,Tampa,"22 Andros Rd, Palm Springs, FL, 33461",Tampa,INVH-22-andros-rd-33461-5210,4,2.5,2120,3395.0,2026-11-02,19 months,False,,,,,,,,https://www.invitationhomes.com/houses-for-rent/22-andros-rd-33461-5210,2026-06-14,2026-09-30,FL,Palm Springs,,,,,22-andros-rd-33461-5210
2026-09-30,INVH,Tampa,"1706 NE 6th St #1309, Boynton Beach, FL, 33435",Tampa,INVH-1706-ne-6th-st-boynton-beach-fl-33435,2,2.0,1071,2395.0,2026-11-07,19 months,False,,,,,,,,https://www.invitationhomes.com/houses-for-rent/1706-ne-6th-st-boynton-beach-fl-33435,2026-09-30,2026-09-30,FL,Boynton Beach,,,,,1706-ne-6th-st-boynton-beach-fl-33435
2026-09-30,INVH,Tampa,"2320 Rue Rd, West Palm Beach, FL, 33415",Tampa,INVH-2320-rue-rd-33415-2040,3,1.0,1126,2340.0,2026-10-15,19 months,False,,,,,,,,https://www.invitationhomes.com/houses-for-rent/2320-rue-rd-33415-2040,2026-09-03,2026-09-30,FL,West Palm Beach,,,,,2320-rue-rd-33415-2040
2026-09-30,INVH,Tampa,"1978 Monks Ct, West Palm Beach, FL, 33415",Tampa,INVH-1978-monks-ct-33415-9109,3,2.0,1194,2420.0,2026-09-30,19 months,False,,,,,,,,https://www.invitationhomes.com/houses-for-rent/1978-monks-ct-33415-9109,2026-08-23,2026-09-30,FL,West Palm Beach,,,,,1978-monks-ct-33415-9109
2026-09-30,INVH,Tampa,"5187 Glencove Ln, West Palm Beach, FL, 33415",Tampa,INVH-5187-glencove-ln-33415-3987,3,2.0,1069,2370.0,2026-10-15,19 months,False,,,,,,,,https://www.invitationhomes.com/houses-for-rent/5187-glencove-ln-33415-3987,2026-09-12,2026-09-30,FL,West Palm Beach,,,,,5187-glencove-ln-33415-3987
2026-09-30,INVH,Tampa,"3505 Tamarack Trl, West Palm Beach, FL, 33406",Tampa,INVH-3505-tamarack-trl-west-palm-beach-fl-33406,3,2.0,1523,2595.0,2026-11-11,19 months,False,,,,,,,,https://www.invitationhomes.com/houses-for-rent/3505-tamarack-trl-west-palm-beach-fl-33406,2026-09-30,2026-09-30,FL,West Palm Beach,,,,,3505-tamarack-trl-west-palm-beach-fl-33406
2026-09-30,INVH,Tampa,"6117 Adriatic Way, Greenacres, FL, 33413",Tampa,INVH-6117-adriatic-way-33413-6257,3,2.5,2010,3215.0,2026-09-30,19 months,False,,,,,,,,https://www.invitationhomes.com/houses-for-rent/6117-adriatic-way-33413-6257,2026-08-10,2026-09-30,FL,Greenacres,,,,,6117-adriatic-way-33413-6257
2026-09-30,INVH,Tampa,"16888 W Aquaduct Dr, Loxahatchee, FL, 33470",Tampa,INVH-16888-w-aquaduct-dr-33470-3464,3,2.0,1694,2795.0,2026-09-30,19 months,False,,,,,,,,https://www.invitationhomes.com/houses-for-rent/16888-w-aquaduct-dr-33470-3464,2026-07-19,2026-09-30,FL,Loxahatchee,,,,,16888-w-aquaduct-dr-33470-3464
2026-09-30,INVH,Tampa,"13780 78th Pl N, West Palm Beach, FL, 33412",Tampa,INVH-13780-78th-pl-n-33412-2957,3,2.0,2358,3410.0,2026-09-30,19 months,False,,,,,,,,https://www.invitationhomes.com/houses-for-rent/13780-78th-pl-n-33412-2957,2026-06-09,2026-09-30,FL,West Palm Beach,,,,,13780-78th-pl-n-33412-2957
2026-09-30,INVH,Tampa,"2515 Glendale Dr, Royal Palm Beach, FL, 33411",Tampa,INVH-2515-glendale-dr-royal-palm-beach-fl-33411,5,2.5,3038,3895.0,2026-09-30,19 months,False,,,,,,,,https://www.invitationhomes.com/houses-for-rent/2515-glendale-dr-royal-palm-beach-fl-33411,2026-07-19,2026-09-30,FL,Royal Palm Beach,,,,,2515-glendale-dr-royal-palm-beach-fl-33411
2026-09-30,INVH,Tampa,"283 Ponce De Leon St, Royal Palm Beach, FL, 33411",Tampa,INVH-283-ponce-de-leon-st-33411-8042,3,2.0,1515,2960.0,2026-09-30,19 months,False,,,,,,,,https://www.invitationhomes.com/houses-for-rent/283-ponce-de-leon-st-33411-8042,2026-08-16,2026-09-30,FL,Royal Palm Beach,,,,,283-ponce-de-leon-st-33411-8042
2026-09-30,INVH,Tampa,"11416 49th St N, Royal Palm Beach, FL, 33411",Tampa,INVH-11416-49th-st-n-33411-5881,4,2.0,2486,3035.0,2026-09-30,19 months,False,,,,,,,,https://www.invitationhomes.com/houses-for-rent/11416-49th-st-n-33411-5881,2026-07-19,2026-09-30,FL,Royal Palm Beach,,,,,11416-49th-st-n-33411-5881
2026-09-30,INVH,Tampa,"4670 SW Keats St, Port Saint Lucie, FL, 34953",Tampa,INVH-4670-sw-keats-st-34953-93512,4,2.0,1728,2565.0,2026-09-30,19 months,False,,,,,,,,https://www.invitationhomes.com/houses-for-rent/4670-sw-keats-st-34953-93512,2026-08-10,2026-09-30,FL,Port Saint Lucie,,,,,4670-sw-keats-st-34953-93512
2026-09-30,INVH,Tampa,"4273 SW McClellen St, Port Saint Lucie, FL, 34953",Tampa,INVH-4273-sw-mcclellen-st-34953-5836,4,2.0,2236,2675.0,2026-09-30,19 months,False,,,,,,,,https://www.invitationhomes.com/houses-for-rent/4273-sw-mcclellen-st-34953-5836,2026-09-03,2026-09-30,FL,Port Saint Lucie,,,,,4273-sw-mcclellen-st-34953-5836
2026-09-30,INVH,Tampa,"4198 SW Jarmer Rd, Port Saint Lucie, FL, 34953",Tampa,INVH-4198-sw-jarmer-rd-34953-93138,4,2.0,1809,2749.0,2026-11-14,19 months,False,,,,,,,,https://www.invitationhomes.com/houses-for-rent/4198-sw-jarmer-rd-34953-93138,2026-09-30,2026-09-30,FL,Port Saint Lucie,,,,,4198-sw-jarmer-rd-34953-93138
2026-09-30,INVH,Tampa,"4081 SW Rosser Blvd, Port Saint Lucie, FL, 34953",Tampa,INVH-4081-sw-rosser-blvd-34953-8248,4,2.0,2129,2775.0,2026-09-30,19 months,False,,,,,,,,https://www.invitationhomes.com/houses-for-rent/4081-sw-rosser-blvd-34953-8248,2026-09-21,2026-09-30,FL,Port Saint Lucie,,,,,4081-sw-rosser-blvd-34953-8248
2026-09-30,INVH,Tampa,"3551 SW Savona Blvd, Port Saint Lucie, FL, 34953",Tampa,INVH-3551-sw-savona-blvd-34953-91514,4,2.0,1809,2610.0,2026-10-30,19 months,False,,,,,,,,https://www.invitationhomes.com/houses-for-rent/3551-sw-savona-blvd-34953-91514,2026-09-21,2026-09-30,FL,Port Saint Lucie,,,,,3551-sw-savona-blvd-34953-91514
2026-09-30,INVH,Tampa,"3358 SW Perrine St, Port Saint Lucie, FL, 34953",Tampa,INVH-3358-sw-perrine-st-34953-119555,4,2.0,1791,2715.0,2026-09-30,19 months,False,,,,,,,,https://www.invitationhomes.com/houses-for-rent/3358-sw-perrine-st-34953-119555,2026-09-12,2026-09-30,FL,Port Saint Lucie,,,,,3358-sw-perrine-st-34953-119555
2026-09-30,INVH,Tampa,"4253 SW Whitebread Rd, Port Saint Lucie, FL, 34953",Tampa,INVH-4253-sw-whitebread-rd-34953-92879,4,2.0,1809,2595.0,2026-09-30,19 months,False,,,,,,,,https://www.invitationhomes.com/houses-for-rent/4253-sw-whitebread-rd-34953-92879,2026-07-19,2026-09-30,FL,Port Saint Lucie,,,,,4253-sw-whitebread-rd-34953-92879
2026-09-30,INVH,Tampa,"301 SW Log Dr, Port Saint Lucie, FL, 34953",Tampa,INVH-301-sw-log-dr-34953-89391,4,2.0,1809,2740.0,2026-09-30,19 months,False,,,,,,,,https://www.invitationhomes.com/houses-for-rent/301-sw-log-dr-34953-89391,2026-08-16,2026-09-30,FL,Port Saint Lucie,,,,,301-sw-log-dr-34953-89391
2026-09-30,INVH,Tampa,"3980 SW Hablow St, Port Saint Lucie, FL, 34953",Tampa,INVH-3980-sw-hablow-st-34953-8458,4,2.0,2186,2530.0,2026-09-30,19 months,False,,,,,,,,https://www.invitationhomes.com/houses-for-rent/3980-sw-hablow-st-34953-8458,2026-08-16,2026-09-30,FL,Port Saint Lucie,,,,,3980-sw-hablow-st-34953-8458
2026-09-30,INVH,Tampa,"849 SW Trouville Ave, Port Saint Lucie, FL, 34953",Tampa,INVH-849-sw-trouville-ave-34953-120745,4,2.0,1791,2595.0,2026-09-30,19 months,False,,,,,,,,https://www.invitationhomes.com/houses-for-rent/849-sw-trouville-ave-34953-120745,2026-07-19,2026-09-30,FL,Port Saint Lucie,,,,,849-sw-trouville-ave-34953-120745
2026-09-30,INVH,Tampa,"639 SE Dean Ter, Port Saint Lucie, FL, 34984",Tampa,INVH-639-se-dean-ter-34984-2047,3,2.0,1704,2299.0,2026-09-30,19 months,False,,,,,,,,https://www.invitationhomes.com/houses-for-rent/639-se-dean-ter-34984-2047,2026-08-16,2026-09-30,FL,Port Saint Lucie,,,,,639-se-dean-ter-34984-2047
2026-09-30,INVH,Tampa,"2041 SW Fears Ave, Port Saint Lucie, FL, 34953",Tampa,INVH-2041-sw-fears-ave-34953-9777,3,2.0,1510,2345.0,2026-10-09,19 months,False,,,,,,,,https://www.invitationhomes.com/houses-for-rent/2041-sw-fears-ave-34953-9777,2026-09-30,2026-09-30,FL,Port Saint Lucie,,,,,2041-sw-fears-ave-34953-9777
2026-09-30,INVH,Tampa,"1409 SW Algardi Ln, Port Saint Lucie, FL, 34953",Tampa,INVH-1409-sw-algardi-ln-34953-9929,3,2.0,1895,2595.0,2026-11-07,19 months,False,,,,,,,,https://www.invitationhomes.com/houses-for-rent/1409-sw-algardi-ln-34953-9929,2026-09-30,2026-09-30,FL,Port Saint Lucie,,,,,1409-sw-algardi-ln-34953-9929
2026-09-30,INVH,Tampa,"2607 SW Ace Rd, Port Saint Lucie, FL, 34953",Tampa,INVH-2607-sw-ace-rd-34953-96397,4,2.0,1809,2549.0,2026-09-30,19 months,False,,,,,,,,https://www.invitationhomes.com/houses-for-rent/2607-sw-ace-rd-34953-96397,2026-08-16,2026-09-30,FL,Port Saint Lucie,,,,,2607-sw-ace-rd-34953-96397
2026-09-30,INVH,Tampa,"948 SW Abingdon Ave, Port Saint Lucie, FL, 34953",Tampa,INVH-948-sw-abingdon-ave-34953-7970,3,2.0,2005,2499.0,2026-09-30,19 months,False,,,,,,,,https://www.invitationhomes.com/houses-for-rent/948-sw-abingdon-ave-34953-7970,2026-08-23,2026-09-30,FL,Port Saint Lucie,,,,,948-sw-abingdon-ave-34953-7970
2026-09-30,INVH,Tampa,"1838 SW Del Rio Blvd, Port Saint Lucie, FL, 34953",Tampa,INVH-1838-sw-del-rio-blvd-34953-91288,4,2.0,1809,2649.0,2026-10-13,24 months,False,,,,,,,,https://www.invitationhomes.com/houses-for-rent/1838-sw-del-rio-blvd-34953-91288,2026-09-30,2026-09-30,FL,Port Saint Lucie,,,,,1838-sw-del-rio-blvd-34953-91288
2026-09-30,INVH,Tampa,"2351 SW Freeman St, Port Saint Lucie, FL, 34953",Tampa,INVH-2351-sw-freeman-st-34953-4049,4,3.0,3200,2895.0,2026-09-30,19 months,False,,,,,,,,https://www.invitationhomes.com/houses-for-rent/2351-sw-freeman-st-34953-4049,2026-08-10,2026-09-30,FL,Port Saint Lucie,,,,,2351-sw-freeman-st-34953-4049
2026-09-30,INVH,Tampa,"1497 SW California Blvd, Port Saint Lucie, FL, 34953",Tampa,INVH-1497-sw-california-blvd-34953-88700,4,2.0,1809,2599.0,2026-09-30,19 months,False,,,,,,,,https://www.invitationhomes.com/houses-for-rent/1497-sw-california-blvd-34953-88700,2026-08-23,2026-09-30,FL,Port Saint Lucie,,,,,1497-sw-california-blvd-34953-88700
2026-09-30,INVH,Tampa,"1920 SW Beauregard St, Port Saint Lucie, FL, 34953",Tampa,INVH-1920-sw-beauregard-st-34953-93106,4,2.0,1809,2660.0,2026-09-30,19 months,False,,,,,,,,https://www.invitationhomes.com/houses-for-rent/1920-sw-beauregard-st-34953-93106,2026-08-23,2026-09-30,FL,Port Saint Lucie,,,,,1920-sw-beauregard-st-34953-93106
2026-09-30,INVH,Tampa,"1305 SW Gastador Ave, Port Saint Lucie, FL, 34953",Tampa,INVH-1305-sw-gastador-ave-34953-92349,4,2.0,1809,2420.0,2026-10-02,19 months,False,,,,,,,,https://www.invitationhomes.com/houses-for-rent/1305-sw-gastador-ave-34953-92349,2026-09-03,2026-09-30,FL,Port Saint Lucie,,,,,1305-sw-gastador-ave-34953-92349
2026-09-30,INVH,Tampa,"1138 SW Coleman Ave, Port Saint Lucie, FL, 34953",Tampa,INVH-1197-sw-jennifer-ave-34953-88917,4,2.0,1809,2595.0,2026-11-13,19 months,False,,,,,,,,https://www.invitationhomes.com/houses-for-rent/1197-sw-jennifer-ave-34953-88917,2026-09-30,2026-09-30,FL,Port Saint Lucie,,,,,1197-sw-jennifer-ave-34953-88917
2026-09-30,INVH,Tampa,"1002 SW Coleman Ave, Port Saint Lucie, FL, 34953",Tampa,INVH-1002-sw-coleman-ave-34953-7026,3,2.0,1340,2315.0,2026-09-30,19 months,False,,,,,,,,https://www.invitationhomes.com/houses-for-rent/1002-sw-coleman-ave-34953-7026,2026-08-16,2026-09-30,FL,Port Saint Lucie,,,,,1002-sw-coleman-ave-34953-7026
2026-09-30,INVH,Tampa,"838 SW Canary Ter, Port Saint Lucie, FL, 34953",Tampa,INVH-838-sw-canary-ter-34953-93722,4,2.0,1809,2590.0,2026-10-27,19 months,False,,,,,,,,https://www.invitationhomes.com/houses-for-rent/838-sw-canary-ter-34953-93722,2026-09-12,2026-09-30,FL,Port Saint Lucie,,,,,838-sw-canary-ter-34953-93722
2026-09-30,INVH,Tampa,"1998 SW Aquarius Ln, Port Saint Lucie, FL, 34984",Tampa,INVH-1998-sw-aquarius-ln-34984-3065,4,2.0,2078,2835.0,2026-11-13,19 months,False,,,,,,,,https://www.invitationhomes.com/houses-for-rent/1998-sw-aquarius-ln-34984-3065,2026-09-30,2026-09-30,FL,Port Saint Lucie,,,,,1998-sw-aquarius-ln-34984-3065
2026-09-30,INVH,Tampa,"1618 SW Morelia Ln, Port Saint Lucie, FL, 34953",Tampa,INVH-1618-sw-morelia-ln-34953-84050,3,2.0,1422,2285.0,2026-09-30,19 months,False,,,,,,,,https://www.invitationhomes.com/houses-for-rent/1618-sw-morelia-ln-34953-84050,2026-08-02,2026-09-30,FL,Port Saint Lucie,,,,,1618-sw-morelia-ln-34953-84050
2026-09-30,INVH,Tampa,"598 SW Ester Ave, Port Saint Lucie, FL, 34983",Tampa,INVH-598-sw-esther-ave-34953-87329,4,2.0,1833,2715.0,2026-09-30,19 months,False,,,,,,,,https://www.invitationhomes.com/houses-for-rent/598-sw-esther-ave-34953-87329,2026-08-02,2026-09-30,FL,Port Saint Lucie,,,,,598-sw-esther-ave-34953-87329
2026-09-30,INVH,Tampa,"444 SE Karney Terrace, Port Saint Lucie, FL, 34983",Tampa,INVH-444-se-karney-terrace-34983-88773,4,2.0,1809,2745.0,2026-11-04,19 months,False,,,,,,,,https://www.invitationhomes.com/houses-for-rent/444-se-karney-terrace-34983-88773,2026-09-21,2026-09-30,FL,Port Saint Lucie,,,,,444-se-karney-terrace-34983-88773
2026-09-30,INVH,Tampa,"268 NW Bayshore Blvd, Port Saint Lucie, FL, 34983",Tampa,INVH-268-nw-bayshore-blvd-34983-89171,4,2.0,1809,2435.0,2026-09-30,19 months,False,,,,,,,,https://www.invitationhomes.com/houses-for-rent/268-nw-bayshore-blvd-34983-89171,2026-08-02,2026-09-30,FL,Port Saint Lucie,,,,,268-nw-bayshore-blvd-34983-89171
2026-09-30,INVH,Tampa,"669 NW Prima Vista Blvd, Port Saint Lucie, FL, 34983",Tampa,INVH-669-nw-prima-vista-boulevard-34983-121440,4,2.0,1828,2495.0,2026-09-30,19 months,False,,,,,,,,https://www.invitationhomes.com/houses-for-rent/669-nw-prima-vista-boulevard-34983-121440,2026-07-19,2026-09-30,FL,Port Saint Lucie,,,,,669-nw-prima-vista-boulevard-34983-121440
2026-09-30,INVH,Tampa,"546 SW Prima Vista Blvd, Port Saint Lucie, FL, 34953",Tampa,INVH-546-sw-prima-vista-boulevard-34953-121442,4,2.0,1828,2785.0,2026-09-30,19 months,False,,,,,,,,https://www.invitationhomes.com/houses-for-rent/546-sw-prima-vista-boulevard-34953-121442,2026-05-03,2026-09-30,FL,Port Saint Lucie,,,,,546-sw-prima-vista-boulevard-34953-121442
2026-09-30,INVH,Tampa,"431 NW Biltmore St, Port Saint Lucie, FL, 34983",Tampa,INVH-431-nw-biltmore-st-34983-93516,4,2.0,1728,2665.0,2026-09-30,19 months,False,,,,,,,,https://www.invitationhomes.com/houses-for-rent/431-nw-biltmore-st-34983-93516,2026-08-23,2026-09-30,FL,Port Saint Lucie,,,,,431-nw-biltmore-st-34983-93516
2026-09-30,INVH,Tampa,"751 NW Riverside Dr, Port Saint Lucie, FL, 34983",Tampa,INVH-751-nw-riverside-dr-34983-120393,4,2.0,1791,2595.0,2026-09-30,19 months,False,,,,,,,,https://www.invitationhomes.com/houses-for-rent/751-nw-riverside-dr-34983-120393,2026-07-19,2026-09-30,FL,Port Saint Lucie,,,,,751-nw-riverside-dr-34983-120393
2026-09-30,INVH,Tampa,"3809 SW Wycoff Street, Port Saint Lucie, FL, 34953",Tampa,INVH-3809-sw-wycoff-street-34953-86318,4,2.0,1900,2595.0,2026-09-30,19 months,False,,,,,,,,https://www.invitationhomes.com/houses-for-rent/3809-sw-wycoff-street-34953-86318,2026-08-23,2026-09-30,FL,Port Saint Lucie,,,,,3809-sw-wycoff-street-34953-86318
2026-09-30,INVH,Tampa,"2356 SE Harrington Ave, Port Saint Lucie, FL, 34952",Tampa,INVH-2356-se-harrington-ave-34952-2014,3,2.0,1986,2695.0,2026-11-07,19 months,False,,,,,,,,https://www.invitationhomes.com/houses-for-rent/2356-se-harrington-ave-34952-2014,2026-09-30,2026-09-30,FL,Port Saint Lucie,,,,,2356-se-harrington-ave-34952-2014
2026-09-30,INVH,Tampa,"2219 SE Mariposa Ave, Port Saint Lucie, FL, 34952",Tampa,INVH-2219-se-mariposa-ave-34952-91762,4,2.0,1809,2825.0,2026-09-30,19 months,False,,,,,,,,https://www.invitationhomes.com/houses-for-rent/2219-se-mariposa-ave-34952-91762,2026-09-21,2026-09-30,FL,Port Saint Lucie,,,,,2219-se-mariposa-ave-34952-91762
2026-09-30,INVH,Tampa,"2057 SE Parrot St, Port Saint Lucie, FL, 34952",Tampa,INVH-2057-se-parrot-st-34952-3903,3,2.0,1995,2730.0,2026-09-30,19 months,False,,,,,,,,https://www.invitationhomes.com/houses-for-rent/2057-se-parrot-st-34952-3903,2026-09-03,2026-09-30,FL,Port Saint Lucie,,,,,2057-se-parrot-st-34952-3903
2026-09-30,INVH,Tampa,"2496 SE Sapelo Ave, Port Saint Lucie, FL, 34952",Tampa,INVH-2496-se-sapelo-ave-34952-91477,4,2.0,1809,2630.0,2026-11-11,19 months,False,,,,,,,,https://www.invitationhomes.com/houses-for-rent/2496-se-sapelo-ave-34952-91477,2026-09-30,2026-09-30,FL,Port Saint Lucie,,,,,2496-se-sapelo-ave-34952-91477
2026-09-30,INVH,Tampa,"842 SE Damask Ave, Port Saint Lucie, FL, 34983",Tampa,INVH-842-se-damask-ave-34983-4027,3,2.0,1814,2765.0,2026-09-30,19 months,False,,,,,,,,https://www.invitationhomes.com/houses-for-rent/842-se-damask-ave-34983-4027,2026-09-03,2026-09-30,FL,Port Saint Lucie,,,,,842-se-damask-ave-34983-4027
2026-09-30,INVH,Tampa,"167 Carol Susan Ln, Fort Pierce, FL, 34982",Tampa,INVH-167-carol-susan-lane-34982-114794,3,2.5,1335,1999.0,2026-09-30,24 months,False,,,,,,,,https://www.invitationhomes.com/houses-for-rent/167-carol-susan-lane-34982-114794,2026-08-02,2026-09-30,FL,Fort Pierce,,,,,167-carol-susan-lane-34982-114794
2026-09-30,INVH,Tampa,"170 Carol Susan Ln, Fort Pierce, FL, 34982",Tampa,INVH-170-carol-susan-lane-34982-114797,3,2.5,1335,1999.0,2026-09-30,24 months,False,,,,,,,,https://www.invitationhomes.com/houses-for-rent/170-carol-susan-lane-34982-114797,2026-08-10,2026-09-30,FL,Fort Pierce,,,,,170-carol-susan-lane-34982-114797
2026-09-30,INVH,Tampa,"536 Big Sioux Ct, Poinciana, FL, 34759",Tampa,INVH-536-big-sioux-ct-poinciana-fl-34759,5,3.0,2550,2245.0,2026-11-10,19 months,False,,,,,,,,https://www.invitationhomes.com/houses-for-rent/536-big-sioux-ct-poinciana-fl-34759,2026-06-14,2026-09-30,FL,Poinciana,,,,,536-big-sioux-ct-poinciana-fl-34759
2026-09-30,INVH,Tampa,"1951 Michigan Dr, Poinciana, FL, 34759",Tampa,INVH-1951-michigan-dr-34759-125572,4,2.0,1562,2449.0,2026-09-30,21 months,False,,,,,,,,https://www.invitationhomes.com/houses-for-rent/1951-michigan-dr-34759-125572,2026-09-30,2026-09-30,FL,Poinciana,,,,,1951-michigan-dr-34759-125572
2026-09-30,INVH,Tampa,"1809 Don Way, Poinciana, FL, 34759",Tampa,INVH-1809-don-way-34759-6997,4,2.0,2042,2080.0,2026-10-02,21 months,False,,,,,,,,https://www.invitationhomes.com/houses-for-rent/1809-don-way-34759-6997,2026-09-06,2026-09-30,FL,Poinciana,,,,,1809-don-way-34759-6997
2026-09-30,INVH,Orlando,"404 Danube Way, Kissimmee, FL, 34759",Orlando,INVH-404-danube-way-34759-9036,4,2.5,2215,2045.0,2026-10-02,21 months,False,,,,,,,,https://www.invitationhomes.com/houses-for-rent/404-danube-way-34759-9036,2026-09-30,2026-09-30,FL,Kissimmee,,,,,404-danube-way-34759-9036
2026-09-30,INVH,Orlando,"21 Sawfish Ct, Kissimmee, FL, 34759",Orlando,INVH-21-sawfish-ct-34759-102918,3,2.0,1839,1970.0,2026-10-02,21 months,False,,,,,,,,https://www.invitationhomes.com/houses-for-rent/21-sawfish-ct-34759-102918,2026-09-30,2026-09-30,FL,Kissimmee,,,,,21-sawfish-ct-34759-102918
2026-09-30,INVH,Tampa,"422 Flamingo Ct, Poinciana, FL, 34759",Tampa,INVH-422-flamingo-ct-34759-3990,3,2.0,1338,1445.0,2026-09-30,21 months,False,,,,,,,,https://www.invitationhomes.com/houses-for-rent/422-flamingo-ct-34759-3990,2026-07-19,2026-09-30,FL,Poinciana,,,,,422-flamingo-ct-34759-3990
2026-09-30,INVH,Tampa,"515 Eagle Ct, Poinciana, FL, 34759",Tampa,INVH-515-eagle-ct-34759-2317,4,2.0,1883,1645.0,2026-09-30,21 months,False,,,,,,,,https://www.invitationhomes.com/houses-for-rent/515-eagle-ct-34759-2317,2026-06-09,2026-09-30,FL,Poinciana,,,,,515-eagle-ct-34759-2317
2026-09-30,INVH,Tampa,"703 Martin Ln, Poinciana, FL, 34759",Tampa,INVH-703-martin-ln-34759-7702,3,2.0,1279,1545.0,2026-09-30,21 months,False,,,,,,,,https://www.invitationhomes.com/houses-for-rent/703-martin-ln-34759-7702,2026-07-19,2026-09-30,FL,Poinciana,,,,,703-martin-ln-34759-7702
2026-09-30,INVH,Orlando,"711 Hawk Ln, Kissimmee, FL, 34759",Orlando,INVH-711-hawk-ln-34759-2685,3,2.0,1000,1475.0,2026-09-30,21 months,False,,,,,,,,https://www.invitationhomes.com/houses-for-rent/711-hawk-ln-34759-2685,2026-08-10,2026-09-30,FL,Kissimmee,,,,,711-hawk-ln-34759-2685
2026-09-30,INVH,Tampa,"670 Koala Ct, Poinciana, FL, 34759",Tampa,INVH-670-koala-ct-34759-102744,3,2.0,1408,1960.0,2026-10-15,24 months,False,,,,,,,,https://www.invitationhomes.com/houses-for-rent/670-koala-ct-34759-102744,2026-09-30,2026-09-30,FL,Poinciana,,,,,670-koala-ct-34759-102744
2026-09-30,INVH,Tampa,"610 Fisher Ct, Poinciana, FL, 34759",Tampa,INVH-610-fisher-ct-34759-5767,3,2.0,1630,1699.0,2026-09-30,22 months,False,,,,,,,,https://www.invitationhomes.com/houses-for-rent/610-fisher-ct-34759-5767,2026-08-16,2026-09-30,FL,Poinciana,,,,,610-fisher-ct-34759-5767
2026-09-30,INVH,Orlando,"714 Hamster Ct, Kissimmee, FL, 34759",Orlando,INVH-714-hamster-ct-kissimmee-fl-34759,3,2.0,1117,1570.0,2026-09-30,21 months,False,,,,,,,,https://www.invitationhomes.com/houses-for-rent/714-hamster-ct-kissimmee-fl-34759,2026-08-02,2026-09-30,FL,Kissimmee,,,,,714-hamster-ct-kissimmee-fl-34759
2026-09-30,INVH,Orlando,"713 Pasteur Ln, Kissimmee, FL, 34759",Orlando,INVH-713-pasteur-ln-kissimmee-fl-34759,4,3.0,2456,2245.0,2026-10-17,19 months,False,,,,,,,,https://www.invitationhomes.com/houses-for-rent/713-pasteur-ln-kissimmee-fl-34759,2026-09-21,2026-09-30,FL,Kissimmee,,,,,713-pasteur-ln-kissimmee-fl-34759
2026-09-30,INVH,Orlando,"1101 Roan Ct, Kissimmee, FL, 34759",Orlando,INVH-1101-roan-ct-kissimmee-fl-34759,3,2.0,1325,1690.0,2026-11-10,21 months,False,,,,,,,,https://www.invitationhomes.com/houses-for-rent/1101-roan-ct-kissimmee-fl-34759,2026-09-30,2026-09-30,FL,Kissimmee,,,,,1101-roan-ct-kissimmee-fl-34759
2026-09-30,INVH,Orlando,"727 Versailles Ln, Kissimmee, FL, 34759",Orlando,INVH-727-versailles-ln-kissimmee-fl-34759,4,2.0,1768,1799.0,2026-09-30,21 months,False,,,,,,,,https://www.invitationhomes.com/houses-for-rent/727-versailles-ln-kissimmee-fl-34759,2026-08-10,2026-09-30,FL,Kissimmee,,,,,727-versailles-ln-kissimmee-fl-34759
2026-09-30,INVH,Orlando,"408 Martigues Dr, Kissimmee, FL, 34759",Orlando,INVH-408-martigues-dr-34759-102723,4,2.0,1750,2045.0,2026-10-17,19 months,False,,,,,,,,https://www.invitationhomes.com/houses-for-rent/408-martigues-dr-34759-102723,2026-09-03,2026-09-30,FL,Kissimmee,,,,,408-martigues-dr-34759-102723
2026-09-30,INVH,Tampa,"700 Carlyle Way, Fort Pierce, FL, 34947",Tampa,INVH-700-carlyle-way-34947-121430,4,2.0,1824,2645.0,2026-09-30,19 months,False,,,,,,,,https://www.invitationhomes.com/houses-for-rent/700-carlyle-way-34947-121430,2026-08-16,2026-09-30,FL,Fort Pierce,,,,,700-carlyle-way-34947-121430
2026-09-30,INVH,Tampa,"755 Carlyle Way, Fort Pierce, FL, 34947",Tampa,INVH-755-carlyle-way-34947-121190,5,2.5,2326,2695.0,2026-09-30,19 months,False,,,,,,,,https://www.invitationhomes.com/houses-for-rent/755-carlyle-way-34947-121190,2026-06-09,2026-09-30,FL,Fort Pierce,,,,,755-carlyle-way-34947-121190
2026-09-30,INVH,Tampa,"747 Carlyle Way, Fort Pierce, FL, 34947",Tampa,INVH-747-carlyle-way-34947-121191,5,2.5,2326,2645.0,2026-09-30,19 months,False,,,,,,,,https://www.invitationhomes.com/houses-for-rent/747-carlyle-way-34947-121191,2026-06-14,2026-09-30,FL,Fort Pierce,,,,,747-carlyle-way-34947-121191
2026-09-30,INVH,Tampa,"714 Carlyle Way, Fort Pierce, FL, 34947",Tampa,INVH-714-carlyle-way-34947-121432,5,2.0,2326,2645.0,2026-09-30,19 months,False,,,,,,,,https://www.invitationhomes.com/houses-for-rent/714-carlyle-way-34947-121432,2026-07-19,2026-09-30,FL,Fort Pierce,,,,,714-carlyle-way-34947-121432
2026-09-30,INVH,Tampa,"1218 Preston Estates Cir, Vero Beach, FL, 32960",Tampa,INVH-1218-preston-estates-cir-32960-118689,2,2.5,1424,2075.0,2026-09-30,24 months,False,,,,,,,,https://www.invitationhomes.com/houses-for-rent/1218-preston-estates-cir-32960-118689,2026-08-02,2026-09-30,FL,Vero Beach,,,,,1218-preston-estates-cir-32960-118689
2026-09-30,INVH,Tampa,"1224 Preston Estates Cir, Vero Beach, FL, 32960",Tampa,INVH-1224-preston-estates-cir-32960-118686,2,2.0,1303,1949.0,2026-09-30,24 months,False,,,,,,,,https://www.invitationhomes.com/houses-for-rent/1224-preston-estates-cir-32960-118686,2026-06-09,2026-09-30,FL,Vero Beach,,,,,1224-preston-estates-cir-32960-118686
2026-09-30,INVH,Tampa,"1228 Preston Estates Cir, Vero Beach, FL, 32960",Tampa,INVH-1228-preston-estates-cir-32960-118684,2,2.5,1424,2125.0,2026-10-25,24 months,False,,,,,,,,https://www.invitationhomes.com/houses-for-rent/1228-preston-estates-cir-32960-118684,2026-09-12,2026-09-30,FL,Vero Beach,,,,,1228-preston-estates-cir-32960-118684
2026-09-30,INVH,Tampa,"1251 Preston Estates Cir, Vero Beach, FL, 32960",Tampa,INVH-1251-preston-estates-cir-32960-118711,2,2.5,1424,2125.0,2026-10-15,24 months,False,,,,,,,,https://www.invitationhomes.com/houses-for-rent/1251-preston-estates-cir-32960-118711,2026-09-03,2026-09-30,FL,Vero Beach,,,,,1251-preston-estates-cir-32960-118711
2026-09-30,INVH,Tampa,"2140 O'Connel Ave SW, Palm Bay, FL, 32908",Tampa,INVH-2140-oconnel-ave-sw-32908-114883,4,2.0,1791,2095.0,2026-09-30,21 months,False,,,,,,,,https://www.invitationhomes.com/houses-for-rent/2140-oconnel-ave-sw-32908-114883,2026-08-10,2026-09-30,FL,Palm Bay,,,,,2140-oconnel-ave-sw-32908-114883
2026-09-30,INVH,Tampa,"475 Olney St SW, Palm Bay, FL, 32908",Tampa,INVH-475-olney-st-sw-32908-114444,4,2.0,1791,2185.0,2026-10-17,19 months,False,,,,,,,,https://www.invitationhomes.com/houses-for-rent/475-olney-st-sw-32908-114444,2026-09-09,2026-09-30,FL,Palm Bay,,,,,475-olney-st-sw-32908-114444
2026-09-30,INVH,Tampa,"451 Hammond St SW, Palm Bay, FL, 32908",Tampa,INVH-451-hammond-st-sw-32908-119385,4,2.0,1791,2225.0,2026-11-09,19 months,False,,,,,,,,https://www.invitationhomes.com/houses-for-rent/451-hammond-st-sw-32908-119385,2026-09-30,2026-09-30,FL,Palm Bay,,,,,451-hammond-st-sw-32908-119385
2026-09-30,INVH,Tampa,"338 Hammonton St SW, Palm Bay, FL, 32908",Tampa,INVH-338-hammonton-st-sw-32908-93581,4,2.0,1809,2260.0,2026-10-17,19 months,False,,,,,,,,https://www.invitationhomes.com/houses-for-rent/338-hammonton-st-sw-32908-93581,2026-09-03,2026-09-30,FL,Palm Bay,,,,,338-hammonton-st-sw-32908-93581
2026-09-30,INVH,Tampa,"1235 Ragen Rd SE, Palm Bay, FL, 32909",Tampa,INVH-1235-ragen-rd-se-32909-5695,3,2.5,2395,2185.0,2026-09-30,19 months,False,,,,,,,,https://www.invitationhomes.com/houses-for-rent/1235-ragen-rd-se-32909-5695,2026-08-23,2026-09-30,FL,Palm Bay,,,,,1235-ragen-rd-se-32909-5695
2026-09-30,INVH,Tampa,"1496 Diablo Cir SW, Palm Bay, FL, 32908",Tampa,INVH-1496-diablo-cir-sw-32907-118568,4,2.5,1873,2249.0,2026-10-20,24 months,False,,,,,,,,https://www.invitationhomes.com/houses-for-rent/1496-diablo-cir-sw-32907-118568,2026-09-03,2026-09-30,FL,Palm Bay,,,,,1496-diablo-cir-sw-32907-118568
2026-09-30,INVH,Tampa,"1520 Diablo Cir SW, Palm Bay, FL, 32908",Tampa,INVH-1520-diablo-cir-sw-32907-118566,4,2.5,1873,2249.0,2026-10-05,24 months,False,,,,,,,,https://www.invitationhomes.com/houses-for-rent/1520-diablo-cir-sw-32907-118566,2026-09-30,2026-09-30,FL,Palm Bay,,,,,1520-diablo-cir-sw-32907-118566
2026-09-30,INVH,Tampa,"1515 Diablo Cir SW, Palm Bay, FL, 32908",Tampa,INVH-1515-diablo-cir-sw-32907-118541,3,2.0,1448,1899.0,2026-09-30,24 months,False,,,,,,,,https://www.invitationhomes.com/houses-for-rent/1515-diablo-cir-sw-32907-118541,2026-07-19,2026-09-30,FL,Palm Bay,,,,,1515-diablo-cir-sw-32907-118541
2026-09-30,INVH,Tampa,"1715 Diablo Cir SW, Melbourne, FL, 32908",Tampa,INVH-1715-diablo-cir-sw-32907-118522,5,3.0,2587,2899.0,2026-10-05,24 months,False,,,,,,,,https://www.invitationhomes.com/houses-for-rent/1715-diablo-cir-sw-32907-118522,2026-09-21,2026-09-30,FL,Melbourne,,,,,1715-diablo-cir-sw-32907-118522
2026-09-30,INVH,Tampa,"1786 Hydrangea Rd NW, Palm Bay, FL, 32907",Tampa,INVH-1786-hydrangea-rd-nw-32907-4122,3,2.0,1202,1595.0,2026-09-30,21 months,False,,,,,,,,https://www.invitationhomes.com/houses-for-rent/1786-hydrangea-rd-nw-32907-4122,2026-07-19,2026-09-30,FL,Palm Bay,,,,,1786-hydrangea-rd-nw-32907-4122
2026-09-30,INVH,Tampa,"412 Commodore Ave NW, Palm Bay, FL, 32907",Tampa,INVH-412-commodore-ave-nw-palm-bay-fl-32907,3,2.0,2364,2299.0,2026-09-30,21 months,False,,,,,,,,https://www.invitationhomes.com/houses-for-rent/412-commodore-ave-nw-palm-bay-fl-32907,2026-08-23,2026-09-30,FL,Palm Bay,,,,,412-commodore-ave-nw-palm-bay-fl-32907
2026-09-30,INVH,Tampa,"1646 Heartwellville St NW, Palm Bay, FL, 32907",Tampa,INVH-1646-heartwellville-st-nw-32907-1599,3,2.0,1126,1749.0,2026-10-09,21 months,False,,,,,,,,https://www.invitationhomes.com/houses-for-rent/1646-heartwellville-st-nw-32907-1599,2026-07-19,2026-09-30,FL,Palm Bay,,,,,1646-heartwellville-st-nw-32907-1599
2026-09-30,INVH,Tampa,"1830 Parrsboro St NW, Palm Bay, FL, 32907",Tampa,INVH-1830-parrsboro-st-nw-palm-bay-fl-32907,4,3.0,2267,2195.0,2026-10-17,19 months,False,,,,,,,,https://www.invitationhomes.com/houses-for-rent/1830-parrsboro-st-nw-palm-bay-fl-32907,2026-09-03,2026-09-30,FL,Palm Bay,,,,,1830-parrsboro-st-nw-palm-bay-fl-32907
2026-09-30,INVH,Tampa,"410 Truman St SW, Palm Bay, FL, 32908",Tampa,INVH-410-truman-st-sw-32908-8158,3,2.0,1932,2095.0,2026-10-13,21 months,False,,,,,,,,https://www.invitationhomes.com/houses-for-rent/410-truman-st-sw-32908-8158,2026-09-03,2026-09-30,FL,Palm Bay,,,,,410-truman-st-sw-32908-8158
2026-09-30,INVH,Tampa,"799 Everglade Ave SE, Palm Bay, FL, 32909",Tampa,INVH-799-everglade-ave-se-32909-94191,4,2.0,1809,2195.0,2026-09-30,19 months,False,,,,,,,,https://www.invitationhomes.com/houses-for-rent/799-everglade-ave-se-32909-94191,2026-08-02,2026-09-30,FL,Palm Bay,,,,,799-everglade-ave-se-32909-94191
2026-09-30,INVH,Tampa,"1531 Shamrock Ave SE, Palm Bay, FL, 32909",Tampa,INVH-1531-shamrock-ave-se-32909-93535,4,2.0,1809,2190.0,2026-09-30,19 months,False,,,,,,,,https://www.invitationhomes.com/houses-for-rent/1531-shamrock-ave-se-32909-93535,2026-09-03,2026-09-30,FL,Palm Bay,,,,,1531-shamrock-ave-se-32909-93535
2026-09-30,INVH,Tampa,"1640 Paragon Rd SE, Palm Bay, FL, 32909",Tampa,INVH-1640-paragon-rd-se-32909-7650,3,2.0,1204,1745.0,2026-11-06,21 months,False,,,,,,,,https://www.invitationhomes.com/houses-for-rent/1640-paragon-rd-se-32909-7650,2026-09-30,2026-09-30,FL,Palm Bay,,,,,1640-paragon-rd-se-32909-7650
2026-09-30,INVH,Tampa,"370 Epping Ct NE, Palm Bay, FL, 32907",Tampa,INVH-370-epping-ct-ne-32907-3354,3,2.0,1176,1745.0,2026-11-04,21 months,False,,,,,,,,https://www.invitationhomes.com/houses-for-rent/370-epping-ct-ne-32907-3354,2026-09-21,2026-09-30,FL,Palm Bay,,,,,370-epping-ct-ne-32907-3354
2026-09-30,INVH,Tampa,"1796 Barker St NE, Palm Bay, FL, 32907",Tampa,INVH-1796-barker-st-ne-palm-bay-fl-32907,3,2.0,1945,2195.0,2026-09-30,19 months,False,,,,,,,,https://www.invitationhomes.com/houses-for-rent/1796-barker-st-ne-palm-bay-fl-32907,2026-08-23,2026-09-30,FL,Palm Bay,,,,,1796-barker-st-ne-palm-bay-fl-32907
2026-09-30,INVH,Tampa,"1856 Edith St NE, Palm Bay, FL, 32907",Tampa,INVH-1856-edith-st-ne-32907-1727,3,2.0,1384,1649.0,2026-09-30,22 months,False,,,,,,,,https://www.invitationhomes.com/houses-for-rent/1856-edith-st-ne-32907-1727,2026-08-02,2026-09-30,FL,Palm Bay,,,,,1856-edith-st-ne-32907-1727
2026-09-30,INVH,Tampa,"1566 Litchfield Dr, Melbourne, FL, 32904",Tampa,INVH-1566-litchfield-dr-melbourne-fl-32904,3,2.0,1762,2275.0,2026-11-10,19 months,False,,,,,,,,https://www.invitationhomes.com/houses-for-rent/1566-litchfield-dr-melbourne-fl-32904,2026-09-30,2026-09-30,FL,Melbourne,,,,,1566-litchfield-dr-melbourne-fl-32904
2026-09-30,INVH,Tampa,"2492 Glasbern Cir, Melbourne, FL, 32904",Tampa,INVH-2492-glasbern-cir-melbourne-fl-32904,3,2.0,1508,1985.0,2026-11-10,21 months,False,,,,,,,,https://www.invitationhomes.com/houses-for-rent/2492-glasbern-cir-melbourne-fl-32904,2026-09-30,2026-09-30,FL,Melbourne,,,,,2492-glasbern-cir-melbourne-fl-32904
2026-09-30,INVH,Tampa,"745 Sedgewood Cir, Melbourne, FL, 32904",Tampa,INVH-745-sedgewood-cir-32904-5291,3,2.0,1912,2445.0,2026-10-06,19 months,False,,,,,,,,https://www.invitationhomes.com/houses-for-rent/745-sedgewood-cir-32904-5291,2026-09-03,2026-09-30,FL,Melbourne,,,,,745-sedgewood-cir-32904-5291
2026-09-30,INVH,Tampa,"952 Hailey St, West Melbourne, FL, 32904",Tampa,INVH-952-hailey-st-32904-5562,3,2.0,1533,2095.0,2026-11-07,21 months,False,,,,,,,,https://www.invitationhomes.com/houses-for-rent/952-hailey-st-32904-5562,2026-09-30,2026-09-30,FL,West Melbourne,,,,,952-hailey-st-32904-5562
2026-09-30,INVH,Tampa,"4505 Pagosa Springs Cir, Melbourne, FL, 32901",Tampa,INVH-4505-pagosa-springs-cir-32901-90329,3,2.0,1772,2410.0,2026-10-31,19 months,False,,,,,,,,https://www.invitationhomes.com/houses-for-rent/4505-pagosa-springs-cir-32901-90329,2026-09-21,2026-09-30,FL,Melbourne,,,,,4505-pagosa-springs-cir-32901-90329
2026-09-30,INVH,Tampa,"4122 Collinwood Dr, Melbourne, FL, 32901",Tampa,INVH-4122-collinwood-dr-32901-2373,3,2.0,1706,2095.0,2026-10-24,21 months,False,,,,,,,,https://www.invitationhomes.com/houses-for-rent/4122-collinwood-dr-32901-2373,2026-09-03,2026-09-30,FL,Melbourne,,,,,4122-collinwood-dr-32901-2373
2026-09-30,INVH,Tampa,"2744 Corbusier Dr, Melbourne, FL, 32935",Tampa,INVH-2744-corbusier-dr-32935-7077,3,2.0,1188,1980.0,2026-10-07,21 months,False,,,,,,,,https://www.invitationhomes.com/houses-for-rent/2744-corbusier-dr-32935-7077,2026-09-03,2026-09-30,FL,Melbourne,,,,,2744-corbusier-dr-32935-7077
2026-09-30,INVH,Tampa,"3172 Turtle Cv, West Palm Beach, FL, 33411",Tampa,INVH-3172-turtle-cv-33411-4548,4,2.5,2782,3195.0,2026-11-11,19 months,False,,,,,,,,https://www.invitationhomes.com/houses-for-rent/3172-turtle-cv-33411-4548,2026-09-30,2026-09-30,FL,West Palm Beach,,,,,3172-turtle-cv-33411-4548
2026-09-30,INVH,Tampa,"6114 Whalton St, West Palm Beach, FL, 33411",Tampa,INVH-6114-whalton-st-west-palm-beach-fl-33411,3,2.5,1595,2535.0,2026-09-30,19 months,False,,,,,,,,https://www.invitationhomes.com/houses-for-rent/6114-whalton-st-west-palm-beach-fl-33411,2026-08-02,2026-09-30,FL,West Palm Beach,,,,,6114-whalton-st-west-palm-beach-fl-33411
2026-09-30,INVH,Tampa,"6152 Eaton St, West Palm Beach, FL, 33411",Tampa,INVH-6152-eaton-st-west-palm-beach-fl-33411,2,2.5,1274,2349.0,2026-11-10,19 months,False,,,,,,,,https://www.invitationhomes.com/houses-for-rent/6152-eaton-st-west-palm-beach-fl-33411,2026-09-30,2026-09-30,FL,West Palm Beach,,,,,6152-eaton-st-west-palm-beach-fl-33411
2026-09-30,INVH,Tampa,"4238 Lake Tahoe Cir, West Palm Beach, FL, 33409",Tampa,INVH-4238-lake-tahoe-cir-west-palm-beach-fl-33409,4,3.0,1979,3160.0,2026-09-30,19 months,False,,,,,,,,https://www.invitationhomes.com/houses-for-rent/4238-lake-tahoe-cir-west-palm-beach-fl-33409,2026-08-02,2026-09-30,FL,West Palm Beach,,,,,4238-lake-tahoe-cir-west-palm-beach-fl-33409
2026-09-30,INVH,Tampa,"707 40Th St, Palm Beach, FL, 33407",Tampa,INVH-707-40th-st-33407-103331,3,2.0,850,2195.0,2026-09-30,18 months,False,,,,,,,,https://www.invitationhomes.com/houses-for-rent/707-40th-st-33407-103331,2026-07-19,2026-09-30,FL,Palm Beach,,,,,707-40th-st-33407-103331
2026-09-30,INVH,Tampa,"355 Prestwick Cir Apt 3, Palm Beach Gardens, FL, 33418",Tampa,INVH-355-prestwick-cir-apt-3-palm-beach-gardens-fl-33418,2,3.0,1532,3140.0,2026-10-02,19 months,False,,,,,,,,https://www.invitationhomes.com/houses-for-rent/355-prestwick-cir-apt-3-palm-beach-gardens-fl-33418,2026-07-19,2026-09-30,FL,Palm Beach Gardens,,,,,355-prestwick-cir-apt-3-palm-beach-gardens-fl-33418
2026-09-30,INVH,Tampa,"427 Brackenwood Ln N, Palm Beach Gardens, FL, 33418",Tampa,INVH-427-brackenwood-ln-n-palm-beach-gardens-fl-33418,2,2.0,1180,2275.0,2026-09-30,18 months,False,,,,,,,,https://www.invitationhomes.com/houses-for-rent/427-brackenwood-ln-n-palm-beach-gardens-fl-33418,2026-08-10,2026-09-30,FL,Palm Beach Gardens,,,,,427-brackenwood-ln-n-palm-beach-gardens-fl-33418
2026-09-30,INVH,Tampa,"746 Eagle Way, North Palm Beach, FL, 33408",Tampa,INVH-746-eagle-way-33408-1760,3,2.0,1480,2775.0,2026-09-30,19 months,False,,,,,,,,https://www.invitationhomes.com/houses-for-rent/746-eagle-way-33408-1760,2026-08-02,2026-09-30,FL,North Palm Beach,,,,,746-eagle-way-33408-1760
2026-09-30,INVH,Tampa,"3721 Atlantic Rd, Palm Beach Gardens, FL, 33410",Tampa,INVH-3721-atlantic-rd-33410-3410,3,1.0,1248,2995.0,2026-11-14,19 months,False,,,,,,,,https://www.invitationhomes.com/houses-for-rent/3721-atlantic-rd-33410-3410,2026-09-30,2026-09-30,FL,Palm Beach Gardens,,,,,3721-atlantic-rd-33410-3410
2026-09-30,INVH,Tampa,"2528 La Cristal Cir, West Palm Beach, FL, 33410",Tampa,INVH-2528-la-cristal-cir-west-palm-beach-fl-33410,3,2.0,1729,3995.0,2026-10-14,19 months,False,,,,,,,,https://www.invitationhomes.com/houses-for-rent/2528-la-cristal-cir-west-palm-beach-fl-33410,2026-09-30,2026-09-30,FL,West Palm Beach,,,,,2528-la-cristal-cir-west-palm-beach-fl-33410
2026-09-30,INVH,Tampa,"804 University Blvd, Jupiter, FL, 33458",Tampa,INVH-804-university-blvd-jupiter-fl-33458,3,3.0,1853,3295.0,2026-10-26,19 months,False,,,,,,,,https://www.invitationhomes.com/houses-for-rent/804-university-blvd-jupiter-fl-33458,2026-09-12,2026-09-30,FL,Jupiter,,,,,804-university-blvd-jupiter-fl-33458
2026-09-30,INVH,Tampa,"6309 Lauderdale St, Jupiter, FL, 33458",Tampa,INVH-6309-lauderdale-st-jupiter-fl-33458,3,2.0,1400,3349.0,2026-11-05,19 months,False,,,,,,,,https://www.invitationhomes.com/houses-for-rent/6309-lauderdale-st-jupiter-fl-33458,2026-09-30,2026-09-30,FL,Jupiter,,,,,6309-lauderdale-st-jupiter-fl-33458
2026-09-30,INVH,Tampa,"4119 Parkside Dr, Jupiter, FL, 33458",Tampa,INVH-4119-parkside-dr-jupiter-fl-33458,3,2.2,1908,3325.0,2026-09-30,19 months,False,,,,,,,,https://www.invitationhomes.com/houses-for-rent/4119-parkside-dr-jupiter-fl-33458,2026-09-03,2026-09-30,FL,Jupiter,,,,,4119-parkside-dr-jupiter-fl-33458
2026-09-30,INVH,Tampa,"161 Cat Rock Ln, Jupiter, FL, 33458",Tampa,INVH-161-cat-rock-ln-jupiter-fl-33458,3,2.2,1760,3135.0,2026-09-30,19 months,False,,,,,,,,https://www.invitationhomes.com/houses-for-rent/161-cat-rock-ln-jupiter-fl-33458,2026-04-20,2026-09-30,FL,Jupiter,,,,,161-cat-rock-ln-jupiter-fl-33458
2026-09-30,INVH,Tampa,"145 Galicia Way Apt 203, Jupiter, FL, 33458",Tampa,INVH-145-galicia-way-apt-203-jupiter-fl-33458,2,2.5,1344,2630.0,2026-10-15,19 months,False,,,,,,,,https://www.invitationhomes.com/houses-for-rent/145-galicia-way-apt-203-jupiter-fl-33458,2026-09-03,2026-09-30,FL,Jupiter,,,,,145-galicia-way-apt-203-jupiter-fl-33458
2026-09-30,INVH,Tampa,"420 Philadelphia Dr, Jupiter, FL, 33458",Tampa,INVH-420-philadelphia-dr-33458-5508,3,2.0,1754,3695.0,2026-10-09,19 months,False,,,,,,,,https://www.invitationhomes.com/houses-for-rent/420-philadelphia-dr-33458-5508,2026-09-30,2026-09-30,FL,Jupiter,,,,,420-philadelphia-dr-33458-5508
2026-09-30,INVH,Southern California,"1944 Pericles Pl, Oxnard, CA, 93033",Southern California,INVH-1944-pericles-pl-93033-7106,3,2.0,1120,3245.0,2026-10-28,12 months,False,,,,,,,,https://www.invitationhomes.com/houses-for-rent/1944-pericles-pl-93033-7106,2026-09-30,2026-09-30,CA,Oxnard,,,,,1944-pericles-pl-93033-7106
2026-09-30,INVH,Southern California,"3188 Darlington Dr, Thousand Oaks, CA, 91360",Southern California,INVH-3188-darlington-dr-thousand-oaks-ca-91360,3,2.0,1688,4745.0,2026-10-26,12 months,False,,,,,,,,https://www.invitationhomes.com/houses-for-rent/3188-darlington-dr-thousand-oaks-ca-91360,2026-09-30,2026-09-30,CA,Thousand Oaks,,,,,3188-darlington-dr-thousand-oaks-ca-91360
2026-09-30,INVH,Southern California,"415 Mallard St, Fillmore, CA, 93015",Southern California,INVH-415-mallard-st-93015-4653,3,2.5,1763,4145.0,2026-10-19,12 months,False,,,,,,,,https://www.invitationhomes.com/houses-for-rent/415-mallard-st-93015-4653,2026-09-21,2026-09-30,CA,Fillmore,,,,,415-mallard-st-93015-4653
2026-09-30,INVH,Southern California,"2403 W 129th St, Gardena, CA, 90249",Southern California,INVH-2403-w-129th-st-90249-2964,3,2.0,2051,4345.0,2026-09-30,12 months,False,,,,,,,,https://www.invitationhomes.com/houses-for-rent/2403-w-129th-st-90249-2964,2026-08-02,2026-09-30,CA,Gardena,,,,,2403-w-129th-st-90249-2964
2026-09-30,INVH,Southern California,"3524 Baltic Ave, Long Beach, CA, 90810",Southern California,INVH-3524-baltic-ave-long-beach-ca-90810,3,2.0,1585,3995.0,2026-09-30,12 months,False,,,,,,,,https://www.invitationhomes.com/houses-for-rent/3524-baltic-ave-long-beach-ca-90810,2026-09-03,2026-09-30,CA,Long Beach,,,,,3524-baltic-ave-long-beach-ca-90810
2026-09-30,INVH,Southern California,"1221 E Roosevelt Rd, Long Beach, CA, 90807",Southern California,INVH-1221-e-roosevelt-rd-90807-2536,3,2.0,1712,4420.0,2026-09-30,12 months,False,,,,,,,,https://www.invitationhomes.com/houses-for-rent/1221-e-roosevelt-rd-90807-2536,2026-09-12,2026-09-30,CA,Long Beach,,,,,1221-e-roosevelt-rd-90807-2536
2026-09-30,INVH,Southern California,"324 E 184th St, Carson, CA, 90746",Southern California,INVH-324-e-184th-st-90746-8919,3,1.0,986,3475.0,2026-10-30,12 months,False,,,,,,,,https://www.invitationhomes.com/houses-for-rent/324-e-184th-st-90746-8919,2026-09-30,2026-09-30,CA,Carson,,,,,324-e-184th-st-90746-8919
2026-09-30,INVH,Southern California,"10307 Doty Ave, Inglewood, CA, 90303",Southern California,INVH-10307-doty-ave-90303-8749,2,1.5,1102,3365.0,2026-09-30,12 months,False,,,,,,,,https://www.invitationhomes.com/houses-for-rent/10307-doty-ave-90303-8749,2026-08-16,2026-09-30,CA,Inglewood,,,,,10307-doty-ave-90303-8749
2026-09-30,INVH,Southern California,"6046 6th Ave, Los Angeles, CA, 90043",Southern California,INVH-6046-6th-ave-los-angeles-ca-90043,2,1.0,1246,3280.0,2026-09-30,12 months,False,,,,,,,,https://www.invitationhomes.com/houses-for-rent/6046-6th-ave-los-angeles-ca-90043,2026-09-21,2026-09-30,CA,Los Angeles,,,,,6046-6th-ave-los-angeles-ca-90043
2026-09-30,INVH,Southern California,"8465 Vassar Ave, Canoga Park, CA, 91304",Southern California,INVH-8465-vassar-ave-91304-6642,3,2.0,1313,3685.0,2026-10-02,24 months,False,,,,,,,,https://www.invitationhomes.com/houses-for-rent/8465-vassar-ave-91304-6642,2026-09-12,2026-09-30,CA,Canoga Park,,,,,8465-vassar-ave-91304-6642
2026-09-30,INVH,Southern California,"18931 Ingomar St, Reseda, CA, 91335",Southern California,INVH-18931-ingomar-st-91335-7531,4,3.0,2004,4545.0,2026-09-30,12 months,False,,,,,,,,https://www.invitationhomes.com/houses-for-rent/18931-ingomar-st-91335-7531,2026-09-03,2026-09-30,CA,Reseda,,,,,18931-ingomar-st-91335-7531
2026-09-30,INVH,Southern California,"16745 Archwood St, Van Nuys, CA, 91406",Southern California,INVH-16745-archwood-st-van-nuys-ca-91406,3,2.0,1791,4249.0,2026-10-14,12 months,False,,,,,,,,https://www.invitationhomes.com/houses-for-rent/16745-archwood-st-van-nuys-ca-91406,2026-09-21,2026-09-30,CA,Van Nuys,,,,,16745-archwood-st-van-nuys-ca-91406
2026-09-30,INVH,Southern California,"17552 Cantara St, Northridge, CA, 91325",Southern California,INVH-17552-cantara-st-91325-6304,3,2.0,1498,3845.0,2026-09-30,12 months,False,,,,,,,,https://www.invitationhomes.com/houses-for-rent/17552-cantara-st-91325-6304,2026-09-03,2026-09-30,CA,Northridge,,,,,17552-cantara-st-91325-6304
2026-09-30,INVH,Southern California,"10147 Aldea Ave, Northridge, CA, 91325",Southern California,INVH-10147-aldea-ave-91325-2079,4,3.0,2198,4695.0,2026-09-30,12 months,False,,,,,,,,https://www.invitationhomes.com/houses-for-rent/10147-aldea-ave-91325-2079,2026-09-03,2026-09-30,CA,Northridge,,,,,10147-aldea-ave-91325-2079
2026-09-30,INVH,Southern California,"9700 Odessa Ave, North Hills, CA, 91343",Southern California,INVH-9700-odessa-ave-north-hills-ca-91343,3,2.0,1191,3570.0,2026-09-30,12 months,False,,,,,,,,https://www.invitationhomes.com/houses-for-rent/9700-odessa-ave-north-hills-ca-91343,2026-08-23,2026-09-30,CA,North Hills,,,,,9700-odessa-ave-north-hills-ca-91343
2026-09-30,INVH,Southern California,"16058 Jersey St, Granada Hills, CA, 91344",Southern California,INVH-16058-jersey-st-granada-hills-ca-91344,3,2.0,1620,4310.0,2026-10-15,12 months,False,,,,,,,,https://www.invitationhomes.com/houses-for-rent/16058-jersey-st-granada-hills-ca-91344,2026-09-30,2026-09-30,CA,Granada Hills,,,,,16058-jersey-st-granada-hills-ca-91344
2026-09-30,INVH,Southern California,"2725 Greenleaf Ave, Simi Valley, CA, 93063",Southern California,INVH-2725-greenleaf-ave-93063-9878,3,2.0,1444,3670.0,2026-09-30,12 months,False,,,,,,,,https://www.invitationhomes.com/houses-for-rent/2725-greenleaf-ave-93063-9878,2026-09-03,2026-09-30,CA,Simi Valley,,,,,2725-greenleaf-ave-93063-9878
2026-09-30,INVH,Southern California,"27103 Vista Delgado Dr, Santa Clarita, CA, 91354",Southern California,INVH-27103-vista-delgado-dr-valencia-ca-91354,4,2.0,1637,4025.0,2026-09-30,12 months,False,,,,,,,,https://www.invitationhomes.com/houses-for-rent/27103-vista-delgado-dr-valencia-ca-91354,2026-09-21,2026-09-30,CA,Santa Clarita,,,,,27103-vista-delgado-dr-valencia-ca-91354
2026-09-30,INVH,Southern California,"23251 Redbud Ridge Cir, Valencia, CA, 91354",Southern California,INVH-23251-redbud-ridge-cir-valencia-ca-91354,5,3.0,2141,4060.0,2026-09-30,12 months,False,,,,,,,,https://www.invitationhomes.com/houses-for-rent/23251-redbud-ridge-cir-valencia-ca-91354,2026-09-03,2026-09-30,CA,Valencia,,,,,23251-redbud-ridge-cir-valencia-ca-91354
2026-09-30,INVH,Southern California,"20932 Shine Dr, Saugus, CA, 91350",Southern California,INVH-20932-shine-dr-saugus-ca-91350,3,2.0,1527,3875.0,2026-10-07,12 months,False,,,,,,,,https://www.invitationhomes.com/houses-for-rent/20932-shine-dr-saugus-ca-91350,2026-09-06,2026-09-30,CA,Saugus,,,,,20932-shine-dr-saugus-ca-91350
2026-09-30,INVH,Southern California,"7715 Bluebell Ave, North Hollywood, CA, 91605",Southern California,INVH-7715-bluebell-ave-91605-7996,3,2.0,1509,4090.0,2026-09-30,12 months,False,,,,,,,,https://www.invitationhomes.com/houses-for-rent/7715-bluebell-ave-91605-7996,2026-08-16,2026-09-30,CA,North Hollywood,,,,,7715-bluebell-ave-91605-7996
2026-09-30,INVH,Southern California,"13425 Ebell St, Van Nuys, CA, 91402",Southern California,INVH-13425-ebell-st-van-nuys-ca-91402,3,2.0,1922,4690.0,2026-09-30,12 months,False,,,,,,,,https://www.invitationhomes.com/houses-for-rent/13425-ebell-st-van-nuys-ca-91402,2026-08-16,2026-09-30,CA,Van Nuys,,,,,13425-ebell-st-van-nuys-ca-91402
2026-09-30,INVH,Southern California,"14249 Hoyt St, Arleta, CA, 91331",Southern California,INVH-14249-hoyt-st-91331-5832,3,2.0,1219,3495.0,2026-09-30,12 months,False,,,,,,,,https://www.invitationhomes.com/houses-for-rent/14249-hoyt-st-91331-5832,2026-07-19,2026-09-30,CA,Arleta,,,,,14249-hoyt-st-91331-5832
2026-09-30,INVH,Southern California,"15309 Kingsbury St, Mission Hills, CA, 91345",Southern California,INVH-15309-kingsbury-st-mission-hills-ca-91345,3,2.0,1750,4460.0,2026-10-06,12 months,False,,,,,,,,https://www.invitationhomes.com/houses-for-rent/15309-kingsbury-st-mission-hills-ca-91345,2026-09-12,2026-09-30,CA,Mission Hills,,,,,15309-kingsbury-st-mission-hills-ca-91345
2026-09-30,INVH,Southern California,"814 N Alexander St, San Fernando, CA, 91340",Southern California,INVH-814-n-alexander-st-91340-3869,4,3.0,1755,4045.0,2026-09-30,12 months,False,,,,,,,,https://www.invitationhomes.com/houses-for-rent/814-n-alexander-st-91340-3869,2026-08-23,2026-09-30,CA,San Fernando,,,,,814-n-alexander-st-91340-3869
2026-09-30,INVH,Southern California,"13515 Raven St, Sylmar, CA, 91342",Southern California,INVH-13515-raven-st-sylmar-ca-91342,4,2.0,1308,3665.0,2026-10-02,12 months,False,,,,,,,,https://www.invitationhomes.com/houses-for-rent/13515-raven-st-sylmar-ca-91342,2026-09-06,2026-09-30,CA,Sylmar,,,,,13515-raven-st-sylmar-ca-91342
2026-09-30,INVH,Southern California,"4621 Starstone Ct, Palmdale, CA, 93551",Southern California,INVH-4621-starstone-ct-palmdale-ca-93551,4,3.0,2260,3490.0,2026-10-05,12 months,False,,,,,,,,https://www.invitationhomes.com/houses-for-rent/4621-starstone-ct-palmdale-ca-93551,2026-09-30,2026-09-30,CA,Palmdale,,,,,4621-starstone-ct-palmdale-ca-93551
2026-09-30,INVH,Southern California,"39201 Chalfont Ln, Palmdale, CA, 93551",Southern California,INVH-39201-chalfont-ln-93551-1396,4,3.0,1770,3145.0,2026-09-30,12 months,False,,,,,,,,https://www.invitationhomes.com/houses-for-rent/39201-chalfont-ln-93551-1396,2026-07-19,2026-09-30,CA,Palmdale,,,,,39201-chalfont-ln-93551-1396
2026-09-30,INVH,Southern California,"4208 Sungate Dr, Palmdale, CA, 93551",Southern California,INVH-4208-sungate-dr-palmdale-ca-93551,6,3.0,3134,4020.0,2026-09-30,12 months,False,,,,,,,,https://www.invitationhomes.com/houses-for-rent/4208-sungate-dr-palmdale-ca-93551,2026-08-16,2026-09-30,CA,Palmdale,,,,,4208-sungate-dr-palmdale-ca-93551
2026-09-30,INVH,Southern California,"41314 Elsdale Pl, Palmdale, CA, 93551",Southern California,INVH-41314-elsdale-pl-93551-7882,5,3.0,2839,3645.0,2026-09-30,12 months,False,,,,,,,,https://www.invitationhomes.com/houses-for-rent/41314-elsdale-pl-93551-7882,2026-08-16,2026-09-30,CA,Palmdale,,,,,41314-elsdale-pl-93551-7882
2026-09-30,INVH,Southern California,"42049 Crestland Dr, Lancaster, CA, 93536",Southern California,INVH-42049-crestland-dr-93536-5639,6,3.0,3101,3880.0,2026-10-10,12 months,False,,,,,,,,https://www.invitationhomes.com/houses-for-rent/42049-crestland-dr-93536-5639,2026-09-12,2026-09-30,CA,Lancaster,,,,,42049-crestland-dr-93536-5639
2026-09-30,INVH,Southern California,"41234 Almond Ave, Palmdale, CA, 93551",Southern California,INVH-41234-almond-ave-93551-9687,5,3.0,2839,3495.0,2026-09-30,12 months,False,,,,,,,,https://www.invitationhomes.com/houses-for-rent/41234-almond-ave-93551-9687,2026-07-19,2026-09-30,CA,Palmdale,,,,,41234-almond-ave-93551-9687
2026-09-30,INVH,Southern California,"4813 W Avenue J4, Lancaster, CA, 93536",Southern California,INVH-4813-w-avenue-j4-93536-9361,5,4.5,3421,4049.0,2026-09-30,12 months,False,,,,,,,,https://www.invitationhomes.com/houses-for-rent/4813-w-avenue-j4-93536-9361,2026-08-23,2026-09-30,CA,Lancaster,,,,,4813-w-avenue-j4-93536-9361
2026-09-30,INVH,Southern California,"44500 Overland Ave, Lancaster, CA, 93536",Southern California,INVH-44500-overland-ave-93536-3553,4,3.0,2392,3449.0,2026-10-24,24 months,False,,,,,,,,https://www.invitationhomes.com/houses-for-rent/44500-overland-ave-93536-3553,2026-09-30,2026-09-30,CA,Lancaster,,,,,44500-overland-ave-93536-3553
2026-09-30,INVH,Southern California,"5104 Prewett Ranch Dr, Antioch, CA, 94531",Southern California,INVH-5104-prewett-ranch-dr-94531-5623,3,2.0,1321,3335.0,2026-09-30,12 months,False,,,,,,,,https://www.invitationhomes.com/houses-for-rent/5104-prewett-ranch-dr-94531-5623,2026-08-10,2026-09-30,CA,Antioch,,,,,5104-prewett-ranch-dr-94531-5623
2026-09-30,INVH,Southern California,"2547 Foghorn Way, Discovery Bay, CA, 94505",Southern California,INVH-2547-foghorn-way-discovery-bay-ca-94505,4,3.0,1713,3460.0,2026-09-30,12 months,False,,,,,,,,https://www.invitationhomes.com/houses-for-rent/2547-foghorn-way-discovery-bay-ca-94505,2026-07-19,2026-09-30,CA,Discovery Bay,,,,,2547-foghorn-way-discovery-bay-ca-94505
2026-09-30,INVH,Southern California,"1542 Claremont Dr, Manteca, CA, 95336",Southern California,INVH-1542-claremont-dr-manteca-ca-95336,3,2.0,1468,2595.0,2026-09-30,12 months,False,,,,,,,,https://www.invitationhomes.com/houses-for-rent/1542-claremont-dr-manteca-ca-95336,2026-07-19,2026-09-30,CA,Manteca,,,,,1542-claremont-dr-manteca-ca-95336
2026-09-30,INVH,Southern California,"117 Heartwood Ct, Vallejo, CA, 94591",Southern California,INVH-117-heartwood-ct-94591-5216,3,2.0,1611,3345.0,2026-11-07,12 months,False,,,,,,,,https://www.invitationhomes.com/houses-for-rent/117-heartwood-ct-94591-5216,2026-09-30,2026-09-30,CA,Vallejo,,,,,117-heartwood-ct-94591-5216
2026-09-30,INVH,Southern California,"217 Locust Dr, Vallejo, CA, 94591",Southern California,INVH-217-locust-dr-94591-1818,4,2.0,1630,3195.0,2026-09-30,12 months,False,,,,,,,,https://www.invitationhomes.com/houses-for-rent/217-locust-dr-94591-1818,2026-09-12,2026-09-30,CA,Vallejo,,,,,217-locust-dr-94591-1818
2026-09-30,INVH,Southern California,"112 Royal Ct, Vallejo, CA, 94591",Southern California,INVH-112-royal-ct-94591-3671,3,2.5,2141,3795.0,2026-11-07,12 months,False,,,,,,,,https://www.invitationhomes.com/houses-for-rent/112-royal-ct-94591-3671,2026-09-30,2026-09-30,CA,Vallejo,,,,,112-royal-ct-94591-3671
2026-09-30,INVH,Southern California,"260 Cimarron Dr, Vallejo, CA, 94589",Southern California,INVH-260-cimarron-dr-94589-2014,3,2.5,1690,3395.0,2026-09-30,12 months,False,,,,,,,,https://www.invitationhomes.com/houses-for-rent/260-cimarron-dr-94589-2014,2026-09-03,2026-09-30,CA,Vallejo,,,,,260-cimarron-dr-94589-2014
2026-09-30,INVH,Southern California,"2592 Clipper Ln, Fairfield, CA, 94534",Southern California,INVH-2592-clipper-ln-94534-3679,4,3.0,2064,3565.0,2026-10-15,12 months,False,,,,,,,,https://www.invitationhomes.com/houses-for-rent/2592-clipper-ln-94534-3679,2026-05-03,2026-09-30,CA,Fairfield,,,,,2592-clipper-ln-94534-3679
2026-09-30,INVH,Southern California,"435 Begonia Blvd, Fairfield, CA, 94533",Southern California,INVH-435-begonia-blvd-94533-7232,3,2.0,1337,3065.0,2026-11-08,12 months,False,,,,,,,,https://www.invitationhomes.com/houses-for-rent/435-begonia-blvd-94533-7232,2026-09-30,2026-09-30,CA,Fairfield,,,,,435-begonia-blvd-94533-7232
2026-09-30,INVH,Southern California,"910 Edgewood Cir, Suisun City, CA, 94585",Southern California,INVH-910-edgewood-cir-94585-1719,3,3.0,1618,3070.0,2026-09-30,12 months,False,,,,,,,,https://www.invitationhomes.com/houses-for-rent/910-edgewood-cir-94585-1719,2026-08-02,2026-09-30,CA,Suisun City,,,,,910-edgewood-cir-94585-1719
2026-09-30,INVH,Southern California,"1084 Armsby Way, Suisun City, CA, 94585",Southern California,INVH-1084-armsby-way-94585-9858,3,2.5,2206,3475.0,2026-09-30,12 months,False,,,,,,,,https://www.invitationhomes.com/houses-for-rent/1084-armsby-way-94585-9858,2026-08-16,2026-09-30,CA,Suisun City,,,,,1084-armsby-way-94585-9858
2026-09-30,INVH,Southern California,"518 Woodlark Dr, Suisun City, CA, 94585",Southern California,INVH-518-woodlark-dr-suisun-city-ca-94585,3,2.0,1500,2949.0,2026-10-09,14 months,False,,,,,,,,https://www.invitationhomes.com/houses-for-rent/518-woodlark-dr-suisun-city-ca-94585,2026-08-16,2026-09-30,CA,Suisun City,,,,,518-woodlark-dr-suisun-city-ca-94585
2026-09-30,INVH,Southern California,"983 Daniel St, Fairfield, CA, 94533",Southern California,INVH-983-daniel-st-fairfield-ca-94533,2,2.0,994,2590.0,2026-10-28,12 months,False,,,,,,,,https://www.invitationhomes.com/houses-for-rent/983-daniel-st-fairfield-ca-94533,2026-09-21,2026-09-30,CA,Fairfield,,,,,983-daniel-st-fairfield-ca-94533
2026-09-30,INVH,Southern California,"710 Rosemary Ct, Fairfield, CA, 94533",Southern California,INVH-710-rosemary-ct-94533-3037,4,3.0,1953,3360.0,2026-11-04,12 months,False,,,,,,,,https://www.invitationhomes.com/houses-for-rent/710-rosemary-ct-94533-3037,2026-09-30,2026-09-30,CA,Fairfield,,,,,710-rosemary-ct-94533-3037
2026-09-30,INVH,Southern California,"284 Yosemite Dr, Pittsburg, CA, 94565",Southern California,INVH-284-yosemite-dr-94565-7760,3,2.0,1573,3345.0,2026-09-30,12 months,False,,,,,,,,https://www.invitationhomes.com/houses-for-rent/284-yosemite-dr-94565-7760,2026-08-16,2026-09-30,CA,Pittsburg,,,,,284-yosemite-dr-94565-7760
2026-09-30,INVH,Southern California,"2823 Seville Cir, Antioch, CA, 94509",Southern California,INVH-2823-seville-cir-94509-5065,4,2.0,1628,3545.0,2026-09-30,12 months,False,,,,,,,,https://www.invitationhomes.com/houses-for-rent/2823-seville-cir-94509-5065,2026-08-02,2026-09-30,CA,Antioch,,,,,2823-seville-cir-94509-5065
2026-09-30,INVH,Southern California,"1704 San Jose Dr, Antioch, CA, 94509",Southern California,INVH-1704-san-jose-dr-antioch-ca-94509,4,2.0,1631,3495.0,2026-11-06,12 months,False,,,,,,,,https://www.invitationhomes.com/houses-for-rent/1704-san-jose-dr-antioch-ca-94509,2026-09-30,2026-09-30,CA,Antioch,,,,,1704-san-jose-dr-antioch-ca-94509
2026-09-30,INVH,Southern California,"301 Dimaggio Ave, Pittsburg, CA, 94565",Southern California,INVH-301-dimaggio-ave-pittsburg-ca-94565,3,1.0,1157,3010.0,2026-10-31,12 months,False,,,,,,,,https://www.invitationhomes.com/houses-for-rent/301-dimaggio-ave-pittsburg-ca-94565,2026-09-21,2026-09-30,CA,Pittsburg,,,,,301-dimaggio-ave-pittsburg-ca-94565
2026-09-30,INVH,Southern California,"4436 Deerfield Dr, Antioch, CA, 94531",Southern California,INVH-4436-deerfield-dr-antioch-ca-94531,4,3.0,2560,4195.0,2026-10-16,12 months,False,,,,,,,,https://www.invitationhomes.com/houses-for-rent/4436-deerfield-dr-antioch-ca-94531,2026-08-23,2026-09-30,CA,Antioch,,,,,4436-deerfield-dr-antioch-ca-94531
2026-09-30,INVH,Southern California,"2116 Viera Ave, Antioch, CA, 94509",Southern California,INVH-2116-viera-ave-94509-4104,3,2.0,1236,3010.0,2026-10-25,12 months,False,,,,,,,,https://www.invitationhomes.com/houses-for-rent/2116-viera-ave-94509-4104,2026-08-10,2026-09-30,CA,Antioch,,,,,2116-viera-ave-94509-4104
2026-09-30,INVH,Southern California,"1571 Rutherford Ln, Oakley, CA, 94561",Southern California,INVH-1571-rutherford-ln-94561-6601,3,2.0,1547,3335.0,2026-11-04,12 months,False,,,,,,,,https://www.invitationhomes.com/houses-for-rent/1571-rutherford-ln-94561-6601,2026-09-21,2026-09-30,CA,Oakley,,,,,1571-rutherford-ln-94561-6601
2026-09-30,INVH,Southern California,"5163 Fowler Ln, Fairfield, CA, 94533",Southern California,INVH-5163-fowler-ln-94533-7161,3,2.5,1680,3385.0,2026-09-30,12 months,False,,,,,,,,https://www.invitationhomes.com/houses-for-rent/5163-fowler-ln-94533-7161,2026-09-30,2026-09-30,CA,Fairfield,,,,,5163-fowler-ln-94533-7161
2026-09-30,INVH,Southern California,"690 Rubier Way, Rio Vista, CA, 94571",Southern California,INVH-690-rubier-way-94571-6136,3,2.0,1346,2545.0,2026-09-30,12 months,False,,,,,,,,https://www.invitationhomes.com/houses-for-rent/690-rubier-way-94571-6136,2026-08-16,2026-09-30,CA,Rio Vista,,,,,690-rubier-way-94571-6136
2026-09-30,INVH,Southern California,"1378 Marshall Rd, Vacaville, CA, 95687",Southern California,INVH-1378-marshall-rd-95687-3863,4,2.0,1602,3299.0,2026-11-02,12 months,False,,,,,,,,https://www.invitationhomes.com/houses-for-rent/1378-marshall-rd-95687-3863,2026-09-30,2026-09-30,CA,Vacaville,,,,,1378-marshall-rd-95687-3863
2026-09-30,INVH,Southern California,"615 Chateau Way, Vacaville, CA, 95687",Southern California,INVH-615-chateau-way-95687-92262,4,2.5,1969,3410.0,2026-11-01,12 months,False,,,,,,,,https://www.invitationhomes.com/houses-for-rent/615-chateau-way-95687-92262,2026-09-21,2026-09-30,CA,Vacaville,,,,,615-chateau-way-95687-92262
2026-09-30,INVH,Southern California,"278 Woodcrest Dr, Vacaville, CA, 95688",Southern California,INVH-278-woodcrest-dr-95688-2573,4,3.0,2362,3699.0,2026-09-30,14 months,False,,,,,,,,https://www.invitationhomes.com/houses-for-rent/278-woodcrest-dr-95688-2573,2026-08-10,2026-09-30,CA,Vacaville,,,,,278-woodcrest-dr-95688-2573
2026-09-30,INVH,Southern California,"255 Ahern Ln, Dixon, CA, 95620",Southern California,INVH-255-ahern-ln-95620-3578,4,3.0,1633,3125.0,2026-11-14,12 months,False,,,,,,,,https://www.invitationhomes.com/houses-for-rent/255-ahern-ln-95620-3578,2026-09-30,2026-09-30,CA,Dixon,,,,,255-ahern-ln-95620-3578
2026-09-30,INVH,Southern California,"1315 W H St, Dixon, CA, 95620",Southern California,INVH-1315-w-h-st-95620-6948,4,3.0,1890,3430.0,2026-10-16,12 months,False,,,,,,,,https://www.invitationhomes.com/houses-for-rent/1315-w-h-st-95620-6948,2026-09-30,2026-09-30,CA,Dixon,,,,,1315-w-h-st-95620-6948
2026-09-30,INVH,Southern California,"960 Pembroke Way, Dixon, CA, 95620",Southern California,INVH-960-pembroke-way-95620-92008,4,2.0,1609,3090.0,2026-10-17,12 months,False,,,,,,,,https://www.invitationhomes.com/houses-for-rent/960-pembroke-way-95620-92008,2026-09-30,2026-09-30,CA,Dixon,,,,,960-pembroke-way-95620-92008
2026-09-30,INVH,Southern California,"1225 Camphor Dr, Woodland, CA, 95776",Southern California,INVH-1225-camphor-dr-woodland-ca-95776,3,2.5,1419,2750.0,2026-11-12,14 months,False,,,,,,,,https://www.invitationhomes.com/houses-for-rent/1225-camphor-dr-woodland-ca-95776,2026-09-30,2026-09-30,CA,Woodland,,,,,1225-camphor-dr-woodland-ca-95776
2026-09-30,INVH,Southern California,"1878 Hardy Dr, Woodland, CA, 95776",Southern California,INVH-1878-hardy-dr-woodland-ca-95776,3,2.5,2290,2995.0,2026-09-30,12 months,False,,,,,,,,https://www.invitationhomes.com/houses-for-rent/1878-hardy-dr-woodland-ca-95776,2026-08-02,2026-09-30,CA,Woodland,,,,,1878-hardy-dr-woodland-ca-95776
2026-09-30,INVH,Southern California,"1972 Miller Ct, Woodland, CA, 95776",Southern California,INVH-1972-miller-ct-95776-6957,4,3.0,2047,2995.0,2026-10-09,12 months,False,,,,,,,,https://www.invitationhomes.com/houses-for-rent/1972-miller-ct-95776-6957,2026-08-10,2026-09-30,CA,Woodland,,,,,1972-miller-ct-95776-6957
2026-09-30,INVH,Southern California,"2209 Saint Anton Dr, Lodi, CA, 95242",Southern California,INVH-2209-saint-anton-dr-lodi-ca-95242,3,2.0,2516,3225.0,2026-09-30,12 months,False,,,,,,,,https://www.invitationhomes.com/houses-for-rent/2209-saint-anton-dr-lodi-ca-95242,2026-08-23,2026-09-30,CA,Lodi,,,,,2209-saint-anton-dr-lodi-ca-95242
2026-09-30,INVH,Southern California,"26 N Pacific Ave, Lodi, CA, 95242",Southern California,INVH-26-n-pacific-ave-lodi-ca-95242,3,1.0,1228,2680.0,2026-10-15,12 months,False,,,,,,,,https://www.invitationhomes.com/houses-for-rent/26-n-pacific-ave-lodi-ca-95242,2026-09-03,2026-09-30,CA,Lodi,,,,,26-n-pacific-ave-lodi-ca-95242
2026-09-30,INVH,Southern California,"6804 Castro Verde Way, Elk Grove, CA, 95757",Southern California,INVH-6804-castro-verde-way-elk-grove-ca-95757,4,3.0,2949,3690.0,2026-10-15,12 months,False,,,,,,,,https://www.invitationhomes.com/houses-for-rent/6804-castro-verde-way-elk-grove-ca-95757,2026-09-03,2026-09-30,CA,Elk Grove,,,,,6804-castro-verde-way-elk-grove-ca-95757
2026-09-30,INVH,Southern California,"4821 Laguna West Way, Elk Grove, CA, 95758",Southern California,INVH-4821-laguna-west-way-95758-91231,4,3.0,2164,3345.0,2026-10-24,12 months,False,,,,,,,,https://www.invitationhomes.com/houses-for-rent/4821-laguna-west-way-95758-91231,2026-09-30,2026-09-30,CA,Elk Grove,,,,,4821-laguna-west-way-95758-91231
2026-09-30,INVH,Southern California,"8710 Clear Star Ct, Elk Grove, CA, 95758",Southern California,INVH-8710-clear-star-ct-elk-grove-ca-95758,3,2.5,1436,2799.0,2026-10-20,14 months,False,,,,,,,,https://www.invitationhomes.com/houses-for-rent/8710-clear-star-ct-elk-grove-ca-95758,2026-09-21,2026-09-30,CA,Elk Grove,,,,,8710-clear-star-ct-elk-grove-ca-95758
2026-09-30,INVH,Southern California,"5719 Owl Ct, Elk Grove, CA, 95758",Southern California,INVH-5719-owl-ct-elk-grove-ca-95758,4,3.0,2900,3490.0,2026-10-10,12 months,False,,,,,,,,https://www.invitationhomes.com/houses-for-rent/5719-owl-ct-elk-grove-ca-95758,2026-09-30,2026-09-30,CA,Elk Grove,,,,,5719-owl-ct-elk-grove-ca-95758
2026-09-30,INVH,Southern California,"6604 Springridge Way, Elk Grove, CA, 95758",Southern California,INVH-6604-springridge-way-elk-grove-ca-95758,3,2.5,1741,2935.0,2026-10-20,12 months,False,,,,,,,,https://www.invitationhomes.com/houses-for-rent/6604-springridge-way-elk-grove-ca-95758,2026-09-06,2026-09-30,CA,Elk Grove,,,,,6604-springridge-way-elk-grove-ca-95758
2026-09-30,INVH,Southern California,"101 Cedar Rock Cir, Sacramento, CA, 95823",Southern California,INVH-101-cedar-rock-cir-95823-9708,3,2.0,1336,2435.0,2026-09-30,14 months,False,,,,,,,,https://www.invitationhomes.com/houses-for-rent/101-cedar-rock-cir-95823-9708,2026-08-23,2026-09-30,CA,Sacramento,,,,,101-cedar-rock-cir-95823-9708
2026-09-30,INVH,Southern California,"9255 Boulder Falls Ct, Elk Grove, CA, 95624",Southern California,INVH-9255-boulder-falls-ct-elk-grove-ca-95624,3,3.0,2131,3020.0,2026-09-30,14 months,False,,,,,,,,https://www.invitationhomes.com/houses-for-rent/9255-boulder-falls-ct-elk-grove-ca-95624,2026-08-02,2026-09-30,CA,Elk Grove,,,,,9255-boulder-falls-ct-elk-grove-ca-95624
2026-09-30,INVH,Southern California,"8186 Devon Park Ct, Sacramento, CA, 95828",Southern California,INVH-8186-devon-park-ct-95828-3961,3,2.5,1956,2780.0,2026-09-30,14 months,False,,,,,,,,https://www.invitationhomes.com/houses-for-rent/8186-devon-park-ct-95828-3961,2026-05-03,2026-09-30,CA,Sacramento,,,,,8186-devon-park-ct-95828-3961
2026-09-30,INVH,Southern California,"8812 Billfish Way, Sacramento, CA, 95828",Southern California,INVH-8812-billfish-way-sacramento-ca-95828,4,2.5,2161,3280.0,2026-09-30,12 months,False,,,,,,,,https://www.invitationhomes.com/houses-for-rent/8812-billfish-way-sacramento-ca-95828,2026-08-02,2026-09-30,CA,Sacramento,,,,,8812-billfish-way-sacramento-ca-95828
2026-09-30,INVH,Southern California,"7030 Tamoshanter Way, Sacramento, CA, 95822",Southern California,INVH-7030-tamoshanter-way-sacramento-ca-95822,3,2.0,1257,2560.0,2026-09-30,12 months,False,,,,,,,,https://www.invitationhomes.com/houses-for-rent/7030-tamoshanter-way-sacramento-ca-95822,2026-05-17,2026-09-30,CA,Sacramento,,,,,7030-tamoshanter-way-sacramento-ca-95822
2026-09-30,INVH,Southern California,"2803 26th Ave, Sacramento, CA, 95820",Southern California,INVH-2803-26th-ave-95820-3657,3,1.0,1138,2295.0,2026-10-06,14 months,False,,,,,,,,https://www.invitationhomes.com/houses-for-rent/2803-26th-ave-95820-3657,2026-09-30,2026-09-30,CA,Sacramento,,,,,2803-26th-ave-95820-3657
2026-09-30,INVH,Southern California,"6 Stilt Ct, Sacramento, CA, 95834",Southern California,INVH-6-stilt-ct-sacramento-ca-95834,4,2.5,2090,3245.0,2026-10-30,12 months,False,,,,,,,,https://www.invitationhomes.com/houses-for-rent/6-stilt-ct-sacramento-ca-95834,2026-09-21,2026-09-30,CA,Sacramento,,,,,6-stilt-ct-sacramento-ca-95834
2026-09-30,INVH,Southern California,"9209 Sungold Way, Sacramento, CA, 95826",Southern California,INVH-9209-sungold-way-sacramento-ca-95826,4,2.5,1834,3095.0,2026-10-02,12 months,False,,,,,,,,https://www.invitationhomes.com/houses-for-rent/9209-sungold-way-sacramento-ca-95826,2026-08-16,2026-09-30,CA,Sacramento,,,,,9209-sungold-way-sacramento-ca-95826
2026-09-30,INVH,Southern California,"3212 Cinnabar Ct, Sacramento, CA, 95826",Southern California,INVH-3212-cinnabar-ct-sacramento-ca-95826,4,2.0,1605,2930.0,2026-10-15,12 months,False,,,,,,,,https://www.invitationhomes.com/houses-for-rent/3212-cinnabar-ct-sacramento-ca-95826,2026-09-12,2026-09-30,CA,Sacramento,,,,,3212-cinnabar-ct-sacramento-ca-95826
2026-09-30,INVH,Southern California,"9236 Linda Rio Dr, Sacramento, CA, 95826",Southern California,INVH-9236-linda-rio-dr-sacramento-ca-95826,4,2.5,1794,3210.0,2026-09-30,12 months,False,,,,,,,,https://www.invitationhomes.com/houses-for-rent/9236-linda-rio-dr-sacramento-ca-95826,2026-09-12,2026-09-30,CA,Sacramento,,,,,9236-linda-rio-dr-sacramento-ca-95826
2026-09-30,INVH,Southern California,"5 Fire Leaf Ct, Sacramento, CA, 95838",Southern California,INVH-5-fire-leaf-ct-95838-2940,3,3.0,2142,3049.0,2026-09-30,14 months,False,,,,,,,,https://www.invitationhomes.com/houses-for-rent/5-fire-leaf-ct-95838-2940,2026-08-10,2026-09-30,CA,Sacramento,,,,,5-fire-leaf-ct-95838-2940
2026-09-30,INVH,Southern California,"8821 Fair Oaks Blvd, Carmichael, CA, 95608",Southern California,INVH-8821-fair-oaks-blvd-carmichael-ca-95608,3,2.0,1316,2649.0,2026-10-26,14 months,False,,,,,,,,https://www.invitationhomes.com/houses-for-rent/8821-fair-oaks-blvd-carmichael-ca-95608,2026-09-12,2026-09-30,CA,Carmichael,,,,,8821-fair-oaks-blvd-carmichael-ca-95608
2026-09-30,INVH,Southern California,"4324 Mount Kisco Way, Rancho Cordova, CA, 95742",Southern California,INVH-4324-mount-kisco-way-rancho-cordova-ca-95742,4,2.5,2019,3149.0,2026-10-15,14 months,False,,,,,,,,https://www.invitationhomes.com/houses-for-rent/4324-mount-kisco-way-rancho-cordova-ca-95742,2026-09-21,2026-09-30,CA,Rancho Cordova,,,,,4324-mount-kisco-way-rancho-cordova-ca-95742
2026-09-30,INVH,Southern California,"8733 Baxter Way, Orangevale, CA, 95662",Southern California,INVH-8733-baxter-way-orangevale-ca-95662,3,1.0,1430,2765.0,2026-10-15,12 months,False,,,,,,,,https://www.invitationhomes.com/houses-for-rent/8733-baxter-way-orangevale-ca-95662,2026-09-09,2026-09-30,CA,Orangevale,,,,,8733-baxter-way-orangevale-ca-95662
2026-09-30,INVH,Southern California,"1355 Colfax Dr, Woodland, CA, 95776",Southern California,INVH-1355-colfax-dr-woodland-ca-95776,3,2.0,1407,2530.0,2026-09-30,14 months,False,,,,,,,,https://www.invitationhomes.com/houses-for-rent/1355-colfax-dr-woodland-ca-95776,2026-07-19,2026-09-30,CA,Woodland,,,,,1355-colfax-dr-woodland-ca-95776
2026-09-30,INVH,Southern California,"1971 Hawkins Ct, Woodland, CA, 95776",Southern California,INVH-1971-hawkins-ct-woodland-ca-95776,3,2.5,1909,2910.0,2026-09-30,12 months,False,,,,,,,,https://www.invitationhomes.com/houses-for-rent/1971-hawkins-ct-woodland-ca-95776,2026-08-23,2026-09-30,CA,Woodland,,,,,1971-hawkins-ct-woodland-ca-95776
2026-09-30,INVH,Southern California,"332 Glenbrook Ct, Yuba City, CA, 95993",Southern California,INVH-332-glenbrook-ct-yuba-city-ca-95993,2,1.0,1015,1865.0,2026-11-10,14 months,False,,,,,,,,https://www.invitationhomes.com/houses-for-rent/332-glenbrook-ct-yuba-city-ca-95993,2026-09-30,2026-09-30,CA,Yuba City,,,,,332-glenbrook-ct-yuba-city-ca-95993
2026-09-30,INVH,Southern California,"5289 Moonlit Bay Way, Sacramento, CA, 95835",Southern California,INVH-5289-moonlit-bay-way-sacramento-ca-95835,4,2.5,2196,3145.0,2026-09-30,12 months,False,,,,,,,,https://www.invitationhomes.com/houses-for-rent/5289-moonlit-bay-way-sacramento-ca-95835,2026-08-23,2026-09-30,CA,Sacramento,,,,,5289-moonlit-bay-way-sacramento-ca-95835
2026-09-30,INVH,Southern California,"3621 Van Owen St, North Highlands, CA, 95660",Southern California,INVH-3621-van-owen-st-95660-5243,3,2.0,1286,2365.0,2026-09-30,14 months,False,,,,,,,,https://www.invitationhomes.com/houses-for-rent/3621-van-owen-st-95660-5243,2026-07-19,2026-09-30,CA,North Highlands,,,,,3621-van-owen-st-95660-5243
2026-09-30,INVH,Southern California,"3032 Danehurst Ct, Antelope, CA, 95843",Southern California,INVH-3032-danehurst-ct-95843-6216,3,2.5,1445,2690.0,2026-10-12,12 months,False,,,,,,,,https://www.invitationhomes.com/houses-for-rent/3032-danehurst-ct-95843-6216,2026-09-03,2026-09-30,CA,Antelope,,,,,3032-danehurst-ct-95843-6216
2026-09-30,INVH,Southern California,"3036 Danehurst Ct, Antelope, CA, 95843",Southern California,INVH-3036-danehurst-ct-antelope-ca-95843,3,3.0,1445,2695.0,2026-10-16,12 months,False,,,,,,,,https://www.invitationhomes.com/houses-for-rent/3036-danehurst-ct-antelope-ca-95843,2026-09-03,2026-09-30,CA,Antelope,,,,,3036-danehurst-ct-antelope-ca-95843
2026-09-30,INVH,Southern California,"8330 Ruge Ct, Antelope, CA, 95843",Southern California,INVH-8330-ruge-ct-antelope-ca-95843,3,2.5,1566,2799.0,2026-11-01,14 months,False,,,,,,,,https://www.invitationhomes.com/houses-for-rent/8330-ruge-ct-antelope-ca-95843,2026-09-21,2026-09-30,CA,Antelope,,,,,8330-ruge-ct-antelope-ca-95843
2026-09-30,INVH,Southern California,"4229 Gold Ridge Way, Antelope, CA, 95843",Southern California,INVH-4229-gold-ridge-way-95843-87827,4,3.5,1897,3130.0,2026-10-02,12 months,False,,,,,,,,https://www.invitationhomes.com/houses-for-rent/4229-gold-ridge-way-95843-87827,2026-07-19,2026-09-30,CA,Antelope,,,,,4229-gold-ridge-way-95843-87827
2026-09-30,INVH,Southern California,"5912 Trawler Way, Citrus Heights, CA, 95621",Southern California,INVH-5912-trawler-way-95621-91441,3,2.0,1380,2920.0,2026-11-02,12 months,False,,,,,,,,https://www.invitationhomes.com/houses-for-rent/5912-trawler-way-95621-91441,2026-09-21,2026-09-30,CA,Citrus Heights,,,,,5912-trawler-way-95621-91441
2026-09-30,INVH,Southern California,"8232 Sanderson Ct, Antelope, CA, 95843",Southern California,INVH-8232-sanderson-ct-95843-87544,3,2.0,1199,2445.0,2026-11-14,14 months,False,,,,,,,,https://www.invitationhomes.com/houses-for-rent/8232-sanderson-ct-95843-87544,2026-09-30,2026-09-30,CA,Antelope,,,,,8232-sanderson-ct-95843-87544
2026-09-30,INVH,Southern California,"8448 Bramble Bush Cir, Antelope, CA, 95843",Southern California,INVH-8448-bramble-bush-cir-antelope-ca-95843,3,2.5,1946,2695.0,2026-09-30,12 months,False,,,,,,,,https://www.invitationhomes.com/houses-for-rent/8448-bramble-bush-cir-antelope-ca-95843,2026-05-24,2026-09-30,CA,Antelope,,,,,8448-bramble-bush-cir-antelope-ca-95843
2026-09-30,INVH,Southern California,"8250 Lonely Hill Way, Antelope, CA, 95843",Southern California,INVH-8250-lonely-hill-way-95843-89626,3,2.0,1381,2695.0,2026-09-30,12 months,False,,,,,,,,https://www.invitationhomes.com/houses-for-rent/8250-lonely-hill-way-95843-89626,2026-09-03,2026-09-30,CA,Antelope,,,,,8250-lonely-hill-way-95843-89626
2026-09-30,INVH,Southern California,"1943 Ajay Dr, Roseville, CA, 95678",Southern California,INVH-1943-ajay-dr-roseville-ca-95678,3,2.0,1459,3095.0,2026-10-15,14 months,False,,,,,,,,https://www.invitationhomes.com/houses-for-rent/1943-ajay-dr-roseville-ca-95678,2026-09-03,2026-09-30,CA,Roseville,,,,,1943-ajay-dr-roseville-ca-95678
2026-09-30,INVH,Southern California,"1949 Lindsay Dr, Roseville, CA, 95678",Southern California,INVH-1949-lindsay-dr-95678-87590,4,2.0,1368,2875.0,2026-10-22,12 months,False,,,,,,,,https://www.invitationhomes.com/houses-for-rent/1949-lindsay-dr-95678-87590,2026-09-09,2026-09-30,CA,Roseville,,,,,1949-lindsay-dr-95678-87590
2026-09-30,INVH,Southern California,"1421 Hickory St, Roseville, CA, 95678",Southern California,INVH-1421-hickory-st-roseville-ca-95678,3,2.0,1326,2835.0,2026-10-16,12 months,False,,,,,,,,https://www.invitationhomes.com/houses-for-rent/1421-hickory-st-roseville-ca-95678,2026-09-30,2026-09-30,CA,Roseville,,,,,1421-hickory-st-roseville-ca-95678
2026-09-30,INVH,Southern California,"465 Elmwood Ct, Roseville, CA, 95678",Southern California,INVH-465-elmwood-ct-roseville-ca-95678,5,3.0,2573,3840.0,2026-10-15,12 months,False,,,,,,,,https://www.invitationhomes.com/houses-for-rent/465-elmwood-ct-roseville-ca-95678,2026-09-03,2026-09-30,CA,Roseville,,,,,465-elmwood-ct-roseville-ca-95678
2026-09-30,INVH,Southern California,"1687 Presidio Way, Plumas Lake, CA, 95961",Southern California,INVH-1687-presidio-way-plumas-lake-ca-95961,4,3.0,2042,2920.0,2026-10-21,12 months,False,,,,,,,,https://www.invitationhomes.com/houses-for-rent/1687-presidio-way-plumas-lake-ca-95961,2026-09-06,2026-09-30,CA,Plumas Lake,,,,,1687-presidio-way-plumas-lake-ca-95961
2026-09-30,INVH,Southern California,"1097 Ashford Ln, Lincoln, CA, 95648",Southern California,INVH-1097-ashford-ln-lincoln-ca-95648,4,3.0,2775,3245.0,2026-09-30,12 months,False,,,,,,,,https://www.invitationhomes.com/houses-for-rent/1097-ashford-ln-lincoln-ca-95648,2026-09-06,2026-09-30,CA,Lincoln,,,,,1097-ashford-ln-lincoln-ca-95648
2026-09-30,INVH,Southern California,"615 Whitfield Ln, Lincoln, CA, 95648",Southern California,INVH-615-whitfield-ln-95648-91304,4,3.0,2816,3540.0,2026-09-30,12 months,False,,,,,,,,https://www.invitationhomes.com/houses-for-rent/615-whitfield-ln-95648-91304,2026-08-02,2026-09-30,CA,Lincoln,,,,,615-whitfield-ln-95648-91304
2026-09-30,INVH,Southern California,"403 1st St, Lincoln, CA, 95648",Southern California,INVH-403-1st-st-95648-5345,3,2.0,1381,2730.0,2026-10-22,12 months,False,,,,,,,,https://www.invitationhomes.com/houses-for-rent/403-1st-st-95648-5345,2026-08-10,2026-09-30,CA,Lincoln,,,,,403-1st-st-95648-5345
2026-09-30,INVH,Southern California,"2679 Meadowland Way, Lincoln, CA, 95648",Southern California,INVH-2679-meadowland-way-sacramento-ca-95648,3,2.0,1530,2735.0,2026-10-15,12 months,False,,,,,,,,https://www.invitationhomes.com/houses-for-rent/2679-meadowland-way-sacramento-ca-95648,2026-09-09,2026-09-30,CA,Lincoln,,,,,2679-meadowland-way-sacramento-ca-95648
2026-09-30,INVH,Southern California,"3020 Twin Creeks Ln, Rocklin, CA, 95677",Southern California,INVH-3020-twin-creeks-ln-rocklin-ca-95677,3,2.5,1556,2885.0,2026-10-20,12 months,False,,,,,,,,https://www.invitationhomes.com/houses-for-rent/3020-twin-creeks-ln-rocklin-ca-95677,2026-09-12,2026-09-30,CA,Rocklin,,,,,3020-twin-creeks-ln-rocklin-ca-95677
2026-09-30,INVH,Southern California,"5644 Bolton Way, Rocklin, CA, 95677",Southern California,INVH-5644-bolton-way-rocklin-ca-95677,3,2.0,1429,2795.0,2026-10-15,12 months,False,,,,,,,,https://www.invitationhomes.com/houses-for-rent/5644-bolton-way-rocklin-ca-95677,2026-09-03,2026-09-30,CA,Rocklin,,,,,5644-bolton-way-rocklin-ca-95677
2026-09-30,INVH,Southern California,"691 Aspen Meadows Way, Lincoln, CA, 95648",Southern California,INVH-691-aspen-meadows-way-lincoln-ca-95648,4,2.0,1990,2970.0,2026-11-02,12 months,False,,,,,,,,https://www.invitationhomes.com/houses-for-rent/691-aspen-meadows-way-lincoln-ca-95648,2026-09-30,2026-09-30,CA,Lincoln,,,,,691-aspen-meadows-way-lincoln-ca-95648
2026-09-30,INVH,Southern California,"4039 Huston Way, Olivehurst, CA, 95961",Southern California,INVH-4039-huston-way-95961-4418,4,3.0,2527,2675.0,2026-09-30,12 months,False,,,,,,,,https://www.invitationhomes.com/houses-for-rent/4039-huston-way-95961-4418,2026-08-10,2026-09-30,CA,Olivehurst,,,,,4039-huston-way-95961-4418
2026-09-30,INVH,Southern California,"1771 Brianna Ave, Olivehurst, CA, 95961",Southern California,INVH-1771-brianna-ave-olivehurst-ca-95961,5,3.0,2594,2610.0,2026-11-14,24 months,False,,,,,,,,https://www.invitationhomes.com/houses-for-rent/1771-brianna-ave-olivehurst-ca-95961,2026-09-30,2026-09-30,CA,Olivehurst,,,,,1771-brianna-ave-olivehurst-ca-95961
2026-09-30,INVH,Southern California,"2041 Waterville Dr, Marysville, CA, 95901",Southern California,INVH-2041-waterville-dr-marysville-ca-95901,3,2.0,1970,2795.0,2026-10-15,14 months,False,,,,,,,,https://www.invitationhomes.com/houses-for-rent/2041-waterville-dr-marysville-ca-95901,2026-09-03,2026-09-30,CA,Marysville,,,,,2041-waterville-dr-marysville-ca-95901
2026-09-30,INVH,Southern California,"1448 Barford Ave, Hacienda Heights, CA, 91745",Southern California,INVH-1448-barford-ave-91745-3609,3,2.0,1378,3670.0,2026-09-30,12 months,False,,,,,,,,https://www.invitationhomes.com/houses-for-rent/1448-barford-ave-91745-3609,2026-09-03,2026-09-30,CA,Hacienda Heights,,,,,1448-barford-ave-91745-3609
2026-09-30,INVH,Southern California,"10326 Pendleton St, Riverside, CA, 92505",Southern California,INVH-10326-pendleton-st-92505-5131,4,2.0,1794,3215.0,2026-10-30,12 months,False,,,,,,,,https://www.invitationhomes.com/houses-for-rent/10326-pendleton-st-92505-5131,2026-09-30,2026-09-30,CA,Riverside,,,,,10326-pendleton-st-92505-5131
2026-09-30,INVH,Southern California,"11008 San Pasqual Ave, Montclair, CA, 91763",Southern California,INVH-11008-san-pasqual-ave-montclair-ca-91763,3,2.0,1453,3795.0,2026-10-14,12 months,False,,,,,,,,https://www.invitationhomes.com/houses-for-rent/11008-san-pasqual-ave-montclair-ca-91763,2026-09-21,2026-09-30,CA,Montclair,,,,,11008-san-pasqual-ave-montclair-ca-91763
2026-09-30,INVH,Southern California,"6258 Thunder Bay Trl, Riverside, CA, 92509",Southern California,INVH-6258-thunder-bay-trl-92509-7912,3,2.0,1174,2875.0,2026-09-30,12 months,False,,,,,,,,https://www.invitationhomes.com/houses-for-rent/6258-thunder-bay-trl-92509-7912,2026-08-23,2026-09-30,CA,Riverside,,,,,6258-thunder-bay-trl-92509-7912
2026-09-30,INVH,Southern California,"12023 Vintage Dr, Fontana, CA, 92337",Southern California,INVH-12023-vintage-dr-92337-1240,5,3.0,2043,4160.0,2026-09-30,12 months,False,,,,,,,,https://www.invitationhomes.com/houses-for-rent/12023-vintage-dr-92337-1240,2026-09-21,2026-09-30,CA,Fontana,,,,,12023-vintage-dr-92337-1240
2026-09-30,INVH,Southern California,"11475 Blackstone Ct, Fontana, CA, 92337",Southern California,INVH-11475-blackstone-ct-92337-5057,4,2.5,1637,3545.0,2026-10-14,12 months,False,,,,,,,,https://www.invitationhomes.com/houses-for-rent/11475-blackstone-ct-92337-5057,2026-09-21,2026-09-30,CA,Fontana,,,,,11475-blackstone-ct-92337-5057
2026-09-30,INVH,Southern California,"16341 Windcrest Dr, Fontana, CA, 92337",Southern California,INVH-16341-windcrest-dr-92337-8526,4,3.0,1660,3545.0,2026-10-14,12 months,False,,,,,,,,https://www.invitationhomes.com/houses-for-rent/16341-windcrest-dr-92337-8526,2026-09-21,2026-09-30,CA,Fontana,,,,,16341-windcrest-dr-92337-8526
2026-09-30,INVH,Southern California,"1754 Burton Rd, Glendora, CA, 91740",Southern California,INVH-1754-burton-rd-91740-2627,4,2.0,1302,3340.0,2026-09-30,12 months,False,,,,,,,,https://www.invitationhomes.com/houses-for-rent/1754-burton-rd-91740-2627,2026-09-21,2026-09-30,CA,Glendora,,,,,1754-burton-rd-91740-2627
2026-09-30,INVH,Southern California,"736 E Newburgh St, Glendora, CA, 91740",Southern California,INVH-736-e-newburgh-st-91740-3749,3,1.5,1136,3220.0,2026-10-25,12 months,False,,,,,,,,https://www.invitationhomes.com/houses-for-rent/736-e-newburgh-st-91740-3749,2026-09-30,2026-09-30,CA,Glendora,,,,,736-e-newburgh-st-91740-3749
2026-09-30,INVH,Southern California,"7333 Greenhaven Ave, Rancho Cucamonga, CA, 91730",Southern California,INVH-7333-greenhaven-ave-rancho-cucamonga-ca-91730,3,2.5,1580,3640.0,2026-09-30,12 months,False,,,,,,,,https://www.invitationhomes.com/houses-for-rent/7333-greenhaven-ave-rancho-cucamonga-ca-91730,2026-08-23,2026-09-30,CA,Rancho Cucamonga,,,,,7333-greenhaven-ave-rancho-cucamonga-ca-91730
2026-09-30,INVH,Southern California,"23706 New England Dr, Moreno Valley, CA, 92553",Southern California,INVH-23706-new-england-dr-92553-1162,5,3.0,2025,3685.0,2026-10-25,12 months,False,,,,,,,,https://www.invitationhomes.com/houses-for-rent/23706-new-england-dr-92553-1162,2026-09-30,2026-09-30,CA,Moreno Valley,,,,,23706-new-england-dr-92553-1162
2026-09-30,INVH,Southern California,"7340 Lydia Ave, Riverside, CA, 92504",Southern California,INVH-7340-lydia-ave-92504-6275,3,1.5,1026,2975.0,2026-10-21,12 months,False,,,,,,,,https://www.invitationhomes.com/houses-for-rent/7340-lydia-ave-92504-6275,2026-09-30,2026-09-30,CA,Riverside,,,,,7340-lydia-ave-92504-6275
2026-09-30,INVH,Southern California,"6604 Colfax Ct, Riverside, CA, 92506",Southern California,INVH-6604-colfax-ct-riverside-ca-92506,4,2.5,2104,3470.0,2026-10-29,24 months,False,,,,,,,,https://www.invitationhomes.com/houses-for-rent/6604-colfax-ct-riverside-ca-92506,2026-09-30,2026-09-30,CA,Riverside,,,,,6604-colfax-ct-riverside-ca-92506
2026-09-30,INVH,Southern California,"23476 Seafarer Way, Moreno Valley, CA, 92557",Southern California,INVH-23476-seafarer-way-moreno-valley-ca-92557,3,2.5,1474,2980.0,2026-09-30,12 months,False,,,,,,,,https://www.invitationhomes.com/houses-for-rent/23476-seafarer-way-moreno-valley-ca-92557,2026-09-21,2026-09-30,CA,Moreno Valley,,,,,23476-seafarer-way-moreno-valley-ca-92557
2026-09-30,INVH,Southern California,"11903 Albion Way, Moreno Valley, CA, 92557",Southern California,INVH-11903-albion-way-moreno-valley-ca-92557,3,3.0,1420,3080.0,2026-09-30,12 months,False,,,,,,,,https://www.invitationhomes.com/houses-for-rent/11903-albion-way-moreno-valley-ca-92557,2026-09-06,2026-09-30,CA,Moreno Valley,,,,,11903-albion-way-moreno-valley-ca-92557
2026-09-30,INVH,Southern California,"11381 Red Hill Rd, Moreno Valley, CA, 92557",Southern California,INVH-11381-red-hill-rd-92557-5616,3,3.0,1598,2845.0,2026-09-30,12 months,False,,,,,,,,https://www.invitationhomes.com/houses-for-rent/11381-red-hill-rd-92557-5616,2026-08-23,2026-09-30,CA,Moreno Valley,,,,,11381-red-hill-rd-92557-5616
2026-09-30,INVH,Southern California,"17839 Granada Ave, Fontana, CA, 92335",Southern California,INVH-17839-granada-ave-92335-2682,3,2.0,1458,3295.0,2026-09-30,12 months,False,,,,,,,,https://www.invitationhomes.com/houses-for-rent/17839-granada-ave-92335-2682,2026-09-03,2026-09-30,CA,Fontana,,,,,17839-granada-ave-92335-2682
2026-09-30,INVH,Southern California,"8765 Grace St, Fontana, CA, 92335",Southern California,INVH-8765-grace-st-92335-8456,3,2.0,1502,3410.0,2026-09-30,12 months,False,,,,,,,,https://www.invitationhomes.com/houses-for-rent/8765-grace-st-92335-8456,2026-08-02,2026-09-30,CA,Fontana,,,,,8765-grace-st-92335-8456
2026-09-30,INVH,Southern California,"2667 Annapolis Cir, San Bernardino, CA, 92408",Southern California,INVH-2667-annapolis-cir-san-bernardino-ca-92408,3,3.0,1639,3090.0,2026-09-30,12 months,False,,,,,,,,https://www.invitationhomes.com/houses-for-rent/2667-annapolis-cir-san-bernardino-ca-92408,2026-09-21,2026-09-30,CA,San Bernardino,,,,,2667-annapolis-cir-san-bernardino-ca-92408
2026-09-30,INVH,Southern California,"25762 Fir Ave, Moreno Valley, CA, 92553",Southern California,INVH-25762-fir-ave-92553-4452,5,3.0,2074,3530.0,2026-09-30,12 months,False,,,,,,,,https://www.invitationhomes.com/houses-for-rent/25762-fir-ave-92553-4452,2026-09-30,2026-09-30,CA,Moreno Valley,,,,,25762-fir-ave-92553-4452
2026-09-30,INVH,Southern California,"11961 Hubbard St, Moreno Valley, CA, 92557",Southern California,INVH-11961-hubbard-st-92557-2233,4,2.0,1279,2930.0,2026-09-30,12 months,False,,,,,,,,https://www.invitationhomes.com/houses-for-rent/11961-hubbard-st-92557-2233,2026-09-03,2026-09-30,CA,Moreno Valley,,,,,11961-hubbard-st-92557-2233
2026-09-30,INVH,Southern California,"10349 Beryl Ave, Mentone, CA, 92359",Southern California,INVH-10349-beryl-ave-92359-3080,4,3.0,1960,3585.0,2026-10-02,12 months,False,,,,,,,,https://www.invitationhomes.com/houses-for-rent/10349-beryl-ave-92359-3080,2026-09-06,2026-09-30,CA,Mentone,,,,,10349-beryl-ave-92359-3080
2026-09-30,INVH,Southern California,"835 Brownie Way, Beaumont, CA, 92223",Southern California,INVH-835-brownie-way-92223-2239,5,3.0,2450,3295.0,2026-09-30,12 months,False,,,,,,,,https://www.invitationhomes.com/houses-for-rent/835-brownie-way-92223-2239,2026-09-03,2026-09-30,CA,Beaumont,,,,,835-brownie-way-92223-2239
2026-09-30,INVH,Southern California,"1448 Roadrunner Ln, Beaumont, CA, 92223",Southern California,INVH-1448-roadrunner-ln-92223-3059,5,3.0,2545,3445.0,2026-09-30,12 months,False,,,,,,,,https://www.invitationhomes.com/houses-for-rent/1448-roadrunner-ln-92223-3059,2026-09-03,2026-09-30,CA,Beaumont,,,,,1448-roadrunner-ln-92223-3059
2026-09-30,INVH,Southern California,"781 Hillview St, Beaumont, CA, 92223",Southern California,INVH-781-hillview-st-92223-7138,4,2.0,1763,3210.0,2026-10-27,12 months,False,,,,,,,,https://www.invitationhomes.com/houses-for-rent/781-hillview-st-92223-7138,2026-09-30,2026-09-30,CA,Beaumont,,,,,781-hillview-st-92223-7138
2026-09-30,INVH,Southern California,"1066 Queen Annes Ln, Beaumont, CA, 92223",Southern California,INVH-1066-queen-annes-ln-92223-8499,4,3.0,2378,3345.0,2026-09-30,12 months,False,,,,,,,,https://www.invitationhomes.com/houses-for-rent/1066-queen-annes-ln-92223-8499,2026-04-26,2026-09-30,CA,Beaumont,,,,,1066-queen-annes-ln-92223-8499
2026-09-30,INVH,Southern California,"1967 N Oakdale Ave, Rialto, CA, 92376",Southern California,INVH-1967-n-oakdale-ave-92376-9771,4,2.0,1800,3335.0,2026-10-05,12 months,False,,,,,,,,https://www.invitationhomes.com/houses-for-rent/1967-n-oakdale-ave-92376-9771,2026-09-30,2026-09-30,CA,Rialto,,,,,1967-n-oakdale-ave-92376-9771
2026-09-30,INVH,Southern California,"1785 Via Verde Dr, Rialto, CA, 92377",Southern California,INVH-1785-via-verde-dr-92377-6968,4,3.0,1901,3649.0,2026-09-30,12 months,False,,,,,,,,https://www.invitationhomes.com/houses-for-rent/1785-via-verde-dr-92377-6968,2026-09-21,2026-09-30,CA,Rialto,,,,,1785-via-verde-dr-92377-6968
2026-09-30,INVH,Southern California,"2459 Gunner Ridge Way, Rialto, CA, 92377",Southern California,INVH-2459-gunner-ridge-way-92377-123850,3,2.5,1577,3310.0,2026-09-30,12 months,False,,,,,,,,https://www.invitationhomes.com/houses-for-rent/2459-gunner-ridge-way-92377-123850,2026-04-04,2026-09-30,CA,Rialto,,,,,2459-gunner-ridge-way-92377-123850
2026-09-30,INVH,Southern California,"2804 Rosarita St, San Bernardino, CA, 92407",Southern California,INVH-2804-rosarita-st-92407-3047,4,3.0,2066,3495.0,2026-09-30,12 months,False,,,,,,,,https://www.invitationhomes.com/houses-for-rent/2804-rosarita-st-92407-3047,2026-09-12,2026-09-30,CA,San Bernardino,,,,,2804-rosarita-st-92407-3047
2026-09-30,INVH,Southern California,"7791 Unicorn Way, Highland, CA, 92346",Southern California,INVH-7791-unicorn-way-92346-6392,4,2.5,2152,3899.0,2026-10-25,12 months,False,,,,,,,,https://www.invitationhomes.com/houses-for-rent/7791-unicorn-way-92346-6392,2026-09-30,2026-09-30,CA,Highland,,,,,7791-unicorn-way-92346-6392
2026-09-30,INVH,Las Vegas,"3452 Yellow Cove Ln, Las Vegas, NV, 89135",Las Vegas,INVH-3452-yellow-cove-ln-89135-8368,3,3.0,2540,2945.0,2026-10-02,20 months,False,,,,,,,,https://www.invitationhomes.com/houses-for-rent/3452-yellow-cove-ln-89135-8368,2026-08-23,2026-09-30,NV,Las Vegas,,,,,3452-yellow-cove-ln-89135-8368
2026-09-30,INVH,Las Vegas,"3616 Starlight Evening St, Las Vegas, NV, 89129",Las Vegas,INVH-3616-starlight-evening-st-89129-90464,4,2.5,1902,2370.0,2026-09-30,24 months,False,,,,,,,,https://www.invitationhomes.com/houses-for-rent/3616-starlight-evening-st-89129-90464,2026-08-23,2026-09-30,NV,Las Vegas,,,,,3616-starlight-evening-st-89129-90464
2026-09-30,INVH,Las Vegas,"10541 Danielson Ave, Las Vegas, NV, 89129",Las Vegas,INVH-10541-danielson-ave-89129-6264,4,3.0,2283,2495.0,2026-10-06,24 months,False,,,,,,,,https://www.invitationhomes.com/houses-for-rent/10541-danielson-ave-89129-6264,2026-08-23,2026-09-30,NV,Las Vegas,,,,,10541-danielson-ave-89129-6264
2026-09-30,INVH,Las Vegas,"10460 Mihela Ave, Las Vegas, NV, 89129",Las Vegas,INVH-10460-mihela-ave-89129-1602,3,3.0,1398,1915.0,2026-11-13,24 months,False,,,,,,,,https://www.invitationhomes.com/houses-for-rent/10460-mihela-ave-89129-1602,2026-09-30,2026-09-30,NV,Las Vegas,,,,,10460-mihela-ave-89129-1602
2026-09-30,INVH,Las Vegas,"6557 Grand Concourse St, Las Vegas, NV, 89166",Las Vegas,INVH-6557-grand-concourse-st-89166-5889,3,3.0,2087,2435.0,2026-10-07,24 months,False,,,,,,,,https://www.invitationhomes.com/houses-for-rent/6557-grand-concourse-st-89166-5889,2026-09-06,2026-09-30,NV,Las Vegas,,,,,6557-grand-concourse-st-89166-5889
2026-09-30,INVH,Las Vegas,"7361 Arlington Garden St, Las Vegas, NV, 89166",Las Vegas,INVH-7361-arlington-garden-st-89166-90322,4,2.0,1797,2185.0,2026-09-30,24 months,False,,,,,,,,https://www.invitationhomes.com/houses-for-rent/7361-arlington-garden-st-89166-90322,2026-04-04,2026-09-30,NV,Las Vegas,,,,,7361-arlington-garden-st-89166-90322
2026-09-30,INVH,Las Vegas,"10527 Laurelwood Lake Ave, Las Vegas, NV, 89166",Las Vegas,INVH-10527-laurelwood-lake-ave-las-vegas-nv-89166,4,2.5,1797,2349.0,2026-09-30,24 months,False,,,,,,,,https://www.invitationhomes.com/houses-for-rent/10527-laurelwood-lake-ave-las-vegas-nv-89166,2026-08-02,2026-09-30,NV,Las Vegas,,,,,10527-laurelwood-lake-ave-las-vegas-nv-89166
2026-09-30,INVH,Las Vegas,"7136 Indian Gap Avenue, Las Vegas, NV, 89179",Las Vegas,INVH-7136-indian-gap-avenue-89179-108723,3,2.5,1891,2140.0,2026-10-15,24 months,False,,,,,,,,https://www.invitationhomes.com/houses-for-rent/7136-indian-gap-avenue-89179-108723,2026-09-03,2026-09-30,NV,Las Vegas,,,,,7136-indian-gap-avenue-89179-108723
2026-09-30,INVH,Las Vegas,"9151 Clear Sky Ave, Las Vegas, NV, 89178",Las Vegas,INVH-9151-clear-sky-ave-las-vegas-nv-89178,3,2.75,1995,2265.0,2026-09-30,24 months,False,,,,,,,,https://www.invitationhomes.com/houses-for-rent/9151-clear-sky-ave-las-vegas-nv-89178,2026-08-02,2026-09-30,NV,Las Vegas,,,,,9151-clear-sky-ave-las-vegas-nv-89178
2026-09-30,INVH,Las Vegas,"9230 Weeping Water Ave, Las Vegas, NV, 89178",Las Vegas,INVH-9230-weeping-water-ave-89178-126059,4,3.0,1734,2050.0,2026-09-30,19 months,False,,,,,,,,https://www.invitationhomes.com/houses-for-rent/9230-weeping-water-ave-89178-126059,2026-09-30,2026-09-30,NV,Las Vegas,,,,,9230-weeping-water-ave-89178-126059
2026-09-30,INVH,Las Vegas,"9192 W Richmar Ave, Las Vegas, NV, 89178",Las Vegas,INVH-9192-w-richmar-ave-89178-5360,5,3.0,2765,3020.0,2026-10-31,20 months,False,,,,,,,,https://www.invitationhomes.com/houses-for-rent/9192-w-richmar-ave-89178-5360,2026-09-21,2026-09-30,NV,Las Vegas,,,,,9192-w-richmar-ave-89178-5360
2026-09-30,INVH,Las Vegas,"9551 Bachelors Fortune St, Las Vegas, NV, 89178",Las Vegas,INVH-9551-bachelors-fortune-st-89178-2005,4,3.0,1935,2295.0,2026-10-15,24 months,False,,,,,,,,https://www.invitationhomes.com/houses-for-rent/9551-bachelors-fortune-st-89178-2005,2026-09-03,2026-09-30,NV,Las Vegas,,,,,9551-bachelors-fortune-st-89178-2005
2026-09-30,INVH,Las Vegas,"9639 Vega Carpio Ave, Las Vegas, NV, 89178",Las Vegas,INVH-9639-vega-carpio-ave-89178-90975,3,2.5,2236,2190.0,2026-10-15,24 months,False,,,,,,,,https://www.invitationhomes.com/houses-for-rent/9639-vega-carpio-ave-89178-90975,2026-09-03,2026-09-30,NV,Las Vegas,,,,,9639-vega-carpio-ave-89178-90975
2026-09-30,INVH,Las Vegas,"8316 Lower Trailhead Ave, Las Vegas, NV, 89113",Las Vegas,INVH-8316-lower-trailhead-ave-89113-3448,2,2.5,1373,1845.0,2026-09-30,24 months,False,,,,,,,,https://www.invitationhomes.com/houses-for-rent/8316-lower-trailhead-ave-89113-3448,2026-08-02,2026-09-30,NV,Las Vegas,,,,,8316-lower-trailhead-ave-89113-3448
2026-09-30,INVH,Las Vegas,"10638 Congaree St, Las Vegas, NV, 89141",Las Vegas,INVH-10638-congaree-st-89141-108758,4,2.5,1875,2345.0,2026-10-20,24 months,False,,,,,,,,https://www.invitationhomes.com/houses-for-rent/10638-congaree-st-89141-108758,2026-09-06,2026-09-30,NV,Las Vegas,,,,,10638-congaree-st-89141-108758
2026-09-30,INVH,Las Vegas,"10922 Coppola St, Las Vegas, NV, 89141",Las Vegas,INVH-10922-coppola-st-las-vegas-nv-89141,3,2.0,1405,2065.0,2026-09-30,24 months,False,,,,,,,,https://www.invitationhomes.com/houses-for-rent/10922-coppola-st-las-vegas-nv-89141,2026-08-23,2026-09-30,NV,Las Vegas,,,,,10922-coppola-st-las-vegas-nv-89141
2026-09-30,INVH,Las Vegas,"133 Gilliflower Ave, Las Vegas, NV, 89183",Las Vegas,INVH-133-gilliflower-ave-89183-94620,3,2.5,1485,1799.0,2026-09-30,24 months,False,,,,,,,,https://www.invitationhomes.com/houses-for-rent/133-gilliflower-ave-89183-94620,2026-08-02,2026-09-30,NV,Las Vegas,,,,,133-gilliflower-ave-89183-94620
2026-09-30,INVH,Las Vegas,"280 Bella Calabria Ave, Las Vegas, NV, 89183",Las Vegas,INVH-280-bella-calabria-ave-89183-1112,3,2.5,2014,2140.0,2026-09-30,24 months,False,,,,,,,,https://www.invitationhomes.com/houses-for-rent/280-bella-calabria-ave-89183-1112,2026-08-02,2026-09-30,NV,Las Vegas,,,,,280-bella-calabria-ave-89183-1112
2026-09-30,INVH,Las Vegas,"11675 Tierney Creek Dr, Las Vegas, NV, 89183",Las Vegas,INVH-11675-tierney-creek-dr-89183-8644,4,3.0,2283,2195.0,2026-09-30,24 months,False,,,,,,,,https://www.invitationhomes.com/houses-for-rent/11675-tierney-creek-dr-89183-8644,2026-07-19,2026-09-30,NV,Las Vegas,,,,,11675-tierney-creek-dr-89183-8644
2026-09-30,INVH,Las Vegas,"10775 Villa Carlotta Ct, Las Vegas, NV, 89141",Las Vegas,INVH-10775-villa-carlotta-ct-89141-2304,5,3.5,3021,2895.0,2026-09-30,12 months,False,,,,,,,,https://www.invitationhomes.com/houses-for-rent/10775-villa-carlotta-ct-89141-2304,2026-08-16,2026-09-30,NV,Las Vegas,,,,,10775-villa-carlotta-ct-89141-2304
2026-09-30,INVH,Las Vegas,"9164 Briarthorne St, Las Vegas, NV, 89123",Las Vegas,INVH-9164-briarthorne-st-89123-93465,3,2.0,1572,1945.0,2026-10-02,24 months,False,,,,,,,,https://www.invitationhomes.com/houses-for-rent/9164-briarthorne-st-89123-93465,2026-09-03,2026-09-30,NV,Las Vegas,,,,,9164-briarthorne-st-89123-93465
2026-09-30,INVH,Las Vegas,"948 Country Skies Ave, Las Vegas, NV, 89123",Las Vegas,INVH-948-country-skies-ave-las-vegas-nv-89123,3,2.0,1416,1995.0,2026-09-30,24 months,False,,,,,,,,https://www.invitationhomes.com/houses-for-rent/948-country-skies-ave-las-vegas-nv-89123,2026-07-19,2026-09-30,NV,Las Vegas,,,,,948-country-skies-ave-las-vegas-nv-89123
2026-09-30,INVH,Las Vegas,"616 Thornewood Pl, Las Vegas, NV, 89123",Las Vegas,INVH-616-thornewood-pl-89123-90629,3,2.0,1250,1895.0,2026-09-30,24 months,False,,,,,,,,https://www.invitationhomes.com/houses-for-rent/616-thornewood-pl-89123-90629,2026-09-03,2026-09-30,NV,Las Vegas,,,,,616-thornewood-pl-89123-90629
2026-09-30,INVH,Las Vegas,"2867 Donegal St, Henderson, NV, 89044",Las Vegas,INVH-2867-donegal-st-henderson-nv-89044,3,2.5,2661,3020.0,2026-10-06,20 months,False,,,,,,,,https://www.invitationhomes.com/houses-for-rent/2867-donegal-st-henderson-nv-89044,2026-09-03,2026-09-30,NV,Henderson,,,,,2867-donegal-st-henderson-nv-89044
2026-09-30,INVH,Las Vegas,"1342 Temporale Dr, Henderson, NV, 89052",Las Vegas,INVH-1342-temporale-dr-89052-5941,3,3.0,2168,2845.0,2026-10-28,20 months,False,,,,,,,,https://www.invitationhomes.com/houses-for-rent/1342-temporale-dr-89052-5941,2026-04-20,2026-09-30,NV,Henderson,,,,,1342-temporale-dr-89052-5941
2026-09-30,INVH,Las Vegas,"1331 Willow Village Ave, Las Vegas, NV, 89183",Las Vegas,INVH-1331-willow-village-ave-89183-8022,2,2.0,1236,1795.0,2026-09-30,24 months,False,,,,,,,,https://www.invitationhomes.com/houses-for-rent/1331-willow-village-ave-89183-8022,2026-07-19,2026-09-30,NV,Las Vegas,,,,,1331-willow-village-ave-89183-8022
2026-09-30,INVH,Las Vegas,"2468 Via de Cortona, Henderson, NV, 89074",Las Vegas,INVH-2468-via-de-cortona-89074-4724,3,2.0,1302,2045.0,2026-09-30,24 months,False,,,,,,,,https://www.invitationhomes.com/houses-for-rent/2468-via-de-cortona-89074-4724,2026-09-03,2026-09-30,NV,Henderson,,,,,2468-via-de-cortona-89074-4724
2026-09-30,INVH,Las Vegas,"2405 Eagleridge Dr, Henderson, NV, 89074",Las Vegas,INVH-2405-eagleridge-dr-89074-4171,4,3.0,3466,3699.0,2026-09-30,24 months,False,,,,,,,,https://www.invitationhomes.com/houses-for-rent/2405-eagleridge-dr-89074-4171,2026-09-21,2026-09-30,NV,Henderson,,,,,2405-eagleridge-dr-89074-4171
2026-09-30,INVH,Las Vegas,"87 Yesterday Dr, Henderson, NV, 89074",Las Vegas,INVH-87-yesterday-dr-henderson-nv-89074,3,2.5,1511,2045.0,2026-10-02,24 months,False,,,,,,,,https://www.invitationhomes.com/houses-for-rent/87-yesterday-dr-henderson-nv-89074,2026-09-03,2026-09-30,NV,Henderson,,,,,87-yesterday-dr-henderson-nv-89074
2026-09-30,INVH,Las Vegas,"2143 Falcon Pointe Ln, Henderson, NV, 89074",Las Vegas,INVH-2143-falcon-pointe-ln-89074-6812,3,3.0,2129,2445.0,2026-09-30,24 months,False,,,,,,,,https://www.invitationhomes.com/houses-for-rent/2143-falcon-pointe-ln-89074-6812,2026-08-16,2026-09-30,NV,Henderson,,,,,2143-falcon-pointe-ln-89074-6812
2026-09-30,INVH,Las Vegas,"780 Viento del Montagna Ave, Henderson, NV, 89012",Las Vegas,INVH-780-viento-del-montagna-ave-89012-8567,4,3.0,2942,2675.0,2026-10-05,24 months,False,,,,,,,,https://www.invitationhomes.com/houses-for-rent/780-viento-del-montagna-ave-89012-8567,2026-09-03,2026-09-30,NV,Henderson,,,,,780-viento-del-montagna-ave-89012-8567
2026-09-30,INVH,Las Vegas,"694 Mineral Hill Ln, Henderson, NV, 89002",Las Vegas,INVH-694-mineral-hill-ln-89002-5539,4,2.0,1944,2295.0,2026-10-25,24 months,False,,,,,,,,https://www.invitationhomes.com/houses-for-rent/694-mineral-hill-ln-89002-5539,2026-09-12,2026-09-30,NV,Henderson,,,,,694-mineral-hill-ln-89002-5539
2026-09-30,INVH,Las Vegas,"214 Appian Way, Henderson, NV, 89002",Las Vegas,INVH-214-appian-way-89002-108620,4,2.0,1512,1895.0,2026-10-09,24 months,False,,,,,,,,https://www.invitationhomes.com/houses-for-rent/214-appian-way-89002-108620,2026-09-03,2026-09-30,NV,Henderson,,,,,214-appian-way-89002-108620
2026-09-30,INVH,Las Vegas,"436 Tiger Lily Way, Henderson, NV, 89015",Las Vegas,INVH-436-tiger-lily-way-89015-108949,4,2.0,1725,2345.0,2026-10-29,12 months,False,,,,,,,,https://www.invitationhomes.com/houses-for-rent/436-tiger-lily-way-89015-108949,2026-04-26,2026-09-30,NV,Henderson,,,,,436-tiger-lily-way-89015-108949
2026-09-30,INVH,Las Vegas,"6783 Wormwood Ln, Las Vegas, NV, 89148",Las Vegas,INVH-6783-wormwood-ln-89148-89721,3,2.5,1558,2095.0,2026-10-02,24 months,False,,,,,,,,https://www.invitationhomes.com/houses-for-rent/6783-wormwood-ln-89148-89721,2026-09-30,2026-09-30,NV,Las Vegas,,,,,6783-wormwood-ln-89148-89721
2026-09-30,INVH,Las Vegas,"9457 Stills Way, Las Vegas, NV, 89148",Las Vegas,INVH-9457-stills-way-89148-95914,3,3.0,1792,2335.0,2026-10-14,12 months,False,,,,,,,,https://www.invitationhomes.com/houses-for-rent/9457-stills-way-89148-95914,2026-09-21,2026-09-30,NV,Las Vegas,,,,,9457-stills-way-89148-95914
2026-09-30,INVH,Las Vegas,"5526 Olympic Spirit Ln, Las Vegas, NV, 89113",Las Vegas,INVH-5526-olympic-spirit-ln-89113-90794,3,2.0,1594,2085.0,2026-10-30,24 months,False,,,,,,,,https://www.invitationhomes.com/houses-for-rent/5526-olympic-spirit-ln-89113-90794,2026-09-21,2026-09-30,NV,Las Vegas,,,,,5526-olympic-spirit-ln-89113-90794
2026-09-30,INVH,Las Vegas,"5006 Tioga Pass Ave, Las Vegas, NV, 89139",Las Vegas,INVH-5006-tioga-pass-ave-89139-7848,4,2.5,1541,2060.0,2026-10-10,24 months,False,,,,,,,,https://www.invitationhomes.com/houses-for-rent/5006-tioga-pass-ave-89139-7848,2026-09-30,2026-09-30,NV,Las Vegas,,,,,5006-tioga-pass-ave-89139-7848
2026-09-30,INVH,Las Vegas,"7744 Bird of Paradise Ct, Las Vegas, NV, 89123",Las Vegas,INVH-7744-bird-of-paradise-ct-89123-8386,5,3.0,2760,3045.0,2026-09-30,20 months,False,,,,,,,,https://www.invitationhomes.com/houses-for-rent/7744-bird-of-paradise-ct-89123-8386,2026-08-10,2026-09-30,NV,Las Vegas,,,,,7744-bird-of-paradise-ct-89123-8386
2026-09-30,INVH,Las Vegas,"3183 Lapis Beach Dr, Las Vegas, NV, 89117",Las Vegas,INVH-3183-lapis-beach-dr-89117-4049,3,3.0,2697,2830.0,2026-09-30,12 months,False,,,,,,,,https://www.invitationhomes.com/houses-for-rent/3183-lapis-beach-dr-89117-4049,2026-08-10,2026-09-30,NV,Las Vegas,,,,,3183-lapis-beach-dr-89117-4049
2026-09-30,INVH,Las Vegas,"1516 Kirby Dr, Las Vegas, NV, 89117",Las Vegas,INVH-1516-kirby-dr-89117-2531,4,3.0,2390,3060.0,2026-10-26,20 months,False,,,,,,,,https://www.invitationhomes.com/houses-for-rent/1516-kirby-dr-89117-2531,2026-08-23,2026-09-30,NV,Las Vegas,,,,,1516-kirby-dr-89117-2531
2026-09-30,INVH,Las Vegas,"606 Greenhurst Road, Las Vegas, NV, 89145",Las Vegas,INVH-606-greenhurst-road-89145-108859,5,2.0,1905,2075.0,2026-11-01,24 months,False,,,,,,,,https://www.invitationhomes.com/houses-for-rent/606-greenhurst-road-89145-108859,2026-07-19,2026-09-30,NV,Las Vegas,,,,,606-greenhurst-road-89145-108859
2026-09-30,INVH,Las Vegas,"2233 Warm Walnut Dr, Las Vegas, NV, 89134",Las Vegas,INVH-2233-warm-walnut-dr-89134-95036,3,3.0,1704,2390.0,2026-09-30,12 months,False,,,,,,,,https://www.invitationhomes.com/houses-for-rent/2233-warm-walnut-dr-89134-95036,2026-08-16,2026-09-30,NV,Las Vegas,,,,,2233-warm-walnut-dr-89134-95036
2026-09-30,INVH,Las Vegas,"1628 Sun Canyon Ct, Las Vegas, NV, 89128",Las Vegas,INVH-1628-sun-canyon-ct-89128-7207,4,3.0,2080,2240.0,2026-10-08,24 months,False,,,,,,,,https://www.invitationhomes.com/houses-for-rent/1628-sun-canyon-ct-89128-7207,2026-07-19,2026-09-30,NV,Las Vegas,,,,,1628-sun-canyon-ct-89128-7207
2026-09-30,INVH,Las Vegas,"7413 Sunspot Dr, Las Vegas, NV, 89128",Las Vegas,INVH-7413-sunspot-dr-las-vegas-nv-89128,4,3.0,1865,2245.0,2026-10-06,24 months,False,,,,,,,,https://www.invitationhomes.com/houses-for-rent/7413-sunspot-dr-las-vegas-nv-89128,2026-08-10,2026-09-30,NV,Las Vegas,,,,,7413-sunspot-dr-las-vegas-nv-89128
2026-09-30,INVH,Las Vegas,"7216 Old Time Cir, Las Vegas, NV, 89128",Las Vegas,INVH-7216-old-time-cir-89128-1351,2,2.0,1131,1880.0,2026-10-14,24 months,False,,,,,,,,https://www.invitationhomes.com/houses-for-rent/7216-old-time-cir-89128-1351,2026-09-03,2026-09-30,NV,Las Vegas,,,,,7216-old-time-cir-89128-1351
2026-09-30,INVH,Las Vegas,"1953 Bookbinder Dr, Las Vegas, NV, 89108",Las Vegas,INVH-1953-bookbinder-dr-89108-7743,3,2.0,1292,1749.0,2026-09-30,24 months,False,,,,,,,,https://www.invitationhomes.com/houses-for-rent/1953-bookbinder-dr-89108-7743,2026-07-19,2026-09-30,NV,Las Vegas,,,,,1953-bookbinder-dr-89108-7743
2026-09-30,INVH,Las Vegas,"2709 Brill St, Las Vegas, NV, 89108",Las Vegas,INVH-2709-brill-st-las-vegas-nv-89108,4,3.0,1895,2345.0,2026-10-15,24 months,False,,,,,,,,https://www.invitationhomes.com/houses-for-rent/2709-brill-st-las-vegas-nv-89108,2026-08-16,2026-09-30,NV,Las Vegas,,,,,2709-brill-st-las-vegas-nv-89108
2026-09-30,INVH,Las Vegas,"7749 Brook Valley Dr, Las Vegas, NV, 89123",Las Vegas,INVH-7749-brook-valley-dr-89123-6518,3,3.0,2499,2335.0,2026-09-30,24 months,False,,,,,,,,https://www.invitationhomes.com/houses-for-rent/7749-brook-valley-dr-89123-6518,2026-08-16,2026-09-30,NV,Las Vegas,,,,,7749-brook-valley-dr-89123-6518
2026-09-30,INVH,Las Vegas,"143 Primero Way, Henderson, NV, 89074",Las Vegas,INVH-143-primero-way-89074-108596,3,3.0,1873,2245.0,2026-11-03,24 months,False,,,,,,,,https://www.invitationhomes.com/houses-for-rent/143-primero-way-89074-108596,2026-09-21,2026-09-30,NV,Henderson,,,,,143-primero-way-89074-108596
2026-09-30,INVH,Las Vegas,"2667 Ridgewater Cir, Henderson, NV, 89074",Las Vegas,INVH-2667-ridgewater-cir-89074-83570,3,2.5,2021,2395.0,2026-10-16,24 months,False,,,,,,,,https://www.invitationhomes.com/houses-for-rent/2667-ridgewater-cir-89074-83570,2026-09-03,2026-09-30,NV,Henderson,,,,,2667-ridgewater-cir-89074-83570
2026-09-30,INVH,Las Vegas,"313 Abbington St, Henderson, NV, 89074",Las Vegas,INVH-313-abbington-st-89074-91488,3,2.0,1351,1995.0,2026-09-30,24 months,False,,,,,,,,https://www.invitationhomes.com/houses-for-rent/313-abbington-st-89074-91488,2026-07-19,2026-09-30,NV,Henderson,,,,,313-abbington-st-89074-91488
2026-09-30,INVH,Las Vegas,"182 Raton Dr, Henderson, NV, 89074",Las Vegas,INVH-182-raton-dr-89074-4410,4,3.0,2575,2945.0,2026-10-14,20 months,False,,,,,,,,https://www.invitationhomes.com/houses-for-rent/182-raton-dr-89074-4410,2026-09-03,2026-09-30,NV,Henderson,,,,,182-raton-dr-89074-4410
2026-09-30,INVH,Las Vegas,"198 Kachina Dr, Henderson, NV, 89074",Las Vegas,INVH-198-kachina-dr-89074-6726,4,2.75,2214,2745.0,2026-10-02,24 months,False,,,,,,,,https://www.invitationhomes.com/houses-for-rent/198-kachina-dr-89074-6726,2026-09-12,2026-09-30,NV,Henderson,,,,,198-kachina-dr-89074-6726
2026-09-30,INVH,Las Vegas,"1700 Dixie Peak Ct, Henderson, NV, 89014",Las Vegas,INVH-1700-dixie-peak-ct-89014-1125,4,3.0,2362,2675.0,2026-09-30,24 months,False,,,,,,,,https://www.invitationhomes.com/houses-for-rent/1700-dixie-peak-ct-89014-1125,2026-04-04,2026-09-30,NV,Henderson,,,,,1700-dixie-peak-ct-89014-1125
2026-09-30,INVH,Las Vegas,"320 Perry Ellis Dr, Henderson, NV, 89014",Las Vegas,INVH-320-perry-ellis-dr-henderson-nv-89014,3,2.5,1896,2595.0,2026-10-23,24 months,False,,,,,,,,https://www.invitationhomes.com/houses-for-rent/320-perry-ellis-dr-henderson-nv-89014,2026-09-30,2026-09-30,NV,Henderson,,,,,320-perry-ellis-dr-henderson-nv-89014
2026-09-30,INVH,Las Vegas,"1299 Winter Solstice Ave, Henderson, NV, 89014",Las Vegas,INVH-1299-winter-solstice-ave-89014-94636,3,2.0,1570,2080.0,2026-09-30,24 months,False,,,,,,,,https://www.invitationhomes.com/houses-for-rent/1299-winter-solstice-ave-89014-94636,2026-09-03,2026-09-30,NV,Henderson,,,,,1299-winter-solstice-ave-89014-94636
2026-09-30,INVH,Las Vegas,"6278 Castle Kennedy St, Henderson, NV, 89011",Las Vegas,INVH-6278-castle-kennedy-st-89011-91566,3,2.5,1415,1965.0,2026-09-30,24 months,False,,,,,,,,https://www.invitationhomes.com/houses-for-rent/6278-castle-kennedy-st-89011-91566,2026-08-16,2026-09-30,NV,Henderson,,,,,6278-castle-kennedy-st-89011-91566
2026-09-30,INVH,Las Vegas,"723 Aloe Yucca Ave, Henderson, NV, 89011",Las Vegas,INVH-723-aloe-yucca-ave-henderson-nv-89011,3,2.5,1976,2095.0,2026-10-20,24 months,False,,,,,,,,https://www.invitationhomes.com/houses-for-rent/723-aloe-yucca-ave-henderson-nv-89011,2026-08-16,2026-09-30,NV,Henderson,,,,,723-aloe-yucca-ave-henderson-nv-89011
2026-09-30,INVH,Las Vegas,"6098 Aripeka St, Henderson, NV, 89011",Las Vegas,INVH-6098-aripeka-st-89011-6332,2,2.5,1193,1825.0,2026-11-03,24 months,False,,,,,,,,https://www.invitationhomes.com/houses-for-rent/6098-aripeka-st-89011-6332,2026-09-03,2026-09-30,NV,Henderson,,,,,6098-aripeka-st-89011-6332
2026-09-30,INVH,Las Vegas,"181 Almond Ridge Pl, Henderson, NV, 89015",Las Vegas,INVH-181-almond-ridge-pl-89015-90077,3,2.0,1316,1799.0,2026-09-30,24 months,False,,,,,,,,https://www.invitationhomes.com/houses-for-rent/181-almond-ridge-pl-89015-90077,2026-09-03,2026-09-30,NV,Henderson,,,,,181-almond-ridge-pl-89015-90077
2026-09-30,INVH,Las Vegas,"5213 Los Pinos St, Las Vegas, NV, 89122",Las Vegas,INVH-5213-los-pinos-st-89122-9219,4,2.5,1335,2075.0,2026-10-28,24 months,False,,,,,,,,https://www.invitationhomes.com/houses-for-rent/5213-los-pinos-st-89122-9219,2026-09-21,2026-09-30,NV,Las Vegas,,,,,5213-los-pinos-st-89122-9219
2026-09-30,INVH,Las Vegas,"6463 Ness Gardens Ct, Las Vegas, NV, 89122",Las Vegas,INVH-6463-ness-gardens-ct-89122-5905,3,3.0,1457,1895.0,2026-10-24,24 months,False,,,,,,,,https://www.invitationhomes.com/houses-for-rent/6463-ness-gardens-ct-89122-5905,2026-09-09,2026-09-30,NV,Las Vegas,,,,,6463-ness-gardens-ct-89122-5905
2026-09-30,INVH,Las Vegas,"3599 Bufflehead St, Las Vegas, NV, 89122",Las Vegas,INVH-3599-bufflehead-st-89122-4044,5,3.5,3749,2920.0,2026-09-30,20 months,False,,,,,,,,https://www.invitationhomes.com/houses-for-rent/3599-bufflehead-st-89122-4044,2026-07-19,2026-09-30,NV,Las Vegas,,,,,3599-bufflehead-st-89122-4044
2026-09-30,INVH,Las Vegas,"3786 Tundra Swan Street, Las Vegas, NV, 89122",Las Vegas,INVH-3786-tundra-swan-street-89122-108562,5,3.0,3049,2495.0,2026-10-18,24 months,False,,,,,,,,https://www.invitationhomes.com/houses-for-rent/3786-tundra-swan-street-89122-108562,2026-09-03,2026-09-30,NV,Las Vegas,,,,,3786-tundra-swan-street-89122-108562
2026-09-30,INVH,Las Vegas,"3622 Winter Wren St, Las Vegas, NV, 89122",Las Vegas,INVH-3622-winter-wren-st-las-vegas-nv-89122,4,2.75,2240,2460.0,2026-10-02,24 months,False,,,,,,,,https://www.invitationhomes.com/houses-for-rent/3622-winter-wren-st-las-vegas-nv-89122,2026-09-30,2026-09-30,NV,Las Vegas,,,,,3622-winter-wren-st-las-vegas-nv-89122
2026-09-30,INVH,Las Vegas,"1864 Verde Mirada Dr, Las Vegas, NV, 89115",Las Vegas,INVH-1864-verde-mirada-dr-las-vegas-nv-89115,4,3.0,2769,2295.0,2026-09-30,24 months,False,,,,,,,,https://www.invitationhomes.com/houses-for-rent/1864-verde-mirada-dr-las-vegas-nv-89115,2026-04-04,2026-09-30,NV,Las Vegas,,,,,1864-verde-mirada-dr-las-vegas-nv-89115
2026-09-30,INVH,Las Vegas,"5961 Mahogany Mountain Dr, Las Vegas, NV, 89142",Las Vegas,INVH-5961-mahogany-mountain-dr-89142-5213,3,3.0,1594,1845.0,2026-09-30,24 months,False,,,,,,,,https://www.invitationhomes.com/houses-for-rent/5961-mahogany-mountain-dr-89142-5213,2026-07-19,2026-09-30,NV,Las Vegas,,,,,5961-mahogany-mountain-dr-89142-5213
2026-09-30,INVH,Las Vegas,"6554 Coronado Canyon Ave, Las Vegas, NV, 89142",Las Vegas,INVH-6554-coronado-canyon-ave-89142-3201,3,2.5,1352,1870.0,2026-10-07,24 months,False,,,,,,,,https://www.invitationhomes.com/houses-for-rent/6554-coronado-canyon-ave-89142-3201,2026-09-03,2026-09-30,NV,Las Vegas,,,,,6554-coronado-canyon-ave-89142-3201
2026-09-30,INVH,Las Vegas,"1152 Golden Apple St, Las Vegas, NV, 89142",Las Vegas,INVH-1152-golden-apple-st-89142-1716,3,2.5,1478,1995.0,2026-10-02,24 months,False,,,,,,,,https://www.invitationhomes.com/houses-for-rent/1152-golden-apple-st-89142-1716,2026-09-30,2026-09-30,NV,Las Vegas,,,,,1152-golden-apple-st-89142-1716
2026-09-30,INVH,Las Vegas,"915 Golden Poppy St, Las Vegas, NV, 89110",Las Vegas,INVH-915-golden-poppy-st-las-vegas-nv-89110,4,3.0,3168,2525.0,2026-09-30,24 months,False,,,,,,,,https://www.invitationhomes.com/houses-for-rent/915-golden-poppy-st-las-vegas-nv-89110,2026-08-02,2026-09-30,NV,Las Vegas,,,,,915-golden-poppy-st-las-vegas-nv-89110
2026-09-30,INVH,Las Vegas,"6117 Turtle River Ave, Las Vegas, NV, 89156",Las Vegas,INVH-6117-turtle-river-ave-las-vegas-nv-89156,3,2.0,1630,1999.0,2026-10-15,24 months,False,,,,,,,,https://www.invitationhomes.com/houses-for-rent/6117-turtle-river-ave-las-vegas-nv-89156,2026-09-30,2026-09-30,NV,Las Vegas,,,,,6117-turtle-river-ave-las-vegas-nv-89156
2026-09-30,INVH,Las Vegas,"6240 Branded Brook Ave, Las Vegas, NV, 89156",Las Vegas,INVH-6240-branded-brook-ave-89156-6659,3,2.0,1630,1849.0,2026-09-30,24 months,False,,,,,,,,https://www.invitationhomes.com/houses-for-rent/6240-branded-brook-ave-89156-6659,2026-08-02,2026-09-30,NV,Las Vegas,,,,,6240-branded-brook-ave-89156-6659
2026-09-30,INVH,Las Vegas,"941 Chaps Cir, Henderson, NV, 89002",Las Vegas,INVH-941-chaps-cir-henderson-nv-89002,4,2.0,1577,2240.0,2026-10-06,24 months,False,,,,,,,,https://www.invitationhomes.com/houses-for-rent/941-chaps-cir-henderson-nv-89002,2026-08-16,2026-09-30,NV,Henderson,,,,,941-chaps-cir-henderson-nv-89002
2026-09-30,INVH,Las Vegas,"1130 Gainesborough Ct, Henderson, NV, 89015",Las Vegas,INVH-1130-gainesborough-ct-henderson-nv-89015,4,2.5,2221,2530.0,2026-10-15,24 months,False,,,,,,,,https://www.invitationhomes.com/houses-for-rent/1130-gainesborough-ct-henderson-nv-89015,2026-09-03,2026-09-30,NV,Henderson,,,,,1130-gainesborough-ct-henderson-nv-89015
2026-09-30,INVH,Las Vegas,"433 Mystic River St, Henderson, NV, 89015",Las Vegas,INVH-433-mystic-river-st-89015-95301,5,3.0,2944,2920.0,2026-09-30,20 months,False,,,,,,,,https://www.invitationhomes.com/houses-for-rent/433-mystic-river-st-89015-95301,2026-08-23,2026-09-30,NV,Henderson,,,,,433-mystic-river-st-89015-95301
2026-09-30,INVH,Las Vegas,"439 Bell Ave, Henderson, NV, 89015",Las Vegas,INVH-439-bell-ave-henderson-nv-89015,3,2.0,1241,1995.0,2026-09-30,24 months,False,,,,,,,,https://www.invitationhomes.com/houses-for-rent/439-bell-ave-henderson-nv-89015,2026-08-16,2026-09-30,NV,Henderson,,,,,439-bell-ave-henderson-nv-89015
2026-09-30,INVH,Las Vegas,"3429 Camsore Point Lane, Las Vegas, NV, 89129",Las Vegas,INVH-3429-camsore-point-lane-89129-108623,3,3.0,1896,2395.0,2026-10-31,24 months,False,,,,,,,,https://www.invitationhomes.com/houses-for-rent/3429-camsore-point-lane-89129-108623,2026-09-21,2026-09-30,NV,Las Vegas,,,,,3429-camsore-point-lane-89129-108623
2026-09-30,INVH,Las Vegas,"9173 Sparklewood Court, Las Vegas, NV, 89129",Las Vegas,INVH-9173-sparklewood-court-89129-108695,4,2.5,1659,2099.0,2026-09-30,24 months,False,,,,,,,,https://www.invitationhomes.com/houses-for-rent/9173-sparklewood-court-89129-108695,2026-08-02,2026-09-30,NV,Las Vegas,,,,,9173-sparklewood-court-89129-108695
2026-09-30,INVH,Las Vegas,"9401 Sparkling Waters Ave, Las Vegas, NV, 89129",Las Vegas,INVH-9401-sparkling-waters-ave-89129-6847,3,3.0,2368,2735.0,2026-10-25,24 months,False,,,,,,,,https://www.invitationhomes.com/houses-for-rent/9401-sparkling-waters-ave-89129-6847,2026-09-12,2026-09-30,NV,Las Vegas,,,,,9401-sparkling-waters-ave-89129-6847
2026-09-30,INVH,Las Vegas,"8508 W Gilmore Ave, Las Vegas, NV, 89129",Las Vegas,INVH-8508-w-gilmore-ave-89129-7609,6,3.0,3083,3185.0,2026-09-30,20 months,False,,,,,,,,https://www.invitationhomes.com/houses-for-rent/8508-w-gilmore-ave-89129-7609,2026-08-16,2026-09-30,NV,Las Vegas,,,,,8508-w-gilmore-ave-89129-7609
2026-09-30,INVH,Las Vegas,"7928 Turtle Island Ct, Las Vegas, NV, 89129",Las Vegas,INVH-7928-turtle-island-ct-89129-83019,3,2.0,1348,1895.0,2026-10-14,12 months,False,,,,,,,,https://www.invitationhomes.com/houses-for-rent/7928-turtle-island-ct-89129-83019,2026-09-30,2026-09-30,NV,Las Vegas,,,,,7928-turtle-island-ct-89129-83019
2026-09-30,INVH,Las Vegas,"3121 Autumn Leaf Ct, Las Vegas, NV, 89108",Las Vegas,INVH-3121-autumn-leaf-ct-89108-1370,4,2.0,1918,2345.0,2026-10-16,24 months,False,,,,,,,,https://www.invitationhomes.com/houses-for-rent/3121-autumn-leaf-ct-89108-1370,2026-09-03,2026-09-30,NV,Las Vegas,,,,,3121-autumn-leaf-ct-89108-1370
2026-09-30,INVH,Las Vegas,"7224 Camden Pine Ave, Las Vegas, NV, 89129",Las Vegas,INVH-7224-camden-pine-ave-89129-7125,3,2.0,1337,1949.0,2026-10-02,24 months,False,,,,,,,,https://www.invitationhomes.com/houses-for-rent/7224-camden-pine-ave-89129-7125,2026-08-16,2026-09-30,NV,Las Vegas,,,,,7224-camden-pine-ave-89129-7125
2026-09-30,INVH,Las Vegas,"7036 Overhill Ave, Las Vegas, NV, 89129",Las Vegas,INVH-7036-overhill-ave-las-vegas-nv-89129,3,2.0,1593,2075.0,2026-10-27,24 months,False,,,,,,,,https://www.invitationhomes.com/houses-for-rent/7036-overhill-ave-las-vegas-nv-89129,2026-09-12,2026-09-30,NV,Las Vegas,,,,,7036-overhill-ave-las-vegas-nv-89129
2026-09-30,INVH,Las Vegas,"4794 Hampstead Heath Ct, Las Vegas, NV, 89130",Las Vegas,INVH-4794-hampstead-heath-ct-89130-108838,4,3.5,1686,2025.0,2026-09-30,24 months,False,,,,,,,,https://www.invitationhomes.com/houses-for-rent/4794-hampstead-heath-ct-89130-108838,2026-07-19,2026-09-30,NV,Las Vegas,,,,,4794-hampstead-heath-ct-89130-108838
2026-09-30,INVH,Las Vegas,"9029 Spirit Canyon Ave, Las Vegas, NV, 89149",Las Vegas,INVH-9029-spirit-canyon-ave-89149-95866,3,2.5,1723,2390.0,2026-10-02,24 months,False,,,,,,,,https://www.invitationhomes.com/houses-for-rent/9029-spirit-canyon-ave-89149-95866,2026-09-03,2026-09-30,NV,Las Vegas,,,,,9029-spirit-canyon-ave-89149-95866
2026-09-30,INVH,Las Vegas,"9008 Dorrell Ln, Las Vegas, NV, 89149",Las Vegas,INVH-9008-dorrell-ln-89149-83024,4,3.0,2464,2665.0,2026-11-05,24 months,False,,,,,,,,https://www.invitationhomes.com/houses-for-rent/9008-dorrell-ln-89149-83024,2026-09-30,2026-09-30,NV,Las Vegas,,,,,9008-dorrell-ln-89149-83024
2026-09-30,INVH,Las Vegas,"7341 Nautical Stone Ct, Las Vegas, NV, 89149",Las Vegas,INVH-7341-nautical-stone-ct-89149-90304,3,2.5,1782,2045.0,2026-10-15,24 months,False,,,,,,,,https://www.invitationhomes.com/houses-for-rent/7341-nautical-stone-ct-89149-90304,2026-09-03,2026-09-30,NV,Las Vegas,,,,,7341-nautical-stone-ct-89149-90304
2026-09-30,INVH,Las Vegas,"8044 Revolver Ave, Las Vegas, NV, 89131",Las Vegas,INVH-8044-revolver-ave-89131-7557,3,2.5,1674,2015.0,2026-09-30,24 months,False,,,,,,,,https://www.invitationhomes.com/houses-for-rent/8044-revolver-ave-89131-7557,2026-08-23,2026-09-30,NV,Las Vegas,,,,,8044-revolver-ave-89131-7557
2026-09-30,INVH,Las Vegas,"7285 Golden Star Ave, Las Vegas, NV, 89130",Las Vegas,INVH-7285-golden-star-ave-89130-9830,3,2.0,1454,1785.0,2026-09-30,24 months,False,,,,,,,,https://www.invitationhomes.com/houses-for-rent/7285-golden-star-ave-89130-9830,2026-08-10,2026-09-30,NV,Las Vegas,,,,,7285-golden-star-ave-89130-9830
2026-09-30,INVH,Las Vegas,"5908 Kane Holly St, Las Vegas, NV, 89130",Las Vegas,INVH-5908-kane-holly-st-89130-8299,3,2.0,1998,2190.0,2026-10-15,24 months,False,,,,,,,,https://www.invitationhomes.com/houses-for-rent/5908-kane-holly-st-89130-8299,2026-09-03,2026-09-30,NV,Las Vegas,,,,,5908-kane-holly-st-89130-8299
2026-09-30,INVH,Las Vegas,"7805 Robinglen Ave, Las Vegas, NV, 89131",Las Vegas,INVH-7805-robinglen-ave-89131-4924,4,3.0,2284,2435.0,2026-10-05,24 months,False,,,,,,,,https://www.invitationhomes.com/houses-for-rent/7805-robinglen-ave-89131-4924,2026-05-17,2026-09-30,NV,Las Vegas,,,,,7805-robinglen-ave-89131-4924
2026-09-30,INVH,Las Vegas,"7839 Meandering Path Ave, Las Vegas, NV, 89131",Las Vegas,INVH-7839-meandering-path-ave-89131-5691,5,3.0,2220,2595.0,2026-09-30,24 months,False,,,,,,,,https://www.invitationhomes.com/houses-for-rent/7839-meandering-path-ave-89131-5691,2026-08-02,2026-09-30,NV,Las Vegas,,,,,7839-meandering-path-ave-89131-5691
2026-09-30,INVH,Las Vegas,"3818 Passionfruit St, North Las Vegas, NV, 89032",Las Vegas,INVH-3818-passionfruit-st-89032-4696,3,2.0,1347,1845.0,2026-10-31,24 months,False,,,,,,,,https://www.invitationhomes.com/houses-for-rent/3818-passionfruit-st-89032-4696,2026-09-21,2026-09-30,NV,North Las Vegas,,,,,3818-passionfruit-st-89032-4696
2026-09-30,INVH,Las Vegas,"4508 Plano Dr, Las Vegas, NV, 89130",Las Vegas,INVH-4508-plano-dr-89130-2610,4,2.0,1802,2145.0,2026-10-21,24 months,False,,,,,,,,https://www.invitationhomes.com/houses-for-rent/4508-plano-dr-89130-2610,2026-09-06,2026-09-30,NV,Las Vegas,,,,,4508-plano-dr-89130-2610
2026-09-30,INVH,Las Vegas,"2004 Gault Ct, North Las Vegas, NV, 89032",Las Vegas,INVH-2004-gault-ct-north-las-vegas-nv-89032,3,2.0,1522,2225.0,2026-10-13,13 months,False,,,,,,,,https://www.invitationhomes.com/houses-for-rent/2004-gault-ct-north-las-vegas-nv-89032,2026-09-30,2026-09-30,NV,North Las Vegas,,,,,2004-gault-ct-north-las-vegas-nv-89032
2026-09-30,INVH,Las Vegas,"904 Agave Avenue, North Las Vegas, NV, 89032",Las Vegas,INVH-904-agave-avenue-89032-108827,4,3.0,1987,2285.0,2026-10-14,24 months,False,,,,,,,,https://www.invitationhomes.com/houses-for-rent/904-agave-avenue-89032-108827,2026-09-03,2026-09-30,NV,North Las Vegas,,,,,904-agave-avenue-89032-108827
2026-09-30,INVH,Las Vegas,"2329 Whitney Peak Way, North Las Vegas, NV, 89031",Las Vegas,INVH-2329-whitney-peak-way-89031-108548,3,3.0,1564,2240.0,2026-09-30,17 months,False,,,,,,,,https://www.invitationhomes.com/houses-for-rent/2329-whitney-peak-way-89031-108548,2026-04-04,2026-09-30,NV,North Las Vegas,,,,,2329-whitney-peak-way-89031-108548
2026-09-30,INVH,Las Vegas,"1516 Los Alamos Dr, North Las Vegas, NV, 89031",Las Vegas,INVH-1516-los-alamos-dr-north-las-vegas-nv-89031,3,2.0,1318,1975.0,2026-10-15,24 months,False,,,,,,,,https://www.invitationhomes.com/houses-for-rent/1516-los-alamos-dr-north-las-vegas-nv-89031,2026-09-03,2026-09-30,NV,North Las Vegas,,,,,1516-los-alamos-dr-north-las-vegas-nv-89031
2026-09-30,INVH,Las Vegas,"4916 Crystal Field St, North Las Vegas, NV, 89031",Las Vegas,INVH-4916-crystal-field-st-89031-95669,4,3.0,2794,2545.0,2026-10-02,24 months,False,,,,,,,,https://www.invitationhomes.com/houses-for-rent/4916-crystal-field-st-89031-95669,2026-07-19,2026-09-30,NV,North Las Vegas,,,,,4916-crystal-field-st-89031-95669
2026-09-30,INVH,Las Vegas,"5240 Sundance Canyon Ct, North Las Vegas, NV, 89031",Las Vegas,INVH-5240-sundance-canyon-ct-89031-4429,3,3.0,1805,2240.0,2026-10-15,12 months,False,,,,,,,,https://www.invitationhomes.com/houses-for-rent/5240-sundance-canyon-ct-89031-4429,2026-09-30,2026-09-30,NV,North Las Vegas,,,,,5240-sundance-canyon-ct-89031-4429
2026-09-30,INVH,Las Vegas,"3725 Saint Charles Ct, North Las Vegas, NV, 89031",Las Vegas,INVH-3725-saint-charles-ct-89031-4876,3,2.0,1611,2195.0,2026-09-30,24 months,False,,,,,,,,https://www.invitationhomes.com/houses-for-rent/3725-saint-charles-ct-89031-4876,2026-09-06,2026-09-30,NV,North Las Vegas,,,,,3725-saint-charles-ct-89031-4876
2026-09-30,INVH,Las Vegas,"1810 Running Fawn Ct, North Las Vegas, NV, 89031",Las Vegas,INVH-1810-running-fawn-ct-89031-3393,4,2.0,1701,2125.0,2026-09-30,24 months,False,,,,,,,,https://www.invitationhomes.com/houses-for-rent/1810-running-fawn-ct-89031-3393,2026-08-02,2026-09-30,NV,North Las Vegas,,,,,1810-running-fawn-ct-89031-3393
2026-09-30,INVH,Las Vegas,"1632 Heather Ridge Rd, North Las Vegas, NV, 89031",Las Vegas,INVH-1632-heather-ridge-rd-89031-94339,4,3.0,1976,2245.0,2026-10-05,24 months,False,,,,,,,,https://www.invitationhomes.com/houses-for-rent/1632-heather-ridge-rd-89031-94339,2026-09-06,2026-09-30,NV,North Las Vegas,,,,,1632-heather-ridge-rd-89031-94339
2026-09-30,INVH,Las Vegas,"1401 Bent Arrow Dr, North Las Vegas, NV, 89031",Las Vegas,INVH-1401-bent-arrow-dr-89031-2651,2,2.0,1069,1849.0,2026-09-30,24 months,False,,,,,,,,https://www.invitationhomes.com/houses-for-rent/1401-bent-arrow-dr-89031-2651,2026-07-19,2026-09-30,NV,North Las Vegas,,,,,1401-bent-arrow-dr-89031-2651
2026-09-30,INVH,Las Vegas,"1729 Little Bow Ave, North Las Vegas, NV, 89084",Las Vegas,INVH-1729-little-bow-ave-89084-4534,3,3.0,2696,2545.0,2026-10-24,24 months,False,,,,,,,,https://www.invitationhomes.com/houses-for-rent/1729-little-bow-ave-89084-4534,2026-09-30,2026-09-30,NV,North Las Vegas,,,,,1729-little-bow-ave-89084-4534
2026-09-30,INVH,Las Vegas,"2425 Courlan Dr, North Las Vegas, NV, 89084",Las Vegas,INVH-2425-courlan-dr-89084-95065,3,3.0,1896,2045.0,2026-09-30,24 months,False,,,,,,,,https://www.invitationhomes.com/houses-for-rent/2425-courlan-dr-89084-95065,2026-08-02,2026-09-30,NV,North Las Vegas,,,,,2425-courlan-dr-89084-95065
2026-09-30,INVH,Las Vegas,"1851 Gentle Dawn Ave, North Las Vegas, NV, 89084",Las Vegas,INVH-1851-gentle-dawn-avenue-89084-8206,5,3.0,3539,2945.0,2026-10-03,20 months,False,,,,,,,,https://www.invitationhomes.com/houses-for-rent/1851-gentle-dawn-avenue-89084-8206,2026-08-23,2026-09-30,NV,North Las Vegas,,,,,1851-gentle-dawn-avenue-89084-8206
2026-09-30,INVH,Las Vegas,"641 Painted Opus Pl, North Las Vegas, NV, 89084",Las Vegas,INVH-641-painted-opus-pl-89084-5281,4,2.0,1665,2095.0,2026-11-09,24 months,False,,,,,,,,https://www.invitationhomes.com/houses-for-rent/641-painted-opus-pl-89084-5281,2026-09-03,2026-09-30,NV,North Las Vegas,,,,,641-painted-opus-pl-89084-5281
2026-09-30,INVH,Las Vegas,"408 Prairie Moon Ave, North Las Vegas, NV, 89084",Las Vegas,INVH-408-prairie-moon-ave-north-las-vegas-nv-89084,3,2.5,2315,2435.0,2026-09-30,24 months,False,,,,,,,,https://www.invitationhomes.com/houses-for-rent/408-prairie-moon-ave-north-las-vegas-nv-89084,2026-07-19,2026-09-30,NV,North Las Vegas,,,,,408-prairie-moon-ave-north-las-vegas-nv-89084
2026-09-30,INVH,Las Vegas,"6545 Butterfly Sky St, North Las Vegas, NV, 89084",Las Vegas,INVH-6545-butterfly-sky-st-north-las-vegas-nv-89084,3,2.5,1656,2125.0,2026-09-30,24 months,False,,,,,,,,https://www.invitationhomes.com/houses-for-rent/6545-butterfly-sky-st-north-las-vegas-nv-89084,2026-09-12,2026-09-30,NV,North Las Vegas,,,,,6545-butterfly-sky-st-north-las-vegas-nv-89084
2026-09-30,INVH,Las Vegas,"9536 Gibbon Ave, Las Vegas, NV, 89149",Las Vegas,INVH-9536-gibbon-ave-89149-9417,3,3.0,2089,2390.0,2026-11-01,24 months,False,,,,,,,,https://www.invitationhomes.com/houses-for-rent/9536-gibbon-ave-89149-9417,2026-09-21,2026-09-30,NV,Las Vegas,,,,,9536-gibbon-ave-89149-9417
2026-09-30,INVH,Las Vegas,"7929 Crimson Point St, Las Vegas, NV, 89149",Las Vegas,INVH-7929-crimson-point-st-89149-91426,3,2.5,1739,1895.0,2026-11-07,24 months,False,,,,,,,,https://www.invitationhomes.com/houses-for-rent/7929-crimson-point-st-89149-91426,2026-09-30,2026-09-30,NV,Las Vegas,,,,,7929-crimson-point-st-89149-91426
2026-09-30,INVH,Las Vegas,"9124 Watermelon Seed Ave, Las Vegas, NV, 89143",Las Vegas,INVH-9124-watermelon-seed-ave-89143-91593,3,3.0,1528,1995.0,2026-10-06,24 months,False,,,,,,,,https://www.invitationhomes.com/houses-for-rent/9124-watermelon-seed-ave-89143-91593,2026-09-03,2026-09-30,NV,Las Vegas,,,,,9124-watermelon-seed-ave-89143-91593
2026-09-30,INVH,Las Vegas,"8608 Majestic Pine Ave, Las Vegas, NV, 89143",Las Vegas,INVH-8608-majestic-pine-ave-89143-3225,4,3.0,1784,1995.0,2026-09-30,24 months,False,,,,,,,,https://www.invitationhomes.com/houses-for-rent/8608-majestic-pine-ave-89143-3225,2026-09-03,2026-09-30,NV,Las Vegas,,,,,8608-majestic-pine-ave-89143-3225
2026-09-30,INVH,Las Vegas,"7541 Key Royale Ct, Las Vegas, NV, 89131",Las Vegas,INVH-7541-key-royale-ct-las-vegas-nv-89131,2,2.0,1493,1995.0,2026-10-15,24 months,False,,,,,,,,https://www.invitationhomes.com/houses-for-rent/7541-key-royale-ct-las-vegas-nv-89131,2026-09-03,2026-09-30,NV,Las Vegas,,,,,7541-key-royale-ct-las-vegas-nv-89131
2026-09-30,INVH,Las Vegas,"5009 Morning Falls Ave, Las Vegas, NV, 89131",Las Vegas,INVH-5009-morning-falls-ave-89131-3793,4,3.0,2578,2195.0,2026-09-30,24 months,False,,,,,,,,https://www.invitationhomes.com/houses-for-rent/5009-morning-falls-ave-89131-3793,2026-07-19,2026-09-30,NV,Las Vegas,,,,,5009-morning-falls-ave-89131-3793
2026-09-30,INVH,Las Vegas,"4933 Elkin Creek Ave, Las Vegas, NV, 89131",Las Vegas,INVH-4933-elkin-creek-ave-89131-9396,4,2.5,2791,2670.0,2026-10-15,24 months,False,,,,,,,,https://www.invitationhomes.com/houses-for-rent/4933-elkin-creek-ave-89131-9396,2026-09-03,2026-09-30,NV,Las Vegas,,,,,4933-elkin-creek-ave-89131-9396
2026-09-30,INVH,Las Vegas,"3964 Chasing Heart Way, Las Vegas, NV, 89115",Las Vegas,INVH-3964-chasing-heart-way-las-vegas-nv-89115,3,3.0,1949,2095.0,2026-10-02,24 months,False,,,,,,,,https://www.invitationhomes.com/houses-for-rent/3964-chasing-heart-way-las-vegas-nv-89115,2026-09-30,2026-09-30,NV,Las Vegas,,,,,3964-chasing-heart-way-las-vegas-nv-89115
2026-09-30,INVH,Las Vegas,"4130 Pistachio Nut Ave, Las Vegas, NV, 89115",Las Vegas,INVH-4130-pistachio-nut-ave-89115-3629,3,3.0,2009,2245.0,2026-10-05,24 months,False,,,,,,,,https://www.invitationhomes.com/houses-for-rent/4130-pistachio-nut-ave-89115-3629,2026-08-23,2026-09-30,NV,Las Vegas,,,,,4130-pistachio-nut-ave-89115-3629
2026-09-30,INVH,Las Vegas,"1008 Sunny Acres Ave, North Las Vegas, NV, 89081",Las Vegas,INVH-1008-sunny-acres-ave-89081-7229,4,3.0,1788,2095.0,2026-11-11,24 months,False,,,,,,,,https://www.invitationhomes.com/houses-for-rent/1008-sunny-acres-ave-89081-7229,2026-09-30,2026-09-30,NV,North Las Vegas,,,,,1008-sunny-acres-ave-89081-7229
2026-09-30,INVH,Las Vegas,"1159 Maple Pines Ave, North Las Vegas, NV, 89081",Las Vegas,INVH-1159-maple-pines-ave-89081-1917,3,2.5,1595,1995.0,2026-09-30,24 months,False,,,,,,,,https://www.invitationhomes.com/houses-for-rent/1159-maple-pines-ave-89081-1917,2026-09-21,2026-09-30,NV,North Las Vegas,,,,,1159-maple-pines-ave-89081-1917
2026-09-30,INVH,Charlotte,"431 White Birch Ln, Angier, NC, 27501",Charlotte,INVH-431-white-birch-ln-27501-124862,4,2.5,2352,2199.0,2026-09-30,19 months,False,,,,,,,,https://www.invitationhomes.com/houses-for-rent/431-white-birch-ln-27501-124862,2026-09-03,2026-09-30,NC,Angier,,,,,431-white-birch-ln-27501-124862
2026-09-30,INVH,Charlotte,"35 Thistle Patch Pl, Angier, NC, 27501",Charlotte,INVH-35-thistle-patch-pl-27501-124925,4,2.5,2352,2199.0,2026-09-30,19 months,False,,,,,,,,https://www.invitationhomes.com/houses-for-rent/35-thistle-patch-pl-27501-124925,2026-09-03,2026-09-30,NC,Angier,,,,,35-thistle-patch-pl-27501-124925
2026-09-30,INVH,Charlotte,"76 Thistle Patch Pl, Angier, NC, 27501",Charlotte,INVH-76-thistle-patch-pl-27501-124863,4,2.5,2352,2175.0,2026-09-30,19 months,False,,,,,,,,https://www.invitationhomes.com/houses-for-rent/76-thistle-patch-pl-27501-124863,2026-09-03,2026-09-30,NC,Angier,,,,,76-thistle-patch-pl-27501-124863
2026-09-30,INVH,Charlotte,"67 Thistle Patch Pl, Angier, NC, 27501",Charlotte,INVH-67-thistle-patch-pl-27501-124926,4,2.5,2674,2299.0,2026-09-30,19 months,False,,,,,,,,https://www.invitationhomes.com/houses-for-rent/67-thistle-patch-pl-27501-124926,2026-09-03,2026-09-30,NC,Angier,,,,,67-thistle-patch-pl-27501-124926
2026-09-30,INVH,Charlotte,"158 Thistle Patch Pl, Angier, NC, 27501",Charlotte,INVH-158-thistle-patch-pl-27501-124864,4,2.5,2491,2249.0,2026-09-30,19 months,False,,,,,,,,https://www.invitationhomes.com/houses-for-rent/158-thistle-patch-pl-27501-124864,2026-09-03,2026-09-30,NC,Angier,,,,,158-thistle-patch-pl-27501-124864
2026-09-30,INVH,Charlotte,"140 Thistle Patch Pl, Angier, NC, 27501",Charlotte,INVH-140-thistle-patch-pl-27501-124865,4,2.5,2491,2225.0,2026-09-30,19 months,False,,,,,,,,https://www.invitationhomes.com/houses-for-rent/140-thistle-patch-pl-27501-124865,2026-09-03,2026-09-30,NC,Angier,,,,,140-thistle-patch-pl-27501-124865
2026-09-30,INVH,Charlotte,"613 Adams Point Dr, Garner, NC, 27529",Charlotte,INVH-613-adams-point-dr-27529-1841,4,2.5,3013,2499.0,2026-09-30,19 months,False,,,,,,,,https://www.invitationhomes.com/houses-for-rent/613-adams-point-dr-27529-1841,2026-08-23,2026-09-30,NC,Garner,,,,,613-adams-point-dr-27529-1841
2026-09-30,INVH,Charlotte,"10612 Chelsea Dr, Raleigh, NC, 27603",Charlotte,INVH-10612-chelsea-dr-27603-108438,3,2.0,1320,1830.0,2026-09-30,19 months,False,,,,,,,,https://www.invitationhomes.com/houses-for-rent/10612-chelsea-dr-27603-108438,2026-09-03,2026-09-30,NC,Raleigh,,,,,10612-chelsea-dr-27603-108438
2026-09-30,INVH,Charlotte,"2912 Buckboard Ln, Raleigh, NC, 27603",Charlotte,INVH-2912-buckboard-ln-27603-108147,3,2.0,1360,1790.0,2026-09-30,19 months,False,,,,,,,,https://www.invitationhomes.com/houses-for-rent/2912-buckboard-ln-27603-108147,2026-07-19,2026-09-30,NC,Raleigh,,,,,2912-buckboard-ln-27603-108147
2026-09-30,INVH,Charlotte,"2717 Thurrock Dr, Apex, NC, 27539",Charlotte,INVH-2717-thurrock-dr-apex-nc-27539,3,2.0,1165,2145.0,2026-10-05,19 months,False,,,,,,,,https://www.invitationhomes.com/houses-for-rent/2717-thurrock-dr-apex-nc-27539,2026-09-03,2026-09-30,NC,Apex,,,,,2717-thurrock-dr-apex-nc-27539
2026-09-30,INVH,Charlotte,"1216 Arbor Greene Dr, Garner, NC, 27529",Charlotte,INVH-1216-arbor-greene-dr-27529-108082,4,2.0,3200,2695.0,2026-11-14,19 months,False,,,,,,,,https://www.invitationhomes.com/houses-for-rent/1216-arbor-greene-dr-27529-108082,2026-09-30,2026-09-30,NC,Garner,,,,,1216-arbor-greene-dr-27529-108082
2026-09-30,INVH,Charlotte,"584 Bridger Dr, Garner, NC, 27529",Charlotte,INVH-584-bridger-dr-27529-124947,5,3.5,3252,2849.0,2026-09-30,19 months,False,,,,,,,,https://www.invitationhomes.com/houses-for-rent/584-bridger-dr-27529-124947,2026-09-30,2026-09-30,NC,Garner,,,,,584-bridger-dr-27529-124947
2026-09-30,INVH,Charlotte,"576 Bridger Dr, Garner, NC, 27529",Charlotte,INVH-576-bridger-dr-27529-124948,5,3.5,3252,2849.0,2026-09-30,19 months,False,,,,,,,,https://www.invitationhomes.com/houses-for-rent/576-bridger-dr-27529-124948,2026-09-30,2026-09-30,NC,Garner,,,,,576-bridger-dr-27529-124948
2026-09-30,INVH,Charlotte,"564 Bridger Dr, Garner, NC, 27529",Charlotte,INVH-564-bridger-dr-27529-124946,5,3.5,3252,2849.0,2026-09-30,19 months,False,,,,,,,,https://www.invitationhomes.com/houses-for-rent/564-bridger-dr-27529-124946,2026-09-30,2026-09-30,NC,Garner,,,,,564-bridger-dr-27529-124946
2026-09-30,INVH,Charlotte,"552 Bridger Dr, Garner, NC, 27529",Charlotte,INVH-552-bridger-dr-27529-124945,5,3.5,3252,2849.0,2026-09-30,19 months,False,,,,,,,,https://www.invitationhomes.com/houses-for-rent/552-bridger-dr-27529-124945,2026-09-30,2026-09-30,NC,Garner,,,,,552-bridger-dr-27529-124945
2026-09-30,INVH,Charlotte,"124 Rock Fish Ln, Garner, NC, 27529",Charlotte,INVH-124-rock-fish-ln-27529-3404,3,2.5,1899,1810.0,2026-09-30,19 months,False,,,,,,,,https://www.invitationhomes.com/houses-for-rent/124-rock-fish-ln-27529-3404,2026-07-19,2026-09-30,NC,Garner,,,,,124-rock-fish-ln-27529-3404
2026-09-30,INVH,Charlotte,"121 Blackthorne Ct, Clayton, NC, 27520",Charlotte,INVH-121-blackthorne-ct-clayton-nc-27520,3,2.5,1306,1610.0,2026-09-30,19 months,False,,,,,,,,https://www.invitationhomes.com/houses-for-rent/121-blackthorne-ct-clayton-nc-27520,2026-09-03,2026-09-30,NC,Clayton,,,,,121-blackthorne-ct-clayton-nc-27520
2026-09-30,INVH,Charlotte,"251 Chadford Pl, Clayton, NC, 27520",Charlotte,INVH-251-chadford-pl-27520-6312,4,2.5,2618,2675.0,2026-10-05,19 months,False,,,,,,,,https://www.invitationhomes.com/houses-for-rent/251-chadford-pl-27520-6312,2026-09-21,2026-09-30,NC,Clayton,,,,,251-chadford-pl-27520-6312
2026-09-30,INVH,Charlotte,"185 Red Angus Dr, Smithfield, NC, 27577",Charlotte,INVH-185-red-angus-dr-27577-108102,5,3.0,2550,2240.0,2026-09-30,19 months,False,,,,,,,,https://www.invitationhomes.com/houses-for-rent/185-red-angus-dr-27577-108102,2026-09-03,2026-09-30,NC,Smithfield,,,,,185-red-angus-dr-27577-108102
2026-09-30,INVH,Charlotte,"252 Saddle Mare St, Clayton, NC, 27520",Charlotte,INVH-252-saddle-mare-st-27520-124949,4,3.0,2824,2299.0,2026-09-30,19 months,False,,,,,,,,https://www.invitationhomes.com/houses-for-rent/252-saddle-mare-st-27520-124949,2026-09-12,2026-09-30,NC,Clayton,,,,,252-saddle-mare-st-27520-124949
2026-09-30,INVH,Charlotte,"109 Woodsorrell Ct, Garner, NC, 27529",Charlotte,INVH-109-woodsorrell-ct-27529-108471,3,2.0,1671,1949.0,2026-09-30,19 months,False,,,,,,,,https://www.invitationhomes.com/houses-for-rent/109-woodsorrell-ct-27529-108471,2026-06-14,2026-09-30,NC,Garner,,,,,109-woodsorrell-ct-27529-108471
2026-09-30,INVH,Charlotte,"227 Atkinson Farm Cir, Garner, NC, 27529",Charlotte,INVH-227-atkinson-farm-cir-27529-86106,3,2.0,1478,1849.0,2026-11-01,19 months,False,,,,,,,,https://www.invitationhomes.com/houses-for-rent/227-atkinson-farm-cir-27529-86106,2026-09-21,2026-09-30,NC,Garner,,,,,227-atkinson-farm-cir-27529-86106
2026-09-30,INVH,Charlotte,"9341 Carley Cir, Garner, NC, 27529",Charlotte,INVH-9341-carley-cir-27529-108230,4,2.0,2593,2545.0,2026-10-31,19 months,False,,,,,,,,https://www.invitationhomes.com/houses-for-rent/9341-carley-cir-27529-108230,2026-09-30,2026-09-30,NC,Garner,,,,,9341-carley-cir-27529-108230
2026-09-30,INVH,Charlotte,"105 Breezewood Ln, Clayton, NC, 27520",Charlotte,INVH-105-breezewood-ln-27520-89723,3,2.5,2084,2345.0,2026-10-28,19 months,False,,,,,,,,https://www.invitationhomes.com/houses-for-rent/105-breezewood-ln-27520-89723,2026-09-21,2026-09-30,NC,Clayton,,,,,105-breezewood-ln-27520-89723
2026-09-30,INVH,Charlotte,"213 Walnut Creek Dr, Clayton, NC, 27520",Charlotte,INVH-213-walnut-creek-dr-27520-93122,3,2.5,2110,1945.0,2026-09-30,19 months,False,,,,,,,,https://www.invitationhomes.com/houses-for-rent/213-walnut-creek-dr-27520-93122,2026-07-19,2026-09-30,NC,Clayton,,,,,213-walnut-creek-dr-27520-93122
2026-09-30,INVH,Charlotte,"525 Averasboro Dr, Clayton, NC, 27520",Charlotte,INVH-525-averasboro-dr-27520-5614,3,2.5,2200,2245.0,2026-10-05,19 months,False,,,,,,,,https://www.invitationhomes.com/houses-for-rent/525-averasboro-dr-27520-5614,2026-09-30,2026-09-30,NC,Clayton,,,,,525-averasboro-dr-27520-5614
2026-09-30,INVH,Charlotte,"634 Averasboro Dr, Clayton, NC, 27520",Charlotte,INVH-634-averasboro-dr-clayton-nc-27520,3,2.0,1728,1745.0,2026-09-30,19 months,False,,,,,,,,https://www.invitationhomes.com/houses-for-rent/634-averasboro-dr-clayton-nc-27520,2026-08-02,2026-09-30,NC,Clayton,,,,,634-averasboro-dr-clayton-nc-27520
2026-09-30,INVH,Charlotte,"776 Champion St, Clayton, NC, 27520",Charlotte,INVH-776-champion-st-27520-108214,5,2.0,2347,2210.0,2026-09-30,19 months,False,,,,,,,,https://www.invitationhomes.com/houses-for-rent/776-champion-st-27520-108214,2026-08-02,2026-09-30,NC,Clayton,,,,,776-champion-st-27520-108214
2026-09-30,INVH,Charlotte,"20 W Smoketree Ct, Clayton, NC, 27527",Charlotte,INVH-20-w-smoketree-ct-clayton-nc-27527,3,2.5,2736,2495.0,2026-09-30,19 months,False,,,,,,,,https://www.invitationhomes.com/houses-for-rent/20-w-smoketree-ct-clayton-nc-27527,2026-08-02,2026-09-30,NC,Clayton,,,,,20-w-smoketree-ct-clayton-nc-27527
2026-09-30,INVH,Charlotte,"84 Hemlock Green Ln, Clayton, NC, 27527",Charlotte,INVH-84-hemlock-green-ln-27527-6757,3,2.5,1913,1930.0,2026-10-20,19 months,False,,,,,,,,https://www.invitationhomes.com/houses-for-rent/84-hemlock-green-ln-27527-6757,2026-09-30,2026-09-30,NC,Clayton,,,,,84-hemlock-green-ln-27527-6757
2026-09-30,INVH,Charlotte,"245 Georgetowne Dr, Clayton, NC, 27520",Charlotte,INVH-245-georgetowne-dr-clayton-nc-27520,3,2.5,2434,2335.0,2026-10-02,19 months,False,,,,,,,,https://www.invitationhomes.com/houses-for-rent/245-georgetowne-dr-clayton-nc-27520,2026-09-09,2026-09-30,NC,Clayton,,,,,245-georgetowne-dr-clayton-nc-27520
2026-09-30,INVH,Charlotte,"162 Crawford Parkway, Clayton, NC, 27520",Charlotte,INVH-162-crawford-parkway-27520-112472,3,2.0,1218,1785.0,2026-10-14,19 months,False,,,,,,,,https://www.invitationhomes.com/houses-for-rent/162-crawford-parkway-27520-112472,2026-09-03,2026-09-30,NC,Clayton,,,,,162-crawford-parkway-27520-112472
2026-09-30,INVH,Charlotte,"60 Big Horn Ln, Clayton, NC, 27527",Charlotte,INVH-60-big-horn-ln-27527-87617,4,2.0,1870,2045.0,2026-10-08,19 months,False,,,,,,,,https://www.invitationhomes.com/houses-for-rent/60-big-horn-ln-27527-87617,2026-09-03,2026-09-30,NC,Clayton,,,,,60-big-horn-ln-27527-87617
2026-09-30,INVH,Charlotte,"911 Buckingham Rd, Garner, NC, 27529",Charlotte,INVH-911-buckingham-rd-27529-108221,4,2.0,1905,2125.0,2026-09-30,19 months,False,,,,,,,,https://www.invitationhomes.com/houses-for-rent/911-buckingham-rd-27529-108221,2026-07-19,2026-09-30,NC,Garner,,,,,911-buckingham-rd-27529-108221
2026-09-30,INVH,Charlotte,"4719 Forestdale Rd, Raleigh, NC, 27603",Charlotte,INVH-4719-forestdale-rd-27603-108146,3,2.0,2300,2385.0,2026-10-14,19 months,False,,,,,,,,https://www.invitationhomes.com/houses-for-rent/4719-forestdale-rd-27603-108146,2026-09-03,2026-09-30,NC,Raleigh,,,,,4719-forestdale-rd-27603-108146
2026-09-30,INVH,Charlotte,"416 Westonridge Run, Garner, NC, 27529",Charlotte,INVH-416-weston-ridge-run-27529-3317,3,2.0,1225,1799.0,2026-09-30,19 months,False,,,,,,,,https://www.invitationhomes.com/houses-for-rent/416-weston-ridge-run-27529-3317,2026-08-23,2026-09-30,NC,Garner,,,,,416-weston-ridge-run-27529-3317
2026-09-30,INVH,Charlotte,"3437 Ferdilah Ln, Raleigh, NC, 27610",Charlotte,INVH-3437-ferdilah-ln-27610-1840,4,2.5,1577,1849.0,2026-09-30,19 months,False,,,,,,,,https://www.invitationhomes.com/houses-for-rent/3437-ferdilah-ln-27610-1840,2026-07-19,2026-09-30,NC,Raleigh,,,,,3437-ferdilah-ln-27610-1840
2026-09-30,INVH,Charlotte,"4925 Delta Lake Dr, Raleigh, NC, 27612",Charlotte,INVH-4925-delta-lake-dr-27612-108426,3,2.0,1871,2399.0,2026-10-14,19 months,False,,,,,,,,https://www.invitationhomes.com/houses-for-rent/4925-delta-lake-dr-27612-108426,2026-08-02,2026-09-30,NC,Raleigh,,,,,4925-delta-lake-dr-27612-108426
2026-09-30,INVH,Charlotte,"3610 Brideveil Ct, Raleigh, NC, 27610",Charlotte,INVH-3610-brideveil-ct-27610-86662,3,2.5,1825,2075.0,2026-09-30,19 months,False,,,,,,,,https://www.invitationhomes.com/houses-for-rent/3610-brideveil-ct-27610-86662,2026-08-02,2026-09-30,NC,Raleigh,,,,,3610-brideveil-ct-27610-86662
2026-09-30,INVH,Charlotte,"4616 Castlebar Dr, Raleigh, NC, 27604",Charlotte,INVH-4616-castlebar-dr-27604-108255,2,2.0,1200,1695.0,2026-10-12,12 months,False,,,,,,,,https://www.invitationhomes.com/houses-for-rent/4616-castlebar-dr-27604-108255,2026-09-30,2026-09-30,NC,Raleigh,,,,,4616-castlebar-dr-27604-108255
2026-09-30,INVH,Charlotte,"3927 Laurel Glen Dr, Raleigh, NC, 27610",Charlotte,INVH-3927-laurel-glen-dr-27610-6912,3,2.5,1680,1749.0,2026-09-30,21 months,False,,,,,,,,https://www.invitationhomes.com/houses-for-rent/3927-laurel-glen-dr-27610-6912,2026-07-19,2026-09-30,NC,Raleigh,,,,,3927-laurel-glen-dr-27610-6912
2026-09-30,INVH,Charlotte,"6809 Shane Dr, Raleigh, NC, 27610",Charlotte,INVH-6809-shane-dr-27610-113349,3,2.5,2198,1990.0,2026-09-30,19 months,False,,,,,,,,https://www.invitationhomes.com/houses-for-rent/6809-shane-dr-27610-113349,2026-09-03,2026-09-30,NC,Raleigh,,,,,6809-shane-dr-27610-113349
2026-09-30,INVH,Charlotte,"6813 Planting Ct, Raleigh, NC, 27610",Charlotte,INVH-6813-planting-ct-27610-108145,4,2.0,2829,2095.0,2026-09-30,19 months,False,,,,,,,,https://www.invitationhomes.com/houses-for-rent/6813-planting-ct-27610-108145,2026-08-02,2026-09-30,NC,Raleigh,,,,,6813-planting-ct-27610-108145
2026-09-30,INVH,Charlotte,"4117 Bay Rum Ln, Raleigh, NC, 27610",Charlotte,INVH-4117-bay-rum-ln-27610-6283,3,2.5,1920,2140.0,2026-10-26,19 months,False,,,,,,,,https://www.invitationhomes.com/houses-for-rent/4117-bay-rum-ln-27610-6283,2026-09-12,2026-09-30,NC,Raleigh,,,,,4117-bay-rum-ln-27610-6283
2026-09-30,INVH,Charlotte,"3501 Mackinac Island Ln, Raleigh, NC, 27610",Charlotte,INVH-3501-mackinac-island-ln-27610-7348,3,2.5,1983,2190.0,2026-10-09,19 months,False,,,,,,,,https://www.invitationhomes.com/houses-for-rent/3501-mackinac-island-ln-27610-7348,2026-09-30,2026-09-30,NC,Raleigh,,,,,3501-mackinac-island-ln-27610-7348
2026-09-30,INVH,Charlotte,"5003 Stony Falls Way, Knightdale, NC, 27545",Charlotte,INVH-5003-stony-falls-way-27545-108093,5,2.0,2500,2499.0,2026-11-14,19 months,False,,,,,,,,https://www.invitationhomes.com/houses-for-rent/5003-stony-falls-way-27545-108093,2026-09-30,2026-09-30,NC,Knightdale,,,,,5003-stony-falls-way-27545-108093
2026-09-30,INVH,Charlotte,"901 Sarazen Dr, Clayton, NC, 27527",Charlotte,INVH-901-sarazen-dr-clayton-nc-27527,4,2.5,2498,2145.0,2026-11-08,19 months,False,,,,,,,,https://www.invitationhomes.com/houses-for-rent/901-sarazen-dr-clayton-nc-27527,2026-09-30,2026-09-30,NC,Clayton,,,,,901-sarazen-dr-clayton-nc-27527
2026-09-30,INVH,Charlotte,"5428 Emerald Spring Dr, Knightdale, NC, 27545",Charlotte,INVH-5428-emerald-spring-dr-27545-93679,5,3.0,3061,2795.0,2026-09-30,19 months,False,,,,,,,,https://www.invitationhomes.com/houses-for-rent/5428-emerald-spring-dr-27545-93679,2026-09-30,2026-09-30,NC,Knightdale,,,,,5428-emerald-spring-dr-27545-93679
2026-09-30,INVH,Charlotte,"1136 Tellis Dr, Knightdale, NC, 27545",Charlotte,INVH-1136-tellis-dr-knightdale-nc-27545,4,2.5,2040,1860.0,2026-09-30,19 months,False,,,,,,,,https://www.invitationhomes.com/houses-for-rent/1136-tellis-dr-knightdale-nc-27545,2026-05-17,2026-09-30,NC,Knightdale,,,,,1136-tellis-dr-knightdale-nc-27545
2026-09-30,INVH,Charlotte,"1117 Tellis Dr, Knightdale, NC, 27545",Charlotte,INVH-1117-tellis-dr-knightdale-nc-27545,4,2.5,1968,1890.0,2026-09-30,19 months,False,,,,,,,,https://www.invitationhomes.com/houses-for-rent/1117-tellis-dr-knightdale-nc-27545,2026-07-19,2026-09-30,NC,Knightdale,,,,,1117-tellis-dr-knightdale-nc-27545
2026-09-30,INVH,Charlotte,"5321 Heather Ridge Ln, Raleigh, NC, 27610",Charlotte,INVH-5321-heather-ridge-ln-raleigh-nc-27610,3,2.5,2158,1925.0,2026-09-30,19 months,False,,,,,,,,https://www.invitationhomes.com/houses-for-rent/5321-heather-ridge-ln-raleigh-nc-27610,2026-07-19,2026-09-30,NC,Raleigh,,,,,5321-heather-ridge-ln-raleigh-nc-27610
2026-09-30,INVH,Charlotte,"2349 Lazy River Dr, Raleigh, NC, 27610",Charlotte,INVH-2349-lazy-river-dr-27610-108225,5,3.0,3021,2570.0,2026-09-30,19 months,False,,,,,,,,https://www.invitationhomes.com/houses-for-rent/2349-lazy-river-dr-27610-108225,2026-08-16,2026-09-30,NC,Raleigh,,,,,2349-lazy-river-dr-27610-108225
2026-09-30,INVH,Charlotte,"2025 Muirfield Village Way, Raleigh, NC, 27604",Charlotte,INVH-2025-muirfield-village-way-raleigh-nc-27604,4,2.5,2265,2215.0,2026-09-30,19 months,False,,,,,,,,https://www.invitationhomes.com/houses-for-rent/2025-muirfield-village-way-raleigh-nc-27604,2026-08-10,2026-09-30,NC,Raleigh,,,,,2025-muirfield-village-way-raleigh-nc-27604
2026-09-30,INVH,Charlotte,"1209 Riverbirch Dr, Knightdale, NC, 27545",Charlotte,INVH-1209-riverbirch-dr-27545-9602,4,2.5,2582,2570.0,2026-10-15,19 months,False,,,,,,,,https://www.invitationhomes.com/houses-for-rent/1209-riverbirch-dr-27545-9602,2026-09-21,2026-09-30,NC,Knightdale,,,,,1209-riverbirch-dr-27545-9602
2026-09-30,INVH,Charlotte,"2406 Ferdinand Dr, Knightdale, NC, 27545",Charlotte,INVH-2406-ferdinand-dr-27545-6015,3,2.5,2068,2030.0,2026-09-30,19 months,False,,,,,,,,https://www.invitationhomes.com/houses-for-rent/2406-ferdinand-dr-27545-6015,2026-07-19,2026-09-30,NC,Knightdale,,,,,2406-ferdinand-dr-27545-6015
2026-09-30,INVH,Charlotte,"2704 Kempsford Pl, Raleigh, NC, 27604",Charlotte,INVH-2704-kempsford-pl-raleigh-nc-27604,3,2.0,1299,1845.0,2026-09-30,19 months,False,,,,,,,,https://www.invitationhomes.com/houses-for-rent/2704-kempsford-pl-raleigh-nc-27604,2026-06-14,2026-09-30,NC,Raleigh,,,,,2704-kempsford-pl-raleigh-nc-27604
2026-09-30,INVH,Charlotte,"3706 Wyndcliff Ct, Raleigh, NC, 27616",Charlotte,INVH-3706-wyndcliff-ct-27616-108439,3,2.0,1320,1615.0,2026-09-30,19 months,False,,,,,,,,https://www.invitationhomes.com/houses-for-rent/3706-wyndcliff-ct-27616-108439,2026-07-19,2026-09-30,NC,Raleigh,,,,,3706-wyndcliff-ct-27616-108439
2026-09-30,INVH,Charlotte,"5514 Black Maple Dr, Raleigh, NC, 27616",Charlotte,INVH-5514-black-maple-dr-raleigh-nc-27616,3,2.5,2564,2095.0,2026-09-30,19 months,False,,,,,,,,https://www.invitationhomes.com/houses-for-rent/5514-black-maple-dr-raleigh-nc-27616,2026-05-09,2026-09-30,NC,Raleigh,,,,,5514-black-maple-dr-raleigh-nc-27616
2026-09-30,INVH,Charlotte,"1103 Clematis St, Knightdale, NC, 27545",Charlotte,INVH-1103-clematis-st-knightdale-nc-27545,3,3.0,2349,2285.0,2026-09-30,19 months,False,,,,,,,,https://www.invitationhomes.com/houses-for-rent/1103-clematis-st-knightdale-nc-27545,2026-08-16,2026-09-30,NC,Knightdale,,,,,1103-clematis-st-knightdale-nc-27545
2026-09-30,INVH,Charlotte,"204 Zircon Ln, Knightdale, NC, 27545",Charlotte,INVH-204-zircon-ln-27545-87409,3,2.0,2194,2045.0,2026-09-30,19 months,False,,,,,,,,https://www.invitationhomes.com/houses-for-rent/204-zircon-ln-27545-87409,2026-07-19,2026-09-30,NC,Knightdale,,,,,204-zircon-ln-27545-87409
2026-09-30,INVH,Charlotte,"935 Greenville Way, Knightdale, NC, 27545",Charlotte,INVH-935-greenville-way-27545-122798,3,2.5,1829,2135.0,2026-10-12,24 months,False,,,,,,,,https://www.invitationhomes.com/houses-for-rent/935-greenville-way-27545-122798,2026-09-21,2026-09-30,NC,Knightdale,,,,,935-greenville-way-27545-122798
2026-09-30,INVH,Charlotte,"806 Holiday Park Lane, Knightdale, NC, 27545",Charlotte,INVH-806-holiday-park-lane-27545-123287,3,2.5,1400,1849.0,2026-09-30,24 months,False,,,,,,,,https://www.invitationhomes.com/houses-for-rent/806-holiday-park-lane-27545-123287,2026-09-21,2026-09-30,NC,Knightdale,,,,,806-holiday-park-lane-27545-123287
2026-09-30,INVH,Charlotte,"951 Greenville Wy, Knightdale, NC, 27545",Charlotte,INVH-951-greenville-way-27545-122449,3,2.5,1618,1999.0,2026-11-14,24 months,False,,,,,,,,https://www.invitationhomes.com/houses-for-rent/951-greenville-way-27545-122449,2026-04-04,2026-09-30,NC,Knightdale,,,,,951-greenville-way-27545-122449
2026-09-30,INVH,Charlotte,"954 Greenville Way, Knightdale, NC, 27545",Charlotte,INVH-954-greenville-way-27545-121097,3,2.5,1400,1835.0,2026-09-30,24 months,False,,,,,,,,https://www.invitationhomes.com/houses-for-rent/954-greenville-way-27545-121097,2026-07-19,2026-09-30,NC,Knightdale,,,,,954-greenville-way-27545-121097
2026-09-30,INVH,Charlotte,"837 Holiday Park Ln, Knightdale, NC, 27545",Charlotte,INVH-837-holiday-park-lane-27545-121022,3,2.5,1400,1825.0,2026-09-30,24 months,False,,,,,,,,https://www.invitationhomes.com/houses-for-rent/837-holiday-park-lane-27545-121022,2026-07-19,2026-09-30,NC,Knightdale,,,,,837-holiday-park-lane-27545-121022
2026-09-30,INVH,Charlotte,"1009 Greenville Way, Knightdale, NC, 27545",Charlotte,INVH-1009-greenville-way-27545-120500,3,2.5,1618,1949.0,2026-10-30,24 months,False,,,,,,,,https://www.invitationhomes.com/houses-for-rent/1009-greenville-way-27545-120500,2026-09-21,2026-09-30,NC,Knightdale,,,,,1009-greenville-way-27545-120500
2026-09-30,INVH,Charlotte,"958 Greenville Way, Knightdale, NC, 27545",Charlotte,INVH-958-greenville-way-27545-121098,3,2.5,1400,1849.0,2026-09-30,24 months,False,,,,,,,,https://www.invitationhomes.com/houses-for-rent/958-greenville-way-27545-121098,2026-09-06,2026-09-30,NC,Knightdale,,,,,958-greenville-way-27545-121098
2026-09-30,INVH,Charlotte,"1163 Greenville Way, Knightdale, NC, 27545",Charlotte,INVH-1163-greenville-way-27591-114892,3,2.5,1618,1949.0,2026-09-30,24 months,False,,,,,,,,https://www.invitationhomes.com/houses-for-rent/1163-greenville-way-27591-114892,2026-08-02,2026-09-30,NC,Knightdale,,,,,1163-greenville-way-27591-114892
2026-09-30,INVH,Charlotte,"428 Cloverdale Dr, Clayton, NC, 27520",Charlotte,INVH-428-cloverdale-dr-27520-108323,5,2.0,1305,1995.0,2026-09-30,19 months,False,,,,,,,,https://www.invitationhomes.com/houses-for-rent/428-cloverdale-dr-27520-108323,2026-09-12,2026-09-30,NC,Clayton,,,,,428-cloverdale-dr-27520-108323
2026-09-30,INVH,Charlotte,"305 W Watson St, Selma, NC, 27576",Charlotte,INVH-305-w-watson-st-27576-87738,3,2.0,1550,2025.0,2026-10-02,19 months,False,,,,,,,,https://www.invitationhomes.com/houses-for-rent/305-w-watson-st-27576-87738,2026-09-03,2026-09-30,NC,Selma,,,,,305-w-watson-st-27576-87738
2026-09-30,INVH,Charlotte,"295 Wildlife Parkway, Clayton, NC, 27527",Charlotte,INVH-295-wildlife-parkway-27527-90167,4,2.5,2355,2249.0,2026-09-30,19 months,False,,,,,,,,https://www.invitationhomes.com/houses-for-rent/295-wildlife-parkway-27527-90167,2026-08-10,2026-09-30,NC,Clayton,,,,,295-wildlife-parkway-27527-90167
2026-09-30,INVH,Charlotte,"40 Buckleigh Dr, Clayton, NC, 27527",Charlotte,INVH-40-buckleigh-dr-clayton-nc-27527,3,2.5,2450,2470.0,2026-10-12,12 months,False,,,,,,,,https://www.invitationhomes.com/houses-for-rent/40-buckleigh-dr-clayton-nc-27527,2026-09-30,2026-09-30,NC,Clayton,,,,,40-buckleigh-dr-clayton-nc-27527
2026-09-30,INVH,Charlotte,"79 Fig Berry St, Clayton, NC, 27527",Charlotte,INVH-79-fig-berry-st-27527-108240,3,2.0,2591,2449.0,2026-10-30,19 months,False,,,,,,,,https://www.invitationhomes.com/houses-for-rent/79-fig-berry-st-27527-108240,2026-09-21,2026-09-30,NC,Clayton,,,,,79-fig-berry-st-27527-108240
2026-09-30,INVH,Charlotte,"71 Hastings Dr, Clayton, NC, 27527",Charlotte,INVH-71-hastings-dr-27527-7504,3,2.5,2728,2315.0,2026-09-30,19 months,False,,,,,,,,https://www.invitationhomes.com/houses-for-rent/71-hastings-dr-27527-7504,2026-08-16,2026-09-30,NC,Clayton,,,,,71-hastings-dr-27527-7504
2026-09-30,INVH,Charlotte,"245 Mattox St, Wendell, NC, 27591",Charlotte,INVH-245-mattox-st-27591-108133,5,2.0,2550,2325.0,2026-09-30,19 months,False,,,,,,,,https://www.invitationhomes.com/houses-for-rent/245-mattox-st-27591-108133,2026-06-09,2026-09-30,NC,Wendell,,,,,245-mattox-st-27591-108133
2026-09-30,INVH,Charlotte,"711 Alberta Ct, Wendell, NC, 27591",Charlotte,INVH-711-alberta-ct-wendell-nc-27591,4,2.5,2260,1970.0,2026-09-30,19 months,False,,,,,,,,https://www.invitationhomes.com/houses-for-rent/711-alberta-ct-wendell-nc-27591,2026-08-02,2026-09-30,NC,Wendell,,,,,711-alberta-ct-wendell-nc-27591
2026-09-30,INVH,Charlotte,"308 Tarragon Trl, Wendell, NC, 27591",Charlotte,INVH-308-tarragon-trl-wendell-nc-27591,4,2.5,1867,2220.0,2026-09-30,19 months,False,,,,,,,,https://www.invitationhomes.com/houses-for-rent/308-tarragon-trl-wendell-nc-27591,2026-08-02,2026-09-30,NC,Wendell,,,,,308-tarragon-trl-wendell-nc-27591
2026-09-30,INVH,Charlotte,"6105 Watsonia Dr, Zebulon, NC, 27597",Charlotte,INVH-6105-watsonia-dr-27597-83541,4,2.5,2635,2090.0,2026-09-30,19 months,False,,,,,,,,https://www.invitationhomes.com/houses-for-rent/6105-watsonia-dr-27597-83541,2026-06-14,2026-09-30,NC,Zebulon,,,,,6105-watsonia-dr-27597-83541
2026-09-30,INVH,Charlotte,"2402 King Malcolm Ln, Zebulon, NC, 27597",Charlotte,INVH-2402-king-malcolm-ln-27597-83574,4,2.5,1610,1760.0,2026-09-30,19 months,False,,,,,,,,https://www.invitationhomes.com/houses-for-rent/2402-king-malcolm-ln-27597-83574,2026-04-04,2026-09-30,NC,Zebulon,,,,,2402-king-malcolm-ln-27597-83574
2026-09-30,INVH,Charlotte,"5304 Granada Hills Dr, Raleigh, NC, 27613",Charlotte,INVH-5304-granada-hills-dr-raleigh-nc-27613,4,2.5,2619,2645.0,2026-10-25,19 months,False,,,,,,,,https://www.invitationhomes.com/houses-for-rent/5304-granada-hills-dr-raleigh-nc-27613,2026-09-30,2026-09-30,NC,Raleigh,,,,,5304-granada-hills-dr-raleigh-nc-27613
2026-09-30,INVH,Charlotte,"4204 Prelude St, Raleigh, NC, 27616",Charlotte,INVH-4204-prelude-st-27616-5620,4,2.5,2732,2485.0,2026-09-30,19 months,False,,,,,,,,https://www.invitationhomes.com/houses-for-rent/4204-prelude-st-27616-5620,2026-09-03,2026-09-30,NC,Raleigh,,,,,4204-prelude-st-27616-5620
2026-09-30,INVH,Charlotte,"3826 Althorp Dr, Raleigh, NC, 27616",Charlotte,INVH-3826-althorp-dr-27616-114229,5,3.0,2556,2345.0,2026-09-30,19 months,False,,,,,,,,https://www.invitationhomes.com/houses-for-rent/3826-althorp-dr-27616-114229,2026-05-24,2026-09-30,NC,Raleigh,,,,,3826-althorp-dr-27616-114229
2026-09-30,INVH,Charlotte,"3108 Gross Ave, Wake Forest, NC, 27587",Charlotte,INVH-3108-gross-ave-27587-7858,4,2.5,2576,2149.0,2026-09-30,19 months,False,,,,,,,,https://www.invitationhomes.com/houses-for-rent/3108-gross-ave-27587-7858,2026-07-19,2026-09-30,NC,Wake Forest,,,,,3108-gross-ave-27587-7858
2026-09-30,INVH,Charlotte,"8709 Reindeer Moss Dr, Wake Forest, NC, 27587",Charlotte,INVH-8709-reindeer-moss-dr-wake-forest-nc-27587,4,2.5,2684,2315.0,2026-09-30,19 months,False,,,,,,,,https://www.invitationhomes.com/houses-for-rent/8709-reindeer-moss-dr-wake-forest-nc-27587,2026-08-02,2026-09-30,NC,Wake Forest,,,,,8709-reindeer-moss-dr-wake-forest-nc-27587
2026-09-30,INVH,Charlotte,"3833 Song Sparrow Dr, Wake Forest, NC, 27587",Charlotte,INVH-3833-song-sparrow-dr-wake-forest-nc-27587,4,3.5,2879,2675.0,2026-09-30,19 months,False,,,,,,,,https://www.invitationhomes.com/houses-for-rent/3833-song-sparrow-dr-wake-forest-nc-27587,2026-08-02,2026-09-30,NC,Wake Forest,,,,,3833-song-sparrow-dr-wake-forest-nc-27587
2026-09-30,INVH,Charlotte,"4701 Jersey Pine Dr, Rolesville, NC, 27571",Charlotte,INVH-4701-jersey-pine-drive-27571-2262,4,2.5,2946,2845.0,2026-10-27,19 months,False,,,,,,,,https://www.invitationhomes.com/houses-for-rent/4701-jersey-pine-drive-27571-2262,2026-09-21,2026-09-30,NC,Rolesville,,,,,4701-jersey-pine-drive-27571-2262
2026-09-30,INVH,Charlotte,"12569 Honeychurch St, Raleigh, NC, 27614",Charlotte,INVH-12569-honeychurch-st-raleigh-nc-27614,4,2.5,2535,2670.0,2026-10-12,19 months,False,,,,,,,,https://www.invitationhomes.com/houses-for-rent/12569-honeychurch-st-raleigh-nc-27614,2026-09-30,2026-09-30,NC,Raleigh,,,,,12569-honeychurch-st-raleigh-nc-27614
2026-09-30,INVH,Charlotte,"601 Flicker Ct, Wake Forest, NC, 27587",Charlotte,INVH-601-flicker-ct-27587-108151,3,2.0,1400,1695.0,2026-09-30,19 months,False,,,,,,,,https://www.invitationhomes.com/houses-for-rent/601-flicker-ct-27587-108151,2026-06-09,2026-09-30,NC,Wake Forest,,,,,601-flicker-ct-27587-108151
2026-09-30,INVH,Charlotte,"1316 Lowenstein St, Wake Forest, NC, 27587",Charlotte,INVH-1316-lowenstein-st-27587-114243,4,2.5,2000,2430.0,2026-10-31,19 months,False,,,,,,,,https://www.invitationhomes.com/houses-for-rent/1316-lowenstein-st-27587-114243,2026-09-21,2026-09-30,NC,Wake Forest,,,,,1316-lowenstein-st-27587-114243
2026-09-30,INVH,Charlotte,"1709 Fern Hollow Trl, Wake Forest, NC, 27587",Charlotte,INVH-1709-fern-hollow-trl-27587-94486,3,2.5,2454,2445.0,2026-10-09,19 months,False,,,,,,,,https://www.invitationhomes.com/houses-for-rent/1709-fern-hollow-trl-27587-94486,2026-09-03,2026-09-30,NC,Wake Forest,,,,,1709-fern-hollow-trl-27587-94486
2026-09-30,INVH,Seattle,"1325 77th Trl SE, Tumwater, WA, 98501",Seattle,INVH-1325-77th-trl-se-98501-90476,4,2.5,1854,2860.0,2026-10-27,12 months,False,,,,,,,,https://www.invitationhomes.com/houses-for-rent/1325-77th-trl-se-98501-90476,2026-09-12,2026-09-30,WA,Tumwater,,,,,1325-77th-trl-se-98501-90476
2026-09-30,INVH,Seattle,"5711 James Pl SE, Olympia, WA, 98501",Seattle,INVH-5711-james-pl-se-98501-89262,4,2.5,1737,2949.0,2026-11-10,16 months,False,,,,,,,,https://www.invitationhomes.com/houses-for-rent/5711-james-pl-se-98501-89262,2026-09-30,2026-09-30,WA,Olympia,,,,,5711-james-pl-se-98501-89262
2026-09-30,INVH,Seattle,"5675 56th Loop SE, Lacey, WA, 98503",Seattle,INVH-5675-56th-loop-se-98503-88198,4,2.5,2285,2995.0,2026-10-27,16 months,False,,,,,,,,https://www.invitationhomes.com/houses-for-rent/5675-56th-loop-se-98503-88198,2026-09-21,2026-09-30,WA,Lacey,,,,,5675-56th-loop-se-98503-88198
2026-09-30,INVH,Seattle,"6038 60th Loop SE, Lacey, WA, 98513",Seattle,INVH-6038-60th-loop-se-98513-91368,3,2.0,1537,2725.0,2026-09-30,12 months,False,,,,,,,,https://www.invitationhomes.com/houses-for-rent/6038-60th-loop-se-98513-91368,2026-08-10,2026-09-30,WA,Lacey,,,,,6038-60th-loop-se-98513-91368
2026-09-30,INVH,Seattle,"8348 54th Ct SE, Lacey, WA, 98513",Seattle,INVH-8348-54th-ct-se-98513-89933,3,2.5,1666,2695.0,2026-09-30,16 months,False,,,,,,,,https://www.invitationhomes.com/houses-for-rent/8348-54th-ct-se-98513-89933,2026-08-16,2026-09-30,WA,Lacey,,,,,8348-54th-ct-se-98513-89933
2026-09-30,INVH,Seattle,"6102 Carmel Ln SE, Lacey, WA, 98503",Seattle,INVH-6102-carmel-ln-se-98503-91483,3,2.5,1361,2575.0,2026-09-30,16 months,False,,,,,,,,https://www.invitationhomes.com/houses-for-rent/6102-carmel-ln-se-98503-91483,2026-06-09,2026-09-30,WA,Lacey,,,,,6102-carmel-ln-se-98503-91483
2026-09-30,INVH,Seattle,"8539 Sweetbrier Loop SE, Olympia, WA, 98513",Seattle,INVH-8539-sweetbrier-loop-se-98513-88072,3,2.5,2052,2730.0,2026-09-30,16 months,False,,,,,,,,https://www.invitationhomes.com/houses-for-rent/8539-sweetbrier-loop-se-98513-88072,2026-08-23,2026-09-30,WA,Olympia,,,,,8539-sweetbrier-loop-se-98513-88072
2026-09-30,INVH,Seattle,"3520 Cuddy Ln NE, Lacey, WA, 98516",Seattle,INVH-3520-cuddy-ln-ne-98516-89886,4,2.5,1980,2899.0,2026-09-30,16 months,False,,,,,,,,https://www.invitationhomes.com/houses-for-rent/3520-cuddy-ln-ne-98516-89886,2026-08-23,2026-09-30,WA,Lacey,,,,,3520-cuddy-ln-ne-98516-89886
2026-09-30,INVH,Seattle,"3643 London Loop NE, Lacey, WA, 98516",Seattle,INVH-3643-london-loop-ne-98516-89780,3,2.25,1297,2485.0,2026-10-16,16 months,False,,,,,,,,https://www.invitationhomes.com/houses-for-rent/3643-london-loop-ne-98516-89780,2026-09-03,2026-09-30,WA,Lacey,,,,,3643-london-loop-ne-98516-89780
2026-09-30,INVH,Seattle,"4420 225th Street Ct E, Spanaway, WA, 98387",Seattle,INVH-4420-225th-street-ct-e-98387-83774,4,2.5,1990,2740.0,2026-09-30,12 months,False,,,,,,,,https://www.invitationhomes.com/houses-for-rent/4420-225th-street-ct-e-98387-83774,2026-07-19,2026-09-30,WA,Spanaway,,,,,4420-225th-street-ct-e-98387-83774
2026-09-30,INVH,Seattle,"22420 44th Avenue Ct E, Spanaway, WA, 98387",Seattle,INVH-22420-44th-avenue-ct-e-98387-3979,4,3.0,1840,2695.0,2026-09-30,16 months,False,,,,,,,,https://www.invitationhomes.com/houses-for-rent/22420-44th-avenue-ct-e-98387-3979,2026-07-19,2026-09-30,WA,Spanaway,,,,,22420-44th-avenue-ct-e-98387-3979
2026-09-30,INVH,Seattle,"4808 231st Street Ct E, Spanaway, WA, 98387",Seattle,INVH-4808-231st-street-ct-e-spanaway-wa-98387,3,2.0,1240,2495.0,2026-11-02,16 months,False,,,,,,,,https://www.invitationhomes.com/houses-for-rent/4808-231st-street-ct-e-spanaway-wa-98387,2026-09-21,2026-09-30,WA,Spanaway,,,,,4808-231st-street-ct-e-spanaway-wa-98387
2026-09-30,INVH,Seattle,"4935 204th Street Ct E, Spanaway, WA, 98387",Seattle,INVH-4935-204th-street-ct-e-98387-86447,3,2.5,1500,2595.0,2026-09-30,16 months,False,,,,,,,,https://www.invitationhomes.com/houses-for-rent/4935-204th-street-ct-e-98387-86447,2026-07-19,2026-09-30,WA,Spanaway,,,,,4935-204th-street-ct-e-98387-86447
2026-09-30,INVH,Seattle,"20205 11th Avenue Ct E, Spanaway, WA, 98387",Seattle,INVH-20205-11th-avenue-ct-e-spanaway-wa-98387,3,2.5,1852,2890.0,2026-10-15,16 months,False,,,,,,,,https://www.invitationhomes.com/houses-for-rent/20205-11th-avenue-ct-e-spanaway-wa-98387,2026-09-30,2026-09-30,WA,Spanaway,,,,,20205-11th-avenue-ct-e-spanaway-wa-98387
2026-09-30,INVH,Seattle,"1220 202nd Street Ct E, Spanaway, WA, 98387",Seattle,INVH-1220-202nd-street-ct-e-spanaway-wa-98387,4,2.5,2088,3085.0,2026-10-15,16 months,False,,,,,,,,https://www.invitationhomes.com/houses-for-rent/1220-202nd-street-ct-e-spanaway-wa-98387,2026-09-03,2026-09-30,WA,Spanaway,,,,,1220-202nd-street-ct-e-spanaway-wa-98387
2026-09-30,INVH,Seattle,"518 190th Street Ct E, Spanaway, WA, 98387",Seattle,INVH-518-190th-street-ct-e-spanaway-wa-98387,3,1.75,1176,2485.0,2026-10-15,16 months,False,,,,,,,,https://www.invitationhomes.com/houses-for-rent/518-190th-street-ct-e-spanaway-wa-98387,2026-09-03,2026-09-30,WA,Spanaway,,,,,518-190th-street-ct-e-spanaway-wa-98387
2026-09-30,INVH,Seattle,"2324 193rd St E, Spanaway, WA, 98387",Seattle,INVH-2324-193rd-st-e-spanaway-wa-98387,3,2.5,1672,2649.0,2026-09-30,16 months,False,,,,,,,,https://www.invitationhomes.com/houses-for-rent/2324-193rd-st-e-spanaway-wa-98387,2026-08-10,2026-09-30,WA,Spanaway,,,,,2324-193rd-st-e-spanaway-wa-98387
2026-09-30,INVH,Seattle,"2620 183rd Street Ct E, Tacoma, WA, 98445",Seattle,INVH-2620-183rd-street-ct-e-tacoma-wa-98445,3,2.5,1592,2725.0,2026-09-30,16 months,False,,,,,,,,https://www.invitationhomes.com/houses-for-rent/2620-183rd-street-ct-e-tacoma-wa-98445,2026-08-10,2026-09-30,WA,Tacoma,,,,,2620-183rd-street-ct-e-tacoma-wa-98445
2026-09-30,INVH,Seattle,"18402 28th Ave E, Tacoma, WA, 98445",Seattle,INVH-18402-28th-ave-e-tacoma-wa-98445,4,2.5,2202,3145.0,2026-10-14,16 months,False,,,,,,,,https://www.invitationhomes.com/houses-for-rent/18402-28th-ave-e-tacoma-wa-98445,2026-09-03,2026-09-30,WA,Tacoma,,,,,18402-28th-ave-e-tacoma-wa-98445
2026-09-30,INVH,Seattle,"9320 112th Street Ct SW, Lakewood, WA, 98498",Seattle,INVH-9320-112th-street-ct-sw-lakewood-wa-98498,3,2.25,2027,3380.0,2026-10-18,16 months,False,,,,,,,,https://www.invitationhomes.com/houses-for-rent/9320-112th-street-ct-sw-lakewood-wa-98498,2026-07-19,2026-09-30,WA,Lakewood,,,,,9320-112th-street-ct-sw-lakewood-wa-98498
2026-09-30,INVH,Seattle,"4501 87th Ave W, University Place, WA, 98466",Seattle,INVH-4501-87th-ave-w-98466-1208,5,2.0,2724,3449.0,2026-10-02,16 months,False,,,,,,,,https://www.invitationhomes.com/houses-for-rent/4501-87th-ave-w-98466-1208,2026-08-02,2026-09-30,WA,University Place,,,,,4501-87th-ave-w-98466-1208
2026-09-30,INVH,Seattle,"1346 Lenore Dr, Tacoma, WA, 98406",Seattle,INVH-1346-lenore-dr-tacoma-wa-98406,3,1.75,1368,2695.0,2026-10-15,12 months,False,,,,,,,,https://www.invitationhomes.com/houses-for-rent/1346-lenore-dr-tacoma-wa-98406,2026-09-03,2026-09-30,WA,Tacoma,,,,,1346-lenore-dr-tacoma-wa-98406
2026-09-30,INVH,Seattle,"15911 67th Avenue Ct E, Puyallup, WA, 98375",Seattle,INVH-15911-67th-avenue-ct-e-98375-4466,4,2.5,2070,2945.0,2026-09-30,16 months,False,,,,,,,,https://www.invitationhomes.com/houses-for-rent/15911-67th-avenue-ct-e-98375-4466,2026-08-02,2026-09-30,WA,Puyallup,,,,,15911-67th-avenue-ct-e-98375-4466
2026-09-30,INVH,Seattle,"3923 61st Ave E, Fife, WA, 98424",Seattle,INVH-3923-61st-ave-e-fife-wa-98424,3,2.5,2105,3095.0,2026-09-30,16 months,False,,,,,,,,https://www.invitationhomes.com/houses-for-rent/3923-61st-ave-e-fife-wa-98424,2026-08-02,2026-09-30,WA,Fife,,,,,3923-61st-ave-e-fife-wa-98424
2026-09-30,INVH,Seattle,"6252 40th St E, Fife, WA, 98424",Seattle,INVH-6252-40th-st-e-98424-6240,3,2.5,2105,3065.0,2026-09-30,16 months,False,,,,,,,,https://www.invitationhomes.com/houses-for-rent/6252-40th-st-e-98424-6240,2026-08-02,2026-09-30,WA,Fife,,,,,6252-40th-st-e-98424-6240
2026-09-30,INVH,Seattle,"2401 66th Ave NE, Tacoma, WA, 98422",Seattle,INVH-2401-66th-ave-ne-tacoma-wa-98422,3,1.75,1592,2799.0,2026-10-02,16 months,False,,,,,,,,https://www.invitationhomes.com/houses-for-rent/2401-66th-ave-ne-tacoma-wa-98422,2026-06-09,2026-09-30,WA,Tacoma,,,,,2401-66th-ave-ne-tacoma-wa-98422
2026-09-30,INVH,Seattle,"4924 La Hal Da Ave NE, Tacoma, WA, 98422",Seattle,INVH-4924-la-hal-da-ave-ne-tacoma-wa-98422,5,2.5,1834,3220.0,2026-09-30,16 months,False,,,,,,,,https://www.invitationhomes.com/houses-for-rent/4924-la-hal-da-ave-ne-tacoma-wa-98422,2026-08-23,2026-09-30,WA,Tacoma,,,,,4924-la-hal-da-ave-ne-tacoma-wa-98422
2026-09-30,INVH,Seattle,"3802 SW 326th St, Federal Way, WA, 98023",Seattle,INVH-3802-sw-326th-st-98023-1500,4,1.75,1480,3049.0,2026-10-15,16 months,False,,,,,,,,https://www.invitationhomes.com/houses-for-rent/3802-sw-326th-st-98023-1500,2026-09-03,2026-09-30,WA,Federal Way,,,,,3802-sw-326th-st-98023-1500
2026-09-30,INVH,Seattle,"7410 202nd Street Ct E, Spanaway, WA, 98387",Seattle,INVH-7410-202nd-st-ct-e-98387-8310,3,2.5,1757,2765.0,2026-10-31,16 months,False,,,,,,,,https://www.invitationhomes.com/houses-for-rent/7410-202nd-st-ct-e-98387-8310,2026-09-21,2026-09-30,WA,Spanaway,,,,,7410-202nd-st-ct-e-98387-8310
2026-09-30,INVH,Seattle,"19426 90th Avenue Ct E, Graham, WA, 98338",Seattle,INVH-19426-90th-avenue-ct-e-graham-wa-98338,4,2.5,2351,2995.0,2026-09-30,16 months,False,,,,,,,,https://www.invitationhomes.com/houses-for-rent/19426-90th-avenue-ct-e-graham-wa-98338,2026-06-09,2026-09-30,WA,Graham,,,,,19426-90th-avenue-ct-e-graham-wa-98338
2026-09-30,INVH,Seattle,"20110 96th Ave E, Graham, WA, 98338",Seattle,INVH-20110-96th-ave-e-graham-wa-98338,4,2.5,1986,2899.0,2026-09-30,12 months,False,,,,,,,,https://www.invitationhomes.com/houses-for-rent/20110-96th-ave-e-graham-wa-98338,2026-07-19,2026-09-30,WA,Graham,,,,,20110-96th-ave-e-graham-wa-98338
2026-09-30,INVH,Seattle,"8708 187th Street Ct E, Puyallup, WA, 98375",Seattle,INVH-8708-187th-street-ct-e-98375-85993,4,2.75,2304,2945.0,2026-09-30,12 months,False,,,,,,,,https://www.invitationhomes.com/houses-for-rent/8708-187th-street-ct-e-98375-85993,2026-08-10,2026-09-30,WA,Puyallup,,,,,8708-187th-street-ct-e-98375-85993
2026-09-30,INVH,Seattle,"9008 191st St E, Puyallup, WA, 98375",Seattle,INVH-9008-191st-st-e-98375-89510,4,2.5,2450,3245.0,2026-10-15,16 months,False,,,,,,,,https://www.invitationhomes.com/houses-for-rent/9008-191st-st-e-98375-89510,2026-08-02,2026-09-30,WA,Puyallup,,,,,9008-191st-st-e-98375-89510
2026-09-30,INVH,Seattle,"7930 184th Street Ct E, Puyallup, WA, 98375",Seattle,INVH-7930-184th-street-ct-e-98375-9289,3,2.5,1806,2745.0,2026-11-13,16 months,False,,,,,,,,https://www.invitationhomes.com/houses-for-rent/7930-184th-street-ct-e-98375-9289,2026-09-30,2026-09-30,WA,Puyallup,,,,,7930-184th-street-ct-e-98375-9289
2026-09-30,INVH,Seattle,"18209 80th Ave E, Puyallup, WA, 98375",Seattle,INVH-18209-80th-ave-e-98375-4649,4,2.5,2614,3395.0,2026-11-13,16 months,False,,,,,,,,https://www.invitationhomes.com/houses-for-rent/18209-80th-ave-e-98375-4649,2026-09-03,2026-09-30,WA,Puyallup,,,,,18209-80th-ave-e-98375-4649
2026-09-30,INVH,Seattle,"8024 185th Street Ct E, Puyallup, WA, 98375",Seattle,INVH-8024-185th-street-ct-e-puyallup-wa-98375,4,2.5,2064,3130.0,2026-10-06,16 months,False,,,,,,,,https://www.invitationhomes.com/houses-for-rent/8024-185th-street-ct-e-puyallup-wa-98375,2026-09-21,2026-09-30,WA,Puyallup,,,,,8024-185th-street-ct-e-puyallup-wa-98375
2026-09-30,INVH,Seattle,"18133 96th Ave E, puyallup, WA, 98375",Seattle,INVH-18133-96th-ave-e-98375-2138,4,2.5,2300,2765.0,2026-09-30,16 months,False,,,,,,,,https://www.invitationhomes.com/houses-for-rent/18133-96th-ave-e-98375-2138,2026-07-19,2026-09-30,WA,puyallup,,,,,18133-96th-ave-e-98375-2138
2026-09-30,INVH,Seattle,"19908 98th Ave E, Graham, WA, 98338",Seattle,INVH-19908-98th-ave-e-98338-87279,4,2.25,1692,3095.0,2026-10-26,16 months,False,,,,,,,,https://www.invitationhomes.com/houses-for-rent/19908-98th-ave-e-98338-87279,2026-09-21,2026-09-30,WA,Graham,,,,,19908-98th-ave-e-98338-87279
2026-09-30,INVH,Seattle,"9123 196th Street Ct E, Graham, WA, 98338",Seattle,INVH-9123-196th-st-ct-e-98338-7268,4,2.75,2310,2860.0,2026-09-30,16 months,False,,,,,,,,https://www.invitationhomes.com/houses-for-rent/9123-196th-st-ct-e-98338-7268,2026-08-02,2026-09-30,WA,Graham,,,,,9123-196th-st-ct-e-98338-7268
2026-09-30,INVH,Seattle,"10418 194th Street Ct E, Graham, WA, 98338",Seattle,INVH-10418-194th-street-ct-e-98338-5393,3,2.5,2784,3245.0,2026-10-26,16 months,False,,,,,,,,https://www.invitationhomes.com/houses-for-rent/10418-194th-street-ct-e-98338-5393,2026-09-12,2026-09-30,WA,Graham,,,,,10418-194th-street-ct-e-98338-5393
2026-09-30,INVH,Seattle,"18611 85th Avenue Ct E, Puyallup, WA, 98375",Seattle,INVH-18611-85th-avenue-ct-e-puyallup-wa-98375,4,2.5,2004,2849.0,2026-09-30,16 months,False,,,,,,,,https://www.invitationhomes.com/houses-for-rent/18611-85th-avenue-ct-e-puyallup-wa-98375,2026-08-23,2026-09-30,WA,Puyallup,,,,,18611-85th-avenue-ct-e-puyallup-wa-98375
2026-09-30,INVH,Seattle,"10520 189th St E, Puyallup, WA, 98374",Seattle,INVH-10520-189th-st-e-98374-85802,4,2.5,1774,2880.0,2026-10-29,16 months,False,,,,,,,,https://www.invitationhomes.com/houses-for-rent/10520-189th-st-e-98374-85802,2026-09-30,2026-09-30,WA,Puyallup,,,,,10520-189th-st-e-98374-85802
2026-09-30,INVH,Seattle,"9928 184th St E Unit 37, Puyallup, WA, 98375",Seattle,INVH-9928-184th-st-e-puyallup-wa-98375,3,2.5,1742,2795.0,2026-09-30,16 months,False,,,,,,,,https://www.invitationhomes.com/houses-for-rent/9928-184th-st-e-puyallup-wa-98375,2026-08-16,2026-09-30,WA,Puyallup,,,,,9928-184th-st-e-puyallup-wa-98375
2026-09-30,INVH,Seattle,"11629 183rd St E, Puyallup, WA, 98374",Seattle,INVH-11629-183rd-st-e-98374-3864,4,2.5,2459,3165.0,2026-09-30,16 months,False,,,,,,,,https://www.invitationhomes.com/houses-for-rent/11629-183rd-st-e-98374-3864,2026-08-23,2026-09-30,WA,Puyallup,,,,,11629-183rd-st-e-98374-3864
2026-09-30,INVH,Seattle,"16928 123rd Ave E, Puyallup, WA, 98374",Seattle,INVH-16928-123rd-ave-e-puyallup-wa-98374,5,3.0,2107,2995.0,2026-10-15,16 months,False,,,,,,,,https://www.invitationhomes.com/houses-for-rent/16928-123rd-ave-e-puyallup-wa-98374,2026-09-09,2026-09-30,WA,Puyallup,,,,,16928-123rd-ave-e-puyallup-wa-98374
2026-09-30,INVH,Seattle,"16503 136th Ave E, Puyallup, WA, 98374",Seattle,INVH-16503-136th-ave-e-puyallup-wa-98374,4,2.5,2086,3030.0,2026-10-25,16 months,False,,,,,,,,https://www.invitationhomes.com/houses-for-rent/16503-136th-ave-e-puyallup-wa-98374,2026-09-12,2026-09-30,WA,Puyallup,,,,,16503-136th-ave-e-puyallup-wa-98374
2026-09-30,INVH,Seattle,"17114 139th Ave E, Puyallup, WA, 98374",Seattle,INVH-17114-139th-ave-e-98374-6896,4,2.5,2605,3295.0,2026-10-15,16 months,False,,,,,,,,https://www.invitationhomes.com/houses-for-rent/17114-139th-ave-e-98374-6896,2026-09-03,2026-09-30,WA,Puyallup,,,,,17114-139th-ave-e-98374-6896
2026-09-30,INVH,Seattle,"401 Kensington Ave NW, Orting, WA, 98360",Seattle,INVH-401-kensington-ave-nw-98360-87465,3,2.5,1500,2825.0,2026-09-30,12 months,False,,,,,,,,https://www.invitationhomes.com/houses-for-rent/401-kensington-ave-nw-98360-87465,2026-08-02,2026-09-30,WA,Orting,,,,,401-kensington-ave-nw-98360-87465
2026-09-30,INVH,Seattle,"319 Eldredge Ave NW, Orting, WA, 98360",Seattle,INVH-319-eldredge-ave-nw-orting-wa-98360,3,2.5,1550,2740.0,2026-11-02,16 months,False,,,,,,,,https://www.invitationhomes.com/houses-for-rent/319-eldredge-ave-nw-orting-wa-98360,2026-09-21,2026-09-30,WA,Orting,,,,,319-eldredge-ave-nw-orting-wa-98360
2026-09-30,INVH,Seattle,"7927 148th St Ct E, Puyallup, WA, 98375",Seattle,INVH-7927-e-148th-st-98375-3610,4,2.5,2338,3149.0,2026-09-30,16 months,False,,,,,,,,https://www.invitationhomes.com/houses-for-rent/7927-e-148th-st-98375-3610,2026-08-02,2026-09-30,WA,Puyallup,,,,,7927-e-148th-st-98375-3610
2026-09-30,INVH,Seattle,"14521 80th Ave E, Puyallup, WA, 98375",Seattle,INVH-14521-80th-ave-e-puyallup-wa-98375,5,2.5,2926,3325.0,2026-09-30,16 months,False,,,,,,,,https://www.invitationhomes.com/houses-for-rent/14521-80th-ave-e-puyallup-wa-98375,2026-08-02,2026-09-30,WA,Puyallup,,,,,14521-80th-ave-e-puyallup-wa-98375
2026-09-30,INVH,Seattle,"16707 80th Avenue Ct E, Puyallup, WA, 98375",Seattle,INVH-16707-80th-avenue-ct-e-98375-82993,4,2.5,2322,3115.0,2026-09-30,16 months,False,,,,,,,,https://www.invitationhomes.com/houses-for-rent/16707-80th-avenue-ct-e-98375-82993,2026-08-10,2026-09-30,WA,Puyallup,,,,,16707-80th-avenue-ct-e-98375-82993
2026-09-30,INVH,Seattle,"15329 87th Ave E, Puyallup, WA, 98375",Seattle,INVH-15329-87th-ave-e-puyallup-wa-98375,4,2.5,2189,2995.0,2026-10-15,16 months,False,,,,,,,,https://www.invitationhomes.com/houses-for-rent/15329-87th-ave-e-puyallup-wa-98375,2026-09-30,2026-09-30,WA,Puyallup,,,,,15329-87th-ave-e-puyallup-wa-98375
2026-09-30,INVH,Seattle,"15217 87th Ave E, Puyallup, WA, 98375",Seattle,INVH-15217-87th-ave-e-puyallup-wa-98375,4,2.5,2852,3095.0,2026-09-30,16 months,False,,,,,,,,https://www.invitationhomes.com/houses-for-rent/15217-87th-ave-e-puyallup-wa-98375,2026-06-14,2026-09-30,WA,Puyallup,,,,,15217-87th-ave-e-puyallup-wa-98375
2026-09-30,INVH,Seattle,"15005 87th Ave E, Puyallup, WA, 98375",Seattle,INVH-15005-87th-ave-e-puyallup-wa-98375,3,2.5,1796,2975.0,2026-09-30,16 months,False,,,,,,,,https://www.invitationhomes.com/houses-for-rent/15005-87th-ave-e-puyallup-wa-98375,2026-08-10,2026-09-30,WA,Puyallup,,,,,15005-87th-ave-e-puyallup-wa-98375
2026-09-30,INVH,Seattle,"8922 161st St E, Puyallup, WA, 98375",Seattle,INVH-8922-161st-st-e-98375-7226,3,2.5,1484,2665.0,2026-10-21,16 months,False,,,,,,,,https://www.invitationhomes.com/houses-for-rent/8922-161st-st-e-98375-7226,2026-09-06,2026-09-30,WA,Puyallup,,,,,8922-161st-st-e-98375-7226
2026-09-30,INVH,Seattle,"16026 89th Ave E, Puyallup, WA, 98375",Seattle,INVH-16026-89th-ave-e-puyallup-wa-98375,3,2.0,1484,2590.0,2026-10-15,16 months,False,,,,,,,,https://www.invitationhomes.com/houses-for-rent/16026-89th-ave-e-puyallup-wa-98375,2026-09-03,2026-09-30,WA,Puyallup,,,,,16026-89th-ave-e-puyallup-wa-98375
2026-09-30,INVH,Seattle,"12907 82nd Avenue Ct E, Puyallup, WA, 98373",Seattle,INVH-12907-82nd-avenue-ct-e-98373-8063,4,2.5,2079,3095.0,2026-10-02,16 months,False,,,,,,,,https://www.invitationhomes.com/houses-for-rent/12907-82nd-avenue-ct-e-98373-8063,2026-08-16,2026-09-30,WA,Puyallup,,,,,12907-82nd-avenue-ct-e-98373-8063
2026-09-30,INVH,Seattle,"15605 120th Ave E, Puyallup, WA, 98374",Seattle,INVH-15605-120th-ave-e-puyallup-wa-98374,3,1.75,1178,2475.0,2026-09-30,16 months,False,,,,,,,,https://www.invitationhomes.com/houses-for-rent/15605-120th-ave-e-puyallup-wa-98374,2026-09-03,2026-09-30,WA,Puyallup,,,,,15605-120th-ave-e-puyallup-wa-98374
2026-09-30,INVH,Seattle,"11821 150th Street Ct E, Puyallup, WA, 98374",Seattle,INVH-11821-150th-street-ct-e-puyallup-wa-98374,6,3.0,2694,3440.0,2026-09-30,16 months,False,,,,,,,,https://www.invitationhomes.com/houses-for-rent/11821-150th-street-ct-e-puyallup-wa-98374,2026-07-19,2026-09-30,WA,Puyallup,,,,,11821-150th-street-ct-e-puyallup-wa-98374
2026-09-30,INVH,Seattle,"12617 117th Ave E, Puyallup, WA, 98374",Seattle,INVH-12617-117th-ave-e-puyallup-wa-98374,4,2.5,2662,3495.0,2026-11-12,16 months,False,,,,,,,,https://www.invitationhomes.com/houses-for-rent/12617-117th-ave-e-puyallup-wa-98374,2026-09-30,2026-09-30,WA,Puyallup,,,,,12617-117th-ave-e-puyallup-wa-98374
2026-09-30,INVH,Seattle,"8311 113th St E, Puyallup, WA, 98373",Seattle,INVH-8311-113th-st-e-puyallup-wa-98373,4,2.0,1860,3030.0,2026-10-14,16 months,False,,,,,,,,https://www.invitationhomes.com/houses-for-rent/8311-113th-st-e-puyallup-wa-98373,2026-09-12,2026-09-30,WA,Puyallup,,,,,8311-113th-st-e-puyallup-wa-98373
2026-09-30,INVH,Seattle,"6406 86th Street Ct E, Puyallup, WA, 98371",Seattle,INVH-6406-86th-street-ct-e-98371-90520,3,2.5,1600,2880.0,2026-09-30,16 months,False,,,,,,,,https://www.invitationhomes.com/houses-for-rent/6406-86th-street-ct-e-98371-90520,2026-08-02,2026-09-30,WA,Puyallup,,,,,6406-86th-street-ct-e-98371-90520
2026-09-30,INVH,Seattle,"1706 3rd Ave NW, Puyallup, WA, 98371",Seattle,INVH-1706-3rd-ave-nw-puyallup-wa-98371,3,1.5,1998,2845.0,2026-09-30,16 months,False,,,,,,,,https://www.invitationhomes.com/houses-for-rent/1706-3rd-ave-nw-puyallup-wa-98371,2026-08-16,2026-09-30,WA,Puyallup,,,,,1706-3rd-ave-nw-puyallup-wa-98371
2026-09-30,INVH,Seattle,"711 17th Street Pl NW, Puyallup, WA, 98371",Seattle,INVH-711-17th-street-pl-nw-98371-2416,3,1.0,1786,2960.0,2026-10-17,16 months,False,,,,,,,,https://www.invitationhomes.com/houses-for-rent/711-17th-street-pl-nw-98371-2416,2026-08-23,2026-09-30,WA,Puyallup,,,,,711-17th-street-pl-nw-98371-2416
2026-09-30,INVH,Seattle,"1511 Riddell Ave NE, Orting, WA, 98360",Seattle,INVH-1511-riddell-ave-ne-orting-wa-98360,4,2.5,2426,3095.0,2026-10-22,16 months,False,,,,,,,,https://www.invitationhomes.com/houses-for-rent/1511-riddell-ave-ne-orting-wa-98360,2026-09-21,2026-09-30,WA,Orting,,,,,1511-riddell-ave-ne-orting-wa-98360
2026-09-30,INVH,Seattle,"216 Michell Ln NE, Orting, WA, 98360",Seattle,INVH-216-michell-ln-ne-98360-85894,5,2.5,2482,2890.0,2026-09-30,16 months,False,,,,,,,,https://www.invitationhomes.com/houses-for-rent/216-michell-ln-ne-98360-85894,2026-05-09,2026-09-30,WA,Orting,,,,,216-michell-ln-ne-98360-85894
2026-09-30,INVH,Seattle,"3201 32nd Street Pl SE, Puyallup, WA, 98374",Seattle,INVH-3201-32nd-street-pl-se-puyallup-wa-98374,3,2.25,1570,2949.0,2026-10-30,16 months,False,,,,,,,,https://www.invitationhomes.com/houses-for-rent/3201-32nd-street-pl-se-puyallup-wa-98374,2026-09-21,2026-09-30,WA,Puyallup,,,,,3201-32nd-street-pl-se-puyallup-wa-98374
2026-09-30,INVH,Seattle,"17808 109th Street Ct E, Bonney Lake, WA, 98391",Seattle,INVH-17808-109th-street-ct-e-bonney-lake-wa-98391,3,2.0,1162,2770.0,2026-11-12,12 months,False,,,,,,,,https://www.invitationhomes.com/houses-for-rent/17808-109th-street-ct-e-bonney-lake-wa-98391,2026-09-30,2026-09-30,WA,Bonney Lake,,,,,17808-109th-street-ct-e-bonney-lake-wa-98391
2026-09-30,INVH,Seattle,"10203 185th Ave E, Bonney Lake, WA, 98391",Seattle,INVH-10203-185th-ave-e-98391-6253,3,2.5,2456,3049.0,2026-09-30,16 months,False,,,,,,,,https://www.invitationhomes.com/houses-for-rent/10203-185th-ave-e-98391-6253,2026-08-10,2026-09-30,WA,Bonney Lake,,,,,10203-185th-ave-e-98391-6253
2026-09-30,INVH,Seattle,"19603 100th St E, Bonney Lake, WA, 98391",Seattle,INVH-19603-100th-st-e-bonney-lake-wa-98391,5,3.0,2544,3475.0,2026-10-30,16 months,False,,,,,,,,https://www.invitationhomes.com/houses-for-rent/19603-100th-st-e-bonney-lake-wa-98391,2026-09-30,2026-09-30,WA,Bonney Lake,,,,,19603-100th-st-e-bonney-lake-wa-98391
2026-09-30,INVH,Seattle,"1705 Peach Park Ln, Puyallup, WA, 98371",Seattle,INVH-1705-peach-park-ln-puyallup-wa-98371,4,2.5,2104,3425.0,2026-09-30,12 months,False,,,,,,,,https://www.invitationhomes.com/houses-for-rent/1705-peach-park-ln-puyallup-wa-98371,2026-08-23,2026-09-30,WA,Puyallup,,,,,1705-peach-park-ln-puyallup-wa-98371
2026-09-30,INVH,Seattle,"206 66th Avenue Ct E, Fife, WA, 98424",Seattle,INVH-206-66th-avenue-ct-e-fife-wa-98424,5,2.5,2500,3595.0,2026-09-30,16 months,False,,,,,,,,https://www.invitationhomes.com/houses-for-rent/206-66th-avenue-ct-e-fife-wa-98424,2026-08-16,2026-09-30,WA,Fife,,,,,206-66th-avenue-ct-e-fife-wa-98424
2026-09-30,INVH,Seattle,"37905 20th Ct S, Federal Way, WA, 98003",Seattle,INVH-37905-20th-ct-s-federal-way-wa-98003,3,2.5,1780,3410.0,2026-11-02,16 months,False,,,,,,,,https://www.invitationhomes.com/houses-for-rent/37905-20th-ct-s-federal-way-wa-98003,2026-09-21,2026-09-30,WA,Federal Way,,,,,37905-20th-ct-s-federal-way-wa-98003
2026-09-30,INVH,Seattle,"18710 65th St E, Bonney Lake, WA, 98391",Seattle,INVH-18710-65th-st-e-bonney-lake-wa-98391,3,2.0,1138,2725.0,2026-11-14,16 months,False,,,,,,,,https://www.invitationhomes.com/houses-for-rent/18710-65th-st-e-bonney-lake-wa-98391,2026-09-30,2026-09-30,WA,Bonney Lake,,,,,18710-65th-st-e-bonney-lake-wa-98391
2026-09-30,INVH,Seattle,"510 Puget Pl S, Pacific, WA, 98047",Seattle,INVH-510-puget-pl-s-98047-5899,4,2.25,1814,3340.0,2026-09-30,12 months,False,,,,,,,,https://www.invitationhomes.com/houses-for-rent/510-puget-pl-s-98047-5899,2026-07-19,2026-09-30,WA,Pacific,,,,,510-puget-pl-s-98047-5899
2026-09-30,INVH,Seattle,"146 Seattle Blvd S, Algona, WA, 98001",Seattle,INVH-146-seattle-blvd-s-algona-wa-98001,3,2.5,1840,3195.0,2026-09-30,16 months,False,,,,,,,,https://www.invitationhomes.com/houses-for-rent/146-seattle-blvd-s-algona-wa-98001,2026-07-19,2026-09-30,WA,Algona,,,,,146-seattle-blvd-s-algona-wa-98001
2026-09-30,INVH,Seattle,"11018 203rd Ave E, Bonney Lake, WA, 98391",Seattle,INVH-11018-203rd-ave-e-bonney-lake-wa-98391,4,2.5,2004,2995.0,2026-10-25,16 months,False,,,,,,,,https://www.invitationhomes.com/houses-for-rent/11018-203rd-ave-e-bonney-lake-wa-98391,2026-09-12,2026-09-30,WA,Bonney Lake,,,,,11018-203rd-ave-e-bonney-lake-wa-98391
2026-09-30,INVH,Seattle,"7816 208th Ave E, Bonney Lake, WA, 98391",Seattle,INVH-7816-208th-ave-e-98391-84952,4,2.5,2297,3345.0,2026-09-30,12 months,False,,,,,,,,https://www.invitationhomes.com/houses-for-rent/7816-208th-ave-e-98391-84952,2026-08-10,2026-09-30,WA,Bonney Lake,,,,,7816-208th-ave-e-98391-84952
2026-09-30,INVH,Seattle,"29214 13th Pl S, Federal Way, WA, 98003",Seattle,INVH-29214-13th-pl-s-federal-way-wa-98003,4,2.25,2290,3660.0,2026-10-25,16 months,False,,,,,,,,https://www.invitationhomes.com/houses-for-rent/29214-13th-pl-s-federal-way-wa-98003,2026-09-12,2026-09-30,WA,Federal Way,,,,,29214-13th-pl-s-federal-way-wa-98003
2026-09-30,INVH,Seattle,"26120 18th Ave S, Des Moines, WA, 98198",Seattle,INVH-26120-18th-ave-s-des-moines-wa-98198,4,3.0,1810,3390.0,2026-09-30,16 months,False,,,,,,,,https://www.invitationhomes.com/houses-for-rent/26120-18th-ave-s-des-moines-wa-98198,2026-09-21,2026-09-30,WA,Des Moines,,,,,26120-18th-ave-s-des-moines-wa-98198
2026-09-30,INVH,Seattle,"5121 S 302nd Pl, Auburn, WA, 98001",Seattle,INVH-5121-s-302nd-pl-98001-6600,3,2.5,2300,3115.0,2026-09-30,16 months,False,,,,,,,,https://www.invitationhomes.com/houses-for-rent/5121-s-302nd-pl-98001-6600,2026-06-09,2026-09-30,WA,Auburn,,,,,5121-s-302nd-pl-98001-6600
2026-09-30,INVH,Seattle,"12527 SE 279th Pl, Kent, WA, 98030",Seattle,INVH-12527-se-279th-pl-kent-wa-98030,5,2.5,2874,4280.0,2026-11-09,16 months,False,,,,,,,,https://www.invitationhomes.com/houses-for-rent/12527-se-279th-pl-kent-wa-98030,2026-09-30,2026-09-30,WA,Kent,,,,,12527-se-279th-pl-kent-wa-98030
2026-09-30,INVH,Seattle,"12416 SE 259th St, Kent, WA, 98030",Seattle,INVH-12416-se-259th-st-kent-wa-98030,4,2.5,2060,3395.0,2026-09-30,16 months,False,,,,,,,,https://www.invitationhomes.com/houses-for-rent/12416-se-259th-st-kent-wa-98030,2026-06-09,2026-09-30,WA,Kent,,,,,12416-se-259th-st-kent-wa-98030
2026-09-30,INVH,Seattle,"21411 40th Pl S #61, Seatac, WA, 98198",Seattle,INVH-21411-40th-pl-s-61-seatac-wa-98198,3,2.25,2088,3180.0,2026-09-30,16 months,False,,,,,,,,https://www.invitationhomes.com/houses-for-rent/21411-40th-pl-s-61-seatac-wa-98198,2026-08-02,2026-09-30,WA,Seatac,,,,,21411-40th-pl-s-61-seatac-wa-98198
2026-09-30,INVH,Seattle,"23922 99th Ave S, Kent, WA, 98031",Seattle,INVH-23922-99th-ave-s-98031-2424,3,1.75,1720,2935.0,2026-09-30,12 months,False,,,,,,,,https://www.invitationhomes.com/houses-for-rent/23922-99th-ave-s-98031-2424,2026-06-09,2026-09-30,WA,Kent,,,,,23922-99th-ave-s-98031-2424
2026-09-30,INVH,Seattle,"24859 128th Pl SE, Kent, WA, 98030",Seattle,INVH-24859-128th-pl-se-kent-wa-98030,3,2.0,2180,3195.0,2026-09-30,16 months,False,,,,,,,,https://www.invitationhomes.com/houses-for-rent/24859-128th-pl-se-kent-wa-98030,2026-07-19,2026-09-30,WA,Kent,,,,,24859-128th-pl-se-kent-wa-98030
2026-09-30,INVH,Seattle,"17225 125th Ave SE, Renton, WA, 98058",Seattle,INVH-17225-125th-ave-se-renton-wa-98058,3,1.0,1180,2885.0,2026-09-30,16 months,False,,,,,,,,https://www.invitationhomes.com/houses-for-rent/17225-125th-ave-se-renton-wa-98058,2026-08-16,2026-09-30,WA,Renton,,,,,17225-125th-ave-se-renton-wa-98058
2026-09-30,INVH,Seattle,"12526 SE 172nd St, Renton, WA, 98058",Seattle,INVH-12526-se-172nd-st-renton-wa-98058,4,1.5,1460,3095.0,2026-10-05,16 months,False,,,,,,,,https://www.invitationhomes.com/houses-for-rent/12526-se-172nd-st-renton-wa-98058,2026-09-21,2026-09-30,WA,Renton,,,,,12526-se-172nd-st-renton-wa-98058
2026-09-30,INVH,Seattle,"16848 123rd Ave SE, Renton, WA, 98058",Seattle,INVH-16848-123rd-ave-se-renton-wa-98058,3,1.0,1080,2999.0,2026-11-06,16 months,False,,,,,,,,https://www.invitationhomes.com/houses-for-rent/16848-123rd-ave-se-renton-wa-98058,2026-09-30,2026-09-30,WA,Renton,,,,,16848-123rd-ave-se-renton-wa-98058
2026-09-30,INVH,Seattle,"13732 SE 275th Pl, Kent, WA, 98042",Seattle,INVH-13732-se-275th-pl-kent-wa-98042,4,2.75,2590,3690.0,2026-09-30,16 months,False,,,,,,,,https://www.invitationhomes.com/houses-for-rent/13732-se-275th-pl-kent-wa-98042,2026-08-10,2026-09-30,WA,Kent,,,,,13732-se-275th-pl-kent-wa-98042
2026-09-30,INVH,Seattle,"16829 SE 260th St, Covington, WA, 98042",Seattle,INVH-16829-se-260th-st-98042-8684,4,2.5,1740,3395.0,2026-09-30,16 months,False,,,,,,,,https://www.invitationhomes.com/houses-for-rent/16829-se-260th-st-98042-8684,2026-09-03,2026-09-30,WA,Covington,,,,,16829-se-260th-st-98042-8684
2026-09-30,INVH,Seattle,"18702 SE 265th St, Covington, WA, 98042",Seattle,INVH-18702-se-265th-st-covington-wa-98042,3,1.5,1310,2885.0,2026-10-22,16 months,False,,,,,,,,https://www.invitationhomes.com/houses-for-rent/18702-se-265th-st-covington-wa-98042,2026-09-12,2026-09-30,WA,Covington,,,,,18702-se-265th-st-covington-wa-98042
2026-09-30,INVH,Seattle,"21644 SE 298th Pl, Kent, WA, 98042",Seattle,INVH-21644-se-298th-pl-kent-wa-98042,4,2.5,2434,3795.0,2026-09-30,16 months,False,,,,,,,,https://www.invitationhomes.com/houses-for-rent/21644-se-298th-pl-kent-wa-98042,2026-09-12,2026-09-30,WA,Kent,,,,,21644-se-298th-pl-kent-wa-98042
2026-09-30,INVH,Seattle,"29052 215th Pl SE, Kent, WA, 98042",Seattle,INVH-29052-215th-pl-se-kent-wa-98042,4,2.5,2232,3095.0,2026-09-30,16 months,False,,,,,,,,https://www.invitationhomes.com/houses-for-rent/29052-215th-pl-se-kent-wa-98042,2026-07-19,2026-09-30,WA,Kent,,,,,29052-215th-pl-se-kent-wa-98042
2026-09-30,INVH,Seattle,"25725 198th Pl SE, Covington, WA, 98042",Seattle,INVH-25725-198th-pl-se-98042-6724,3,1.0,1180,2725.0,2026-09-30,12 months,False,,,,,,,,https://www.invitationhomes.com/houses-for-rent/25725-198th-pl-se-98042-6724,2026-08-02,2026-09-30,WA,Covington,,,,,25725-198th-pl-se-98042-6724
2026-09-30,INVH,Seattle,"21318 SE 274th Pl, Maple Valley, WA, 98038",Seattle,INVH-21318-se-274th-pl-maple-valley-wa-98038,6,2.75,2400,3499.0,2026-09-30,16 months,False,,,,,,,,https://www.invitationhomes.com/houses-for-rent/21318-se-274th-pl-maple-valley-wa-98038,2026-08-10,2026-09-30,WA,Maple Valley,,,,,21318-se-274th-pl-maple-valley-wa-98038
2026-09-30,INVH,Seattle,"23002 SE 267th Pl, Maple Valley, WA, 98038",Seattle,INVH-23002-se-267th-pl-maple-valley-wa-98038,3,2.75,1975,3145.0,2026-09-30,16 months,False,,,,,,,,https://www.invitationhomes.com/houses-for-rent/23002-se-267th-pl-maple-valley-wa-98038,2026-08-10,2026-09-30,WA,Maple Valley,,,,,23002-se-267th-pl-maple-valley-wa-98038
2026-09-30,INVH,Seattle,"17712 159th Ave SE, Renton, WA, 98058",Seattle,INVH-17712-159th-ave-se-renton-wa-98058,4,2.75,2290,3525.0,2026-09-30,12 months,False,,,,,,,,https://www.invitationhomes.com/houses-for-rent/17712-159th-ave-se-renton-wa-98058,2026-07-19,2026-09-30,WA,Renton,,,,,17712-159th-ave-se-renton-wa-98058
2026-09-30,INVH,Seattle,"16956 SE 183rd Pl, Renton, WA, 98058",Seattle,INVH-16956-se-183rd-pl-renton-wa-98058,4,2.5,2820,3795.0,2026-09-30,16 months,False,,,,,,,,https://www.invitationhomes.com/houses-for-rent/16956-se-183rd-pl-renton-wa-98058,2026-07-19,2026-09-30,WA,Renton,,,,,16956-se-183rd-pl-renton-wa-98058
2026-09-30,INVH,Seattle,"24708 233rd Pl SE, Maple Valley, WA, 98038",Seattle,INVH-24708-233rd-pl-se-98038-3565,3,2.5,1750,3485.0,2026-11-04,16 months,False,,,,,,,,https://www.invitationhomes.com/houses-for-rent/24708-233rd-pl-se-98038-3565,2026-09-21,2026-09-30,WA,Maple Valley,,,,,24708-233rd-pl-se-98038-3565
2026-09-30,INVH,Seattle,"13809 29th Ave S, Seatac, WA, 98168",Seattle,INVH-13809-29th-ave-s-seatac-wa-98168,4,2.5,2020,3449.0,2026-10-02,16 months,False,,,,,,,,https://www.invitationhomes.com/houses-for-rent/13809-29th-ave-s-seatac-wa-98168,2026-08-23,2026-09-30,WA,Seatac,,,,,13809-29th-ave-s-seatac-wa-98168
2026-09-30,INVH,Seattle,"344 Index Ave SE, Renton, WA, 98056",Seattle,INVH-344-index-ave-se-renton-wa-98056,4,3.0,2140,3640.0,2026-11-05,16 months,False,,,,,,,,https://www.invitationhomes.com/houses-for-rent/344-index-ave-se-renton-wa-98056,2026-09-30,2026-09-30,WA,Renton,,,,,344-index-ave-se-renton-wa-98056
2026-09-30,INVH,Seattle,"20825 58th Pl W, Lynnwood, WA, 98036",Seattle,INVH-20825-58th-pl-w-lynnwood-wa-98036,4,1.75,2062,3545.0,2026-10-15,12 months,False,,,,,,,,https://www.invitationhomes.com/houses-for-rent/20825-58th-pl-w-lynnwood-wa-98036,2026-09-21,2026-09-30,WA,Lynnwood,,,,,20825-58th-pl-w-lynnwood-wa-98036
2026-09-30,INVH,Seattle,"20316 73rd Ave W, Lynnwood, WA, 98036",Seattle,INVH-20316-73rd-ave-w-lynnwood-wa-98036,3,1.0,1200,2990.0,2026-10-05,16 months,False,,,,,,,,https://www.invitationhomes.com/houses-for-rent/20316-73rd-ave-w-lynnwood-wa-98036,2026-09-30,2026-09-30,WA,Lynnwood,,,,,20316-73rd-ave-w-lynnwood-wa-98036
2026-09-30,INVH,Seattle,"17312 57th Pl W, Lynnwood, WA, 98037",Seattle,INVH-17312-57th-pl-w-lynnwood-wa-98037,4,2.0,2025,3675.0,2026-09-30,16 months,False,,,,,,,,https://www.invitationhomes.com/houses-for-rent/17312-57th-pl-w-lynnwood-wa-98037,2026-09-03,2026-09-30,WA,Lynnwood,,,,,17312-57th-pl-w-lynnwood-wa-98037
2026-09-30,INVH,Seattle,"2412 193rd St SW, Lynnwood, WA, 98036",Seattle,INVH-2412-193rd-st-sw-lynnwood-wa-98036,4,3.5,1997,3560.0,2026-09-30,16 months,False,,,,,,,,https://www.invitationhomes.com/houses-for-rent/2412-193rd-st-sw-lynnwood-wa-98036,2026-07-19,2026-09-30,WA,Lynnwood,,,,,2412-193rd-st-sw-lynnwood-wa-98036
2026-09-30,INVH,Seattle,"803 201st St SW, Lynnwood, WA, 98036",Seattle,INVH-803-201st-st-sw-98036-8192,3,2.5,2834,4295.0,2026-10-17,16 months,False,,,,,,,,https://www.invitationhomes.com/houses-for-rent/803-201st-st-sw-98036-8192,2026-09-12,2026-09-30,WA,Lynnwood,,,,,803-201st-st-sw-98036-8192
2026-09-30,INVH,Seattle,"19423 1st Ave SE, Bothell, WA, 98012",Seattle,INVH-19423-1st-ave-se-bothell-wa-98012,4,2.5,1776,3295.0,2026-10-30,16 months,False,,,,,,,,https://www.invitationhomes.com/houses-for-rent/19423-1st-ave-se-bothell-wa-98012,2026-09-21,2026-09-30,WA,Bothell,,,,,19423-1st-ave-se-bothell-wa-98012
2026-09-30,INVH,Seattle,"17504 14th Dr SE, Bothell, WA, 98012",Seattle,INVH-17504-14th-dr-se-bothell-wa-98012,3,2.5,2449,3245.0,2026-09-30,16 months,False,,,,,,,,https://www.invitationhomes.com/houses-for-rent/17504-14th-dr-se-bothell-wa-98012,2026-08-16,2026-09-30,WA,Bothell,,,,,17504-14th-dr-se-bothell-wa-98012
2026-09-30,INVH,Seattle,"12823 15th Pl W, Everett, WA, 98204",Seattle,INVH-12823-15th-pl-w-98204-83111,4,2.5,1796,3080.0,2026-09-30,12 months,False,,,,,,,,https://www.invitationhomes.com/houses-for-rent/12823-15th-pl-w-98204-83111,2026-08-02,2026-09-30,WA,Everett,,,,,12823-15th-pl-w-98204-83111
2026-09-30,INVH,Seattle,"13033 12th Pl W, Everett, WA, 98204",Seattle,INVH-13033-12th-pl-w-everett-wa-98204,3,2.5,2374,3495.0,2026-10-02,16 months,False,,,,,,,,https://www.invitationhomes.com/houses-for-rent/13033-12th-pl-w-everett-wa-98204,2026-09-21,2026-09-30,WA,Everett,,,,,13033-12th-pl-w-everett-wa-98204
2026-09-30,INVH,Seattle,"11320 30th Ave SE, Everett, WA, 98208",Seattle,INVH-11320-30th-ave-se-everett-wa-98208,3,1.0,984,2699.0,2026-10-15,16 months,False,,,,,,,,https://www.invitationhomes.com/houses-for-rent/11320-30th-ave-se-everett-wa-98208,2026-09-21,2026-09-30,WA,Everett,,,,,11320-30th-ave-se-everett-wa-98208
2026-09-30,INVH,Seattle,"10112 21st Ave W, Everett, WA, 98204",Seattle,INVH-10112-21st-ave-w-everett-wa-98204,3,2.5,1792,3499.0,2026-10-02,16 months,False,,,,,,,,https://www.invitationhomes.com/houses-for-rent/10112-21st-ave-w-everett-wa-98204,2026-09-12,2026-09-30,WA,Everett,,,,,10112-21st-ave-w-everett-wa-98204
2026-09-30,INVH,Seattle,"1425 63rd St SE, Everett, WA, 98203",Seattle,INVH-1425-63rd-st-se-98203-1540,4,2.0,1500,2949.0,2026-10-02,16 months,False,,,,,,,,https://www.invitationhomes.com/houses-for-rent/1425-63rd-st-se-98203-1540,2026-08-02,2026-09-30,WA,Everett,,,,,1425-63rd-st-se-98203-1540
2026-09-30,INVH,Seattle,"928 58th Pl SW, Everett, WA, 98203",Seattle,INVH-928-58th-pl-sw-98203-8052,3,3.0,1596,3095.0,2026-10-19,16 months,False,,,,,,,,https://www.invitationhomes.com/houses-for-rent/928-58th-pl-sw-98203-8052,2026-09-06,2026-09-30,WA,Everett,,,,,928-58th-pl-sw-98203-8052
2026-09-30,INVH,Seattle,"2310 Summit Ave, Everett, WA, 98201",Seattle,INVH-2310-summit-ave-everett-wa-98201,3,2.0,1168,2730.0,2026-09-30,16 months,False,,,,,,,,https://www.invitationhomes.com/houses-for-rent/2310-summit-ave-everett-wa-98201,2026-09-03,2026-09-30,WA,Everett,,,,,2310-summit-ave-everett-wa-98201
2026-09-30,INVH,Seattle,"15595 Mulberry Dr SE, Monroe, WA, 98272",Seattle,INVH-15595-mulberry-dr-se-98272-9950,3,2.5,1658,3340.0,2026-10-29,16 months,False,,,,,,,,https://www.invitationhomes.com/houses-for-rent/15595-mulberry-dr-se-98272-9950,2026-09-30,2026-09-30,WA,Monroe,,,,,15595-mulberry-dr-se-98272-9950
2026-09-30,INVH,Seattle,"409 Rainbow Pl, Snohomish, WA, 98290",Seattle,INVH-409-rainbow-pl-snohomish-wa-98290,3,2.0,1849,3295.0,2026-10-15,12 months,False,,,,,,,,https://www.invitationhomes.com/houses-for-rent/409-rainbow-pl-snohomish-wa-98290,2026-09-30,2026-09-30,WA,Snohomish,,,,,409-rainbow-pl-snohomish-wa-98290
2026-09-30,INVH,Seattle,"1007 96th Ave SE, Lake Stevens, WA, 98258",Seattle,INVH-1007-96th-ave-se-98258-5619,3,2.5,1684,3375.0,2026-10-11,16 months,False,,,,,,,,https://www.invitationhomes.com/houses-for-rent/1007-96th-ave-se-98258-5619,2026-09-03,2026-09-30,WA,Lake Stevens,,,,,1007-96th-ave-se-98258-5619
2026-09-30,INVH,Seattle,"6509 47th Ave NE 107, Marysville, WA, 98270",Seattle,INVH-6509-47th-ave-ne-98270-87262,3,2.25,1718,2949.0,2026-09-30,18 months,False,,,,,,,,https://www.invitationhomes.com/houses-for-rent/6509-47th-ave-ne-98270-87262,2026-08-16,2026-09-30,WA,Marysville,,,,,6509-47th-ave-ne-98270-87262
2026-09-30,INVH,Seattle,"2732 84th Dr NE, Lake Stevens, WA, 98258",Seattle,INVH-2732-84th-dr-ne-98258-2769,3,2.5,1850,3095.0,2026-11-04,16 months,False,,,,,,,,https://www.invitationhomes.com/houses-for-rent/2732-84th-dr-ne-98258-2769,2026-09-21,2026-09-30,WA,Lake Stevens,,,,,2732-84th-dr-ne-98258-2769
2026-09-30,INVH,Seattle,"4700 61st Dr NE, Marysville, WA, 98270",Seattle,INVH-4700-61st-dr-ne-98270-83770,4,2.5,2066,3310.0,2026-09-30,16 months,False,,,,,,,,https://www.invitationhomes.com/houses-for-rent/4700-61st-dr-ne-98270-83770,2026-09-03,2026-09-30,WA,Marysville,,,,,4700-61st-dr-ne-98270-83770
2026-09-30,INVH,Seattle,"6505 47th Ave NE 101, Marysville, WA, 98270",Seattle,INVH-6505-47th-ave-ne-98270-87257,3,2.25,1718,2949.0,2026-09-30,18 months,False,,,,,,,,https://www.invitationhomes.com/houses-for-rent/6505-47th-ave-ne-98270-87257,2026-08-10,2026-09-30,WA,Marysville,,,,,6505-47th-ave-ne-98270-87257
2026-09-30,INVH,Seattle,"6513 47th Ave NE 113, Marysville, WA, 98270",Seattle,INVH-6513-47th-ave-ne-98270-87267,3,2.25,1718,2870.0,2026-09-30,18 months,False,,,,,,,,https://www.invitationhomes.com/houses-for-rent/6513-47th-ave-ne-98270-87267,2026-08-02,2026-09-30,WA,Marysville,,,,,6513-47th-ave-ne-98270-87267
2026-09-30,INVH,Seattle,"8103 71ST ST NE, Marysville, WA, 98270",Seattle,INVH-8103-71st-st-ne-98270-84155,5,3.0,2622,3510.0,2026-09-30,12 months,False,,,,,,,,https://www.invitationhomes.com/houses-for-rent/8103-71st-st-ne-98270-84155,2026-08-02,2026-09-30,WA,Marysville,,,,,8103-71st-st-ne-98270-84155
2026-09-30,INVH,Seattle,"8402 4th St NE, Lake Stevens, WA, 98258",Seattle,INVH-8402-4th-st-ne-lake-stevens-wa-98258,3,2.5,1237,2785.0,2026-09-30,16 months,False,,,,,,,,https://www.invitationhomes.com/houses-for-rent/8402-4th-st-ne-lake-stevens-wa-98258,2026-08-02,2026-09-30,WA,Lake Stevens,,,,,8402-4th-st-ne-lake-stevens-wa-98258
2026-09-30,INVH,Seattle,"12800 17th St NE Unit 8, Lake Stevens, WA, 98258",Seattle,INVH-12800-17th-st-ne-8-98258-9912,3,2.5,1955,3180.0,2026-10-15,16 months,False,,,,,,,,https://www.invitationhomes.com/houses-for-rent/12800-17th-st-ne-8-98258-9912,2026-09-03,2026-09-30,WA,Lake Stevens,,,,,12800-17th-st-ne-8-98258-9912
2026-09-30,INVH,Seattle,"5415 144th Pl NE, Marysville, WA, 98271",Seattle,INVH-5415-144th-pl-ne-marysville-wa-98271,4,2.0,1932,3225.0,2026-09-30,16 months,False,,,,,,,,https://www.invitationhomes.com/houses-for-rent/5415-144th-pl-ne-marysville-wa-98271,2026-07-19,2026-09-30,WA,Marysville,,,,,5415-144th-pl-ne-marysville-wa-98271
2026-09-30,INVH,Seattle,"14688 Ravenwood Rd SE, Monroe, WA, 98272",Seattle,INVH-14688-ravenwood-rd-se-monroe-wa-98272,4,2.75,2694,3240.0,2026-09-30,16 months,False,,,,,,,,https://www.invitationhomes.com/houses-for-rent/14688-ravenwood-rd-se-monroe-wa-98272,2026-08-02,2026-09-30,WA,Monroe,,,,,14688-ravenwood-rd-se-monroe-wa-98272
2026-09-30,INVH,Salt Lake City,"26 N Riverside Dr, Saratoga Springs, UT, 84045",Salt Lake City,INVH-26-n-riverside-dr-84045-124715,3,2.5,1448,2149.0,2026-09-30,24 months,False,,,,,,,,https://www.invitationhomes.com/houses-for-rent/26-n-riverside-dr-84045-124715,2026-06-14,2026-09-30,UT,Saratoga Springs,,,,,26-n-riverside-dr-84045-124715
2026-09-30,INVH,Salt Lake City,"42 N Riverside Dr, Saratoga Springs, UT, 84045",Salt Lake City,INVH-42-n-riverside-dr-84045-124623,3,2.5,1448,2099.0,2026-09-30,24 months,False,,,,,,,,https://www.invitationhomes.com/houses-for-rent/42-n-riverside-dr-84045-124623,2026-05-09,2026-09-30,UT,Saratoga Springs,,,,,42-n-riverside-dr-84045-124623
2026-09-30,INVH,Salt Lake City,"381 W Marquette Dr S, Midvale, UT, 84047",Salt Lake City,INVH-381-w-marquette-dr-s-84047-110839,3,2.0,2016,2630.0,2026-09-30,24 months,False,,,,,,,,https://www.invitationhomes.com/houses-for-rent/381-w-marquette-dr-s-84047-110839,2026-04-04,2026-09-30,UT,Midvale,,,,,381-w-marquette-dr-s-84047-110839
2026-09-30,INVH,Salt Lake City,"9861 S Amber Ln, Sandy, UT, 84094",Salt Lake City,INVH-9861-s-amber-ln-84094-110880,4,2.0,2106,3049.0,2026-10-17,24 months,False,,,,,,,,https://www.invitationhomes.com/houses-for-rent/9861-s-amber-ln-84094-110880,2026-09-30,2026-09-30,UT,Sandy,,,,,9861-s-amber-ln-84094-110880
2026-09-30,INVH,Salt Lake City,"9548 S 1210 E, Sandy, UT, 84094",Salt Lake City,INVH-9548-s-1210-e-84094-110900,4,2.0,2052,2745.0,2026-10-20,24 months,False,,,,,,,,https://www.invitationhomes.com/houses-for-rent/9548-s-1210-e-84094-110900,2026-09-06,2026-09-30,UT,Sandy,,,,,9548-s-1210-e-84094-110900
2026-09-30,INVH,Salt Lake City,"4602 S Carnegie Tech St, West Valley City, UT, 84120",Salt Lake City,INVH-4602-s-carnegie-tech-st-84120-110847,3,2.0,2240,2595.0,2026-09-30,24 months,False,,,,,,,,https://www.invitationhomes.com/houses-for-rent/4602-s-carnegie-tech-st-84120-110847,2026-08-10,2026-09-30,UT,West Valley City,,,,,4602-s-carnegie-tech-st-84120-110847
2026-09-30,INVH,Salt Lake City,"4334 S Lotus Blossom Dr W, West Valley City, UT, 84120",Salt Lake City,INVH-4334-s-lotus-blossom-dr-w-84120-110846,4,2.0,1922,2545.0,2026-10-31,24 months,False,,,,,,,,https://www.invitationhomes.com/houses-for-rent/4334-s-lotus-blossom-dr-w-84120-110846,2026-09-21,2026-09-30,UT,West Valley City,,,,,4334-s-lotus-blossom-dr-w-84120-110846
2026-09-30,INVH,Salt Lake City,"5965 W Brud Dr, West Valley City, UT, 84128",Salt Lake City,INVH-5965-w-brud-dr-84128-110811,4,2.0,2296,2795.0,2026-10-22,24 months,False,,,,,,,,https://www.invitationhomes.com/houses-for-rent/5965-w-brud-dr-84128-110811,2026-09-09,2026-09-30,UT,West Valley City,,,,,5965-w-brud-dr-84128-110811
2026-09-30,INVH,Salt Lake City,"2625 S Ridgeland Dr, West Valley City, UT, 84119",Salt Lake City,INVH-2625-s-ridgeland-dr-84119-110862,4,2.0,1676,2365.0,2026-09-30,24 months,False,,,,,,,,https://www.invitationhomes.com/houses-for-rent/2625-s-ridgeland-dr-84119-110862,2026-08-10,2026-09-30,UT,West Valley City,,,,,2625-s-ridgeland-dr-84119-110862
2026-09-30,INVH,Salt Lake City,"7668 Keelcrest Dr, West Jordan, UT, 84084",Salt Lake City,INVH-7668-keelcrest-dr-84084-110877,5,2.0,1862,2595.0,2026-10-29,24 months,False,,,,,,,,https://www.invitationhomes.com/houses-for-rent/7668-keelcrest-dr-84084-110877,2026-09-30,2026-09-30,UT,West Jordan,,,,,7668-keelcrest-dr-84084-110877
2026-09-30,INVH,Denver,"11153 W Caley Ave, Littleton, CO, 80127",Denver,INVH-11153-w-caley-ave-80127-5140,4,2.5,1807,3275.0,2026-11-07,20 months,False,,,,,,,,https://www.invitationhomes.com/houses-for-rent/11153-w-caley-ave-80127-5140,2026-09-30,2026-09-30,CO,Littleton,,,,,11153-w-caley-ave-80127-5140
2026-09-30,INVH,Denver,"9731 Burntwood Ct, Highlands Ranch, CO, 80126",Denver,INVH-9731-burntwood-ct-80126-9095,3,2.5,2615,3165.0,2026-09-30,20 months,False,,,,,,,,https://www.invitationhomes.com/houses-for-rent/9731-burntwood-ct-80126-9095,2026-08-16,2026-09-30,CO,Highlands Ranch,,,,,9731-burntwood-ct-80126-9095
2026-09-30,INVH,Denver,"9499 Sherrelwood Ln, Highlands Ranch, CO, 80126",Denver,INVH-9499-sherrelwood-ln-80126-1562,4,3.0,2049,3265.0,2026-09-30,20 months,False,,,,,,,,https://www.invitationhomes.com/houses-for-rent/9499-sherrelwood-ln-80126-1562,2026-07-19,2026-09-30,CO,Highlands Ranch,,,,,9499-sherrelwood-ln-80126-1562
2026-09-30,INVH,Denver,"1930 Quartz St, Castle Rock, CO, 80109",Denver,INVH-1930-quartz-st-80109-1863,3,3.0,2596,3295.0,2026-10-21,20 months,False,,,,,,,,https://www.invitationhomes.com/houses-for-rent/1930-quartz-st-80109-1863,2026-09-06,2026-09-30,CO,Castle Rock,,,,,1930-quartz-st-80109-1863
2026-09-30,INVH,Denver,"2106 Morningview Ln, Castle Rock, CO, 80109",Denver,INVH-2106-morningview-ln-80109-7558,3,2.5,2000,3285.0,2026-10-30,20 months,False,,,,,,,,https://www.invitationhomes.com/houses-for-rent/2106-morningview-ln-80109-7558,2026-09-21,2026-09-30,CO,Castle Rock,,,,,2106-morningview-ln-80109-7558
2026-09-30,INVH,Denver,"4209 Beautiful Cir, Castle Rock, CO, 80109",Denver,INVH-4209-beautiful-cir-80109-4603,3,2.5,1674,3049.0,2026-11-02,22 months,False,,,,,,,,https://www.invitationhomes.com/houses-for-rent/4209-beautiful-cir-80109-4603,2026-09-30,2026-09-30,CO,Castle Rock,,,,,4209-beautiful-cir-80109-4603
2026-09-30,INVH,Denver,"4617 N Foxtail Dr, Castle Rock, CO, 80109",Denver,INVH-4617-n-foxtail-dr-80109-7546,3,2.5,1791,2730.0,2026-09-30,20 months,False,,,,,,,,https://www.invitationhomes.com/houses-for-rent/4617-n-foxtail-dr-80109-7546,2026-08-02,2026-09-30,CO,Castle Rock,,,,,4617-n-foxtail-dr-80109-7546
2026-09-30,INVH,Denver,"3941 Licorice Ct, Castle Rock, CO, 80109",Denver,INVH-3941-licorice-ct-80109-8203,3,2.0,1825,2995.0,2026-10-14,20 months,False,,,,,,,,https://www.invitationhomes.com/houses-for-rent/3941-licorice-ct-80109-8203,2026-09-03,2026-09-30,CO,Castle Rock,,,,,3941-licorice-ct-80109-8203
2026-09-30,INVH,Denver,"3818 Licorice Trl, Castle Rock, CO, 80109",Denver,INVH-3818-licorice-trl-80109-6572,4,2.5,1670,2835.0,2026-10-16,20 months,False,,,,,,,,https://www.invitationhomes.com/houses-for-rent/3818-licorice-trl-80109-6572,2026-09-30,2026-09-30,CO,Castle Rock,,,,,3818-licorice-trl-80109-6572
2026-09-30,INVH,Denver,"4992 N Silverlace Dr, Castle Rock, CO, 80109",Denver,INVH-4992-n-silverlace-dr-80109-1229,4,4.0,2873,2970.0,2026-09-30,20 months,False,,,,,,,,https://www.invitationhomes.com/houses-for-rent/4992-n-silverlace-dr-80109-1229,2026-08-10,2026-09-30,CO,Castle Rock,,,,,4992-n-silverlace-dr-80109-1229
2026-09-30,INVH,Denver,"3289 Blue Grass Cir, Castle Rock, CO, 80109",Denver,INVH-3289-blue-grass-cir-80109-1217,4,3.5,2044,2745.0,2026-09-30,20 months,False,,,,,,,,https://www.invitationhomes.com/houses-for-rent/3289-blue-grass-cir-80109-1217,2026-05-03,2026-09-30,CO,Castle Rock,,,,,3289-blue-grass-cir-80109-1217
2026-09-30,INVH,Denver,"9636 Lameria Dr, Highlands Ranch, CO, 80130",Denver,INVH-9636-lameria-dr-80130-5617,3,2.5,2048,2845.0,2026-09-30,20 months,False,,,,,,,,https://www.invitationhomes.com/houses-for-rent/9636-lameria-dr-80130-5617,2026-05-24,2026-09-30,CO,Highlands Ranch,,,,,9636-lameria-dr-80130-5617
2026-09-30,INVH,Denver,"11053 Pheasant Ct, Parker, CO, 80134",Denver,INVH-11053-pheasant-ct-80134-5327,4,2.5,1800,2949.0,2026-09-30,22 months,False,,,,,,,,https://www.invitationhomes.com/houses-for-rent/11053-pheasant-ct-80134-5327,2026-08-02,2026-09-30,CO,Parker,,,,,11053-pheasant-ct-80134-5327
2026-09-30,INVH,Denver,"5761 S Lewis St, Littleton, CO, 80127",Denver,INVH-5761-s-lewis-st-80127-8032,4,2.0,1645,3275.0,2026-11-04,12 months,False,,,,,,,,https://www.invitationhomes.com/houses-for-rent/5761-s-lewis-st-80127-8032,2026-09-21,2026-09-30,CO,Littleton,,,,,5761-s-lewis-st-80127-8032
2026-09-30,INVH,Denver,"1740 W Crestline Dr, Littleton, CO, 80120",Denver,INVH-1740-w-crestline-dr-80120-5771,3,1.5,1690,3020.0,2026-10-02,20 months,False,,,,,,,,https://www.invitationhomes.com/houses-for-rent/1740-w-crestline-dr-80120-5771,2026-08-16,2026-09-30,CO,Littleton,,,,,1740-w-crestline-dr-80120-5771
2026-09-30,INVH,Denver,"1685 S Wolff Street, Denver, CO, 80219",Denver,INVH-1685-s-wolff-street-80219-102161,4,2.0,1990,2940.0,2026-10-02,20 months,False,,,,,,,,https://www.invitationhomes.com/houses-for-rent/1685-s-wolff-street-80219-102161,2026-09-03,2026-09-30,CO,Denver,,,,,1685-s-wolff-street-80219-102161
2026-09-30,INVH,Denver,"1841 S Saint Paul St, Denver, CO, 80210",Denver,INVH-1841-s-saint-paul-st-80210-3101,4,2.0,2460,2635.0,2026-09-30,20 months,False,,,,,,,,https://www.invitationhomes.com/houses-for-rent/1841-s-saint-paul-st-80210-3101,2026-05-24,2026-09-30,CO,Denver,,,,,1841-s-saint-paul-st-80210-3101
2026-09-30,INVH,Denver,"13256 Rigel Dr, Littleton, CO, 80124",Denver,INVH-13256-rigel-dr-80124-6825,3,2.5,2147,2895.0,2026-10-13,20 months,False,,,,,,,,https://www.invitationhomes.com/houses-for-rent/13256-rigel-dr-80124-6825,2026-09-03,2026-09-30,CO,Littleton,,,,,13256-rigel-dr-80124-6825
2026-09-30,INVH,Denver,"10165 E Peakview Ave, Englewood, CO, 80111",Denver,INVH-10165-e-peakview-ave-80111-1419,4,2.0,1680,2840.0,2026-09-30,20 months,False,,,,,,,,https://www.invitationhomes.com/houses-for-rent/10165-e-peakview-ave-80111-1419,2026-09-09,2026-09-30,CO,Englewood,,,,,10165-e-peakview-ave-80111-1419
2026-09-30,INVH,Denver,"17163 Silver Mound Ln, Parker, CO, 80134",Denver,INVH-17163-silver-mound-ln-80134-7643,4,3.5,1597,2870.0,2026-10-24,20 months,False,,,,,,,,https://www.invitationhomes.com/houses-for-rent/17163-silver-mound-ln-80134-7643,2026-09-09,2026-09-30,CO,Parker,,,,,17163-silver-mound-ln-80134-7643
2026-09-30,INVH,Denver,"4602 S Kalispell Way, Aurora, CO, 80015",Denver,INVH-4602-s-kalispell-way-80015-8328,4,3.0,2046,2935.0,2026-10-15,16 months,False,,,,,,,,https://www.invitationhomes.com/houses-for-rent/4602-s-kalispell-way-80015-8328,2026-09-30,2026-09-30,CO,Aurora,,,,,4602-s-kalispell-way-80015-8328
2026-09-30,INVH,Denver,"17471 E Grand Ave, Aurora, CO, 80015",Denver,INVH-17471-e-grand-ave-80015-88600,4,3.0,1814,2910.0,2026-11-13,20 months,False,,,,,,,,https://www.invitationhomes.com/houses-for-rent/17471-e-grand-ave-80015-88600,2026-09-30,2026-09-30,CO,Aurora,,,,,17471-e-grand-ave-80015-88600
2026-09-30,INVH,Denver,"18190 E Bellewood Drive, Aurora, CO, 80015",Denver,INVH-18190-e-bellewood-drive-80015-102212,3,2.0,1284,2645.0,2026-11-10,20 months,False,,,,,,,,https://www.invitationhomes.com/houses-for-rent/18190-e-bellewood-drive-80015-102212,2026-09-30,2026-09-30,CO,Aurora,,,,,18190-e-bellewood-drive-80015-102212
2026-09-30,INVH,Denver,"17525 E Union Dr, Aurora, CO, 80015",Denver,INVH-17525-e-union-dr-80015-5494,4,2.0,1888,2695.0,2026-10-27,20 months,False,,,,,,,,https://www.invitationhomes.com/houses-for-rent/17525-e-union-dr-80015-5494,2026-09-12,2026-09-30,CO,Aurora,,,,,17525-e-union-dr-80015-5494
2026-09-30,INVH,Denver,"17487 E Plateau Drive, Aurora, CO, 80015",Denver,INVH-17487-e-plateau-drive-80015-102171,3,2.0,1662,2620.0,2026-09-30,20 months,False,,,,,,,,https://www.invitationhomes.com/houses-for-rent/17487-e-plateau-drive-80015-102171,2026-09-21,2026-09-30,CO,Aurora,,,,,17487-e-plateau-drive-80015-102171
2026-09-30,INVH,Denver,"2930 S Revere Street, Aurora, CO, 80014",Denver,INVH-2930-s-revere-street-80014-102191,3,2.0,1764,2695.0,2026-11-11,20 months,False,,,,,,,,https://www.invitationhomes.com/houses-for-rent/2930-s-revere-street-80014-102191,2026-09-30,2026-09-30,CO,Aurora,,,,,2930-s-revere-street-80014-102191
2026-09-30,INVH,Denver,"16531 E Princeton Place, Aurora, CO, 80013",Denver,INVH-16531-e-princeton-place-80013-102151,3,2.0,1632,2749.0,2026-10-07,22 months,False,,,,,,,,https://www.invitationhomes.com/houses-for-rent/16531-e-princeton-place-80013-102151,2026-09-30,2026-09-30,CO,Aurora,,,,,16531-e-princeton-place-80013-102151
2026-09-30,INVH,Denver,"17258 E Greenwood Cir, Aurora, CO, 80013",Denver,INVH-17258-e-greenwood-cir-80013-88313,5,3.0,2538,3345.0,2026-11-01,20 months,False,,,,,,,,https://www.invitationhomes.com/houses-for-rent/17258-e-greenwood-cir-80013-88313,2026-09-21,2026-09-30,CO,Aurora,,,,,17258-e-greenwood-cir-80013-88313
2026-09-30,INVH,Denver,"4179 S Bahama St, Aurora, CO, 80013",Denver,INVH-4179-s-bahama-st-80013-4997,3,2.0,1536,2630.0,2026-09-30,19 months,False,,,,,,,,https://www.invitationhomes.com/houses-for-rent/4179-s-bahama-st-80013-4997,2026-08-02,2026-09-30,CO,Aurora,,,,,4179-s-bahama-st-80013-4997
2026-09-30,INVH,Denver,"15561 E Pacific Pl, Aurora, CO, 80013",Denver,INVH-15561-e-pacific-pl-80013-6079,3,2.0,1730,2730.0,2026-09-30,20 months,False,,,,,,,,https://www.invitationhomes.com/houses-for-rent/15561-e-pacific-pl-80013-6079,2026-09-03,2026-09-30,CO,Aurora,,,,,15561-e-pacific-pl-80013-6079
2026-09-30,INVH,Denver,"3076 S Quintero Way, Aurora, CO, 80013",Denver,INVH-3076-s-quintero-way-80013-101853,3,3.0,1887,2745.0,2026-10-20,20 months,False,,,,,,,,https://www.invitationhomes.com/houses-for-rent/3076-s-quintero-way-80013-101853,2026-09-06,2026-09-30,CO,Aurora,,,,,3076-s-quintero-way-80013-101853
2026-09-30,INVH,Denver,"17755 E Cornell Drive, Aurora, CO, 80013",Denver,INVH-17755-e-cornell-drive-80013-102180,3,2.0,1078,2345.0,2026-09-30,22 months,False,,,,,,,,https://www.invitationhomes.com/houses-for-rent/17755-e-cornell-drive-80013-102180,2026-08-02,2026-09-30,CO,Aurora,,,,,17755-e-cornell-drive-80013-102180
2026-09-30,INVH,Denver,"2871 S Argonne St, Aurora, CO, 80013",Denver,INVH-2871-s-argonne-st-80013-3625,4,3.0,1811,2835.0,2026-10-26,20 months,False,,,,,,,,https://www.invitationhomes.com/houses-for-rent/2871-s-argonne-st-80013-3625,2026-08-16,2026-09-30,CO,Aurora,,,,,2871-s-argonne-st-80013-3625
2026-09-30,INVH,Denver,"2224 S Ventura St, Aurora, CO, 80013",Denver,INVH-2224-s-ventura-st-80013-2952,5,3.0,2400,3299.0,2026-10-16,22 months,False,,,,,,,,https://www.invitationhomes.com/houses-for-rent/2224-s-ventura-st-80013-2952,2026-09-03,2026-09-30,CO,Aurora,,,,,2224-s-ventura-st-80013-2952
2026-09-30,INVH,Denver,"18254 E Adriatic Pl, Aurora, CO, 80013",Denver,INVH-18254-e-adriatic-pl-80013-9733,3,2.5,2605,2895.0,2026-09-30,20 months,False,,,,,,,,https://www.invitationhomes.com/houses-for-rent/18254-e-adriatic-pl-80013-9733,2026-05-03,2026-09-30,CO,Aurora,,,,,18254-e-adriatic-pl-80013-9733
2026-09-30,INVH,Denver,"13007 E Florida Dr, Aurora, CO, 80012",Denver,INVH-13007-e-florida-dr-80012-6411,3,1.0,1344,2395.0,2026-10-05,22 months,False,,,,,,,,https://www.invitationhomes.com/houses-for-rent/13007-e-florida-dr-80012-6411,2026-08-23,2026-09-30,CO,Aurora,,,,,13007-e-florida-dr-80012-6411
2026-09-30,INVH,Denver,"12804 E Wyoming Cir, Aurora, CO, 80012",Denver,INVH-12804-e-wyoming-cir-80012-5734,4,2.5,2200,3130.0,2026-11-07,20 months,False,,,,,,,,https://www.invitationhomes.com/houses-for-rent/12804-e-wyoming-cir-80012-5734,2026-09-30,2026-09-30,CO,Aurora,,,,,12804-e-wyoming-cir-80012-5734
2026-09-30,INVH,Denver,"13157 E Dakota Ave, Aurora, CO, 80012",Denver,INVH-13157-e-dakota-ave-80012-8176,3,2.0,1679,2595.0,2026-09-30,22 months,False,,,,,,,,https://www.invitationhomes.com/houses-for-rent/13157-e-dakota-ave-80012-8176,2026-08-02,2026-09-30,CO,Aurora,,,,,13157-e-dakota-ave-80012-8176
2026-09-30,INVH,Denver,"13630 E Dakota Pl, Aurora, CO, 80012",Denver,INVH-13630-e-dakota-pl-80012-3353,5,2.0,2366,3345.0,2026-10-21,19 months,False,,,,,,,,https://www.invitationhomes.com/houses-for-rent/13630-e-dakota-pl-80012-3353,2026-09-30,2026-09-30,CO,Aurora,,,,,13630-e-dakota-pl-80012-3353
2026-09-30,INVH,Denver,"1849 S Salida Cir, Aurora, CO, 80017",Denver,INVH-1849-s-salida-cir-80017-6446,3,2.0,1823,2745.0,2026-11-11,20 months,False,,,,,,,,https://www.invitationhomes.com/houses-for-rent/1849-s-salida-cir-80017-6446,2026-09-30,2026-09-30,CO,Aurora,,,,,1849-s-salida-cir-80017-6446
2026-09-30,INVH,Denver,"1405 S Biscay Ct, Aurora, CO, 80017",Denver,INVH-1405-s-biscay-ct-80017-4999,3,2.0,1733,2825.0,2026-10-11,12 months,False,,,,,,,,https://www.invitationhomes.com/houses-for-rent/1405-s-biscay-ct-80017-4999,2026-09-30,2026-09-30,CO,Aurora,,,,,1405-s-biscay-ct-80017-4999
2026-09-30,INVH,Denver,"1441 S Cathay St, Aurora, CO, 80017",Denver,INVH-1441-s-cathay-st-80017-2039,3,2.0,1192,2595.0,2026-10-21,22 months,False,,,,,,,,https://www.invitationhomes.com/houses-for-rent/1441-s-cathay-st-80017-2039,2026-09-06,2026-09-30,CO,Aurora,,,,,1441-s-cathay-st-80017-2039
2026-09-30,INVH,Denver,"11417 W 103rd Ave, Westminster, CO, 80021",Denver,INVH-11417-w-103rd-ave-80021-9940,4,2.5,2228,3115.0,2026-09-30,20 months,False,,,,,,,,https://www.invitationhomes.com/houses-for-rent/11417-w-103rd-ave-80021-9940,2026-09-03,2026-09-30,CO,Westminster,,,,,11417-w-103rd-ave-80021-9940
2026-09-30,INVH,Denver,"9203 W 100Th Cir, Broomfield, CO, 80021",Denver,INVH-9203-w-100th-cir-80021-102257,3,2.0,1234,2699.0,2026-10-24,22 months,False,,,,,,,,https://www.invitationhomes.com/houses-for-rent/9203-w-100th-cir-80021-102257,2026-09-09,2026-09-30,CO,Broomfield,,,,,9203-w-100th-cir-80021-102257
2026-09-30,INVH,Denver,"9731 W 104th Dr, Westminster, CO, 80021",Denver,INVH-9731-w-104th-dr-80021-8773,3,2.0,1144,2420.0,2026-09-30,22 months,False,,,,,,,,https://www.invitationhomes.com/houses-for-rent/9731-w-104th-dr-80021-8773,2026-07-19,2026-09-30,CO,Westminster,,,,,9731-w-104th-dr-80021-8773
2026-09-30,INVH,Denver,"10744 Moore Cir, Westminster, CO, 80021",Denver,INVH-10744-moore-cir-80021-6773,3,1.5,1632,2449.0,2026-09-30,22 months,False,,,,,,,,https://www.invitationhomes.com/houses-for-rent/10744-moore-cir-80021-6773,2026-07-19,2026-09-30,CO,Westminster,,,,,10744-moore-cir-80021-6773
2026-09-30,INVH,Denver,"9137 Lasalle Pl, Westminster, CO, 80031",Denver,INVH-9137-lasalle-pl-80031-85356,4,2.0,1800,2845.0,2026-10-16,20 months,False,,,,,,,,https://www.invitationhomes.com/houses-for-rent/9137-lasalle-pl-80031-85356,2026-09-21,2026-09-30,CO,Westminster,,,,,9137-lasalle-pl-80031-85356
2026-09-30,INVH,Denver,"3760 W 95th Pl, Westminster, CO, 80031",Denver,INVH-3760-w-95th-pl-80031-8855,3,2.0,1900,3020.0,2026-10-09,20 months,False,,,,,,,,https://www.invitationhomes.com/houses-for-rent/3760-w-95th-pl-80031-8855,2026-09-12,2026-09-30,CO,Westminster,,,,,3760-w-95th-pl-80031-8855
2026-09-30,INVH,Denver,"6341 W 109th Pl, Westminster, CO, 80020",Denver,INVH-6341-w-109th-pl-80020-5873,5,2.5,1779,2995.0,2026-10-11,20 months,False,,,,,,,,https://www.invitationhomes.com/houses-for-rent/6341-w-109th-pl-80020-5873,2026-04-13,2026-09-30,CO,Westminster,,,,,6341-w-109th-pl-80020-5873
2026-09-30,INVH,Denver,"1570 Oak Pl, Thornton, CO, 80229",Denver,INVH-1570-oak-pl-80229-4893,3,1.5,1130,2435.0,2026-11-03,22 months,False,,,,,,,,https://www.invitationhomes.com/houses-for-rent/1570-oak-pl-80229-4893,2026-09-30,2026-09-30,CO,Thornton,,,,,1570-oak-pl-80229-4893
2026-09-30,INVH,Denver,"1640 Ruth Dr, Thornton, CO, 80229",Denver,INVH-1640-ruth-dr-80229-4707,3,1.5,1227,2480.0,2026-09-30,22 months,False,,,,,,,,https://www.invitationhomes.com/houses-for-rent/1640-ruth-dr-80229-4707,2026-07-19,2026-09-30,CO,Thornton,,,,,1640-ruth-dr-80229-4707
2026-09-30,INVH,Denver,"2702 E 109th Ct, Northglenn, CO, 80233",Denver,INVH-2702-e-109th-ct-80233-89935,3,2.0,1265,3140.0,2026-10-18,20 months,False,,,,,,,,https://www.invitationhomes.com/houses-for-rent/2702-e-109th-ct-80233-89935,2026-09-30,2026-09-30,CO,Northglenn,,,,,2702-e-109th-ct-80233-89935
2026-09-30,INVH,Denver,"13298 Lackland Dr, Denver, CO, 80239",Denver,INVH-13298-lackland-dr-80239-2856,4,2.0,1596,2585.0,2026-09-30,22 months,False,,,,,,,,https://www.invitationhomes.com/houses-for-rent/13298-lackland-dr-80239-2856,2026-08-10,2026-09-30,CO,Denver,,,,,13298-lackland-dr-80239-2856
2026-09-30,INVH,Denver,"18868 E 52nd Ave, Denver, CO, 80249",Denver,INVH-18868-e-52nd-ave-80249-9540,3,2.5,1524,2825.0,2026-09-30,20 months,False,,,,,,,,https://www.invitationhomes.com/houses-for-rent/18868-e-52nd-ave-80249-9540,2026-09-03,2026-09-30,CO,Denver,,,,,18868-e-52nd-ave-80249-9540
2026-09-30,INVH,Denver,"9276 Clermont Dr, Thornton, CO, 80229",Denver,INVH-9276-clermont-dr-80229-6926,3,2.0,1976,2499.0,2026-09-30,22 months,False,,,,,,,,https://www.invitationhomes.com/houses-for-rent/9276-clermont-dr-80229-6926,2026-07-19,2026-09-30,CO,Thornton,,,,,9276-clermont-dr-80229-6926
2026-09-30,INVH,Denver,"10932 Birch Dr, Thornton, CO, 80233",Denver,INVH-10932-birch-dr-80233-6417,4,2.0,1736,2895.0,2026-09-30,20 months,False,,,,,,,,https://www.invitationhomes.com/houses-for-rent/10932-birch-dr-80233-6417,2026-08-16,2026-09-30,CO,Thornton,,,,,10932-birch-dr-80233-6417
2026-09-30,INVH,Denver,"12570 E 100th Ave, Commerce City, CO, 80022",Denver,INVH-12570-e-100th-ave-80022-124903,3,2.5,1436,2749.0,2026-09-30,22 months,False,,,,,,,,https://www.invitationhomes.com/houses-for-rent/12570-e-100th-ave-80022-124903,2026-09-03,2026-09-30,CO,Commerce City,,,,,12570-e-100th-ave-80022-124903
2026-09-30,INVH,Denver,"12582 E 100th Ave, Commerce City, CO, 80022",Denver,INVH-12582-e-100th-ave-80022-124902,3,2.5,1436,2749.0,2026-09-30,22 months,False,,,,,,,,https://www.invitationhomes.com/houses-for-rent/12582-e-100th-ave-80022-124902,2026-09-03,2026-09-30,CO,Commerce City,,,,,12582-e-100th-ave-80022-124902
2026-09-30,INVH,Denver,"12610 E 100th Ave, Commerce City, CO, 80022",Denver,INVH-12610-e-100th-ave-80022-124913,3,2.5,1436,2749.0,2026-09-30,22 months,False,,,,,,,,https://www.invitationhomes.com/houses-for-rent/12610-e-100th-ave-80022-124913,2026-09-03,2026-09-30,CO,Commerce City,,,,,12610-e-100th-ave-80022-124913
2026-09-30,INVH,Denver,"12593 E 101st Dr, Commerce City, CO, 80022",Denver,INVH-12593-e-101st-dr-80022-126125,3,2.5,1311,2725.0,2026-09-30,19 months,False,,,,,,,,https://www.invitationhomes.com/houses-for-rent/12593-e-101st-dr-80022-126125,2026-09-30,2026-09-30,CO,Commerce City,,,,,12593-e-101st-dr-80022-126125
2026-09-30,INVH,Denver,"12603 E 101st Dr, Commerce City, CO, 80022",Denver,INVH-12603-e-101st-dr-80022-126124,3,3.0,1643,2895.0,2026-09-30,19 months,False,,,,,,,,https://www.invitationhomes.com/houses-for-rent/12603-e-101st-dr-80022-126124,2026-09-30,2026-09-30,CO,Commerce City,,,,,12603-e-101st-dr-80022-126124
2026-09-30,INVH,Denver,"12623 E 101st Dr, Commerce City, CO, 80022",Denver,INVH-12623-e-101st-dr-80022-124829,3,2.0,1643,2799.0,2026-09-30,22 months,False,,,,,,,,https://www.invitationhomes.com/houses-for-rent/12623-e-101st-dr-80022-124829,2026-08-02,2026-09-30,CO,Commerce City,,,,,12623-e-101st-dr-80022-124829
2026-09-30,INVH,Denver,"12605 E 101st Dr, Commerce City, CO, 80022",Denver,INVH-12605-e-101st-dr-80022-124912,3,2.0,1311,2695.0,2026-09-30,20 months,False,,,,,,,,https://www.invitationhomes.com/houses-for-rent/12605-e-101st-dr-80022-124912,2026-09-03,2026-09-30,CO,Commerce City,,,,,12605-e-101st-dr-80022-124912
2026-09-30,INVH,Denver,"12625 E 101st Dr, Commerce City, CO, 80022",Denver,INVH-12625-e-101st-dr-80022-124761,3,2.0,1311,2675.0,2026-09-30,20 months,False,,,,,,,,https://www.invitationhomes.com/houses-for-rent/12625-e-101st-dr-80022-124761,2026-07-19,2026-09-30,CO,Commerce City,,,,,12625-e-101st-dr-80022-124761
2026-09-30,INVH,Denver,"12635 E 101st Dr, Commerce City, CO, 80022",Denver,INVH-12635-e-101st-dr-80022-124777,3,2.0,1643,2799.0,2026-09-30,22 months,False,,,,,,,,https://www.invitationhomes.com/houses-for-rent/12635-e-101st-dr-80022-124777,2026-07-19,2026-09-30,CO,Commerce City,,,,,12635-e-101st-dr-80022-124777
2026-09-30,INVH,Denver,"13499 E 103rd Pl, Commerce City, CO, 80022",Denver,INVH-13499-e-103rd-pl-80022-124634,3,2.0,1643,2599.0,2026-09-30,22 months,False,,,,,,,,https://www.invitationhomes.com/houses-for-rent/13499-e-103rd-pl-80022-124634,2026-07-19,2026-09-30,CO,Commerce City,,,,,13499-e-103rd-pl-80022-124634
2026-09-30,INVH,Denver,"13551 E 103rd Pl, Commerce City, CO, 80022",Denver,INVH-13551-e-103rd-pl-80022-124373,3,2.0,1643,2599.0,2026-09-30,22 months,False,,,,,,,,https://www.invitationhomes.com/houses-for-rent/13551-e-103rd-pl-80022-124373,2026-04-13,2026-09-30,CO,Commerce City,,,,,13551-e-103rd-pl-80022-124373
2026-09-30,INVH,Denver,"9475 Yampa St, Commerce City, CO, 80022",Denver,INVH-9475-yampa-st-80022-125217,4,2.5,1851,3310.0,2026-10-06,19 months,False,,,,,,,,https://www.invitationhomes.com/houses-for-rent/9475-yampa-st-80022-125217,2026-09-30,2026-09-30,CO,Commerce City,,,,,9475-yampa-st-80022-125217
2026-09-30,INVH,Denver,"9421 Yampa St, Commerce City, CO, 80022",Denver,INVH-9421-yampa-st-80022-125683,4,2.5,1851,3310.0,2026-09-30,20 months,False,,,,,,,,https://www.invitationhomes.com/houses-for-rent/9421-yampa-st-80022-125683,2026-09-30,2026-09-30,CO,Commerce City,,,,,9421-yampa-st-80022-125683
2026-09-30,INVH,Denver,"9446 Yampa Ct, Commerce City, CO, 80022",Denver,INVH-9446-yampa-ct-80022-125692,4,2.5,1851,3010.0,2026-09-30,20 months,False,,,,,,,,https://www.invitationhomes.com/houses-for-rent/9446-yampa-ct-80022-125692,2026-09-30,2026-09-30,CO,Commerce City,,,,,9446-yampa-ct-80022-125692
2026-09-30,INVH,Denver,"13581 Sheridan Blvd, Broomfield, CO, 80020",Denver,INVH-13581-sheridan-blvd-80020-4993,3,2.0,1516,2545.0,2026-09-30,22 months,False,,,,,,,,https://www.invitationhomes.com/houses-for-rent/13581-sheridan-blvd-80020-4993,2026-04-20,2026-09-30,CO,Broomfield,,,,,13581-sheridan-blvd-80020-4993
2026-09-30,INVH,Denver,"2594 W 134Th Circle, Broomfield, CO, 80020",Denver,INVH-2594-w-134th-circle-80020-102144,3,2.0,1560,2810.0,2026-11-01,20 months,False,,,,,,,,https://www.invitationhomes.com/houses-for-rent/2594-w-134th-circle-80020-102144,2026-09-21,2026-09-30,CO,Broomfield,,,,,2594-w-134th-circle-80020-102144
2026-09-30,INVH,Denver,"1310 W 133rd Cir, Westminster, CO, 80234",Denver,INVH-1310-w-133rd-cir-80234-5934,4,3.0,1941,3415.0,2026-09-30,20 months,False,,,,,,,,https://www.invitationhomes.com/houses-for-rent/1310-w-133rd-cir-80234-5934,2026-09-03,2026-09-30,CO,Westminster,,,,,1310-w-133rd-cir-80234-5934
2026-09-30,INVH,Denver,"13544 Pecos St, Westminster, CO, 80234",Denver,INVH-13544-pecos-st-80234-4156,4,3.5,2002,3080.0,2026-09-30,20 months,False,,,,,,,,https://www.invitationhomes.com/houses-for-rent/13544-pecos-st-80234-4156,2026-05-03,2026-09-30,CO,Westminster,,,,,13544-pecos-st-80234-4156
2026-09-30,INVH,Denver,"1240 W 135th Dr, Westminster, CO, 80234",Denver,INVH-1240-w-135th-dr-80234-2986,3,2.0,1198,2499.0,2026-10-21,22 months,False,,,,,,,,https://www.invitationhomes.com/houses-for-rent/1240-w-135th-dr-80234-2986,2026-09-09,2026-09-30,CO,Westminster,,,,,1240-w-135th-dr-80234-2986
2026-09-30,INVH,Denver,"2676 E 117th Way, Thornton, CO, 80233",Denver,INVH-2676-e-117th-way-80233-2992,4,2.0,2142,2749.0,2026-09-30,22 months,False,,,,,,,,https://www.invitationhomes.com/houses-for-rent/2676-e-117th-way-80233-2992,2026-08-02,2026-09-30,CO,Thornton,,,,,2676-e-117th-way-80233-2992
2026-09-30,INVH,Denver,"3535 E 123Rd Avenue, Thornton, CO, 80241",Denver,INVH-3535-e-123rd-avenue-80241-102203,4,2.0,1638,2745.0,2026-09-30,20 months,False,,,,,,,,https://www.invitationhomes.com/houses-for-rent/3535-e-123rd-avenue-80241-102203,2026-09-21,2026-09-30,CO,Thornton,,,,,3535-e-123rd-avenue-80241-102203
2026-09-30,INVH,Denver,"1575 Brimble Dr, Erie, CO, 80516",Denver,INVH-1575-brimble-dr-80516-5639,3,2.5,1833,3070.0,2026-10-18,20 months,False,,,,,,,,https://www.invitationhomes.com/houses-for-rent/1575-brimble-dr-80516-5639,2026-09-03,2026-09-30,CO,Erie,,,,,1575-brimble-dr-80516-5639
2026-09-30,INVH,Denver,"11762 Albion St, Thornton, CO, 80233",Denver,INVH-11762-albion-st-80233-6457,4,2.0,1784,2780.0,2026-09-30,20 months,False,,,,,,,,https://www.invitationhomes.com/houses-for-rent/11762-albion-st-80233-6457,2026-07-19,2026-09-30,CO,Thornton,,,,,11762-albion-st-80233-6457
2026-09-30,INVH,Denver,"12073 Eudora Ct, Thornton, CO, 80241",Denver,INVH-12073-eudora-ct-80241-83543,3,2.0,1813,2795.0,2026-09-30,20 months,False,,,,,,,,https://www.invitationhomes.com/houses-for-rent/12073-eudora-ct-80241-83543,2026-08-02,2026-09-30,CO,Thornton,,,,,12073-eudora-ct-80241-83543
2026-09-30,INVH,Denver,"12193 Monaco Dr, Brighton, CO, 80602",Denver,INVH-12193-monaco-dr-80602-87463,3,2.0,1809,2630.0,2026-09-30,20 months,False,,,,,,,,https://www.invitationhomes.com/houses-for-rent/12193-monaco-dr-80602-87463,2026-08-16,2026-09-30,CO,Brighton,,,,,12193-monaco-dr-80602-87463
2026-09-30,INVH,Denver,"12386 Roslyn Way, Thornton, CO, 80602",Denver,INVH-12386-roslyn-way-80602-8719,3,2.5,4198,3599.0,2026-09-30,22 months,False,,,,,,,,https://www.invitationhomes.com/houses-for-rent/12386-roslyn-way-80602-8719,2026-08-23,2026-09-30,CO,Thornton,,,,,12386-roslyn-way-80602-8719
2026-09-30,INVH,Denver,"6203 E 137th Ave, Thornton, CO, 80602",Denver,INVH-6203-e-137th-ave-80602-7952,4,2.5,2831,3195.0,2026-10-08,20 months,False,,,,,,,,https://www.invitationhomes.com/houses-for-rent/6203-e-137th-ave-80602-7952,2026-08-02,2026-09-30,CO,Thornton,,,,,6203-e-137th-ave-80602-7952
2026-09-30,INVH,Denver,"15130 E 116th Dr, Brighton, CO, 80603",Denver,INVH-15130-e-116th-dr-80603-7829,3,2.5,2454,3130.0,2026-09-30,12 months,False,,,,,,,,https://www.invitationhomes.com/houses-for-rent/15130-e-116th-dr-80603-7829,2026-05-24,2026-09-30,CO,Brighton,,,,,15130-e-116th-dr-80603-7829
2026-09-30,INVH,Denver,"1320 Bluebird St, Brighton, CO, 80601",Denver,INVH-1320-bluebird-st-80601-8828,3,2.0,1470,2520.0,2026-09-30,20 months,False,,,,,,,,https://www.invitationhomes.com/houses-for-rent/1320-bluebird-st-80601-8828,2026-07-19,2026-09-30,CO,Brighton,,,,,1320-bluebird-st-80601-8828
2026-09-30,INVH,Denver,"1465 Hummingbird Cir, Brighton, CO, 80601",Denver,INVH-1465-hummingbird-cir-80601-8693,4,2.0,1470,2595.0,2026-10-14,22 months,False,,,,,,,,https://www.invitationhomes.com/houses-for-rent/1465-hummingbird-cir-80601-8693,2026-09-03,2026-09-30,CO,Brighton,,,,,1465-hummingbird-cir-80601-8693
2026-09-30,INVH,Denver,"1496 Goldeneye Lane, Brighton, CO, 80601",Denver,INVH-1496-goldeneye-lane-80601-102168,3,2.0,1470,2415.0,2026-10-27,22 months,False,,,,,,,,https://www.invitationhomes.com/houses-for-rent/1496-goldeneye-lane-80601-102168,2026-09-12,2026-09-30,CO,Brighton,,,,,1496-goldeneye-lane-80601-102168
2026-09-30,INVH,Denver,"856 S 9Th Avenue, Brighton, CO, 80601",Denver,INVH-856-s-9th-avenue-80601-101843,3,3.0,2290,3020.0,2026-09-30,20 months,False,,,,,,,,https://www.invitationhomes.com/houses-for-rent/856-s-9th-avenue-80601-101843,2026-09-03,2026-09-30,CO,Brighton,,,,,856-s-9th-avenue-80601-101843
2026-09-30,INVH,Denver,"250 Aspen Drive, Brighton, CO, 80601",Denver,INVH-250-aspen-drive-80601-102091,4,2.0,1990,2299.0,2026-09-30,23 months,False,,,,,,,,https://www.invitationhomes.com/houses-for-rent/250-aspen-drive-80601-102091,2026-06-09,2026-09-30,CO,Brighton,,,,,250-aspen-drive-80601-102091
2026-09-30,INVH,Denver,"21501 E Aberdeen Dr, Centennial, CO, 80015",Denver,INVH-21501-e-aberdeen-dr-80015-4450,4,2.0,2204,2975.0,2026-09-30,20 months,False,,,,,,,,https://www.invitationhomes.com/houses-for-rent/21501-e-aberdeen-dr-80015-4450,2026-08-10,2026-09-30,CO,Centennial,,,,,21501-e-aberdeen-dr-80015-4450
2026-09-30,INVH,Denver,"5829 S Perth Pl, Centennial, CO, 80015",Denver,INVH-5829-s-perth-pl-80015-89044,4,2.0,2204,2920.0,2026-09-30,20 months,False,,,,,,,,https://www.invitationhomes.com/houses-for-rent/5829-s-perth-pl-80015-89044,2026-08-10,2026-09-30,CO,Centennial,,,,,5829-s-perth-pl-80015-89044
2026-09-30,INVH,Denver,"5305 S Jericho St, Centennial, CO, 80015",Denver,INVH-5305-s-jericho-st-80015-83270,3,2.5,1806,3020.0,2026-09-30,20 months,False,,,,,,,,https://www.invitationhomes.com/houses-for-rent/5305-s-jericho-st-80015-83270,2026-09-30,2026-09-30,CO,Centennial,,,,,5305-s-jericho-st-80015-83270
2026-09-30,INVH,Denver,"20166 E Belleview Ln, Centennial, CO, 80015",Denver,INVH-20166-e-belleview-ln-80015-89251,3,2.0,1310,2695.0,2026-10-15,20 months,False,,,,,,,,https://www.invitationhomes.com/houses-for-rent/20166-e-belleview-ln-80015-89251,2026-09-21,2026-09-30,CO,Centennial,,,,,20166-e-belleview-ln-80015-89251
2026-09-30,INVH,Denver,"20129 E Doane Dr, Aurora, CO, 80013",Denver,INVH-20129-e-doane-dr-80013-1515,3,2.5,2959,3295.0,2026-10-15,20 months,False,,,,,,,,https://www.invitationhomes.com/houses-for-rent/20129-e-doane-dr-80013-1515,2026-09-30,2026-09-30,CO,Aurora,,,,,20129-e-doane-dr-80013-1515
2026-09-30,INVH,Denver,"3875 S Quemoy Ct, Aurora, CO, 80018",Denver,INVH-3875-s-quemoy-ct-80018-5377,4,3.5,2044,3170.0,2026-10-27,20 months,False,,,,,,,,https://www.invitationhomes.com/houses-for-rent/3875-s-quemoy-ct-80018-5377,2026-09-12,2026-09-30,CO,Aurora,,,,,3875-s-quemoy-ct-80018-5377
2026-09-30,INVH,Denver,"2851 S Genoa St, Aurora, CO, 80013",Denver,INVH-2851-s-genoa-st-80013-1707,4,2.0,2166,3035.0,2026-09-30,20 months,False,,,,,,,,https://www.invitationhomes.com/houses-for-rent/2851-s-genoa-st-80013-1707,2026-05-24,2026-09-30,CO,Aurora,,,,,2851-s-genoa-st-80013-1707
2026-09-30,INVH,Denver,"1884 S Elk Way, Aurora, CO, 80018",Denver,INVH-1884-s-elk-way-80018-119644,3,2.5,1622,2525.0,2026-09-30,24 months,False,,,,,,,,https://www.invitationhomes.com/houses-for-rent/1884-s-elk-way-80018-119644,2026-08-16,2026-09-30,CO,Aurora,,,,,1884-s-elk-way-80018-119644
2026-09-30,INVH,Denver,"1868 S Flat Rock Way, Aurora, CO, 80018",Denver,INVH-1868-s-flat-rock-way-80018-119700,3,2.5,1622,2525.0,2026-09-30,24 months,False,,,,,,,,https://www.invitationhomes.com/houses-for-rent/1868-s-flat-rock-way-80018-119700,2026-08-10,2026-09-30,CO,Aurora,,,,,1868-s-flat-rock-way-80018-119700
2026-09-30,INVH,Denver,"1689 S Espana Way, Aurora, CO, 80017",Denver,INVH-1689-s-espana-way-80017-9320,4,2.0,1813,2935.0,2026-11-02,20 months,False,,,,,,,,https://www.invitationhomes.com/houses-for-rent/1689-s-espana-way-80017-9320,2026-09-21,2026-09-30,CO,Aurora,,,,,1689-s-espana-way-80017-9320
2026-09-30,INVH,Denver,"1772 S Genoa Way, Aurora, CO, 80017",Denver,INVH-1772-s-genoa-way-80017-7791,4,2.0,1824,2595.0,2026-09-30,22 months,False,,,,,,,,https://www.invitationhomes.com/houses-for-rent/1772-s-genoa-way-80017-7791,2026-07-19,2026-09-30,CO,Aurora,,,,,1772-s-genoa-way-80017-7791
2026-09-30,INVH,Denver,"1736 S Elk Way, Aurora, CO, 80018",Denver,INVH-1736-s-elk-way-80018-119789,4,3.5,2216,2995.0,2026-09-30,24 months,False,,,,,,,,https://www.invitationhomes.com/houses-for-rent/1736-s-elk-way-80018-119789,2026-07-19,2026-09-30,CO,Aurora,,,,,1736-s-elk-way-80018-119789
2026-09-30,INVH,Denver,"1728 S Elk Way, Aurora, CO, 80018",Denver,INVH-1728-s-elk-way-80018-119762,4,3.0,1980,2795.0,2026-09-30,24 months,False,,,,,,,,https://www.invitationhomes.com/houses-for-rent/1728-s-elk-way-80018-119762,2026-07-19,2026-09-30,CO,Aurora,,,,,1728-s-elk-way-80018-119762
2026-09-30,INVH,Denver,"1867 S Elk Way, Aurora, CO, 80018",Denver,INVH-1867-s-elk-way-80018-119755,4,3.0,1980,2795.0,2026-10-14,24 months,False,,,,,,,,https://www.invitationhomes.com/houses-for-rent/1867-s-elk-way-80018-119755,2026-09-03,2026-09-30,CO,Aurora,,,,,1867-s-elk-way-80018-119755
2026-09-30,INVH,Denver,"1880 S Elk Way, Aurora, CO, 80018",Denver,INVH-1880-s-elk-way-80018-119779,4,3.5,2216,3015.0,2026-09-30,24 months,False,,,,,,,,https://www.invitationhomes.com/houses-for-rent/1880-s-elk-way-80018-119779,2026-09-03,2026-09-30,CO,Aurora,,,,,1880-s-elk-way-80018-119779
2026-09-30,INVH,Denver,"24304 E Montana Ave, Aurora, CO, 80018",Denver,INVH-24304-e-montana-ave-80018-119630,4,3.5,2216,3015.0,2026-10-30,24 months,False,,,,,,,,https://www.invitationhomes.com/houses-for-rent/24304-e-montana-ave-80018-119630,2026-09-21,2026-09-30,CO,Aurora,,,,,24304-e-montana-ave-80018-119630
2026-09-30,INVH,Denver,"24340 E Colorado Ave, Aurora, CO, 80018",Denver,INVH-24340-e-colorado-ave-80018-119693,3,2.5,1622,2525.0,2026-09-30,24 months,False,,,,,,,,https://www.invitationhomes.com/houses-for-rent/24340-e-colorado-ave-80018-119693,2026-09-12,2026-09-30,CO,Aurora,,,,,24340-e-colorado-ave-80018-119693
2026-09-30,INVH,Denver,"24350 E Colorado Ave, Aurora, CO, 80018",Denver,INVH-24350-e-colorado-ave-80018-119744,3,2.5,1634,2490.0,2026-09-30,24 months,False,,,,,,,,https://www.invitationhomes.com/houses-for-rent/24350-e-colorado-ave-80018-119744,2026-09-09,2026-09-30,CO,Aurora,,,,,24350-e-colorado-ave-80018-119744
2026-09-30,INVH,Denver,"1836 S Flat Rock Way, Aurora, CO, 80018",Denver,INVH-1836-s-flat-rock-way-80018-119638,4,3.5,2216,3015.0,2026-09-30,24 months,False,,,,,,,,https://www.invitationhomes.com/houses-for-rent/1836-s-flat-rock-way-80018-119638,2026-09-12,2026-09-30,CO,Aurora,,,,,1836-s-flat-rock-way-80018-119638
2026-09-30,INVH,Denver,"24375 E Montana Ave, Aurora, CO, 80018",Denver,INVH-24375-e-montana-ave-80018-119734,3,2.5,1634,2490.0,2026-09-30,24 months,False,,,,,,,,https://www.invitationhomes.com/houses-for-rent/24375-e-montana-ave-80018-119734,2026-08-16,2026-09-30,CO,Aurora,,,,,24375-e-montana-ave-80018-119734
