scrape_date,reit,community,address,market,unit_id,beds,baths,sqft,rent,move_in_date,lease_term,has_concession,concession_hardness,concession_raw,concession_type,concession_value,concession_pct_lease_value,concession_pct_lease_term,effective_monthly_rent,listing_url,first_seen,last_seen,state,city,latitude,longitude,floorplan_name,floor_level,rentcafe_property_id
2026-09-09,INVH,Southern California,"27451 Echo Canyon Ct, Corona, CA, 92883",Southern California,INVH-27451-echo-canyon-ct-corona-ca-92883,4,3.0,1936,3645.0,2026-09-09,12 months,False,,,,,,,,https://www.invitationhomes.com/houses-for-rent/27451-echo-canyon-ct-corona-ca-92883,2026-07-19,2026-09-09,CA,Corona,,,,,27451-echo-canyon-ct-corona-ca-92883
2026-09-09,INVH,Southern California,"1315 E Mission Rd, Fallbrook, CA, 92028",Southern California,INVH-1315-e-mission-rd-92028-5429,3,2.0,1321,3195.0,2026-09-10,12 months,False,,,,,,,,https://www.invitationhomes.com/houses-for-rent/1315-e-mission-rd-92028-5429,2026-09-06,2026-09-09,CA,Fallbrook,,,,,1315-e-mission-rd-92028-5429
2026-09-09,INVH,Southern California,"45024 Muirfield Dr, Temecula, CA, 92592",Southern California,INVH-45024-muirfield-dr-temecula-ca-92592,3,2.5,1502,3249.0,2026-09-09,12 months,False,,,,,,,,https://www.invitationhomes.com/houses-for-rent/45024-muirfield-dr-temecula-ca-92592,2026-09-03,2026-09-09,CA,Temecula,,,,,45024-muirfield-dr-temecula-ca-92592
2026-09-09,INVH,Southern California,"26186 Lawrence Union Dr, Murrieta, CA, 92563",Southern California,INVH-26186-lawrence-union-dr-murrieta-ca-92563,3,3.0,2601,3360.0,2026-09-09,12 months,False,,,,,,,,https://www.invitationhomes.com/houses-for-rent/26186-lawrence-union-dr-murrieta-ca-92563,2026-07-19,2026-09-09,CA,Murrieta,,,,,26186-lawrence-union-dr-murrieta-ca-92563
2026-09-09,INVH,Southern California,"35189 Pashal Pl, Wildomar, CA, 92595",Southern California,INVH-35189-pashal-pl-92595-8824,3,2.5,2048,3265.0,2026-09-14,12 months,False,,,,,,,,https://www.invitationhomes.com/houses-for-rent/35189-pashal-pl-92595-8824,2026-08-16,2026-09-09,CA,Wildomar,,,,,35189-pashal-pl-92595-8824
2026-09-09,INVH,Southern California,"19086 Reindeer Dr, Lake Elsinore, CA, 92530",Southern California,INVH-19086-reindeer-dr-92530-6922,3,2.0,1416,2799.0,2026-09-09,12 months,False,,,,,,,,https://www.invitationhomes.com/houses-for-rent/19086-reindeer-dr-92530-6922,2026-08-16,2026-09-09,CA,Lake Elsinore,,,,,19086-reindeer-dr-92530-6922
2026-09-09,INVH,Southern California,"27125 Calendula St, Corona, CA, 92883",Southern California,INVH-27125-calendula-st-92883-9373,5,3.0,2496,3949.0,2026-10-04,12 months,False,,,,,,,,https://www.invitationhomes.com/houses-for-rent/27125-calendula-st-92883-9373,2026-09-06,2026-09-09,CA,Corona,,,,,27125-calendula-st-92883-9373
2026-09-09,INVH,Southern California,"36257 Saint Raphael Dr, Murrieta, CA, 92562",Southern California,INVH-36257-saint-raphael-dr-murrieta-ca-92562,4,3.0,1903,3420.0,2026-09-09,12 months,False,,,,,,,,https://www.invitationhomes.com/houses-for-rent/36257-saint-raphael-dr-murrieta-ca-92562,2026-08-23,2026-09-09,CA,Murrieta,,,,,36257-saint-raphael-dr-murrieta-ca-92562
2026-09-09,INVH,Southern California,"25375 Mountain Springs St, Menifee, CA, 92584",Southern California,INVH-25375-mountain-springs-st-menifee-ca-92584,3,2.0,1598,2910.0,2026-09-09,12 months,False,,,,,,,,https://www.invitationhomes.com/houses-for-rent/25375-mountain-springs-st-menifee-ca-92584,2026-07-19,2026-09-09,CA,Menifee,,,,,25375-mountain-springs-st-menifee-ca-92584
2026-09-09,INVH,Southern California,"27155 Goldstone Dr, Menifee, CA, 92586",Southern California,INVH-27155-goldstone-dr-92586-119471,5,2.5,2404,3599.0,2026-09-09,15 months,False,,,,,,,,https://www.invitationhomes.com/houses-for-rent/27155-goldstone-dr-92586-119471,2026-07-19,2026-09-09,CA,Menifee,,,,,27155-goldstone-dr-92586-119471
2026-09-09,INVH,Phoenix,"9128 S Parkside Ln W, Buckeye, AZ, 85326",Phoenix,INVH-9128-s-parkside-ln-w-buckeye-az-85326,3,2.0,1252,1935.0,2026-10-24,19 months,False,,,,,,,,https://www.invitationhomes.com/houses-for-rent/9128-s-parkside-ln-w-buckeye-az-85326,2026-09-09,2026-09-09,AZ,Buckeye,,,,,9128-s-parkside-ln-w-buckeye-az-85326
2026-09-09,INVH,Phoenix,"5483 S 236Th Avenue, Buckeye, AZ, 85326",Phoenix,INVH-5483-s-236th-avenue-85326-100560,4,2.0,1569,1849.0,2026-09-30,19 months,False,,,,,,,,https://www.invitationhomes.com/houses-for-rent/5483-s-236th-avenue-85326-100560,2026-09-03,2026-09-09,AZ,Buckeye,,,,,5483-s-236th-avenue-85326-100560
2026-09-09,INVH,Phoenix,"3723 N 292nd Dr, Buckeye, AZ, 85396",Phoenix,INVH-3723-n-292nd-dr-buckeye-az-85396,4,2.5,2553,2290.0,2026-09-20,19 months,False,,,,,,,,https://www.invitationhomes.com/houses-for-rent/3723-n-292nd-dr-buckeye-az-85396,2026-08-10,2026-09-09,AZ,Buckeye,,,,,3723-n-292nd-dr-buckeye-az-85396
2026-09-09,INVH,Phoenix,"25358 W Romley Rd, Buckeye, AZ, 85326",Phoenix,INVH-25358-w-romley-rd-85326-96414,3,2.0,1565,1875.0,2026-09-09,24 months,False,,,,,,,,https://www.invitationhomes.com/houses-for-rent/25358-w-romley-rd-85326-96414,2026-08-02,2026-09-09,AZ,Buckeye,,,,,25358-w-romley-rd-85326-96414
2026-09-09,INVH,Phoenix,"25210 W Romley Rd, Buckeye, AZ, 85326",Phoenix,INVH-25210-w-romley-rd-85326-111058,3,2.0,1565,1775.0,2026-09-09,24 months,False,,,,,,,,https://www.invitationhomes.com/houses-for-rent/25210-w-romley-rd-85326-111058,2026-06-09,2026-09-09,AZ,Buckeye,,,,,25210-w-romley-rd-85326-111058
2026-09-09,INVH,Phoenix,"25330 W Romley Rd, Buckeye, AZ, 85326",Phoenix,INVH-25330-w-romley-rd-85326-96413,4,2.0,1915,2045.0,2026-09-09,24 months,False,,,,,,,,https://www.invitationhomes.com/houses-for-rent/25330-w-romley-rd-85326-96413,2026-07-19,2026-09-09,AZ,Buckeye,,,,,25330-w-romley-rd-85326-96413
2026-09-09,INVH,Phoenix,"25216 W Chipman Rd, Buckeye, AZ, 85326",Phoenix,INVH-25216-w-chipman-rd-85326-119566,4,3.0,2197,2285.0,2026-10-12,24 months,False,,,,,,,,https://www.invitationhomes.com/houses-for-rent/25216-w-chipman-rd-85326-119566,2026-09-03,2026-09-09,AZ,Buckeye,,,,,25216-w-chipman-rd-85326-119566
2026-09-09,INVH,Phoenix,"25199 W Wier Ave, Buckeye, AZ, 85326",Phoenix,INVH-25199-w-wier-ave-85326-120776,4,2.0,1915,2045.0,2026-09-09,24 months,False,,,,,,,,https://www.invitationhomes.com/houses-for-rent/25199-w-wier-ave-85326-120776,2026-06-09,2026-09-09,AZ,Buckeye,,,,,25199-w-wier-ave-85326-120776
2026-09-09,INVH,Phoenix,"25842 W Gibson Ln, Buckeye, AZ, 85326",Phoenix,INVH-25842-w-gibson-ln-85326-100319,4,3.0,2485,2370.0,2026-10-04,19 months,False,,,,,,,,https://www.invitationhomes.com/houses-for-rent/25842-w-gibson-ln-85326-100319,2026-08-23,2026-09-09,AZ,Buckeye,,,,,25842-w-gibson-ln-85326-100319
2026-09-09,INVH,Phoenix,"24446 W Sheraton Ln, Buckeye, AZ, 85326",Phoenix,INVH-24446-w-sheraton-ln-85326-101833,3,2.0,1551,1699.0,2026-09-09,19 months,False,,,,,,,,https://www.invitationhomes.com/houses-for-rent/24446-w-sheraton-ln-85326-101833,2026-08-16,2026-09-09,AZ,Buckeye,,,,,24446-w-sheraton-ln-85326-101833
2026-09-09,INVH,Phoenix,"23818 W Atlanta Ave, Buckeye, AZ, 85326",Phoenix,INVH-23818-w-atlanta-ave-85326-85555,4,2.0,2085,2035.0,2026-10-11,19 months,False,,,,,,,,https://www.invitationhomes.com/houses-for-rent/23818-w-atlanta-ave-85326-85555,2026-09-03,2026-09-09,AZ,Buckeye,,,,,23818-w-atlanta-ave-85326-85555
2026-09-09,INVH,Phoenix,"21275 W Yale St, Buckeye, AZ, 85396",Phoenix,INVH-21275-w-yale-st-85396-84427,3,3.0,2025,2140.0,2026-09-09,19 months,False,,,,,,,,https://www.invitationhomes.com/houses-for-rent/21275-w-yale-st-85396-84427,2026-08-10,2026-09-09,AZ,Buckeye,,,,,21275-w-yale-st-85396-84427
2026-09-09,INVH,Phoenix,"2293 N Riley Rd, Buckeye, AZ, 85396",Phoenix,INVH-2293-n-riley-rd-85396-85337,3,2.0,1746,2099.0,2026-10-17,19 months,False,,,,,,,,https://www.invitationhomes.com/houses-for-rent/2293-n-riley-rd-85396-85337,2026-09-03,2026-09-09,AZ,Buckeye,,,,,2293-n-riley-rd-85396-85337
2026-09-09,INVH,Phoenix,"2419 N Riley Rd, Buckeye, AZ, 85396",Phoenix,INVH-2419-n-riley-rd-85396-84488,3,2.5,2282,2275.0,2026-09-09,19 months,False,,,,,,,,https://www.invitationhomes.com/houses-for-rent/2419-n-riley-rd-85396-84488,2026-08-16,2026-09-09,AZ,Buckeye,,,,,2419-n-riley-rd-85396-84488
2026-09-09,INVH,Phoenix,"1743 N 208th Ave, Buckeye, AZ, 85396",Phoenix,INVH-1743-n-208th-ave-85396-87564,3,2.5,1877,1799.0,2026-09-09,19 months,False,,,,,,,,https://www.invitationhomes.com/houses-for-rent/1743-n-208th-ave-85396-87564,2026-06-09,2026-09-09,AZ,Buckeye,,,,,1743-n-208th-ave-85396-87564
2026-09-09,INVH,Phoenix,"21130 W Cypress St, Buckeye, AZ, 85396",Phoenix,INVH-21130-w-cypress-st-85396-86317,4,2.5,2174,2375.0,2026-10-15,19 months,False,,,,,,,,https://www.invitationhomes.com/houses-for-rent/21130-w-cypress-st-85396-86317,2026-08-23,2026-09-09,AZ,Buckeye,,,,,21130-w-cypress-st-85396-86317
2026-09-09,INVH,Phoenix,"3645 W Jacksonville Dr, Phoenix, AZ, 85086",Phoenix,INVH-3645-w-jacksonville-dr-85086-9075,4,2.5,2567,2349.0,2026-09-09,19 months,False,,,,,,,,https://www.invitationhomes.com/houses-for-rent/3645-w-jacksonville-dr-85086-9075,2026-07-19,2026-09-09,AZ,Phoenix,,,,,3645-w-jacksonville-dr-85086-9075
2026-09-09,INVH,Denver,"517 Turf Trail Pl, Fountain, CO, 80817",Denver,INVH-517-turf-trail-pl-80817-88155,3,2.0,1542,2320.0,2026-09-23,19 months,False,,,,,,,,https://www.invitationhomes.com/houses-for-rent/517-turf-trail-pl-80817-88155,2026-09-09,2026-09-09,CO,Fountain,,,,,517-turf-trail-pl-80817-88155
2026-09-09,INVH,Denver,"1351 Oswego St, Colorado Springs, CO, 80904",Denver,INVH-1351-oswego-st-80904-3590,4,2.0,1800,2545.0,2026-10-08,19 months,False,,,,,,,,https://www.invitationhomes.com/houses-for-rent/1351-oswego-st-80904-3590,2026-07-19,2026-09-09,CO,Colorado Springs,,,,,1351-oswego-st-80904-3590
2026-09-09,INVH,Denver,"7980 Dakota Ridge Pl, Colorado Springs, CO, 80920",Denver,INVH-7980-dakota-ridge-pl-80920-88997,4,3.0,1991,2595.0,2026-10-13,19 months,False,,,,,,,,https://www.invitationhomes.com/houses-for-rent/7980-dakota-ridge-pl-80920-88997,2026-09-03,2026-09-09,CO,Colorado Springs,,,,,7980-dakota-ridge-pl-80920-88997
2026-09-09,INVH,Denver,"524 Fox Run Cir, Colorado Springs, CO, 80921",Denver,INVH-524-fox-run-cir-80921-7493,4,3.5,2794,2649.0,2026-09-09,21 months,False,,,,,,,,https://www.invitationhomes.com/houses-for-rent/524-fox-run-cir-80921-7493,2026-08-16,2026-09-09,CO,Colorado Springs,,,,,524-fox-run-cir-80921-7493
2026-09-09,INVH,Denver,"7395 Middle Bay Way, Fountain, CO, 80817",Denver,INVH-7395-middle-bay-way-80817-7666,3,2.5,2123,2165.0,2026-09-09,19 months,False,,,,,,,,https://www.invitationhomes.com/houses-for-rent/7395-middle-bay-way-80817-7666,2026-08-02,2026-09-09,CO,Fountain,,,,,7395-middle-bay-way-80817-7666
2026-09-09,INVH,Denver,"7403 Middle Bay Way, Fountain, CO, 80817",Denver,INVH-7403-middle-bay-way-80817-7960,3,2.0,1696,2380.0,2026-09-09,19 months,False,,,,,,,,https://www.invitationhomes.com/houses-for-rent/7403-middle-bay-way-80817-7960,2026-07-19,2026-09-09,CO,Fountain,,,,,7403-middle-bay-way-80817-7960
2026-09-09,INVH,Denver,"616 Rye Ridge Rd, Fountain, CO, 80817",Denver,INVH-616-rye-ridge-rd-80817-8287,3,2.0,1548,2310.0,2026-09-14,19 months,False,,,,,,,,https://www.invitationhomes.com/houses-for-rent/616-rye-ridge-rd-80817-8287,2026-08-10,2026-09-09,CO,Fountain,,,,,616-rye-ridge-rd-80817-8287
2026-09-09,INVH,Denver,"1375 Legend Oak Dr, Fountain, CO, 80817",Denver,INVH-1375-legend-oak-dr-80817-87467,4,3.0,1400,2135.0,2026-09-09,19 months,False,,,,,,,,https://www.invitationhomes.com/houses-for-rent/1375-legend-oak-dr-80817-87467,2026-08-10,2026-09-09,CO,Fountain,,,,,1375-legend-oak-dr-80817-87467
2026-09-09,INVH,Denver,"6997 Ancestra Dr, Fountain, CO, 80817",Denver,INVH-6997-ancestra-dr-80817-5947,4,2.5,2787,2435.0,2026-09-09,19 months,False,,,,,,,,https://www.invitationhomes.com/houses-for-rent/6997-ancestra-dr-80817-5947,2026-07-19,2026-09-09,CO,Fountain,,,,,6997-ancestra-dr-80817-5947
2026-09-09,INVH,Denver,"7595 Deer Trl, Colorado Springs, CO, 80911",Denver,INVH-7595-deer-trl-80911-90109,5,2.0,1824,2285.0,2026-09-09,19 months,False,,,,,,,,https://www.invitationhomes.com/houses-for-rent/7595-deer-trl-80911-90109,2026-08-02,2026-09-09,CO,Colorado Springs,,,,,7595-deer-trl-80911-90109
2026-09-09,INVH,Denver,"10737 Darneal Dr, Fountain, CO, 80817",Denver,INVH-10737-darneal-dr-80817-6744,3,2.0,2646,2630.0,2026-10-12,19 months,False,,,,,,,,https://www.invitationhomes.com/houses-for-rent/10737-darneal-dr-80817-6744,2026-04-04,2026-09-09,CO,Fountain,,,,,10737-darneal-dr-80817-6744
2026-09-09,INVH,Denver,"10722 Yuba Dr, Colorado Springs, CO, 80925",Denver,INVH-10722-yuba-dr-80925-89043,4,2.5,1994,2460.0,2026-09-09,24 months,False,,,,,,,,https://www.invitationhomes.com/houses-for-rent/10722-yuba-dr-80925-89043,2026-06-09,2026-09-09,CO,Colorado Springs,,,,,10722-yuba-dr-80925-89043
2026-09-09,INVH,Denver,"10864 Nolin Dr, Colorado Springs, CO, 80925",Denver,INVH-10864-nolin-dr-80925-89102,4,2.5,1918,2575.0,2026-09-17,24 months,False,,,,,,,,https://www.invitationhomes.com/houses-for-rent/10864-nolin-dr-80925-89102,2026-05-17,2026-09-09,CO,Colorado Springs,,,,,10864-nolin-dr-80925-89102
2026-09-09,INVH,Denver,"8334 Syrabi Pl, Colorado Springs, CO, 80925",Denver,INVH-8334-syrabi-pl-80925-89805,5,3.0,2326,2725.0,2026-09-26,19 months,False,,,,,,,,https://www.invitationhomes.com/houses-for-rent/8334-syrabi-pl-80925-89805,2026-08-23,2026-09-09,CO,Colorado Springs,,,,,8334-syrabi-pl-80925-89805
2026-09-09,INVH,Denver,"6148 Farmstead Pl, Colorado Springs, CO, 80925",Denver,INVH-6148-farmstead-pl-80925-88675,3,2.5,1671,2399.0,2026-09-09,24 months,False,,,,,,,,https://www.invitationhomes.com/houses-for-rent/6148-farmstead-pl-80925-88675,2026-08-10,2026-09-09,CO,Colorado Springs,,,,,6148-farmstead-pl-80925-88675
2026-09-09,INVH,Denver,"6953 Winnicut Dr, Colorado Springs, CO, 80925",Denver,INVH-6953-winnicut-dr-80925-87847,4,3.0,1748,2425.0,2026-10-16,24 months,False,,,,,,,,https://www.invitationhomes.com/houses-for-rent/6953-winnicut-dr-80925-87847,2026-09-03,2026-09-09,CO,Colorado Springs,,,,,6953-winnicut-dr-80925-87847
2026-09-09,INVH,Denver,"6128 Cast Iron Dr, Colorado Springs, CO, 80925",Denver,INVH-6128-cast-iron-dr-80925-88163,4,2.5,1748,2415.0,2026-09-09,24 months,False,,,,,,,,https://www.invitationhomes.com/houses-for-rent/6128-cast-iron-dr-80925-88163,2026-08-02,2026-09-09,CO,Colorado Springs,,,,,6128-cast-iron-dr-80925-88163
2026-09-09,INVH,Denver,"6158 Meadowbank Ln, Colorado Springs, CO, 80925",Denver,INVH-6158-meadowbank-ln-80925-87246,3,2.0,1471,2335.0,2026-10-14,24 months,False,,,,,,,,https://www.invitationhomes.com/houses-for-rent/6158-meadowbank-ln-80925-87246,2026-09-03,2026-09-09,CO,Colorado Springs,,,,,6158-meadowbank-ln-80925-87246
2026-09-09,INVH,Denver,"11771 Mission Peak Place, Colorado Springs, CO, 80925",Denver,INVH-11771-mission-peak-place-80925-123887,3,2.5,1755,2349.0,2026-09-16,24 months,False,,,,,,,,https://www.invitationhomes.com/houses-for-rent/11771-mission-peak-place-80925-123887,2026-08-16,2026-09-09,CO,Colorado Springs,,,,,11771-mission-peak-place-80925-123887
2026-09-09,INVH,Denver,"11147 House Finch Ln, Colorado Springs, CO, 80925",Denver,INVH-11147-house-finch-ln-80925-120818,3,2.5,1916,2325.0,2026-09-09,24 months,False,,,,,,,,https://www.invitationhomes.com/houses-for-rent/11147-house-finch-ln-80925-120818,2026-05-03,2026-09-09,CO,Colorado Springs,,,,,11147-house-finch-ln-80925-120818
2026-09-09,INVH,Denver,"11256 House Finch Ln, Colorado Springs, CO, 80925",Denver,INVH-11256-house-finch-ln-80925-120844,3,2.0,1804,2425.0,2026-10-12,24 months,False,,,,,,,,https://www.invitationhomes.com/houses-for-rent/11256-house-finch-ln-80925-120844,2026-09-03,2026-09-09,CO,Colorado Springs,,,,,11256-house-finch-ln-80925-120844
2026-09-09,INVH,Denver,"11286 House Finch Ln, Colorado Springs, CO, 80925",Denver,INVH-11286-house-finch-ln-80925-120851,3,2.5,1898,2340.0,2026-09-09,24 months,False,,,,,,,,https://www.invitationhomes.com/houses-for-rent/11286-house-finch-ln-80925-120851,2026-06-09,2026-09-09,CO,Colorado Springs,,,,,11286-house-finch-ln-80925-120851
2026-09-09,INVH,Denver,"11203 Bufflehead Ln, Colorado Springs, CO, 80925",Denver,INVH-11203-bufflehead-ln-80925-120830,3,2.5,1958,2249.0,2026-09-09,24 months,False,,,,,,,,https://www.invitationhomes.com/houses-for-rent/11203-bufflehead-ln-80925-120830,2026-06-09,2026-09-09,CO,Colorado Springs,,,,,11203-bufflehead-ln-80925-120830
2026-09-09,INVH,Denver,"6255 Yellowthroat Ter, Colorado Springs, CO, 80925",Denver,INVH-6255-yellowthroat-ter-80925-120909,3,2.5,1898,2399.0,2026-10-06,24 months,False,,,,,,,,https://www.invitationhomes.com/houses-for-rent/6255-yellowthroat-ter-80925-120909,2026-08-23,2026-09-09,CO,Colorado Springs,,,,,6255-yellowthroat-ter-80925-120909
2026-09-09,INVH,Denver,"6190 Bobolink Trl, Colorado Springs, CO, 80925",Denver,INVH-6190-bobolink-trl-80925-120888,3,2.5,1898,2340.0,2026-09-09,24 months,False,,,,,,,,https://www.invitationhomes.com/houses-for-rent/6190-bobolink-trl-80925-120888,2026-07-19,2026-09-09,CO,Colorado Springs,,,,,6190-bobolink-trl-80925-120888
2026-09-09,INVH,Denver,"11457 Whistling Duck Wy, Colorado Springs, CO, 80925",Denver,INVH-11457-whistling-duck-wy-80925-120862,3,2.5,1804,2399.0,2026-09-09,24 months,False,,,,,,,,https://www.invitationhomes.com/houses-for-rent/11457-whistling-duck-wy-80925-120862,2026-08-02,2026-09-09,CO,Colorado Springs,,,,,11457-whistling-duck-wy-80925-120862
2026-09-09,INVH,Denver,"11441 Whistling Duck Wy, Colorado Springs, CO, 80925",Denver,INVH-11441-whistling-duck-wy-80925-120860,3,2.5,1916,2385.0,2026-09-09,24 months,False,,,,,,,,https://www.invitationhomes.com/houses-for-rent/11441-whistling-duck-wy-80925-120860,2026-08-10,2026-09-09,CO,Colorado Springs,,,,,11441-whistling-duck-wy-80925-120860
2026-09-09,INVH,Denver,"6236 Big Bird Dr, Colorado Springs, CO, 80925",Denver,INVH-6236-big-bird-dr-80925-120901,3,2.5,1804,2340.0,2026-09-09,24 months,False,,,,,,,,https://www.invitationhomes.com/houses-for-rent/6236-big-bird-dr-80925-120901,2026-08-10,2026-09-09,CO,Colorado Springs,,,,,6236-big-bird-dr-80925-120901
2026-09-09,INVH,Denver,"6164 Big Bird Dr, Colorado Springs, CO, 80925",Denver,INVH-6164-big-bird-dr-80925-120881,3,2.5,1958,2349.0,2026-10-06,24 months,False,,,,,,,,https://www.invitationhomes.com/houses-for-rent/6164-big-bird-dr-80925-120881,2026-08-23,2026-09-09,CO,Colorado Springs,,,,,6164-big-bird-dr-80925-120881
2026-09-09,INVH,Denver,"2410 Payne Cir W, Colorado Springs, CO, 80916",Denver,INVH-2410-payne-cir-w-80916-2929,3,2.0,1603,2295.0,2026-09-21,19 months,False,,,,,,,,https://www.invitationhomes.com/houses-for-rent/2410-payne-cir-w-80916-2929,2026-08-10,2026-09-09,CO,Colorado Springs,,,,,2410-payne-cir-w-80916-2929
2026-09-09,INVH,Denver,"4875 Gami Way, Colorado Springs, CO, 80911",Denver,INVH-4875-gami-way-80911-4188,3,2.5,2240,2610.0,2026-09-09,19 months,False,,,,,,,,https://www.invitationhomes.com/houses-for-rent/4875-gami-way-80911-4188,2026-08-02,2026-09-09,CO,Colorado Springs,,,,,4875-gami-way-80911-4188
2026-09-09,INVH,Denver,"4915 San Amels Way, Colorado Springs, CO, 80911",Denver,INVH-4915-san-amels-way-80911-88640,3,3.0,1567,2480.0,2026-09-18,19 months,False,,,,,,,,https://www.invitationhomes.com/houses-for-rent/4915-san-amels-way-80911-88640,2026-09-09,2026-09-09,CO,Colorado Springs,,,,,4915-san-amels-way-80911-88640
2026-09-09,INVH,Denver,"4727 Keith Cir, Colorado Springs, CO, 80916",Denver,INVH-4727-keith-cir-80916-3858,3,1.5,1202,1990.0,2026-10-15,19 months,False,,,,,,,,https://www.invitationhomes.com/houses-for-rent/4727-keith-cir-80916-3858,2026-09-03,2026-09-09,CO,Colorado Springs,,,,,4727-keith-cir-80916-3858
2026-09-09,INVH,Denver,"3614 Saguaro Cir, Colorado Springs, CO, 80925",Denver,INVH-3614-saguaro-cir-80925-90374,3,2.5,2266,2349.0,2026-09-09,21 months,False,,,,,,,,https://www.invitationhomes.com/houses-for-rent/3614-saguaro-cir-80925-90374,2026-07-19,2026-09-09,CO,Colorado Springs,,,,,3614-saguaro-cir-80925-90374
2026-09-09,INVH,Denver,"2970 Harrisburg Way, Colorado Springs, CO, 80922",Denver,INVH-2970-harrisburg-way-80922-87162,4,4.0,2626,2825.0,2026-09-09,19 months,False,,,,,,,,https://www.invitationhomes.com/houses-for-rent/2970-harrisburg-way-80922-87162,2026-08-02,2026-09-09,CO,Colorado Springs,,,,,2970-harrisburg-way-80922-87162
2026-09-09,INVH,Denver,"5814 Santana Dr, Colorado Springs, CO, 80923",Denver,INVH-5814-santana-dr-80923-86527,4,3.0,2133,2549.0,2026-10-17,21 months,False,,,,,,,,https://www.invitationhomes.com/houses-for-rent/5814-santana-dr-80923-86527,2026-09-03,2026-09-09,CO,Colorado Springs,,,,,5814-santana-dr-80923-86527
2026-09-09,INVH,Denver,"6010 Grapevine Dr, Colorado Springs, CO, 80923",Denver,INVH-6010-grapevine-dr-80923-89670,4,3.0,2021,2549.0,2026-09-09,22 months,False,,,,,,,,https://www.invitationhomes.com/houses-for-rent/6010-grapevine-dr-80923-89670,2026-07-19,2026-09-09,CO,Colorado Springs,,,,,6010-grapevine-dr-80923-89670
2026-09-09,INVH,Denver,"6025 Fossil Dr, Colorado Springs, CO, 80923",Denver,INVH-6025-fossil-dr-80923-87028,4,3.0,2027,2549.0,2026-09-09,21 months,False,,,,,,,,https://www.invitationhomes.com/houses-for-rent/6025-fossil-dr-80923-87028,2026-08-02,2026-09-09,CO,Colorado Springs,,,,,6025-fossil-dr-80923-87028
2026-09-09,INVH,Denver,"5798 Charlotte Pkwy, Colorado Springs, CO, 80923",Denver,INVH-5798-charlotte-pkwy-80923-7185,4,2.5,2135,2549.0,2026-09-09,21 months,False,,,,,,,,https://www.invitationhomes.com/houses-for-rent/5798-charlotte-pkwy-80923-7185,2026-08-23,2026-09-09,CO,Colorado Springs,,,,,5798-charlotte-pkwy-80923-7185
2026-09-09,INVH,Denver,"6139 Miramont St, Colorado Springs, CO, 80923",Denver,INVH-6139-miramont-st-80923-6939,3,2.5,1701,2445.0,2026-09-09,19 months,False,,,,,,,,https://www.invitationhomes.com/houses-for-rent/6139-miramont-st-80923-6939,2026-04-20,2026-09-09,CO,Colorado Springs,,,,,6139-miramont-st-80923-6939
2026-09-09,INVH,Denver,"6594 Harvey Ln, Colorado Springs, CO, 80923",Denver,INVH-6594-harvey-ln-80923-6209,4,3.5,2215,2535.0,2026-09-11,19 months,False,,,,,,,,https://www.invitationhomes.com/houses-for-rent/6594-harvey-ln-80923-6209,2026-08-02,2026-09-09,CO,Colorado Springs,,,,,6594-harvey-ln-80923-6209
2026-09-09,INVH,Denver,"9231 Oro City Lp, Colorado Springs, CO, 80927",Denver,INVH-9231-oro-city-loop-80938-124547,4,2.0,1587,2199.0,2026-09-09,23 months,False,,,,,,,,https://www.invitationhomes.com/houses-for-rent/9231-oro-city-loop-80938-124547,2026-04-20,2026-09-09,CO,Colorado Springs,,,,,9231-oro-city-loop-80938-124547
2026-09-09,INVH,Denver,"5655 Bowerman Ln, Colorado Springs, CO, 80927",Denver,INVH-5655-bowerman-ln-80927-124910,3,3.0,1944,2599.0,2026-09-09,21 months,False,,,,,,,,https://www.invitationhomes.com/houses-for-rent/5655-bowerman-ln-80927-124910,2026-09-03,2026-09-09,CO,Colorado Springs,,,,,5655-bowerman-ln-80927-124910
2026-09-09,INVH,Denver,"5659 Bowerman Ln, Colorado Springs, CO, 80927",Denver,INVH-5659-bowerman-ln-80927-124911,4,3.0,1944,2599.0,2026-09-09,21 months,False,,,,,,,,https://www.invitationhomes.com/houses-for-rent/5659-bowerman-ln-80927-124911,2026-09-03,2026-09-09,CO,Colorado Springs,,,,,5659-bowerman-ln-80927-124911
2026-09-09,INVH,Denver,"9287 Oro City Loop, Colorado Springs, CO, 80927",Denver,INVH-9287-oro-city-loop-80938-124638,4,2.0,1587,2299.0,2026-09-09,22 months,False,,,,,,,,https://www.invitationhomes.com/houses-for-rent/9287-oro-city-loop-80938-124638,2026-05-17,2026-09-09,CO,Colorado Springs,,,,,9287-oro-city-loop-80938-124638
2026-09-09,INVH,Denver,"5873 Uptop Point, Colorado Springs, CO, 80927",Denver,INVH-5873-uptop-point-80927-124828,3,2.5,1448,2370.0,2026-09-09,19 months,False,,,,,,,,https://www.invitationhomes.com/houses-for-rent/5873-uptop-point-80927-124828,2026-08-16,2026-09-09,CO,Colorado Springs,,,,,5873-uptop-point-80927-124828
2026-09-09,INVH,Denver,"5867 Uptop Point, Colorado Springs, CO, 80927",Denver,INVH-5867-uptop-point-80927-124825,3,2.5,1448,2370.0,2026-09-09,19 months,False,,,,,,,,https://www.invitationhomes.com/houses-for-rent/5867-uptop-point-80927-124825,2026-08-10,2026-09-09,CO,Colorado Springs,,,,,5867-uptop-point-80927-124825
2026-09-09,INVH,Denver,"9350 Oro City Loop, Colorado Springs, CO, 80927",Denver,INVH-9350-oro-city-loop-80927-124904,3,2.5,1311,2145.0,2026-09-09,19 months,False,,,,,,,,https://www.invitationhomes.com/houses-for-rent/9350-oro-city-loop-80927-124904,2026-09-03,2026-09-09,CO,Colorado Springs,,,,,9350-oro-city-loop-80927-124904
2026-09-09,INVH,Denver,"9354 Oro City Loop, Colorado Springs, CO, 80927",Denver,INVH-9354-oro-city-loop-80927-124907,4,3.0,1643,2499.0,2026-09-09,21 months,False,,,,,,,,https://www.invitationhomes.com/houses-for-rent/9354-oro-city-loop-80927-124907,2026-09-03,2026-09-09,CO,Colorado Springs,,,,,9354-oro-city-loop-80927-124907
2026-09-09,INVH,Denver,"9358 Oro City Loop, Colorado Springs, CO, 80927",Denver,INVH-9358-oro-city-loop-80927-124906,4,3.0,1643,2499.0,2026-09-09,21 months,False,,,,,,,,https://www.invitationhomes.com/houses-for-rent/9358-oro-city-loop-80927-124906,2026-09-03,2026-09-09,CO,Colorado Springs,,,,,9358-oro-city-loop-80927-124906
2026-09-09,INVH,Denver,"9401 Oro City Loop, Colorado Springs, CO, 80927",Denver,INVH-9401-oro-city-loop-80927-124909,3,2.5,1448,2399.0,2026-09-09,21 months,False,,,,,,,,https://www.invitationhomes.com/houses-for-rent/9401-oro-city-loop-80927-124909,2026-09-03,2026-09-09,CO,Colorado Springs,,,,,9401-oro-city-loop-80927-124909
2026-09-09,INVH,Denver,"9387 Oro City Loop, Colorado Springs, CO, 80927",Denver,INVH-9387-oro-city-loop-80927-124908,4,2.5,1587,2445.0,2026-09-09,19 months,False,,,,,,,,https://www.invitationhomes.com/houses-for-rent/9387-oro-city-loop-80927-124908,2026-09-03,2026-09-09,CO,Colorado Springs,,,,,9387-oro-city-loop-80927-124908
2026-09-09,INVH,Denver,"7740 Lindsey Dr, Colorado Springs, CO, 80920",Denver,INVH-7740-lindsey-dr-80920-87387,4,3.0,1790,2485.0,2026-09-09,19 months,False,,,,,,,,https://www.invitationhomes.com/houses-for-rent/7740-lindsey-dr-80920-87387,2026-08-02,2026-09-09,CO,Colorado Springs,,,,,7740-lindsey-dr-80920-87387
2026-09-09,INVH,Denver,"3710 Cottage Dr, Colorado Springs, CO, 80920",Denver,INVH-3710-cottage-dr-80920-7195,5,3.5,2887,2749.0,2026-09-09,21 months,False,,,,,,,,https://www.invitationhomes.com/houses-for-rent/3710-cottage-dr-80920-7195,2026-07-19,2026-09-09,CO,Colorado Springs,,,,,3710-cottage-dr-80920-7195
2026-09-09,INVH,Denver,"13563 Arriba Dr, Elbert, CO, 80106",Denver,INVH-13563-arriba-dr-80106-123908,3,2.5,1788,2290.0,2026-09-26,19 months,False,,,,,,,,https://www.invitationhomes.com/houses-for-rent/13563-arriba-dr-80106-123908,2026-04-04,2026-09-09,CO,Elbert,,,,,13563-arriba-dr-80106-123908
2026-09-09,INVH,Chicago,"22830 Lakeshore Dr, Richton Park, IL, 60471",Chicago,INVH-22830-lakeshore-dr-60471-2232,4,2.5,2310,3435.0,2026-09-11,12 months,False,,,,,,,,https://www.invitationhomes.com/houses-for-rent/22830-lakeshore-dr-60471-2232,2026-07-19,2026-09-09,IL,Richton Park,,,,,22830-lakeshore-dr-60471-2232
2026-09-09,INVH,Chicago,"2409 Twin Fountain Ct, Plainfield, IL, 60586",Chicago,INVH-2409-twin-fountain-ct-60586-4339,3,2.5,1580,2670.0,2026-10-20,12 months,False,,,,,,,,https://www.invitationhomes.com/houses-for-rent/2409-twin-fountain-ct-60586-4339,2026-09-06,2026-09-09,IL,Plainfield,,,,,2409-twin-fountain-ct-60586-4339
2026-09-09,INVH,Chicago,"986 Celebration Dr, Aurora, IL, 60504",Chicago,INVH-986-celebration-dr-60504-7068,3,2.5,1300,2410.0,2026-10-21,17 months,False,,,,,,,,https://www.invitationhomes.com/houses-for-rent/986-celebration-dr-60504-7068,2026-09-06,2026-09-09,IL,Aurora,,,,,986-celebration-dr-60504-7068
2026-09-09,INVH,Chicago,"1747 Walnut Park Ln, Aurora, IL, 60504",Chicago,INVH-1747-walnut-park-ln-60504-3287,3,2.5,1747,2730.0,2026-10-15,12 months,False,,,,,,,,https://www.invitationhomes.com/houses-for-rent/1747-walnut-park-ln-60504-3287,2026-09-03,2026-09-09,IL,Aurora,,,,,1747-walnut-park-ln-60504-3287
2026-09-09,INVH,Chicago,"1684 Trafalgar Ln, Aurora, IL, 60504",Chicago,INVH-1684-trafalgar-ln-60504-6086,3,1.5,1564,2580.0,2026-10-01,12 months,False,,,,,,,,https://www.invitationhomes.com/houses-for-rent/1684-trafalgar-ln-60504-6086,2026-08-23,2026-09-09,IL,Aurora,,,,,1684-trafalgar-ln-60504-6086
2026-09-09,INVH,Chicago,"778 N Elmwood Dr, Aurora, IL, 60506",Chicago,INVH-778-n-elmwood-dr-60506-9563,4,2.0,1650,2780.0,2026-09-09,12 months,False,,,,,,,,https://www.invitationhomes.com/houses-for-rent/778-n-elmwood-dr-60506-9563,2026-08-02,2026-09-09,IL,Aurora,,,,,778-n-elmwood-dr-60506-9563
2026-09-09,INVH,Chicago,"783 E Galena Blvd, Aurora, IL, 60505",Chicago,INVH-783-e-galena-blvd-aurora-il-60505,4,1.5,1580,2730.0,2026-09-09,12 months,False,,,,,,,,https://www.invitationhomes.com/houses-for-rent/783-e-galena-blvd-aurora-il-60505,2026-07-19,2026-09-09,IL,Aurora,,,,,783-e-galena-blvd-aurora-il-60505
2026-09-09,INVH,Chicago,"5907 Alpine Way, Plainfield, IL, 60586",Chicago,INVH-5907-alpine-way-60586-5488,4,2.5,2359,3490.0,2026-09-18,12 months,False,,,,,,,,https://www.invitationhomes.com/houses-for-rent/5907-alpine-way-60586-5488,2026-09-03,2026-09-09,IL,Plainfield,,,,,5907-alpine-way-60586-5488
2026-09-09,INVH,Chicago,"16323 Zausa Dr, Crest Hill, IL, 60403",Chicago,INVH-16323-zausa-dr-60403-2728,4,2.5,2088,3035.0,2026-10-10,12 months,False,,,,,,,,https://www.invitationhomes.com/houses-for-rent/16323-zausa-dr-60403-2728,2026-09-03,2026-09-09,IL,Crest Hill,,,,,16323-zausa-dr-60403-2728
2026-09-09,INVH,Chicago,"327 Hemlock Ave, Romeoville, IL, 60446",Chicago,INVH-327-hemlock-ave-60446-9859,3,1.5,1575,2940.0,2026-09-20,12 months,False,,,,,,,,https://www.invitationhomes.com/houses-for-rent/327-hemlock-ave-60446-9859,2026-08-10,2026-09-09,IL,Romeoville,,,,,327-hemlock-ave-60446-9859
2026-09-09,INVH,Chicago,"1341 Fairmount Ave, Joliet, IL, 60432",Chicago,INVH-1341-fairmount-ave-joliet-il-60432,3,2.0,1388,2510.0,2026-09-09,12 months,False,,,,,,,,https://www.invitationhomes.com/houses-for-rent/1341-fairmount-ave-joliet-il-60432,2026-04-04,2026-09-09,IL,Joliet,,,,,1341-fairmount-ave-joliet-il-60432
2026-09-09,INVH,Chicago,"137 Mayfield Dr, Bolingbrook, IL, 60440",Chicago,INVH-137-mayfield-dr-60440-6776,3,1.5,1700,2880.0,2026-09-09,12 months,False,,,,,,,,https://www.invitationhomes.com/houses-for-rent/137-mayfield-dr-60440-6776,2026-05-17,2026-09-09,IL,Bolingbrook,,,,,137-mayfield-dr-60440-6776
2026-09-09,INVH,Chicago,"141 Queenswood Rd, Bolingbrook, IL, 60440",Chicago,INVH-141-queenswood-rd-60440-1392,4,2.0,1162,2549.0,2026-09-09,23 months,False,,,,,,,,https://www.invitationhomes.com/houses-for-rent/141-queenswood-rd-60440-1392,2026-08-23,2026-09-09,IL,Bolingbrook,,,,,141-queenswood-rd-60440-1392
2026-09-09,INVH,Chicago,"349 Huntington Way, Bolingbrook, IL, 60440",Chicago,INVH-349-huntington-way-60440-8456,5,3.0,2964,3830.0,2026-09-15,12 months,False,,,,,,,,https://www.invitationhomes.com/houses-for-rent/349-huntington-way-60440-8456,2026-08-02,2026-09-09,IL,Bolingbrook,,,,,349-huntington-way-60440-8456
2026-09-09,INVH,Chicago,"6791 Red Wing Dr, Woodridge, IL, 60517",Chicago,INVH-6791-red-wing-dr-woodridge-il-60517,3,2.0,1719,3099.0,2026-09-09,12 months,False,,,,,,,,https://www.invitationhomes.com/houses-for-rent/6791-red-wing-dr-woodridge-il-60517,2026-07-19,2026-09-09,IL,Woodridge,,,,,6791-red-wing-dr-woodridge-il-60517
2026-09-09,INVH,Chicago,"645 Dover Dr, Elgin, IL, 60120",Chicago,INVH-645-dover-dr-60120-1800,3,2.5,1760,2830.0,2026-10-06,12 months,False,,,,,,,,https://www.invitationhomes.com/houses-for-rent/645-dover-dr-60120-1800,2026-08-23,2026-09-09,IL,Elgin,,,,,645-dover-dr-60120-1800
2026-09-09,INVH,Chicago,"1159 Blackhawk Dr, Elgin, IL, 60120",Chicago,INVH-1159-blackhawk-60120-6172,4,2.5,2025,3095.0,2026-09-14,12 months,False,,,,,,,,https://www.invitationhomes.com/houses-for-rent/1159-blackhawk-60120-6172,2026-08-10,2026-09-09,IL,Elgin,,,,,1159-blackhawk-60120-6172
2026-09-09,INVH,Chicago,"10880 Grand Canyon Ave, Huntley, IL, 60142",Chicago,INVH-10880-grand-canyon-ave-60142-6480,4,2.5,2577,3325.0,2026-09-09,12 months,False,,,,,,,,https://www.invitationhomes.com/houses-for-rent/10880-grand-canyon-ave-60142-6480,2026-07-19,2026-09-09,IL,Huntley,,,,,10880-grand-canyon-ave-60142-6480
2026-09-09,INVH,Chicago,"26W257 Harrison Ave, Winfield, IL, 60190",Chicago,INVH-26w257-harrison-ave-winfield-il-60190,3,2.0,1202,2620.0,2026-09-16,12 months,False,,,,,,,,https://www.invitationhomes.com/houses-for-rent/26w257-harrison-ave-winfield-il-60190,2026-09-06,2026-09-09,IL,Winfield,,,,,26w257-harrison-ave-winfield-il-60190
2026-09-09,INVH,Chicago,"1369 Westchester Dr, Glendale Heights, IL, 60139",Chicago,INVH-1369-westchester-dr-glendale-heights-il-60139,3,2.0,1336,2885.0,2026-09-15,12 months,False,,,,,,,,https://www.invitationhomes.com/houses-for-rent/1369-westchester-dr-glendale-heights-il-60139,2026-08-23,2026-09-09,IL,Glendale Heights,,,,,1369-westchester-dr-glendale-heights-il-60139
2026-09-09,INVH,Chicago,"30 Rodenburg Rd, Roselle, IL, 60172",Chicago,INVH-30-rodenburg-rd-roselle-il-60172,3,2.5,2283,3420.0,2026-09-09,12 months,False,,,,,,,,https://www.invitationhomes.com/houses-for-rent/30-rodenburg-rd-roselle-il-60172,2026-08-02,2026-09-09,IL,Roselle,,,,,30-rodenburg-rd-roselle-il-60172
2026-09-09,INVH,Chicago,"1571 Birch Ave, Hanover Park, IL, 60133",Chicago,INVH-1571-birch-ave-60133-3451,3,2.0,1490,2830.0,2026-09-09,12 months,False,,,,,,,,https://www.invitationhomes.com/houses-for-rent/1571-birch-ave-60133-3451,2026-08-02,2026-09-09,IL,Hanover Park,,,,,1571-birch-ave-60133-3451
2026-09-09,INVH,Chicago,"1381 Alberta Ct, Glendale Heights, IL, 60139",Chicago,INVH-1381-alberta-ct-60139-5181,3,2.0,1630,3049.0,2026-09-17,12 months,False,,,,,,,,https://www.invitationhomes.com/houses-for-rent/1381-alberta-ct-60139-5181,2026-08-02,2026-09-09,IL,Glendale Heights,,,,,1381-alberta-ct-60139-5181
2026-09-09,INVH,Chicago,"180 S Oakland Grv, Elmhurst, IL, 60126",Chicago,INVH-180-s-oakland-grv-60126-3144,3,1.0,1068,2745.0,2026-09-09,12 months,False,,,,,,,,https://www.invitationhomes.com/houses-for-rent/180-s-oakland-grv-60126-3144,2026-07-19,2026-09-09,IL,Elmhurst,,,,,180-s-oakland-grv-60126-3144
2026-09-09,INVH,Chicago,"470 Westview St, Hoffman Estates, IL, 60169",Chicago,INVH-470-westview-st-hoffman-estates-il-60169,6,4.0,2715,3895.0,2026-09-09,12 months,False,,,,,,,,https://www.invitationhomes.com/houses-for-rent/470-westview-st-hoffman-estates-il-60169,2026-08-02,2026-09-09,IL,Hoffman Estates,,,,,470-westview-st-hoffman-estates-il-60169
2026-09-09,INVH,Chicago,"680 Mohave St, Hoffman Estates, IL, 60169",Chicago,INVH-680-mohave-st-hoffman-estates-il-60169,3,2.0,1465,3099.0,2026-10-15,12 months,False,,,,,,,,https://www.invitationhomes.com/houses-for-rent/680-mohave-st-hoffman-estates-il-60169,2026-09-03,2026-09-09,IL,Hoffman Estates,,,,,680-mohave-st-hoffman-estates-il-60169
2026-09-09,INVH,Chicago,"325 Glendale Ln, Hoffman Estates, IL, 60169",Chicago,INVH-325-glendale-ln-hoffman-estates-il-60169,3,2.0,1465,2785.0,2026-09-09,12 months,False,,,,,,,,https://www.invitationhomes.com/houses-for-rent/325-glendale-ln-hoffman-estates-il-60169,2026-08-02,2026-09-09,IL,Hoffman Estates,,,,,325-glendale-ln-hoffman-estates-il-60169
2026-09-09,INVH,Chicago,"1875 N Newport Rd, Hoffman Estates, IL, 60169",Chicago,INVH-1875-n-newport-rd-hoffman-estates-il-60169,3,1.0,1382,2545.0,2026-09-09,12 months,False,,,,,,,,https://www.invitationhomes.com/houses-for-rent/1875-n-newport-rd-hoffman-estates-il-60169,2026-04-04,2026-09-09,IL,Hoffman Estates,,,,,1875-n-newport-rd-hoffman-estates-il-60169
2026-09-09,INVH,Chicago,"717 S Highland Ave, Arlington Heights, IL, 60005",Chicago,INVH-717-s-highland-ave-arlington-heights-il-60005,3,1.5,1413,3135.0,2026-09-27,12 months,False,,,,,,,,https://www.invitationhomes.com/houses-for-rent/717-s-highland-ave-arlington-heights-il-60005,2026-09-03,2026-09-09,IL,Arlington Heights,,,,,717-s-highland-ave-arlington-heights-il-60005
2026-09-09,INVH,Chicago,"2602 Fremont St, Rolling Meadows, IL, 60008",Chicago,INVH-2602-fremont-st-rolling-meadows-il-60008,2,1.5,1367,2565.0,2026-09-09,12 months,False,,,,,,,,https://www.invitationhomes.com/houses-for-rent/2602-fremont-st-rolling-meadows-il-60008,2026-08-02,2026-09-09,IL,Rolling Meadows,,,,,2602-fremont-st-rolling-meadows-il-60008
2026-09-09,INVH,Chicago,"4242 Clark Dr, Richton Park, IL, 60471",Chicago,INVH-4242-clark-dr-60471-1123,3,2.0,1522,2985.0,2026-09-18,12 months,False,,,,,,,,https://www.invitationhomes.com/houses-for-rent/4242-clark-dr-60471-1123,2026-08-16,2026-09-09,IL,Richton Park,,,,,4242-clark-dr-60471-1123
2026-09-09,INVH,Chicago,"8840 Hickory Dr, Orland Hills, IL, 60487",Chicago,INVH-8840-hickory-dr-orland-hills-il-60487,3,2.0,1347,2930.0,2026-10-17,12 months,False,,,,,,,,https://www.invitationhomes.com/houses-for-rent/8840-hickory-dr-orland-hills-il-60487,2026-09-03,2026-09-09,IL,Orland Hills,,,,,8840-hickory-dr-orland-hills-il-60487
2026-09-09,INVH,Chicago,"16416 84th Ave, Tinley Park, IL, 60487",Chicago,INVH-16416-84th-ave-tinley-park-il-60487,3,2.0,1600,3149.0,2026-09-09,12 months,False,,,,,,,,https://www.invitationhomes.com/houses-for-rent/16416-84th-ave-tinley-park-il-60487,2026-06-14,2026-09-09,IL,Tinley Park,,,,,16416-84th-ave-tinley-park-il-60487
2026-09-09,INVH,Chicago,"9224 162nd St, Orland Hills, IL, 60487",Chicago,INVH-9224-162nd-st-orland-hills-il-60487,3,2.0,1596,3049.0,2026-09-09,12 months,False,,,,,,,,https://www.invitationhomes.com/houses-for-rent/9224-162nd-st-orland-hills-il-60487,2026-07-19,2026-09-09,IL,Orland Hills,,,,,9224-162nd-st-orland-hills-il-60487
2026-09-09,INVH,Chicago,"6516 157th St, Oak Forest, IL, 60452",Chicago,INVH-6516-157th-st-oak-forest-il-60452,3,2.0,1320,2735.0,2026-10-20,12 months,False,,,,,,,,https://www.invitationhomes.com/houses-for-rent/6516-157th-st-oak-forest-il-60452,2026-09-06,2026-09-09,IL,Oak Forest,,,,,6516-157th-st-oak-forest-il-60452
2026-09-09,INVH,Chicago,"15238 Ridgeland Ave, Oak Forest, IL, 60452",Chicago,INVH-15238-ridgeland-ave-oak-forest-il-60452,3,2.0,1237,2785.0,2026-09-12,12 months,False,,,,,,,,https://www.invitationhomes.com/houses-for-rent/15238-ridgeland-ave-oak-forest-il-60452,2026-09-03,2026-09-09,IL,Oak Forest,,,,,15238-ridgeland-ave-oak-forest-il-60452
2026-09-09,INVH,Chicago,"17771 Sarah Ln, Country Club Hills, IL, 60478",Chicago,INVH-17771-sarah-ln-60478-9610,4,2.0,1359,2735.0,2026-09-09,12 months,False,,,,,,,,https://www.invitationhomes.com/houses-for-rent/17771-sarah-ln-60478-9610,2026-08-23,2026-09-09,IL,Country Club Hills,,,,,17771-sarah-ln-60478-9610
2026-09-09,INVH,Chicago,"2915 188th Pl, Lansing, IL, 60438",Chicago,INVH-2915-188th-pl-60438-7124,3,2.0,1047,2049.0,2026-09-10,23 months,False,,,,,,,,https://www.invitationhomes.com/houses-for-rent/2915-188th-pl-60438-7124,2026-09-03,2026-09-09,IL,Lansing,,,,,2915-188th-pl-60438-7124
2026-09-09,INVH,Chicago,"12601 S Massasoit Ave, Palos Heights, IL, 60463",Chicago,INVH-12601-s-massasoit-ave-palos-heights-il-60463,3,2.0,1575,3290.0,2026-09-22,12 months,False,,,,,,,,https://www.invitationhomes.com/houses-for-rent/12601-s-massasoit-ave-palos-heights-il-60463,2026-08-23,2026-09-09,IL,Palos Heights,,,,,12601-s-massasoit-ave-palos-heights-il-60463
2026-09-09,INVH,Chicago,"9225 Menard Ave, Oak Lawn, IL, 60453",Chicago,INVH-9225-menard-ave-oak-lawn-il-60453,3,1.5,1389,2935.0,2026-09-09,12 months,False,,,,,,,,https://www.invitationhomes.com/houses-for-rent/9225-menard-ave-oak-lawn-il-60453,2026-08-23,2026-09-09,IL,Oak Lawn,,,,,9225-menard-ave-oak-lawn-il-60453
2026-09-09,INVH,Chicago,"8009 Natchez Ave, Burbank, IL, 60459",Chicago,INVH-8009-natchez-ave-60459-6640,3,2.0,1500,2735.0,2026-09-09,12 months,False,,,,,,,,https://www.invitationhomes.com/houses-for-rent/8009-natchez-ave-60459-6640,2026-07-19,2026-09-09,IL,Burbank,,,,,8009-natchez-ave-60459-6640
2026-09-09,INVH,Chicago,"7939 Mason Ave, Burbank, IL, 60459",Chicago,INVH-7939-mason-ave-burbank-il-60459,3,2.0,1706,3049.0,2026-09-09,12 months,False,,,,,,,,https://www.invitationhomes.com/houses-for-rent/7939-mason-ave-burbank-il-60459,2026-07-19,2026-09-09,IL,Burbank,,,,,7939-mason-ave-burbank-il-60459
2026-09-09,INVH,Chicago,"4601 W 101st St, Oak Lawn, IL, 60453",Chicago,INVH-4601-w-101st-st-oak-lawn-il-60453,2,2.0,1121,2549.0,2026-10-17,23 months,False,,,,,,,,https://www.invitationhomes.com/houses-for-rent/4601-w-101st-st-oak-lawn-il-60453,2026-09-03,2026-09-09,IL,Oak Lawn,,,,,4601-w-101st-st-oak-lawn-il-60453
2026-09-09,INVH,Chicago,"9219 S 51st Ave, Oak Lawn, IL, 60453",Chicago,INVH-9219-s-51st-ave-oak-lawn-il-60453,3,1.5,1389,2530.0,2026-09-12,12 months,False,,,,,,,,https://www.invitationhomes.com/houses-for-rent/9219-s-51st-ave-oak-lawn-il-60453,2026-09-03,2026-09-09,IL,Oak Lawn,,,,,9219-s-51st-ave-oak-lawn-il-60453
2026-09-09,INVH,Chicago,"1303 W 59th St, La Grange Highlands, IL, 60525",Chicago,INVH-1303-w-59th-st-la-grange-highlands-il-60525,4,2.5,2052,3440.0,2026-09-09,12 months,False,,,,,,,,https://www.invitationhomes.com/houses-for-rent/1303-w-59th-st-la-grange-highlands-il-60525,2026-08-02,2026-09-09,IL,La Grange Highlands,,,,,1303-w-59th-st-la-grange-highlands-il-60525
2026-09-09,INVH,Chicago,"7700 Monitor Ave, Burbank, IL, 60459",Chicago,INVH-7700-monitor-ave-60459-9592,3,1.0,1008,2265.0,2026-09-09,12 months,False,,,,,,,,https://www.invitationhomes.com/houses-for-rent/7700-monitor-ave-60459-9592,2026-08-10,2026-09-09,IL,Burbank,,,,,7700-monitor-ave-60459-9592
2026-09-09,INVH,Chicago,"110 Englewood Ave, Bellwood, IL, 60104",Chicago,INVH-110-englewood-ave-60104-7134,3,1.5,1400,2830.0,2026-09-09,12 months,False,,,,,,,,https://www.invitationhomes.com/houses-for-rent/110-englewood-ave-60104-7134,2026-06-14,2026-09-09,IL,Bellwood,,,,,110-englewood-ave-60104-7134
2026-09-09,INVH,Chicago,"1816 N 38th Ave, Stone Park, IL, 60165",Chicago,INVH-1816-n-38th-ave-stone-park-il-60165,5,2.0,1795,3170.0,2026-09-09,12 months,False,,,,,,,,https://www.invitationhomes.com/houses-for-rent/1816-n-38th-ave-stone-park-il-60165,2026-07-19,2026-09-09,IL,Stone Park,,,,,1816-n-38th-ave-stone-park-il-60165
2026-09-09,INVH,Chicago,"2418 N 75th Ct, Elmwood Park, IL, 60707",Chicago,INVH-2418-n-75th-ct-elmwood-park-il-60707,3,2.0,1799,3090.0,2026-09-09,12 months,False,,,,,,,,https://www.invitationhomes.com/houses-for-rent/2418-n-75th-ct-elmwood-park-il-60707,2026-07-19,2026-09-09,IL,Elmwood Park,,,,,2418-n-75th-ct-elmwood-park-il-60707
2026-09-09,INVH,Chicago,"1636 N Nashville Ave, Chicago, IL, 60707",Chicago,INVH-1636-n-nashville-ave-60707-1503,3,1.5,1642,2999.0,2026-09-09,12 months,False,,,,,,,,https://www.invitationhomes.com/houses-for-rent/1636-n-nashville-ave-60707-1503,2026-08-10,2026-09-09,IL,Chicago,,,,,1636-n-nashville-ave-60707-1503
2026-09-09,INVH,Chicago,"5647 W Berenice Ave, Chicago, IL, 60634",Chicago,INVH-5647-w-berenice-ave-chicago-il-60634,4,2.0,1411,3199.0,2026-09-09,12 months,False,,,,,,,,https://www.invitationhomes.com/houses-for-rent/5647-w-berenice-ave-chicago-il-60634,2026-09-09,2026-09-09,IL,Chicago,,,,,5647-w-berenice-ave-chicago-il-60634
2026-09-09,INVH,Chicago,"6042 W Bryn Mawr Ave, Chicago, IL, 60646",Chicago,INVH-6042-w-bryn-mawr-ave-chicago-il-60646,4,2.0,1700,3625.0,2026-09-09,12 months,False,,,,,,,,https://www.invitationhomes.com/houses-for-rent/6042-w-bryn-mawr-ave-chicago-il-60646,2026-08-10,2026-09-09,IL,Chicago,,,,,6042-w-bryn-mawr-ave-chicago-il-60646
2026-09-09,INVH,Chicago,"2208 Madison Pl, Evanston, IL, 60202",Chicago,INVH-2208-madison-pl-evanston-il-60202,4,3.5,2500,4849.0,2026-10-11,12 months,False,,,,,,,,https://www.invitationhomes.com/houses-for-rent/2208-madison-pl-evanston-il-60202,2026-09-03,2026-09-09,IL,Evanston,,,,,2208-madison-pl-evanston-il-60202
2026-09-09,INVH,Chicago,"2970 Hillsboro Ln, Lake in the Hills, IL, 60156",Chicago,INVH-2970-hillsboro-ln-60156-1207,3,2.5,2208,3135.0,2026-10-10,12 months,False,,,,,,,,https://www.invitationhomes.com/houses-for-rent/2970-hillsboro-ln-60156-1207,2026-09-03,2026-09-09,IL,Lake in the Hills,,,,,2970-hillsboro-ln-60156-1207
2026-09-09,INVH,Chicago,"537 Norman Dr, Cary, IL, 60013",Chicago,INVH-537-norman-dr-cary-il-60013,3,2.0,1714,2530.0,2026-10-05,12 months,False,,,,,,,,https://www.invitationhomes.com/houses-for-rent/537-norman-dr-cary-il-60013,2026-08-23,2026-09-09,IL,Cary,,,,,537-norman-dr-cary-il-60013
2026-09-09,INVH,Phoenix,"43424 W Cowpath Rd, Maricopa, AZ, 85138",Phoenix,INVH-43424-w-cowpath-rd-85138-89859,4,2.5,2012,1995.0,2026-10-09,19 months,False,,,,,,,,https://www.invitationhomes.com/houses-for-rent/43424-w-cowpath-rd-85138-89859,2026-09-03,2026-09-09,AZ,Maricopa,,,,,43424-w-cowpath-rd-85138-89859
2026-09-09,INVH,Phoenix,"7315 W Magdalena Ln, Laveen, AZ, 85339",Phoenix,INVH-7315-w-magdalena-ln-85339-90664,4,2.5,1905,2465.0,2026-10-02,19 months,False,,,,,,,,https://www.invitationhomes.com/houses-for-rent/7315-w-magdalena-ln-85339-90664,2026-08-23,2026-09-09,AZ,Laveen,,,,,7315-w-magdalena-ln-85339-90664
2026-09-09,INVH,Phoenix,"7827 S Kelsie Dr, Laveen, AZ, 85339",Phoenix,INVH-7827-s-kelsie-dr-laveen-az-85339,4,2.5,1967,2140.0,2026-09-09,19 months,False,,,,,,,,https://www.invitationhomes.com/houses-for-rent/7827-s-kelsie-dr-laveen-az-85339,2026-07-19,2026-09-09,AZ,Laveen,,,,,7827-s-kelsie-dr-laveen-az-85339
2026-09-09,INVH,Phoenix,"6446 W Valencia Dr, Laveen, AZ, 85339",Phoenix,INVH-6446-w-valencia-dr-laveen-az-85339,3,2.5,1430,1849.0,2026-09-09,19 months,False,,,,,,,,https://www.invitationhomes.com/houses-for-rent/6446-w-valencia-dr-laveen-az-85339,2026-08-16,2026-09-09,AZ,Laveen,,,,,6446-w-valencia-dr-laveen-az-85339
2026-09-09,INVH,Phoenix,"7713 W Glass Ln, Laveen, AZ, 85339",Phoenix,INVH-7713-w-glass-ln-85339-87214,4,3.0,1891,2310.0,2026-10-16,19 months,False,,,,,,,,https://www.invitationhomes.com/houses-for-rent/7713-w-glass-ln-85339-87214,2026-09-03,2026-09-09,AZ,Laveen,,,,,7713-w-glass-ln-85339-87214
2026-09-09,INVH,Phoenix,"7343 W St Charles Ave, Laveen, AZ, 85339",Phoenix,INVH-7343-w-st-charles-ave-85339-1264,4,2.5,2220,2475.0,2026-09-20,19 months,False,,,,,,,,https://www.invitationhomes.com/houses-for-rent/7343-w-st-charles-ave-85339-1264,2026-09-03,2026-09-09,AZ,Laveen,,,,,7343-w-st-charles-ave-85339-1264
2026-09-09,INVH,Phoenix,"4614 W Valencia Dr, Laveen, AZ, 85339",Phoenix,INVH-4614-w-valencia-dr-85339-2547,4,2.5,2056,2240.0,2026-09-19,19 months,False,,,,,,,,https://www.invitationhomes.com/houses-for-rent/4614-w-valencia-dr-85339-2547,2026-07-19,2026-09-09,AZ,Laveen,,,,,4614-w-valencia-dr-85339-2547
2026-09-09,INVH,Phoenix,"5413 W Park St, Laveen, AZ, 85339",Phoenix,INVH-5413-w-park-st-85339-6158,3,2.0,1506,1985.0,2026-10-14,19 months,False,,,,,,,,https://www.invitationhomes.com/houses-for-rent/5413-w-park-st-85339-6158,2026-09-03,2026-09-09,AZ,Laveen,,,,,5413-w-park-st-85339-6158
2026-09-09,INVH,Phoenix,"5216 W Shumway Farm Rd, Laveen, AZ, 85339",Phoenix,INVH-5216-w-shumway-farm-rd-85339-89345,3,2.0,1488,2030.0,2026-10-15,19 months,False,,,,,,,,https://www.invitationhomes.com/houses-for-rent/5216-w-shumway-farm-rd-85339-89345,2026-09-03,2026-09-09,AZ,Laveen,,,,,5216-w-shumway-farm-rd-85339-89345
2026-09-09,INVH,Phoenix,"5432 W Apollo Rd, Laveen, AZ, 85339",Phoenix,INVH-5432-w-apollo-rd-laveen-az-85339,4,2.5,3674,2795.0,2026-09-09,19 months,False,,,,,,,,https://www.invitationhomes.com/houses-for-rent/5432-w-apollo-rd-laveen-az-85339,2026-07-19,2026-09-09,AZ,Laveen,,,,,5432-w-apollo-rd-laveen-az-85339
2026-09-09,INVH,Phoenix,"4921 W St Anne Ave, Laveen, AZ, 85339",Phoenix,INVH-4921-w-st-anne-ave-85339-91083,3,2.0,1552,2125.0,2026-09-25,19 months,False,,,,,,,,https://www.invitationhomes.com/houses-for-rent/4921-w-st-anne-ave-85339-91083,2026-08-16,2026-09-09,AZ,Laveen,,,,,4921-w-st-anne-ave-85339-91083
2026-09-09,INVH,Phoenix,"4423 W Ellis St, Laveen, AZ, 85339",Phoenix,INVH-4423-w-ellis-st-laveen-az-85339,3,2.0,1835,2095.0,2026-10-12,19 months,False,,,,,,,,https://www.invitationhomes.com/houses-for-rent/4423-w-ellis-st-laveen-az-85339,2026-09-03,2026-09-09,AZ,Laveen,,,,,4423-w-ellis-st-laveen-az-85339
2026-09-09,INVH,Phoenix,"4210 W Irwin Ave, Phoenix, AZ, 85041",Phoenix,INVH-4210-w-irwin-ave-85041-88886,3,2.5,1616,2140.0,2026-10-20,19 months,False,,,,,,,,https://www.invitationhomes.com/houses-for-rent/4210-w-irwin-ave-85041-88886,2026-09-06,2026-09-09,AZ,Phoenix,,,,,4210-w-irwin-ave-85041-88886
2026-09-09,INVH,Phoenix,"46124 W Sheridan Rd, Maricopa, AZ, 85139",Phoenix,INVH-46124-w-sheridan-rd-maricopa-az-85139,3,2.0,1350,1520.0,2026-09-09,19 months,False,,,,,,,,https://www.invitationhomes.com/houses-for-rent/46124-w-sheridan-rd-maricopa-az-85139,2026-07-19,2026-09-09,AZ,Maricopa,,,,,46124-w-sheridan-rd-maricopa-az-85139
2026-09-09,INVH,Phoenix,"45667 W Tucker Rd, Maricopa, AZ, 85139",Phoenix,INVH-45667-w-tucker-rd-maricopa-az-85139,4,2.5,3212,2245.0,2026-09-30,19 months,False,,,,,,,,https://www.invitationhomes.com/houses-for-rent/45667-w-tucker-rd-maricopa-az-85139,2026-08-16,2026-09-09,AZ,Maricopa,,,,,45667-w-tucker-rd-maricopa-az-85139
2026-09-09,INVH,Phoenix,"43927 W Caven Dr, Maricopa, AZ, 85138",Phoenix,INVH-43927-w-caven-dr-85138-90178,4,3.0,2228,2265.0,2026-10-12,19 months,False,,,,,,,,https://www.invitationhomes.com/houses-for-rent/43927-w-caven-dr-85138-90178,2026-09-03,2026-09-09,AZ,Maricopa,,,,,43927-w-caven-dr-85138-90178
2026-09-09,INVH,Phoenix,"43935 W Wild Horse Trl, Maricopa, AZ, 85138",Phoenix,INVH-43935-w-wild-horse-trl-85138-89629,4,2.5,2013,1910.0,2026-10-18,19 months,False,,,,,,,,https://www.invitationhomes.com/houses-for-rent/43935-w-wild-horse-trl-85138-89629,2026-09-03,2026-09-09,AZ,Maricopa,,,,,43935-w-wild-horse-trl-85138-89629
2026-09-09,INVH,Phoenix,"44717 W Portabello Rd, Maricopa, AZ, 85139",Phoenix,INVH-44717-w-portabello-rd-85139-87371,4,2.0,1754,1915.0,2026-09-09,19 months,False,,,,,,,,https://www.invitationhomes.com/houses-for-rent/44717-w-portabello-rd-85139-87371,2026-08-16,2026-09-09,AZ,Maricopa,,,,,44717-w-portabello-rd-85139-87371
2026-09-09,INVH,Phoenix,"42366 W Bunker Dr, Maricopa, AZ, 85138",Phoenix,INVH-42366-w-bunker-dr-85138-89024,4,2.0,1674,1835.0,2026-09-09,19 months,False,,,,,,,,https://www.invitationhomes.com/houses-for-rent/42366-w-bunker-dr-85138-89024,2026-08-23,2026-09-09,AZ,Maricopa,,,,,42366-w-bunker-dr-85138-89024
2026-09-09,INVH,Phoenix,"41619 W Corvalis Ln, Maricopa, AZ, 85138",Phoenix,INVH-41619-w-corvalis-ln-85138-89131,3,2.0,1464,1749.0,2026-09-09,19 months,False,,,,,,,,https://www.invitationhomes.com/houses-for-rent/41619-w-corvalis-ln-85138-89131,2026-08-23,2026-09-09,AZ,Maricopa,,,,,41619-w-corvalis-ln-85138-89131
2026-09-09,INVH,Phoenix,"37977 W Merced St, Maricopa, AZ, 85138",Phoenix,INVH-37977-w-merced-st-85138-92340,4,2.0,1831,1980.0,2026-10-17,19 months,False,,,,,,,,https://www.invitationhomes.com/houses-for-rent/37977-w-merced-st-85138-92340,2026-09-03,2026-09-09,AZ,Maricopa,,,,,37977-w-merced-st-85138-92340
2026-09-09,INVH,Phoenix,"41640 W Sunland Dr, Maricopa, AZ, 85138",Phoenix,INVH-41640-w-sunland-dr-85138-89302,4,2.5,2200,2075.0,2026-09-09,19 months,False,,,,,,,,https://www.invitationhomes.com/houses-for-rent/41640-w-sunland-dr-85138-89302,2026-08-02,2026-09-09,AZ,Maricopa,,,,,41640-w-sunland-dr-85138-89302
2026-09-09,INVH,Phoenix,"16205 S 17th Dr, Phoenix, AZ, 85045",Phoenix,INVH-16205-s-17th-dr-85045-87425,3,2.5,1839,2385.0,2026-09-21,19 months,False,,,,,,,,https://www.invitationhomes.com/houses-for-rent/16205-s-17th-dr-85045-87425,2026-08-10,2026-09-09,AZ,Phoenix,,,,,16205-s-17th-dr-85045-87425
2026-09-09,INVH,Phoenix,"3713 W Glass Ln, Phoenix, AZ, 85041",Phoenix,INVH-3713-w-glass-ln-85041-88188,4,2.0,1737,2315.0,2026-10-09,19 months,False,,,,,,,,https://www.invitationhomes.com/houses-for-rent/3713-w-glass-ln-85041-88188,2026-09-03,2026-09-09,AZ,Phoenix,,,,,3713-w-glass-ln-85041-88188
2026-09-09,INVH,Phoenix,"3219 W Maldonado Rd, Phoenix, AZ, 85041",Phoenix,INVH-3219-w-maldonado-rd-85041-2427,4,3.0,2282,2420.0,2026-09-09,19 months,False,,,,,,,,https://www.invitationhomes.com/houses-for-rent/3219-w-maldonado-rd-85041-2427,2026-08-02,2026-09-09,AZ,Phoenix,,,,,3219-w-maldonado-rd-85041-2427
2026-09-09,INVH,Phoenix,"3529 W Chambers Street, Phoenix, AZ, 85041",Phoenix,INVH-3529-w-chambers-street-85041-99988,4,2.0,2298,1995.0,2026-10-05,19 months,False,,,,,,,,https://www.invitationhomes.com/houses-for-rent/3529-w-chambers-street-85041-99988,2026-08-23,2026-09-09,AZ,Phoenix,,,,,3529-w-chambers-street-85041-99988
2026-09-09,INVH,Phoenix,"6826 S 30th Ln, Phoenix, AZ, 85041",Phoenix,INVH-6826-s-30th-ln-phoenix-az-85041,3,2.0,1900,2180.0,2026-09-09,19 months,False,,,,,,,,https://www.invitationhomes.com/houses-for-rent/6826-s-30th-ln-phoenix-az-85041,2026-07-19,2026-09-09,AZ,Phoenix,,,,,6826-s-30th-ln-phoenix-az-85041
2026-09-09,INVH,Phoenix,"2614 W Apollo Rd, Phoenix, AZ, 85041",Phoenix,INVH-2614-w-apollo-rd-phoenix-az-85041,3,2.0,2186,2135.0,2026-09-09,19 months,False,,,,,,,,https://www.invitationhomes.com/houses-for-rent/2614-w-apollo-rd-phoenix-az-85041,2026-07-19,2026-09-09,AZ,Phoenix,,,,,2614-w-apollo-rd-phoenix-az-85041
2026-09-09,INVH,Phoenix,"2745 W Pecan Rd, Phoenix, AZ, 85041",Phoenix,INVH-2745-w-pecan-rd-phoenix-az-85041,4,2.0,1516,2099.0,2026-09-23,19 months,False,,,,,,,,https://www.invitationhomes.com/houses-for-rent/2745-w-pecan-rd-phoenix-az-85041,2026-08-16,2026-09-09,AZ,Phoenix,,,,,2745-w-pecan-rd-phoenix-az-85041
2026-09-09,INVH,Phoenix,"5726 S 27Th Dr, Phoenix, AZ, 85041",Phoenix,INVH-5726-s-27th-dr-85041-100520,4,2.0,1746,2395.0,2026-09-23,19 months,False,,,,,,,,https://www.invitationhomes.com/houses-for-rent/5726-s-27th-dr-85041-100520,2026-08-10,2026-09-09,AZ,Phoenix,,,,,5726-s-27th-dr-85041-100520
2026-09-09,INVH,Phoenix,"2841 W La Salle St, Phoenix, AZ, 85041",Phoenix,INVH-2841-w-la-salle-st-phoenix-az-85041,3,2.0,1310,1895.0,2026-09-09,19 months,False,,,,,,,,https://www.invitationhomes.com/houses-for-rent/2841-w-la-salle-st-phoenix-az-85041,2026-08-16,2026-09-09,AZ,Phoenix,,,,,2841-w-la-salle-st-phoenix-az-85041
2026-09-09,INVH,Phoenix,"114 E Beth Dr, Phoenix, AZ, 85042",Phoenix,INVH-114-e-beth-dr-85042-6857,3,2.0,1327,2075.0,2026-09-09,19 months,False,,,,,,,,https://www.invitationhomes.com/houses-for-rent/114-e-beth-dr-85042-6857,2026-07-19,2026-09-09,AZ,Phoenix,,,,,114-e-beth-dr-85042-6857
2026-09-09,INVH,Phoenix,"8122 S 2Nd Dr, Phoenix, AZ, 85041",Phoenix,INVH-8122-s-2nd-dr-85041-101400,3,2.0,1299,1899.0,2026-09-09,19 months,False,,,,,,,,https://www.invitationhomes.com/houses-for-rent/8122-s-2nd-dr-85041-101400,2026-08-16,2026-09-09,AZ,Phoenix,,,,,8122-s-2nd-dr-85041-101400
2026-09-09,INVH,Phoenix,"1840 West Pollack St, Phoenix, AZ, 85041",Phoenix,INVH-1840-west-pollack-st-85041-112257,4,2.5,2079,2099.0,2026-09-09,19 months,False,,,,,,,,https://www.invitationhomes.com/houses-for-rent/1840-west-pollack-st-85041-112257,2026-08-10,2026-09-09,AZ,Phoenix,,,,,1840-west-pollack-st-85041-112257
2026-09-09,INVH,Phoenix,"1628 W Minton St, Phoenix, AZ, 85041",Phoenix,INVH-1628-w-minton-st-phoenix-az-85041,3,2.0,1337,1990.0,2026-09-09,19 months,False,,,,,,,,https://www.invitationhomes.com/houses-for-rent/1628-w-minton-st-phoenix-az-85041,2026-07-19,2026-09-09,AZ,Phoenix,,,,,1628-w-minton-st-phoenix-az-85041
2026-09-09,INVH,Phoenix,"2015 W Carson Road, Phoenix, AZ, 85041",Phoenix,INVH-2015-w-carson-road-85041-100843,4,2.0,2519,2395.0,2026-09-09,19 months,False,,,,,,,,https://www.invitationhomes.com/houses-for-rent/2015-w-carson-road-85041-100843,2026-08-23,2026-09-09,AZ,Phoenix,,,,,2015-w-carson-road-85041-100843
2026-09-09,INVH,Phoenix,"7223 S 3rd Ave, Phoenix, AZ, 85041",Phoenix,INVH-7223-s-3rd-ave-85041-3433,3,2.0,1370,2049.0,2026-09-09,19 months,False,,,,,,,,https://www.invitationhomes.com/houses-for-rent/7223-s-3rd-ave-85041-3433,2026-07-19,2026-09-09,AZ,Phoenix,,,,,7223-s-3rd-ave-85041-3433
2026-09-09,INVH,Phoenix,"16441 S 10th St, Phoenix, AZ, 85048",Phoenix,INVH-16441-s-10th-st-85048-86864,4,2.5,2123,2595.0,2026-09-30,19 months,False,,,,,,,,https://www.invitationhomes.com/houses-for-rent/16441-s-10th-st-85048-86864,2026-08-16,2026-09-09,AZ,Phoenix,,,,,16441-s-10th-st-85048-86864
2026-09-09,INVH,Phoenix,"1143 E Caldwell St, Phoenix, AZ, 85042",Phoenix,INVH-1143-e-caldwell-st-phoenix-az-85042,4,2.5,1784,2445.0,2026-09-30,19 months,False,,,,,,,,https://www.invitationhomes.com/houses-for-rent/1143-e-caldwell-st-phoenix-az-85042,2026-08-23,2026-09-09,AZ,Phoenix,,,,,1143-e-caldwell-st-phoenix-az-85042
2026-09-09,INVH,Phoenix,"8039 S 24th St, Phoenix, AZ, 85042",Phoenix,INVH-8039-s-24th-st-phoenix-az-85042,4,2.0,1232,1885.0,2026-10-18,19 months,False,,,,,,,,https://www.invitationhomes.com/houses-for-rent/8039-s-24th-st-phoenix-az-85042,2026-09-03,2026-09-09,AZ,Phoenix,,,,,8039-s-24th-st-phoenix-az-85042
2026-09-09,INVH,Phoenix,"7529 S 14th St, Phoenix, AZ, 85042",Phoenix,INVH-7529-s-14th-st-85042-1349,3,2.5,1464,2140.0,2026-09-27,19 months,False,,,,,,,,https://www.invitationhomes.com/houses-for-rent/7529-s-14th-st-85042-1349,2026-08-16,2026-09-09,AZ,Phoenix,,,,,7529-s-14th-st-85042-1349
2026-09-09,INVH,Phoenix,"4712 E Carson Rd, Phoenix, AZ, 85042",Phoenix,INVH-4712-e-carson-rd-phoenix-az-85042,3,1.75,1122,1895.0,2026-09-29,19 months,False,,,,,,,,https://www.invitationhomes.com/houses-for-rent/4712-e-carson-rd-phoenix-az-85042,2026-08-16,2026-09-09,AZ,Phoenix,,,,,4712-e-carson-rd-phoenix-az-85042
2026-09-09,INVH,Phoenix,"2710 W Minton Dr, Tempe, AZ, 85282",Phoenix,INVH-2710-w-minton-dr-85282-100223,3,2.0,1596,2295.0,2026-09-09,19 months,False,,,,,,,,https://www.invitationhomes.com/houses-for-rent/2710-w-minton-dr-85282-100223,2026-07-19,2026-09-09,AZ,Tempe,,,,,2710-w-minton-dr-85282-100223
2026-09-09,INVH,Phoenix,"4434 E Alta Vista Rd, Phoenix, AZ, 85042",Phoenix,INVH-4434-e-alta-vista-rd-phoenix-az-85042,4,2.0,1632,2099.0,2026-09-09,19 months,False,,,,,,,,https://www.invitationhomes.com/houses-for-rent/4434-e-alta-vista-rd-phoenix-az-85042,2026-09-06,2026-09-09,AZ,Phoenix,,,,,4434-e-alta-vista-rd-phoenix-az-85042
2026-09-09,INVH,Phoenix,"5829 S 42Nd St, Phoenix, AZ, 85040",Phoenix,INVH-5829-s-42nd-st-85040-101253,3,2.0,1320,2095.0,2026-09-09,19 months,False,,,,,,,,https://www.invitationhomes.com/houses-for-rent/5829-s-42nd-st-85040-101253,2026-07-19,2026-09-09,AZ,Phoenix,,,,,5829-s-42nd-st-85040-101253
2026-09-09,INVH,Phoenix,"2125 W Chicago St, Chandler, AZ, 85224",Phoenix,INVH-2125-w-chicago-st-85224-3042,3,2.0,1044,2075.0,2026-09-12,19 months,False,,,,,,,,https://www.invitationhomes.com/houses-for-rent/2125-w-chicago-st-85224-3042,2026-08-23,2026-09-09,AZ,Chandler,,,,,2125-w-chicago-st-85224-3042
2026-09-09,INVH,Phoenix,"714 W Detroit Street, Chandler, AZ, 85225",Phoenix,INVH-714-w-detroit-street-85225-101553,4,2.0,1792,2495.0,2026-10-02,19 months,False,,,,,,,,https://www.invitationhomes.com/houses-for-rent/714-w-detroit-street-85225-101553,2026-09-03,2026-09-09,AZ,Chandler,,,,,714-w-detroit-street-85225-101553
2026-09-09,INVH,Phoenix,"1263 S Bogle Ct, Chandler, AZ, 85286",Phoenix,INVH-1263-s-bogle-ct-chandler-az-85286,3,2.0,1824,2245.0,2026-09-09,19 months,False,,,,,,,,https://www.invitationhomes.com/houses-for-rent/1263-s-bogle-ct-chandler-az-85286,2026-08-10,2026-09-09,AZ,Chandler,,,,,1263-s-bogle-ct-chandler-az-85286
2026-09-09,INVH,Phoenix,"2460 East Wildhorse Pl, Chandler, AZ, 85286",Phoenix,INVH-2460-east-wildhorse-pl-85286-112299,4,2.5,1696,2295.0,2026-09-17,19 months,False,,,,,,,,https://www.invitationhomes.com/houses-for-rent/2460-east-wildhorse-pl-85286-112299,2026-08-10,2026-09-09,AZ,Chandler,,,,,2460-east-wildhorse-pl-85286-112299
2026-09-09,INVH,Phoenix,"2451 E Remington Place, Chandler, AZ, 85286",Phoenix,INVH-2451-e-remington-place-85286-99719,3,2.0,1406,2295.0,2026-10-12,19 months,False,,,,,,,,https://www.invitationhomes.com/houses-for-rent/2451-e-remington-place-85286-99719,2026-09-03,2026-09-09,AZ,Chandler,,,,,2451-e-remington-place-85286-99719
2026-09-09,INVH,Phoenix,"263 S Jesse St, Chandler, AZ, 85225",Phoenix,INVH-263-s-jesse-st-chandler-az-85225,3,2.0,1594,2420.0,2026-10-12,19 months,False,,,,,,,,https://www.invitationhomes.com/houses-for-rent/263-s-jesse-st-chandler-az-85225,2026-09-03,2026-09-09,AZ,Chandler,,,,,263-s-jesse-st-chandler-az-85225
2026-09-09,INVH,Phoenix,"6420 W Monterey St, Chandler, AZ, 85226",Phoenix,INVH-6420-w-monterey-st-chandler-az-85226,3,2.0,1162,2095.0,2026-10-13,19 months,False,,,,,,,,https://www.invitationhomes.com/houses-for-rent/6420-w-monterey-st-chandler-az-85226,2026-09-09,2026-09-09,AZ,Chandler,,,,,6420-w-monterey-st-chandler-az-85226
2026-09-09,INVH,Phoenix,"3859 W Harrison St, Chandler, AZ, 85226",Phoenix,INVH-3859-w-harrison-st-85226-3111,3,2.0,1554,2240.0,2026-09-10,19 months,False,,,,,,,,https://www.invitationhomes.com/houses-for-rent/3859-w-harrison-st-85226-3111,2026-08-02,2026-09-09,AZ,Chandler,,,,,3859-w-harrison-st-85226-3111
2026-09-09,INVH,Phoenix,"902 W Westchester Ave, Tempe, AZ, 85283",Phoenix,INVH-902-w-westchester-ave-tempe-az-85283,4,2.0,1382,2115.0,2026-09-09,19 months,False,,,,,,,,https://www.invitationhomes.com/houses-for-rent/902-w-westchester-ave-tempe-az-85283,2026-08-10,2026-09-09,AZ,Tempe,,,,,902-w-westchester-ave-tempe-az-85283
2026-09-09,INVH,Phoenix,"805 W Harvard Dr, Tempe, AZ, 85283",Phoenix,INVH-805-w-harvard-dr-85283-9462,3,2.0,1238,2175.0,2026-09-27,19 months,False,,,,,,,,https://www.invitationhomes.com/houses-for-rent/805-w-harvard-dr-85283-9462,2026-08-16,2026-09-09,AZ,Tempe,,,,,805-w-harvard-dr-85283-9462
2026-09-09,INVH,Phoenix,"420 E Tulane Dr, Tempe, AZ, 85283",Phoenix,INVH-420-e-tulane-dr-85283-83610,3,2.0,1398,2390.0,2026-09-09,19 months,False,,,,,,,,https://www.invitationhomes.com/houses-for-rent/420-e-tulane-dr-85283-83610,2026-07-19,2026-09-09,AZ,Tempe,,,,,420-e-tulane-dr-85283-83610
2026-09-09,INVH,Phoenix,"4823 S Roberts Rd, Tempe, AZ, 85282",Phoenix,INVH-4823-s-roberts-rd-85282-100647,3,2.0,1338,2315.0,2026-10-15,19 months,False,,,,,,,,https://www.invitationhomes.com/houses-for-rent/4823-s-roberts-rd-85282-100647,2026-09-03,2026-09-09,AZ,Tempe,,,,,4823-s-roberts-rd-85282-100647
2026-09-09,INVH,Phoenix,"213 E Carson Cir, Tempe, AZ, 85282",Phoenix,INVH-213-e-carson-cir-85282-100412,4,2.0,2880,2725.0,2026-09-12,19 months,False,,,,,,,,https://www.invitationhomes.com/houses-for-rent/213-e-carson-cir-85282-100412,2026-05-24,2026-09-09,AZ,Tempe,,,,,213-e-carson-cir-85282-100412
2026-09-09,INVH,Phoenix,"436 W La Jolla Drive, Tempe, AZ, 85282",Phoenix,INVH-436-w-la-jolla-drive-85282-101813,3,3.0,1425,2285.0,2026-09-19,19 months,False,,,,,,,,https://www.invitationhomes.com/houses-for-rent/436-w-la-jolla-drive-85282-101813,2026-08-10,2026-09-09,AZ,Tempe,,,,,436-w-la-jolla-drive-85282-101813
2026-09-09,INVH,Phoenix,"420 E Hermosa Dr, Tempe, AZ, 85282",Phoenix,INVH-420-e-hermosa-dr-85282-7220,3,2.0,1642,2325.0,2026-09-09,19 months,False,,,,,,,,https://www.invitationhomes.com/houses-for-rent/420-e-hermosa-dr-85282-7220,2026-08-02,2026-09-09,AZ,Tempe,,,,,420-e-hermosa-dr-85282-7220
2026-09-09,INVH,Phoenix,"617 E La Jolla Drive, Tempe, AZ, 85282",Phoenix,INVH-617-e-la-jolla-drive-85282-100118,3,2.0,1466,2495.0,2026-09-30,19 months,False,,,,,,,,https://www.invitationhomes.com/houses-for-rent/617-e-la-jolla-drive-85282-100118,2026-08-16,2026-09-09,AZ,Tempe,,,,,617-e-la-jolla-drive-85282-100118
2026-09-09,INVH,Phoenix,"2047 E Cornell Dr, Tempe, AZ, 85283",Phoenix,INVH-2047-e-cornell-dr-85283-9248,3,2.0,1642,2360.0,2026-09-09,24 months,False,,,,,,,,https://www.invitationhomes.com/houses-for-rent/2047-e-cornell-dr-85283-9248,2026-07-19,2026-09-09,AZ,Tempe,,,,,2047-e-cornell-dr-85283-9248
2026-09-09,INVH,Phoenix,"943 E Manhatton Dr, Tempe, AZ, 85282",Phoenix,INVH-943-e-manhatton-dr-85282-6762,4,3.5,2309,3395.0,2026-09-09,19 months,False,,,,,,,,https://www.invitationhomes.com/houses-for-rent/943-e-manhatton-dr-85282-6762,2026-06-14,2026-09-09,AZ,Tempe,,,,,943-e-manhatton-dr-85282-6762
2026-09-09,INVH,Phoenix,"3410 S Terrace Rd, Tempe, AZ, 85282",Phoenix,INVH-3410-s-terrace-rd-85282-8703,4,2.0,1771,3095.0,2026-09-09,19 months,False,,,,,,,,https://www.invitationhomes.com/houses-for-rent/3410-s-terrace-rd-85282-8703,2026-07-19,2026-09-09,AZ,Tempe,,,,,3410-s-terrace-rd-85282-8703
2026-09-09,INVH,Phoenix,"1140 E Malibu Dr, Tempe, AZ, 85282",Phoenix,INVH-1140-e-malibu-dr-85282-8116,4,2.0,1771,2895.0,2026-09-15,19 months,False,,,,,,,,https://www.invitationhomes.com/houses-for-rent/1140-e-malibu-dr-85282-8116,2026-08-02,2026-09-09,AZ,Tempe,,,,,1140-e-malibu-dr-85282-8116
2026-09-09,INVH,Phoenix,"1412 E Hermosa Dr, Tempe, AZ, 85282",Phoenix,INVH-1412-e-hermosa-dr-85282-8851,4,2.0,1980,2695.0,2026-09-09,19 months,False,,,,,,,,https://www.invitationhomes.com/houses-for-rent/1412-e-hermosa-dr-85282-8851,2026-07-19,2026-09-09,AZ,Tempe,,,,,1412-e-hermosa-dr-85282-8851
2026-09-09,INVH,Phoenix,"1265 E Del Rio Dr, Tempe, AZ, 85282",Phoenix,INVH-1265-e-del-rio-dr-tempe-az-85282,4,2.0,1904,2945.0,2026-09-18,19 months,False,,,,,,,,https://www.invitationhomes.com/houses-for-rent/1265-e-del-rio-dr-tempe-az-85282,2026-08-16,2026-09-09,AZ,Tempe,,,,,1265-e-del-rio-dr-tempe-az-85282
2026-09-09,INVH,Phoenix,"3029 S Country Club Way, Tempe, AZ, 85282",Phoenix,INVH-3029-s-country-club-way-85282-8361,3,2.0,1746,2935.0,2026-09-19,19 months,False,,,,,,,,https://www.invitationhomes.com/houses-for-rent/3029-s-country-club-way-85282-8361,2026-08-02,2026-09-09,AZ,Tempe,,,,,3029-s-country-club-way-85282-8361
2026-09-09,INVH,Phoenix,"2500 N Cholla St, Chandler, AZ, 85224",Phoenix,INVH-2500-n-cholla-st-85224-3040,3,2.0,1393,2425.0,2026-09-28,19 months,False,,,,,,,,https://www.invitationhomes.com/houses-for-rent/2500-n-cholla-st-85224-3040,2026-08-16,2026-09-09,AZ,Chandler,,,,,2500-n-cholla-st-85224-3040
2026-09-09,INVH,Phoenix,"1417 W Curry St, Chandler, AZ, 85224",Phoenix,INVH-1417-w-curry-st-chandler-az-85224,3,2.0,1300,2195.0,2026-09-09,19 months,False,,,,,,,,https://www.invitationhomes.com/houses-for-rent/1417-w-curry-st-chandler-az-85224,2026-07-19,2026-09-09,AZ,Chandler,,,,,1417-w-curry-st-chandler-az-85224
2026-09-09,INVH,Phoenix,"500 E Kent Ave, Chandler, AZ, 85225",Phoenix,INVH-500-e-kent-ave-85225-5853,3,2.0,1361,2370.0,2026-10-12,19 months,False,,,,,,,,https://www.invitationhomes.com/houses-for-rent/500-e-kent-ave-85225-5853,2026-09-03,2026-09-09,AZ,Chandler,,,,,500-e-kent-ave-85225-5853
2026-09-09,INVH,Phoenix,"520 E Kent Ave, Chandler, AZ, 85225",Phoenix,INVH-520-e-kent-ave-chandler-az-85225,3,2.0,1379,2345.0,2026-10-21,19 months,False,,,,,,,,https://www.invitationhomes.com/houses-for-rent/520-e-kent-ave-chandler-az-85225,2026-09-06,2026-09-09,AZ,Chandler,,,,,520-e-kent-ave-chandler-az-85225
2026-09-09,INVH,Phoenix,"1391 E Gary Dr, Chandler, AZ, 85225",Phoenix,INVH-1391-e-gary-dr-85225-1109,3,2.0,1599,2249.0,2026-09-16,19 months,False,,,,,,,,https://www.invitationhomes.com/houses-for-rent/1391-e-gary-dr-85225-1109,2026-08-02,2026-09-09,AZ,Chandler,,,,,1391-e-gary-dr-85225-1109
2026-09-09,INVH,Phoenix,"1430 E Sheffield Ave, Chandler, AZ, 85225",Phoenix,INVH-1430-e-sheffield-ave-chandler-az-85225,4,2.0,1634,2499.0,2026-09-27,19 months,False,,,,,,,,https://www.invitationhomes.com/houses-for-rent/1430-e-sheffield-ave-chandler-az-85225,2026-08-16,2026-09-09,AZ,Chandler,,,,,1430-e-sheffield-ave-chandler-az-85225
2026-09-09,INVH,Phoenix,"2110 N Ithica Street, Chandler, AZ, 85225",Phoenix,INVH-2110-n-ithica-street-85225-100899,4,2.0,1407,2195.0,2026-09-09,19 months,False,,,,,,,,https://www.invitationhomes.com/houses-for-rent/2110-n-ithica-street-85225-100899,2026-07-19,2026-09-09,AZ,Chandler,,,,,2110-n-ithica-street-85225-100899
2026-09-09,INVH,Phoenix,"302 S Quail Ln, Gilbert, AZ, 85233",Phoenix,INVH-302-s-quail-ln-gilbert-az-85233,5,3.5,3017,3120.0,2026-09-09,19 months,False,,,,,,,,https://www.invitationhomes.com/houses-for-rent/302-s-quail-ln-gilbert-az-85233,2026-08-10,2026-09-09,AZ,Gilbert,,,,,302-s-quail-ln-gilbert-az-85233
2026-09-09,INVH,Phoenix,"2343 W Portobello Ave, Mesa, AZ, 85202",Phoenix,INVH-2343-w-portobello-ave-mesa-az-85202,3,2.0,1540,2195.0,2026-09-09,19 months,False,,,,,,,,https://www.invitationhomes.com/houses-for-rent/2343-w-portobello-ave-mesa-az-85202,2026-06-14,2026-09-09,AZ,Mesa,,,,,2343-w-portobello-ave-mesa-az-85202
2026-09-09,INVH,Phoenix,"1642 W Plana Ave, Mesa, AZ, 85202",Phoenix,INVH-1642-w-plana-ave-mesa-az-85202,3,2.0,1288,2240.0,2026-09-25,19 months,False,,,,,,,,https://www.invitationhomes.com/houses-for-rent/1642-w-plana-ave-mesa-az-85202,2026-08-23,2026-09-09,AZ,Mesa,,,,,1642-w-plana-ave-mesa-az-85202
2026-09-09,INVH,Phoenix,"1446 E Forge Ave, Mesa, AZ, 85204",Phoenix,INVH-1446-e-forge-ave-mesa-az-85204,3,2.0,1650,2345.0,2026-10-19,19 months,False,,,,,,,,https://www.invitationhomes.com/houses-for-rent/1446-e-forge-ave-mesa-az-85204,2026-09-06,2026-09-09,AZ,Mesa,,,,,1446-e-forge-ave-mesa-az-85204
2026-09-09,INVH,Phoenix,"1056 S 200th Ln, Buckeye, AZ, 85326",Phoenix,INVH-1056-s-200th-ln-85326-91996,4,3.0,2326,2185.0,2026-09-09,19 months,False,,,,,,,,https://www.invitationhomes.com/houses-for-rent/1056-s-200th-ln-85326-91996,2026-07-19,2026-09-09,AZ,Buckeye,,,,,1056-s-200th-ln-85326-91996
2026-09-09,INVH,Phoenix,"18371 W Vista Norte St, Goodyear, AZ, 85338",Phoenix,INVH-18371-w-vista-norte-st-85338-90348,4,3.0,2123,2549.0,2026-10-14,19 months,False,,,,,,,,https://www.invitationhomes.com/houses-for-rent/18371-w-vista-norte-st-85338-90348,2026-09-03,2026-09-09,AZ,Goodyear,,,,,18371-w-vista-norte-st-85338-90348
2026-09-09,INVH,Phoenix,"4165 S 181st Ln, Goodyear, AZ, 85338",Phoenix,INVH-4165-s-181st-ln-85338-84766,4,2.0,1599,1945.0,2026-09-21,19 months,False,,,,,,,,https://www.invitationhomes.com/houses-for-rent/4165-s-181st-ln-85338-84766,2026-08-10,2026-09-09,AZ,Goodyear,,,,,4165-s-181st-ln-85338-84766
2026-09-09,INVH,Phoenix,"19304 W Madison St, Buckeye, AZ, 85326",Phoenix,INVH-19304-w-madison-st-85326-112389,3,2.0,1480,1895.0,2026-09-18,19 months,False,,,,,,,,https://www.invitationhomes.com/houses-for-rent/19304-w-madison-st-85326-112389,2026-08-10,2026-09-09,AZ,Buckeye,,,,,19304-w-madison-st-85326-112389
2026-09-09,INVH,Phoenix,"375 North 167th Dr, Goodyear, AZ, 85338",Phoenix,INVH-375-north-167th-dr-85338-112385,3,2.0,1716,2225.0,2026-09-28,19 months,False,,,,,,,,https://www.invitationhomes.com/houses-for-rent/375-north-167th-dr-85338-112385,2026-08-23,2026-09-09,AZ,Goodyear,,,,,375-north-167th-dr-85338-112385
2026-09-09,INVH,Phoenix,"16097 W Kendall St, Goodyear, AZ, 85338",Phoenix,INVH-16097-w-kendall-st-85338-85623,3,2.0,1522,1995.0,2026-09-09,19 months,False,,,,,,,,https://www.invitationhomes.com/houses-for-rent/16097-w-kendall-st-85338-85623,2026-07-19,2026-09-09,AZ,Goodyear,,,,,16097-w-kendall-st-85338-85623
2026-09-09,INVH,Phoenix,"16029 W Miami St, Goodyear, AZ, 85338",Phoenix,INVH-16029-w-miami-st-85338-9426,4,3.0,2226,2295.0,2026-10-12,19 months,False,,,,,,,,https://www.invitationhomes.com/houses-for-rent/16029-w-miami-st-85338-9426,2026-09-09,2026-09-09,AZ,Goodyear,,,,,16029-w-miami-st-85338-9426
2026-09-09,INVH,Phoenix,"2173 S 160Th Ln, Goodyear, AZ, 85338",Phoenix,INVH-2173-s-160th-ln-85338-101454,4,2.5,2232,1995.0,2026-09-09,19 months,False,,,,,,,,https://www.invitationhomes.com/houses-for-rent/2173-s-160th-ln-85338-101454,2026-06-14,2026-09-09,AZ,Goodyear,,,,,2173-s-160th-ln-85338-101454
2026-09-09,INVH,Phoenix,"15986 W Durango St, Goodyear, AZ, 85338",Phoenix,INVH-15986-w-durango-st-goodyear-az-85338,4,2.5,2232,2095.0,2026-09-09,19 months,False,,,,,,,,https://www.invitationhomes.com/houses-for-rent/15986-w-durango-st-goodyear-az-85338,2026-07-19,2026-09-09,AZ,Goodyear,,,,,15986-w-durango-st-goodyear-az-85338
2026-09-09,INVH,Phoenix,"15816 W Apache St, Goodyear, AZ, 85338",Phoenix,INVH-15816-w-apache-st-85338-88936,4,2.0,1912,2645.0,2026-10-15,19 months,False,,,,,,,,https://www.invitationhomes.com/houses-for-rent/15816-w-apache-st-85338-88936,2026-09-09,2026-09-09,AZ,Goodyear,,,,,15816-w-apache-st-85338-88936
2026-09-09,INVH,Phoenix,"15890 W Pima Street, Goodyear, AZ, 85338",Phoenix,INVH-15890-w-pima-street-85338-99734,4,2.0,1970,2140.0,2026-09-09,19 months,False,,,,,,,,https://www.invitationhomes.com/houses-for-rent/15890-w-pima-street-85338-99734,2026-07-19,2026-09-09,AZ,Goodyear,,,,,15890-w-pima-street-85338-99734
2026-09-09,INVH,Phoenix,"951 E Agua Fria Ln, Avondale, AZ, 85323",Phoenix,INVH-951-e-agua-fria-ln-avondale-az-85323,3,2.0,2078,2045.0,2026-10-22,19 months,False,,,,,,,,https://www.invitationhomes.com/houses-for-rent/951-e-agua-fria-ln-avondale-az-85323,2026-09-09,2026-09-09,AZ,Avondale,,,,,951-e-agua-fria-ln-avondale-az-85323
2026-09-09,INVH,Phoenix,"16238 W Monroe Street, Goodyear, AZ, 85338",Phoenix,INVH-16238-w-monroe-street-85338-99991,4,2.5,2282,2195.0,2026-10-13,19 months,False,,,,,,,,https://www.invitationhomes.com/houses-for-rent/16238-w-monroe-street-85338-99991,2026-09-03,2026-09-09,AZ,Goodyear,,,,,16238-w-monroe-street-85338-99991
2026-09-09,INVH,Phoenix,"16255 W Moreland St, Goodyear, AZ, 85338",Phoenix,INVH-16255-w-moreland-st-goodyear-az-85338,3,2.0,1591,1795.0,2026-09-09,19 months,False,,,,,,,,https://www.invitationhomes.com/houses-for-rent/16255-w-moreland-st-goodyear-az-85338,2026-07-19,2026-09-09,AZ,Goodyear,,,,,16255-w-moreland-st-goodyear-az-85338
2026-09-09,INVH,Phoenix,"16030 W Diamond Street, Goodyear, AZ, 85338",Phoenix,INVH-16030-w-diamond-street-85338-100710,3,2.0,1450,1885.0,2026-09-12,19 months,False,,,,,,,,https://www.invitationhomes.com/houses-for-rent/16030-w-diamond-street-85338-100710,2026-07-19,2026-09-09,AZ,Goodyear,,,,,16030-w-diamond-street-85338-100710
2026-09-09,INVH,Phoenix,"15265 W Monroe St, Goodyear, AZ, 85338",Phoenix,INVH-15265-w-monroe-st-85338-101278,4,2.0,1712,1990.0,2026-09-09,19 months,False,,,,,,,,https://www.invitationhomes.com/houses-for-rent/15265-w-monroe-st-85338-101278,2026-08-16,2026-09-09,AZ,Goodyear,,,,,15265-w-monroe-st-85338-101278
2026-09-09,INVH,Phoenix,"1018 S 4th Ave, Avondale, AZ, 85323",Phoenix,INVH-1018-s-4th-ave-avondale-az-85323,3,2.0,1678,2149.0,2026-10-12,19 months,False,,,,,,,,https://www.invitationhomes.com/houses-for-rent/1018-s-4th-ave-avondale-az-85323,2026-09-09,2026-09-09,AZ,Avondale,,,,,1018-s-4th-ave-avondale-az-85323
2026-09-09,INVH,Phoenix,"43 N 123Rd Dr, Avondale, AZ, 85323",Phoenix,INVH-43-n-123rd-dr-85323-101307,4,3.0,1914,2095.0,2026-10-15,19 months,False,,,,,,,,https://www.invitationhomes.com/houses-for-rent/43-n-123rd-dr-85323-101307,2026-09-03,2026-09-09,AZ,Avondale,,,,,43-n-123rd-dr-85323-101307
2026-09-09,INVH,Phoenix,"2686 N 131st Dr, Goodyear, AZ, 85395",Phoenix,INVH-2686-n-131st-dr-85395-87164,3,2.5,1683,2385.0,2026-09-28,19 months,False,,,,,,,,https://www.invitationhomes.com/houses-for-rent/2686-n-131st-dr-85395-87164,2026-08-16,2026-09-09,AZ,Goodyear,,,,,2686-n-131st-dr-85395-87164
2026-09-09,INVH,Phoenix,"12537 W Cambridge Ave, Avondale, AZ, 85392",Phoenix,INVH-12537-w-cambridge-ave-85392-3472,3,2.0,1290,2090.0,2026-10-14,19 months,False,,,,,,,,https://www.invitationhomes.com/houses-for-rent/12537-w-cambridge-ave-85392-3472,2026-09-03,2026-09-09,AZ,Avondale,,,,,12537-w-cambridge-ave-85392-3472
2026-09-09,INVH,Phoenix,"19609 W Roma Ave, Litchfield Park, AZ, 85340",Phoenix,INVH-19609-w-roma-ave-85340-93401,4,2.0,1967,2295.0,2026-09-09,19 months,False,,,,,,,,https://www.invitationhomes.com/houses-for-rent/19609-w-roma-ave-85340-93401,2026-09-06,2026-09-09,AZ,Litchfield Park,,,,,19609-w-roma-ave-85340-93401
2026-09-09,INVH,Phoenix,"5040 N 189th Gln, Litchfield Park, AZ, 85340",Phoenix,INVH-5040-n-189th-gl-85340-96047,4,2.5,2218,2349.0,2026-09-09,24 months,False,,,,,,,,https://www.invitationhomes.com/houses-for-rent/5040-n-189th-gl-85340-96047,2026-09-03,2026-09-09,AZ,Litchfield Park,,,,,5040-n-189th-gl-85340-96047
2026-09-09,INVH,Phoenix,"18923 W Pasadena Ave, Litchfield Park, AZ, 85340",Phoenix,INVH-18923-w-pasadena-ave-85340-96062,3,2.5,1970,2099.0,2026-09-09,24 months,False,,,,,,,,https://www.invitationhomes.com/houses-for-rent/18923-w-pasadena-ave-85340-96062,2026-08-02,2026-09-09,AZ,Litchfield Park,,,,,18923-w-pasadena-ave-85340-96062
2026-09-09,INVH,Phoenix,"18919 W Pasadena Ave, Litchfield Park, AZ, 85340",Phoenix,INVH-18919-w-pasadena-ave-85340-96084,4,2.5,2218,2299.0,2026-09-09,24 months,False,,,,,,,,https://www.invitationhomes.com/houses-for-rent/18919-w-pasadena-ave-85340-96084,2026-06-14,2026-09-09,AZ,Litchfield Park,,,,,18919-w-pasadena-ave-85340-96084
2026-09-09,INVH,Phoenix,"5005 N 189th Drive, Litchfield Park, AZ, 85340",Phoenix,INVH-5005-n-189th-drive-85340-96166,4,3.5,2332,2499.0,2026-09-09,24 months,False,,,,,,,,https://www.invitationhomes.com/houses-for-rent/5005-n-189th-drive-85340-96166,2026-09-03,2026-09-09,AZ,Litchfield Park,,,,,5005-n-189th-drive-85340-96166
2026-09-09,INVH,Phoenix,"5030 N 189th Dr, Litchfield Park, AZ, 85340",Phoenix,INVH-5030-n-189th-drive-85340-96042,3,2.5,1970,2225.0,2026-09-21,24 months,False,,,,,,,,https://www.invitationhomes.com/houses-for-rent/5030-n-189th-drive-85340-96042,2026-08-16,2026-09-09,AZ,Litchfield Park,,,,,5030-n-189th-drive-85340-96042
2026-09-09,INVH,Phoenix,"5038 N 189th Dr, Litchfield Park, AZ, 85340",Phoenix,INVH-5038-n-189th-drive-85340-96036,3,2.5,1970,2225.0,2026-09-30,24 months,False,,,,,,,,https://www.invitationhomes.com/houses-for-rent/5038-n-189th-drive-85340-96036,2026-08-16,2026-09-09,AZ,Litchfield Park,,,,,5038-n-189th-drive-85340-96036
2026-09-09,INVH,Phoenix,"5046 N 189th Drive, Litchfield Park, AZ, 85340",Phoenix,INVH-5046-n-189th-drive-85340-96087,3,2.5,1663,2075.0,2026-09-09,24 months,False,,,,,,,,https://www.invitationhomes.com/houses-for-rent/5046-n-189th-drive-85340-96087,2026-08-23,2026-09-09,AZ,Litchfield Park,,,,,5046-n-189th-drive-85340-96087
2026-09-09,INVH,Phoenix,"5050 N 189th Dr, Litchfield Park, AZ, 85340",Phoenix,INVH-5050-n-189th-drive-85340-96076,4,2.5,2218,2399.0,2026-10-12,24 months,False,,,,,,,,https://www.invitationhomes.com/houses-for-rent/5050-n-189th-drive-85340-96076,2026-09-03,2026-09-09,AZ,Litchfield Park,,,,,5050-n-189th-drive-85340-96076
2026-09-09,INVH,Phoenix,"18914 W Reade Ave, Litchfield Park, AZ, 85340",Phoenix,INVH-18914-w-reade-ave-85340-96072,4,3.5,2332,2499.0,2026-09-12,24 months,False,,,,,,,,https://www.invitationhomes.com/houses-for-rent/18914-w-reade-ave-85340-96072,2026-09-09,2026-09-09,AZ,Litchfield Park,,,,,18914-w-reade-ave-85340-96072
2026-09-09,INVH,Phoenix,"18908 W Reade Ave, Litchfield Park, AZ, 85340",Phoenix,INVH-18908-w-reade-ave-85340-96050,3,2.5,1970,2225.0,2026-09-09,24 months,False,,,,,,,,https://www.invitationhomes.com/houses-for-rent/18908-w-reade-ave-85340-96050,2026-08-02,2026-09-09,AZ,Litchfield Park,,,,,18908-w-reade-ave-85340-96050
2026-09-09,INVH,Phoenix,"18532 W Sanna St, Waddell, AZ, 85355",Phoenix,INVH-18532-w-sanna-st-waddell-az-85355,3,2.0,1526,1925.0,2026-09-20,19 months,False,,,,,,,,https://www.invitationhomes.com/houses-for-rent/18532-w-sanna-st-waddell-az-85355,2026-07-19,2026-09-09,AZ,Waddell,,,,,18532-w-sanna-st-waddell-az-85355
2026-09-09,INVH,Phoenix,"14317 W Weldon Ave, Goodyear, AZ, 85395",Phoenix,INVH-14317-w-weldon-ave-85395-88459,4,2.5,2111,2245.0,2026-09-12,19 months,False,,,,,,,,https://www.invitationhomes.com/houses-for-rent/14317-w-weldon-ave-85395-88459,2026-08-10,2026-09-09,AZ,Goodyear,,,,,14317-w-weldon-ave-85395-88459
2026-09-09,INVH,Phoenix,"4391 N 196th Ave, Litchfield Park, AZ, 85340",Phoenix,INVH-4391-n-196th-ave-85340-91981,4,2.0,1750,2090.0,2026-10-11,19 months,False,,,,,,,,https://www.invitationhomes.com/houses-for-rent/4391-n-196th-ave-85340-91981,2026-09-03,2026-09-09,AZ,Litchfield Park,,,,,4391-n-196th-ave-85340-91981
2026-09-09,INVH,Phoenix,"12838 W Apodaca Dr, Litchfield Park, AZ, 85340",Phoenix,INVH-12838-w-apodaca-dr-85340-2777,3,2.0,1524,1999.0,2026-09-30,19 months,False,,,,,,,,https://www.invitationhomes.com/houses-for-rent/12838-w-apodaca-dr-85340-2777,2026-08-16,2026-09-09,AZ,Litchfield Park,,,,,12838-w-apodaca-dr-85340-2777
2026-09-09,INVH,Phoenix,"12532 W Cercado Ln, Litchfield Park, AZ, 85340",Phoenix,INVH-12532-w-cercado-ln-85340-85299,4,3.0,1914,2385.0,2026-10-02,19 months,False,,,,,,,,https://www.invitationhomes.com/houses-for-rent/12532-w-cercado-ln-85340-85299,2026-08-23,2026-09-09,AZ,Litchfield Park,,,,,12532-w-cercado-ln-85340-85299
2026-09-09,INVH,Phoenix,"12656 W Orange Dr, Litchfield Park, AZ, 85340",Phoenix,INVH-12656-w-orange-dr-85340-85483,4,2.5,2232,2140.0,2026-09-09,19 months,False,,,,,,,,https://www.invitationhomes.com/houses-for-rent/12656-w-orange-dr-85340-85483,2026-08-10,2026-09-09,AZ,Litchfield Park,,,,,12656-w-orange-dr-85340-85483
2026-09-09,INVH,Phoenix,"12426 W Rancho Dr, Litchfield Park, AZ, 85340",Phoenix,INVH-12426-w-rancho-dr-85340-4398,4,2.0,1782,2045.0,2026-10-18,19 months,False,,,,,,,,https://www.invitationhomes.com/houses-for-rent/12426-w-rancho-dr-85340-4398,2026-09-03,2026-09-09,AZ,Litchfield Park,,,,,12426-w-rancho-dr-85340-4398
2026-09-09,INVH,Phoenix,"10410 W Illini St, Tolleson, AZ, 85353",Phoenix,INVH-10410-w-illini-st-85353-94644,4,3.0,2966,2645.0,2026-10-01,19 months,False,,,,,,,,https://www.invitationhomes.com/houses-for-rent/10410-w-illini-st-85353-94644,2026-08-23,2026-09-09,AZ,Tolleson,,,,,10410-w-illini-st-85353-94644
2026-09-09,INVH,Phoenix,"2125 S 114Th Lane, Avondale, AZ, 85323",Phoenix,INVH-2125-s-114th-lane-85323-100429,4,2.5,2376,2285.0,2026-09-09,19 months,False,,,,,,,,https://www.invitationhomes.com/houses-for-rent/2125-s-114th-lane-85323-100429,2026-08-02,2026-09-09,AZ,Avondale,,,,,2125-s-114th-lane-85323-100429
2026-09-09,INVH,Phoenix,"2122 S 114th Ave, Avondale, AZ, 85323",Phoenix,INVH-2122-s-114th-ave-avondale-az-85323,3,2.0,1553,1870.0,2026-09-09,19 months,False,,,,,,,,https://www.invitationhomes.com/houses-for-rent/2122-s-114th-ave-avondale-az-85323,2026-07-19,2026-09-09,AZ,Avondale,,,,,2122-s-114th-ave-avondale-az-85323
2026-09-09,INVH,Phoenix,"1418 S 122nd Ln, Avondale, AZ, 85323",Phoenix,INVH-1418-s-122nd-ln-85323-9727,4,2.5,2235,2295.0,2026-09-09,19 months,False,,,,,,,,https://www.invitationhomes.com/houses-for-rent/1418-s-122nd-ln-85323-9727,2026-08-23,2026-09-09,AZ,Avondale,,,,,1418-s-122nd-ln-85323-9727
2026-09-09,INVH,Phoenix,"12170 W Yavapai Ln, Avondale, AZ, 85323",Phoenix,INVH-12170-w-yavapai-ln-85323-7871,4,2.5,1856,2070.0,2026-09-09,19 months,False,,,,,,,,https://www.invitationhomes.com/houses-for-rent/12170-w-yavapai-ln-85323-7871,2026-06-09,2026-09-09,AZ,Avondale,,,,,12170-w-yavapai-ln-85323-7871
2026-09-09,INVH,Phoenix,"11577 W Yuma St, Avondale, AZ, 85323",Phoenix,INVH-11577-w-yuma-st-avondale-az-85323,3,2.0,2212,2085.0,2026-09-09,19 months,False,,,,,,,,https://www.invitationhomes.com/houses-for-rent/11577-w-yuma-st-avondale-az-85323,2026-07-19,2026-09-09,AZ,Avondale,,,,,11577-w-yuma-st-avondale-az-85323
2026-09-09,INVH,Phoenix,"11880 W Grant St, Avondale, AZ, 85323",Phoenix,INVH-11880-w-grant-st-avondale-az-85323,3,2.5,2528,2345.0,2026-09-26,19 months,False,,,,,,,,https://www.invitationhomes.com/houses-for-rent/11880-w-grant-st-avondale-az-85323,2026-08-10,2026-09-09,AZ,Avondale,,,,,11880-w-grant-st-avondale-az-85323
2026-09-09,INVH,Phoenix,"613 S 115th Dr, Avondale, AZ, 85323",Phoenix,INVH-613-s-115th-dr-avondale-az-85323,4,2.0,1896,2215.0,2026-10-20,19 months,False,,,,,,,,https://www.invitationhomes.com/houses-for-rent/613-s-115th-dr-avondale-az-85323,2026-09-06,2026-09-09,AZ,Avondale,,,,,613-s-115th-dr-avondale-az-85323
2026-09-09,INVH,Phoenix,"11322 W Hadley St, Avondale, AZ, 85323",Phoenix,INVH-11322-w-hadley-st-85323-3147,3,2.0,1399,1895.0,2026-09-12,19 months,False,,,,,,,,https://www.invitationhomes.com/houses-for-rent/11322-w-hadley-st-85323-3147,2026-08-02,2026-09-09,AZ,Avondale,,,,,11322-w-hadley-st-85323-3147
2026-09-09,INVH,Phoenix,"2812 S 100th Dr, Tolleson, AZ, 85353",Phoenix,INVH-2812-s-100th-dr-tolleson-az-85353,3,3.0,1461,1935.0,2026-10-12,19 months,False,,,,,,,,https://www.invitationhomes.com/houses-for-rent/2812-s-100th-dr-tolleson-az-85353,2026-09-03,2026-09-09,AZ,Tolleson,,,,,2812-s-100th-dr-tolleson-az-85353
2026-09-09,INVH,Phoenix,"10002 W Crown King Road, Tolleson, AZ, 85353",Phoenix,INVH-10002-w-crown-king-road-85353-100773,4,2.5,1995,2095.0,2026-09-16,19 months,False,,,,,,,,https://www.invitationhomes.com/houses-for-rent/10002-w-crown-king-road-85353-100773,2026-08-02,2026-09-09,AZ,Tolleson,,,,,10002-w-crown-king-road-85353-100773
2026-09-09,INVH,Phoenix,"8421 W Miami St, Tolleson, AZ, 85353",Phoenix,INVH-8421-w-miami-st-85353-6390,4,3.0,2884,2695.0,2026-10-12,19 months,False,,,,,,,,https://www.invitationhomes.com/houses-for-rent/8421-w-miami-st-85353-6390,2026-09-03,2026-09-09,AZ,Tolleson,,,,,8421-w-miami-st-85353-6390
2026-09-09,INVH,Phoenix,"8807 W Magnolia St, Tolleson, AZ, 85353",Phoenix,INVH-8807-w-magnolia-st-tolleson-az-85353,4,2.0,1662,2280.0,2026-10-07,19 months,False,,,,,,,,https://www.invitationhomes.com/houses-for-rent/8807-w-magnolia-st-tolleson-az-85353,2026-08-23,2026-09-09,AZ,Tolleson,,,,,8807-w-magnolia-st-tolleson-az-85353
2026-09-09,INVH,Phoenix,"2035 S 83Rd Lane, Tolleson, AZ, 85353",Phoenix,INVH-2035-s-83rd-lane-85353-100950,4,2.0,1619,1995.0,2026-09-09,19 months,False,,,,,,,,https://www.invitationhomes.com/houses-for-rent/2035-s-83rd-lane-85353-100950,2026-08-02,2026-09-09,AZ,Tolleson,,,,,2035-s-83rd-lane-85353-100950
2026-09-09,INVH,Phoenix,"112 S 120th Ave, Avondale, AZ, 85323",Phoenix,INVH-112-s-120th-ave-85323-89092,3,2.0,1524,2030.0,2026-10-22,19 months,False,,,,,,,,https://www.invitationhomes.com/houses-for-rent/112-s-120th-ave-85323-89092,2026-09-09,2026-09-09,AZ,Avondale,,,,,112-s-120th-ave-85323-89092
2026-09-09,INVH,Phoenix,"217 N 107Th Dr, Avondale, AZ, 85323",Phoenix,INVH-217-n-107th-dr-85323-99880,4,2.0,1872,2340.0,2026-10-09,19 months,False,,,,,,,,https://www.invitationhomes.com/houses-for-rent/217-n-107th-dr-85323-99880,2026-09-03,2026-09-09,AZ,Avondale,,,,,217-n-107th-dr-85323-99880
2026-09-09,INVH,Phoenix,"11967 W Holly St, Avondale, AZ, 85392",Phoenix,INVH-11967-w-holly-st-avondale-az-85392,4,2.0,2173,2340.0,2026-09-09,19 months,False,,,,,,,,https://www.invitationhomes.com/houses-for-rent/11967-w-holly-st-avondale-az-85392,2026-07-19,2026-09-09,AZ,Avondale,,,,,11967-w-holly-st-avondale-az-85392
2026-09-09,INVH,Phoenix,"10436 W Granada Rd, Avondale, AZ, 85392",Phoenix,INVH-10436-w-granada-rd-85392-8542,3,2.0,1389,1845.0,2026-09-09,19 months,False,,,,,,,,https://www.invitationhomes.com/houses-for-rent/10436-w-granada-rd-85392-8542,2026-08-02,2026-09-09,AZ,Avondale,,,,,10436-w-granada-rd-85392-8542
2026-09-09,INVH,Phoenix,"10549 West Alvarado Rd, Avondale, AZ, 85392",Phoenix,INVH-10549-west-alvarado-rd-85392-112266,4,2.5,2173,2285.0,2026-09-09,19 months,False,,,,,,,,https://www.invitationhomes.com/houses-for-rent/10549-west-alvarado-rd-85392-112266,2026-09-03,2026-09-09,AZ,Avondale,,,,,10549-west-alvarado-rd-85392-112266
2026-09-09,INVH,Phoenix,"10613 West La Reata Ave, Avondale, AZ, 85392",Phoenix,INVH-10613-west-la-reata-ave-85392-112268,4,2.0,1665,2235.0,2026-10-11,19 months,False,,,,,,,,https://www.invitationhomes.com/houses-for-rent/10613-west-la-reata-ave-85392-112268,2026-09-03,2026-09-09,AZ,Avondale,,,,,10613-west-la-reata-ave-85392-112268
2026-09-09,INVH,Phoenix,"2046 N 90th Ln, Phoenix, AZ, 85037",Phoenix,INVH-2046-n-90th-ln-phoenix-az-85037,3,2.0,1492,1890.0,2026-09-09,19 months,False,,,,,,,,https://www.invitationhomes.com/houses-for-rent/2046-n-90th-ln-phoenix-az-85037,2026-07-19,2026-09-09,AZ,Phoenix,,,,,2046-n-90th-ln-phoenix-az-85037
2026-09-09,INVH,Phoenix,"2031 N 83rd Dr, Phoenix, AZ, 85037",Phoenix,INVH-2031-n-83rd-dr-phoenix-az-85037,3,2.0,1231,1725.0,2026-09-09,19 months,False,,,,,,,,https://www.invitationhomes.com/houses-for-rent/2031-n-83rd-dr-phoenix-az-85037,2026-05-17,2026-09-09,AZ,Phoenix,,,,,2031-n-83rd-dr-phoenix-az-85037
2026-09-09,INVH,Phoenix,"8526 W Cambridge Ave, Phoenix, AZ, 85037",Phoenix,INVH-8526-w-cambridge-ave-phoenix-az-85037,4,3.0,1768,2175.0,2026-09-09,19 months,False,,,,,,,,https://www.invitationhomes.com/houses-for-rent/8526-w-cambridge-ave-phoenix-az-85037,2026-08-02,2026-09-09,AZ,Phoenix,,,,,8526-w-cambridge-ave-phoenix-az-85037
2026-09-09,INVH,Phoenix,"3068 N 87Th Ave, Phoenix, AZ, 85037",Phoenix,INVH-3068-n-87th-ave-85037-101533,3,2.0,1678,1995.0,2026-09-12,19 months,False,,,,,,,,https://www.invitationhomes.com/houses-for-rent/3068-n-87th-ave-85037-101533,2026-08-10,2026-09-09,AZ,Phoenix,,,,,3068-n-87th-ave-85037-101533
2026-09-09,INVH,Phoenix,"8416 W Monterey Way, Phoenix, AZ, 85037",Phoenix,INVH-8416-w-monterey-way-phoenix-az-85037,3,2.0,1360,1835.0,2026-09-09,19 months,False,,,,,,,,https://www.invitationhomes.com/houses-for-rent/8416-w-monterey-way-phoenix-az-85037,2026-08-02,2026-09-09,AZ,Phoenix,,,,,8416-w-monterey-way-phoenix-az-85037
2026-09-09,INVH,Phoenix,"6309 W Nez Perce Street, Phoenix, AZ, 85043",Phoenix,INVH-6309-w-nez-perce-street-85043-100863,3,2.0,1058,1745.0,2026-09-09,19 months,False,,,,,,,,https://www.invitationhomes.com/houses-for-rent/6309-w-nez-perce-street-85043-100863,2026-07-19,2026-09-09,AZ,Phoenix,,,,,6309-w-nez-perce-street-85043-100863
2026-09-09,INVH,Phoenix,"6333 W Cocopah St, Phoenix, AZ, 85043",Phoenix,INVH-6333-w-cocopah-st-phoenix-az-85043,3,1.75,1392,1795.0,2026-09-09,19 months,False,,,,,,,,https://www.invitationhomes.com/houses-for-rent/6333-w-cocopah-st-phoenix-az-85043,2026-07-19,2026-09-09,AZ,Phoenix,,,,,6333-w-cocopah-st-phoenix-az-85043
2026-09-09,INVH,Phoenix,"6025 W Odeum Ln, Phoenix, AZ, 85043",Phoenix,INVH-6025-w-odeum-ln-phoenix-az-85043,4,2.5,2225,2395.0,2026-10-12,19 months,False,,,,,,,,https://www.invitationhomes.com/houses-for-rent/6025-w-odeum-ln-phoenix-az-85043,2026-09-03,2026-09-09,AZ,Phoenix,,,,,6025-w-odeum-ln-phoenix-az-85043
2026-09-09,INVH,Phoenix,"6038 W Illini St, Phoenix, AZ, 85043",Phoenix,INVH-6038-w-illini-st-phoenix-az-85043,3,2.0,1343,1845.0,2026-09-11,19 months,False,,,,,,,,https://www.invitationhomes.com/houses-for-rent/6038-w-illini-st-phoenix-az-85043,2026-08-10,2026-09-09,AZ,Phoenix,,,,,6038-w-illini-st-phoenix-az-85043
2026-09-09,INVH,Phoenix,"3927 S 53Rd Drive, Phoenix, AZ, 85043",Phoenix,INVH-3927-s-53rd-drive-85043-100883,3,2.5,1452,1849.0,2026-09-09,19 months,False,,,,,,,,https://www.invitationhomes.com/houses-for-rent/3927-s-53rd-drive-85043-100883,2026-07-19,2026-09-09,AZ,Phoenix,,,,,3927-s-53rd-drive-85043-100883
2026-09-09,INVH,Phoenix,"5221 W Fulton St, Phoenix, AZ, 85043",Phoenix,INVH-5221-w-fulton-st-phoenix-az-85043,3,2.5,1353,1795.0,2026-09-09,19 months,False,,,,,,,,https://www.invitationhomes.com/houses-for-rent/5221-w-fulton-st-phoenix-az-85043,2026-07-19,2026-09-09,AZ,Phoenix,,,,,5221-w-fulton-st-phoenix-az-85043
2026-09-09,INVH,Phoenix,"5203 W Warner St, Phoenix, AZ, 85043",Phoenix,INVH-5203-w-warner-st-phoenix-az-85043,3,1.5,1286,1899.0,2026-10-12,19 months,False,,,,,,,,https://www.invitationhomes.com/houses-for-rent/5203-w-warner-st-phoenix-az-85043,2026-09-03,2026-09-09,AZ,Phoenix,,,,,5203-w-warner-st-phoenix-az-85043
2026-09-09,INVH,Phoenix,"117 N 65th Ln, Phoenix, AZ, 85043",Phoenix,INVH-117-n-65th-ln-phoenix-az-85043,3,2.5,1623,1799.0,2026-09-09,19 months,False,,,,,,,,https://www.invitationhomes.com/houses-for-rent/117-n-65th-ln-phoenix-az-85043,2026-08-02,2026-09-09,AZ,Phoenix,,,,,117-n-65th-ln-phoenix-az-85043
2026-09-09,INVH,Phoenix,"6626 W Polk St, Phoenix, AZ, 85043",Phoenix,INVH-6626-w-polk-st-85043-86802,3,2.5,1477,1799.0,2026-09-09,19 months,False,,,,,,,,https://www.invitationhomes.com/houses-for-rent/6626-w-polk-st-85043-86802,2026-07-19,2026-09-09,AZ,Phoenix,,,,,6626-w-polk-st-85043-86802
2026-09-09,INVH,Phoenix,"6638 W Taylor St, Phoenix, AZ, 85043",Phoenix,INVH-6638-w-taylor-st-phoenix-az-85043,3,2.0,1948,1845.0,2026-09-09,19 months,False,,,,,,,,https://www.invitationhomes.com/houses-for-rent/6638-w-taylor-st-phoenix-az-85043,2026-05-03,2026-09-09,AZ,Phoenix,,,,,6638-w-taylor-st-phoenix-az-85043
2026-09-09,INVH,Phoenix,"6614 W Hayes St, Phoenix, AZ, 85043",Phoenix,INVH-6614-w-hayes-st-phoenix-az-85043,3,2.5,1532,1749.0,2026-09-09,19 months,False,,,,,,,,https://www.invitationhomes.com/houses-for-rent/6614-w-hayes-st-phoenix-az-85043,2026-08-02,2026-09-09,AZ,Phoenix,,,,,6614-w-hayes-st-phoenix-az-85043
2026-09-09,INVH,Phoenix,"3007 N 79th Dr, Phoenix, AZ, 85033",Phoenix,INVH-3007-n-79th-dr-phoenix-az-85033,4,2.0,1310,1795.0,2026-09-09,19 months,False,,,,,,,,https://www.invitationhomes.com/houses-for-rent/3007-n-79th-dr-phoenix-az-85033,2026-07-19,2026-09-09,AZ,Phoenix,,,,,3007-n-79th-dr-phoenix-az-85033
2026-09-09,INVH,Phoenix,"6320 W Monte Vista Rd, Phoenix, AZ, 85035",Phoenix,INVH-6320-w-monte-vista-rd-phoenix-az-85035,3,2.0,1064,1699.0,2026-09-09,19 months,False,,,,,,,,https://www.invitationhomes.com/houses-for-rent/6320-w-monte-vista-rd-phoenix-az-85035,2026-06-09,2026-09-09,AZ,Phoenix,,,,,6320-w-monte-vista-rd-phoenix-az-85035
2026-09-09,INVH,Phoenix,"2211 N 54Th Lane, Phoenix, AZ, 85035",Phoenix,INVH-2211-n-54th-lane-85035-101099,3,2.0,1538,1765.0,2026-09-09,19 months,False,,,,,,,,https://www.invitationhomes.com/houses-for-rent/2211-n-54th-lane-85035-101099,2026-06-14,2026-09-09,AZ,Phoenix,,,,,2211-n-54th-lane-85035-101099
2026-09-09,INVH,Phoenix,"2208 N 48th Dr, Phoenix, AZ, 85035",Phoenix,INVH-2208-n-48th-dr-phoenix-az-85035,4,2.0,1296,1795.0,2026-09-11,19 months,False,,,,,,,,https://www.invitationhomes.com/houses-for-rent/2208-n-48th-dr-phoenix-az-85035,2026-09-03,2026-09-09,AZ,Phoenix,,,,,2208-n-48th-dr-phoenix-az-85035
2026-09-09,INVH,Phoenix,"10467 W Sunflower Pl, Avondale, AZ, 85392",Phoenix,INVH-10467-w-sunflower-pl-85392-4751,3,2.0,1600,2140.0,2026-10-13,19 months,False,,,,,,,,https://www.invitationhomes.com/houses-for-rent/10467-w-sunflower-pl-85392-4751,2026-09-03,2026-09-09,AZ,Avondale,,,,,10467-w-sunflower-pl-85392-4751
2026-09-09,INVH,Phoenix,"11406 W Edgemont Ave, Avondale, AZ, 85392",Phoenix,INVH-11406-w-edgemont-ave-85392-93406,4,2.0,2301,2345.0,2026-09-09,19 months,False,,,,,,,,https://www.invitationhomes.com/houses-for-rent/11406-w-edgemont-ave-85392-93406,2026-07-19,2026-09-09,AZ,Avondale,,,,,11406-w-edgemont-ave-85392-93406
2026-09-09,INVH,Phoenix,"10444 W Devonshire Ave, Phoenix, AZ, 85037",Phoenix,INVH-10444-w-devonshire-ave-phoenix-az-85037,3,2.0,1400,1845.0,2026-09-23,19 months,False,,,,,,,,https://www.invitationhomes.com/houses-for-rent/10444-w-devonshire-ave-phoenix-az-85037,2026-08-10,2026-09-09,AZ,Phoenix,,,,,10444-w-devonshire-ave-phoenix-az-85037
2026-09-09,INVH,Phoenix,"4454 N 105Th Ave, Phoenix, AZ, 85037",Phoenix,INVH-4454-n-105th-ave-85037-101186,3,2.0,1542,1910.0,2026-09-17,19 months,False,,,,,,,,https://www.invitationhomes.com/houses-for-rent/4454-n-105th-ave-85037-101186,2026-09-03,2026-09-09,AZ,Phoenix,,,,,4454-n-105th-ave-85037-101186
2026-09-09,INVH,Phoenix,"10225 W Camelback Rd Unit 13, Phoenix, AZ, 85037",Phoenix,INVH-10225-w-camelback-rd-unit-13-phoenix-az-85037,3,2.5,1837,2240.0,2026-09-09,19 months,False,,,,,,,,https://www.invitationhomes.com/houses-for-rent/10225-w-camelback-rd-unit-13-phoenix-az-85037,2026-08-02,2026-09-09,AZ,Phoenix,,,,,10225-w-camelback-rd-unit-13-phoenix-az-85037
2026-09-09,INVH,Phoenix,"8849 W Fairmount Ave, Phoenix, AZ, 85037",Phoenix,INVH-8849-w-fairmount-ave-phoenix-az-85037,3,2.0,1331,1845.0,2026-09-09,19 months,False,,,,,,,,https://www.invitationhomes.com/houses-for-rent/8849-w-fairmount-ave-phoenix-az-85037,2026-07-19,2026-09-09,AZ,Phoenix,,,,,8849-w-fairmount-ave-phoenix-az-85037
2026-09-09,INVH,Phoenix,"8850 W Fairmount Ave, Phoenix, AZ, 85037",Phoenix,INVH-8850-w-fairmount-ave-phoenix-az-85037,3,2.0,1350,1990.0,2026-09-30,19 months,False,,,,,,,,https://www.invitationhomes.com/houses-for-rent/8850-w-fairmount-ave-phoenix-az-85037,2026-08-16,2026-09-09,AZ,Phoenix,,,,,8850-w-fairmount-ave-phoenix-az-85037
2026-09-09,INVH,Phoenix,"4037 N 88th Ln, Phoenix, AZ, 85037",Phoenix,INVH-4037-n-88th-ln-phoenix-az-85037,3,2.0,1258,1870.0,2026-10-24,19 months,False,,,,,,,,https://www.invitationhomes.com/houses-for-rent/4037-n-88th-ln-phoenix-az-85037,2026-09-09,2026-09-09,AZ,Phoenix,,,,,4037-n-88th-ln-phoenix-az-85037
2026-09-09,INVH,Phoenix,"8712 W Turney Ave, Phoenix, AZ, 85037",Phoenix,INVH-8712-w-turney-ave-85037-101051,3,2.0,1429,1820.0,2026-09-09,19 months,False,,,,,,,,https://www.invitationhomes.com/houses-for-rent/8712-w-turney-ave-85037-101051,2026-07-19,2026-09-09,AZ,Phoenix,,,,,8712-w-turney-ave-85037-101051
2026-09-09,INVH,Phoenix,"8544 W Elm St, Phoenix, AZ, 85037",Phoenix,INVH-8544-w-elm-st-85037-100003,4,2.0,1462,2180.0,2026-10-11,19 months,False,,,,,,,,https://www.invitationhomes.com/houses-for-rent/8544-w-elm-st-85037-100003,2026-09-03,2026-09-09,AZ,Phoenix,,,,,8544-w-elm-st-85037-100003
2026-09-09,INVH,Phoenix,"11024 W Lane Ave, Glendale, AZ, 85307",Phoenix,INVH-11024-w-lane-ave-glendale-az-85307,4,2.5,2272,2499.0,2026-09-09,19 months,False,,,,,,,,https://www.invitationhomes.com/houses-for-rent/11024-w-lane-ave-glendale-az-85307,2026-08-02,2026-09-09,AZ,Glendale,,,,,11024-w-lane-ave-glendale-az-85307
2026-09-09,INVH,Phoenix,"11354 W Ruth Ave, Peoria, AZ, 85345",Phoenix,INVH-11354-w-ruth-ave-85345-101577,3,2.0,1301,2085.0,2026-09-26,19 months,False,,,,,,,,https://www.invitationhomes.com/houses-for-rent/11354-w-ruth-ave-85345-101577,2026-08-16,2026-09-09,AZ,Peoria,,,,,11354-w-ruth-ave-85345-101577
2026-09-09,INVH,Phoenix,"11581 W Palo Verde Ave, Youngtown, AZ, 85363",Phoenix,INVH-11581-w-palo-verde-ave-youngtown-az-85363,4,2.0,1603,1895.0,2026-09-09,19 months,False,,,,,,,,https://www.invitationhomes.com/houses-for-rent/11581-w-palo-verde-ave-youngtown-az-85363,2026-08-02,2026-09-09,AZ,Youngtown,,,,,11581-w-palo-verde-ave-youngtown-az-85363
2026-09-09,INVH,Phoenix,"8182 N 88th Ln, Peoria, AZ, 85345",Phoenix,INVH-8182-n-88th-ln-85345-1029,3,2.0,1343,2040.0,2026-10-08,19 months,False,,,,,,,,https://www.invitationhomes.com/houses-for-rent/8182-n-88th-ln-85345-1029,2026-09-03,2026-09-09,AZ,Peoria,,,,,8182-n-88th-ln-85345-1029
2026-09-09,INVH,Phoenix,"8509 W Golden Lane, Peoria, AZ, 85345",Phoenix,INVH-8509-w-golden-lane-85345-100156,3,2.0,1288,1820.0,2026-09-09,19 months,False,,,,,,,,https://www.invitationhomes.com/houses-for-rent/8509-w-golden-lane-85345-100156,2026-07-19,2026-09-09,AZ,Peoria,,,,,8509-w-golden-lane-85345-100156
2026-09-09,INVH,Phoenix,"9318 N 85th Dr, Peoria, AZ, 85345",Phoenix,INVH-9318-n-85th-dr-85345-8425,3,2.5,1934,2245.0,2026-10-11,19 months,False,,,,,,,,https://www.invitationhomes.com/houses-for-rent/9318-n-85th-dr-85345-8425,2026-09-03,2026-09-09,AZ,Peoria,,,,,9318-n-85th-dr-85345-8425
2026-09-09,INVH,Phoenix,"8018 W Osborn Rd, Phoenix, AZ, 85033",Phoenix,INVH-8018-w-osborn-rd-phoenix-az-85033,6,2.0,1983,2245.0,2026-09-09,19 months,False,,,,,,,,https://www.invitationhomes.com/houses-for-rent/8018-w-osborn-rd-phoenix-az-85033,2026-09-03,2026-09-09,AZ,Phoenix,,,,,8018-w-osborn-rd-phoenix-az-85033
2026-09-09,INVH,Phoenix,"7502 W Indianola Ave, Phoenix, AZ, 85033",Phoenix,INVH-7502-w-indianola-ave-phoenix-az-85033,3,2.0,1410,1745.0,2026-09-15,19 months,False,,,,,,,,https://www.invitationhomes.com/houses-for-rent/7502-w-indianola-ave-phoenix-az-85033,2026-08-10,2026-09-09,AZ,Phoenix,,,,,7502-w-indianola-ave-phoenix-az-85033
2026-09-09,INVH,Phoenix,"7619 W Devonshire Ave, Phoenix, AZ, 85033",Phoenix,INVH-7619-w-devonshire-ave-phoenix-az-85033,3,2.0,1417,1895.0,2026-09-09,19 months,False,,,,,,,,https://www.invitationhomes.com/houses-for-rent/7619-w-devonshire-ave-phoenix-az-85033,2026-08-16,2026-09-09,AZ,Phoenix,,,,,7619-w-devonshire-ave-phoenix-az-85033
2026-09-09,INVH,Phoenix,"4319 N 79th Dr, Phoenix, AZ, 85033",Phoenix,INVH-4319-n-79th-dr-phoenix-az-85033,3,2.0,1248,1725.0,2026-09-09,19 months,False,,,,,,,,https://www.invitationhomes.com/houses-for-rent/4319-n-79th-dr-phoenix-az-85033,2026-08-10,2026-09-09,AZ,Phoenix,,,,,4319-n-79th-dr-phoenix-az-85033
2026-09-09,INVH,Phoenix,"7556 W Turney Ave, Phoenix, AZ, 85033",Phoenix,INVH-7556-w-turney-ave-phoenix-az-85033,3,1.75,1553,1745.0,2026-09-09,19 months,False,,,,,,,,https://www.invitationhomes.com/houses-for-rent/7556-w-turney-ave-phoenix-az-85033,2026-07-19,2026-09-09,AZ,Phoenix,,,,,7556-w-turney-ave-phoenix-az-85033
2026-09-09,INVH,Phoenix,"6207 W Britton Ave, Phoenix, AZ, 85033",Phoenix,INVH-6207-w-britton-ave-phoenix-az-85033,4,2.0,1415,1845.0,2026-09-09,19 months,False,,,,,,,,https://www.invitationhomes.com/houses-for-rent/6207-w-britton-ave-phoenix-az-85033,2026-09-03,2026-09-09,AZ,Phoenix,,,,,6207-w-britton-ave-phoenix-az-85033
2026-09-09,INVH,Phoenix,"4753 N 70th Ave, Phoenix, AZ, 85033",Phoenix,INVH-4753-n-70th-ave-phoenix-az-85033,5,2.0,1571,1949.0,2026-09-09,19 months,False,,,,,,,,https://www.invitationhomes.com/houses-for-rent/4753-n-70th-ave-phoenix-az-85033,2026-08-16,2026-09-09,AZ,Phoenix,,,,,4753-n-70th-ave-phoenix-az-85033
2026-09-09,INVH,Phoenix,"6717 W Hazelwood St, Phoenix, AZ, 85033",Phoenix,INVH-6717-w-hazelwood-st-phoenix-az-85033,4,1.75,1401,1840.0,2026-09-09,19 months,False,,,,,,,,https://www.invitationhomes.com/houses-for-rent/6717-w-hazelwood-st-phoenix-az-85033,2026-07-19,2026-09-09,AZ,Phoenix,,,,,6717-w-hazelwood-st-phoenix-az-85033
2026-09-09,INVH,Phoenix,"5136 N 78th Ave, Glendale, AZ, 85303",Phoenix,INVH-5136-n-78th-ave-glendale-az-85303,3,2.0,1273,1890.0,2026-10-22,19 months,False,,,,,,,,https://www.invitationhomes.com/houses-for-rent/5136-n-78th-ave-glendale-az-85303,2026-09-09,2026-09-09,AZ,Glendale,,,,,5136-n-78th-ave-glendale-az-85303
2026-09-09,INVH,Phoenix,"7333 W Oregon Ave, Glendale, AZ, 85303",Phoenix,INVH-7333-w-oregon-ave-glendale-az-85303,3,1.0,1157,1765.0,2026-09-13,19 months,False,,,,,,,,https://www.invitationhomes.com/houses-for-rent/7333-w-oregon-ave-glendale-az-85303,2026-09-03,2026-09-09,AZ,Glendale,,,,,7333-w-oregon-ave-glendale-az-85303
2026-09-09,INVH,Phoenix,"5427 N 74th Ave, Glendale, AZ, 85303",Phoenix,INVH-5427-n-74th-ave-glendale-az-85303,3,1.5,1972,2449.0,2026-10-07,19 months,False,,,,,,,,https://www.invitationhomes.com/houses-for-rent/5427-n-74th-ave-glendale-az-85303,2026-08-23,2026-09-09,AZ,Glendale,,,,,5427-n-74th-ave-glendale-az-85303
2026-09-09,INVH,Phoenix,"8013 W Stella Ave, Glendale, AZ, 85303",Phoenix,INVH-8013-w-stella-ave-glendale-az-85303,3,2.0,1776,2260.0,2026-09-09,19 months,False,,,,,,,,https://www.invitationhomes.com/houses-for-rent/8013-w-stella-ave-glendale-az-85303,2026-09-03,2026-09-09,AZ,Glendale,,,,,8013-w-stella-ave-glendale-az-85303
2026-09-09,INVH,Phoenix,"7310 W Cavalier Dr, Glendale, AZ, 85303",Phoenix,INVH-7310-w-cavalier-dr-glendale-az-85303,3,2.0,1500,1995.0,2026-09-09,19 months,False,,,,,,,,https://www.invitationhomes.com/houses-for-rent/7310-w-cavalier-dr-glendale-az-85303,2026-08-10,2026-09-09,AZ,Glendale,,,,,7310-w-cavalier-dr-glendale-az-85303
2026-09-09,INVH,Phoenix,"5116 N 69Th Avenue, Glendale, AZ, 85303",Phoenix,INVH-5116-n-69th-avenue-85303-99969,3,2.0,1289,1845.0,2026-09-23,19 months,False,,,,,,,,https://www.invitationhomes.com/houses-for-rent/5116-n-69th-avenue-85303-99969,2026-08-10,2026-09-09,AZ,Glendale,,,,,5116-n-69th-avenue-85303-99969
2026-09-09,INVH,Phoenix,"5031 N 65Th Avenue, Glendale, AZ, 85301",Phoenix,INVH-5031-n-65th-avenue-85301-100286,4,2.0,1913,2110.0,2026-10-05,19 months,False,,,,,,,,https://www.invitationhomes.com/houses-for-rent/5031-n-65th-avenue-85301-100286,2026-08-23,2026-09-09,AZ,Glendale,,,,,5031-n-65th-avenue-85301-100286
2026-09-09,INVH,Phoenix,"7149 W Cavalier Dr, Glendale, AZ, 85303",Phoenix,INVH-7149-w-cavalier-dr-85303-6622,3,2.0,1410,1845.0,2026-10-12,19 months,False,,,,,,,,https://www.invitationhomes.com/houses-for-rent/7149-w-cavalier-dr-85303-6622,2026-09-03,2026-09-09,AZ,Glendale,,,,,7149-w-cavalier-dr-85303-6622
2026-09-09,INVH,Phoenix,"5703 N 67th Dr, Glendale, AZ, 85303",Phoenix,INVH-5703-n-67th-dr-glendale-az-85303,3,2.0,1024,1645.0,2026-09-09,19 months,False,,,,,,,,https://www.invitationhomes.com/houses-for-rent/5703-n-67th-dr-glendale-az-85303,2026-06-14,2026-09-09,AZ,Glendale,,,,,5703-n-67th-dr-glendale-az-85303
2026-09-09,INVH,Phoenix,"5849 N 62nd Dr, Glendale, AZ, 85301",Phoenix,INVH-5849-n-62nd-dr-glendale-az-85301,4,2.0,1401,1995.0,2026-09-12,19 months,False,,,,,,,,https://www.invitationhomes.com/houses-for-rent/5849-n-62nd-dr-glendale-az-85301,2026-08-02,2026-09-09,AZ,Glendale,,,,,5849-n-62nd-dr-glendale-az-85301
2026-09-09,INVH,Phoenix,"5958 W Hazelwood St, Phoenix, AZ, 85033",Phoenix,INVH-5958-w-hazelwood-st-phoenix-az-85033,4,2.0,1961,2195.0,2026-09-15,19 months,False,,,,,,,,https://www.invitationhomes.com/houses-for-rent/5958-w-hazelwood-st-phoenix-az-85033,2026-09-09,2026-09-09,AZ,Phoenix,,,,,5958-w-hazelwood-st-phoenix-az-85033
2026-09-09,INVH,Phoenix,"5615 W Campbell Ave, Phoenix, AZ, 85031",Phoenix,INVH-5615-w-campbell-ave-phoenix-az-85031,3,2.0,1308,1595.0,2026-09-09,19 months,False,,,,,,,,https://www.invitationhomes.com/houses-for-rent/5615-w-campbell-ave-phoenix-az-85031,2026-05-09,2026-09-09,AZ,Phoenix,,,,,5615-w-campbell-ave-phoenix-az-85031
2026-09-09,INVH,Phoenix,"4630 W Marshall Ave, Glendale, AZ, 85301",Phoenix,INVH-4630-w-marshall-ave-glendale-az-85301,3,2.0,1396,1845.0,2026-09-09,19 months,False,,,,,,,,https://www.invitationhomes.com/houses-for-rent/4630-w-marshall-ave-glendale-az-85301,2026-08-02,2026-09-09,AZ,Glendale,,,,,4630-w-marshall-ave-glendale-az-85301
2026-09-09,INVH,Phoenix,"7005 N 76Th Dr, Glendale, AZ, 85303",Phoenix,INVH-7005-n-76th-dr-85303-101283,4,2.0,1701,1895.0,2026-09-09,19 months,False,,,,,,,,https://www.invitationhomes.com/houses-for-rent/7005-n-76th-dr-85303-101283,2026-05-03,2026-09-09,AZ,Glendale,,,,,7005-n-76th-dr-85303-101283
2026-09-09,INVH,Phoenix,"6960 W Cactus Wren Dr, Glendale, AZ, 85303",Phoenix,INVH-6960-w-cactus-wren-dr-85303-3473,3,2.0,2302,2395.0,2026-09-18,19 months,False,,,,,,,,https://www.invitationhomes.com/houses-for-rent/6960-w-cactus-wren-dr-85303-3473,2026-08-16,2026-09-09,AZ,Glendale,,,,,6960-w-cactus-wren-dr-85303-3473
2026-09-09,INVH,Phoenix,"7349 N 70Th Dr, Glendale, AZ, 85303",Phoenix,INVH-7349-n-70th-dr-85303-101231,4,2.0,1443,1965.0,2026-09-11,19 months,False,,,,,,,,https://www.invitationhomes.com/houses-for-rent/7349-n-70th-dr-85303-101231,2026-08-02,2026-09-09,AZ,Glendale,,,,,7349-n-70th-dr-85303-101231
2026-09-09,INVH,Phoenix,"6956 W Northview Ave, Glendale, AZ, 85303",Phoenix,INVH-6956-w-northview-ave-85303-101197,2,2.0,978,1695.0,2026-09-09,19 months,False,,,,,,,,https://www.invitationhomes.com/houses-for-rent/6956-w-northview-ave-85303-101197,2026-08-02,2026-09-09,AZ,Glendale,,,,,6956-w-northview-ave-85303-101197
2026-09-09,INVH,Phoenix,"5047 W Tuckey Ln, Glendale, AZ, 85301",Phoenix,INVH-5047-w-tuckey-ln-85301-7192,3,2.0,1396,1645.0,2026-09-09,19 months,False,,,,,,,,https://www.invitationhomes.com/houses-for-rent/5047-w-tuckey-ln-85301-7192,2026-04-20,2026-09-09,AZ,Glendale,,,,,5047-w-tuckey-ln-85301-7192
2026-09-09,INVH,Phoenix,"6628 N 48th Dr, Glendale, AZ, 85301",Phoenix,INVH-6628-n-48th-dr-glendale-az-85301,3,2.0,1165,1745.0,2026-10-13,19 months,False,,,,,,,,https://www.invitationhomes.com/houses-for-rent/6628-n-48th-dr-glendale-az-85301,2026-09-03,2026-09-09,AZ,Glendale,,,,,6628-n-48th-dr-glendale-az-85301
2026-09-09,INVH,Phoenix,"7801 N 44th Dr Unit 1108, Glendale, AZ, 85301",Phoenix,INVH-7801-n-44th-dr-unit-1108-glendale-az-85301,2,2.0,1223,1635.0,2026-09-09,19 months,False,,,,,,,,https://www.invitationhomes.com/houses-for-rent/7801-n-44th-dr-unit-1108-glendale-az-85301,2026-07-19,2026-09-09,AZ,Glendale,,,,,7801-n-44th-dr-unit-1108-glendale-az-85301
2026-09-09,INVH,Phoenix,"5322 W Seldon Lane, Glendale, AZ, 85302",Phoenix,INVH-5322-w-seldon-lane-85302-100526,3,2.0,1631,1845.0,2026-09-09,19 months,False,,,,,,,,https://www.invitationhomes.com/houses-for-rent/5322-w-seldon-lane-85302-100526,2026-08-10,2026-09-09,AZ,Glendale,,,,,5322-w-seldon-lane-85302-100526
2026-09-09,INVH,Phoenix,"4844 W Townley Avenue, Glendale, AZ, 85302",Phoenix,INVH-4844-w-townley-avenue-85302-100940,4,2.0,1711,2095.0,2026-09-09,19 months,False,,,,,,,,https://www.invitationhomes.com/houses-for-rent/4844-w-townley-avenue-85302-100940,2026-07-19,2026-09-09,AZ,Glendale,,,,,4844-w-townley-avenue-85302-100940
2026-09-09,INVH,Phoenix,"4424 W Caron St, Glendale, AZ, 85302",Phoenix,INVH-4424-w-caron-st-glendale-az-85302,4,2.0,1420,1810.0,2026-09-09,19 months,False,,,,,,,,https://www.invitationhomes.com/houses-for-rent/4424-w-caron-st-glendale-az-85302,2026-07-19,2026-09-09,AZ,Glendale,,,,,4424-w-caron-st-glendale-az-85302
2026-09-09,INVH,Phoenix,"17744 W Calavar Rd, Surprise, AZ, 85388",Phoenix,INVH-17744-w-calavar-rd-85388-85003,4,2.0,1978,2230.0,2026-09-19,19 months,False,,,,,,,,https://www.invitationhomes.com/houses-for-rent/17744-w-calavar-rd-85388-85003,2026-08-10,2026-09-09,AZ,Surprise,,,,,17744-w-calavar-rd-85388-85003
2026-09-09,INVH,Phoenix,"17757 West Redfield Rd, Surprise, AZ, 85388",Phoenix,INVH-17757-west-redfield-rd-85388-112366,4,2.0,1615,1895.0,2026-09-30,19 months,False,,,,,,,,https://www.invitationhomes.com/houses-for-rent/17757-west-redfield-rd-85388-112366,2026-08-16,2026-09-09,AZ,Surprise,,,,,17757-west-redfield-rd-85388-112366
2026-09-09,INVH,Phoenix,"17617 W Voltaire St, Surprise, AZ, 85388",Phoenix,INVH-17617-w-voltaire-st-85388-84128,4,2.0,2155,2145.0,2026-10-15,19 months,False,,,,,,,,https://www.invitationhomes.com/houses-for-rent/17617-w-voltaire-st-85388-84128,2026-09-03,2026-09-09,AZ,Surprise,,,,,17617-w-voltaire-st-85388-84128
2026-09-09,INVH,Phoenix,"17838 W Ventura St, Surprise, AZ, 85388",Phoenix,INVH-17838-w-ventura-st-85388-7905,3,2.0,1276,1799.0,2026-10-09,19 months,False,,,,,,,,https://www.invitationhomes.com/houses-for-rent/17838-w-ventura-st-85388-7905,2026-09-03,2026-09-09,AZ,Surprise,,,,,17838-w-ventura-st-85388-7905
2026-09-09,INVH,Phoenix,"17049 W Marshall Ln, Surprise, AZ, 85388",Phoenix,INVH-17049-w-marshall-ln-85388-2693,4,3.0,2426,2115.0,2026-09-09,19 months,False,,,,,,,,https://www.invitationhomes.com/houses-for-rent/17049-w-marshall-ln-85388-2693,2026-06-09,2026-09-09,AZ,Surprise,,,,,17049-w-marshall-ln-85388-2693
2026-09-09,INVH,Phoenix,"16847 W Rimrock St, Surprise, AZ, 85388",Phoenix,INVH-16847-w-rimrock-st-85388-89129,3,2.0,1631,1970.0,2026-09-09,19 months,False,,,,,,,,https://www.invitationhomes.com/houses-for-rent/16847-w-rimrock-st-85388-89129,2026-08-02,2026-09-09,AZ,Surprise,,,,,16847-w-rimrock-st-85388-89129
2026-09-09,INVH,Phoenix,"11346 N 154th Ln, Surprise, AZ, 85379",Phoenix,INVH-11346-n-154th-ln-85379-5129,3,2.5,1688,1895.0,2026-09-09,19 months,False,,,,,,,,https://www.invitationhomes.com/houses-for-rent/11346-n-154th-ln-85379-5129,2026-09-03,2026-09-09,AZ,Surprise,,,,,11346-n-154th-ln-85379-5129
2026-09-09,INVH,Phoenix,"14572 N 154th Ave, Surprise, AZ, 85379",Phoenix,INVH-14572-n-154th-ave-85379-5948,5,2.5,2035,2085.0,2026-09-09,19 months,False,,,,,,,,https://www.invitationhomes.com/houses-for-rent/14572-n-154th-ave-85379-5948,2026-07-19,2026-09-09,AZ,Surprise,,,,,14572-n-154th-ave-85379-5948
2026-09-09,INVH,Phoenix,"14758 W Columbine Dr, Surprise, AZ, 85379",Phoenix,INVH-14758-w-columbine-drive-85379-3563,4,2.5,2543,2580.0,2026-09-24,19 months,False,,,,,,,,https://www.invitationhomes.com/houses-for-rent/14758-w-columbine-drive-85379-3563,2026-08-23,2026-09-09,AZ,Surprise,,,,,14758-w-columbine-drive-85379-3563
2026-09-09,INVH,Phoenix,"15280 W Redfield Road, Surprise, AZ, 85379",Phoenix,INVH-15280-w-redfield-road-85379-101072,4,3.0,3115,2645.0,2026-10-10,19 months,False,,,,,,,,https://www.invitationhomes.com/houses-for-rent/15280-w-redfield-road-85379-101072,2026-09-03,2026-09-09,AZ,Surprise,,,,,15280-w-redfield-road-85379-101072
2026-09-09,INVH,Phoenix,"14409 N 150th Ave, Surprise, AZ, 85379",Phoenix,INVH-14409-n-150th-ave-surprise-az-85379,4,2.0,1752,2049.0,2026-09-09,19 months,False,,,,,,,,https://www.invitationhomes.com/houses-for-rent/14409-n-150th-ave-surprise-az-85379,2026-08-02,2026-09-09,AZ,Surprise,,,,,14409-n-150th-ave-surprise-az-85379
2026-09-09,INVH,Phoenix,"14170 W Riviera Dr, Surprise, AZ, 85379",Phoenix,INVH-14170-w-riviera-dr-85379-3934,4,3.0,2633,2465.0,2026-09-09,19 months,False,,,,,,,,https://www.invitationhomes.com/houses-for-rent/14170-w-riviera-dr-85379-3934,2026-08-02,2026-09-09,AZ,Surprise,,,,,14170-w-riviera-dr-85379-3934
2026-09-09,INVH,Phoenix,"12833 W Paradise Dr, El Mirage, AZ, 85335",Phoenix,INVH-12833-w-paradise-dr-85335-7142,3,2.5,1379,1915.0,2026-10-15,19 months,False,,,,,,,,https://www.invitationhomes.com/houses-for-rent/12833-w-paradise-dr-85335-7142,2026-09-09,2026-09-09,AZ,El Mirage,,,,,12833-w-paradise-dr-85335-7142
2026-09-09,INVH,Phoenix,"12714 N 130th Ln, El Mirage, AZ, 85335",Phoenix,INVH-12714-n-130th-ln-el-mirage-az-85335,3,1.75,1245,1875.0,2026-09-26,19 months,False,,,,,,,,https://www.invitationhomes.com/houses-for-rent/12714-n-130th-ln-el-mirage-az-85335,2026-08-16,2026-09-09,AZ,El Mirage,,,,,12714-n-130th-ln-el-mirage-az-85335
2026-09-09,INVH,Phoenix,"13010 W Rosewood Dr, El Mirage, AZ, 85335",Phoenix,INVH-13010-w-rosewood-dr-85335-5528,3,2.0,1407,2070.0,2026-09-24,19 months,False,,,,,,,,https://www.invitationhomes.com/houses-for-rent/13010-w-rosewood-dr-85335-5528,2026-08-10,2026-09-09,AZ,El Mirage,,,,,13010-w-rosewood-dr-85335-5528
2026-09-09,INVH,Phoenix,"12417 N 127Th Dr, El Mirage, AZ, 85335",Phoenix,INVH-12417-n-127th-dr-85335-101308,4,2.5,1862,1860.0,2026-09-09,19 months,False,,,,,,,,https://www.invitationhomes.com/houses-for-rent/12417-n-127th-dr-85335-101308,2026-07-19,2026-09-09,AZ,El Mirage,,,,,12417-n-127th-dr-85335-101308
2026-09-09,INVH,Phoenix,"12614 W Ash St, El Mirage, AZ, 85335",Phoenix,INVH-12614-w-ash-st-el-mirage-az-85335,3,2.0,1229,1749.0,2026-10-08,19 months,False,,,,,,,,https://www.invitationhomes.com/houses-for-rent/12614-w-ash-st-el-mirage-az-85335,2026-09-03,2026-09-09,AZ,El Mirage,,,,,12614-w-ash-st-el-mirage-az-85335
2026-09-09,INVH,Phoenix,"12575 W Lisbon Ln, El Mirage, AZ, 85335",Phoenix,INVH-12575-w-lisbon-ln-el-mirage-az-85335,3,1.75,1308,1770.0,2026-09-09,19 months,False,,,,,,,,https://www.invitationhomes.com/houses-for-rent/12575-w-lisbon-ln-el-mirage-az-85335,2026-08-02,2026-09-09,AZ,El Mirage,,,,,12575-w-lisbon-ln-el-mirage-az-85335
2026-09-09,INVH,Phoenix,"12732 W Voltaire Ave, El Mirage, AZ, 85335",Phoenix,INVH-12732-w-voltaire-ave-el-mirage-az-85335,3,2.0,1145,1680.0,2026-09-09,19 months,False,,,,,,,,https://www.invitationhomes.com/houses-for-rent/12732-w-voltaire-ave-el-mirage-az-85335,2026-07-19,2026-09-09,AZ,El Mirage,,,,,12732-w-voltaire-ave-el-mirage-az-85335
2026-09-09,INVH,Phoenix,"12572 W Saint Moritz Ln, El Mirage, AZ, 85335",Phoenix,INVH-12572-w-saint-moritz-ln-85335-83312,3,2.0,1308,1715.0,2026-09-09,19 months,False,,,,,,,,https://www.invitationhomes.com/houses-for-rent/12572-w-saint-moritz-ln-85335-83312,2026-07-19,2026-09-09,AZ,El Mirage,,,,,12572-w-saint-moritz-ln-85335-83312
2026-09-09,INVH,Phoenix,"12523 W Saint Moritz Ln, El Mirage, AZ, 85335",Phoenix,INVH-12523-w-saint-moritz-ln-85335-88351,4,2.0,1534,1945.0,2026-09-09,19 months,False,,,,,,,,https://www.invitationhomes.com/houses-for-rent/12523-w-saint-moritz-ln-85335-88351,2026-08-02,2026-09-09,AZ,El Mirage,,,,,12523-w-saint-moritz-ln-85335-88351
2026-09-09,INVH,Phoenix,"14702 N 124Th Ln, El Mirage, AZ, 85335",Phoenix,INVH-14702-n-124th-ln-85335-101316,3,2.0,1534,1699.0,2026-09-09,19 months,False,,,,,,,,https://www.invitationhomes.com/houses-for-rent/14702-n-124th-ln-85335-101316,2026-07-19,2026-09-09,AZ,El Mirage,,,,,14702-n-124th-ln-85335-101316
2026-09-09,INVH,Phoenix,"15230 N 162nd Ln, Surprise, AZ, 85379",Phoenix,INVH-15230-n-162nd-ln-85379-5306,4,2.0,1767,1995.0,2026-09-09,19 months,False,,,,,,,,https://www.invitationhomes.com/houses-for-rent/15230-n-162nd-ln-85379-5306,2026-07-19,2026-09-09,AZ,Surprise,,,,,15230-n-162nd-ln-85379-5306
2026-09-09,INVH,Phoenix,"16251 W Statler St, Surprise, AZ, 85374",Phoenix,INVH-16251-w-statler-st-85374-4611,3,3.0,2166,2290.0,2026-10-13,19 months,False,,,,,,,,https://www.invitationhomes.com/houses-for-rent/16251-w-statler-st-85374-4611,2026-09-03,2026-09-09,AZ,Surprise,,,,,16251-w-statler-st-85374-4611
2026-09-09,INVH,Phoenix,"16231 W Cottonwood St, Surprise, AZ, 85374",Phoenix,INVH-16231-w-cottonwood-st-85374-102040,4,2.0,1681,2140.0,2026-10-10,19 months,False,,,,,,,,https://www.invitationhomes.com/houses-for-rent/16231-w-cottonwood-st-85374-102040,2026-09-03,2026-09-09,AZ,Surprise,,,,,16231-w-cottonwood-st-85374-102040
2026-09-09,INVH,Phoenix,"15439 W Cottonwood Cir, Surprise, AZ, 85374",Phoenix,INVH-15439-w-cottonwood-cir-surprise-az-85374,4,2.5,2485,2585.0,2026-09-12,19 months,False,,,,,,,,https://www.invitationhomes.com/houses-for-rent/15439-w-cottonwood-cir-surprise-az-85374,2026-08-02,2026-09-09,AZ,Surprise,,,,,15439-w-cottonwood-cir-surprise-az-85374
2026-09-09,INVH,Phoenix,"15901 W Elm Street, Surprise, AZ, 85374",Phoenix,INVH-15901-w-elm-street-85374-100634,3,2.0,1199,1795.0,2026-09-09,19 months,False,,,,,,,,https://www.invitationhomes.com/houses-for-rent/15901-w-elm-street-85374-100634,2026-07-19,2026-09-09,AZ,Surprise,,,,,15901-w-elm-street-85374-100634
2026-09-09,INVH,Phoenix,"14807 W Acapulco Ln, Surprise, AZ, 85379",Phoenix,INVH-14807-w-acapulco-ln-85379-5671,3,2.0,1311,1895.0,2026-09-09,19 months,False,,,,,,,,https://www.invitationhomes.com/houses-for-rent/14807-w-acapulco-ln-85379-5671,2026-08-02,2026-09-09,AZ,Surprise,,,,,14807-w-acapulco-ln-85379-5671
2026-09-09,INVH,Phoenix,"14812 W Acapulco Ln, Surprise, AZ, 85379",Phoenix,INVH-14812-w-acapulco-ln-85379-101235,3,2.0,1062,1630.0,2026-09-11,19 months,False,,,,,,,,https://www.invitationhomes.com/houses-for-rent/14812-w-acapulco-ln-85379-101235,2026-08-02,2026-09-09,AZ,Surprise,,,,,14812-w-acapulco-ln-85379-101235
2026-09-09,INVH,Phoenix,"14611 W Acapulco Ln, Surprise, AZ, 85379",Phoenix,INVH-14611-w-acapulco-ln-surprise-az-85379,3,2.0,1537,1880.0,2026-09-09,19 months,False,,,,,,,,https://www.invitationhomes.com/houses-for-rent/14611-w-acapulco-ln-surprise-az-85379,2026-07-19,2026-09-09,AZ,Surprise,,,,,14611-w-acapulco-ln-surprise-az-85379
2026-09-09,INVH,Phoenix,"15139 W Evening Star Trl, Surprise, AZ, 85374",Phoenix,INVH-15139-w-evening-star-trl-surprise-az-85374,3,2.0,1272,1815.0,2026-09-09,19 months,False,,,,,,,,https://www.invitationhomes.com/houses-for-rent/15139-w-evening-star-trl-surprise-az-85374,2026-09-03,2026-09-09,AZ,Surprise,,,,,15139-w-evening-star-trl-surprise-az-85374
2026-09-09,INVH,Phoenix,"13578 W Port Au Prince Ln, Surprise, AZ, 85379",Phoenix,INVH-13578-w-port-au-prince-ln-85379-101302,3,2.0,2162,2270.0,2026-10-12,19 months,False,,,,,,,,https://www.invitationhomes.com/houses-for-rent/13578-w-port-au-prince-ln-85379-101302,2026-09-03,2026-09-09,AZ,Surprise,,,,,13578-w-port-au-prince-ln-85379-101302
2026-09-09,INVH,Phoenix,"13032 W Mauna Loa Ln, El Mirage, AZ, 85335",Phoenix,INVH-13032-w-mauna-loa-ln-85335-5370,4,2.5,2178,1975.0,2026-09-09,19 months,False,,,,,,,,https://www.invitationhomes.com/houses-for-rent/13032-w-mauna-loa-ln-85335-5370,2026-06-09,2026-09-09,AZ,El Mirage,,,,,13032-w-mauna-loa-ln-85335-5370
2026-09-09,INVH,Phoenix,"18262 W Williams Rd, Surprise, AZ, 85387",Phoenix,INVH-18262-w-williams-rd-85387-91658,3,2.0,1895,2045.0,2026-10-21,19 months,False,,,,,,,,https://www.invitationhomes.com/houses-for-rent/18262-w-williams-rd-85387-91658,2026-09-06,2026-09-09,AZ,Surprise,,,,,18262-w-williams-rd-85387-91658
2026-09-09,INVH,Phoenix,"18064 W Carlota Ln, Surprise, AZ, 85387",Phoenix,INVH-18064-w-carlota-ln-85387-91425,3,2.0,1578,1999.0,2026-10-20,19 months,False,,,,,,,,https://www.invitationhomes.com/houses-for-rent/18064-w-carlota-ln-85387-91425,2026-09-06,2026-09-09,AZ,Surprise,,,,,18064-w-carlota-ln-85387-91425
2026-09-09,INVH,Phoenix,"18210 W Carlota Ln, Surprise, AZ, 85387",Phoenix,INVH-18210-w-carlota-ln-85387-84025,4,3.0,2142,2145.0,2026-09-09,19 months,False,,,,,,,,https://www.invitationhomes.com/houses-for-rent/18210-w-carlota-ln-85387-84025,2026-08-02,2026-09-09,AZ,Surprise,,,,,18210-w-carlota-ln-85387-84025
2026-09-09,INVH,Phoenix,"16451 W Paso Trl, Surprise, AZ, 85387",Phoenix,INVH-16451-w-paso-trl-85387-83688,4,2.5,2235,2095.0,2026-09-09,19 months,False,,,,,,,,https://www.invitationhomes.com/houses-for-rent/16451-w-paso-trl-85387-83688,2026-07-19,2026-09-09,AZ,Surprise,,,,,16451-w-paso-trl-85387-83688
2026-09-09,INVH,Phoenix,"17737 W Red Bird Rd, Surprise, AZ, 85387",Phoenix,INVH-17737-w-red-bird-rd-85387-84656,4,2.5,2115,2045.0,2026-09-19,19 months,False,,,,,,,,https://www.invitationhomes.com/houses-for-rent/17737-w-red-bird-rd-85387-84656,2026-08-10,2026-09-09,AZ,Surprise,,,,,17737-w-red-bird-rd-85387-84656
2026-09-09,INVH,Phoenix,"11718 W Laurel Ln, El Mirage, AZ, 85335",Phoenix,INVH-11718-w-laurel-ln-85335-6755,4,2.0,1832,1980.0,2026-10-08,19 months,False,,,,,,,,https://www.invitationhomes.com/houses-for-rent/11718-w-laurel-ln-85335-6755,2026-09-03,2026-09-09,AZ,El Mirage,,,,,11718-w-laurel-ln-85335-6755
2026-09-09,INVH,Phoenix,"11509 W Wethersfield Rd, El Mirage, AZ, 85335",Phoenix,INVH-11509-w-wethersfield-rd-85335-3888,3,2.0,1662,1770.0,2026-09-09,19 months,False,,,,,,,,https://www.invitationhomes.com/houses-for-rent/11509-w-wethersfield-rd-85335-3888,2026-07-19,2026-09-09,AZ,El Mirage,,,,,11509-w-wethersfield-rd-85335-3888
2026-09-09,INVH,Phoenix,"12002 W Aster Dr, El Mirage, AZ, 85335",Phoenix,INVH-12002-w-aster-dr-el-mirage-az-85335,3,2.0,1090,1660.0,2026-09-09,19 months,False,,,,,,,,https://www.invitationhomes.com/houses-for-rent/12002-w-aster-dr-el-mirage-az-85335,2026-08-02,2026-09-09,AZ,El Mirage,,,,,12002-w-aster-dr-el-mirage-az-85335
2026-09-09,INVH,Phoenix,"11530 W Flores Dr, El Mirage, AZ, 85335",Phoenix,INVH-11530-w-flores-dr-85335-101750,3,2.0,1756,1845.0,2026-09-09,19 months,False,,,,,,,,https://www.invitationhomes.com/houses-for-rent/11530-w-flores-dr-85335-101750,2026-05-03,2026-09-09,AZ,El Mirage,,,,,11530-w-flores-dr-85335-101750
2026-09-09,INVH,Phoenix,"12801 N 112th Ave, Youngtown, AZ, 85363",Phoenix,INVH-12801-n-112th-ave-youngtown-az-85363,2,2.0,1578,1590.0,2026-09-09,19 months,False,,,,,,,,https://www.invitationhomes.com/houses-for-rent/12801-n-112th-ave-youngtown-az-85363,2026-06-09,2026-09-09,AZ,Youngtown,,,,,12801-n-112th-ave-youngtown-az-85363
2026-09-09,INVH,Phoenix,"11134 N 82nd Dr, Peoria, AZ, 85345",Phoenix,INVH-11134-n-82nd-dr-85345-4579,3,2.0,1381,1760.0,2026-09-09,19 months,False,,,,,,,,https://www.invitationhomes.com/houses-for-rent/11134-n-82nd-dr-85345-4579,2026-06-09,2026-09-09,AZ,Peoria,,,,,11134-n-82nd-dr-85345-4579
2026-09-09,INVH,Phoenix,"9145 W Evans Dr, Peoria, AZ, 85381",Phoenix,INVH-9145-w-evans-dr-85381-100067,3,2.5,2176,2530.0,2026-09-16,19 months,False,,,,,,,,https://www.invitationhomes.com/houses-for-rent/9145-w-evans-dr-85381-100067,2026-08-16,2026-09-09,AZ,Peoria,,,,,9145-w-evans-dr-85381-100067
2026-09-09,INVH,Phoenix,"11530 West Porcupine Court, Surprise, AZ, 85378",Phoenix,INVH-11530-west-porcupine-court-85378-112443,3,2.0,1764,2095.0,2026-09-19,19 months,False,,,,,,,,https://www.invitationhomes.com/houses-for-rent/11530-west-porcupine-court-85378-112443,2026-08-10,2026-09-09,AZ,Surprise,,,,,11530-west-porcupine-court-85378-112443
2026-09-09,INVH,Phoenix,"11348 West Madisen Ellise Dr, Surprise, AZ, 85378",Phoenix,INVH-11348-west-madisen-ellise-dr-85378-112381,3,2.0,1301,1865.0,2026-10-03,19 months,False,,,,,,,,https://www.invitationhomes.com/houses-for-rent/11348-west-madisen-ellise-dr-85378-112381,2026-08-23,2026-09-09,AZ,Surprise,,,,,11348-west-madisen-ellise-dr-85378-112381
2026-09-09,INVH,Phoenix,"17474 N 92Nd Gln, Peoria, AZ, 85382",Phoenix,INVH-17474-n-92nd-gln-85382-100982,3,2.0,1883,2045.0,2026-09-26,19 months,False,,,,,,,,https://www.invitationhomes.com/houses-for-rent/17474-n-92nd-gln-85382-100982,2026-08-23,2026-09-09,AZ,Peoria,,,,,17474-n-92nd-gln-85382-100982
2026-09-09,INVH,Phoenix,"17706 N 89th Dr, Peoria, AZ, 85382",Phoenix,INVH-17706-n-89th-dr-peoria-az-85382,3,2.0,1713,2199.0,2026-09-26,19 months,False,,,,,,,,https://www.invitationhomes.com/houses-for-rent/17706-n-89th-dr-peoria-az-85382,2026-08-16,2026-09-09,AZ,Peoria,,,,,17706-n-89th-dr-peoria-az-85382
2026-09-09,INVH,Phoenix,"8722 W Greenbrian Dr, Peoria, AZ, 85382",Phoenix,INVH-8722-w-greenbrian-dr-85382-100047,3,2.0,1332,1990.0,2026-10-10,19 months,False,,,,,,,,https://www.invitationhomes.com/houses-for-rent/8722-w-greenbrian-dr-85382-100047,2026-09-03,2026-09-09,AZ,Peoria,,,,,8722-w-greenbrian-dr-85382-100047
2026-09-09,INVH,Phoenix,"18285 N 87th Dr, Peoria, AZ, 85382",Phoenix,INVH-18285-n-87th-dr-85382-9506,3,2.0,1228,1860.0,2026-09-12,19 months,False,,,,,,,,https://www.invitationhomes.com/houses-for-rent/18285-n-87th-dr-85382-9506,2026-08-10,2026-09-09,AZ,Peoria,,,,,18285-n-87th-dr-85382-9506
2026-09-09,INVH,Phoenix,"7643 W Beryl Avenue, Peoria, AZ, 85345",Phoenix,INVH-7643-w-beryl-avenue-85345-100240,3,2.0,1816,2435.0,2026-09-12,19 months,False,,,,,,,,https://www.invitationhomes.com/houses-for-rent/7643-w-beryl-avenue-85345-100240,2026-09-03,2026-09-09,AZ,Peoria,,,,,7643-w-beryl-avenue-85345-100240
2026-09-09,INVH,Phoenix,"11324 N 81st Dr, Peoria, AZ, 85345",Phoenix,INVH-11324-n-81st-dr-peoria-az-85345,3,2.0,1235,1730.0,2026-09-09,19 months,False,,,,,,,,https://www.invitationhomes.com/houses-for-rent/11324-n-81st-dr-peoria-az-85345,2026-06-14,2026-09-09,AZ,Peoria,,,,,11324-n-81st-dr-peoria-az-85345
2026-09-09,INVH,Phoenix,"11102 N 79th Ave, Peoria, AZ, 85345",Phoenix,INVH-11102-n-79th-ave-85345-9913,4,2.0,1636,2290.0,2026-09-24,19 months,False,,,,,,,,https://www.invitationhomes.com/houses-for-rent/11102-n-79th-ave-85345-9913,2026-08-10,2026-09-09,AZ,Peoria,,,,,11102-n-79th-ave-85345-9913
2026-09-09,INVH,Phoenix,"7546 W Jenan Dr, Peoria, AZ, 85345",Phoenix,INVH-7546-w-jenan-dr-85345-101637,3,2.0,1833,2345.0,2026-09-09,19 months,False,,,,,,,,https://www.invitationhomes.com/houses-for-rent/7546-w-jenan-dr-85345-101637,2026-07-19,2026-09-09,AZ,Peoria,,,,,7546-w-jenan-dr-85345-101637
2026-09-09,INVH,Phoenix,"7140 W North Ln, Peoria, AZ, 85345",Phoenix,INVH-7140-w-north-ln-85345-6853,3,2.0,1600,1995.0,2026-09-09,19 months,False,,,,,,,,https://www.invitationhomes.com/houses-for-rent/7140-w-north-ln-85345-6853,2026-07-19,2026-09-09,AZ,Peoria,,,,,7140-w-north-ln-85345-6853
2026-09-09,INVH,Phoenix,"10032 N 66Th Dr, Glendale, AZ, 85302",Phoenix,INVH-10032-n-66th-dr-85302-99965,3,2.5,1523,1825.0,2026-09-09,19 months,False,,,,,,,,https://www.invitationhomes.com/houses-for-rent/10032-n-66th-dr-85302-99965,2026-08-02,2026-09-09,AZ,Glendale,,,,,10032-n-66th-dr-85302-99965
2026-09-09,INVH,Phoenix,"6222 W Cortez Street, Glendale, AZ, 85304",Phoenix,INVH-6222-w-cortez-street-85304-100132,3,2.0,1726,2340.0,2026-09-29,19 months,False,,,,,,,,https://www.invitationhomes.com/houses-for-rent/6222-w-cortez-street-85304-100132,2026-08-16,2026-09-09,AZ,Glendale,,,,,6222-w-cortez-street-85304-100132
2026-09-09,INVH,Phoenix,"6778 W Wethersfield Road, Peoria, AZ, 85381",Phoenix,INVH-6778-w-wethersfield-road-85381-100639,4,2.0,1847,2145.0,2026-09-09,19 months,False,,,,,,,,https://www.invitationhomes.com/houses-for-rent/6778-w-wethersfield-road-85381-100639,2026-07-19,2026-09-09,AZ,Peoria,,,,,6778-w-wethersfield-road-85381-100639
2026-09-09,INVH,Phoenix,"5210 W Desert Hills Drive, Glendale, AZ, 85304",Phoenix,INVH-5210-w-desert-hills-drive-85304-99885,3,2.0,1036,1715.0,2026-10-12,19 months,False,,,,,,,,https://www.invitationhomes.com/houses-for-rent/5210-w-desert-hills-drive-85304-99885,2026-09-03,2026-09-09,AZ,Glendale,,,,,5210-w-desert-hills-drive-85304-99885
2026-09-09,INVH,Phoenix,"11027 N 46Th Ave, Glendale, AZ, 85304",Phoenix,INVH-11027-n-46th-ave-85304-101914,4,3.0,2236,2345.0,2026-10-02,19 months,False,,,,,,,,https://www.invitationhomes.com/houses-for-rent/11027-n-46th-ave-85304-101914,2026-09-03,2026-09-09,AZ,Glendale,,,,,11027-n-46th-ave-85304-101914
2026-09-09,INVH,Phoenix,"4438 W Mercer Ln, Glendale, AZ, 85304",Phoenix,INVH-4438-w-mercer-ln-85304-8999,4,2.0,1647,1995.0,2026-10-14,19 months,False,,,,,,,,https://www.invitationhomes.com/houses-for-rent/4438-w-mercer-ln-85304-8999,2026-09-03,2026-09-09,AZ,Glendale,,,,,4438-w-mercer-ln-85304-8999
2026-09-09,INVH,Phoenix,"10845 N 44Th Lane, Glendale, AZ, 85304",Phoenix,INVH-10845-n-44th-lane-85304-100173,3,2.0,1590,2095.0,2026-09-30,19 months,False,,,,,,,,https://www.invitationhomes.com/houses-for-rent/10845-n-44th-lane-85304-100173,2026-08-16,2026-09-09,AZ,Glendale,,,,,10845-n-44th-lane-85304-100173
2026-09-09,INVH,Phoenix,"4614 W Sunnyside Ave, Glendale, AZ, 85304",Phoenix,INVH-4614-w-sunnyside-ave-glendale-az-85304,3,2.0,2075,2270.0,2026-09-17,19 months,False,,,,,,,,https://www.invitationhomes.com/houses-for-rent/4614-w-sunnyside-ave-glendale-az-85304,2026-08-10,2026-09-09,AZ,Glendale,,,,,4614-w-sunnyside-ave-glendale-az-85304
2026-09-09,INVH,Phoenix,"12402 N 49Th Ave, Glendale, AZ, 85304",Phoenix,INVH-12402-n-49th-ave-85304-100055,4,2.0,1882,2380.0,2026-09-20,19 months,False,,,,,,,,https://www.invitationhomes.com/houses-for-rent/12402-n-49th-ave-85304-100055,2026-09-09,2026-09-09,AZ,Glendale,,,,,12402-n-49th-ave-85304-100055
2026-09-09,INVH,Phoenix,"12645 N 47Th Dr, Glendale, AZ, 85304",Phoenix,INVH-12645-n-47th-dr-85304-101525,3,2.0,2036,2045.0,2026-09-09,19 months,False,,,,,,,,https://www.invitationhomes.com/houses-for-rent/12645-n-47th-dr-85304-101525,2026-07-19,2026-09-09,AZ,Glendale,,,,,12645-n-47th-dr-85304-101525
2026-09-09,INVH,Phoenix,"14240 N 50Th Lane, Glendale, AZ, 85306",Phoenix,INVH-14240-n-50th-lane-85306-100032,4,2.5,2038,2395.0,2026-09-27,19 months,False,,,,,,,,https://www.invitationhomes.com/houses-for-rent/14240-n-50th-lane-85306-100032,2026-08-16,2026-09-09,AZ,Glendale,,,,,14240-n-50th-lane-85306-100032
2026-09-09,INVH,Phoenix,"13815 N 45th Ave, Glendale, AZ, 85306",Phoenix,INVH-13815-n-45th-ave-glendale-az-85306,4,2.0,1352,2099.0,2026-09-30,19 months,False,,,,,,,,https://www.invitationhomes.com/houses-for-rent/13815-n-45th-ave-glendale-az-85306,2026-08-16,2026-09-09,AZ,Glendale,,,,,13815-n-45th-ave-glendale-az-85306
2026-09-09,INVH,Phoenix,"4402 W Crocus Dr, Glendale, AZ, 85306",Phoenix,INVH-4402-w-crocus-dr-glendale-az-85306,4,3.0,2030,2395.0,2026-10-07,19 months,False,,,,,,,,https://www.invitationhomes.com/houses-for-rent/4402-w-crocus-dr-glendale-az-85306,2026-08-23,2026-09-09,AZ,Glendale,,,,,4402-w-crocus-dr-glendale-az-85306
2026-09-09,INVH,Phoenix,"6340 W Grandview Rd, Glendale, AZ, 85306",Phoenix,INVH-6340-w-grandview-rd-85306-100086,3,2.0,1592,1995.0,2026-09-09,19 months,False,,,,,,,,https://www.invitationhomes.com/houses-for-rent/6340-w-grandview-rd-85306-100086,2026-07-19,2026-09-09,AZ,Glendale,,,,,6340-w-grandview-rd-85306-100086
2026-09-09,INVH,Phoenix,"5816 W Carol Ann Way, Glendale, AZ, 85306",Phoenix,INVH-5816-w-carol-ann-way-85306-3338,4,2.0,1968,2345.0,2026-09-09,19 months,False,,,,,,,,https://www.invitationhomes.com/houses-for-rent/5816-w-carol-ann-way-85306-3338,2026-07-19,2026-09-09,AZ,Glendale,,,,,5816-w-carol-ann-way-85306-3338
2026-09-09,INVH,Phoenix,"5808 W Mary Jane Ln, Glendale, AZ, 85306",Phoenix,INVH-5808-w-mary-jane-ln-85306-101752,3,2.0,1879,2125.0,2026-09-09,19 months,False,,,,,,,,https://www.invitationhomes.com/houses-for-rent/5808-w-mary-jane-ln-85306-101752,2026-07-19,2026-09-09,AZ,Glendale,,,,,5808-w-mary-jane-ln-85306-101752
2026-09-09,INVH,Phoenix,"4901 W Michigan Ave, Glendale, AZ, 85308",Phoenix,INVH-4901-w-michigan-ave-85308-3827,4,2.0,1880,2149.0,2026-09-09,19 months,False,,,,,,,,https://www.invitationhomes.com/houses-for-rent/4901-w-michigan-ave-85308-3827,2026-05-03,2026-09-09,AZ,Glendale,,,,,4901-w-michigan-ave-85308-3827
2026-09-09,INVH,Phoenix,"17614 N 42nd Ln, Glendale, AZ, 85308",Phoenix,INVH-17614-n-42nd-ln-85308-4482,3,1.75,1358,2120.0,2026-10-08,19 months,False,,,,,,,,https://www.invitationhomes.com/houses-for-rent/17614-n-42nd-ln-85308-4482,2026-09-03,2026-09-09,AZ,Glendale,,,,,17614-n-42nd-ln-85308-4482
2026-09-09,INVH,Phoenix,"4836 W Topeka Dr, Glendale, AZ, 85308",Phoenix,INVH-4836-w-topeka-dr-85308-87511,3,2.0,1621,2325.0,2026-10-10,19 months,False,,,,,,,,https://www.invitationhomes.com/houses-for-rent/4836-w-topeka-dr-85308-87511,2026-09-03,2026-09-09,AZ,Glendale,,,,,4836-w-topeka-dr-85308-87511
2026-09-09,INVH,Phoenix,"4554 W Morrow Dr, Glendale, AZ, 85308",Phoenix,INVH-4554-w-morrow-dr-glendale-az-85308,3,2.0,1238,1895.0,2026-10-13,19 months,False,,,,,,,,https://www.invitationhomes.com/houses-for-rent/4554-w-morrow-dr-glendale-az-85308,2026-09-03,2026-09-09,AZ,Glendale,,,,,4554-w-morrow-dr-glendale-az-85308
2026-09-09,INVH,Phoenix,"4461 W Yorkshire Dr, Glendale, AZ, 85308",Phoenix,INVH-4461-w-yorkshire-dr-85308-4473,4,2.5,1770,2480.0,2026-09-12,19 months,False,,,,,,,,https://www.invitationhomes.com/houses-for-rent/4461-w-yorkshire-dr-85308-4473,2026-08-23,2026-09-09,AZ,Glendale,,,,,4461-w-yorkshire-dr-85308-4473
2026-09-09,INVH,Phoenix,"22075 N 103rd Ln #450, Peoria, AZ, 85383",Phoenix,INVH-22075-n-103rd-ln-lot-450-85383-3165,3,2.5,1262,1865.0,2026-10-18,19 months,False,,,,,,,,https://www.invitationhomes.com/houses-for-rent/22075-n-103rd-ln-lot-450-85383-3165,2026-09-03,2026-09-09,AZ,Peoria,,,,,22075-n-103rd-ln-lot-450-85383-3165
2026-09-09,INVH,Phoenix,"11727 W Foothill Court, Sun City, AZ, 85373",Phoenix,INVH-11727-w-foothill-court-85373-101909,4,2.5,3207,2595.0,2026-10-12,19 months,False,,,,,,,,https://www.invitationhomes.com/houses-for-rent/11727-w-foothill-court-85373-101909,2026-09-03,2026-09-09,AZ,Sun City,,,,,11727-w-foothill-court-85373-101909
2026-09-09,INVH,Phoenix,"20316 N 81St Drive, Peoria, AZ, 85382",Phoenix,INVH-20316-n-81st-drive-85382-100916,4,2.0,1685,2249.0,2026-09-09,19 months,False,,,,,,,,https://www.invitationhomes.com/houses-for-rent/20316-n-81st-drive-85382-100916,2026-08-23,2026-09-09,AZ,Peoria,,,,,20316-n-81st-drive-85382-100916
2026-09-09,INVH,Phoenix,"7161 W Pontiac Dr, Glendale, AZ, 85308",Phoenix,INVH-7161-w-pontiac-dr-85308-95861,3,2.0,1358,2085.0,2026-09-09,19 months,False,,,,,,,,https://www.invitationhomes.com/houses-for-rent/7161-w-pontiac-dr-85308-95861,2026-07-19,2026-09-09,AZ,Glendale,,,,,7161-w-pontiac-dr-85308-95861
2026-09-09,INVH,Phoenix,"4776 W Tonto Dr, Glendale, AZ, 85308",Phoenix,INVH-4776-w-tonto-dr-85308-6726,3,2.0,1312,1849.0,2026-09-09,19 months,False,,,,,,,,https://www.invitationhomes.com/houses-for-rent/4776-w-tonto-dr-85308-6726,2026-08-02,2026-09-09,AZ,Glendale,,,,,4776-w-tonto-dr-85308-6726
2026-09-09,INVH,Phoenix,"20014 N 41st Ln, Glendale, AZ, 85308",Phoenix,INVH-20014-n-41st-ln-glendale-az-85308,3,2.0,1999,2495.0,2026-10-18,19 months,False,,,,,,,,https://www.invitationhomes.com/houses-for-rent/20014-n-41st-ln-glendale-az-85308,2026-06-09,2026-09-09,AZ,Glendale,,,,,20014-n-41st-ln-glendale-az-85308
2026-09-09,INVH,Phoenix,"4415 W Creedance Boulevard, Glendale, AZ, 85310",Phoenix,INVH-4415-w-creedance-boulevard-85310-100597,4,2.0,1696,2970.0,2026-10-12,19 months,False,,,,,,,,https://www.invitationhomes.com/houses-for-rent/4415-w-creedance-boulevard-85310-100597,2026-09-03,2026-09-09,AZ,Glendale,,,,,4415-w-creedance-boulevard-85310-100597
2026-09-09,INVH,Phoenix,"4126 W Misty Willow Ln, Glendale, AZ, 85310",Phoenix,INVH-4126-w-misty-willow-ln-85310-99862,4,3.0,1966,2495.0,2026-09-09,19 months,False,,,,,,,,https://www.invitationhomes.com/houses-for-rent/4126-w-misty-willow-ln-85310-99862,2026-08-02,2026-09-09,AZ,Glendale,,,,,4126-w-misty-willow-ln-85310-99862
2026-09-09,INVH,Phoenix,"6508 W Eagle Talon Trl, Phoenix, AZ, 85083",Phoenix,INVH-6508-w-eagle-talon-trl-85083-83331,4,2.0,2010,2245.0,2026-09-27,19 months,False,,,,,,,,https://www.invitationhomes.com/houses-for-rent/6508-w-eagle-talon-trl-85083-83331,2026-08-16,2026-09-09,AZ,Phoenix,,,,,6508-w-eagle-talon-trl-85083-83331
2026-09-09,INVH,Phoenix,"5353 W Molly Ln, Phoenix, AZ, 85083",Phoenix,INVH-5353-w-molly-ln-85083-9166,2,2.5,1307,1995.0,2026-09-09,19 months,False,,,,,,,,https://www.invitationhomes.com/houses-for-rent/5353-w-molly-ln-85083-9166,2026-08-23,2026-09-09,AZ,Phoenix,,,,,5353-w-molly-ln-85083-9166
2026-09-09,INVH,Phoenix,"5025 S 20th Ave, Phoenix, AZ, 85041",Phoenix,INVH-5025-s-20th-ave-phoenix-az-85041,3,1.75,1080,1875.0,2026-09-29,19 months,False,,,,,,,,https://www.invitationhomes.com/houses-for-rent/5025-s-20th-ave-phoenix-az-85041,2026-08-16,2026-09-09,AZ,Phoenix,,,,,5025-s-20th-ave-phoenix-az-85041
2026-09-09,INVH,Phoenix,"908 W Roeser Rd, Phoenix, AZ, 85041",Phoenix,INVH-908-w-roeser-rd-85041-100669,3,2.0,1431,1945.0,2026-09-09,19 months,False,,,,,,,,https://www.invitationhomes.com/houses-for-rent/908-w-roeser-rd-85041-100669,2026-06-14,2026-09-09,AZ,Phoenix,,,,,908-w-roeser-rd-85041-100669
2026-09-09,INVH,Phoenix,"4854 S 4Th Ave, Phoenix, AZ, 85041",Phoenix,INVH-4854-s-4th-ave-85041-101612,5,2.5,1801,1995.0,2026-10-20,19 months,False,,,,,,,,https://www.invitationhomes.com/houses-for-rent/4854-s-4th-ave-85041-101612,2026-09-06,2026-09-09,AZ,Phoenix,,,,,4854-s-4th-ave-85041-101612
2026-09-09,INVH,Phoenix,"2909 N 42nd Ave, Phoenix, AZ, 85019",Phoenix,INVH-2909-n-42nd-ave-phoenix-az-85019,3,2.0,1320,1790.0,2026-10-06,19 months,False,,,,,,,,https://www.invitationhomes.com/houses-for-rent/2909-n-42nd-ave-phoenix-az-85019,2026-08-23,2026-09-09,AZ,Phoenix,,,,,2909-n-42nd-ave-phoenix-az-85019
2026-09-09,INVH,Phoenix,"4147 W Flower St, Phoenix, AZ, 85019",Phoenix,INVH-4147-w-flower-st-phoenix-az-85019,3,2.0,1546,1745.0,2026-09-09,19 months,False,,,,,,,,https://www.invitationhomes.com/houses-for-rent/4147-w-flower-st-phoenix-az-85019,2026-08-23,2026-09-09,AZ,Phoenix,,,,,4147-w-flower-st-phoenix-az-85019
2026-09-09,INVH,Phoenix,"1109 N 11th St, Phoenix, AZ, 85006",Phoenix,INVH-1109-n-11th-st-phoenix-az-85006,4,2.0,1331,1725.0,2026-09-09,19 months,False,,,,,,,,https://www.invitationhomes.com/houses-for-rent/1109-n-11th-st-phoenix-az-85006,2026-05-24,2026-09-09,AZ,Phoenix,,,,,1109-n-11th-st-phoenix-az-85006
2026-09-09,INVH,Phoenix,"2747 N Greenfield Rd, Phoenix, AZ, 85006",Phoenix,INVH-2747-n-greenfield-rd-phoenix-az-85006,3,2.0,1800,2230.0,2026-09-09,19 months,False,,,,,,,,https://www.invitationhomes.com/houses-for-rent/2747-n-greenfield-rd-phoenix-az-85006,2026-05-09,2026-09-09,AZ,Phoenix,,,,,2747-n-greenfield-rd-phoenix-az-85006
2026-09-09,INVH,Phoenix,"402 N 47th Pl, Phoenix, AZ, 85008",Phoenix,INVH-402-n-47th-pl-phoenix-az-85008,3,1.75,2079,1995.0,2026-09-30,19 months,False,,,,,,,,https://www.invitationhomes.com/houses-for-rent/402-n-47th-pl-phoenix-az-85008,2026-08-16,2026-09-09,AZ,Phoenix,,,,,402-n-47th-pl-phoenix-az-85008
2026-09-09,INVH,Phoenix,"3630 E Oak St, Phoenix, AZ, 85008",Phoenix,INVH-3630-e-oak-st-85008-1577,4,2.0,1062,2335.0,2026-09-20,19 months,False,,,,,,,,https://www.invitationhomes.com/houses-for-rent/3630-e-oak-st-85008-1577,2026-08-16,2026-09-09,AZ,Phoenix,,,,,3630-e-oak-st-85008-1577
2026-09-09,INVH,Phoenix,"5003 E Virginia Ave, Phoenix, AZ, 85008",Phoenix,INVH-5003-e-virginia-ave-85008-5433,3,2.0,1437,2265.0,2026-09-09,19 months,False,,,,,,,,https://www.invitationhomes.com/houses-for-rent/5003-e-virginia-ave-85008-5433,2026-08-10,2026-09-09,AZ,Phoenix,,,,,5003-e-virginia-ave-85008-5433
2026-09-09,INVH,Phoenix,"4033 W San Juan Ave, Phoenix, AZ, 85019",Phoenix,INVH-4033-w-san-juan-ave-phoenix-az-85019,4,2.5,2325,2545.0,2026-09-09,19 months,False,,,,,,,,https://www.invitationhomes.com/houses-for-rent/4033-w-san-juan-ave-phoenix-az-85019,2026-08-02,2026-09-09,AZ,Phoenix,,,,,4033-w-san-juan-ave-phoenix-az-85019
2026-09-09,INVH,Phoenix,"3843 W Oregon Ave, Phoenix, AZ, 85019",Phoenix,INVH-3843-w-oregon-ave-phoenix-az-85019,3,2.5,1250,1765.0,2026-10-19,19 months,False,,,,,,,,https://www.invitationhomes.com/houses-for-rent/3843-w-oregon-ave-phoenix-az-85019,2026-09-06,2026-09-09,AZ,Phoenix,,,,,3843-w-oregon-ave-phoenix-az-85019
2026-09-09,INVH,Phoenix,"2944 W Solano Dr N, Phoenix, AZ, 85017",Phoenix,INVH-2944-w-solano-dr-n-85017-2331,3,2.0,1177,1795.0,2026-09-12,19 months,False,,,,,,,,https://www.invitationhomes.com/houses-for-rent/2944-w-solano-dr-n-85017-2331,2026-09-03,2026-09-09,AZ,Phoenix,,,,,2944-w-solano-dr-n-85017-2331
2026-09-09,INVH,Phoenix,"3808 W Glendale Ave, Phoenix, AZ, 85051",Phoenix,INVH-3808-w-glendale-ave-phoenix-az-85051,3,1.75,1245,1595.0,2026-09-09,19 months,False,,,,,,,,https://www.invitationhomes.com/houses-for-rent/3808-w-glendale-ave-phoenix-az-85051,2026-05-09,2026-09-09,AZ,Phoenix,,,,,3808-w-glendale-ave-phoenix-az-85051
2026-09-09,INVH,Phoenix,"3608 W Ocotillo Rd, Phoenix, AZ, 85019",Phoenix,INVH-3608-w-ocotillo-rd-phoenix-az-85019,3,1.75,1416,1699.0,2026-09-09,19 months,False,,,,,,,,https://www.invitationhomes.com/houses-for-rent/3608-w-ocotillo-rd-phoenix-az-85019,2026-06-09,2026-09-09,AZ,Phoenix,,,,,3608-w-ocotillo-rd-phoenix-az-85019
2026-09-09,INVH,Phoenix,"3814 W Vista Ave, Phoenix, AZ, 85051",Phoenix,INVH-3814-w-vista-ave-phoenix-az-85051,3,2.0,1876,2145.0,2026-10-04,19 months,False,,,,,,,,https://www.invitationhomes.com/houses-for-rent/3814-w-vista-ave-phoenix-az-85051,2026-08-23,2026-09-09,AZ,Phoenix,,,,,3814-w-vista-ave-phoenix-az-85051
2026-09-09,INVH,Phoenix,"3828 W Lane Ave, Phoenix, AZ, 85051",Phoenix,INVH-3828-w-lane-ave-phoenix-az-85051,4,2.0,2054,2249.0,2026-09-09,19 months,False,,,,,,,,https://www.invitationhomes.com/houses-for-rent/3828-w-lane-ave-phoenix-az-85051,2026-07-19,2026-09-09,AZ,Phoenix,,,,,3828-w-lane-ave-phoenix-az-85051
2026-09-09,INVH,Phoenix,"4122 W Echo Ln, Phoenix, AZ, 85051",Phoenix,INVH-4122-w-echo-ln-phoenix-az-85051,3,2.0,1365,1899.0,2026-09-09,19 months,False,,,,,,,,https://www.invitationhomes.com/houses-for-rent/4122-w-echo-ln-phoenix-az-85051,2026-08-02,2026-09-09,AZ,Phoenix,,,,,4122-w-echo-ln-phoenix-az-85051
2026-09-09,INVH,Phoenix,"3514 W Royal Palm Rd, Phoenix, AZ, 85051",Phoenix,INVH-3514-w-royal-palm-rd-85051-101244,3,2.0,1320,1895.0,2026-09-15,19 months,False,,,,,,,,https://www.invitationhomes.com/houses-for-rent/3514-w-royal-palm-rd-85051-101244,2026-08-23,2026-09-09,AZ,Phoenix,,,,,3514-w-royal-palm-rd-85051-101244
2026-09-09,INVH,Phoenix,"3410 W Orchid Ln, Phoenix, AZ, 85051",Phoenix,INVH-3410-w-orchid-ln-85051-2829,3,2.0,1500,1995.0,2026-09-12,19 months,False,,,,,,,,https://www.invitationhomes.com/houses-for-rent/3410-w-orchid-ln-85051-2829,2026-08-02,2026-09-09,AZ,Phoenix,,,,,3410-w-orchid-ln-85051-2829
2026-09-09,INVH,Phoenix,"3725 W Barnes Ln, Phoenix, AZ, 85051",Phoenix,INVH-3725-w-barnes-ln-85051-101650,3,2.0,1601,1995.0,2026-09-09,19 months,False,,,,,,,,https://www.invitationhomes.com/houses-for-rent/3725-w-barnes-ln-85051-101650,2026-07-19,2026-09-09,AZ,Phoenix,,,,,3725-w-barnes-ln-85051-101650
2026-09-09,INVH,Phoenix,"8835 N 29th Ave, Phoenix, AZ, 85051",Phoenix,INVH-8835-n-29th-ave-85051-8261,3,2.0,1300,1895.0,2026-09-12,19 months,False,,,,,,,,https://www.invitationhomes.com/houses-for-rent/8835-n-29th-ave-85051-8261,2026-08-02,2026-09-09,AZ,Phoenix,,,,,8835-n-29th-ave-85051-8261
2026-09-09,INVH,Phoenix,"1944 W Gardenia Drive, Phoenix, AZ, 85021",Phoenix,INVH-1944-w-gardenia-drive-85021-99975,3,1.0,1630,1895.0,2026-09-30,19 months,False,,,,,,,,https://www.invitationhomes.com/houses-for-rent/1944-w-gardenia-drive-85021-99975,2026-08-16,2026-09-09,AZ,Phoenix,,,,,1944-w-gardenia-drive-85021-99975
2026-09-09,INVH,Phoenix,"8415 N 12th St, Phoenix, AZ, 85020",Phoenix,INVH-8415-n-12th-st-phoenix-az-85020,3,2.0,1218,2199.0,2026-09-11,19 months,False,,,,,,,,https://www.invitationhomes.com/houses-for-rent/8415-n-12th-st-phoenix-az-85020,2026-08-23,2026-09-09,AZ,Phoenix,,,,,8415-n-12th-st-phoenix-az-85020
2026-09-09,INVH,Phoenix,"816 W 18th St, Tempe, AZ, 85281",Phoenix,INVH-816-w-18th-st-85281-8753,3,2.0,1287,2390.0,2026-09-09,19 months,False,,,,,,,,https://www.invitationhomes.com/houses-for-rent/816-w-18th-st-85281-8753,2026-08-02,2026-09-09,AZ,Tempe,,,,,816-w-18th-st-85281-8753
2026-09-09,INVH,Phoenix,"1922 E Balboa Dr, Tempe, AZ, 85282",Phoenix,INVH-1922-e-balboa-dr-85282-3537,4,2.0,1638,2895.0,2026-10-12,19 months,False,,,,,,,,https://www.invitationhomes.com/houses-for-rent/1922-e-balboa-dr-85282-3537,2026-09-03,2026-09-09,AZ,Tempe,,,,,1922-e-balboa-dr-85282-3537
2026-09-09,INVH,Phoenix,"5310 E Cambridge Ave, Phoenix, AZ, 85008",Phoenix,INVH-5310-e-cambridge-ave-phoenix-az-85008,3,1.75,1148,2245.0,2026-10-15,19 months,False,,,,,,,,https://www.invitationhomes.com/houses-for-rent/5310-e-cambridge-ave-phoenix-az-85008,2026-09-03,2026-09-09,AZ,Phoenix,,,,,5310-e-cambridge-ave-phoenix-az-85008
2026-09-09,INVH,Phoenix,"7501 E Latham St, Scottsdale, AZ, 85257",Phoenix,INVH-7501-e-latham-st-85257-3799,3,2.0,1515,2295.0,2026-09-09,19 months,False,,,,,,,,https://www.invitationhomes.com/houses-for-rent/7501-e-latham-st-85257-3799,2026-06-09,2026-09-09,AZ,Scottsdale,,,,,7501-e-latham-st-85257-3799
2026-09-09,INVH,Phoenix,"8708 E Palm Ln, Scottsdale, AZ, 85257",Phoenix,INVH-8708-e-palm-ln-85257-4621,3,2.0,1455,2845.0,2026-10-11,19 months,False,,,,,,,,https://www.invitationhomes.com/houses-for-rent/8708-e-palm-ln-85257-4621,2026-09-03,2026-09-09,AZ,Scottsdale,,,,,8708-e-palm-ln-85257-4621
2026-09-09,INVH,Phoenix,"8252 E Monte Vista Rd, Scottsdale, AZ, 85257",Phoenix,INVH-8252-e-monte-vista-rd-85257-4619,3,2.0,1266,2645.0,2026-10-12,19 months,False,,,,,,,,https://www.invitationhomes.com/houses-for-rent/8252-e-monte-vista-rd-85257-4619,2026-09-03,2026-09-09,AZ,Scottsdale,,,,,8252-e-monte-vista-rd-85257-4619
2026-09-09,INVH,Phoenix,"113 N Jade Cir, Mesa, AZ, 85201",Phoenix,INVH-113-n-jade-cir-mesa-az-85201,3,1.75,1516,2145.0,2026-09-09,19 months,False,,,,,,,,https://www.invitationhomes.com/houses-for-rent/113-n-jade-cir-mesa-az-85201,2026-08-02,2026-09-09,AZ,Mesa,,,,,113-n-jade-cir-mesa-az-85201
2026-09-09,INVH,Phoenix,"259 E Marilyn Ave, Mesa, AZ, 85210",Phoenix,INVH-259-e-marilyn-ave-mesa-az-85210,3,1.0,1348,1895.0,2026-10-17,19 months,False,,,,,,,,https://www.invitationhomes.com/houses-for-rent/259-e-marilyn-ave-mesa-az-85210,2026-09-03,2026-09-09,AZ,Mesa,,,,,259-e-marilyn-ave-mesa-az-85210
2026-09-09,INVH,Phoenix,"456 E 6Th Dr Unit A, Mesa, AZ, 85204",Phoenix,INVH-456-e-6th-dr-unit-a-85204-101438,2,1.0,870,1549.0,2026-09-21,19 months,False,,,,,,,,https://www.invitationhomes.com/houses-for-rent/456-e-6th-dr-unit-a-85204-101438,2026-08-02,2026-09-09,AZ,Mesa,,,,,456-e-6th-dr-unit-a-85204-101438
2026-09-09,INVH,Phoenix,"607 S Pioneer, Mesa, AZ, 85204",Phoenix,INVH-607-s-pioneer-85204-9356,3,3.0,1460,2399.0,2026-09-26,19 months,False,,,,,,,,https://www.invitationhomes.com/houses-for-rent/607-s-pioneer-85204-9356,2026-08-10,2026-09-09,AZ,Mesa,,,,,607-s-pioneer-85204-9356
2026-09-09,INVH,Phoenix,"1537 E 6th Ave, Mesa, AZ, 85204",Phoenix,INVH-1537-e-6th-ave-mesa-az-85204,3,2.0,1608,2295.0,2026-10-18,19 months,False,,,,,,,,https://www.invitationhomes.com/houses-for-rent/1537-e-6th-ave-mesa-az-85204,2026-09-03,2026-09-09,AZ,Mesa,,,,,1537-e-6th-ave-mesa-az-85204
2026-09-09,INVH,Phoenix,"907 N Wedgewood Dr, Mesa, AZ, 85203",Phoenix,INVH-907-n-wedgewood-dr-mesa-az-85203,3,2.0,2070,2215.0,2026-09-09,19 months,False,,,,,,,,https://www.invitationhomes.com/houses-for-rent/907-n-wedgewood-dr-mesa-az-85203,2026-07-19,2026-09-09,AZ,Mesa,,,,,907-n-wedgewood-dr-mesa-az-85203
2026-09-09,INVH,Phoenix,"147 W Hillside St, Mesa, AZ, 85201",Phoenix,INVH-147-w-hillside-st-85201-4460,3,1.5,1691,2185.0,2026-09-09,19 months,False,,,,,,,,https://www.invitationhomes.com/houses-for-rent/147-w-hillside-st-85201-4460,2026-07-19,2026-09-09,AZ,Mesa,,,,,147-w-hillside-st-85201-4460
2026-09-09,INVH,Phoenix,"9801 N 37Th Dr, Phoenix, AZ, 85051",Phoenix,INVH-9801-n-37th-dr-85051-101570,3,2.0,1887,2565.0,2026-09-20,19 months,False,,,,,,,,https://www.invitationhomes.com/houses-for-rent/9801-n-37th-dr-85051-101570,2026-09-09,2026-09-09,AZ,Phoenix,,,,,9801-n-37th-dr-85051-101570
2026-09-09,INVH,Phoenix,"3518 W Shangri La Rd, Phoenix, AZ, 85029",Phoenix,INVH-3518-w-shangri-la-rd-85029-101380,4,2.0,1821,2145.0,2026-09-09,19 months,False,,,,,,,,https://www.invitationhomes.com/houses-for-rent/3518-w-shangri-la-rd-85029-101380,2026-07-19,2026-09-09,AZ,Phoenix,,,,,3518-w-shangri-la-rd-85029-101380
2026-09-09,INVH,Phoenix,"3415 W Shaw Butte Dr, Phoenix, AZ, 85029",Phoenix,INVH-3415-w-shaw-butte-dr-85029-3876,4,2.0,1674,2180.0,2026-09-30,19 months,False,,,,,,,,https://www.invitationhomes.com/houses-for-rent/3415-w-shaw-butte-dr-85029-3876,2026-08-16,2026-09-09,AZ,Phoenix,,,,,3415-w-shaw-butte-dr-85029-3876
2026-09-09,INVH,Phoenix,"3321 W Laurel Ln, Phoenix, AZ, 85029",Phoenix,INVH-3321-w-laurel-ln-85029-101410,4,2.0,1860,1845.0,2026-09-09,19 months,False,,,,,,,,https://www.invitationhomes.com/houses-for-rent/3321-w-laurel-ln-85029-101410,2026-07-19,2026-09-09,AZ,Phoenix,,,,,3321-w-laurel-ln-85029-101410
2026-09-09,INVH,Phoenix,"3115 W Becker Ln, Phoenix, AZ, 85029",Phoenix,INVH-3115-w-becker-ln-phoenix-az-85029,4,2.0,1586,2099.0,2026-09-12,19 months,False,,,,,,,,https://www.invitationhomes.com/houses-for-rent/3115-w-becker-ln-phoenix-az-85029,2026-07-19,2026-09-09,AZ,Phoenix,,,,,3115-w-becker-ln-phoenix-az-85029
2026-09-09,INVH,Phoenix,"3943 W Windrose Dr, Phoenix, AZ, 85029",Phoenix,INVH-3943-w-windrose-dr-85029-9440,3,2.0,1248,1960.0,2026-09-25,19 months,False,,,,,,,,https://www.invitationhomes.com/houses-for-rent/3943-w-windrose-dr-85029-9440,2026-08-16,2026-09-09,AZ,Phoenix,,,,,3943-w-windrose-dr-85029-9440
2026-09-09,INVH,Phoenix,"3127 W Sweetwater Ave, Phoenix, AZ, 85029",Phoenix,INVH-3127-w-sweetwater-ave-85029-101387,4,2.0,1783,2145.0,2026-09-15,19 months,False,,,,,,,,https://www.invitationhomes.com/houses-for-rent/3127-w-sweetwater-ave-85029-101387,2026-08-02,2026-09-09,AZ,Phoenix,,,,,3127-w-sweetwater-ave-85029-101387
2026-09-09,INVH,Phoenix,"3713 W Evans Drive, Phoenix, AZ, 85053",Phoenix,INVH-3713-w-evans-drive-85053-101690,4,2.0,1654,1949.0,2026-09-09,19 months,False,,,,,,,,https://www.invitationhomes.com/houses-for-rent/3713-w-evans-drive-85053-101690,2026-06-09,2026-09-09,AZ,Phoenix,,,,,3713-w-evans-drive-85053-101690
2026-09-09,INVH,Phoenix,"1407 W Thunderbird Rd, Phoenix, AZ, 85023",Phoenix,INVH-1407-w-thunderbird-rd-85023-3284,3,2.0,1946,2135.0,2026-09-09,19 months,False,,,,,,,,https://www.invitationhomes.com/houses-for-rent/1407-w-thunderbird-rd-85023-3284,2026-07-19,2026-09-09,AZ,Phoenix,,,,,1407-w-thunderbird-rd-85023-3284
2026-09-09,INVH,Phoenix,"2386 W Betty Elyse Ln, Phoenix, AZ, 85023",Phoenix,INVH-2386-w-betty-elyse-ln-phoenix-az-85023,3,1.75,1350,1945.0,2026-09-09,19 months,False,,,,,,,,https://www.invitationhomes.com/houses-for-rent/2386-w-betty-elyse-ln-phoenix-az-85023,2026-08-10,2026-09-09,AZ,Phoenix,,,,,2386-w-betty-elyse-ln-phoenix-az-85023
2026-09-09,INVH,Phoenix,"2213 W Carolina Dr, Phoenix, AZ, 85023",Phoenix,INVH-2213-w-carolina-dr-phoenix-az-85023,3,2.0,1610,2095.0,2026-09-09,19 months,False,,,,,,,,https://www.invitationhomes.com/houses-for-rent/2213-w-carolina-dr-phoenix-az-85023,2026-07-19,2026-09-09,AZ,Phoenix,,,,,2213-w-carolina-dr-phoenix-az-85023
2026-09-09,INVH,Phoenix,"17402 N 34th Ln, Phoenix, AZ, 85053",Phoenix,INVH-17402-n-34th-ln-phoenix-az-85053,3,2.0,1415,2025.0,2026-09-09,19 months,False,,,,,,,,https://www.invitationhomes.com/houses-for-rent/17402-n-34th-ln-phoenix-az-85053,2026-07-19,2026-09-09,AZ,Phoenix,,,,,17402-n-34th-ln-phoenix-az-85053
2026-09-09,INVH,Phoenix,"1643 W Muriel Dr, Phoenix, AZ, 85023",Phoenix,INVH-1643-w-muriel-dr-phoenix-az-85023,3,2.0,1424,1975.0,2026-09-09,19 months,False,,,,,,,,https://www.invitationhomes.com/houses-for-rent/1643-w-muriel-dr-phoenix-az-85023,2026-07-19,2026-09-09,AZ,Phoenix,,,,,1643-w-muriel-dr-phoenix-az-85023
2026-09-09,INVH,Phoenix,"17244 N 13Th Ave, Phoenix, AZ, 85023",Phoenix,INVH-17244-n-13th-ave-85023-100110,4,3.0,1350,1945.0,2026-10-12,19 months,False,,,,,,,,https://www.invitationhomes.com/houses-for-rent/17244-n-13th-ave-85023-100110,2026-08-10,2026-09-09,AZ,Phoenix,,,,,17244-n-13th-ave-85023-100110
2026-09-09,INVH,Phoenix,"18433 N 2nd Dr, Phoenix, AZ, 85023",Phoenix,INVH-18433-n-2nd-dr-phoenix-az-85023,3,2.0,1546,2085.0,2026-09-09,19 months,False,,,,,,,,https://www.invitationhomes.com/houses-for-rent/18433-n-2nd-dr-phoenix-az-85023,2026-07-19,2026-09-09,AZ,Phoenix,,,,,18433-n-2nd-dr-phoenix-az-85023
2026-09-09,INVH,Phoenix,"517 E Kerry Lane, Phoenix, AZ, 85024",Phoenix,INVH-517-e-kerry-lane-85024-100202,3,2.0,1780,2395.0,2026-10-12,19 months,False,,,,,,,,https://www.invitationhomes.com/houses-for-rent/517-e-kerry-lane-85024-100202,2026-09-03,2026-09-09,AZ,Phoenix,,,,,517-e-kerry-lane-85024-100202
2026-09-09,INVH,Phoenix,"12042 N 28th Pl, Phoenix, AZ, 85028",Phoenix,INVH-12042-n-28th-pl-phoenix-az-85028,3,1.75,1757,2730.0,2026-09-09,19 months,False,,,,,,,,https://www.invitationhomes.com/houses-for-rent/12042-n-28th-pl-phoenix-az-85028,2026-07-19,2026-09-09,AZ,Phoenix,,,,,12042-n-28th-pl-phoenix-az-85028
2026-09-09,INVH,Phoenix,"13450 N 36th Pl, Phoenix, AZ, 85032",Phoenix,INVH-13450-n-36th-pl-85032-8205,3,2.0,1440,2130.0,2026-09-09,19 months,False,,,,,,,,https://www.invitationhomes.com/houses-for-rent/13450-n-36th-pl-85032-8205,2026-07-19,2026-09-09,AZ,Phoenix,,,,,13450-n-36th-pl-85032-8205
2026-09-09,INVH,Phoenix,"3922 E Emile Zola Ave, Phoenix, AZ, 85032",Phoenix,INVH-3922-e-emile-zola-ave-85032-4716,4,3.0,1625,2645.0,2026-10-10,19 months,False,,,,,,,,https://www.invitationhomes.com/houses-for-rent/3922-e-emile-zola-ave-85032-4716,2026-09-03,2026-09-09,AZ,Phoenix,,,,,3922-e-emile-zola-ave-85032-4716
2026-09-09,INVH,Phoenix,"14256 N 37th Way, Phoenix, AZ, 85032",Phoenix,INVH-14256-n-37th-way-85032-7168,4,2.0,1501,2249.0,2026-09-09,19 months,False,,,,,,,,https://www.invitationhomes.com/houses-for-rent/14256-n-37th-way-85032-7168,2026-07-19,2026-09-09,AZ,Phoenix,,,,,14256-n-37th-way-85032-7168
2026-09-09,INVH,Phoenix,"14235 N 39Th Way, Phoenix, AZ, 85032",Phoenix,INVH-14235-n-39th-way-85032-100074,3,2.0,1493,2095.0,2026-09-09,19 months,False,,,,,,,,https://www.invitationhomes.com/houses-for-rent/14235-n-39th-way-85032-100074,2026-05-03,2026-09-09,AZ,Phoenix,,,,,14235-n-39th-way-85032-100074
2026-09-09,INVH,Phoenix,"4143 E Sweetwater Ave, Phoenix, AZ, 85032",Phoenix,INVH-4143-e-sweetwater-ave-phoenix-az-85032,3,2.0,1700,2645.0,2026-10-06,19 months,False,,,,,,,,https://www.invitationhomes.com/houses-for-rent/4143-e-sweetwater-ave-phoenix-az-85032,2026-08-23,2026-09-09,AZ,Phoenix,,,,,4143-e-sweetwater-ave-phoenix-az-85032
2026-09-09,INVH,Phoenix,"2307 E Hillery Dr, Phoenix, AZ, 85022",Phoenix,INVH-2307-e-hillery-dr-85022-5227,3,2.0,1197,1940.0,2026-09-11,19 months,False,,,,,,,,https://www.invitationhomes.com/houses-for-rent/2307-e-hillery-dr-85022-5227,2026-08-10,2026-09-09,AZ,Phoenix,,,,,2307-e-hillery-dr-85022-5227
2026-09-09,INVH,Phoenix,"1433 E Utopia Road, Phoenix, AZ, 85024",Phoenix,INVH-1433-e-utopia-road-85024-101045,4,2.5,2056,2645.0,2026-09-09,19 months,False,,,,,,,,https://www.invitationhomes.com/houses-for-rent/1433-e-utopia-road-85024-101045,2026-07-19,2026-09-09,AZ,Phoenix,,,,,1433-e-utopia-road-85024-101045
2026-09-09,INVH,Phoenix,"2720 E Michelle Dr, Phoenix, AZ, 85032",Phoenix,INVH-2720-e-michelle-dr-85032-3416,3,2.0,1358,2145.0,2026-09-24,19 months,False,,,,,,,,https://www.invitationhomes.com/houses-for-rent/2720-e-michelle-dr-85032-3416,2026-08-10,2026-09-09,AZ,Phoenix,,,,,2720-e-michelle-dr-85032-3416
2026-09-09,INVH,Phoenix,"2937 E Michigan Ave, Phoenix, AZ, 85032",Phoenix,INVH-2937-e-michigan-ave-85032-99890,3,2.0,1502,2395.0,2026-09-12,19 months,False,,,,,,,,https://www.invitationhomes.com/houses-for-rent/2937-e-michigan-ave-85032-99890,2026-08-10,2026-09-09,AZ,Phoenix,,,,,2937-e-michigan-ave-85032-99890
2026-09-09,INVH,Phoenix,"14428 N 33Rd Pl, Phoenix, AZ, 85032",Phoenix,INVH-14428-n-33rd-pl-85032-101817,3,2.0,1527,2295.0,2026-10-12,19 months,False,,,,,,,,https://www.invitationhomes.com/houses-for-rent/14428-n-33rd-pl-85032-101817,2026-09-03,2026-09-09,AZ,Phoenix,,,,,14428-n-33rd-pl-85032-101817
2026-09-09,INVH,Phoenix,"3041 E Bremen Street, Phoenix, AZ, 85032",Phoenix,INVH-3041-e-bremen-street-85032-99881,3,2.0,1402,2445.0,2026-09-28,19 months,False,,,,,,,,https://www.invitationhomes.com/houses-for-rent/3041-e-bremen-street-85032-99881,2026-08-16,2026-09-09,AZ,Phoenix,,,,,3041-e-bremen-street-85032-99881
2026-09-09,INVH,Phoenix,"3538 E Anderson Dr, Phoenix, AZ, 85032",Phoenix,INVH-3538-e-anderson-dr-85032-4093,3,2.0,1306,2295.0,2026-09-09,19 months,False,,,,,,,,https://www.invitationhomes.com/houses-for-rent/3538-e-anderson-dr-85032-4093,2026-07-19,2026-09-09,AZ,Phoenix,,,,,3538-e-anderson-dr-85032-4093
2026-09-09,INVH,Phoenix,"3765 E Kerry Ln, Phoenix, AZ, 85050",Phoenix,INVH-3765-e-kerry-ln-85050-100483,3,2.5,1819,2545.0,2026-10-12,19 months,False,,,,,,,,https://www.invitationhomes.com/houses-for-rent/3765-e-kerry-ln-85050-100483,2026-09-03,2026-09-09,AZ,Phoenix,,,,,3765-e-kerry-ln-85050-100483
2026-09-09,INVH,Phoenix,"3221 W Irma Lane, Phoenix, AZ, 85027",Phoenix,INVH-3221-w-irma-lane-85027-101028,3,2.0,1200,2015.0,2026-10-12,19 months,False,,,,,,,,https://www.invitationhomes.com/houses-for-rent/3221-w-irma-lane-85027-101028,2026-09-03,2026-09-09,AZ,Phoenix,,,,,3221-w-irma-lane-85027-101028
2026-09-09,INVH,Phoenix,"2220 W Oraibi Dr, Phoenix, AZ, 85027",Phoenix,INVH-2220-w-oraibi-dr-phoenix-az-85027,3,1.75,1283,1795.0,2026-09-09,19 months,False,,,,,,,,https://www.invitationhomes.com/houses-for-rent/2220-w-oraibi-dr-phoenix-az-85027,2026-07-19,2026-09-09,AZ,Phoenix,,,,,2220-w-oraibi-dr-phoenix-az-85027
2026-09-09,INVH,Phoenix,"3959 W Electra Ln, Glendale, AZ, 85310",Phoenix,INVH-3959-w-electra-ln-85310-101360,3,2.5,1431,1949.0,2026-09-09,19 months,False,,,,,,,,https://www.invitationhomes.com/houses-for-rent/3959-w-electra-ln-85310-101360,2026-06-09,2026-09-09,AZ,Glendale,,,,,3959-w-electra-ln-85310-101360
2026-09-09,INVH,Phoenix,"4057 W Cielo Grande, Glendale, AZ, 85310",Phoenix,INVH-4057-w-cielo-grande-85310-82987,4,2.0,1807,2249.0,2026-09-09,19 months,False,,,,,,,,https://www.invitationhomes.com/houses-for-rent/4057-w-cielo-grande-85310-82987,2026-08-02,2026-09-09,AZ,Glendale,,,,,4057-w-cielo-grande-85310-82987
2026-09-09,INVH,Phoenix,"601 W Oraibi Dr, Phoenix, AZ, 85027",Phoenix,INVH-601-w-oraibi-dr-85027-101518,4,2.0,1674,2245.0,2026-09-09,19 months,False,,,,,,,,https://www.invitationhomes.com/houses-for-rent/601-w-oraibi-dr-85027-101518,2026-07-19,2026-09-09,AZ,Phoenix,,,,,601-w-oraibi-dr-85027-101518
2026-09-09,INVH,Phoenix,"27921 N 23rd Dr, Phoenix, AZ, 85085",Phoenix,INVH-27921-n-23rd-dr-85085-8255,3,2.5,1982,2485.0,2026-09-09,19 months,False,,,,,,,,https://www.invitationhomes.com/houses-for-rent/27921-n-23rd-dr-85085-8255,2026-08-02,2026-09-09,AZ,Phoenix,,,,,27921-n-23rd-dr-85085-8255
2026-09-09,INVH,Phoenix,"8962 E Yucca St, Scottsdale, AZ, 85260",Phoenix,INVH-8962-e-yucca-st-scottsdale-az-85260,3,2.5,2172,2895.0,2026-09-09,19 months,False,,,,,,,,https://www.invitationhomes.com/houses-for-rent/8962-e-yucca-st-scottsdale-az-85260,2026-06-09,2026-09-09,AZ,Scottsdale,,,,,8962-e-yucca-st-scottsdale-az-85260
2026-09-09,INVH,Phoenix,"2713 E La Costa Dr, Chandler, AZ, 85249",Phoenix,INVH-2713-e-la-costa-dr-85249-6001,4,2.5,1896,2425.0,2026-10-12,19 months,False,,,,,,,,https://www.invitationhomes.com/houses-for-rent/2713-e-la-costa-dr-85249-6001,2026-09-09,2026-09-09,AZ,Chandler,,,,,2713-e-la-costa-dr-85249-6001
2026-09-09,INVH,Phoenix,"7035 S San Jacinto Ct, Gilbert, AZ, 85298",Phoenix,INVH-7035-s-san-jacinto-ct-85298-95544,4,3.0,2480,3080.0,2026-09-11,19 months,False,,,,,,,,https://www.invitationhomes.com/houses-for-rent/7035-s-san-jacinto-ct-85298-95544,2026-06-14,2026-09-09,AZ,Gilbert,,,,,7035-s-san-jacinto-ct-85298-95544
2026-09-09,INVH,Phoenix,"2629 W Prospector Way, San Tan Valley, AZ, 85142",Phoenix,INVH-2629-w-prospector-way-85142-8778,4,2.0,1584,1895.0,2026-09-09,19 months,False,,,,,,,,https://www.invitationhomes.com/houses-for-rent/2629-w-prospector-way-85142-8778,2026-08-10,2026-09-09,AZ,San Tan Valley,,,,,2629-w-prospector-way-85142-8778
2026-09-09,INVH,Phoenix,"23226 N Serenity Trail, Florence, AZ, 85132",Phoenix,INVH-23226-n-serenity-trail-85132-99935,4,2.5,2441,2095.0,2026-09-24,19 months,False,,,,,,,,https://www.invitationhomes.com/houses-for-rent/23226-n-serenity-trail-85132-99935,2026-08-10,2026-09-09,AZ,Florence,,,,,23226-n-serenity-trail-85132-99935
2026-09-09,INVH,Phoenix,"1344 E Palomino Way, San Tan Valley, AZ, 85143",Phoenix,INVH-1344-e-palomino-way-85143-84844,4,2.5,2175,1920.0,2026-09-09,19 months,False,,,,,,,,https://www.invitationhomes.com/houses-for-rent/1344-e-palomino-way-85143-84844,2026-08-16,2026-09-09,AZ,San Tan Valley,,,,,1344-e-palomino-way-85143-84844
2026-09-09,INVH,Phoenix,"29821 N Broken Shale Dr, San Tan Valley, AZ, 85143",Phoenix,INVH-29821-n-broken-shale-dr-85143-4030,3,2.0,1529,1695.0,2026-09-09,19 months,False,,,,,,,,https://www.invitationhomes.com/houses-for-rent/29821-n-broken-shale-dr-85143-4030,2026-07-19,2026-09-09,AZ,San Tan Valley,,,,,29821-n-broken-shale-dr-85143-4030
2026-09-09,INVH,Phoenix,"28588 N Rainfall Dr, San Tan Valley, AZ, 85143",Phoenix,INVH-28588-n-rainfall-dr-85143-88383,3,2.0,1610,1949.0,2026-09-17,19 months,False,,,,,,,,https://www.invitationhomes.com/houses-for-rent/28588-n-rainfall-dr-85143-88383,2026-08-16,2026-09-09,AZ,San Tan Valley,,,,,28588-n-rainfall-dr-85143-88383
2026-09-09,INVH,Phoenix,"780 E Denim Trl, San Tan Valley, AZ, 85143",Phoenix,INVH-780-e-denim-trl-85143-5062,4,3.0,2408,2025.0,2026-09-09,19 months,False,,,,,,,,https://www.invitationhomes.com/houses-for-rent/780-e-denim-trl-85143-5062,2026-08-23,2026-09-09,AZ,San Tan Valley,,,,,780-e-denim-trl-85143-5062
2026-09-09,INVH,Phoenix,"934 E Silversmith Trl, San Tan Valley, AZ, 85143",Phoenix,INVH-934-e-silversmith-trl-san-tan-valley-az-85143,3,2.0,1266,1635.0,2026-09-29,19 months,False,,,,,,,,https://www.invitationhomes.com/houses-for-rent/934-e-silversmith-trl-san-tan-valley-az-85143,2026-08-16,2026-09-09,AZ,San Tan Valley,,,,,934-e-silversmith-trl-san-tan-valley-az-85143
2026-09-09,INVH,Phoenix,"1715 E Desert Moon Trl, San Tan Valley, AZ, 85143",Phoenix,INVH-1715-e-desert-moon-trl-85143-6847,3,2.0,1266,1715.0,2026-09-09,19 months,False,,,,,,,,https://www.invitationhomes.com/houses-for-rent/1715-e-desert-moon-trl-85143-6847,2026-08-02,2026-09-09,AZ,San Tan Valley,,,,,1715-e-desert-moon-trl-85143-6847
2026-09-09,INVH,Phoenix,"31043 N Dry Creek Way, San Tan Valley, AZ, 85143",Phoenix,INVH-31043-n-dry-creek-way-85143-5674,3,2.0,1631,1849.0,2026-09-09,19 months,False,,,,,,,,https://www.invitationhomes.com/houses-for-rent/31043-n-dry-creek-way-85143-5674,2026-07-19,2026-09-09,AZ,San Tan Valley,,,,,31043-n-dry-creek-way-85143-5674
2026-09-09,INVH,Phoenix,"4515 W Crescent Rd, San Tan Valley, AZ, 85144",Phoenix,INVH-4515-w-crescent-rd-85142-7287,3,2.5,1773,1830.0,2026-09-09,19 months,False,,,,,,,,https://www.invitationhomes.com/houses-for-rent/4515-w-crescent-rd-85142-7287,2026-07-19,2026-09-09,AZ,San Tan Valley,,,,,4515-w-crescent-rd-85142-7287
2026-09-09,INVH,Phoenix,"3185 W Dancer Ln, Queen Creek, AZ, 85142",Phoenix,INVH-3185-w-dancer-ln-85142-100902,4,2.0,1712,1940.0,2026-09-09,19 months,False,,,,,,,,https://www.invitationhomes.com/houses-for-rent/3185-w-dancer-ln-85142-100902,2026-08-23,2026-09-09,AZ,Queen Creek,,,,,3185-w-dancer-ln-85142-100902
2026-09-09,INVH,Phoenix,"3217 W Santa Cruz Ave, San Tan Valley, AZ, 85142",Phoenix,INVH-3217-w-santa-cruz-ave-85142-83843,4,2.5,2010,1999.0,2026-09-09,19 months,False,,,,,,,,https://www.invitationhomes.com/houses-for-rent/3217-w-santa-cruz-ave-85142-83843,2026-07-19,2026-09-09,AZ,San Tan Valley,,,,,3217-w-santa-cruz-ave-85142-83843
2026-09-09,INVH,Phoenix,"34927 N Mirandesa Dr, San Tan Valley, AZ, 85143",Phoenix,INVH-34927-n-mirandesa-dr-85143-90451,4,2.5,1837,2135.0,2026-10-08,19 months,False,,,,,,,,https://www.invitationhomes.com/houses-for-rent/34927-n-mirandesa-dr-85143-90451,2026-09-03,2026-09-09,AZ,San Tan Valley,,,,,34927-n-mirandesa-dr-85143-90451
2026-09-09,INVH,Phoenix,"3831 W Naomi Ln, Queen Creek, AZ, 85142",Phoenix,INVH-3831-w-naomi-ln-queen-creek-az-85142,4,2.5,2011,2040.0,2026-09-09,19 months,False,,,,,,,,https://www.invitationhomes.com/houses-for-rent/3831-w-naomi-ln-queen-creek-az-85142,2026-08-02,2026-09-09,AZ,Queen Creek,,,,,3831-w-naomi-ln-queen-creek-az-85142
2026-09-09,INVH,Phoenix,"1711 W Quick Draw Way, Queen Creek, AZ, 85142",Phoenix,INVH-1711-w-quick-draw-way-85142-84507,4,2.5,1508,1949.0,2026-10-24,19 months,False,,,,,,,,https://www.invitationhomes.com/houses-for-rent/1711-w-quick-draw-way-85142-84507,2026-09-09,2026-09-09,AZ,Queen Creek,,,,,1711-w-quick-draw-way-85142-84507
2026-09-09,INVH,Phoenix,"1374 W Matthews Dr, San Tan Valley, AZ, 85143",Phoenix,INVH-1374-w-matthews-dr-85143-4507,4,2.5,2276,2099.0,2026-09-09,19 months,False,,,,,,,,https://www.invitationhomes.com/houses-for-rent/1374-w-matthews-dr-85143-4507,2026-08-02,2026-09-09,AZ,San Tan Valley,,,,,1374-w-matthews-dr-85143-4507
2026-09-09,INVH,Phoenix,"977 W Jersey Way, San Tan Valley, AZ, 85143",Phoenix,INVH-977-w-jersey-way-85143-95779,5,3.0,3196,2870.0,2026-09-09,19 months,False,,,,,,,,https://www.invitationhomes.com/houses-for-rent/977-w-jersey-way-85143-95779,2026-08-16,2026-09-09,AZ,San Tan Valley,,,,,977-w-jersey-way-85143-95779
2026-09-09,INVH,Phoenix,"1063 W Brangus Way, San Tan Valley, AZ, 85143",Phoenix,INVH-1063-w-brangus-way-85143-7154,4,2.0,2204,2360.0,2026-09-09,19 months,False,,,,,,,,https://www.invitationhomes.com/houses-for-rent/1063-w-brangus-way-85143-7154,2026-07-19,2026-09-09,AZ,San Tan Valley,,,,,1063-w-brangus-way-85143-7154
2026-09-09,INVH,Phoenix,"447 W Corriente Ct, San Tan Valley, AZ, 85143",Phoenix,INVH-447-w-corriente-ct-85143-3540,4,2.0,1828,1925.0,2026-09-09,19 months,False,,,,,,,,https://www.invitationhomes.com/houses-for-rent/447-w-corriente-ct-85143-3540,2026-06-14,2026-09-09,AZ,San Tan Valley,,,,,447-w-corriente-ct-85143-3540
2026-09-09,INVH,Phoenix,"166 W Brangus Way, San Tan Valley, AZ, 85143",Phoenix,INVH-166-w-brangus-way-san-tan-valley-az-85143,4,2.5,2185,2060.0,2026-09-11,19 months,False,,,,,,,,https://www.invitationhomes.com/houses-for-rent/166-w-brangus-way-san-tan-valley-az-85143,2026-07-19,2026-09-09,AZ,San Tan Valley,,,,,166-w-brangus-way-san-tan-valley-az-85143
2026-09-09,INVH,Phoenix,"35407 N Shorthorn Trl, San Tan Valley, AZ, 85143",Phoenix,INVH-35407-n-shorthorn-trl-85143-3064,4,3.0,1857,2099.0,2026-09-09,19 months,False,,,,,,,,https://www.invitationhomes.com/houses-for-rent/35407-n-shorthorn-trl-85143-3064,2026-08-10,2026-09-09,AZ,San Tan Valley,,,,,35407-n-shorthorn-trl-85143-3064
2026-09-09,INVH,Phoenix,"395 W White Sands Dr, San Tan Valley, AZ, 85140",Phoenix,INVH-395-w-white-sands-dr-85140-89078,4,3.0,2688,2445.0,2026-10-09,19 months,False,,,,,,,,https://www.invitationhomes.com/houses-for-rent/395-w-white-sands-dr-85140-89078,2026-09-03,2026-09-09,AZ,San Tan Valley,,,,,395-w-white-sands-dr-85140-89078
2026-09-09,INVH,Phoenix,"5541 E Santa Clara Drive, San Tan Valley, AZ, 85140",Phoenix,INVH-5541-e-santa-clara-drive-85140-100775,3,2.0,1476,1825.0,2026-09-09,19 months,False,,,,,,,,https://www.invitationhomes.com/houses-for-rent/5541-e-santa-clara-drive-85140-100775,2026-07-19,2026-09-09,AZ,San Tan Valley,,,,,5541-e-santa-clara-drive-85140-100775
2026-09-09,INVH,Phoenix,"3961 E French Trotter St, San Tan Valley, AZ, 85140",Phoenix,INVH-3961-e-french-trotter-st-85140-92043,4,3.0,2027,2280.0,2026-09-09,19 months,False,,,,,,,,https://www.invitationhomes.com/houses-for-rent/3961-e-french-trotter-st-85140-92043,2026-08-02,2026-09-09,AZ,San Tan Valley,,,,,3961-e-french-trotter-st-85140-92043
2026-09-09,INVH,Phoenix,"3352 E Chickadee Road, Gilbert, AZ, 85297",Phoenix,INVH-3352-e-chickadee-road-85297-100337,3,2.0,1529,2630.0,2026-09-09,19 months,False,,,,,,,,https://www.invitationhomes.com/houses-for-rent/3352-e-chickadee-road-85297-100337,2026-08-02,2026-09-09,AZ,Gilbert,,,,,3352-e-chickadee-road-85297-100337
2026-09-09,INVH,Phoenix,"33987 N Desert Star Dr, San Tan Valley, AZ, 85142",Phoenix,INVH-33987-n-desert-star-drive-85142-3706,4,2.0,1912,2230.0,2026-09-11,19 months,False,,,,,,,,https://www.invitationhomes.com/houses-for-rent/33987-n-desert-star-drive-85142-3706,2026-08-02,2026-09-09,AZ,San Tan Valley,,,,,33987-n-desert-star-drive-85142-3706
2026-09-09,INVH,Phoenix,"21110 E Duncan St, Queen Creek, AZ, 85142",Phoenix,INVH-21110-e-duncan-st-85142-4451,4,2.5,2244,2195.0,2026-09-29,19 months,False,,,,,,,,https://www.invitationhomes.com/houses-for-rent/21110-e-duncan-st-85142-4451,2026-08-16,2026-09-09,AZ,Queen Creek,,,,,21110-e-duncan-st-85142-4451
2026-09-09,INVH,Phoenix,"3574 W Mesquite Ave, Queen Creek, AZ, 85142",Phoenix,INVH-3574-w-mesquite-ave-85142-2870,4,2.0,1720,1995.0,2026-09-23,19 months,False,,,,,,,,https://www.invitationhomes.com/houses-for-rent/3574-w-mesquite-ave-85142-2870,2026-08-10,2026-09-09,AZ,Queen Creek,,,,,3574-w-mesquite-ave-85142-2870
2026-09-09,INVH,Phoenix,"3810 E Chickadee Rd, Gilbert, AZ, 85297",Phoenix,INVH-3810-e-chickadee-rd-85297-85704,4,3.0,2504,2695.0,2026-09-09,19 months,False,,,,,,,,https://www.invitationhomes.com/houses-for-rent/3810-e-chickadee-rd-85297-85704,2026-07-19,2026-09-09,AZ,Gilbert,,,,,3810-e-chickadee-rd-85297-85704
2026-09-09,INVH,Phoenix,"4057 E Wagon Ct, Gilbert, AZ, 85297",Phoenix,INVH-4057-e-wagon-ct-85297-89380,4,2.5,1988,2475.0,2026-10-23,19 months,False,,,,,,,,https://www.invitationhomes.com/houses-for-rent/4057-e-wagon-ct-85297-89380,2026-09-09,2026-09-09,AZ,Gilbert,,,,,4057-e-wagon-ct-85297-89380
2026-09-09,INVH,Phoenix,"3926 S Napa Ln, Gilbert, AZ, 85297",Phoenix,INVH-3926-s-napa-ln-gilbert-az-85297,3,2.5,1564,2065.0,2026-10-12,19 months,False,,,,,,,,https://www.invitationhomes.com/houses-for-rent/3926-s-napa-ln-gilbert-az-85297,2026-09-03,2026-09-09,AZ,Gilbert,,,,,3926-s-napa-ln-gilbert-az-85297
2026-09-09,INVH,Phoenix,"3915 S Napa Ln, Gilbert, AZ, 85297",Phoenix,INVH-3915-s-napa-ln-85297-2715,3,3.0,1564,2135.0,2026-09-09,19 months,False,,,,,,,,https://www.invitationhomes.com/houses-for-rent/3915-s-napa-ln-85297-2715,2026-04-04,2026-09-09,AZ,Gilbert,,,,,3915-s-napa-ln-85297-2715
2026-09-09,INVH,Phoenix,"3917 S Rim Rd, Gilbert, AZ, 85297",Phoenix,INVH-3917-s-rim-rd-85297-89393,3,2.5,2102,2545.0,2026-09-09,19 months,False,,,,,,,,https://www.invitationhomes.com/houses-for-rent/3917-s-rim-rd-85297-89393,2026-09-03,2026-09-09,AZ,Gilbert,,,,,3917-s-rim-rd-85297-89393
2026-09-09,INVH,Phoenix,"2776 W Santa Cruz Ave, Queen Creek, AZ, 85142",Phoenix,INVH-2776-w-santa-cruz-ave-85142-2590,3,2.0,1766,2330.0,2026-10-14,19 months,False,,,,,,,,https://www.invitationhomes.com/houses-for-rent/2776-w-santa-cruz-ave-85142-2590,2026-09-03,2026-09-09,AZ,Queen Creek,,,,,2776-w-santa-cruz-ave-85142-2590
2026-09-09,INVH,Phoenix,"2270 S Wallrade Ln, Gilbert, AZ, 85295",Phoenix,INVH-2270-s-wallrade-ln-85295-84979,4,2.5,2129,2540.0,2026-09-09,19 months,False,,,,,,,,https://www.invitationhomes.com/houses-for-rent/2270-s-wallrade-ln-85295-84979,2026-08-02,2026-09-09,AZ,Gilbert,,,,,2270-s-wallrade-ln-85295-84979
2026-09-09,INVH,Phoenix,"4131 E Toledo St, Gilbert, AZ, 85295",Phoenix,INVH-4131-e-toledo-st-85295-85023,4,2.5,2029,2470.0,2026-10-06,19 months,False,,,,,,,,https://www.invitationhomes.com/houses-for-rent/4131-e-toledo-st-85295-85023,2026-09-03,2026-09-09,AZ,Gilbert,,,,,4131-e-toledo-st-85295-85023
2026-09-09,INVH,Phoenix,"1576 E Orchid Ct Unit F, Gilbert, AZ, 85296",Phoenix,INVH-1576-e-orchid-ct-85296-85831,4,3.0,1661,2360.0,2026-10-02,19 months,False,,,,,,,,https://www.invitationhomes.com/houses-for-rent/1576-e-orchid-ct-85296-85831,2026-09-03,2026-09-09,AZ,Gilbert,,,,,1576-e-orchid-ct-85296-85831
2026-09-09,INVH,Phoenix,"114 E Palomino Dr, Gilbert, AZ, 85296",Phoenix,INVH-114-e-palomino-dr-85296-91355,3,2.5,1564,2275.0,2026-09-09,19 months,False,,,,,,,,https://www.invitationhomes.com/houses-for-rent/114-e-palomino-dr-85296-91355,2026-08-23,2026-09-09,AZ,Gilbert,,,,,114-e-palomino-dr-85296-91355
2026-09-09,INVH,Phoenix,"1757 S Voyager Dr, Gilbert, AZ, 85295",Phoenix,INVH-1757-s-voyager-dr-85295-112394,3,2.5,1716,2540.0,2026-10-04,19 months,False,,,,,,,,https://www.invitationhomes.com/houses-for-rent/1757-s-voyager-dr-85295-112394,2026-08-23,2026-09-09,AZ,Gilbert,,,,,1757-s-voyager-dr-85295-112394
2026-09-09,INVH,Phoenix,"2640 E Megan St, Gilbert, AZ, 85295",Phoenix,INVH-2640-e-megan-st-85295-87169,4,3.0,1884,2345.0,2026-09-09,19 months,False,,,,,,,,https://www.invitationhomes.com/houses-for-rent/2640-e-megan-st-85295-87169,2026-08-23,2026-09-09,AZ,Gilbert,,,,,2640-e-megan-st-85295-87169
2026-09-09,INVH,Phoenix,"1477 S Sinova Ave, Gilbert, AZ, 85296",Phoenix,INVH-1477-s-sinova-ave-85296-88059,3,2.5,1761,2299.0,2026-09-11,24 months,False,,,,,,,,https://www.invitationhomes.com/houses-for-rent/1477-s-sinova-ave-85296-88059,2026-08-10,2026-09-09,AZ,Gilbert,,,,,1477-s-sinova-ave-85296-88059
2026-09-09,INVH,Phoenix,"1483 S Colt Dr, Gilbert, AZ, 85296",Phoenix,INVH-1483-s-colt-dr-85296-88024,3,2.5,1761,2299.0,2026-10-24,24 months,False,,,,,,,,https://www.invitationhomes.com/houses-for-rent/1483-s-colt-dr-85296-88024,2026-09-09,2026-09-09,AZ,Gilbert,,,,,1483-s-colt-dr-85296-88024
2026-09-09,INVH,Phoenix,"3373 E Liberty Ln, Gilbert, AZ, 85296",Phoenix,INVH-3373-e-liberty-ln-85296-87981,3,2.5,1761,2299.0,2026-09-09,24 months,False,,,,,,,,https://www.invitationhomes.com/houses-for-rent/3373-e-liberty-ln-85296-87981,2026-08-16,2026-09-09,AZ,Gilbert,,,,,3373-e-liberty-ln-85296-87981
2026-09-09,INVH,Phoenix,"3392 E Liberty Ln, Gilbert, AZ, 85296",Phoenix,INVH-3392-e-liberty-ln-85296-87989,4,3.5,2061,2685.0,2026-09-11,24 months,False,,,,,,,,https://www.invitationhomes.com/houses-for-rent/3392-e-liberty-ln-85296-87989,2026-08-10,2026-09-09,AZ,Gilbert,,,,,3392-e-liberty-ln-85296-87989
2026-09-09,INVH,Phoenix,"3376 E Liberty Ln, Gilbert, AZ, 85296",Phoenix,INVH-3376-e-liberty-ln-85296-87997,3,2.5,1576,2235.0,2026-09-18,24 months,False,,,,,,,,https://www.invitationhomes.com/houses-for-rent/3376-e-liberty-ln-85296-87997,2026-09-03,2026-09-09,AZ,Gilbert,,,,,3376-e-liberty-ln-85296-87997
2026-09-09,INVH,Phoenix,"3642 E Constitution Dr, Gilbert, AZ, 85296",Phoenix,INVH-3642-e-constitution-dr-85296-112380,3,2.5,1576,2245.0,2026-09-30,19 months,False,,,,,,,,https://www.invitationhomes.com/houses-for-rent/3642-e-constitution-dr-85296-112380,2026-08-16,2026-09-09,AZ,Gilbert,,,,,3642-e-constitution-dr-85296-112380
2026-09-09,INVH,Phoenix,"1413 S Ponderosa Dr, Gilbert, AZ, 85296",Phoenix,INVH-1413-s-ponderosa-dr-85296-87935,4,3.5,2061,2685.0,2026-10-06,24 months,False,,,,,,,,https://www.invitationhomes.com/houses-for-rent/1413-s-ponderosa-dr-85296-87935,2026-08-23,2026-09-09,AZ,Gilbert,,,,,1413-s-ponderosa-dr-85296-87935
2026-09-09,INVH,Phoenix,"1407 S Moccasin Trl, Gilbert, AZ, 85296",Phoenix,INVH-1407-s-moccasin-trl-85296-87965,4,3.5,2061,2599.0,2026-09-09,24 months,False,,,,,,,,https://www.invitationhomes.com/houses-for-rent/1407-s-moccasin-trl-85296-87965,2026-07-19,2026-09-09,AZ,Gilbert,,,,,1407-s-moccasin-trl-85296-87965
2026-09-09,INVH,Phoenix,"1375 S Moccasin Trl, Gilbert, AZ, 85296",Phoenix,INVH-1375-s-moccasin-trl-85296-87957,3,2.5,1761,2299.0,2026-10-08,24 months,False,,,,,,,,https://www.invitationhomes.com/houses-for-rent/1375-s-moccasin-trl-85296-87957,2026-09-03,2026-09-09,AZ,Gilbert,,,,,1375-s-moccasin-trl-85296-87957
2026-09-09,INVH,Phoenix,"1370 S Ponderosa Dr, Gilbert, AZ, 85296",Phoenix,INVH-1370-s-ponderosa-dr-85296-87951,3,2.5,1576,2175.0,2026-09-09,24 months,False,,,,,,,,https://www.invitationhomes.com/houses-for-rent/1370-s-ponderosa-dr-85296-87951,2026-06-14,2026-09-09,AZ,Gilbert,,,,,1370-s-ponderosa-dr-85296-87951
2026-09-09,INVH,Phoenix,"1382 S Ponderosa Dr, Gilbert, AZ, 85296",Phoenix,INVH-1382-s-ponderosa-dr-85296-9755,3,2.5,1764,2299.0,2026-10-12,24 months,False,,,,,,,,https://www.invitationhomes.com/houses-for-rent/1382-s-ponderosa-dr-85296-9755,2026-04-04,2026-09-09,AZ,Gilbert,,,,,1382-s-ponderosa-dr-85296-9755
2026-09-09,INVH,Phoenix,"1373 S Ponderosa Dr, Gilbert, AZ, 85296",Phoenix,INVH-1373-s-ponderosa-dr-85296-87921,3,2.5,1576,2199.0,2026-09-09,24 months,False,,,,,,,,https://www.invitationhomes.com/houses-for-rent/1373-s-ponderosa-dr-85296-87921,2026-07-19,2026-09-09,AZ,Gilbert,,,,,1373-s-ponderosa-dr-85296-87921
2026-09-09,INVH,Phoenix,"1054 S Agnes Ln, Gilbert, AZ, 85296",Phoenix,INVH-1054-s-agnes-ln-85296-86124,3,3.5,2015,2480.0,2026-09-09,19 months,False,,,,,,,,https://www.invitationhomes.com/houses-for-rent/1054-s-agnes-ln-85296-86124,2026-08-02,2026-09-09,AZ,Gilbert,,,,,1054-s-agnes-ln-85296-86124
2026-09-09,INVH,Phoenix,"1450 N Birch St, Gilbert, AZ, 85233",Phoenix,INVH-1450-n-birch-st-gilbert-az-85233,3,2.5,1806,2490.0,2026-09-23,19 months,False,,,,,,,,https://www.invitationhomes.com/houses-for-rent/1450-n-birch-st-gilbert-az-85233,2026-08-10,2026-09-09,AZ,Gilbert,,,,,1450-n-birch-st-gilbert-az-85233
2026-09-09,INVH,Phoenix,"2565 E Southern Ave Unit #66, Mesa, AZ, 85204",Phoenix,INVH-2565-e-southern-ave-85204-87407,3,2.0,1519,2240.0,2026-09-09,19 months,False,,,,,,,,https://www.invitationhomes.com/houses-for-rent/2565-e-southern-ave-85204-87407,2026-08-02,2026-09-09,AZ,Mesa,,,,,2565-e-southern-ave-85204-87407
2026-09-09,INVH,Phoenix,"940 S Fontana, Mesa, AZ, 85204",Phoenix,INVH-940-s-fontana-mesa-az-85204,3,2.0,1504,2345.0,2026-10-12,19 months,False,,,,,,,,https://www.invitationhomes.com/houses-for-rent/940-s-fontana-mesa-az-85204,2026-09-03,2026-09-09,AZ,Mesa,,,,,940-s-fontana-mesa-az-85204
2026-09-09,INVH,Phoenix,"1704 S 39th St Unit 9, Mesa, AZ, 85206",Phoenix,INVH-1704-s-39th-st-unit-9-85206-9240,4,2.5,1612,2375.0,2026-09-09,19 months,False,,,,,,,,https://www.invitationhomes.com/houses-for-rent/1704-s-39th-st-unit-9-85206-9240,2026-08-02,2026-09-09,AZ,Mesa,,,,,1704-s-39th-st-unit-9-85206-9240
2026-09-09,INVH,Phoenix,"3515 E Bartlett Dr, Gilbert, AZ, 85234",Phoenix,INVH-3515-e-bartlett-dr-85234-85742,4,2.5,2234,2695.0,2026-10-13,19 months,False,,,,,,,,https://www.invitationhomes.com/houses-for-rent/3515-e-bartlett-dr-85234-85742,2026-09-03,2026-09-09,AZ,Gilbert,,,,,3515-e-bartlett-dr-85234-85742
2026-09-09,INVH,Phoenix,"5316 E Forge Ave, Mesa, AZ, 85206",Phoenix,INVH-5316-e-forge-ave-mesa-az-85206,4,2.0,1751,2599.0,2026-09-09,19 months,False,,,,,,,,https://www.invitationhomes.com/houses-for-rent/5316-e-forge-ave-mesa-az-85206,2026-07-19,2026-09-09,AZ,Mesa,,,,,5316-e-forge-ave-mesa-az-85206
2026-09-09,INVH,Phoenix,"1538 S Avocet Street, Gilbert, AZ, 85296",Phoenix,INVH-1538-s-avocet-street-85296-100575,3,2.5,1375,2045.0,2026-10-03,19 months,False,,,,,,,,https://www.invitationhomes.com/houses-for-rent/1538-s-avocet-street-85296-100575,2026-08-23,2026-09-09,AZ,Gilbert,,,,,1538-s-avocet-street-85296-100575
2026-09-09,INVH,Phoenix,"4084 E Windsor Dr, Gilbert, AZ, 85296",Phoenix,INVH-4084-e-windsor-dr-85296-4885,3,2.0,1463,1990.0,2026-09-09,19 months,False,,,,,,,,https://www.invitationhomes.com/houses-for-rent/4084-e-windsor-dr-85296-4885,2026-07-19,2026-09-09,AZ,Gilbert,,,,,4084-e-windsor-dr-85296-4885
2026-09-09,INVH,Phoenix,"4283 E Baylor Ln, Gilbert, AZ, 85296",Phoenix,INVH-4283-e-baylor-ln-85296-7438,3,2.5,1533,2070.0,2026-09-09,19 months,False,,,,,,,,https://www.invitationhomes.com/houses-for-rent/4283-e-baylor-ln-85296-7438,2026-07-19,2026-09-09,AZ,Gilbert,,,,,4283-e-baylor-ln-85296-7438
2026-09-09,INVH,Phoenix,"1039 S Deerfield Ln, Gilbert, AZ, 85296",Phoenix,INVH-1039-s-deerfield-ln-gilbert-az-85296,3,2.5,1522,2170.0,2026-10-09,19 months,False,,,,,,,,https://www.invitationhomes.com/houses-for-rent/1039-s-deerfield-ln-gilbert-az-85296,2026-09-03,2026-09-09,AZ,Gilbert,,,,,1039-s-deerfield-ln-gilbert-az-85296
2026-09-09,INVH,Phoenix,"496 N Ranger Trl, Gilbert, AZ, 85234",Phoenix,INVH-496-n-ranger-trl-85234-91912,4,3.0,2025,2575.0,2026-09-09,19 months,False,,,,,,,,https://www.invitationhomes.com/houses-for-rent/496-n-ranger-trl-85234-91912,2026-05-09,2026-09-09,AZ,Gilbert,,,,,496-n-ranger-trl-85234-91912
2026-09-09,INVH,Phoenix,"4610 E Laurel Ct, Gilbert, AZ, 85234",Phoenix,INVH-4610-e-laurel-ct-85234-8133,3,2.5,1262,1925.0,2026-09-20,19 months,False,,,,,,,,https://www.invitationhomes.com/houses-for-rent/4610-e-laurel-ct-85234-8133,2026-08-02,2026-09-09,AZ,Gilbert,,,,,4610-e-laurel-ct-85234-8133
2026-09-09,INVH,Phoenix,"4645 E Towne Ln, Gilbert, AZ, 85234",Phoenix,INVH-4645-e-towne-ln-85234-100563,4,3.0,2189,2645.0,2026-10-23,19 months,False,,,,,,,,https://www.invitationhomes.com/houses-for-rent/4645-e-towne-ln-85234-100563,2026-09-09,2026-09-09,AZ,Gilbert,,,,,4645-e-towne-ln-85234-100563
2026-09-09,INVH,Phoenix,"2638 S Raven, Mesa, AZ, 85209",Phoenix,INVH-2638-s-raven-85209-7181,3,3.0,1544,2515.0,2026-10-08,19 months,False,,,,,,,,https://www.invitationhomes.com/houses-for-rent/2638-s-raven-85209-7181,2026-09-03,2026-09-09,AZ,Mesa,,,,,2638-s-raven-85209-7181
2026-09-09,INVH,Phoenix,"7348 E Lomita Ave, Mesa, AZ, 85209",Phoenix,INVH-7348-e-lomita-ave-85209-88892,3,2.0,1630,2260.0,2026-09-19,19 months,False,,,,,,,,https://www.invitationhomes.com/houses-for-rent/7348-e-lomita-ave-85209-88892,2026-08-10,2026-09-09,AZ,Mesa,,,,,7348-e-lomita-ave-85209-88892
2026-09-09,INVH,Phoenix,"1520 S Sandal, Mesa, AZ, 85206",Phoenix,INVH-1520-s-sandal-85206-100298,4,2.0,1706,2375.0,2026-09-09,19 months,False,,,,,,,,https://www.invitationhomes.com/houses-for-rent/1520-s-sandal-85206-100298,2026-04-20,2026-09-09,AZ,Mesa,,,,,1520-s-sandal-85206-100298
2026-09-09,INVH,Phoenix,"5814 E Hampton Ave, Mesa, AZ, 85206",Phoenix,INVH-5814-e-hampton-ave-85206-90678,4,3.0,2038,2495.0,2026-10-03,19 months,False,,,,,,,,https://www.invitationhomes.com/houses-for-rent/5814-e-hampton-ave-85206-90678,2026-08-23,2026-09-09,AZ,Mesa,,,,,5814-e-hampton-ave-85206-90678
2026-09-09,INVH,Phoenix,"8740 East Kiowa Ave, Mesa, AZ, 85209",Phoenix,INVH-8740-east-kiowa-ave-85209-113647,3,2.0,1808,2410.0,2026-10-11,19 months,False,,,,,,,,https://www.invitationhomes.com/houses-for-rent/8740-east-kiowa-ave-85209-113647,2026-09-03,2026-09-09,AZ,Mesa,,,,,8740-east-kiowa-ave-85209-113647
2026-09-09,INVH,Phoenix,"8743 E Kilarea Ave, Mesa, AZ, 85209",Phoenix,INVH-8743-e-kilarea-ave-mesa-az-85209,3,2.5,1629,2085.0,2026-09-09,19 months,False,,,,,,,,https://www.invitationhomes.com/houses-for-rent/8743-e-kilarea-ave-mesa-az-85209,2026-07-19,2026-09-09,AZ,Mesa,,,,,8743-e-kilarea-ave-mesa-az-85209
2026-09-09,INVH,Phoenix,"2107 S Gordon, Mesa, AZ, 85209",Phoenix,INVH-2107-s-gordon-85209-86268,3,2.0,1692,2230.0,2026-09-26,19 months,False,,,,,,,,https://www.invitationhomes.com/houses-for-rent/2107-s-gordon-85209-86268,2026-08-16,2026-09-09,AZ,Mesa,,,,,2107-s-gordon-85209-86268
2026-09-09,INVH,Phoenix,"9430 E Jan Ave, Mesa, AZ, 85209",Phoenix,INVH-9430-e-jan-ave-85209-6955,4,3.0,2809,2585.0,2026-09-09,19 months,False,,,,,,,,https://www.invitationhomes.com/houses-for-rent/9430-e-jan-ave-85209-6955,2026-07-19,2026-09-09,AZ,Mesa,,,,,9430-e-jan-ave-85209-6955
2026-09-09,INVH,Phoenix,"9060 E Garnet Ave, Mesa, AZ, 85209",Phoenix,INVH-9060-e-garnet-ave-85209-2433,3,2.5,1391,2090.0,2026-09-09,19 months,False,,,,,,,,https://www.invitationhomes.com/houses-for-rent/9060-e-garnet-ave-85209-2433,2026-08-10,2026-09-09,AZ,Mesa,,,,,9060-e-garnet-ave-85209-2433
2026-09-09,INVH,Phoenix,"1982 W Appaloosa Way, Queen Creek, AZ, 85142",Phoenix,INVH-1982-w-appaloosa-way-85142-84663,4,2.5,2067,2030.0,2026-09-09,19 months,False,,,,,,,,https://www.invitationhomes.com/houses-for-rent/1982-w-appaloosa-way-85142-84663,2026-07-19,2026-09-09,AZ,Queen Creek,,,,,1982-w-appaloosa-way-85142-84663
2026-09-09,INVH,Phoenix,"397 E Kelsi Ave, San Tan Valley, AZ, 85140",Phoenix,INVH-397-e-kelsi-ave-san-tan-valley-az-85140,4,2.0,1471,1895.0,2026-10-12,19 months,False,,,,,,,,https://www.invitationhomes.com/houses-for-rent/397-e-kelsi-ave-san-tan-valley-az-85140,2026-09-03,2026-09-09,AZ,San Tan Valley,,,,,397-e-kelsi-ave-san-tan-valley-az-85140
2026-09-09,INVH,Phoenix,"38155 N Luke Lane, San Tan Valley, AZ, 85140",Phoenix,INVH-38155-n-luke-lane-85140-99763,4,2.0,1465,1820.0,2026-09-09,19 months,False,,,,,,,,https://www.invitationhomes.com/houses-for-rent/38155-n-luke-lane-85140-99763,2026-08-02,2026-09-09,AZ,San Tan Valley,,,,,38155-n-luke-lane-85140-99763
2026-09-09,INVH,Phoenix,"858 E Nardini St, San Tan Valley, AZ, 85140",Phoenix,INVH-858-e-nardini-st-85140-89650,3,2.5,1659,2015.0,2026-09-09,19 months,False,,,,,,,,https://www.invitationhomes.com/houses-for-rent/858-e-nardini-st-85140-89650,2026-08-23,2026-09-09,AZ,San Tan Valley,,,,,858-e-nardini-st-85140-89650
2026-09-09,INVH,Phoenix,"38508 N La Grange Ln, Queen Creek, AZ, 85140",Phoenix,INVH-38508-n-la-grange-ln-85140-8176,3,2.0,1264,1730.0,2026-10-02,19 months,False,,,,,,,,https://www.invitationhomes.com/houses-for-rent/38508-n-la-grange-ln-85140-8176,2026-08-23,2026-09-09,AZ,Queen Creek,,,,,38508-n-la-grange-ln-85140-8176
2026-09-09,INVH,Phoenix,"4319 E Amarillo Dr, San Tan Valley, AZ, 85140",Phoenix,INVH-4319-e-amarillo-dr-85140-101330,3,2.0,1672,1849.0,2026-09-09,19 months,False,,,,,,,,https://www.invitationhomes.com/houses-for-rent/4319-e-amarillo-dr-85140-101330,2026-07-19,2026-09-09,AZ,San Tan Valley,,,,,4319-e-amarillo-dr-85140-101330
2026-09-09,INVH,Phoenix,"9827 E Suburban Dr, Mesa, AZ, 85212",Phoenix,INVH-9827-e-suburban-dr-85212-84668,3,2.0,1564,2325.0,2026-09-22,19 months,False,,,,,,,,https://www.invitationhomes.com/houses-for-rent/9827-e-suburban-dr-85212-84668,2026-08-10,2026-09-09,AZ,Mesa,,,,,9827-e-suburban-dr-85212-84668
2026-09-09,INVH,Phoenix,"11060 E Stearn Ave, Mesa, AZ, 85212",Phoenix,INVH-11060-e-stearn-ave-mesa-az-85212,3,2.5,1901,2185.0,2026-09-09,19 months,False,,,,,,,,https://www.invitationhomes.com/houses-for-rent/11060-e-stearn-ave-mesa-az-85212,2026-06-09,2026-09-09,AZ,Mesa,,,,,11060-e-stearn-ave-mesa-az-85212
2026-09-09,INVH,Phoenix,"11337 E Roscoe Ave, Mesa, AZ, 85212",Phoenix,INVH-11337-e-roscoe-ave-85212-5248,4,2.0,1650,2345.0,2026-10-07,19 months,False,,,,,,,,https://www.invitationhomes.com/houses-for-rent/11337-e-roscoe-ave-85212-5248,2026-08-23,2026-09-09,AZ,Mesa,,,,,11337-e-roscoe-ave-85212-5248
2026-09-09,INVH,Phoenix,"11463 E Starkey Ave, Mesa, AZ, 85212",Phoenix,INVH-11463-e-starkey-ave-mesa-az-85212,4,2.0,1969,2310.0,2026-09-09,19 months,False,,,,,,,,https://www.invitationhomes.com/houses-for-rent/11463-e-starkey-ave-mesa-az-85212,2026-07-19,2026-09-09,AZ,Mesa,,,,,11463-e-starkey-ave-mesa-az-85212
2026-09-09,INVH,Phoenix,"11457 E Pronghorn Ave, Mesa, AZ, 85212",Phoenix,INVH-11457-e-pronghorn-ave-mesa-az-85212,3,2.5,1540,2225.0,2026-10-24,19 months,False,,,,,,,,https://www.invitationhomes.com/houses-for-rent/11457-e-pronghorn-ave-mesa-az-85212,2026-09-09,2026-09-09,AZ,Mesa,,,,,11457-e-pronghorn-ave-mesa-az-85212
2026-09-09,INVH,Phoenix,"2839 S Benton Cir, Mesa, AZ, 85212",Phoenix,INVH-2839-s-benton-cir-mesa-az-85212,3,2.5,1493,2190.0,2026-10-14,19 months,False,,,,,,,,https://www.invitationhomes.com/houses-for-rent/2839-s-benton-cir-mesa-az-85212,2026-09-03,2026-09-09,AZ,Mesa,,,,,2839-s-benton-cir-mesa-az-85212
2026-09-09,INVH,Phoenix,"10135 E Isleta Ave, Mesa, AZ, 85209",Phoenix,INVH-10135-e-isleta-ave-85209-99942,3,2.5,1495,2075.0,2026-09-27,19 months,False,,,,,,,,https://www.invitationhomes.com/houses-for-rent/10135-e-isleta-ave-85209-99942,2026-08-16,2026-09-09,AZ,Mesa,,,,,10135-e-isleta-ave-85209-99942
2026-09-09,INVH,Phoenix,"2199 W Renaissance Ave, Apache Junction, AZ, 85120",Phoenix,INVH-2199-w-renaissance-ave-apache-junction-az-85120,3,2.0,1181,1945.0,2026-09-28,19 months,False,,,,,,,,https://www.invitationhomes.com/houses-for-rent/2199-w-renaissance-ave-apache-junction-az-85120,2026-08-16,2026-09-09,AZ,Apache Junction,,,,,2199-w-renaissance-ave-apache-junction-az-85120
2026-09-09,INVH,Phoenix,"3339 S Chaparral Rd, Apache Junction, AZ, 85119",Phoenix,INVH-3339-s-chaparral-rd-85119-5824,4,2.5,2274,2175.0,2026-09-17,19 months,False,,,,,,,,https://www.invitationhomes.com/houses-for-rent/3339-s-chaparral-rd-85119-5824,2026-08-02,2026-09-09,AZ,Apache Junction,,,,,3339-s-chaparral-rd-85119-5824
2026-09-09,INVH,Phoenix,"3303 S Bowman Rd, Apache Junction, AZ, 85119",Phoenix,INVH-3303-s-bowman-rd-apache-junction-az-85119,3,2.5,2275,1945.0,2026-09-09,19 months,False,,,,,,,,https://www.invitationhomes.com/houses-for-rent/3303-s-bowman-rd-apache-junction-az-85119,2026-07-19,2026-09-09,AZ,Apache Junction,,,,,3303-s-bowman-rd-apache-junction-az-85119
2026-09-09,INVH,Phoenix,"2551 E Diamond Cir, Mesa, AZ, 85204",Phoenix,INVH-2551-e-diamond-cir-85204-1127,4,2.0,1552,2385.0,2026-09-09,19 months,False,,,,,,,,https://www.invitationhomes.com/houses-for-rent/2551-e-diamond-cir-85204-1127,2026-07-19,2026-09-09,AZ,Mesa,,,,,2551-e-diamond-cir-85204-1127
2026-09-09,INVH,Phoenix,"254 N 25th St, Mesa, AZ, 85213",Phoenix,INVH-254-n-25th-st-85213-3902,3,2.0,1232,2030.0,2026-10-22,19 months,False,,,,,,,,https://www.invitationhomes.com/houses-for-rent/254-n-25th-st-85213-3902,2026-09-09,2026-09-09,AZ,Mesa,,,,,254-n-25th-st-85213-3902
2026-09-09,INVH,Phoenix,"441 S Maple Unit 22, Mesa, AZ, 85206",Phoenix,INVH-441-s-maple-unit-22-mesa-az-85206,3,2.0,1189,2010.0,2026-09-26,19 months,False,,,,,,,,https://www.invitationhomes.com/houses-for-rent/441-s-maple-unit-22-mesa-az-85206,2026-08-16,2026-09-09,AZ,Mesa,,,,,441-s-maple-unit-22-mesa-az-85206
2026-09-09,INVH,Phoenix,"4103 E Arbor Ave, Mesa, AZ, 85206",Phoenix,INVH-4103-e-arbor-ave-mesa-az-85206,4,2.5,2050,2730.0,2026-09-09,19 months,False,,,,,,,,https://www.invitationhomes.com/houses-for-rent/4103-e-arbor-ave-mesa-az-85206,2026-08-16,2026-09-09,AZ,Mesa,,,,,4103-e-arbor-ave-mesa-az-85206
2026-09-09,INVH,Phoenix,"5064 E Catalina Ave, Mesa, AZ, 85206",Phoenix,INVH-5064-e-catalina-ave-85206-83874,4,2.0,2120,2595.0,2026-09-29,19 months,False,,,,,,,,https://www.invitationhomes.com/houses-for-rent/5064-e-catalina-ave-85206-83874,2026-08-23,2026-09-09,AZ,Mesa,,,,,5064-e-catalina-ave-85206-83874
2026-09-09,INVH,Phoenix,"6551 E Auburn St, Mesa, AZ, 85205",Phoenix,INVH-6551-e-auburn-st-mesa-az-85205,3,2.0,1276,1995.0,2026-09-09,19 months,False,,,,,,,,https://www.invitationhomes.com/houses-for-rent/6551-e-auburn-st-mesa-az-85205,2026-07-19,2026-09-09,AZ,Mesa,,,,,6551-e-auburn-st-mesa-az-85205
2026-09-09,INVH,Phoenix,"7460 E Dewan Ave, Mesa, AZ, 85208",Phoenix,INVH-7460-e-dewan-ave-mesa-az-85208,3,1.75,1298,2025.0,2026-09-09,19 months,False,,,,,,,,https://www.invitationhomes.com/houses-for-rent/7460-e-dewan-ave-mesa-az-85208,2026-08-02,2026-09-09,AZ,Mesa,,,,,7460-e-dewan-ave-mesa-az-85208
2026-09-09,INVH,Phoenix,"326 N Sandal, Mesa, AZ, 85205",Phoenix,INVH-326-n-sandal-85205-92446,3,2.5,1554,1999.0,2026-09-09,19 months,False,,,,,,,,https://www.invitationhomes.com/houses-for-rent/326-n-sandal-85205-92446,2026-09-03,2026-09-09,AZ,Mesa,,,,,326-n-sandal-85205-92446
2026-09-09,INVH,Phoenix,"5831 E Ellis St, Mesa, AZ, 85205",Phoenix,INVH-5831-e-ellis-st-85205-1178,4,2.0,1672,2425.0,2026-10-18,19 months,False,,,,,,,,https://www.invitationhomes.com/houses-for-rent/5831-e-ellis-st-85205-1178,2026-09-03,2026-09-09,AZ,Mesa,,,,,5831-e-ellis-st-85205-1178
2026-09-09,INVH,Phoenix,"8943 E Calypso Avenue, Mesa, AZ, 85208",Phoenix,INVH-8943-e-calypso-avenue-85208-100111,3,2.0,1352,1945.0,2026-09-09,19 months,False,,,,,,,,https://www.invitationhomes.com/houses-for-rent/8943-e-calypso-avenue-85208-100111,2026-07-19,2026-09-09,AZ,Mesa,,,,,8943-e-calypso-avenue-85208-100111
2026-09-09,INVH,Phoenix,"327 S Travis, Mesa, AZ, 85208",Phoenix,INVH-327-s-travis-85208-86209,3,2.5,1436,1995.0,2026-09-09,19 months,False,,,,,,,,https://www.invitationhomes.com/houses-for-rent/327-s-travis-85208-86209,2026-06-14,2026-09-09,AZ,Mesa,,,,,327-s-travis-85208-86209
2026-09-09,INVH,Phoenix,"9708 E Baltimore Cir, Mesa, AZ, 85207",Phoenix,INVH-9708-e-baltimore-cir-mesa-az-85207,3,2.0,1540,2245.0,2026-10-22,19 months,False,,,,,,,,https://www.invitationhomes.com/houses-for-rent/9708-e-baltimore-cir-mesa-az-85207,2026-09-09,2026-09-09,AZ,Mesa,,,,,9708-e-baltimore-cir-mesa-az-85207
2026-09-09,INVH,Phoenix,"817 N 95th St, Mesa, AZ, 85207",Phoenix,INVH-817-n-95th-st-mesa-az-85207,4,2.0,1296,1945.0,2026-09-09,19 months,False,,,,,,,,https://www.invitationhomes.com/houses-for-rent/817-n-95th-st-mesa-az-85207,2026-07-19,2026-09-09,AZ,Mesa,,,,,817-n-95th-st-mesa-az-85207
2026-09-09,INVH,Phoenix,"9016 E Gary Ln, Mesa, AZ, 85207",Phoenix,INVH-9016-e-gary-ln-mesa-az-85207,3,2.0,1144,1915.0,2026-09-11,19 months,False,,,,,,,,https://www.invitationhomes.com/houses-for-rent/9016-e-gary-ln-mesa-az-85207,2026-08-02,2026-09-09,AZ,Mesa,,,,,9016-e-gary-ln-mesa-az-85207
2026-09-09,INVH,Phoenix,"7232 E Kramer St, Mesa, AZ, 85207",Phoenix,INVH-7232-e-kramer-st-mesa-az-85207,3,2.5,1559,2260.0,2026-09-16,19 months,False,,,,,,,,https://www.invitationhomes.com/houses-for-rent/7232-e-kramer-st-mesa-az-85207,2026-08-02,2026-09-09,AZ,Mesa,,,,,7232-e-kramer-st-mesa-az-85207
2026-09-09,INVH,Phoenix,"2946 N Sonoran Hills, Mesa, AZ, 85207",Phoenix,INVH-2946-n-sonoran-hills-85207-6592,3,3.0,2091,2790.0,2026-09-09,19 months,False,,,,,,,,https://www.invitationhomes.com/houses-for-rent/2946-n-sonoran-hills-85207-6592,2026-08-16,2026-09-09,AZ,Mesa,,,,,2946-n-sonoran-hills-85207-6592
2026-09-09,INVH,Phoenix,"6702 E Rollins St, Mesa, AZ, 85215",Phoenix,INVH-6702-e-rollins-st-85215-6115,3,2.5,1702,2130.0,2026-09-09,19 months,False,,,,,,,,https://www.invitationhomes.com/houses-for-rent/6702-e-rollins-st-85215-6115,2026-06-09,2026-09-09,AZ,Mesa,,,,,6702-e-rollins-st-85215-6115
2026-09-09,INVH,Phoenix,"9912 E Escondido Avenue, Mesa, AZ, 85208",Phoenix,INVH-9912-e-escondido-avenue-85208-100380,3,2.5,1464,2045.0,2026-09-09,19 months,False,,,,,,,,https://www.invitationhomes.com/houses-for-rent/9912-e-escondido-avenue-85208-100380,2026-08-10,2026-09-09,AZ,Mesa,,,,,9912-e-escondido-avenue-85208-100380
2026-09-09,INVH,Phoenix,"419 S Sabrina, Mesa, AZ, 85208",Phoenix,INVH-419-s-sabrina-85208-2967,3,2.0,1370,2299.0,2026-10-09,19 months,False,,,,,,,,https://www.invitationhomes.com/houses-for-rent/419-s-sabrina-85208-2967,2026-09-03,2026-09-09,AZ,Mesa,,,,,419-s-sabrina-85208-2967
2026-09-09,INVH,Phoenix,"10465 E Azalea Ave, Mesa, AZ, 85208",Phoenix,INVH-10465-e-azalea-ave-mesa-az-85208,3,2.0,1302,1945.0,2026-09-09,19 months,False,,,,,,,,https://www.invitationhomes.com/houses-for-rent/10465-e-azalea-ave-mesa-az-85208,2026-06-14,2026-09-09,AZ,Mesa,,,,,10465-e-azalea-ave-mesa-az-85208
2026-09-09,INVH,Phoenix,"11008 E Delta Ave, Mesa, AZ, 85208",Phoenix,INVH-11008-e-delta-ave-85208-92017,4,2.0,1588,2460.0,2026-10-04,19 months,False,,,,,,,,https://www.invitationhomes.com/houses-for-rent/11008-e-delta-ave-85208-92017,2026-08-23,2026-09-09,AZ,Mesa,,,,,11008-e-delta-ave-85208-92017
2026-09-09,INVH,Phoenix,"10436 E Billings St, Apache Junction, AZ, 85120",Phoenix,INVH-10436-e-billings-st-apache-junction-az-85120,3,2.0,1271,1820.0,2026-09-09,19 months,False,,,,,,,,https://www.invitationhomes.com/houses-for-rent/10436-e-billings-st-apache-junction-az-85120,2026-07-19,2026-09-09,AZ,Apache Junction,,,,,10436-e-billings-st-apache-junction-az-85120
2026-09-09,INVH,Phoenix,"11446 E Cicero St, Mesa, AZ, 85207",Phoenix,INVH-11446-e-cicero-st-85207-1724,3,2.0,1388,1990.0,2026-09-09,19 months,False,,,,,,,,https://www.invitationhomes.com/houses-for-rent/11446-e-cicero-st-85207-1724,2026-07-19,2026-09-09,AZ,Mesa,,,,,11446-e-cicero-st-85207-1724
2026-09-09,INVH,Phoenix,"11454 E Camino Cir, Mesa, AZ, 85207",Phoenix,INVH-11454-e-camino-cir-mesa-az-85207,3,2.0,1204,1835.0,2026-10-21,19 months,False,,,,,,,,https://www.invitationhomes.com/houses-for-rent/11454-e-camino-cir-mesa-az-85207,2026-09-06,2026-09-09,AZ,Mesa,,,,,11454-e-camino-cir-mesa-az-85207
2026-09-09,INVH,Phoenix,"519 N Adelle, Mesa, AZ, 85207",Phoenix,INVH-519-n-adelle-mesa-az-85207,3,2.0,1458,1965.0,2026-09-09,19 months,False,,,,,,,,https://www.invitationhomes.com/houses-for-rent/519-n-adelle-mesa-az-85207,2026-07-19,2026-09-09,AZ,Mesa,,,,,519-n-adelle-mesa-az-85207
2026-09-09,INVH,Phoenix,"1667 S Stetson Ct, Apache Junction, AZ, 85119",Phoenix,INVH-1667-s-stetson-ct-apache-junction-az-85119,3,2.0,1301,1970.0,2026-09-09,19 months,False,,,,,,,,https://www.invitationhomes.com/houses-for-rent/1667-s-stetson-ct-apache-junction-az-85119,2026-07-19,2026-09-09,AZ,Apache Junction,,,,,1667-s-stetson-ct-apache-junction-az-85119
2026-09-09,INVH,San Antonio,"6643 Scarecrow Wy, San Antonio, TX, 78252",San Antonio,INVH-6643-scarecrow-wy-78252-117519,4,2.0,1627,1585.0,2026-09-14,24 months,False,,,,,,,,https://www.invitationhomes.com/houses-for-rent/6643-scarecrow-wy-78252-117519,2026-08-16,2026-09-09,TX,San Antonio,,,,,6643-scarecrow-wy-78252-117519
2026-09-09,INVH,San Antonio,"14102 Silos Meadows, San Antonio, TX, 78252",San Antonio,INVH-14102-silos-meadows-78252-117518,4,2.5,1950,1999.0,2026-09-09,24 months,False,,,,,,,,https://www.invitationhomes.com/houses-for-rent/14102-silos-meadows-78252-117518,2026-08-23,2026-09-09,TX,San Antonio,,,,,14102-silos-meadows-78252-117518
2026-09-09,INVH,San Antonio,"13702 Bucket Wy, San Antonio, TX, 78252",San Antonio,INVH-13702-bucket-wy-78252-117529,4,2.0,1492,1735.0,2026-09-24,24 months,False,,,,,,,,https://www.invitationhomes.com/houses-for-rent/13702-bucket-wy-78252-117529,2026-08-23,2026-09-09,TX,San Antonio,,,,,13702-bucket-wy-78252-117529
2026-09-09,INVH,San Antonio,"14423 Muggle Ml, San Antonio, TX, 78245",San Antonio,INVH-14423-muggle-mill-78245-123867,4,2.0,1600,1649.0,2026-10-16,24 months,False,,,,,,,,https://www.invitationhomes.com/houses-for-rent/14423-muggle-mill-78245-123867,2026-04-04,2026-09-09,TX,San Antonio,,,,,14423-muggle-mill-78245-123867
2026-09-09,INVH,San Antonio,"3334 Rodgers Hill, San Antonio, TX, 78245",San Antonio,INVH-3334-rodgers-hill-53-162-78245-122575,4,2.5,2173,1949.0,2026-09-30,24 months,False,,,,,,,,https://www.invitationhomes.com/houses-for-rent/3334-rodgers-hill-53-162-78245-122575,2026-08-16,2026-09-09,TX,San Antonio,,,,,3334-rodgers-hill-53-162-78245-122575
2026-09-09,INVH,San Antonio,"826 Trilby, San Antonio, TX, 78253",San Antonio,INVH-826-trilby-78253-112541,4,2.5,2563,2110.0,2026-09-09,24 months,False,,,,,,,,https://www.invitationhomes.com/houses-for-rent/826-trilby-78253-112541,2026-08-16,2026-09-09,TX,San Antonio,,,,,826-trilby-78253-112541
2026-09-09,INVH,San Antonio,"13134 Braxon Pass, San Antonio, TX, 78253",San Antonio,INVH-13134-braxon-pass-78253-112564,3,2.0,2029,1949.0,2026-09-09,24 months,False,,,,,,,,https://www.invitationhomes.com/houses-for-rent/13134-braxon-pass-78253-112564,2026-08-02,2026-09-09,TX,San Antonio,,,,,13134-braxon-pass-78253-112564
2026-09-09,INVH,San Antonio,"12011 Edward Conrad, San Antonio, TX, 78253",San Antonio,INVH-12011-edward-conrad-78253-112538,5,2.5,2572,2120.0,2026-09-09,24 months,False,,,,,,,,https://www.invitationhomes.com/houses-for-rent/12011-edward-conrad-78253-112538,2026-07-19,2026-09-09,TX,San Antonio,,,,,12011-edward-conrad-78253-112538
2026-09-09,INVH,San Antonio,"8910 Double Oak, San Antonio, TX, 78254",San Antonio,INVH-8910-double-oak-78254-121385,4,2.0,1904,2049.0,2026-09-09,24 months,False,,,,,,,,https://www.invitationhomes.com/houses-for-rent/8910-double-oak-78254-121385,2026-06-09,2026-09-09,TX,San Antonio,,,,,8910-double-oak-78254-121385
2026-09-09,INVH,San Antonio,"13603 McBride Bnd, San Antonio, TX, 78254",San Antonio,INVH-13603-mcbride-bnd-78254-114248,4,2.0,2365,2415.0,2026-09-09,24 months,False,,,,,,,,https://www.invitationhomes.com/houses-for-rent/13603-mcbride-bnd-78254-114248,2026-08-02,2026-09-09,TX,San Antonio,,,,,13603-mcbride-bnd-78254-114248
2026-09-09,INVH,San Antonio,"6119 Briscoe Leaf, San Antonio, TX, 78253",San Antonio,INVH-6119-briscoe-leaf-78253-114253,3,2.0,1584,1665.0,2026-09-09,24 months,False,,,,,,,,https://www.invitationhomes.com/houses-for-rent/6119-briscoe-leaf-78253-114253,2026-05-26,2026-09-09,TX,San Antonio,,,,,6119-briscoe-leaf-78253-114253
2026-09-09,INVH,San Antonio,"14618 Snip, San Antonio, TX, 78248",San Antonio,INVH-14618-snip-78248-112682,3,2.5,2343,2345.0,2026-09-09,24 months,False,,,,,,,,https://www.invitationhomes.com/houses-for-rent/14618-snip-78248-112682,2026-08-10,2026-09-09,TX,San Antonio,,,,,14618-snip-78248-112682
2026-09-09,INVH,San Antonio,"1522 Mallard Hvn, San Antonio, TX, 78260",San Antonio,INVH-1522-mallard-hvn-78260-114288,3,2.5,2043,2410.0,2026-09-26,24 months,False,,,,,,,,https://www.invitationhomes.com/houses-for-rent/1522-mallard-hvn-78260-114288,2026-08-16,2026-09-09,TX,San Antonio,,,,,1522-mallard-hvn-78260-114288
2026-09-09,INVH,San Antonio,"4159 Southton Tarn, San Antonio, TX, 78223",San Antonio,INVH-4159-southton-tarn-78223-117955,3,2.0,1230,1349.0,2026-09-09,24 months,False,,,,,,,,https://www.invitationhomes.com/houses-for-rent/4159-southton-tarn-78223-117955,2026-08-02,2026-09-09,TX,San Antonio,,,,,4159-southton-tarn-78223-117955
2026-09-09,INVH,San Antonio,"4231 Southton Lk, San Antonio, TX, 78223",San Antonio,INVH-4231-southton-lk-78223-117692,3,2.0,1244,1349.0,2026-10-03,24 months,False,,,,,,,,https://www.invitationhomes.com/houses-for-rent/4231-southton-lk-78223-117692,2026-08-23,2026-09-09,TX,San Antonio,,,,,4231-southton-lk-78223-117692
2026-09-09,INVH,San Antonio,"4223 Southton Lk, San Antonio, TX, 78223",San Antonio,INVH-4223-southton-lk-78223-117691,3,2.0,1018,1325.0,2026-09-09,24 months,False,,,,,,,,https://www.invitationhomes.com/houses-for-rent/4223-southton-lk-78223-117691,2026-06-09,2026-09-09,TX,San Antonio,,,,,4223-southton-lk-78223-117691
2026-09-09,INVH,San Antonio,"7410 Adaja Riv, San Antonio, TX, 78244",San Antonio,INVH-7410-adaja-riv-78244-117866,4,2.0,1627,1599.0,2026-10-05,24 months,False,,,,,,,,https://www.invitationhomes.com/houses-for-rent/7410-adaja-riv-78244-117866,2026-06-14,2026-09-09,TX,San Antonio,,,,,7410-adaja-riv-78244-117866
2026-09-09,INVH,San Antonio,"7326 Adaja Riv, San Antonio, TX, 78244",San Antonio,INVH-7326-adaja-riv-78244-117863,4,2.5,1950,1775.0,2026-09-09,24 months,False,,,,,,,,https://www.invitationhomes.com/houses-for-rent/7326-adaja-riv-78244-117863,2026-09-03,2026-09-09,TX,San Antonio,,,,,7326-adaja-riv-78244-117863
2026-09-09,INVH,San Antonio,"5449 Verdugos Pl, San Antonio, TX, 78244",San Antonio,INVH-5449-verdugos-pl-78244-117731,3,2.0,1244,1349.0,2026-09-09,24 months,False,,,,,,,,https://www.invitationhomes.com/houses-for-rent/5449-verdugos-pl-78244-117731,2026-08-10,2026-09-09,TX,San Antonio,,,,,5449-verdugos-pl-78244-117731
2026-09-09,INVH,San Antonio,"5528 Verdugos Pl, San Antonio, TX, 78244",San Antonio,INVH-5528-verdugos-pl-78244-117760,3,2.0,1018,1399.0,2026-09-09,24 months,False,,,,,,,,https://www.invitationhomes.com/houses-for-rent/5528-verdugos-pl-78244-117760,2026-09-03,2026-09-09,TX,San Antonio,,,,,5528-verdugos-pl-78244-117760
2026-09-09,INVH,San Antonio,"7347 Plata Cir, San Antonio, TX, 78244",San Antonio,INVH-7347-plata-cir-78244-117770,3,2.0,925,1325.0,2026-09-16,24 months,False,,,,,,,,https://www.invitationhomes.com/houses-for-rent/7347-plata-cir-78244-117770,2026-09-06,2026-09-09,TX,San Antonio,,,,,7347-plata-cir-78244-117770
2026-09-09,INVH,San Antonio,"9006 Little Hoss, Converse, TX, 78109",San Antonio,INVH-9006-little-hoss-78109-114279,3,2.0,1450,1599.0,2026-09-09,24 months,False,,,,,,,,https://www.invitationhomes.com/houses-for-rent/9006-little-hoss-78109-114279,2026-08-02,2026-09-09,TX,Converse,,,,,9006-little-hoss-78109-114279
2026-09-09,INVH,San Antonio,"220 Colonial Blf, Universal City, TX, 78148",San Antonio,INVH-220-colonial-blf-78148-114265,4,2.5,2502,2120.0,2026-09-09,24 months,False,,,,,,,,https://www.invitationhomes.com/houses-for-rent/220-colonial-blf-78148-114265,2026-07-19,2026-09-09,TX,Universal City,,,,,220-colonial-blf-78148-114265
2026-09-09,INVH,San Antonio,"467 Walnut Crst, Schertz, TX, 78154",San Antonio,INVH-467-walnut-crst-78154-113680,3,2.5,2040,1699.0,2026-09-09,24 months,False,,,,,,,,https://www.invitationhomes.com/houses-for-rent/467-walnut-crst-78154-113680,2026-06-09,2026-09-09,TX,Schertz,,,,,467-walnut-crst-78154-113680
2026-09-09,INVH,San Antonio,"4002 Alpine Aster, San Antonio, TX, 78259",San Antonio,INVH-4002-alpine-aster-78259-114271,4,2.5,2652,2249.0,2026-09-09,24 months,False,,,,,,,,https://www.invitationhomes.com/houses-for-rent/4002-alpine-aster-78259-114271,2026-08-16,2026-09-09,TX,San Antonio,,,,,4002-alpine-aster-78259-114271
2026-09-09,INVH,San Antonio,"742 Llano Sky Trl, New Braunfels, TX, 78132",San Antonio,INVH-742-llano-sky-trl-78132-122380,4,2.0,1867,1880.0,2026-10-15,24 months,False,,,,,,,,https://www.invitationhomes.com/houses-for-rent/742-llano-sky-trl-78132-122380,2026-09-03,2026-09-09,TX,New Braunfels,,,,,742-llano-sky-trl-78132-122380
2026-09-09,INVH,San Antonio,"1099 Pelican Pl, New Braunfels, TX, 78130",San Antonio,INVH-1099-pelican-pl-78130-113394,4,3.0,2423,2690.0,2026-10-10,24 months,False,,,,,,,,https://www.invitationhomes.com/houses-for-rent/1099-pelican-pl-78130-113394,2026-09-03,2026-09-09,TX,New Braunfels,,,,,1099-pelican-pl-78130-113394
2026-09-09,INVH,San Antonio,"134 Pasadena Pl, New Braunfels, TX, 78130",San Antonio,INVH-134-pasadena-pl-78130-117662,4,2.0,1627,1665.0,2026-09-15,24 months,False,,,,,,,,https://www.invitationhomes.com/houses-for-rent/134-pasadena-pl-78130-117662,2026-08-10,2026-09-09,TX,New Braunfels,,,,,134-pasadena-pl-78130-117662
2026-09-09,INVH,San Antonio,"138 Pasadena Pl, New Braunfels, TX, 78130",San Antonio,INVH-138-pasadena-pl-78130-117661,3,2.0,1266,1449.0,2026-09-09,24 months,False,,,,,,,,https://www.invitationhomes.com/houses-for-rent/138-pasadena-pl-78130-117661,2026-05-24,2026-09-09,TX,New Braunfels,,,,,138-pasadena-pl-78130-117661
2026-09-09,INVH,San Antonio,"146 Pasadena Pl, New Braunfels, TX, 78130",San Antonio,INVH-146-pasadena-pl-78130-117659,4,2.5,1687,1520.0,2026-09-09,24 months,False,,,,,,,,https://www.invitationhomes.com/houses-for-rent/146-pasadena-pl-78130-117659,2026-06-09,2026-09-09,TX,New Braunfels,,,,,146-pasadena-pl-78130-117659
2026-09-09,INVH,San Antonio,"167 Pasadena Pl, New Braunfels, TX, 78130",San Antonio,INVH-167-pasadena-pl-78130-117625,3,2.0,1266,1475.0,2026-09-09,24 months,False,,,,,,,,https://www.invitationhomes.com/houses-for-rent/167-pasadena-pl-78130-117625,2026-07-19,2026-09-09,TX,New Braunfels,,,,,167-pasadena-pl-78130-117625
2026-09-09,INVH,San Antonio,"126 Pasadena Pl, New Braunfels, TX, 78130",San Antonio,INVH-126-pasadena-pl-78130-117664,3,2.0,1440,1485.0,2026-09-09,24 months,False,,,,,,,,https://www.invitationhomes.com/houses-for-rent/126-pasadena-pl-78130-117664,2026-06-14,2026-09-09,TX,New Braunfels,,,,,126-pasadena-pl-78130-117664
2026-09-09,INVH,San Antonio,"106 Pasadena Pl, New Braunfels, TX, 78130",San Antonio,INVH-106-pasadena-pl-78130-117669,3,2.0,1440,1495.0,2026-10-19,24 months,False,,,,,,,,https://www.invitationhomes.com/houses-for-rent/106-pasadena-pl-78130-117669,2026-09-06,2026-09-09,TX,New Braunfels,,,,,106-pasadena-pl-78130-117669
2026-09-09,INVH,San Antonio,"143 Pasadena Pl, New Braunfels, TX, 78130",San Antonio,INVH-143-pasadena-pl-78130-117631,4,2.0,1627,1645.0,2026-09-09,24 months,False,,,,,,,,https://www.invitationhomes.com/houses-for-rent/143-pasadena-pl-78130-117631,2026-08-02,2026-09-09,TX,New Braunfels,,,,,143-pasadena-pl-78130-117631
2026-09-09,INVH,San Antonio,"113 Parish Ln, New Braunfels, TX, 78130",San Antonio,INVH-113-parish-ln-78130-117622,3,2.0,1440,1485.0,2026-09-09,24 months,False,,,,,,,,https://www.invitationhomes.com/houses-for-rent/113-parish-ln-78130-117622,2026-04-26,2026-09-09,TX,New Braunfels,,,,,113-parish-ln-78130-117622
2026-09-09,INVH,San Antonio,"181 Parish Ln, New Braunfels, TX, 78130",San Antonio,INVH-181-parish-ln-78130-117605,3,2.0,1440,1485.0,2026-09-09,24 months,False,,,,,,,,https://www.invitationhomes.com/houses-for-rent/181-parish-ln-78130-117605,2026-08-02,2026-09-09,TX,New Braunfels,,,,,181-parish-ln-78130-117605
2026-09-09,INVH,Dallas,"11012 Oak Street, Jonestown, TX, 78645",Dallas,INVH-11012-oak-street-78645-109856,3,2.5,1459,2030.0,2026-09-09,24 months,False,,,,,,,,https://www.invitationhomes.com/houses-for-rent/11012-oak-street-78645-109856,2026-09-03,2026-09-09,TX,Jonestown,,,,,11012-oak-street-78645-109856
2026-09-09,INVH,Austin,"14820 Lipton Lane, Pflugerville, TX, 78660",Austin,INVH-14820-lipton-lane-78660-109869,3,3.0,1736,2040.0,2026-09-09,24 months,False,,,,,,,,https://www.invitationhomes.com/houses-for-rent/14820-lipton-lane-78660-109869,2026-08-02,2026-09-09,TX,Pflugerville,,,,,14820-lipton-lane-78660-109869
2026-09-09,INVH,Austin,"800 Stevenage Drive, Pflugerville, TX, 78660",Austin,INVH-800-stevenage-drive-78660-109863,5,3.0,3271,2660.0,2026-09-30,24 months,False,,,,,,,,https://www.invitationhomes.com/houses-for-rent/800-stevenage-drive-78660-109863,2026-05-17,2026-09-09,TX,Pflugerville,,,,,800-stevenage-drive-78660-109863
2026-09-09,INVH,Austin,"1154 Terra Street, Round Rock, TX, 78665",Austin,INVH-1154-terra-street-78665-109892,4,2.0,1900,2035.0,2026-09-09,24 months,False,,,,,,,,https://www.invitationhomes.com/houses-for-rent/1154-terra-street-78665-109892,2026-08-10,2026-09-09,TX,Round Rock,,,,,1154-terra-street-78665-109892
2026-09-09,INVH,Austin,"21414 Grand National Avenue, Pflugerville, TX, 78660",Austin,INVH-21414-grand-national-avenue-78660-109882,3,2.5,1704,2045.0,2026-09-09,24 months,False,,,,,,,,https://www.invitationhomes.com/houses-for-rent/21414-grand-national-avenue-78660-109882,2026-07-19,2026-09-09,TX,Pflugerville,,,,,21414-grand-national-avenue-78660-109882
2026-09-09,INVH,Houston,"1022 Bahia Vista Dr, Richmond, TX, 77406",Houston,INVH-1022-bahia-vista-dr-77406-1051,4,2.0,1836,2045.0,2026-10-15,23 months,False,,,,,,,,https://www.invitationhomes.com/houses-for-rent/1022-bahia-vista-dr-77406-1051,2026-09-03,2026-09-09,TX,Richmond,,,,,1022-bahia-vista-dr-77406-1051
2026-09-09,INVH,Houston,"1415 McGee Lake Ct, Richmond, TX, 77407",Houston,INVH-1415-mcgee-lake-ct-77407-94350,4,2.5,2542,2535.0,2026-09-18,23 months,False,,,,,,,,https://www.invitationhomes.com/houses-for-rent/1415-mcgee-lake-ct-77407-94350,2026-08-02,2026-09-09,TX,Richmond,,,,,1415-mcgee-lake-ct-77407-94350
2026-09-09,INVH,Houston,"10107 Limewood Ln, Sugar Land, TX, 77498",Houston,INVH-10107-limewood-ln-77498-6930,3,2.0,1419,1995.0,2026-09-17,23 months,False,,,,,,,,https://www.invitationhomes.com/houses-for-rent/10107-limewood-ln-77498-6930,2026-04-13,2026-09-09,TX,Sugar Land,,,,,10107-limewood-ln-77498-6930
2026-09-09,INVH,Houston,"1331 Blackheath Ct, Katy, TX, 77494",Houston,INVH-1331-blackheath-ct-77494-94295,4,3.5,2899,2510.0,2026-09-09,23 months,False,,,,,,,,https://www.invitationhomes.com/houses-for-rent/1331-blackheath-ct-77494-94295,2026-04-26,2026-09-09,TX,Katy,,,,,1331-blackheath-ct-77494-94295
2026-09-09,INVH,Houston,"22635 Leedstown Ln, Katy, TX, 77449",Houston,INVH-22635-leedstown-ln-77449-110641,3,2.0,1460,1795.0,2026-10-08,23 months,False,,,,,,,,https://www.invitationhomes.com/houses-for-rent/22635-leedstown-ln-77449-110641,2026-09-03,2026-09-09,TX,Katy,,,,,22635-leedstown-ln-77449-110641
2026-09-09,INVH,Houston,"22614 Powell House Ln, Katy, TX, 77449",Houston,INVH-22614-powell-house-ln-77449-6431,3,2.0,1490,1745.0,2026-09-09,23 months,False,,,,,,,,https://www.invitationhomes.com/houses-for-rent/22614-powell-house-ln-77449-6431,2026-06-14,2026-09-09,TX,Katy,,,,,22614-powell-house-ln-77449-6431
2026-09-09,INVH,Houston,"4343 Kevinkay Dr, Houston, TX, 77084",Houston,INVH-4343-kevinkay-dr-77084-7087,3,2.0,1488,1760.0,2026-09-09,23 months,False,,,,,,,,https://www.invitationhomes.com/houses-for-rent/4343-kevinkay-dr-77084-7087,2026-08-02,2026-09-09,TX,Houston,,,,,4343-kevinkay-dr-77084-7087
2026-09-09,INVH,Houston,"5802 Le Carpe Plantation Ct, Katy, TX, 77449",Houston,INVH-5802-le-carpe-plantation-ct-77449-1700,3,2.0,1274,1725.0,2026-09-16,23 months,False,,,,,,,,https://www.invitationhomes.com/houses-for-rent/5802-le-carpe-plantation-ct-77449-1700,2026-08-16,2026-09-09,TX,Katy,,,,,5802-le-carpe-plantation-ct-77449-1700
2026-09-09,INVH,Houston,"5810 Le Carpe Plantation Ct, Katy, TX, 77449",Houston,INVH-5810-le-carpe-plantation-ct-77449-7593,3,2.5,1813,1795.0,2026-09-14,23 months,False,,,,,,,,https://www.invitationhomes.com/houses-for-rent/5810-le-carpe-plantation-ct-77449-7593,2026-08-10,2026-09-09,TX,Katy,,,,,5810-le-carpe-plantation-ct-77449-7593
2026-09-09,INVH,Houston,"18807 N Lyford Dr, Katy, TX, 77449",Houston,INVH-18807-n-lyford-dr-77449-6467,3,2.5,1777,1925.0,2026-09-09,23 months,False,,,,,,,,https://www.invitationhomes.com/houses-for-rent/18807-n-lyford-dr-77449-6467,2026-08-10,2026-09-09,TX,Katy,,,,,18807-n-lyford-dr-77449-6467
2026-09-09,INVH,Houston,"18802 Dennington Dr, Katy, TX, 77449",Houston,INVH-18802-dennington-dr-77449-6817,3,2.0,1407,1880.0,2026-10-05,24 months,False,,,,,,,,https://www.invitationhomes.com/houses-for-rent/18802-dennington-dr-77449-6817,2026-08-02,2026-09-09,TX,Katy,,,,,18802-dennington-dr-77449-6817
2026-09-09,INVH,Houston,"18806 N Lyford Dr, Katy, TX, 77449",Houston,INVH-18806-n-lyford-dr-77449-2173,3,2.0,1192,1790.0,2026-09-09,23 months,False,,,,,,,,https://www.invitationhomes.com/houses-for-rent/18806-n-lyford-dr-77449-2173,2026-08-02,2026-09-09,TX,Katy,,,,,18806-n-lyford-dr-77449-2173
2026-09-09,INVH,Houston,"18715 Dennington Dr, Katy, TX, 77449",Houston,INVH-18715-dennington-dr-77449-5982,4,2.5,1917,1899.0,2026-09-09,23 months,False,,,,,,,,https://www.invitationhomes.com/houses-for-rent/18715-dennington-dr-77449-5982,2026-07-19,2026-09-09,TX,Katy,,,,,18715-dennington-dr-77449-5982
2026-09-09,INVH,Houston,"18742 N Lyford Dr, Katy, TX, 77449",Houston,INVH-18742-n-lyford-dr-77449-7539,3,2.0,1407,1749.0,2026-09-09,23 months,False,,,,,,,,https://www.invitationhomes.com/houses-for-rent/18742-n-lyford-dr-77449-7539,2026-08-02,2026-09-09,TX,Katy,,,,,18742-n-lyford-dr-77449-7539
2026-09-09,INVH,Houston,"6348 Austinville Dr, Katy, TX, 77449",Houston,INVH-6348-austinville-dr-77449-8675,3,2.5,1383,1640.0,2026-09-09,23 months,False,,,,,,,,https://www.invitationhomes.com/houses-for-rent/6348-austinville-dr-77449-8675,2026-07-19,2026-09-09,TX,Katy,,,,,6348-austinville-dr-77449-8675
2026-09-09,INVH,Houston,"6503 Citrus Field Ln, Katy, TX, 77449",Houston,INVH-6503-citrus-field-ln-77449-4948,4,2.5,2380,1995.0,2026-10-04,23 months,False,,,,,,,,https://www.invitationhomes.com/houses-for-rent/6503-citrus-field-ln-77449-4948,2026-08-23,2026-09-09,TX,Katy,,,,,6503-citrus-field-ln-77449-4948
2026-09-09,INVH,Houston,"17603 Chatham Way Dr, Houston, TX, 77084",Houston,INVH-17603-chatham-way-dr-77084-6718,4,2.5,2114,1995.0,2026-10-08,23 months,False,,,,,,,,https://www.invitationhomes.com/houses-for-rent/17603-chatham-way-dr-77084-6718,2026-09-03,2026-09-09,TX,Houston,,,,,17603-chatham-way-dr-77084-6718
2026-09-09,INVH,Houston,"16835 Grampin Dr, Houston, TX, 77084",Houston,INVH-16835-grampin-dr-77084-110696,3,2.0,1900,1715.0,2026-09-09,23 months,False,,,,,,,,https://www.invitationhomes.com/houses-for-rent/16835-grampin-dr-77084-110696,2026-07-19,2026-09-09,TX,Houston,,,,,16835-grampin-dr-77084-110696
2026-09-09,INVH,Houston,"5126 Girnigoe Dr, Houston, TX, 77084",Houston,INVH-5126-girnigoe-dr-77084-7342,3,2.0,1784,1885.0,2026-09-09,23 months,False,,,,,,,,https://www.invitationhomes.com/houses-for-rent/5126-girnigoe-dr-77084-7342,2026-08-10,2026-09-09,TX,Houston,,,,,5126-girnigoe-dr-77084-7342
2026-09-09,INVH,Houston,"7230 Dew Mist Ln, Houston, TX, 77095",Houston,INVH-7230-dew-mist-ln-77095-9311,4,2.0,1600,1795.0,2026-09-09,23 months,False,,,,,,,,https://www.invitationhomes.com/houses-for-rent/7230-dew-mist-ln-77095-9311,2026-07-19,2026-09-09,TX,Houston,,,,,7230-dew-mist-ln-77095-9311
2026-09-09,INVH,Houston,"17634 S Summit Canyon Dr, Houston, TX, 77095",Houston,INVH-17634-s-summit-canyon-dr-77095-94906,3,2.5,2430,2395.0,2026-09-09,23 months,False,,,,,,,,https://www.invitationhomes.com/houses-for-rent/17634-s-summit-canyon-dr-77095-94906,2026-07-19,2026-09-09,TX,Houston,,,,,17634-s-summit-canyon-dr-77095-94906
2026-09-09,INVH,Houston,"15726 Stiller Park Dr, Cypress, TX, 77429",Houston,INVH-15726-stiller-park-dr-77429-94525,3,2.5,2256,2565.0,2026-09-09,23 months,False,,,,,,,,https://www.invitationhomes.com/houses-for-rent/15726-stiller-park-dr-77429-94525,2026-08-02,2026-09-09,TX,Cypress,,,,,15726-stiller-park-dr-77429-94525
2026-09-09,INVH,Houston,"14402 Narnia Vale Ct, Cypress, TX, 77429",Houston,INVH-14402-narnia-vale-ct-77429-2980,5,3.0,2665,2295.0,2026-09-09,23 months,False,,,,,,,,https://www.invitationhomes.com/houses-for-rent/14402-narnia-vale-ct-77429-2980,2026-08-02,2026-09-09,TX,Cypress,,,,,14402-narnia-vale-ct-77429-2980
2026-09-09,INVH,Dallas,"24019 Mustang Run Dr, Hockley, TX, 77447",Dallas,INVH-24019-mustang-run-dr-77447-115577,3,2.0,1248,1775.0,2026-10-16,24 months,False,,,,,,,,https://www.invitationhomes.com/houses-for-rent/24019-mustang-run-dr-77447-115577,2026-09-03,2026-09-09,TX,Hockley,,,,,24019-mustang-run-dr-77447-115577
2026-09-09,INVH,Dallas,"18739 Mercer Falls Dr, Hockley, TX, 77447",Dallas,INVH-18739-mercer-falls-dr-77447-115648,3,2.0,1461,1949.0,2026-10-05,24 months,False,,,,,,,,https://www.invitationhomes.com/houses-for-rent/18739-mercer-falls-dr-77447-115648,2026-04-26,2026-09-09,TX,Hockley,,,,,18739-mercer-falls-dr-77447-115648
2026-09-09,INVH,Dallas,"24026 Laurel Farms Dr, Hockley, TX, 77447",Dallas,INVH-24026-laurel-farms-dr-77447-115720,3,2.0,1461,1875.0,2026-09-09,24 months,False,,,,,,,,https://www.invitationhomes.com/houses-for-rent/24026-laurel-farms-dr-77447-115720,2026-08-10,2026-09-09,TX,Hockley,,,,,24026-laurel-farms-dr-77447-115720
2026-09-09,INVH,Houston,"16122 Golden Sage Ln, Cypress, TX, 77429",Houston,INVH-16122-golden-sage-ln-77429-4784,3,2.5,1905,1730.0,2026-10-08,23 months,False,,,,,,,,https://www.invitationhomes.com/houses-for-rent/16122-golden-sage-ln-77429-4784,2026-05-17,2026-09-09,TX,Cypress,,,,,16122-golden-sage-ln-77429-4784
2026-09-09,INVH,Houston,"15802 Parmley Creek Ct, Cypress, TX, 77429",Houston,INVH-15802-parmley-creek-ct-77429-6735,4,3.5,2595,2399.0,2026-09-09,23 months,False,,,,,,,,https://www.invitationhomes.com/houses-for-rent/15802-parmley-creek-ct-77429-6735,2026-08-23,2026-09-09,TX,Cypress,,,,,15802-parmley-creek-ct-77429-6735
2026-09-09,INVH,Dallas,"13018 Millstream Bend Ln, Tomball, TX, 77377",Dallas,INVH-13018-millstream-bend-ln-77377-94427,4,2.0,1644,2060.0,2026-10-20,23 months,False,,,,,,,,https://www.invitationhomes.com/houses-for-rent/13018-millstream-bend-ln-77377-94427,2026-09-09,2026-09-09,TX,Tomball,,,,,13018-millstream-bend-ln-77377-94427
2026-09-09,INVH,Dallas,"13484 Maltessa Dr, Magnolia, TX, 77354",Dallas,INVH-13484-maltessa-dr-77354-124792,4,2.5,2428,2199.0,2026-09-09,24 months,False,,,,,,,,https://www.invitationhomes.com/houses-for-rent/13484-maltessa-dr-77354-124792,2026-08-02,2026-09-09,TX,Magnolia,,,,,13484-maltessa-dr-77354-124792
2026-09-09,INVH,Dallas,"13478 Maltessa Dr, Magnolia, TX, 77354",Dallas,INVH-13478-maltessa-dr-77354-124787,4,2.0,1936,1925.0,2026-09-09,24 months,False,,,,,,,,https://www.invitationhomes.com/houses-for-rent/13478-maltessa-dr-77354-124787,2026-08-02,2026-09-09,TX,Magnolia,,,,,13478-maltessa-dr-77354-124787
2026-09-09,INVH,Dallas,"13462 Maltessa Dr, Magnolia, TX, 77354",Dallas,INVH-13462-maltessa-dr-77354-124789,4,2.5,2285,2249.0,2026-09-09,24 months,False,,,,,,,,https://www.invitationhomes.com/houses-for-rent/13462-maltessa-dr-77354-124789,2026-08-02,2026-09-09,TX,Magnolia,,,,,13462-maltessa-dr-77354-124789
2026-09-09,INVH,Dallas,"13430 Maltessa Dr, Magnolia, TX, 77354",Dallas,INVH-13430-maltessa-dr-77354-124620,4,2.5,2428,2299.0,2026-10-07,24 months,False,,,,,,,,https://www.invitationhomes.com/houses-for-rent/13430-maltessa-dr-77354-124620,2026-09-03,2026-09-09,TX,Magnolia,,,,,13430-maltessa-dr-77354-124620
2026-09-09,INVH,Dallas,"13407 Maltessa Dr, Magnolia, TX, 77354",Dallas,INVH-13407-maltessa-dr-77354-124867,4,2.5,2285,2299.0,2026-09-09,24 months,False,,,,,,,,https://www.invitationhomes.com/houses-for-rent/13407-maltessa-dr-77354-124867,2026-09-03,2026-09-09,TX,Magnolia,,,,,13407-maltessa-dr-77354-124867
2026-09-09,INVH,Dallas,"24952 Aconite Ln, Montgomery, TX, 77316",Dallas,INVH-24952-aconite-lane-77316-120724,4,2.5,1857,1825.0,2026-09-09,24 months,False,,,,,,,,https://www.invitationhomes.com/houses-for-rent/24952-aconite-lane-77316-120724,2026-08-10,2026-09-09,TX,Montgomery,,,,,24952-aconite-lane-77316-120724
2026-09-09,INVH,Dallas,"5703 Daphne Ln, Montgomery, TX, 77316",Dallas,INVH-5703-daphne-ln-77316-123811,4,2.5,1857,1825.0,2026-10-18,24 months,False,,,,,,,,https://www.invitationhomes.com/houses-for-rent/5703-daphne-ln-77316-123811,2026-09-03,2026-09-09,TX,Montgomery,,,,,5703-daphne-ln-77316-123811
2026-09-09,INVH,Dallas,"24920 Aconite Ln, Montgomery, TX, 77316",Dallas,INVH-24920-aconite-lane-77316-120957,4,2.5,1857,1825.0,2026-09-09,24 months,False,,,,,,,,https://www.invitationhomes.com/houses-for-rent/24920-aconite-lane-77316-120957,2026-09-03,2026-09-09,TX,Montgomery,,,,,24920-aconite-lane-77316-120957
2026-09-09,INVH,Dallas,"24833 Scillia Way, Montgomery, TX, 77316",Dallas,INVH-24833-scillia-way-77316-122206,5,3.5,2200,2049.0,2026-10-17,24 months,False,,,,,,,,https://www.invitationhomes.com/houses-for-rent/24833-scillia-way-77316-122206,2026-09-03,2026-09-09,TX,Montgomery,,,,,24833-scillia-way-77316-122206
2026-09-09,INVH,Dallas,"5803 Canterbury Bells, Montgomery, TX, 77316",Dallas,INVH-5803-canterbury-bells-77316-121082,5,3.5,2200,2049.0,2026-10-20,24 months,False,,,,,,,,https://www.invitationhomes.com/houses-for-rent/5803-canterbury-bells-77316-121082,2026-09-06,2026-09-09,TX,Montgomery,,,,,5803-canterbury-bells-77316-121082
2026-09-09,INVH,Dallas,"28 Wyndemere Dr, Montgomery, TX, 77356",Dallas,INVH-28-wyndemere-dr-77356-8278,3,3.0,2464,2649.0,2026-09-23,23 months,False,,,,,,,,https://www.invitationhomes.com/houses-for-rent/28-wyndemere-dr-77356-8278,2026-09-06,2026-09-09,TX,Montgomery,,,,,28-wyndemere-dr-77356-8278
2026-09-09,INVH,Dallas,"947 Carrick Drive, Ennis, TX, 75119",Dallas,INVH-947-carrick-drive-75119-122547,3,2.0,1451,1895.0,2026-10-24,20 months,False,,,,,,,,https://www.invitationhomes.com/houses-for-rent/947-carrick-drive-75119-122547,2026-09-09,2026-09-09,TX,Ennis,,,,,947-carrick-drive-75119-122547
2026-09-09,INVH,Dallas,"5058 Volunteer Drive, Ennis, TX, 75119",Dallas,INVH-5058-volunteer-drive-75119-122554,4,2.0,1720,2030.0,2026-10-09,20 months,False,,,,,,,,https://www.invitationhomes.com/houses-for-rent/5058-volunteer-drive-75119-122554,2026-09-06,2026-09-09,TX,Ennis,,,,,5058-volunteer-drive-75119-122554
2026-09-09,INVH,Dallas,"507 Vicksburg Drive, Ennis, TX, 75119",Dallas,INVH-507-vicksburg-drive-75119-114911,3,2.0,1522,1945.0,2026-09-09,20 months,False,,,,,,,,https://www.invitationhomes.com/houses-for-rent/507-vicksburg-drive-75119-114911,2026-07-19,2026-09-09,TX,Ennis,,,,,507-vicksburg-drive-75119-114911
2026-09-09,INVH,Dallas,"5857 Bindweed St, Fort Worth, TX, 76123",Dallas,INVH-5857-bindweed-st-76123-86484,4,3.0,2204,2595.0,2026-09-09,20 months,False,,,,,,,,https://www.invitationhomes.com/houses-for-rent/5857-bindweed-st-76123-86484,2026-08-16,2026-09-09,TX,Fort Worth,,,,,5857-bindweed-st-76123-86484
2026-09-09,INVH,Dallas,"4904 Palm Ridge Dr, Fort Worth, TX, 76133",Dallas,INVH-4904-palm-ridge-dr-76133-3193,4,2.5,2938,2245.0,2026-09-09,20 months,False,,,,,,,,https://www.invitationhomes.com/houses-for-rent/4904-palm-ridge-dr-76133-3193,2026-05-17,2026-09-09,TX,Fort Worth,,,,,4904-palm-ridge-dr-76133-3193
2026-09-09,INVH,Dallas,"520 Glenwood Dr, Burleson, TX, 76028",Dallas,INVH-520-glenwood-dr-76028-84689,3,2.0,2009,2280.0,2026-09-09,20 months,False,,,,,,,,https://www.invitationhomes.com/houses-for-rent/520-glenwood-dr-76028-84689,2026-07-19,2026-09-09,TX,Burleson,,,,,520-glenwood-dr-76028-84689
2026-09-09,INVH,Dallas,"512 Bretts Way, Burleson, TX, 76028",Dallas,INVH-512-bretts-way-76028-84814,3,2.0,1696,1999.0,2026-09-09,20 months,False,,,,,,,,https://www.invitationhomes.com/houses-for-rent/512-bretts-way-76028-84814,2026-06-09,2026-09-09,TX,Burleson,,,,,512-bretts-way-76028-84814
2026-09-09,INVH,Dallas,"1009 Hannah St, Burleson, TX, 76028",Dallas,INVH-1009-hannah-st-76028-7421,3,2.0,1597,2330.0,2026-09-22,20 months,False,,,,,,,,https://www.invitationhomes.com/houses-for-rent/1009-hannah-st-76028-7421,2026-09-03,2026-09-09,TX,Burleson,,,,,1009-hannah-st-76028-7421
2026-09-09,INVH,Dallas,"425 Hummingbird Trl, Crowley, TX, 76036",Dallas,INVH-425-hummingbird-trl-76036-6008,4,2.5,2927,2745.0,2026-09-30,20 months,False,,,,,,,,https://www.invitationhomes.com/houses-for-rent/425-hummingbird-trl-76036-6008,2026-08-23,2026-09-09,TX,Crowley,,,,,425-hummingbird-trl-76036-6008
2026-09-09,INVH,Dallas,"1512 Windy Meadows Dr, Burleson, TX, 76028",Dallas,INVH-1512-windy-meadows-dr-76028-4382,4,2.0,1979,2245.0,2026-09-09,20 months,False,,,,,,,,https://www.invitationhomes.com/houses-for-rent/1512-windy-meadows-dr-76028-4382,2026-07-19,2026-09-09,TX,Burleson,,,,,1512-windy-meadows-dr-76028-4382
2026-09-09,INVH,Dallas,"4040 May Water Trl, Crowley, TX, 76036",Dallas,INVH-4040-may-water-trl-76036-121745,4,2.0,1707,2185.0,2026-09-09,24 months,False,,,,,,,,https://www.invitationhomes.com/houses-for-rent/4040-may-water-trl-76036-121745,2026-09-09,2026-09-09,TX,Crowley,,,,,4040-may-water-trl-76036-121745
2026-09-09,INVH,Dallas,"4024 Pleasant Shade Pl, Crowley, TX, 76036",Dallas,INVH-4024-pleasant-shade-pl-76036-121404,4,2.0,1667,2075.0,2026-09-09,24 months,False,,,,,,,,https://www.invitationhomes.com/houses-for-rent/4024-pleasant-shade-pl-76036-121404,2026-07-19,2026-09-09,TX,Crowley,,,,,4024-pleasant-shade-pl-76036-121404
2026-09-09,INVH,Dallas,"4020 Pleasant Shade Pl, Crowley, TX, 76036",Dallas,INVH-4020-pleasant-shade-pl-76036-121163,4,2.5,1885,2135.0,2026-09-09,24 months,False,,,,,,,,https://www.invitationhomes.com/houses-for-rent/4020-pleasant-shade-pl-76036-121163,2026-08-16,2026-09-09,TX,Crowley,,,,,4020-pleasant-shade-pl-76036-121163
2026-09-09,INVH,Dallas,"4036 Mountain Meadow Rd, Crowley, TX, 76036",Dallas,INVH-4036-mountain-meadow-rd-76036-120996,4,2.0,1667,2049.0,2026-09-09,24 months,False,,,,,,,,https://www.invitationhomes.com/houses-for-rent/4036-mountain-meadow-rd-76036-120996,2026-07-19,2026-09-09,TX,Crowley,,,,,4036-mountain-meadow-rd-76036-120996
2026-09-09,INVH,Dallas,"4024 Mountain Meadow Rd, Crowley, TX, 76036",Dallas,INVH-4024-mountain-meadow-rd-76036-120704,4,2.0,1784,2180.0,2026-09-09,24 months,False,,,,,,,,https://www.invitationhomes.com/houses-for-rent/4024-mountain-meadow-rd-76036-120704,2026-07-19,2026-09-09,TX,Crowley,,,,,4024-mountain-meadow-rd-76036-120704
2026-09-09,INVH,Dallas,"10229 Hackberry Spring Way, Crowley, TX, 76036",Dallas,INVH-10229-hackberry-spring-way-76036-120556,4,2.0,1667,2149.0,2026-09-09,24 months,False,,,,,,,,https://www.invitationhomes.com/houses-for-rent/10229-hackberry-spring-way-76036-120556,2026-09-09,2026-09-09,TX,Crowley,,,,,10229-hackberry-spring-way-76036-120556
2026-09-09,INVH,Dallas,"10253 Tullamore Ridge Rd, Crowley, TX, 76036",Dallas,INVH-10253-tullamore-ridge-rd-76036-120224,4,2.0,1667,2125.0,2026-10-15,24 months,False,,,,,,,,https://www.invitationhomes.com/houses-for-rent/10253-tullamore-ridge-rd-76036-120224,2026-09-03,2026-09-09,TX,Crowley,,,,,10253-tullamore-ridge-rd-76036-120224
2026-09-09,INVH,Dallas,"1155 Rosemary Ct, Burleson, TX, 76028",Dallas,INVH-1155-rosemary-ct-76028-114125,3,2.0,2166,2495.0,2026-09-09,20 months,False,,,,,,,,https://www.invitationhomes.com/houses-for-rent/1155-rosemary-ct-76028-114125,2026-08-23,2026-09-09,TX,Burleson,,,,,1155-rosemary-ct-76028-114125
2026-09-09,INVH,Dallas,"1808 Wickham, Burleson, TX, 76028",Dallas,INVH-1808-wickham-76028-110584,3,2.0,1484,1895.0,2026-10-15,20 months,False,,,,,,,,https://www.invitationhomes.com/houses-for-rent/1808-wickham-76028-110584,2026-09-03,2026-09-09,TX,Burleson,,,,,1808-wickham-76028-110584
2026-09-09,INVH,Dallas,"1833 Wickham Dr, Burleson, TX, 76028",Dallas,INVH-1833-wickham-dr-76028-8854,3,2.0,1509,1760.0,2026-09-09,20 months,False,,,,,,,,https://www.invitationhomes.com/houses-for-rent/1833-wickham-dr-76028-8854,2026-04-26,2026-09-09,TX,Burleson,,,,,1833-wickham-dr-76028-8854
2026-09-09,INVH,Dallas,"1849 Wickham Dr, Burleson, TX, 76028",Dallas,INVH-1849-wickham-dr-76028-2863,4,2.5,2516,2295.0,2026-09-09,20 months,False,,,,,,,,https://www.invitationhomes.com/houses-for-rent/1849-wickham-dr-76028-2863,2026-09-09,2026-09-09,TX,Burleson,,,,,1849-wickham-dr-76028-2863
2026-09-09,INVH,Dallas,"1804 Village Park Trl, Burleson, TX, 76028",Dallas,INVH-1804-village-park-trl-76028-2230,4,2.5,1920,2185.0,2026-09-14,20 months,False,,,,,,,,https://www.invitationhomes.com/houses-for-rent/1804-village-park-trl-76028-2230,2026-08-02,2026-09-09,TX,Burleson,,,,,1804-village-park-trl-76028-2230
2026-09-09,INVH,Dallas,"1801 Vineridge Ln, Burleson, TX, 76028",Dallas,INVH-1801-vineridge-ln-76028-4069,4,2.5,1920,2190.0,2026-09-09,20 months,False,,,,,,,,https://www.invitationhomes.com/houses-for-rent/1801-vineridge-ln-76028-4069,2026-08-02,2026-09-09,TX,Burleson,,,,,1801-vineridge-ln-76028-4069
2026-09-09,INVH,Dallas,"2513 Stonewall Ln, Fort Worth, TX, 76123",Dallas,INVH-2513-stonewall-ln-76123-114106,3,2.0,1748,2225.0,2026-09-27,20 months,False,,,,,,,,https://www.invitationhomes.com/houses-for-rent/2513-stonewall-ln-76123-114106,2026-08-02,2026-09-09,TX,Fort Worth,,,,,2513-stonewall-ln-76123-114106
2026-09-09,INVH,Dallas,"627 Plainview Dr, Mansfield, TX, 76063",Dallas,INVH-627-plainview-dr-76063-3516,3,2.0,1236,1995.0,2026-09-09,20 months,False,,,,,,,,https://www.invitationhomes.com/houses-for-rent/627-plainview-dr-76063-3516,2026-07-19,2026-09-09,TX,Mansfield,,,,,627-plainview-dr-76063-3516
2026-09-09,INVH,Dallas,"506 Plainview Dr, Mansfield, TX, 76063",Dallas,INVH-506-plainview-dr-76063-5059,3,2.0,1220,1980.0,2026-09-17,20 months,False,,,,,,,,https://www.invitationhomes.com/houses-for-rent/506-plainview-dr-76063-5059,2026-07-19,2026-09-09,TX,Mansfield,,,,,506-plainview-dr-76063-5059
2026-09-09,INVH,Dallas,"1200 Cardinal Oaks Dr, Mansfield, TX, 76063",Dallas,INVH-1200-cardinal-oaks-dr-76063-84723,3,2.0,1441,2199.0,2026-09-14,20 months,False,,,,,,,,https://www.invitationhomes.com/houses-for-rent/1200-cardinal-oaks-dr-76063-84723,2026-08-10,2026-09-09,TX,Mansfield,,,,,1200-cardinal-oaks-dr-76063-84723
2026-09-09,INVH,Dallas,"606 Ember Ln, Mansfield, TX, 76063",Dallas,INVH-606-ember-ln-76063-111913,3,2.0,2018,2560.0,2026-09-11,20 months,False,,,,,,,,https://www.invitationhomes.com/houses-for-rent/606-ember-ln-76063-111913,2026-08-10,2026-09-09,TX,Mansfield,,,,,606-ember-ln-76063-111913
2026-09-09,INVH,Dallas,"713 Saint Matthew Dr, Mansfield, TX, 76063",Dallas,INVH-713-st-matthew-dr-76063-9389,4,2.5,2520,2765.0,2026-09-09,20 months,False,,,,,,,,https://www.invitationhomes.com/houses-for-rent/713-st-matthew-dr-76063-9389,2026-09-03,2026-09-09,TX,Mansfield,,,,,713-st-matthew-dr-76063-9389
2026-09-09,INVH,Dallas,"4808 Bluebird Ln, Mansfield, TX, 76063",Dallas,INVH-4808-bluebird-ln-76063-1997,5,2.0,2574,3090.0,2026-09-09,20 months,False,,,,,,,,https://www.invitationhomes.com/houses-for-rent/4808-bluebird-ln-76063-1997,2026-06-09,2026-09-09,TX,Mansfield,,,,,4808-bluebird-ln-76063-1997
2026-09-09,INVH,Dallas,"3 Calloway Ct, Mansfield, TX, 76063",Dallas,INVH-3-calloway-ct-76063-9595,4,3.0,2714,2995.0,2026-10-15,20 months,False,,,,,,,,https://www.invitationhomes.com/houses-for-rent/3-calloway-ct-76063-9595,2026-09-03,2026-09-09,TX,Mansfield,,,,,3-calloway-ct-76063-9595
2026-09-09,INVH,Dallas,"2206 Kingsley Dr, Mansfield, TX, 76063",Dallas,INVH-2206-kingsley-dr-76063-3633,4,2.0,2986,3049.0,2026-09-09,20 months,False,,,,,,,,https://www.invitationhomes.com/houses-for-rent/2206-kingsley-dr-76063-3633,2026-07-19,2026-09-09,TX,Mansfield,,,,,2206-kingsley-dr-76063-3633
2026-09-09,INVH,Dallas,"1704 Windcastle Dr, Mansfield, TX, 76063",Dallas,INVH-1704-windcastle-dr-76063-4625,3,2.0,2006,2495.0,2026-10-20,20 months,False,,,,,,,,https://www.invitationhomes.com/houses-for-rent/1704-windcastle-dr-76063-4625,2026-09-06,2026-09-09,TX,Mansfield,,,,,1704-windcastle-dr-76063-4625
2026-09-09,INVH,Dallas,"1907 Winter Park Dr, Mansfield, TX, 76063",Dallas,INVH-1907-winter-park-dr-76063-7969,3,2.0,2226,2595.0,2026-09-09,20 months,False,,,,,,,,https://www.invitationhomes.com/houses-for-rent/1907-winter-park-dr-76063-7969,2026-07-19,2026-09-09,TX,Mansfield,,,,,1907-winter-park-dr-76063-7969
2026-09-09,INVH,Dallas,"8007 Stowe Springs Ln, Arlington, TX, 76002",Dallas,INVH-8007-stowe-springs-ln-76002-7886,4,2.0,2105,2215.0,2026-09-11,20 months,False,,,,,,,,https://www.invitationhomes.com/houses-for-rent/8007-stowe-springs-ln-76002-7886,2026-09-09,2026-09-09,TX,Arlington,,,,,8007-stowe-springs-ln-76002-7886
2026-09-09,INVH,Dallas,"7471 Gallo, Grand Prairie, TX, 75054",Dallas,INVH-7471-gallo-75054-7794,4,3.0,2395,2895.0,2026-09-11,20 months,False,,,,,,,,https://www.invitationhomes.com/houses-for-rent/7471-gallo-75054-7794,2026-07-19,2026-09-09,TX,Grand Prairie,,,,,7471-gallo-75054-7794
2026-09-09,INVH,Dallas,"3247 Serpis, Grand Prairie, TX, 75054",Dallas,INVH-3247-serpis-75054-4044,4,3.0,3066,2895.0,2026-09-09,20 months,False,,,,,,,,https://www.invitationhomes.com/houses-for-rent/3247-serpis-75054-4044,2026-05-26,2026-09-09,TX,Grand Prairie,,,,,3247-serpis-75054-4044
2026-09-09,INVH,Dallas,"6103 Autumn Springs, Arlington, TX, 76001",Dallas,INVH-6103-autumn-springs-76001-110526,3,2.0,1289,1945.0,2026-09-11,20 months,False,,,,,,,,https://www.invitationhomes.com/houses-for-rent/6103-autumn-springs-76001-110526,2026-09-03,2026-09-09,TX,Arlington,,,,,6103-autumn-springs-76001-110526
2026-09-09,INVH,Dallas,"3168 Kingswood Ct, Mansfield, TX, 76063",Dallas,INVH-3168-kingswood-ct-76063-1633,4,2.5,2783,2849.0,2026-09-26,20 months,False,,,,,,,,https://www.invitationhomes.com/houses-for-rent/3168-kingswood-ct-76063-1633,2026-08-16,2026-09-09,TX,Mansfield,,,,,3168-kingswood-ct-76063-1633
2026-09-09,INVH,Dallas,"7704 Cresswell Dr, Arlington, TX, 76001",Dallas,INVH-7704-cresswell-dr-76001-2176,4,2.5,2880,2815.0,2026-09-14,20 months,False,,,,,,,,https://www.invitationhomes.com/houses-for-rent/7704-cresswell-dr-76001-2176,2026-07-19,2026-09-09,TX,Arlington,,,,,7704-cresswell-dr-76001-2176
2026-09-09,INVH,Dallas,"3302 Hunter Cove Dr, Arlington, TX, 76001",Dallas,INVH-3302-hunter-cove-dr-76001-3436,5,3.5,3055,3035.0,2026-09-09,20 months,False,,,,,,,,https://www.invitationhomes.com/houses-for-rent/3302-hunter-cove-dr-76001-3436,2026-06-09,2026-09-09,TX,Arlington,,,,,3302-hunter-cove-dr-76001-3436
2026-09-09,INVH,Dallas,"5807 Polo Club Dr, Arlington, TX, 76017",Dallas,INVH-5807-polo-club-dr-76017-2016,3,2.5,2155,2395.0,2026-10-20,20 months,False,,,,,,,,https://www.invitationhomes.com/houses-for-rent/5807-polo-club-dr-76017-2016,2026-09-06,2026-09-09,TX,Arlington,,,,,5807-polo-club-dr-76017-2016
2026-09-09,INVH,Dallas,"6517 Forest Park, Arlington, TX, 76001",Dallas,INVH-6517-forest-park-76001-110483,5,3.0,3139,3135.0,2026-09-11,20 months,False,,,,,,,,https://www.invitationhomes.com/houses-for-rent/6517-forest-park-76001-110483,2026-08-10,2026-09-09,TX,Arlington,,,,,6517-forest-park-76001-110483
2026-09-09,INVH,Dallas,"6604 Shoal Creek Dr, Arlington, TX, 76001",Dallas,INVH-6604-shoal-creek-dr-76001-85212,4,2.0,1757,2345.0,2026-10-05,20 months,False,,,,,,,,https://www.invitationhomes.com/houses-for-rent/6604-shoal-creek-dr-76001-85212,2026-08-23,2026-09-09,TX,Arlington,,,,,6604-shoal-creek-dr-76001-85212
2026-09-09,INVH,Dallas,"6120 Pinwood Cir, Arlington, TX, 76001",Dallas,INVH-6120-pinwood-cir-76001-3246,4,3.5,2992,3215.0,2026-09-16,20 months,False,,,,,,,,https://www.invitationhomes.com/houses-for-rent/6120-pinwood-cir-76001-3246,2026-07-19,2026-09-09,TX,Arlington,,,,,6120-pinwood-cir-76001-3246
2026-09-09,INVH,Dallas,"6212 Berlinetta Dr, Arlington, TX, 76001",Dallas,INVH-6212-berlinetta-dr-76001-9546,3,2.0,1425,2280.0,2026-09-09,20 months,False,,,,,,,,https://www.invitationhomes.com/houses-for-rent/6212-berlinetta-dr-76001-9546,2026-06-09,2026-09-09,TX,Arlington,,,,,6212-berlinetta-dr-76001-9546
2026-09-09,INVH,Dallas,"5403 Signal Peak Dr, Arlington, TX, 76017",Dallas,INVH-5403-signal-peak-dr-76017-83045,4,2.0,2129,2549.0,2026-09-15,20 months,False,,,,,,,,https://www.invitationhomes.com/houses-for-rent/5403-signal-peak-dr-76017-83045,2026-08-16,2026-09-09,TX,Arlington,,,,,5403-signal-peak-dr-76017-83045
2026-09-09,INVH,Dallas,"5411 Rimrock Ct, Arlington, TX, 76017",Dallas,INVH-5411-rimrock-ct-76017-110271,3,2.0,1648,2115.0,2026-09-09,20 months,False,,,,,,,,https://www.invitationhomes.com/houses-for-rent/5411-rimrock-ct-76017-110271,2026-07-19,2026-09-09,TX,Arlington,,,,,5411-rimrock-ct-76017-110271
2026-09-09,INVH,Dallas,"4510 Lone Oak, Arlington, TX, 76017",Dallas,INVH-4510-lone-oak-76017-110159,3,2.0,1814,2230.0,2026-09-09,20 months,False,,,,,,,,https://www.invitationhomes.com/houses-for-rent/4510-lone-oak-76017-110159,2026-06-14,2026-09-09,TX,Arlington,,,,,4510-lone-oak-76017-110159
2026-09-09,INVH,Dallas,"5205 Hideaway Ct, Arlington, TX, 76017",Dallas,INVH-5205-hideaway-ct-76017-85185,3,2.0,1590,2230.0,2026-09-09,20 months,False,,,,,,,,https://www.invitationhomes.com/houses-for-rent/5205-hideaway-ct-76017-85185,2026-05-17,2026-09-09,TX,Arlington,,,,,5205-hideaway-ct-76017-85185
2026-09-09,INVH,Dallas,"2117 Belmont Park Dr, Arlington, TX, 76017",Dallas,INVH-2117-belmont-park-dr-76017-6069,5,2.0,2442,2545.0,2026-09-09,20 months,False,,,,,,,,https://www.invitationhomes.com/houses-for-rent/2117-belmont-park-dr-76017-6069,2026-05-09,2026-09-09,TX,Arlington,,,,,2117-belmont-park-dr-76017-6069
2026-09-09,INVH,Dallas,"2117 Cold Springs Dr, Arlington, TX, 76017",Dallas,INVH-2117-cold-springs-dr-76017-6400,3,2.5,2122,2495.0,2026-09-30,20 months,False,,,,,,,,https://www.invitationhomes.com/houses-for-rent/2117-cold-springs-dr-76017-6400,2026-08-16,2026-09-09,TX,Arlington,,,,,2117-cold-springs-dr-76017-6400
2026-09-09,INVH,Dallas,"7419 Lake Front Trl, Arlington, TX, 76002",Dallas,INVH-7419-lake-front-trl-76002-4023,3,2.0,1274,2090.0,2026-09-09,20 months,False,,,,,,,,https://www.invitationhomes.com/houses-for-rent/7419-lake-front-trl-76002-4023,2026-08-02,2026-09-09,TX,Arlington,,,,,7419-lake-front-trl-76002-4023
2026-09-09,INVH,Dallas,"8000 Stowe Springs, Arlington, TX, 76002",Dallas,INVH-8000-stowe-springs-76002-110132,5,4.0,4184,3335.0,2026-09-09,20 months,False,,,,,,,,https://www.invitationhomes.com/houses-for-rent/8000-stowe-springs-76002-110132,2026-06-09,2026-09-09,TX,Arlington,,,,,8000-stowe-springs-76002-110132
2026-09-09,INVH,Dallas,"8139 Mossberg Dr, Arlington, TX, 76002",Dallas,INVH-8139-mossberg-dr-76002-8526,3,2.0,2657,2965.0,2026-10-23,20 months,False,,,,,,,,https://www.invitationhomes.com/houses-for-rent/8139-mossberg-dr-76002-8526,2026-09-09,2026-09-09,TX,Arlington,,,,,8139-mossberg-dr-76002-8526
2026-09-09,INVH,Dallas,"6808 Running Creek Dr, Arlington, TX, 76001",Dallas,INVH-6808-running-creek-dr-76001-5224,3,2.0,1479,2090.0,2026-09-09,20 months,False,,,,,,,,https://www.invitationhomes.com/houses-for-rent/6808-running-creek-dr-76001-5224,2026-07-19,2026-09-09,TX,Arlington,,,,,6808-running-creek-dr-76001-5224
2026-09-09,INVH,Dallas,"709 W Lynn Creek Dr, Arlington, TX, 76001",Dallas,INVH-709-w-lynn-creek-dr-76001-3148,3,2.0,1286,2130.0,2026-09-14,20 months,False,,,,,,,,https://www.invitationhomes.com/houses-for-rent/709-w-lynn-creek-dr-76001-3148,2026-07-19,2026-09-09,TX,Arlington,,,,,709-w-lynn-creek-dr-76001-3148
2026-09-09,INVH,Dallas,"6619 Tabor Dr, Arlington, TX, 76002",Dallas,INVH-6619-tabor-dr-76002-6694,4,2.5,2690,2975.0,2026-10-24,20 months,False,,,,,,,,https://www.invitationhomes.com/houses-for-rent/6619-tabor-dr-76002-6694,2026-09-09,2026-09-09,TX,Arlington,,,,,6619-tabor-dr-76002-6694
2026-09-09,INVH,Dallas,"758 Bonnet Trl, Arlington, TX, 76001",Dallas,INVH-758-bonnet-trl-76001-121494,3,2.5,1660,2349.0,2026-09-09,24 months,False,,,,,,,,https://www.invitationhomes.com/houses-for-rent/758-bonnet-trl-76001-121494,2026-08-10,2026-09-09,TX,Arlington,,,,,758-bonnet-trl-76001-121494
2026-09-09,INVH,Dallas,"812 Bonnet Trl, Arlington, TX, 76001",Dallas,INVH-812-bonnet-trl-76001-121519,3,2.5,1657,2435.0,2026-10-02,24 months,False,,,,,,,,https://www.invitationhomes.com/houses-for-rent/812-bonnet-trl-76001-121519,2026-09-03,2026-09-09,TX,Arlington,,,,,812-bonnet-trl-76001-121519
2026-09-09,INVH,Dallas,"767 Bonnet Trl, Arlington, TX, 76001",Dallas,INVH-767-bonnet-trl-76001-121503,4,2.5,1721,2499.0,2026-09-09,24 months,False,,,,,,,,https://www.invitationhomes.com/houses-for-rent/767-bonnet-trl-76001-121503,2026-08-16,2026-09-09,TX,Arlington,,,,,767-bonnet-trl-76001-121503
2026-09-09,INVH,Dallas,"826 Bonnet Trl, Arlington, TX, 76001",Dallas,INVH-826-bonnet-trl-76001-121525,3,2.5,1660,2299.0,2026-09-09,24 months,False,,,,,,,,https://www.invitationhomes.com/houses-for-rent/826-bonnet-trl-76001-121525,2026-05-17,2026-09-09,TX,Arlington,,,,,826-bonnet-trl-76001-121525
2026-09-09,INVH,Dallas,"731 Bonnet Trl, Arlington, TX, 76001",Dallas,INVH-731-bonnet-trl-76001-121474,3,2.5,1694,2399.0,2026-09-09,24 months,False,,,,,,,,https://www.invitationhomes.com/houses-for-rent/731-bonnet-trl-76001-121474,2026-08-10,2026-09-09,TX,Arlington,,,,,731-bonnet-trl-76001-121474
2026-09-09,INVH,Dallas,"6427 Blue Trl, Arlington, TX, 76001",Dallas,INVH-6427-blue-trl-76001-121555,3,2.5,1660,2349.0,2026-09-14,24 months,False,,,,,,,,https://www.invitationhomes.com/houses-for-rent/6427-blue-trl-76001-121555,2026-09-03,2026-09-09,TX,Arlington,,,,,6427-blue-trl-76001-121555
2026-09-09,INVH,Dallas,"6452 Blue Trl, Arlington, TX, 76001",Dallas,INVH-6452-blue-trl-76001-121569,3,2.5,1660,2349.0,2026-10-17,24 months,False,,,,,,,,https://www.invitationhomes.com/houses-for-rent/6452-blue-trl-76001-121569,2026-09-03,2026-09-09,TX,Arlington,,,,,6452-blue-trl-76001-121569
2026-09-09,INVH,Dallas,"6442 Blue Trl, Arlington, TX, 76001",Dallas,INVH-6442-blue-trl-76001-121564,3,2.5,1660,2349.0,2026-09-09,24 months,False,,,,,,,,https://www.invitationhomes.com/houses-for-rent/6442-blue-trl-76001-121564,2026-08-10,2026-09-09,TX,Arlington,,,,,6442-blue-trl-76001-121564
2026-09-09,INVH,Dallas,"6406 Blue Trl, Arlington, TX, 76001",Dallas,INVH-6406-blue-trl-76001-121536,3,2.5,1660,2349.0,2026-09-09,24 months,False,,,,,,,,https://www.invitationhomes.com/houses-for-rent/6406-blue-trl-76001-121536,2026-07-19,2026-09-09,TX,Arlington,,,,,6406-blue-trl-76001-121536
2026-09-09,INVH,Dallas,"6422 Blue Trl, Arlington, TX, 76001",Dallas,INVH-6422-blue-trl-76001-121550,4,2.5,1721,2499.0,2026-09-09,24 months,False,,,,,,,,https://www.invitationhomes.com/houses-for-rent/6422-blue-trl-76001-121550,2026-08-02,2026-09-09,TX,Arlington,,,,,6422-blue-trl-76001-121550
2026-09-09,INVH,Dallas,"6424 Blue Trl, Arlington, TX, 76001",Dallas,INVH-6424-blue-trl-76001-121552,3,2.5,1660,2299.0,2026-09-09,24 months,False,,,,,,,,https://www.invitationhomes.com/houses-for-rent/6424-blue-trl-76001-121552,2026-07-19,2026-09-09,TX,Arlington,,,,,6424-blue-trl-76001-121552
2026-09-09,INVH,Dallas,"6426 Blue Trl, Arlington, TX, 76001",Dallas,INVH-6426-blue-trl-76001-121554,3,2.5,1660,2349.0,2026-09-09,24 months,False,,,,,,,,https://www.invitationhomes.com/houses-for-rent/6426-blue-trl-76001-121554,2026-07-19,2026-09-09,TX,Arlington,,,,,6426-blue-trl-76001-121554
2026-09-09,INVH,Dallas,"708 Bonnet Trl, Arlington, TX, 76001",Dallas,INVH-708-bonnet-trl-76001-121464,2,2.0,1446,2199.0,2026-10-12,24 months,False,,,,,,,,https://www.invitationhomes.com/houses-for-rent/708-bonnet-trl-76001-121464,2026-09-03,2026-09-09,TX,Arlington,,,,,708-bonnet-trl-76001-121464
2026-09-09,INVH,Dallas,"1304 Brookmeadow Ct, Arlington, TX, 76018",Dallas,INVH-1304-brookmeadow-ct-76018-7665,4,3.0,1830,2470.0,2026-09-09,20 months,False,,,,,,,,https://www.invitationhomes.com/houses-for-rent/1304-brookmeadow-ct-76018-7665,2026-07-19,2026-09-09,TX,Arlington,,,,,1304-brookmeadow-ct-76018-7665
2026-09-09,INVH,Dallas,"3128 Teodoro Dr, Grand Prairie, TX, 75052",Dallas,INVH-3128-teodoro-dr-75052-7931,4,2.5,3211,2790.0,2026-09-09,20 months,False,,,,,,,,https://www.invitationhomes.com/houses-for-rent/3128-teodoro-dr-75052-7931,2026-04-20,2026-09-09,TX,Grand Prairie,,,,,3128-teodoro-dr-75052-7931
2026-09-09,INVH,Dallas,"501 Kalmia Dr, Arlington, TX, 76018",Dallas,INVH-501-kalmia-dr-76018-9281,3,2.0,1343,2025.0,2026-10-08,20 months,False,,,,,,,,https://www.invitationhomes.com/houses-for-rent/501-kalmia-dr-76018-9281,2026-09-03,2026-09-09,TX,Arlington,,,,,501-kalmia-dr-76018-9281
2026-09-09,INVH,Dallas,"4800 Hollow Tree Dr, Arlington, TX, 76018",Dallas,INVH-4800-hollow-tree-dr-76018-1857,3,2.0,1687,2180.0,2026-09-25,20 months,False,,,,,,,,https://www.invitationhomes.com/houses-for-rent/4800-hollow-tree-dr-76018-1857,2026-08-02,2026-09-09,TX,Arlington,,,,,4800-hollow-tree-dr-76018-1857
2026-09-09,INVH,Dallas,"4965 Briar Oaks Ln, Grand Prairie, TX, 75052",Dallas,INVH-4965-briar-oaks-ln-75052-8164,3,2.0,1990,2449.0,2026-09-09,20 months,False,,,,,,,,https://www.invitationhomes.com/houses-for-rent/4965-briar-oaks-ln-75052-8164,2026-06-09,2026-09-09,TX,Grand Prairie,,,,,4965-briar-oaks-ln-75052-8164
2026-09-09,INVH,Dallas,"4634 Lincolnshire Dr, Grand Prairie, TX, 75052",Dallas,INVH-4634-lincolnshire-dr-75052-7304,4,2.5,2660,2775.0,2026-09-11,20 months,False,,,,,,,,https://www.invitationhomes.com/houses-for-rent/4634-lincolnshire-dr-75052-7304,2026-08-02,2026-09-09,TX,Grand Prairie,,,,,4634-lincolnshire-dr-75052-7304
2026-09-09,INVH,Dallas,"2614 Remmington Dr, Grand Prairie, TX, 75052",Dallas,INVH-2614-remmington-dr-75052-4099,4,2.0,2260,2399.0,2026-09-09,20 months,False,,,,,,,,https://www.invitationhomes.com/houses-for-rent/2614-remmington-dr-75052-4099,2026-04-04,2026-09-09,TX,Grand Prairie,,,,,2614-remmington-dr-75052-4099
2026-09-09,INVH,Dallas,"2860 Ironwood Dr, Grand Prairie, TX, 75052",Dallas,INVH-2860-ironwood-dr-75052-5703,5,2.5,2433,2745.0,2026-10-09,20 months,False,,,,,,,,https://www.invitationhomes.com/houses-for-rent/2860-ironwood-dr-75052-5703,2026-09-03,2026-09-09,TX,Grand Prairie,,,,,2860-ironwood-dr-75052-5703
2026-09-09,INVH,Dallas,"2414 Claremont Dr, Grand Prairie, TX, 75052",Dallas,INVH-2414-claremont-dr-75052-5009,4,2.5,1932,2380.0,2026-09-11,20 months,False,,,,,,,,https://www.invitationhomes.com/houses-for-rent/2414-claremont-dr-75052-5009,2026-08-16,2026-09-09,TX,Grand Prairie,,,,,2414-claremont-dr-75052-5009
2026-09-09,INVH,Dallas,"10321 Pleasant Mound Dr, Fort Worth, TX, 76108",Dallas,INVH-10321-pleasant-mound-dr-76108-7512,3,2.0,1350,1785.0,2026-09-09,20 months,False,,,,,,,,https://www.invitationhomes.com/houses-for-rent/10321-pleasant-mound-dr-76108-7512,2026-05-17,2026-09-09,TX,Fort Worth,,,,,10321-pleasant-mound-dr-76108-7512
2026-09-09,INVH,Dallas,"10200 Cypress Hills Dr, Fort Worth, TX, 76108",Dallas,INVH-10200-cypress-hills-dr-76108-5566,3,2.0,1445,2145.0,2026-09-15,20 months,False,,,,,,,,https://www.invitationhomes.com/houses-for-rent/10200-cypress-hills-dr-76108-5566,2026-09-03,2026-09-09,TX,Fort Worth,,,,,10200-cypress-hills-dr-76108-5566
2026-09-09,INVH,Dallas,"9324 Jason Ct, Fort Worth, TX, 76108",Dallas,INVH-9324-jason-ct-76108-7402,3,2.0,1681,2220.0,2026-09-29,20 months,False,,,,,,,,https://www.invitationhomes.com/houses-for-rent/9324-jason-ct-76108-7402,2026-08-16,2026-09-09,TX,Fort Worth,,,,,9324-jason-ct-76108-7402
2026-09-09,INVH,Dallas,"9764 Stoney Bridge Rd, Fort Worth, TX, 76108",Dallas,INVH-9764-stoney-bridge-rd-76108-2216,4,2.0,2806,2395.0,2026-09-09,20 months,False,,,,,,,,https://www.invitationhomes.com/houses-for-rent/9764-stoney-bridge-rd-76108-2216,2026-08-02,2026-09-09,TX,Fort Worth,,,,,9764-stoney-bridge-rd-76108-2216
2026-09-09,INVH,Dallas,"4824 Lyndon, Fort Worth, TX, 76116",Dallas,INVH-4824-lyndon-76116-110448,3,2.0,980,1725.0,2026-10-09,20 months,False,,,,,,,,https://www.invitationhomes.com/houses-for-rent/4824-lyndon-76116-110448,2026-09-03,2026-09-09,TX,Fort Worth,,,,,4824-lyndon-76116-110448
2026-09-09,INVH,Dallas,"4405 Wellesley, Fort Worth, TX, 76107",Dallas,INVH-4405-wellesley-76107-109948,3,1.0,1150,2065.0,2026-10-12,20 months,False,,,,,,,,https://www.invitationhomes.com/houses-for-rent/4405-wellesley-76107-109948,2026-09-03,2026-09-09,TX,Fort Worth,,,,,4405-wellesley-76107-109948
2026-09-09,INVH,Dallas,"6133 River Pointe, Fort Worth, TX, 76114",Dallas,INVH-6133-river-pointe-76114-110414,3,2.0,1328,2095.0,2026-09-30,20 months,False,,,,,,,,https://www.invitationhomes.com/houses-for-rent/6133-river-pointe-76114-110414,2026-08-16,2026-09-09,TX,Fort Worth,,,,,6133-river-pointe-76114-110414
2026-09-09,INVH,Dallas,"6616 Chalk River Dr, Fort Worth, TX, 76179",Dallas,INVH-6616-chalk-river-dr-76179-9987,4,2.0,1897,2130.0,2026-09-09,20 months,False,,,,,,,,https://www.invitationhomes.com/houses-for-rent/6616-chalk-river-dr-76179-9987,2026-08-23,2026-09-09,TX,Fort Worth,,,,,6616-chalk-river-dr-76179-9987
2026-09-09,INVH,Dallas,"5812 Matt St, Fort Worth, TX, 76179",Dallas,INVH-5812-matt-st-76179-9906,3,2.0,1602,1899.0,2026-09-09,20 months,False,,,,,,,,https://www.invitationhomes.com/houses-for-rent/5812-matt-st-76179-9906,2026-08-16,2026-09-09,TX,Fort Worth,,,,,5812-matt-st-76179-9906
2026-09-09,INVH,Dallas,"5601 Heatherglen Ter, Fort Worth, TX, 76179",Dallas,INVH-5601-heatherglen-ter-76179-8296,3,2.0,1597,2045.0,2026-10-10,20 months,False,,,,,,,,https://www.invitationhomes.com/houses-for-rent/5601-heatherglen-ter-76179-8296,2026-09-03,2026-09-09,TX,Fort Worth,,,,,5601-heatherglen-ter-76179-8296
2026-09-09,INVH,Dallas,"7069 Meandering Creek Ln, Fort Worth, TX, 76179",Dallas,INVH-7069-meandering-creek-ln-76179-122119,4,2.0,1667,2199.0,2026-10-06,24 months,False,,,,,,,,https://www.invitationhomes.com/houses-for-rent/7069-meandering-creek-ln-76179-122119,2026-08-23,2026-09-09,TX,Fort Worth,,,,,7069-meandering-creek-ln-76179-122119
2026-09-09,INVH,Dallas,"5121 Hidden Treasure Ln, Fort Worth, TX, 76179",Dallas,INVH-5121-hidden-treasure-ln-76179-122255,4,2.0,1707,2285.0,2026-09-09,24 months,False,,,,,,,,https://www.invitationhomes.com/houses-for-rent/5121-hidden-treasure-ln-76179-122255,2026-07-19,2026-09-09,TX,Fort Worth,,,,,5121-hidden-treasure-ln-76179-122255
2026-09-09,INVH,Dallas,"5105 Hidden Treasure Ln, Fort Worth, TX, 76179",Dallas,INVH-5105-hidden-treasure-ln-76179-124892,4,2.5,1885,2299.0,2026-09-09,24 months,False,,,,,,,,https://www.invitationhomes.com/houses-for-rent/5105-hidden-treasure-ln-76179-124892,2026-08-23,2026-09-09,TX,Fort Worth,,,,,5105-hidden-treasure-ln-76179-124892
2026-09-09,INVH,Dallas,"7124 Landings Edge Rd, Fort Worth, TX, 76179",Dallas,INVH-7124-landings-edge-rd-76179-122107,4,2.0,1784,2099.0,2026-09-09,24 months,False,,,,,,,,https://www.invitationhomes.com/houses-for-rent/7124-landings-edge-rd-76179-122107,2026-07-19,2026-09-09,TX,Fort Worth,,,,,7124-landings-edge-rd-76179-122107
2026-09-09,INVH,Dallas,"7101 Landings Edge Rd, Fort Worth, TX, 76179",Dallas,INVH-7101-landings-edge-rd-76179-121804,3,2.0,1474,2075.0,2026-09-09,24 months,False,,,,,,,,https://www.invitationhomes.com/houses-for-rent/7101-landings-edge-rd-76179-121804,2026-07-19,2026-09-09,TX,Fort Worth,,,,,7101-landings-edge-rd-76179-121804
2026-09-09,INVH,Dallas,"7109 Landings Edge Rd, Fort Worth, TX, 76179",Dallas,INVH-7109-landings-edge-rd-76179-121802,4,2.0,1667,2185.0,2026-09-09,24 months,False,,,,,,,,https://www.invitationhomes.com/houses-for-rent/7109-landings-edge-rd-76179-121802,2026-06-09,2026-09-09,TX,Fort Worth,,,,,7109-landings-edge-rd-76179-121802
2026-09-09,INVH,Dallas,"7212 Misty Summit Dr, Fort Worth, TX, 76179",Dallas,INVH-7212-misty-summit-dr-76179-119564,4,2.0,1667,2225.0,2026-10-15,24 months,False,,,,,,,,https://www.invitationhomes.com/houses-for-rent/7212-misty-summit-dr-76179-119564,2026-09-09,2026-09-09,TX,Fort Worth,,,,,7212-misty-summit-dr-76179-119564
2026-09-09,INVH,Dallas,"4901 Draper Ridge Dr, Fort Worth, TX, 76179",Dallas,INVH-4901-draper-ridge-dr-76179-120319,4,2.0,1667,2149.0,2026-09-09,24 months,False,,,,,,,,https://www.invitationhomes.com/houses-for-rent/4901-draper-ridge-dr-76179-120319,2026-05-09,2026-09-09,TX,Fort Worth,,,,,4901-draper-ridge-dr-76179-120319
2026-09-09,INVH,Dallas,"4909 Grey Fallow St, Fort Worth, TX, 76179",Dallas,INVH-4909-grey-fallow-st-76179-120382,4,2.0,1667,2225.0,2026-09-09,24 months,False,,,,,,,,https://www.invitationhomes.com/houses-for-rent/4909-grey-fallow-st-76179-120382,2026-07-19,2026-09-09,TX,Fort Worth,,,,,4909-grey-fallow-st-76179-120382
2026-09-09,INVH,Dallas,"4900 Old Ember Ln, Fort Worth, TX, 76179",Dallas,INVH-4900-old-ember-ln-76179-114924,3,2.0,1260,1949.0,2026-09-09,24 months,False,,,,,,,,https://www.invitationhomes.com/houses-for-rent/4900-old-ember-ln-76179-114924,2026-04-04,2026-09-09,TX,Fort Worth,,,,,4900-old-ember-ln-76179-114924
2026-09-09,INVH,Dallas,"8429 Golf Club Cir, Fort Worth, TX, 76179",Dallas,INVH-8429-golf-club-cir-76179-85154,3,2.5,1865,2315.0,2026-09-30,20 months,False,,,,,,,,https://www.invitationhomes.com/houses-for-rent/8429-golf-club-cir-76179-85154,2026-08-16,2026-09-09,TX,Fort Worth,,,,,8429-golf-club-cir-76179-85154
2026-09-09,INVH,Dallas,"3116 Forchini Drive, Fort Worth, TX, 76131",Dallas,INVH-3116-forchini-drive-76131-124954,4,2.0,1600,2199.0,2026-09-15,20 months,False,,,,,,,,https://www.invitationhomes.com/houses-for-rent/3116-forchini-drive-76131-124954,2026-09-09,2026-09-09,TX,Fort Worth,,,,,3116-forchini-drive-76131-124954
2026-09-09,INVH,Dallas,"3148 Lynmar Lane, Fort Worth, TX, 76179",Dallas,INVH-3148-lynmar-lane-76179-124914,3,2.0,1411,2075.0,2026-09-09,20 months,False,,,,,,,,https://www.invitationhomes.com/houses-for-rent/3148-lynmar-lane-76179-124914,2026-09-03,2026-09-09,TX,Fort Worth,,,,,3148-lynmar-lane-76179-124914
2026-09-09,INVH,Dallas,"3125 Forchini Drive, Fort Worth, TX, 76179",Dallas,INVH-3125-forchini-drive-76179-124845,4,2.0,1600,2199.0,2026-09-09,20 months,False,,,,,,,,https://www.invitationhomes.com/houses-for-rent/3125-forchini-drive-76179-124845,2026-08-16,2026-09-09,TX,Fort Worth,,,,,3125-forchini-drive-76179-124845
2026-09-09,INVH,Dallas,"4344 Rockmill Trl, Fort Worth, TX, 76179",Dallas,INVH-4344-rockmill-trl-76179-5042,4,2.0,1897,2120.0,2026-09-09,20 months,False,,,,,,,,https://www.invitationhomes.com/houses-for-rent/4344-rockmill-trl-76179-5042,2026-08-23,2026-09-09,TX,Fort Worth,,,,,4344-rockmill-trl-76179-5042
2026-09-09,INVH,Dallas,"9612 Verite Street, Fort Worth, TX, 76179",Dallas,INVH-9612-verite-street-76179-124819,4,2.0,1600,2199.0,2026-09-09,20 months,False,,,,,,,,https://www.invitationhomes.com/houses-for-rent/9612-verite-street-76179-124819,2026-08-10,2026-09-09,TX,Fort Worth,,,,,9612-verite-street-76179-124819
2026-09-09,INVH,Dallas,"10032 Pilot Place, Fort Worth, TX, 76131",Dallas,INVH-10032-pilot-place-76131-123722,4,2.5,2131,2730.0,2026-09-09,20 months,False,,,,,,,,https://www.invitationhomes.com/houses-for-rent/10032-pilot-place-76131-123722,2026-08-23,2026-09-09,TX,Fort Worth,,,,,10032-pilot-place-76131-123722
2026-09-09,INVH,Dallas,"608 Ridgeback Trl, Haslet, TX, 76052",Dallas,INVH-608-ridgeback-trl-76052-86541,4,2.0,2245,2435.0,2026-09-09,20 months,False,,,,,,,,https://www.invitationhomes.com/houses-for-rent/608-ridgeback-trl-76052-86541,2026-08-02,2026-09-09,TX,Haslet,,,,,608-ridgeback-trl-76052-86541
2026-09-09,INVH,Dallas,"14808 Gilley Ln, Haslet, TX, 76052",Dallas,INVH-14808-gilley-ln-76052-83137,3,2.0,2044,2265.0,2026-09-09,20 months,False,,,,,,,,https://www.invitationhomes.com/houses-for-rent/14808-gilley-ln-76052-83137,2026-04-26,2026-09-09,TX,Haslet,,,,,14808-gilley-ln-76052-83137
2026-09-09,INVH,Dallas,"424 Guadalupe Dr, Saginaw, TX, 76179",Dallas,INVH-424-guadalupe-dr-76179-85067,3,2.0,1452,1995.0,2026-10-06,20 months,False,,,,,,,,https://www.invitationhomes.com/houses-for-rent/424-guadalupe-dr-76179-85067,2026-08-23,2026-09-09,TX,Saginaw,,,,,424-guadalupe-dr-76179-85067
2026-09-09,INVH,Dallas,"2308 Tallowood Ct, Fort Worth, TX, 76131",Dallas,INVH-2308-tallowood-ct-76131-9652,3,2.0,1391,1845.0,2026-09-09,20 months,False,,,,,,,,https://www.invitationhomes.com/houses-for-rent/2308-tallowood-ct-76131-9652,2026-05-17,2026-09-09,TX,Fort Worth,,,,,2308-tallowood-ct-76131-9652
2026-09-09,INVH,Dallas,"4000 Iris Ct, Haltom City, TX, 76137",Dallas,INVH-4000-iris-ct-76137-1652,4,2.5,3057,2395.0,2026-09-09,20 months,False,,,,,,,,https://www.invitationhomes.com/houses-for-rent/4000-iris-ct-76137-1652,2026-05-24,2026-09-09,TX,Haltom City,,,,,4000-iris-ct-76137-1652
2026-09-09,INVH,Dallas,"4293 Estes Park Cir, Haltom City, TX, 76137",Dallas,INVH-4293-estes-park-cir-76137-9192,4,2.0,1945,2365.0,2026-10-06,20 months,False,,,,,,,,https://www.invitationhomes.com/houses-for-rent/4293-estes-park-cir-76137-9192,2026-08-23,2026-09-09,TX,Haltom City,,,,,4293-estes-park-cir-76137-9192
2026-09-09,INVH,Dallas,"6924 Bentley Ave, Fort Worth, TX, 76137",Dallas,INVH-6924-bentley-ave-76137-83066,4,2.1,2265,2165.0,2026-09-09,20 months,False,,,,,,,,https://www.invitationhomes.com/houses-for-rent/6924-bentley-ave-76137-83066,2026-08-02,2026-09-09,TX,Fort Worth,,,,,6924-bentley-ave-76137-83066
2026-09-09,INVH,Dallas,"5601 Desert Willow Ct, Fort Worth, TX, 76137",Dallas,INVH-5601-desert-willow-ct-76137-5711,4,2.5,3164,2695.0,2026-09-22,20 months,False,,,,,,,,https://www.invitationhomes.com/houses-for-rent/5601-desert-willow-ct-76137-5711,2026-08-10,2026-09-09,TX,Fort Worth,,,,,5601-desert-willow-ct-76137-5711
2026-09-09,INVH,Dallas,"6704 Constitution Dr, Watauga, TX, 76148",Dallas,INVH-6704-constitution-dr-76148-5004,3,2.0,1460,2135.0,2026-09-09,24 months,False,,,,,,,,https://www.invitationhomes.com/houses-for-rent/6704-constitution-dr-76148-5004,2026-07-19,2026-09-09,TX,Watauga,,,,,6704-constitution-dr-76148-5004
2026-09-09,INVH,Dallas,"7533 Janetta Dr, Fort Worth, TX, 76180",Dallas,INVH-7533-janetta-dr-76180-9483,3,2.0,1562,2075.0,2026-09-09,20 months,False,,,,,,,,https://www.invitationhomes.com/houses-for-rent/7533-janetta-dr-76180-9483,2026-07-19,2026-09-09,TX,Fort Worth,,,,,7533-janetta-dr-76180-9483
2026-09-09,INVH,Dallas,"5668 Jamaica Cir, North Richland Hills, TX, 76180",Dallas,INVH-5668-jamaica-cir-76180-85204,3,2.0,1640,2285.0,2026-09-15,20 months,False,,,,,,,,https://www.invitationhomes.com/houses-for-rent/5668-jamaica-cir-76180-85204,2026-08-23,2026-09-09,TX,North Richland Hills,,,,,5668-jamaica-cir-76180-85204
2026-09-09,INVH,Dallas,"6941 Brixham Dr, North Richland Hills, TX, 76182",Dallas,INVH-6941-brixham-dr-76182-6497,3,2.5,1634,2245.0,2026-09-17,20 months,False,,,,,,,,https://www.invitationhomes.com/houses-for-rent/6941-brixham-dr-76182-6497,2026-08-10,2026-09-09,TX,North Richland Hills,,,,,6941-brixham-dr-76182-6497
2026-09-09,INVH,Dallas,"1501 Juanita, Arlington, TX, 76013",Dallas,INVH-1501-juanita-76013-110515,3,2.0,1141,1865.0,2026-09-09,20 months,False,,,,,,,,https://www.invitationhomes.com/houses-for-rent/1501-juanita-76013-110515,2026-08-02,2026-09-09,TX,Arlington,,,,,1501-juanita-76013-110515
2026-09-09,INVH,Dallas,"2815 Norwood Ln, Arlington, TX, 76013",Dallas,INVH-2815-norwood-ln-76013-85091,3,2.0,1502,1995.0,2026-09-14,20 months,False,,,,,,,,https://www.invitationhomes.com/houses-for-rent/2815-norwood-ln-76013-85091,2026-07-19,2026-09-09,TX,Arlington,,,,,2815-norwood-ln-76013-85091
2026-09-09,INVH,Dallas,"2305 Lavon Creek Ln, Arlington, TX, 76006",Dallas,INVH-2305-lavon-creek-ln-76006-7048,4,2.0,1850,2675.0,2026-10-08,20 months,False,,,,,,,,https://www.invitationhomes.com/houses-for-rent/2305-lavon-creek-ln-76006-7048,2026-09-03,2026-09-09,TX,Arlington,,,,,2305-lavon-creek-ln-76006-7048
2026-09-09,INVH,Dallas,"8125 Trinity Vista Trl, Hurst, TX, 76053",Dallas,INVH-8125-trinity-vista-trl-76053-4532,4,4.0,3051,2999.0,2026-09-09,20 months,False,,,,,,,,https://www.invitationhomes.com/houses-for-rent/8125-trinity-vista-trl-76053-4532,2026-07-19,2026-09-09,TX,Hurst,,,,,8125-trinity-vista-trl-76053-4532
2026-09-09,INVH,Dallas,"2769 Salado Trl, Fort Worth, TX, 76118",Dallas,INVH-2769-salado-trl-76118-1189,3,2.0,1741,2295.0,2026-10-24,20 months,False,,,,,,,,https://www.invitationhomes.com/houses-for-rent/2769-salado-trl-76118-1189,2026-09-09,2026-09-09,TX,Fort Worth,,,,,2769-salado-trl-76118-1189
2026-09-09,INVH,Dallas,"2957 Salado Trl, Fort Worth, TX, 76118",Dallas,INVH-2957-salado-trl-76118-94770,3,2.0,1613,2145.0,2026-09-09,20 months,False,,,,,,,,https://www.invitationhomes.com/houses-for-rent/2957-salado-trl-76118-94770,2026-04-04,2026-09-09,TX,Fort Worth,,,,,2957-salado-trl-76118-94770
2026-09-09,INVH,Dallas,"8737 Pedernales Trl, Fort Worth, TX, 76118",Dallas,INVH-8737-pedernales-trl-76118-2387,4,2.5,2166,2535.0,2026-10-15,24 months,False,,,,,,,,https://www.invitationhomes.com/houses-for-rent/8737-pedernales-trl-76118-2387,2026-04-04,2026-09-09,TX,Fort Worth,,,,,8737-pedernales-trl-76118-2387
2026-09-09,INVH,Dallas,"1765 Brown, Hurst, TX, 76054",Dallas,INVH-1765-brown-76054-109942,3,2.5,2382,2549.0,2026-09-09,20 months,False,,,,,,,,https://www.invitationhomes.com/houses-for-rent/1765-brown-76054-109942,2026-06-14,2026-09-09,TX,Hurst,,,,,1765-brown-76054-109942
2026-09-09,INVH,Dallas,"1517 Woodvale Dr, Bedford, TX, 76021",Dallas,INVH-1517-woodvale-dr-76021-2989,5,2.0,2478,2815.0,2026-09-09,20 months,False,,,,,,,,https://www.invitationhomes.com/houses-for-rent/1517-woodvale-dr-76021-2989,2026-07-19,2026-09-09,TX,Bedford,,,,,1517-woodvale-dr-76021-2989
2026-09-09,INVH,Dallas,"202 Jefflyn Ct, Euless, TX, 76040",Dallas,INVH-202-jefflyn-ct-76040-6907,3,2.0,1382,2140.0,2026-09-11,20 months,False,,,,,,,,https://www.invitationhomes.com/houses-for-rent/202-jefflyn-ct-76040-6907,2026-08-23,2026-09-09,TX,Euless,,,,,202-jefflyn-ct-76040-6907
2026-09-09,INVH,Dallas,"310 E Huitt Ln, Euless, TX, 76040",Dallas,INVH-310-e-huitt-ln-76040-110319,3,2.0,2268,2280.0,2026-09-14,20 months,False,,,,,,,,https://www.invitationhomes.com/houses-for-rent/310-e-huitt-ln-76040-110319,2026-08-16,2026-09-09,TX,Euless,,,,,310-e-huitt-ln-76040-110319
2026-09-09,INVH,Dallas,"503 Thorn Wood Dr, Euless, TX, 76039",Dallas,INVH-503-thorn-wood-dr-76039-9641,3,2.0,1533,2285.0,2026-09-09,20 months,False,,,,,,,,https://www.invitationhomes.com/houses-for-rent/503-thorn-wood-dr-76039-9641,2026-06-09,2026-09-09,TX,Euless,,,,,503-thorn-wood-dr-76039-9641
2026-09-09,INVH,Dallas,"1105 Iron Horse Dr, Fort Worth, TX, 76131",Dallas,INVH-1105-iron-horse-dr-76131-4267,5,2.5,2294,2545.0,2026-10-03,20 months,False,,,,,,,,https://www.invitationhomes.com/houses-for-rent/1105-iron-horse-dr-76131-4267,2026-09-03,2026-09-09,TX,Fort Worth,,,,,1105-iron-horse-dr-76131-4267
2026-09-09,INVH,Dallas,"1020 Salt Creek Trl, Fort Worth, TX, 76131",Dallas,INVH-1020-salt-creek-trl-76131-85143,3,2.0,1796,2185.0,2026-09-26,20 months,False,,,,,,,,https://www.invitationhomes.com/houses-for-rent/1020-salt-creek-trl-76131-85143,2026-08-16,2026-09-09,TX,Fort Worth,,,,,1020-salt-creek-trl-76131-85143
2026-09-09,INVH,Dallas,"8117 Hennessey, Fort Worth, TX, 76131",Dallas,INVH-8117-hennessey-76131-110497,4,2.0,1936,2045.0,2026-09-09,20 months,False,,,,,,,,https://www.invitationhomes.com/houses-for-rent/8117-hennessey-76131-110497,2026-07-19,2026-09-09,TX,Fort Worth,,,,,8117-hennessey-76131-110497
2026-09-09,INVH,Dallas,"1416 Kingfisher Dr, Fort Worth, TX, 76131",Dallas,INVH-1416-kingfisher-dr-76131-4270,3,2.0,1796,2065.0,2026-09-09,20 months,False,,,,,,,,https://www.invitationhomes.com/houses-for-rent/1416-kingfisher-dr-76131-4270,2026-09-03,2026-09-09,TX,Fort Worth,,,,,1416-kingfisher-dr-76131-4270
2026-09-09,INVH,Dallas,"8337 Horseshoe Bend Dr, Fort Worth, TX, 76131",Dallas,INVH-8337-horseshoe-bend-dr-76131-5961,4,2.0,2155,2349.0,2026-09-14,20 months,False,,,,,,,,https://www.invitationhomes.com/houses-for-rent/8337-horseshoe-bend-dr-76131-5961,2026-08-16,2026-09-09,TX,Fort Worth,,,,,8337-horseshoe-bend-dr-76131-5961
2026-09-09,INVH,Dallas,"1813 Desperado Rd, Fort Worth, TX, 76131",Dallas,INVH-1813-desperado-rd-76131-1460,4,2.5,2360,2445.0,2026-10-04,20 months,False,,,,,,,,https://www.invitationhomes.com/houses-for-rent/1813-desperado-rd-76131-1460,2026-04-04,2026-09-09,TX,Fort Worth,,,,,1813-desperado-rd-76131-1460
2026-09-09,INVH,Dallas,"3900 Rochester Dr, Fort Worth, TX, 76244",Dallas,INVH-3900-rochester-dr-76244-4917,4,2.5,2574,2595.0,2026-10-18,20 months,False,,,,,,,,https://www.invitationhomes.com/houses-for-rent/3900-rochester-dr-76244-4917,2026-09-03,2026-09-09,TX,Fort Worth,,,,,3900-rochester-dr-76244-4917
2026-09-09,INVH,Dallas,"10009 Chadbourne Rd, Fort Worth, TX, 76244",Dallas,INVH-10009-chadbourne-rd-76244-85203,4,2.0,2142,2449.0,2026-09-09,20 months,False,,,,,,,,https://www.invitationhomes.com/houses-for-rent/10009-chadbourne-rd-76244-85203,2026-08-10,2026-09-09,TX,Fort Worth,,,,,10009-chadbourne-rd-76244-85203
2026-09-09,INVH,Dallas,"5108 Raymond Dr, Fort Worth, TX, 76244",Dallas,INVH-5108-raymond-dr-76244-2253,3,2.5,2552,2260.0,2026-09-09,20 months,False,,,,,,,,https://www.invitationhomes.com/houses-for-rent/5108-raymond-dr-76244-2253,2026-07-19,2026-09-09,TX,Fort Worth,,,,,5108-raymond-dr-76244-2253
2026-09-09,INVH,Dallas,"214 Arabian Ln, Keller, TX, 76248",Dallas,INVH-214-arabian-ln-76248-3605,3,2.0,1354,2035.0,2026-09-30,20 months,False,,,,,,,,https://www.invitationhomes.com/houses-for-rent/214-arabian-ln-76248-3605,2026-08-23,2026-09-09,TX,Keller,,,,,214-arabian-ln-76248-3605
2026-09-09,INVH,Dallas,"2075 Paint Pony Ln, Keller, TX, 76248",Dallas,INVH-2075-paint-pony-ln-76248-9253,3,2.0,1447,1895.0,2026-09-09,20 months,False,,,,,,,,https://www.invitationhomes.com/houses-for-rent/2075-paint-pony-ln-76248-9253,2026-04-04,2026-09-09,TX,Keller,,,,,2075-paint-pony-ln-76248-9253
2026-09-09,INVH,Dallas,"6524 Windrock Dr, Watauga, TX, 76148",Dallas,INVH-6524-windrock-dr-76148-9380,3,2.0,1412,1945.0,2026-09-09,20 months,False,,,,,,,,https://www.invitationhomes.com/houses-for-rent/6524-windrock-dr-76148-9380,2026-08-16,2026-09-09,TX,Watauga,,,,,6524-windrock-dr-76148-9380
2026-09-09,INVH,Dallas,"6476 Green Ridge Dr, Watauga, TX, 76148",Dallas,INVH-6476-green-ridge-dr-76148-6903,3,2.0,1506,2095.0,2026-09-29,20 months,False,,,,,,,,https://www.invitationhomes.com/houses-for-rent/6476-green-ridge-dr-76148-6903,2026-08-16,2026-09-09,TX,Watauga,,,,,6476-green-ridge-dr-76148-6903
2026-09-09,INVH,Dallas,"6649 Parkwood Dr, Watauga, TX, 76148",Dallas,INVH-6649-parkwood-dr-76148-85039,3,2.0,1424,2045.0,2026-09-09,20 months,False,,,,,,,,https://www.invitationhomes.com/houses-for-rent/6649-parkwood-dr-76148-85039,2026-05-03,2026-09-09,TX,Watauga,,,,,6649-parkwood-dr-76148-85039
2026-09-09,INVH,Dallas,"7704 Cedar Park Ave, North Richland Hills, TX, 76182",Dallas,INVH-7704-cedar-park-ave-76182-9499,3,2.0,1726,2295.0,2026-09-09,20 months,False,,,,,,,,https://www.invitationhomes.com/houses-for-rent/7704-cedar-park-ave-76182-9499,2026-06-14,2026-09-09,TX,North Richland Hills,,,,,7704-cedar-park-ave-76182-9499
2026-09-09,INVH,Dallas,"5204 Selago Dr, Fort Worth, TX, 76244",Dallas,INVH-5204-selago-dr-76244-3770,4,2.5,2848,2845.0,2026-10-08,20 months,False,,,,,,,,https://www.invitationhomes.com/houses-for-rent/5204-selago-dr-76244-3770,2026-09-03,2026-09-09,TX,Fort Worth,,,,,5204-selago-dr-76244-3770
2026-09-09,INVH,Dallas,"14025 Sand Hills Dr, Haslet, TX, 76052",Dallas,INVH-14025-sand-hills-dr-76052-94596,4,2.5,2724,2635.0,2026-09-30,20 months,False,,,,,,,,https://www.invitationhomes.com/houses-for-rent/14025-sand-hills-dr-76052-94596,2026-04-04,2026-09-09,TX,Haslet,,,,,14025-sand-hills-dr-76052-94596
2026-09-09,INVH,Dallas,"14464 Artisan Dr, Haslet, TX, 76052",Dallas,INVH-14464-artisan-dr-76052-83131,4,2.0,2003,2240.0,2026-09-09,20 months,False,,,,,,,,https://www.invitationhomes.com/houses-for-rent/14464-artisan-dr-76052-83131,2026-08-10,2026-09-09,TX,Haslet,,,,,14464-artisan-dr-76052-83131
2026-09-09,INVH,Dallas,"441 Pollyann, Fort Worth, TX, 76052",Dallas,INVH-441-pollyann-76052-110112,3,2.0,1509,2099.0,2026-09-26,20 months,False,,,,,,,,https://www.invitationhomes.com/houses-for-rent/441-pollyann-76052-110112,2026-08-16,2026-09-09,TX,Fort Worth,,,,,441-pollyann-76052-110112
2026-09-09,INVH,Dallas,"336 Red Rock Trl, Haslet, TX, 76052",Dallas,INVH-336-red-rock-trl-76052-115791,4,2.5,1884,2365.0,2026-09-11,24 months,False,,,,,,,,https://www.invitationhomes.com/houses-for-rent/336-red-rock-trl-76052-115791,2026-04-20,2026-09-09,TX,Haslet,,,,,336-red-rock-trl-76052-115791
2026-09-09,INVH,Dallas,"14820 Bridge Pass Trl, Fort Worth, TX, 76052",Dallas,INVH-14820-bridge-pass-trail-76052-93797,4,2.5,1884,1995.0,2026-09-09,20 months,False,,,,,,,,https://www.invitationhomes.com/houses-for-rent/14820-bridge-pass-trail-76052-93797,2026-05-03,2026-09-09,TX,Fort Worth,,,,,14820-bridge-pass-trail-76052-93797
2026-09-09,INVH,Dallas,"2528 Open Range Dr, Fort Worth, TX, 76177",Dallas,INVH-2528-open-range-dr-76177-6456,4,3.0,3140,2995.0,2026-10-24,20 months,False,,,,,,,,https://www.invitationhomes.com/houses-for-rent/2528-open-range-dr-76177-6456,2026-09-09,2026-09-09,TX,Fort Worth,,,,,2528-open-range-dr-76177-6456
2026-09-09,INVH,Dallas,"6 Round Rock Ct, Roanoke, TX, 76262",Dallas,INVH-6-round-rock-ct-76262-1008,4,2.0,2173,2495.0,2026-09-09,20 months,False,,,,,,,,https://www.invitationhomes.com/houses-for-rent/6-round-rock-ct-76262-1008,2026-06-09,2026-09-09,TX,Roanoke,,,,,6-round-rock-ct-76262-1008
2026-09-09,INVH,Dallas,"2100 Collington Dr, Roanoke, TX, 76262",Dallas,INVH-2100-collington-dr-76262-2926,4,3.0,2534,2610.0,2026-09-09,20 months,False,,,,,,,,https://www.invitationhomes.com/houses-for-rent/2100-collington-dr-76262-2926,2026-07-19,2026-09-09,TX,Roanoke,,,,,2100-collington-dr-76262-2926
2026-09-09,INVH,Dallas,"713 Ridgewood Cir, Hurst, TX, 76054",Dallas,INVH-713-ridgewood-cir-76054-6508,3,2.0,1968,2495.0,2026-10-15,20 months,False,,,,,,,,https://www.invitationhomes.com/houses-for-rent/713-ridgewood-cir-76054-6508,2026-09-03,2026-09-09,TX,Hurst,,,,,713-ridgewood-cir-76054-6508
2026-09-09,INVH,Dallas,"3718 Twin Oaks Ct, Flower Mound, TX, 75028",Dallas,INVH-3718-twin-oaks-ct-75028-5400,4,2.0,1756,2420.0,2026-09-30,20 months,False,,,,,,,,https://www.invitationhomes.com/houses-for-rent/3718-twin-oaks-ct-75028-5400,2026-07-19,2026-09-09,TX,Flower Mound,,,,,3718-twin-oaks-ct-75028-5400
2026-09-09,INVH,Dallas,"3611 Spring Meadow Ln, Flower Mound, TX, 75028",Dallas,INVH-3611-spring-meadow-ln-75028-84027,3,2.5,1687,2225.0,2026-09-09,20 months,False,,,,,,,,https://www.invitationhomes.com/houses-for-rent/3611-spring-meadow-ln-75028-84027,2026-05-09,2026-09-09,TX,Flower Mound,,,,,3611-spring-meadow-ln-75028-84027
2026-09-09,INVH,Dallas,"5345 Colonial Dr, Flower Mound, TX, 75028",Dallas,INVH-5345-colonial-dr-75028-4170,3,2.0,1645,2325.0,2026-09-09,20 months,False,,,,,,,,https://www.invitationhomes.com/houses-for-rent/5345-colonial-dr-75028-4170,2026-07-19,2026-09-09,TX,Flower Mound,,,,,5345-colonial-dr-75028-4170
2026-09-09,INVH,Dallas,"2040 Cardinal Ln, Lewisville, TX, 75077",Dallas,INVH-2040-cardinal-ln-75077-5858,4,2.5,2229,2399.0,2026-09-09,20 months,False,,,,,,,,https://www.invitationhomes.com/houses-for-rent/2040-cardinal-ln-75077-5858,2026-07-19,2026-09-09,TX,Lewisville,,,,,2040-cardinal-ln-75077-5858
2026-09-09,INVH,Dallas,"7908 Winding Stream Ln, Denton, TX, 76210",Dallas,INVH-7908-winding-stream-ln-76210-2679,4,3.0,2763,2915.0,2026-10-20,20 months,False,,,,,,,,https://www.invitationhomes.com/houses-for-rent/7908-winding-stream-ln-76210-2679,2026-09-06,2026-09-09,TX,Denton,,,,,7908-winding-stream-ln-76210-2679
2026-09-09,INVH,Dallas,"3121 Stonecrop Trl, Argyle, TX, 76226",Dallas,INVH-3121-stonecrop-trl-76226-1638,4,3.0,2928,2995.0,2026-10-22,20 months,False,,,,,,,,https://www.invitationhomes.com/houses-for-rent/3121-stonecrop-trl-76226-1638,2026-09-09,2026-09-09,TX,Argyle,,,,,3121-stonecrop-trl-76226-1638
2026-09-09,INVH,Dallas,"1609 White Dove Ln, Denton, TX, 76210",Dallas,INVH-1609-white-dove-ln-76210-94431,6,2.5,3121,3235.0,2026-10-10,20 months,False,,,,,,,,https://www.invitationhomes.com/houses-for-rent/1609-white-dove-ln-76210-94431,2026-09-03,2026-09-09,TX,Denton,,,,,1609-white-dove-ln-76210-94431
2026-09-09,INVH,Dallas,"8008 Settlement Dr, Denton, TX, 76210",Dallas,INVH-8008-settlement-dr-76210-111876,3,2.0,1892,2299.0,2026-10-08,20 months,False,,,,,,,,https://www.invitationhomes.com/houses-for-rent/8008-settlement-dr-76210-111876,2026-09-03,2026-09-09,TX,Denton,,,,,8008-settlement-dr-76210-111876
2026-09-09,INVH,Dallas,"2807 Custer Dr, Corinth, TX, 76210",Dallas,INVH-2807-custer-dr-76210-8118,3,2.0,1544,2195.0,2026-09-15,20 months,False,,,,,,,,https://www.invitationhomes.com/houses-for-rent/2807-custer-dr-76210-8118,2026-08-16,2026-09-09,TX,Corinth,,,,,2807-custer-dr-76210-8118
2026-09-09,INVH,Dallas,"2104 Wagon Wheel Trl, Corinth, TX, 76208",Dallas,INVH-2104-wagon-wheel-trl-76208-6805,5,2.5,2944,2585.0,2026-09-09,20 months,False,,,,,,,,https://www.invitationhomes.com/houses-for-rent/2104-wagon-wheel-trl-76208-6805,2026-07-19,2026-09-09,TX,Corinth,,,,,2104-wagon-wheel-trl-76208-6805
2026-09-09,INVH,Dallas,"2300 Bray Village Dr, Denton, TX, 76207",Dallas,INVH-2300-bray-village-dr-76207-6079,3,2.5,2190,2240.0,2026-09-09,20 months,False,,,,,,,,https://www.invitationhomes.com/houses-for-rent/2300-bray-village-dr-76207-6079,2026-08-16,2026-09-09,TX,Denton,,,,,2300-bray-village-dr-76207-6079
2026-09-09,INVH,Dallas,"2308 Arrowhead Dr, Denton, TX, 76207",Dallas,INVH-2308-arrowhead-dr-76207-86130,3,2.0,1413,1895.0,2026-09-09,20 months,False,,,,,,,,https://www.invitationhomes.com/houses-for-rent/2308-arrowhead-dr-76207-86130,2026-07-19,2026-09-09,TX,Denton,,,,,2308-arrowhead-dr-76207-86130
2026-09-09,INVH,Dallas,"417 Casie Ct, Denton, TX, 76207",Dallas,INVH-417-casie-ct-76207-110377,3,2.0,1054,1595.0,2026-09-09,20 months,False,,,,,,,,https://www.invitationhomes.com/houses-for-rent/417-casie-ct-76207-110377,2026-08-02,2026-09-09,TX,Denton,,,,,417-casie-ct-76207-110377
2026-09-09,INVH,Dallas,"401 Marshall, Sanger, TX, 76266",Dallas,INVH-401-marshall-76266-110223,3,1.0,1224,1430.0,2026-09-09,20 months,False,,,,,,,,https://www.invitationhomes.com/houses-for-rent/401-marshall-76266-110223,2026-04-04,2026-09-09,TX,Sanger,,,,,401-marshall-76266-110223
2026-09-09,INVH,Dallas,"5629 Park View Dr, Midlothian, TX, 76065",Dallas,INVH-5629-park-view-dr-76065-86178,4,2.5,2269,2795.0,2026-10-02,20 months,False,,,,,,,,https://www.invitationhomes.com/houses-for-rent/5629-park-view-dr-76065-86178,2026-08-23,2026-09-09,TX,Midlothian,,,,,5629-park-view-dr-76065-86178
2026-09-09,INVH,Dallas,"215 Equestrian Drive, Waxahachie, TX, 75165",Dallas,INVH-215-equestrian-drive-75165-121459,4,2.5,3029,2795.0,2026-10-15,20 months,False,,,,,,,,https://www.invitationhomes.com/houses-for-rent/215-equestrian-drive-75165-121459,2026-09-03,2026-09-09,TX,Waxahachie,,,,,215-equestrian-drive-75165-121459
2026-09-09,INVH,Dallas,"205 Stampede St, Waxahachie, TX, 75165",Dallas,INVH-205-stampede-st-75165-114381,3,2.0,1637,2190.0,2026-10-10,20 months,False,,,,,,,,https://www.invitationhomes.com/houses-for-rent/205-stampede-st-75165-114381,2026-09-03,2026-09-09,TX,Waxahachie,,,,,205-stampede-st-75165-114381
2026-09-09,INVH,Dallas,"122 Cooper, Cedar Hill, TX, 75104",Dallas,INVH-122-cooper-75104-110418,3,2.0,1546,1810.0,2026-09-09,20 months,False,,,,,,,,https://www.invitationhomes.com/houses-for-rent/122-cooper-75104-110418,2026-04-04,2026-09-09,TX,Cedar Hill,,,,,122-cooper-75104-110418
2026-09-09,INVH,Dallas,"536 Majestic Park Ln, Cedar Hill, TX, 75104",Dallas,INVH-536-majestic-park-ln-75104-1213,3,2.5,1525,2125.0,2026-09-11,20 months,False,,,,,,,,https://www.invitationhomes.com/houses-for-rent/536-majestic-park-ln-75104-1213,2026-08-02,2026-09-09,TX,Cedar Hill,,,,,536-majestic-park-ln-75104-1213
2026-09-09,INVH,Dallas,"526 Sims Dr, Cedar Hill, TX, 75104",Dallas,INVH-526-sims-dr-75104-85110,3,2.0,1955,2395.0,2026-09-09,20 months,False,,,,,,,,https://www.invitationhomes.com/houses-for-rent/526-sims-dr-75104-85110,2026-05-17,2026-09-09,TX,Cedar Hill,,,,,526-sims-dr-75104-85110
2026-09-09,INVH,Dallas,"324 Matterhorn St, Cedar Hill, TX, 75104",Dallas,INVH-324-matterhorn-st-75104-8242,3,2.0,1512,2045.0,2026-09-09,20 months,False,,,,,,,,https://www.invitationhomes.com/houses-for-rent/324-matterhorn-st-75104-8242,2026-07-19,2026-09-09,TX,Cedar Hill,,,,,324-matterhorn-st-75104-8242
2026-09-09,INVH,Dallas,"853 Applewood Dr, Cedar Hill, TX, 75104",Dallas,INVH-853-applewood-dr-75104-85120,4,2.1,1871,2295.0,2026-10-02,12 months,False,,,,,,,,https://www.invitationhomes.com/houses-for-rent/853-applewood-dr-75104-85120,2026-08-23,2026-09-09,TX,Cedar Hill,,,,,853-applewood-dr-75104-85120
2026-09-09,INVH,Dallas,"150 Valleyglen Dr, Desoto, TX, 75115",Dallas,INVH-150-valleyglen-dr-75115-3909,3,2.0,1522,2049.0,2026-09-28,20 months,False,,,,,,,,https://www.invitationhomes.com/houses-for-rent/150-valleyglen-dr-75115-3909,2026-04-04,2026-09-09,TX,Desoto,,,,,150-valleyglen-dr-75115-3909
2026-09-09,INVH,Dallas,"1028 Twin Falls Dr, Desoto, TX, 75115",Dallas,INVH-1028-twin-falls-dr-75115-1335,3,2.0,1942,2080.0,2026-09-09,20 months,False,,,,,,,,https://www.invitationhomes.com/houses-for-rent/1028-twin-falls-dr-75115-1335,2026-05-17,2026-09-09,TX,Desoto,,,,,1028-twin-falls-dr-75115-1335
2026-09-09,INVH,Dallas,"656 Priscilla Ln, Desoto, TX, 75115",Dallas,INVH-656-priscilla-ln-75115-1841,3,2.0,1707,2260.0,2026-09-09,20 months,False,,,,,,,,https://www.invitationhomes.com/houses-for-rent/656-priscilla-ln-75115-1841,2026-07-19,2026-09-09,TX,Desoto,,,,,656-priscilla-ln-75115-1841
2026-09-09,INVH,Dallas,"1534 Coffeyville Trl, Grand Prairie, TX, 75052",Dallas,INVH-1534-coffeyville-trl-75052-4209,3,2.0,1717,2295.0,2026-09-17,20 months,False,,,,,,,,https://www.invitationhomes.com/houses-for-rent/1534-coffeyville-trl-75052-4209,2026-07-19,2026-09-09,TX,Grand Prairie,,,,,1534-coffeyville-trl-75052-4209
2026-09-09,INVH,Dallas,"1817 Butterfield, Grand Prairie, TX, 75052",Dallas,INVH-1817-butterfield-75052-110576,3,2.0,1892,2249.0,2026-09-09,20 months,False,,,,,,,,https://www.invitationhomes.com/houses-for-rent/1817-butterfield-75052-110576,2026-07-19,2026-09-09,TX,Grand Prairie,,,,,1817-butterfield-75052-110576
2026-09-09,INVH,Dallas,"4507 Champion Hill Dr, Grand Prairie, TX, 75052",Dallas,INVH-4507-champion-hill-dr-75052-4882,4,2.0,2050,2499.0,2026-09-29,20 months,False,,,,,,,,https://www.invitationhomes.com/houses-for-rent/4507-champion-hill-dr-75052-4882,2026-08-16,2026-09-09,TX,Grand Prairie,,,,,4507-champion-hill-dr-75052-4882
2026-09-09,INVH,Dallas,"2028 Cap Rock Ln, Grand Prairie, TX, 75052",Dallas,INVH-2028-cap-rock-ln-75052-3141,4,2.5,2459,2740.0,2026-09-09,20 months,False,,,,,,,,https://www.invitationhomes.com/houses-for-rent/2028-cap-rock-ln-75052-3141,2026-08-02,2026-09-09,TX,Grand Prairie,,,,,2028-cap-rock-ln-75052-3141
2026-09-09,INVH,Dallas,"1615 Horizon St, Duncanville, TX, 75137",Dallas,INVH-1615-horizon-st-75137-110143,3,2.5,1410,1845.0,2026-09-09,20 months,False,,,,,,,,https://www.invitationhomes.com/houses-for-rent/1615-horizon-st-75137-110143,2026-05-17,2026-09-09,TX,Duncanville,,,,,1615-horizon-st-75137-110143
2026-09-09,INVH,Dallas,"1562 Sunset Village Dr, Duncanville, TX, 75137",Dallas,INVH-1562-sunset-village-dr-75137-110141,3,2.5,1111,1810.0,2026-09-20,20 months,False,,,,,,,,https://www.invitationhomes.com/houses-for-rent/1562-sunset-village-dr-75137-110141,2026-09-03,2026-09-09,TX,Duncanville,,,,,1562-sunset-village-dr-75137-110141
2026-09-09,INVH,Dallas,"400 Partridge Cir, Desoto, TX, 75115",Dallas,INVH-400-partridge-cir-75115-9307,3,2.0,1532,1995.0,2026-10-11,20 months,False,,,,,,,,https://www.invitationhomes.com/houses-for-rent/400-partridge-cir-75115-9307,2026-09-03,2026-09-09,TX,Desoto,,,,,400-partridge-cir-75115-9307
2026-09-09,INVH,Dallas,"529 Meadow Hill Dr, Desoto, TX, 75115",Dallas,INVH-529-meadow-hill-ct-75115-2499,4,2.0,2140,2525.0,2026-09-09,20 months,False,,,,,,,,https://www.invitationhomes.com/houses-for-rent/529-meadow-hill-ct-75115-2499,2026-08-02,2026-09-09,TX,Desoto,,,,,529-meadow-hill-ct-75115-2499
2026-09-09,INVH,Dallas,"515 Hidden Meadow Ct, Desoto, TX, 75115",Dallas,INVH-515-hidden-meadow-ct-75115-8680,4,2.0,2140,2575.0,2026-09-18,20 months,False,,,,,,,,https://www.invitationhomes.com/houses-for-rent/515-hidden-meadow-ct-75115-8680,2026-09-06,2026-09-09,TX,Desoto,,,,,515-hidden-meadow-ct-75115-8680
2026-09-09,INVH,Dallas,"612 Arbor Creek Dr, Desoto, TX, 75115",Dallas,INVH-612-arbor-creek-dr-75115-85162,3,2.0,1830,2285.0,2026-09-09,20 months,False,,,,,,,,https://www.invitationhomes.com/houses-for-rent/612-arbor-creek-dr-75115-85162,2026-07-19,2026-09-09,TX,Desoto,,,,,612-arbor-creek-dr-75115-85162
2026-09-09,INVH,Dallas,"1337 Greenbriar Ln, Lancaster, TX, 75146",Dallas,INVH-1337-greenbriar-ln-75146-4010,3,2.0,1462,2075.0,2026-09-09,20 months,False,,,,,,,,https://www.invitationhomes.com/houses-for-rent/1337-greenbriar-ln-75146-4010,2026-07-19,2026-09-09,TX,Lancaster,,,,,1337-greenbriar-ln-75146-4010
2026-09-09,INVH,Dallas,"1613 Willowbrook St, Lancaster, TX, 75134",Dallas,INVH-1613-willowbrook-st-75134-109908,3,2.0,2400,2195.0,2026-09-30,20 months,False,,,,,,,,https://www.invitationhomes.com/houses-for-rent/1613-willowbrook-st-75134-109908,2026-05-03,2026-09-09,TX,Lancaster,,,,,1613-willowbrook-st-75134-109908
2026-09-09,INVH,Dallas,"151 E Kirnwood Dr, Dallas, TX, 75241",Dallas,INVH-151-e-kirnwood-dr-75241-85098,4,2.5,1589,2040.0,2026-10-16,20 months,False,,,,,,,,https://www.invitationhomes.com/houses-for-rent/151-e-kirnwood-dr-75241-85098,2026-09-09,2026-09-09,TX,Dallas,,,,,151-e-kirnwood-dr-75241-85098
2026-09-09,INVH,Dallas,"10527 Sewell Cir, Dallas, TX, 75253",Dallas,INVH-10527-sewell-cir-75253-115078,4,2.0,1674,2199.0,2026-09-09,24 months,False,,,,,,,,https://www.invitationhomes.com/houses-for-rent/10527-sewell-cir-75253-115078,2026-05-03,2026-09-09,TX,Dallas,,,,,10527-sewell-cir-75253-115078
2026-09-09,INVH,Dallas,"10538 Sewell Cir, Dallas, TX, 75253",Dallas,INVH-10538-sewell-cir-75253-115106,3,2.0,1481,2025.0,2026-09-09,24 months,False,,,,,,,,https://www.invitationhomes.com/houses-for-rent/10538-sewell-cir-75253-115106,2026-08-10,2026-09-09,TX,Dallas,,,,,10538-sewell-cir-75253-115106
2026-09-09,INVH,Dallas,"1339 Mosely Cir, Dallas, TX, 75253",Dallas,INVH-1339-mosely-cir-75253-115085,3,2.0,1267,2099.0,2026-09-09,24 months,False,,,,,,,,https://www.invitationhomes.com/houses-for-rent/1339-mosely-cir-75253-115085,2026-04-04,2026-09-09,TX,Dallas,,,,,1339-mosely-cir-75253-115085
2026-09-09,INVH,Dallas,"10637 Sewell Cir, Dallas, TX, 75253",Dallas,INVH-10637-sewell-cir-75253-115094,3,2.0,1267,2099.0,2026-09-09,24 months,False,,,,,,,,https://www.invitationhomes.com/houses-for-rent/10637-sewell-cir-75253-115094,2026-04-04,2026-09-09,TX,Dallas,,,,,10637-sewell-cir-75253-115094
2026-09-09,INVH,Dallas,"10645 Sewell Cir, Dallas, TX, 75253",Dallas,INVH-10645-sewell-cir-75253-115095,3,2.0,1481,2025.0,2026-09-09,24 months,False,,,,,,,,https://www.invitationhomes.com/houses-for-rent/10645-sewell-cir-75253-115095,2026-06-14,2026-09-09,TX,Dallas,,,,,10645-sewell-cir-75253-115095
2026-09-09,INVH,Dallas,"1320 Haymarket Rd, Dallas, TX, 75253",Dallas,INVH-1320-haymarket-rd-75253-115073,4,2.0,1674,2175.0,2026-10-21,24 months,False,,,,,,,,https://www.invitationhomes.com/houses-for-rent/1320-haymarket-rd-75253-115073,2026-04-26,2026-09-09,TX,Dallas,,,,,1320-haymarket-rd-75253-115073
2026-09-09,INVH,Dallas,"1304 Haymarket Rd, Dallas, TX, 75253",Dallas,INVH-1304-haymarket-rd-75253-115071,3,2.0,1481,1999.0,2026-09-09,24 months,False,,,,,,,,https://www.invitationhomes.com/houses-for-rent/1304-haymarket-rd-75253-115071,2026-04-04,2026-09-09,TX,Dallas,,,,,1304-haymarket-rd-75253-115071
2026-09-09,INVH,Dallas,"1323 Mosely Cir, Dallas, TX, 75253",Dallas,INVH-1323-mosely-cir-75253-115087,3,2.0,1481,2025.0,2026-09-26,24 months,False,,,,,,,,https://www.invitationhomes.com/houses-for-rent/1323-mosely-cir-75253-115087,2026-08-16,2026-09-09,TX,Dallas,,,,,1323-mosely-cir-75253-115087
2026-09-09,INVH,Dallas,"13916 Garden Grove Dr, Dallas, TX, 75253",Dallas,INVH-13916-garden-grove-dr-75253-1929,4,2.0,1674,1930.0,2026-09-09,20 months,False,,,,,,,,https://www.invitationhomes.com/houses-for-rent/13916-garden-grove-dr-75253-1929,2026-05-17,2026-09-09,TX,Dallas,,,,,13916-garden-grove-dr-75253-1929
2026-09-09,INVH,Dallas,"15617 Gatsby Ln, Dallas, TX, 75253",Dallas,INVH-15617-gatsby-ln-75253-8355,5,2.0,1751,2280.0,2026-09-09,20 months,False,,,,,,,,https://www.invitationhomes.com/houses-for-rent/15617-gatsby-ln-75253-8355,2026-08-02,2026-09-09,TX,Dallas,,,,,15617-gatsby-ln-75253-8355
2026-09-09,INVH,Dallas,"3411 Big Antero Ln, Crandall, TX, 75114",Dallas,INVH-3411-big-antero-ln-75114-115295,3,2.0,1017,1449.0,2026-09-09,24 months,False,,,,,,,,https://www.invitationhomes.com/houses-for-rent/3411-big-antero-ln-75114-115295,2026-06-14,2026-09-09,TX,Crandall,,,,,3411-big-antero-ln-75114-115295
2026-09-09,INVH,Dallas,"3407 Big Antero Ln, Crandall, TX, 75114",Dallas,INVH-3407-big-antero-ln-75114-115297,3,2.0,1155,1425.0,2026-09-09,24 months,False,,,,,,,,https://www.invitationhomes.com/houses-for-rent/3407-big-antero-ln-75114-115297,2026-06-14,2026-09-09,TX,Crandall,,,,,3407-big-antero-ln-75114-115297
2026-09-09,INVH,Dallas,"2902 Potter Way, Crandall, TX, 75114",Dallas,INVH-2902-potter-way-ak-72-75114-121669,4,2.5,1885,2135.0,2026-09-09,24 months,False,,,,,,,,https://www.invitationhomes.com/houses-for-rent/2902-potter-way-ak-72-75114-121669,2026-08-10,2026-09-09,TX,Crandall,,,,,2902-potter-way-ak-72-75114-121669
2026-09-09,INVH,Dallas,"2824 Tennessee Walker Way, Crandall, TX, 75114",Dallas,INVH-2824-tennessee-walker-way-ak-52-75114-122543,4,2.0,1707,1999.0,2026-09-09,24 months,False,,,,,,,,https://www.invitationhomes.com/houses-for-rent/2824-tennessee-walker-way-ak-52-75114-122543,2026-07-19,2026-09-09,TX,Crandall,,,,,2824-tennessee-walker-way-ak-52-75114-122543
2026-09-09,INVH,Dallas,"3426 Big Antero Ln, Crandall, TX, 75114",Dallas,INVH-3426-big-antero-ln-75114-115310,3,2.0,1017,1449.0,2026-09-09,24 months,False,,,,,,,,https://www.invitationhomes.com/houses-for-rent/3426-big-antero-ln-75114-115310,2026-06-14,2026-09-09,TX,Crandall,,,,,3426-big-antero-ln-75114-115310
2026-09-09,INVH,Dallas,"3020 Wallace Wells Ct, Crandall, TX, 75114",Dallas,INVH-3020-wallace-wells-ct-75114-115267,3,2.0,1017,1499.0,2026-09-09,24 months,False,,,,,,,,https://www.invitationhomes.com/houses-for-rent/3020-wallace-wells-ct-75114-115267,2026-07-19,2026-09-09,TX,Crandall,,,,,3020-wallace-wells-ct-75114-115267
2026-09-09,INVH,Dallas,"3220 Crestone Dr, Crandall, TX, 75114",Dallas,INVH-3220-crestone-dr-75114-115283,3,2.0,1017,1425.0,2026-09-09,24 months,False,,,,,,,,https://www.invitationhomes.com/houses-for-rent/3220-crestone-dr-75114-115283,2026-05-03,2026-09-09,TX,Crandall,,,,,3220-crestone-dr-75114-115283
2026-09-09,INVH,Dallas,"2928 Greenhorn Ave, Crandall, TX, 75114",Dallas,INVH-2928-greenhorn-av-75114-115216,2,2.0,763,1349.0,2026-09-09,24 months,False,,,,,,,,https://www.invitationhomes.com/houses-for-rent/2928-greenhorn-av-75114-115216,2026-08-16,2026-09-09,TX,Crandall,,,,,2928-greenhorn-av-75114-115216
2026-09-09,INVH,Dallas,"2930 Greenhorn Ave, Crandall, TX, 75114",Dallas,INVH-2930-greenhorn-av-75114-115217,1,1.0,488,1125.0,2026-09-09,24 months,False,,,,,,,,https://www.invitationhomes.com/houses-for-rent/2930-greenhorn-av-75114-115217,2026-05-24,2026-09-09,TX,Crandall,,,,,2930-greenhorn-av-75114-115217
2026-09-09,INVH,Dallas,"1405 Highbridge Blvd, Crandall, TX, 75114",Dallas,INVH-1405-highbrdg-blvd-75114-115803,3,2.0,1440,1749.0,2026-10-16,24 months,False,,,,,,,,https://www.invitationhomes.com/houses-for-rent/1405-highbrdg-blvd-75114-115803,2026-09-03,2026-09-09,TX,Crandall,,,,,1405-highbrdg-blvd-75114-115803
2026-09-09,INVH,Dallas,"2209 W Biscayne, Irving, TX, 75060",Dallas,INVH-2209-w-biscayne-75060-110370,3,2.0,1118,1910.0,2026-09-18,20 months,False,,,,,,,,https://www.invitationhomes.com/houses-for-rent/2209-w-biscayne-75060-110370,2026-07-19,2026-09-09,TX,Irving,,,,,2209-w-biscayne-75060-110370
2026-09-09,INVH,Dallas,"2212 W Oakdale Rd, Irving, TX, 75060",Dallas,INVH-2212-w-oakdale-rd-75060-110295,3,2.0,1409,2145.0,2026-09-09,20 months,False,,,,,,,,https://www.invitationhomes.com/houses-for-rent/2212-w-oakdale-rd-75060-110295,2026-07-19,2026-09-09,TX,Irving,,,,,2212-w-oakdale-rd-75060-110295
2026-09-09,INVH,Dallas,"506 Bryan, Irving, TX, 75060",Dallas,INVH-506-bryan-75060-110413,3,2.0,1497,2315.0,2026-10-03,20 months,False,,,,,,,,https://www.invitationhomes.com/houses-for-rent/506-bryan-75060-110413,2026-08-23,2026-09-09,TX,Irving,,,,,506-bryan-75060-110413
2026-09-09,INVH,Dallas,"8561 Sweetwood Dr, Dallas, TX, 75228",Dallas,INVH-8561-sweetwood-dr-75228-7609,3,2.0,1678,2445.0,2026-10-15,20 months,False,,,,,,,,https://www.invitationhomes.com/houses-for-rent/8561-sweetwood-dr-75228-7609,2026-09-03,2026-09-09,TX,Dallas,,,,,8561-sweetwood-dr-75228-7609
2026-09-09,INVH,Dallas,"2060 Camelot Dr, Lewisville, TX, 75067",Dallas,INVH-2060-camelot-dr-75067-7131,3,2.0,1806,2249.0,2026-09-09,20 months,False,,,,,,,,https://www.invitationhomes.com/houses-for-rent/2060-camelot-dr-75067-7131,2026-08-02,2026-09-09,TX,Lewisville,,,,,2060-camelot-dr-75067-7131
2026-09-09,INVH,Dallas,"2022 Frontier Trl, Lewisville, TX, 75067",Dallas,INVH-2022-frontier-trl-75067-3141,4,2.5,2160,2545.0,2026-09-09,20 months,False,,,,,,,,https://www.invitationhomes.com/houses-for-rent/2022-frontier-trl-75067-3141,2026-08-10,2026-09-09,TX,Lewisville,,,,,2022-frontier-trl-75067-3141
2026-09-09,INVH,Dallas,"717 Holly Oak Dr, Lewisville, TX, 75067",Dallas,INVH-717-holly-oak-dr-75067-2414,3,2.0,1485,2235.0,2026-09-09,20 months,False,,,,,,,,https://www.invitationhomes.com/houses-for-rent/717-holly-oak-dr-75067-2414,2026-07-19,2026-09-09,TX,Lewisville,,,,,717-holly-oak-dr-75067-2414
2026-09-09,INVH,Dallas,"110 Barrington Ln, Lewisville, TX, 75067",Dallas,INVH-110-barrington-ln-75067-111918,2,2.5,1982,2595.0,2026-10-20,20 months,False,,,,,,,,https://www.invitationhomes.com/houses-for-rent/110-barrington-ln-75067-111918,2026-09-06,2026-09-09,TX,Lewisville,,,,,110-barrington-ln-75067-111918
2026-09-09,INVH,Dallas,"2206 Cedarcrest Dr, Carrollton, TX, 75007",Dallas,INVH-2206-cedarcrest-dr-75007-9320,3,2.0,1682,2275.0,2026-09-09,20 months,False,,,,,,,,https://www.invitationhomes.com/houses-for-rent/2206-cedarcrest-dr-75007-9320,2026-06-09,2026-09-09,TX,Carrollton,,,,,2206-cedarcrest-dr-75007-9320
2026-09-09,INVH,Dallas,"1312 W Branch Hollow Dr, Carrollton, TX, 75007",Dallas,INVH-1312-w-branch-hollow-dr-75007-3348,3,2.5,2211,2795.0,2026-09-09,20 months,False,,,,,,,,https://www.invitationhomes.com/houses-for-rent/1312-w-branch-hollow-dr-75007-3348,2026-07-19,2026-09-09,TX,Carrollton,,,,,1312-w-branch-hollow-dr-75007-3348
2026-09-09,INVH,Dallas,"3807 Branch Hollow Cir, Carrollton, TX, 75007",Dallas,INVH-3807-branch-hollow-cir-75007-86570,3,2.0,1736,2595.0,2026-10-07,20 months,False,,,,,,,,https://www.invitationhomes.com/houses-for-rent/3807-branch-hollow-cir-75007-86570,2026-08-23,2026-09-09,TX,Carrollton,,,,,3807-branch-hollow-cir-75007-86570
2026-09-09,INVH,Dallas,"1716 Delaford Pl, Carrollton, TX, 75007",Dallas,INVH-1716-delaford-pl-75007-4757,3,2.0,1672,2249.0,2026-09-09,20 months,False,,,,,,,,https://www.invitationhomes.com/houses-for-rent/1716-delaford-pl-75007-4757,2026-04-13,2026-09-09,TX,Carrollton,,,,,1716-delaford-pl-75007-4757
2026-09-09,INVH,Dallas,"2019 Cologne Dr, Carrollton, TX, 75007",Dallas,INVH-2019-cologne-dr-75007-5912,3,2.0,1758,2585.0,2026-09-20,20 months,False,,,,,,,,https://www.invitationhomes.com/houses-for-rent/2019-cologne-dr-75007-5912,2026-08-10,2026-09-09,TX,Carrollton,,,,,2019-cologne-dr-75007-5912
2026-09-09,INVH,Dallas,"3409 Livingston Ln, Carrollton, TX, 75007",Dallas,INVH-3409-livingston-ln-75007-110289,4,2.0,2122,2499.0,2026-09-09,20 months,False,,,,,,,,https://www.invitationhomes.com/houses-for-rent/3409-livingston-ln-75007-110289,2026-06-09,2026-09-09,TX,Carrollton,,,,,3409-livingston-ln-75007-110289
2026-09-09,INVH,Dallas,"2107 Stonegate Dr, Carrollton, TX, 75010",Dallas,INVH-2107-stonegate-dr-75010-1837,3,2.5,2271,2695.0,2026-09-09,20 months,False,,,,,,,,https://www.invitationhomes.com/houses-for-rent/2107-stonegate-dr-75010-1837,2026-08-02,2026-09-09,TX,Carrollton,,,,,2107-stonegate-dr-75010-1837
2026-09-09,INVH,Dallas,"4704 Durham Dr, Plano, TX, 75093",Dallas,INVH-4704-durham-dr-75093-111902,3,2.5,2073,2960.0,2026-10-23,20 months,False,,,,,,,,https://www.invitationhomes.com/houses-for-rent/4704-durham-dr-75093-111902,2026-09-09,2026-09-09,TX,Plano,,,,,4704-durham-dr-75093-111902
2026-09-09,INVH,Dallas,"436 Lexington, Richardson, TX, 75080",Dallas,INVH-436-lexington-75080-110458,3,2.0,1753,2345.0,2026-10-15,20 months,False,,,,,,,,https://www.invitationhomes.com/houses-for-rent/436-lexington-75080-110458,2026-09-03,2026-09-09,TX,Richardson,,,,,436-lexington-75080-110458
2026-09-09,INVH,Dallas,"112 Hackberry, Forney, TX, 75126",Dallas,INVH-112-hackberry-75126-110124,3,2.0,2004,2465.0,2026-09-27,20 months,False,,,,,,,,https://www.invitationhomes.com/houses-for-rent/112-hackberry-75126-110124,2026-08-16,2026-09-09,TX,Forney,,,,,112-hackberry-75126-110124
2026-09-09,INVH,Dallas,"906 Downing, Forney, TX, 75126",Dallas,INVH-906-downing-75126-110459,3,2.0,1476,1675.0,2026-09-11,20 months,False,,,,,,,,https://www.invitationhomes.com/houses-for-rent/906-downing-75126-110459,2026-05-24,2026-09-09,TX,Forney,,,,,906-downing-75126-110459
2026-09-09,INVH,Dallas,"1589 Kessler Dr, Forney, TX, 75126",Dallas,INVH-1589-kessler-dr-75126-87196,4,3.0,2062,2510.0,2026-09-09,20 months,False,,,,,,,,https://www.invitationhomes.com/houses-for-rent/1589-kessler-dr-75126-87196,2026-08-23,2026-09-09,TX,Forney,,,,,1589-kessler-dr-75126-87196
2026-09-09,INVH,Dallas,"504 Colt Dr, Forney, TX, 75126",Dallas,INVH-504-colt-dr-75126-95527,4,2.5,2205,2555.0,2026-09-18,20 months,False,,,,,,,,https://www.invitationhomes.com/houses-for-rent/504-colt-dr-75126-95527,2026-09-09,2026-09-09,TX,Forney,,,,,504-colt-dr-75126-95527
2026-09-09,INVH,Dallas,"1522 Calcot, Forney, TX, 75126",Dallas,INVH-1522-calcot-75126-110208,4,3.0,2212,2860.0,2026-10-15,20 months,False,,,,,,,,https://www.invitationhomes.com/houses-for-rent/1522-calcot-75126-110208,2026-09-03,2026-09-09,TX,Forney,,,,,1522-calcot-75126-110208
2026-09-09,INVH,Dallas,"1917 Cherry Bark Ln, Forney, TX, 75126",Dallas,INVH-1917-cherry-bark-lane-75126-114849,4,3.0,2666,2425.0,2026-09-09,24 months,False,,,,,,,,https://www.invitationhomes.com/houses-for-rent/1917-cherry-bark-lane-75126-114849,2026-08-02,2026-09-09,TX,Forney,,,,,1917-cherry-bark-lane-75126-114849
2026-09-09,INVH,Dallas,"1924 Cherry Bark Ln, Forney, TX, 75126",Dallas,INVH-1924-cherry-bark-ln-75126-119544,4,3.0,2118,2449.0,2026-10-12,24 months,False,,,,,,,,https://www.invitationhomes.com/houses-for-rent/1924-cherry-bark-ln-75126-119544,2026-09-03,2026-09-09,TX,Forney,,,,,1924-cherry-bark-ln-75126-119544
2026-09-09,INVH,Dallas,"1407 Merlin Bluff Street, Forney, TX, 75126",Dallas,INVH-1407-merlin-bluff-street-75126-124810,3,2.0,1451,2025.0,2026-09-09,20 months,False,,,,,,,,https://www.invitationhomes.com/houses-for-rent/1407-merlin-bluff-street-75126-124810,2026-08-02,2026-09-09,TX,Forney,,,,,1407-merlin-bluff-street-75126-124810
2026-09-09,INVH,Dallas,"1410 Merlin Bluff Street, Forney, TX, 75126",Dallas,INVH-1410-merlin-bluff-street-75126-124844,3,2.0,1311,1975.0,2026-09-09,20 months,False,,,,,,,,https://www.invitationhomes.com/houses-for-rent/1410-merlin-bluff-street-75126-124844,2026-08-10,2026-09-09,TX,Forney,,,,,1410-merlin-bluff-street-75126-124844
2026-09-09,INVH,Dallas,"1003 Kelsey Ct, Forney, TX, 75126",Dallas,INVH-1003-kelsey-ct-75126-111880,3,2.0,1633,2095.0,2026-09-25,20 months,False,,,,,,,,https://www.invitationhomes.com/houses-for-rent/1003-kelsey-ct-75126-111880,2026-08-16,2026-09-09,TX,Forney,,,,,1003-kelsey-ct-75126-111880
2026-09-09,INVH,Dallas,"2002 Sumac Dr, Forney, TX, 75126",Dallas,INVH-2002-sumac-dr-75126-111922,3,2.0,2105,2295.0,2026-09-16,20 months,False,,,,,,,,https://www.invitationhomes.com/houses-for-rent/2002-sumac-dr-75126-111922,2026-09-09,2026-09-09,TX,Forney,,,,,2002-sumac-dr-75126-111922
2026-09-09,INVH,Dallas,"3041 Chico Drive, Forney, TX, 75126",Dallas,INVH-3041-chico-drive-75126-110334,4,2.5,2153,2045.0,2026-09-09,20 months,False,,,,,,,,https://www.invitationhomes.com/houses-for-rent/3041-chico-drive-75126-110334,2026-07-19,2026-09-09,TX,Forney,,,,,3041-chico-drive-75126-110334
2026-09-09,INVH,Dallas,"3021 Chico Drive, Forney, TX, 75126",Dallas,INVH-3021-chico-drive-75126-110328,4,2.5,2153,2299.0,2026-09-15,20 months,False,,,,,,,,https://www.invitationhomes.com/houses-for-rent/3021-chico-drive-75126-110328,2026-08-02,2026-09-09,TX,Forney,,,,,3021-chico-drive-75126-110328
2026-09-09,INVH,Dallas,"3023 Chico Drive, Forney, TX, 75126",Dallas,INVH-3023-chico-drive-75126-110329,5,2.5,2700,2530.0,2026-09-09,20 months,False,,,,,,,,https://www.invitationhomes.com/houses-for-rent/3023-chico-drive-75126-110329,2026-08-02,2026-09-09,TX,Forney,,,,,3023-chico-drive-75126-110329
2026-09-09,INVH,Dallas,"1478 Embrook Trl, Forney, TX, 75126",Dallas,INVH-1478-embrook-75126-111150,4,3.0,2032,2215.0,2026-09-09,24 months,False,,,,,,,,https://www.invitationhomes.com/houses-for-rent/1478-embrook-75126-111150,2026-06-09,2026-09-09,TX,Forney,,,,,1478-embrook-75126-111150
2026-09-09,INVH,Dallas,"1716 Palo Blanco, Forney, TX, 75126",Dallas,INVH-1716-palo-blanco-75126-111342,4,2.5,1619,1999.0,2026-09-09,24 months,False,,,,,,,,https://www.invitationhomes.com/houses-for-rent/1716-palo-blanco-75126-111342,2026-05-17,2026-09-09,TX,Forney,,,,,1716-palo-blanco-75126-111342
2026-09-09,INVH,Dallas,"2016 Pleasant Knoll Cir, Forney, TX, 75126",Dallas,INVH-2016-pleasant-knoll-cir-75126-114467,4,3.0,2032,2425.0,2026-09-09,24 months,False,,,,,,,,https://www.invitationhomes.com/houses-for-rent/2016-pleasant-knoll-cir-75126-114467,2026-07-19,2026-09-09,TX,Forney,,,,,2016-pleasant-knoll-cir-75126-114467
2026-09-09,INVH,Dallas,"1428 Embrook Trl, Forney, TX, 75126",Dallas,INVH-1428-embrook-trail-75126-96019,4,2.5,1924,2199.0,2026-10-22,24 months,False,,,,,,,,https://www.invitationhomes.com/houses-for-rent/1428-embrook-trail-75126-96019,2026-09-09,2026-09-09,TX,Forney,,,,,1428-embrook-trail-75126-96019
2026-09-09,INVH,Dallas,"1611 Box Elder Rd, Forney, TX, 75126",Dallas,INVH-1611-box-elder-road-75126-94043,4,2.5,1619,1999.0,2026-09-09,24 months,False,,,,,,,,https://www.invitationhomes.com/houses-for-rent/1611-box-elder-road-75126-94043,2026-07-19,2026-09-09,TX,Forney,,,,,1611-box-elder-road-75126-94043
2026-09-09,INVH,Dallas,"1834 Sanderling Street, Forney, TX, 75126",Dallas,INVH-1834-sanderling-street-75126-124915,3,2.0,1311,1999.0,2026-09-09,20 months,False,,,,,,,,https://www.invitationhomes.com/houses-for-rent/1834-sanderling-street-75126-124915,2026-09-03,2026-09-09,TX,Forney,,,,,1834-sanderling-street-75126-124915
2026-09-09,INVH,Dallas,"1205 Canyon Wren Drive, Forney, TX, 75126",Dallas,INVH-1205-canyon-wren-drive-75126-124822,3,2.0,1461,2049.0,2026-09-09,20 months,False,,,,,,,,https://www.invitationhomes.com/houses-for-rent/1205-canyon-wren-drive-75126-124822,2026-08-02,2026-09-09,TX,Forney,,,,,1205-canyon-wren-drive-75126-124822
2026-09-09,INVH,Dallas,"1207 Canyon Wren Drive, Forney, TX, 75126",Dallas,INVH-1207-canyon-wren-drive-75126-124821,3,2.0,1451,2025.0,2026-09-09,20 months,False,,,,,,,,https://www.invitationhomes.com/houses-for-rent/1207-canyon-wren-drive-75126-124821,2026-08-23,2026-09-09,TX,Forney,,,,,1207-canyon-wren-drive-75126-124821
2026-09-09,INVH,Dallas,"1202 Canyon Wren Drive, Forney, TX, 75126",Dallas,INVH-1202-canyon-wren-drive-75126-124823,3,2.0,1461,2049.0,2026-09-09,20 months,False,,,,,,,,https://www.invitationhomes.com/houses-for-rent/1202-canyon-wren-drive-75126-124823,2026-08-02,2026-09-09,TX,Forney,,,,,1202-canyon-wren-drive-75126-124823
2026-09-09,INVH,Dallas,"618 Melissa, Garland, TX, 75040",Dallas,INVH-618-melissa-75040-110041,3,2.0,1862,2220.0,2026-09-09,20 months,False,,,,,,,,https://www.invitationhomes.com/houses-for-rent/618-melissa-75040-110041,2026-07-19,2026-09-09,TX,Garland,,,,,618-melissa-75040-110041
2026-09-09,INVH,Dallas,"421 Kingsbridge Dr, Garland, TX, 75040",Dallas,INVH-421-kingsbridge-dr-75040-6519,4,2.0,2157,2295.0,2026-09-14,20 months,False,,,,,,,,https://www.invitationhomes.com/houses-for-rent/421-kingsbridge-dr-75040-6519,2026-04-04,2026-09-09,TX,Garland,,,,,421-kingsbridge-dr-75040-6519
2026-09-09,INVH,Dallas,"2306 Lakeshore Ln, Rowlett, TX, 75088",Dallas,INVH-2306-lakeshore-ln-75088-5435,3,2.0,2211,2465.0,2026-09-23,20 months,False,,,,,,,,https://www.invitationhomes.com/houses-for-rent/2306-lakeshore-ln-75088-5435,2026-08-02,2026-09-09,TX,Rowlett,,,,,2306-lakeshore-ln-75088-5435
2026-09-09,INVH,Dallas,"2110 Loretta Ln, Rowlett, TX, 75088",Dallas,INVH-2110-loretta-ln-75088-9653,6,2.5,2846,2895.0,2026-09-09,20 months,False,,,,,,,,https://www.invitationhomes.com/houses-for-rent/2110-loretta-ln-75088-9653,2026-07-19,2026-09-09,TX,Rowlett,,,,,2110-loretta-ln-75088-9653
2026-09-09,INVH,Dallas,"7409 Armstrong Ln, Rowlett, TX, 75089",Dallas,INVH-7409-armstrong-ln-75089-6209,3,2.0,2020,2515.0,2026-10-13,20 months,False,,,,,,,,https://www.invitationhomes.com/houses-for-rent/7409-armstrong-ln-75089-6209,2026-09-03,2026-09-09,TX,Rowlett,,,,,7409-armstrong-ln-75089-6209
2026-09-09,INVH,Dallas,"8406 Concord Dr, Rowlett, TX, 75089",Dallas,INVH-8406-concord-dr-75089-2291,4,2.5,3273,2849.0,2026-09-17,20 months,False,,,,,,,,https://www.invitationhomes.com/houses-for-rent/8406-concord-dr-75089-2291,2026-09-03,2026-09-09,TX,Rowlett,,,,,8406-concord-dr-75089-2291
2026-09-09,INVH,Dallas,"8013 Yacht Club Dr, Rowlett, TX, 75089",Dallas,INVH-8013-yacht-club-dr-75089-2310,3,2.0,1930,2295.0,2026-09-23,20 months,False,,,,,,,,https://www.invitationhomes.com/houses-for-rent/8013-yacht-club-dr-75089-2310,2026-09-09,2026-09-09,TX,Rowlett,,,,,8013-yacht-club-dr-75089-2310
2026-09-09,INVH,Dallas,"8405 Pacific Pearl Dr, Rowlett, TX, 75089",Dallas,INVH-8405-pacific-pearl-dr-75089-7832,4,2.5,2018,2295.0,2026-09-09,20 months,False,,,,,,,,https://www.invitationhomes.com/houses-for-rent/8405-pacific-pearl-dr-75089-7832,2026-07-19,2026-09-09,TX,Rowlett,,,,,8405-pacific-pearl-dr-75089-7832
2026-09-09,INVH,Dallas,"9218 Oak Hollow Dr, Rowlett, TX, 75089",Dallas,INVH-9218-oak-hollow-dr-75089-5086,3,2.0,1897,2270.0,2026-09-09,20 months,False,,,,,,,,https://www.invitationhomes.com/houses-for-rent/9218-oak-hollow-dr-75089-5086,2026-08-10,2026-09-09,TX,Rowlett,,,,,9218-oak-hollow-dr-75089-5086
2026-09-09,INVH,Dallas,"1413 Ridge Meadow Dr, Plano, TX, 75074",Dallas,INVH-1413-ridge-meadow-dr-75074-1294,4,2.5,2389,2725.0,2026-09-09,20 months,False,,,,,,,,https://www.invitationhomes.com/houses-for-rent/1413-ridge-meadow-dr-75074-1294,2026-07-19,2026-09-09,TX,Plano,,,,,1413-ridge-meadow-dr-75074-1294
2026-09-09,INVH,Dallas,"3401 Dorothy, Wylie, TX, 75098",Dallas,INVH-3401-dorothy-75098-110372,2,2.0,1168,1775.0,2026-10-22,20 months,False,,,,,,,,https://www.invitationhomes.com/houses-for-rent/3401-dorothy-75098-110372,2026-09-09,2026-09-09,TX,Wylie,,,,,3401-dorothy-75098-110372
2026-09-09,INVH,Dallas,"103 Martin, Wylie, TX, 75098",Dallas,INVH-103-martin-75098-110250,4,3.0,2392,2645.0,2026-10-15,20 months,False,,,,,,,,https://www.invitationhomes.com/houses-for-rent/103-martin-75098-110250,2026-09-09,2026-09-09,TX,Wylie,,,,,103-martin-75098-110250
2026-09-09,INVH,Dallas,"1202 Leeward Ln, Wylie, TX, 75098",Dallas,INVH-1202-leeward-ln-75098-84470,3,2.0,1783,2195.0,2026-09-09,20 months,False,,,,,,,,https://www.invitationhomes.com/houses-for-rent/1202-leeward-ln-75098-84470,2026-08-10,2026-09-09,TX,Wylie,,,,,1202-leeward-ln-75098-84470
2026-09-09,INVH,Dallas,"3450 Post Oak Dr, Rockwall, TX, 75032",Dallas,INVH-3450-post-oak-dr-75032-3032,4,3.0,2379,2185.0,2026-09-09,20 months,False,,,,,,,,https://www.invitationhomes.com/houses-for-rent/3450-post-oak-dr-75032-3032,2026-07-19,2026-09-09,TX,Rockwall,,,,,3450-post-oak-dr-75032-3032
2026-09-09,INVH,Dallas,"1537 Englewood Dr, Rockwall, TX, 75032",Dallas,INVH-1537-englewood-dr-75032-7529,4,2.5,3359,2649.0,2026-09-09,20 months,False,,,,,,,,https://www.invitationhomes.com/houses-for-rent/1537-englewood-dr-75032-7529,2026-07-19,2026-09-09,TX,Rockwall,,,,,1537-englewood-dr-75032-7529
2026-09-09,INVH,Dallas,"107 Lincoln, Terrell, TX, 75160",Dallas,INVH-107-lincoln-75160-110177,3,1.0,1036,1599.0,2026-09-14,21 months,False,,,,,,,,https://www.invitationhomes.com/houses-for-rent/107-lincoln-75160-110177,2026-06-09,2026-09-09,TX,Terrell,,,,,107-lincoln-75160-110177
2026-09-09,INVH,Dallas,"1349 Glenhill Ln, Lewisville, TX, 75077",Dallas,INVH-1349-glenhill-ln-75077-9418,4,2.0,2319,2825.0,2026-10-15,20 months,False,,,,,,,,https://www.invitationhomes.com/houses-for-rent/1349-glenhill-ln-75077-9418,2026-09-03,2026-09-09,TX,Lewisville,,,,,1349-glenhill-ln-75077-9418
2026-09-09,INVH,Dallas,"6304 Jennings Dr, The Colony, TX, 75056",Dallas,INVH-6304-jennings-dr-75056-110486,4,2.0,2123,2395.0,2026-10-16,20 months,False,,,,,,,,https://www.invitationhomes.com/houses-for-rent/6304-jennings-dr-75056-110486,2026-04-04,2026-09-09,TX,The Colony,,,,,6304-jennings-dr-75056-110486
2026-09-09,INVH,Dallas,"11920 Summer Springs Dr, Frisco, TX, 75034",Dallas,INVH-11920-summer-springs-dr-75034-3087,4,3.0,2576,2645.0,2026-09-27,20 months,False,,,,,,,,https://www.invitationhomes.com/houses-for-rent/11920-summer-springs-dr-75034-3087,2026-08-16,2026-09-09,TX,Frisco,,,,,11920-summer-springs-dr-75034-3087
2026-09-09,INVH,Dallas,"1044 Waterview Dr, Little Elm, TX, 75068",Dallas,INVH-1044-waterview-dr-75068-2188,3,2.0,1627,2099.0,2026-09-09,20 months,False,,,,,,,,https://www.invitationhomes.com/houses-for-rent/1044-waterview-dr-75068-2188,2026-04-20,2026-09-09,TX,Little Elm,,,,,1044-waterview-dr-75068-2188
2026-09-09,INVH,Dallas,"12412 Sunrise Dr, Frisco, TX, 75034",Dallas,INVH-12412-sunrise-dr-75034-1420,3,2.5,2352,2645.0,2026-09-14,20 months,False,,,,,,,,https://www.invitationhomes.com/houses-for-rent/12412-sunrise-dr-75034-1420,2026-08-10,2026-09-09,TX,Frisco,,,,,12412-sunrise-dr-75034-1420
2026-09-09,INVH,Dallas,"3137 Walker Creek, Little Elm, TX, 75068",Dallas,INVH-3137-walker-creek-75068-109933,4,3.5,2817,2565.0,2026-09-09,20 months,False,,,,,,,,https://www.invitationhomes.com/houses-for-rent/3137-walker-creek-75068-109933,2026-07-19,2026-09-09,TX,Little Elm,,,,,3137-walker-creek-75068-109933
2026-09-09,INVH,Dallas,"6594 Scottsdale Way, Frisco, TX, 75034",Dallas,INVH-6594-scottsdale-way-75034-1123,4,2.5,3260,3295.0,2026-09-30,20 months,False,,,,,,,,https://www.invitationhomes.com/houses-for-rent/6594-scottsdale-way-75034-1123,2026-08-16,2026-09-09,TX,Frisco,,,,,6594-scottsdale-way-75034-1123
2026-09-09,INVH,Dallas,"1340 Todd Dr, Plano, TX, 75023",Dallas,INVH-1340-todd-dr-75023-6648,4,2.5,1880,2449.0,2026-09-09,20 months,False,,,,,,,,https://www.invitationhomes.com/houses-for-rent/1340-todd-dr-75023-6648,2026-06-09,2026-09-09,TX,Plano,,,,,1340-todd-dr-75023-6648
2026-09-09,INVH,Dallas,"7901 King Arthur Rd, Frisco, TX, 75035",Dallas,INVH-7901-king-arthur-rd-75035-7408,3,2.0,1903,2595.0,2026-10-09,20 months,False,,,,,,,,https://www.invitationhomes.com/houses-for-rent/7901-king-arthur-rd-75035-7408,2026-09-03,2026-09-09,TX,Frisco,,,,,7901-king-arthur-rd-75035-7408
2026-09-09,INVH,Dallas,"11135 Covey Ln, Frisco, TX, 75035",Dallas,INVH-11135-covey-ln-75035-5116,4,2.5,2621,2745.0,2026-09-14,20 months,False,,,,,,,,https://www.invitationhomes.com/houses-for-rent/11135-covey-ln-75035-5116,2026-05-17,2026-09-09,TX,Frisco,,,,,11135-covey-ln-75035-5116
2026-09-09,INVH,Dallas,"6928 Wind Row Dr, McKinney, TX, 75070",Dallas,INVH-6928-wind-row-dr-75070-7101,3,2.5,2249,2545.0,2026-09-26,20 months,False,,,,,,,,https://www.invitationhomes.com/houses-for-rent/6928-wind-row-dr-75070-7101,2026-08-16,2026-09-09,TX,McKinney,,,,,6928-wind-row-dr-75070-7101
2026-09-09,INVH,Dallas,"620 Coleman Street, Aubrey, TX, 76227",Dallas,INVH-620-coleman-street-76227-122712,3,2.0,1399,1995.0,2026-09-09,20 months,False,,,,,,,,https://www.invitationhomes.com/houses-for-rent/620-coleman-street-76227-122712,2026-07-19,2026-09-09,TX,Aubrey,,,,,620-coleman-street-76227-122712
2026-09-09,INVH,Dallas,"2620 Wayne Ave, Aubrey, TX, 76227",Dallas,INVH-2620-wayne-ave-76227-111994,3,2.0,1791,2499.0,2026-10-10,20 months,False,,,,,,,,https://www.invitationhomes.com/houses-for-rent/2620-wayne-ave-76227-111994,2026-09-03,2026-09-09,TX,Aubrey,,,,,2620-wayne-ave-76227-111994
2026-09-09,INVH,Dallas,"5000 Blackwood Dr, McKinney, TX, 75071",Dallas,INVH-5000-blackwood-dr-75071-6104,3,2.0,2084,2335.0,2026-09-30,20 months,False,,,,,,,,https://www.invitationhomes.com/houses-for-rent/5000-blackwood-dr-75071-6104,2026-07-19,2026-09-09,TX,McKinney,,,,,5000-blackwood-dr-75071-6104
2026-09-09,INVH,Dallas,"1833 Crabapple Ct, Allen, TX, 75002",Dallas,INVH-1833-crabapple-ct-75002-4030,5,2.5,2747,2945.0,2026-10-15,20 months,False,,,,,,,,https://www.invitationhomes.com/houses-for-rent/1833-crabapple-ct-75002-4030,2026-09-09,2026-09-09,TX,Allen,,,,,1833-crabapple-ct-75002-4030
2026-09-09,INVH,Dallas,"703 Meadowgate Dr, Allen, TX, 75002",Dallas,INVH-703-meadowgate-dr-75002-8259,5,2.5,2851,2670.0,2026-09-09,20 months,False,,,,,,,,https://www.invitationhomes.com/houses-for-rent/703-meadowgate-dr-75002-8259,2026-07-19,2026-09-09,TX,Allen,,,,,703-meadowgate-dr-75002-8259
2026-09-09,INVH,Dallas,"412 Branch Village Wy, Princeton, TX, 75407",Dallas,INVH-412-branch-village-wy-75407-115188,3,2.0,1017,1549.0,2026-09-09,24 months,False,,,,,,,,https://www.invitationhomes.com/houses-for-rent/412-branch-village-wy-75407-115188,2026-08-10,2026-09-09,TX,Princeton,,,,,412-branch-village-wy-75407-115188
2026-09-09,INVH,Dallas,"301 Branch Village Wy, Princeton, TX, 75407",Dallas,INVH-301-branch-village-wy-75407-115153,4,2.0,1295,1649.0,2026-10-07,24 months,False,,,,,,,,https://www.invitationhomes.com/houses-for-rent/301-branch-village-wy-75407-115153,2026-08-23,2026-09-09,TX,Princeton,,,,,301-branch-village-wy-75407-115153
2026-09-09,INVH,Dallas,"5423 Longshadow Dr, Princeton, TX, 75407",Dallas,INVH-5423-longshadow-dr-75407-115786,4,2.0,1500,1999.0,2026-09-09,24 months,False,,,,,,,,https://www.invitationhomes.com/houses-for-rent/5423-longshadow-dr-75407-115786,2026-07-19,2026-09-09,TX,Princeton,,,,,5423-longshadow-dr-75407-115786
2026-09-09,INVH,Dallas,"4604 Bellcrest Dr, McKinney, TX, 75070",Dallas,INVH-4604-bellcrest-dr-75070-2022,3,2.0,2098,2220.0,2026-09-09,20 months,False,,,,,,,,https://www.invitationhomes.com/houses-for-rent/4604-bellcrest-dr-75070-2022,2026-07-19,2026-09-09,TX,McKinney,,,,,4604-bellcrest-dr-75070-2022
2026-09-09,INVH,Dallas,"4103 English Ivy, Mckinney, TX, 75070",Dallas,INVH-4103-english-ivy-75070-110001,4,2.5,2832,2545.0,2026-09-09,20 months,False,,,,,,,,https://www.invitationhomes.com/houses-for-rent/4103-english-ivy-75070-110001,2026-04-26,2026-09-09,TX,Mckinney,,,,,4103-english-ivy-75070-110001
2026-09-09,INVH,Dallas,"1804 Yale, Farmersville, TX, 75442",Dallas,INVH-1804-yale-75442-110263,5,3.5,2331,1995.0,2026-09-09,20 months,False,,,,,,,,https://www.invitationhomes.com/houses-for-rent/1804-yale-75442-110263,2026-06-09,2026-09-09,TX,Farmersville,,,,,1804-yale-75442-110263
2026-09-09,INVH,Dallas,"2522 High Pointe Blvd, Mckinney, TX, 75071",Dallas,INVH-2522-high-pointe-blvd-75071-110296,4,2.0,1900,2410.0,2026-09-09,20 months,False,,,,,,,,https://www.invitationhomes.com/houses-for-rent/2522-high-pointe-blvd-75071-110296,2026-04-04,2026-09-09,TX,Mckinney,,,,,2522-high-pointe-blvd-75071-110296
2026-09-09,INVH,Dallas,"7417 Alfriston Pl, McKinney, TX, 75071",Dallas,INVH-7417-alfriston-pl-75071-120519,4,3.0,2330,2525.0,2026-09-09,24 months,False,,,,,,,,https://www.invitationhomes.com/houses-for-rent/7417-alfriston-pl-75071-120519,2026-07-19,2026-09-09,TX,McKinney,,,,,7417-alfriston-pl-75071-120519
2026-09-09,INVH,Dallas,"7432 Alfriston Pl, McKinney, TX, 75071",Dallas,INVH-7432-alfriston-pl-75071-120525,4,3.0,2185,2575.0,2026-09-09,24 months,False,,,,,,,,https://www.invitationhomes.com/houses-for-rent/7432-alfriston-pl-75071-120525,2026-06-14,2026-09-09,TX,McKinney,,,,,7432-alfriston-pl-75071-120525
2026-09-09,INVH,Dallas,"7416 Alfriston Pl, McKinney, TX, 75071",Dallas,INVH-7416-alfriston-pl-75071-120528,4,2.0,2017,2199.0,2026-09-09,24 months,False,,,,,,,,https://www.invitationhomes.com/houses-for-rent/7416-alfriston-pl-75071-120528,2026-04-04,2026-09-09,TX,McKinney,,,,,7416-alfriston-pl-75071-120528
2026-09-09,INVH,Dallas,"2507 Quail Ridge Rd, Melissa, TX, 75454",Dallas,INVH-2507-quail-ridge-rd-75454-94738,3,2.0,1872,2245.0,2026-09-09,20 months,False,,,,,,,,https://www.invitationhomes.com/houses-for-rent/2507-quail-ridge-rd-75454-94738,2026-05-17,2026-09-09,TX,Melissa,,,,,2507-quail-ridge-rd-75454-94738
2026-09-09,INVH,Dallas,"1616 Open Range Rd, Weston, TX, 75097",Dallas,INVH-1616-open-range-rd-75097-113200,3,2.0,1981,2195.0,2026-10-05,20 months,False,,,,,,,,https://www.invitationhomes.com/houses-for-rent/1616-open-range-rd-75097-113200,2026-04-04,2026-09-09,TX,Weston,,,,,1616-open-range-rd-75097-113200
2026-09-09,INVH,Dallas,"1604 Open Range Rd, Weston, TX, 75097",Dallas,INVH-1604-open-range-rd-75097-113199,3,2.0,1749,2290.0,2026-10-20,20 months,False,,,,,,,,https://www.invitationhomes.com/houses-for-rent/1604-open-range-rd-75097-113199,2026-09-06,2026-09-09,TX,Weston,,,,,1604-open-range-rd-75097-113199
2026-09-09,INVH,Dallas,"619 Rain Barrel Pl, Weston, TX, 75097",Dallas,INVH-619-rain-barrel-pl-75097-113193,3,2.0,1800,2195.0,2026-09-09,20 months,False,,,,,,,,https://www.invitationhomes.com/houses-for-rent/619-rain-barrel-pl-75097-113193,2026-09-09,2026-09-09,TX,Weston,,,,,619-rain-barrel-pl-75097-113193
2026-09-09,INVH,Dallas,"705 Rusty Spurs Pl, Weston, TX, 75097",Dallas,INVH-705-rusty-spurs-pl-75097-113195,4,3.0,1906,2160.0,2026-09-09,20 months,False,,,,,,,,https://www.invitationhomes.com/houses-for-rent/705-rusty-spurs-pl-75097-113195,2026-08-02,2026-09-09,TX,Weston,,,,,705-rusty-spurs-pl-75097-113195
2026-09-09,INVH,Houston,"10750 Cobblecreek Way, Missouri City, TX, 77459",Houston,INVH-10750-cobblecreek-way-77459-94342,4,2.5,2072,2540.0,2026-09-24,24 months,False,,,,,,,,https://www.invitationhomes.com/houses-for-rent/10750-cobblecreek-way-77459-94342,2026-08-16,2026-09-09,TX,Missouri City,,,,,10750-cobblecreek-way-77459-94342
2026-09-09,INVH,Houston,"3715 Iris Ridge Way, Fresno, TX, 77545",Houston,INVH-3715-iris-ridge-way-77545-8955,4,2.5,2247,2299.0,2026-09-09,23 months,False,,,,,,,,https://www.invitationhomes.com/houses-for-rent/3715-iris-ridge-way-77545-8955,2026-07-19,2026-09-09,TX,Fresno,,,,,3715-iris-ridge-way-77545-8955
2026-09-09,INVH,Houston,"4026 Hawthorne Glen Ct, Fresno, TX, 77545",Houston,INVH-4026-hawthorn-glen-ct-77545-1010,4,2.0,1680,1960.0,2026-09-09,23 months,False,,,,,,,,https://www.invitationhomes.com/houses-for-rent/4026-hawthorn-glen-ct-77545-1010,2026-05-24,2026-09-09,TX,Fresno,,,,,4026-hawthorn-glen-ct-77545-1010
2026-09-09,INVH,Houston,"129 Rodeo Dr, Manvel, TX, 77578",Houston,INVH-129-rodeo-dr-77578-4506,3,2.5,1758,1990.0,2026-09-09,23 months,False,,,,,,,,https://www.invitationhomes.com/houses-for-rent/129-rodeo-dr-77578-4506,2026-08-23,2026-09-09,TX,Manvel,,,,,129-rodeo-dr-77578-4506
2026-09-09,INVH,Houston,"37 San Simeon Dr, Manvel, TX, 77578",Houston,INVH-37-san-simeon-dr-77578-7877,3,2.0,2243,2175.0,2026-09-09,23 months,False,,,,,,,,https://www.invitationhomes.com/houses-for-rent/37-san-simeon-dr-77578-7877,2026-07-19,2026-09-09,TX,Manvel,,,,,37-san-simeon-dr-77578-7877
2026-09-09,INVH,Houston,"30 Mira Loma Dr, Manvel, TX, 77578",Houston,INVH-30-mira-loma-dr-77578-7537,3,2.0,1875,2235.0,2026-09-09,23 months,False,,,,,,,,https://www.invitationhomes.com/houses-for-rent/30-mira-loma-dr-77578-7537,2026-09-03,2026-09-09,TX,Manvel,,,,,30-mira-loma-dr-77578-7537
2026-09-09,INVH,Houston,"329 Old Course Dr, Friendswood, TX, 77546",Houston,INVH-329-old-course-dr-77546-5184,4,2.5,2380,2595.0,2026-09-30,23 months,False,,,,,,,,https://www.invitationhomes.com/houses-for-rent/329-old-course-dr-77546-5184,2026-09-03,2026-09-09,TX,Friendswood,,,,,329-old-course-dr-77546-5184
2026-09-09,INVH,Houston,"1909 Fir Tree Dr, League City, TX, 77573",Houston,INVH-1909-fir-tree-dr-77573-6047,3,2.5,2184,2220.0,2026-09-09,23 months,False,,,,,,,,https://www.invitationhomes.com/houses-for-rent/1909-fir-tree-dr-77573-6047,2026-07-19,2026-09-09,TX,League City,,,,,1909-fir-tree-dr-77573-6047
2026-09-09,INVH,Houston,"16422 Oxnard Ln, Friendswood, TX, 77546",Houston,INVH-16422-oxnard-ln-77546-2339,3,2.0,1660,2160.0,2026-10-15,23 months,False,,,,,,,,https://www.invitationhomes.com/houses-for-rent/16422-oxnard-ln-77546-2339,2026-09-03,2026-09-09,TX,Friendswood,,,,,16422-oxnard-ln-77546-2339
2026-09-09,INVH,Dallas,"3014 Early Turn Dr, Webster, TX, 77598",Dallas,INVH-3014-early-turn-77598-8453,3,2.0,1712,2040.0,2026-09-09,23 months,False,,,,,,,,https://www.invitationhomes.com/houses-for-rent/3014-early-turn-77598-8453,2026-08-16,2026-09-09,TX,Webster,,,,,3014-early-turn-77598-8453
2026-09-09,INVH,Houston,"1908 Sunset Ct N, League City, TX, 77573",Houston,INVH-1908-sunset-ct-n-77573-4738,3,2.0,1954,1895.0,2026-09-09,23 months,False,,,,,,,,https://www.invitationhomes.com/houses-for-rent/1908-sunset-ct-n-77573-4738,2026-07-19,2026-09-09,TX,League City,,,,,1908-sunset-ct-n-77573-4738
2026-09-09,INVH,Dallas,"2883 Diamond Bay Dr, Dickinson, TX, 77539",Dallas,INVH-2883-diamond-bay-dr-77539-8348,3,2.5,2092,2195.0,2026-09-09,23 months,False,,,,,,,,https://www.invitationhomes.com/houses-for-rent/2883-diamond-bay-dr-77539-8348,2026-06-09,2026-09-09,TX,Dickinson,,,,,2883-diamond-bay-dr-77539-8348
2026-09-09,INVH,Houston,"3507 Iris Ridge Way, Fresno, TX, 77545",Houston,INVH-3507-iris-ridge-way-77545-2139,4,2.5,1917,2045.0,2026-10-22,23 months,False,,,,,,,,https://www.invitationhomes.com/houses-for-rent/3507-iris-ridge-way-77545-2139,2026-09-09,2026-09-09,TX,Fresno,,,,,3507-iris-ridge-way-77545-2139
2026-09-09,INVH,Houston,"7442 Towerview Ln, Missouri City, TX, 77489",Houston,INVH-7442-towerview-ln-77489-1212,3,2.0,1580,1985.0,2026-09-11,23 months,False,,,,,,,,https://www.invitationhomes.com/houses-for-rent/7442-towerview-ln-77489-1212,2026-08-16,2026-09-09,TX,Missouri City,,,,,7442-towerview-ln-77489-1212
2026-09-09,INVH,Houston,"10426 Executive Lake Dr, Stafford, TX, 77477",Houston,INVH-10426-executive-lake-dr-77477-116747,3,2.5,1822,2485.0,2026-10-14,24 months,False,,,,,,,,https://www.invitationhomes.com/houses-for-rent/10426-executive-lake-dr-77477-116747,2026-09-03,2026-09-09,TX,Stafford,,,,,10426-executive-lake-dr-77477-116747
2026-09-09,INVH,Houston,"11911 N Youngwood Ln, Houston, TX, 77043",Houston,INVH-11911-n-youngwood-ln-77043-5275,3,2.0,1677,1895.0,2026-09-18,23 months,False,,,,,,,,https://www.invitationhomes.com/houses-for-rent/11911-n-youngwood-ln-77043-5275,2026-09-03,2026-09-09,TX,Houston,,,,,11911-n-youngwood-ln-77043-5275
2026-09-09,INVH,Houston,"11122 Kirwin Lane, Houston, TX, 77041",Houston,INVH-11122-kirwin-lane-77041-110682,3,2.0,1495,1799.0,2026-09-09,23 months,False,,,,,,,,https://www.invitationhomes.com/houses-for-rent/11122-kirwin-lane-77041-110682,2026-07-19,2026-09-09,TX,Houston,,,,,11122-kirwin-lane-77041-110682
2026-09-09,INVH,Houston,"4311 Saratoga Dr, Houston, TX, 77088",Houston,INVH-4311-saratoga-dr-77088-2604,4,2.0,2016,2095.0,2026-09-09,23 months,False,,,,,,,,https://www.invitationhomes.com/houses-for-rent/4311-saratoga-dr-77088-2604,2026-07-19,2026-09-09,TX,Houston,,,,,4311-saratoga-dr-77088-2604
2026-09-09,INVH,Houston,"714 Wilshire Brook Ln, Houston, TX, 77008",Houston,INVH-714-wilshire-brook-ln-77008-116830,3,2.5,1438,2599.0,2026-09-09,24 months,False,,,,,,,,https://www.invitationhomes.com/houses-for-rent/714-wilshire-brook-ln-77008-116830,2026-09-03,2026-09-09,TX,Houston,,,,,714-wilshire-brook-ln-77008-116830
2026-09-09,INVH,Houston,"6351 Paddington Bend Dr, Houston, TX, 77008",Houston,INVH-6351-paddington-bend-dr-77008-116799,3,2.5,1422,2549.0,2026-09-09,24 months,False,,,,,,,,https://www.invitationhomes.com/houses-for-rent/6351-paddington-bend-dr-77008-116799,2026-08-23,2026-09-09,TX,Houston,,,,,6351-paddington-bend-dr-77008-116799
2026-09-09,INVH,Houston,"6309 Paddington Bend Dr, Houston, TX, 77008",Houston,INVH-6309-paddington-bend-dr-77008-116956,3,3.5,1986,2749.0,2026-09-11,24 months,False,,,,,,,,https://www.invitationhomes.com/houses-for-rent/6309-paddington-bend-dr-77008-116956,2026-08-16,2026-09-09,TX,Houston,,,,,6309-paddington-bend-dr-77008-116956
2026-09-09,INVH,Houston,"709 Carriage Knolls Dr, Houston, TX, 77008",Houston,INVH-709-carriage-knolls-dr-77008-116968,3,3.5,1918,2749.0,2026-09-15,24 months,False,,,,,,,,https://www.invitationhomes.com/houses-for-rent/709-carriage-knolls-dr-77008-116968,2026-08-16,2026-09-09,TX,Houston,,,,,709-carriage-knolls-dr-77008-116968
2026-09-09,INVH,Houston,"1403 W 26Th Street, Houston, TX, 77008",Houston,INVH-1403-w-26th-street-77008-110805,3,3.0,2022,2895.0,2026-09-11,23 months,False,,,,,,,,https://www.invitationhomes.com/houses-for-rent/1403-w-26th-street-77008-110805,2026-08-10,2026-09-09,TX,Houston,,,,,1403-w-26th-street-77008-110805
2026-09-09,INVH,Houston,"912 W 25Th Street 1, Houston, TX, 77008",Houston,INVH-912-w-25th-street-1-77008-110712,3,3.5,2412,2895.0,2026-09-11,23 months,False,,,,,,,,https://www.invitationhomes.com/houses-for-rent/912-w-25th-street-1-77008-110712,2026-08-02,2026-09-09,TX,Houston,,,,,912-w-25th-street-1-77008-110712
2026-09-09,INVH,Houston,"15119 Manorhill Dr, Houston, TX, 77062",Houston,INVH-15119-manorhill-dr-77062-6239,4,2.5,2464,2595.0,2026-10-06,23 months,False,,,,,,,,https://www.invitationhomes.com/houses-for-rent/15119-manorhill-dr-77062-6239,2026-08-23,2026-09-09,TX,Houston,,,,,15119-manorhill-dr-77062-6239
2026-09-09,INVH,Houston,"1506 Seagate Ln, Houston, TX, 77062",Houston,INVH-1506-seagate-ln-77062-6726,4,2.0,2690,2545.0,2026-09-09,23 months,False,,,,,,,,https://www.invitationhomes.com/houses-for-rent/1506-seagate-ln-77062-6726,2026-09-03,2026-09-09,TX,Houston,,,,,1506-seagate-ln-77062-6726
2026-09-09,INVH,Houston,"2705 Coy Dr, Deer Park, TX, 77536",Houston,INVH-2705-coy-dr-77536-2318,3,2.0,1894,2075.0,2026-09-09,23 months,False,,,,,,,,https://www.invitationhomes.com/houses-for-rent/2705-coy-dr-77536-2318,2026-08-10,2026-09-09,TX,Deer Park,,,,,2705-coy-dr-77536-2318
2026-09-09,INVH,Houston,"2117 Shadow Bay Cir, League City, TX, 77573",Houston,INVH-2117-shadow-bay-cir-77573-7482,4,3.5,2672,2945.0,2026-10-02,23 months,False,,,,,,,,https://www.invitationhomes.com/houses-for-rent/2117-shadow-bay-cir-77573-7482,2026-09-03,2026-09-09,TX,League City,,,,,2117-shadow-bay-cir-77573-7482
2026-09-09,INVH,Houston,"4238 Honey Oaks Dr, Seabrook, TX, 77586",Houston,INVH-4238-honey-oaks-dr-77586-7059,4,2.5,2728,2240.0,2026-09-09,23 months,False,,,,,,,,https://www.invitationhomes.com/houses-for-rent/4238-honey-oaks-dr-77586-7059,2026-07-19,2026-09-09,TX,Seabrook,,,,,4238-honey-oaks-dr-77586-7059
2026-09-09,INVH,Houston,"4330 Spoonbill Dr, Seabrook, TX, 77586",Houston,INVH-4330-spoonbill-dr-77586-7881,3,2.0,1663,2145.0,2026-09-11,23 months,False,,,,,,,,https://www.invitationhomes.com/houses-for-rent/4330-spoonbill-dr-77586-7881,2026-08-23,2026-09-09,TX,Seabrook,,,,,4330-spoonbill-dr-77586-7881
2026-09-09,INVH,Houston,"8514 Doskocil Dr, Houston, TX, 77044",Houston,INVH-8514-doskocil-dr-77044-1891,3,2.0,1333,1695.0,2026-10-17,23 months,False,,,,,,,,https://www.invitationhomes.com/houses-for-rent/8514-doskocil-dr-77044-1891,2026-09-03,2026-09-09,TX,Houston,,,,,8514-doskocil-dr-77044-1891
2026-09-09,INVH,Houston,"8542 Doskocil Dr, Houston, TX, 77044",Houston,INVH-8542-doskocil-dr-77044-6598,3,2.5,1687,1775.0,2026-09-12,23 months,False,,,,,,,,https://www.invitationhomes.com/houses-for-rent/8542-doskocil-dr-77044-6598,2026-05-24,2026-09-09,TX,Houston,,,,,8542-doskocil-dr-77044-6598
2026-09-09,INVH,Houston,"8574 Chaletford Dr, Houston, TX, 77044",Houston,INVH-8574-chaletford-dr-77044-9332,4,2.0,1433,1799.0,2026-09-09,23 months,False,,,,,,,,https://www.invitationhomes.com/houses-for-rent/8574-chaletford-dr-77044-9332,2026-09-03,2026-09-09,TX,Houston,,,,,8574-chaletford-dr-77044-9332
2026-09-09,INVH,Houston,"8634 Doskocil Dr, Houston, TX, 77044",Houston,INVH-8634-doskocil-dr-77044-9248,4,2.5,1847,1995.0,2026-10-08,23 months,False,,,,,,,,https://www.invitationhomes.com/houses-for-rent/8634-doskocil-dr-77044-9248,2026-09-03,2026-09-09,TX,Houston,,,,,8634-doskocil-dr-77044-9248
2026-09-09,INVH,Houston,"8670 Chaletford Dr, Houston, TX, 77044",Houston,INVH-8670-chaletford-dr-77044-4640,4,2.5,1847,2065.0,2026-10-15,23 months,False,,,,,,,,https://www.invitationhomes.com/houses-for-rent/8670-chaletford-dr-77044-4640,2026-09-03,2026-09-09,TX,Houston,,,,,8670-chaletford-dr-77044-4640
2026-09-09,INVH,Houston,"8318 Black Pool Street, Baytown, TX, 77521",Houston,INVH-8318-black-pool-street-77521-110651,3,2.0,1296,1715.0,2026-09-09,23 months,False,,,,,,,,https://www.invitationhomes.com/houses-for-rent/8318-black-pool-street-77521-110651,2026-07-19,2026-09-09,TX,Baytown,,,,,8318-black-pool-street-77521-110651
2026-09-09,INVH,Houston,"9603 W Savile Cir, Houston, TX, 77065",Houston,INVH-9603-w-savile-cir-77065-4746,3,2.5,1439,1785.0,2026-09-09,23 months,False,,,,,,,,https://www.invitationhomes.com/houses-for-rent/9603-w-savile-cir-77065-4746,2026-08-10,2026-09-09,TX,Houston,,,,,9603-w-savile-cir-77065-4746
2026-09-09,INVH,Houston,"12010 Fork Creek Dr, Houston, TX, 77065",Houston,INVH-12010-fork-creek-dr-77065-7471,4,2.0,1919,1945.0,2026-09-09,23 months,False,,,,,,,,https://www.invitationhomes.com/houses-for-rent/12010-fork-creek-dr-77065-7471,2026-06-09,2026-09-09,TX,Houston,,,,,12010-fork-creek-dr-77065-7471
2026-09-09,INVH,Houston,"9167 Golden Sunshine Dr, Houston, TX, 77064",Houston,INVH-9167-golden-sunshine-dr-77064-8915,3,2.0,1293,1645.0,2026-09-09,23 months,False,,,,,,,,https://www.invitationhomes.com/houses-for-rent/9167-golden-sunshine-dr-77064-8915,2026-09-03,2026-09-09,TX,Houston,,,,,9167-golden-sunshine-dr-77064-8915
2026-09-09,INVH,Houston,"7134 Cheshire Park Rd, Houston, TX, 77088",Houston,INVH-7134-cheshire-park-rd-77088-3645,4,2.5,1912,1780.0,2026-09-09,23 months,False,,,,,,,,https://www.invitationhomes.com/houses-for-rent/7134-cheshire-park-rd-77088-3645,2026-05-09,2026-09-09,TX,Houston,,,,,7134-cheshire-park-rd-77088-3645
2026-09-09,INVH,Houston,"9818 Golden Prairie Ln, Houston, TX, 77086",Houston,INVH-9818-golden-prairie-ln-77086-1003,3,2.5,2444,1970.0,2026-09-09,23 months,False,,,,,,,,https://www.invitationhomes.com/houses-for-rent/9818-golden-prairie-ln-77086-1003,2026-08-02,2026-09-09,TX,Houston,,,,,9818-golden-prairie-ln-77086-1003
2026-09-09,INVH,Houston,"12630 Lady Slipper Rd, Houston, TX, 77038",Houston,INVH-12630-lady-slipper-rd-77038-6754,4,2.5,2015,1945.0,2026-09-09,23 months,False,,,,,,,,https://www.invitationhomes.com/houses-for-rent/12630-lady-slipper-rd-77038-6754,2026-07-19,2026-09-09,TX,Houston,,,,,12630-lady-slipper-rd-77038-6754
2026-09-09,INVH,Houston,"12623 Mountain Daisy Rd, Houston, TX, 77038",Houston,INVH-12623-mountain-daisy-rd-77038-2717,3,2.0,1407,1715.0,2026-09-09,23 months,False,,,,,,,,https://www.invitationhomes.com/houses-for-rent/12623-mountain-daisy-rd-77038-2717,2026-05-09,2026-09-09,TX,Houston,,,,,12623-mountain-daisy-rd-77038-2717
2026-09-09,INVH,Houston,"13742 Clarks Fork Dr, Houston, TX, 77086",Houston,INVH-13742-clarks-fork-dr-77086-1710,4,2.5,1980,1940.0,2026-09-09,23 months,False,,,,,,,,https://www.invitationhomes.com/houses-for-rent/13742-clarks-fork-dr-77086-1710,2026-07-19,2026-09-09,TX,Houston,,,,,13742-clarks-fork-dr-77086-1710
2026-09-09,INVH,Houston,"9422 Chartermoss Cir, Houston, TX, 77070",Houston,INVH-9422-chartermoss-cir-77070-2295,3,2.0,1560,1740.0,2026-09-09,23 months,False,,,,,,,,https://www.invitationhomes.com/houses-for-rent/9422-chartermoss-cir-77070-2295,2026-05-03,2026-09-09,TX,Houston,,,,,9422-chartermoss-cir-77070-2295
2026-09-09,INVH,Houston,"16811 Valley Palms Drive, Spring, TX, 77379",Houston,INVH-16811-valley-palms-drive-77379-110738,3,2.5,2470,2285.0,2026-09-11,23 months,False,,,,,,,,https://www.invitationhomes.com/houses-for-rent/16811-valley-palms-drive-77379-110738,2026-08-10,2026-09-09,TX,Spring,,,,,16811-valley-palms-drive-77379-110738
2026-09-09,INVH,Dallas,"19203 Talcott Way Dr, Tomball, TX, 77375",Dallas,INVH-19203-talcott-way-dr-77375-4113,3,2.0,1578,1749.0,2026-09-09,23 months,False,,,,,,,,https://www.invitationhomes.com/houses-for-rent/19203-talcott-way-dr-77375-4113,2026-07-19,2026-09-09,TX,Tomball,,,,,19203-talcott-way-dr-77375-4113
2026-09-09,INVH,Dallas,"11911 Sonora Springs Dr, Tomball, TX, 77375",Dallas,INVH-11911-sonora-springs-dr-77375-3236,4,2.5,2521,2325.0,2026-10-03,23 months,False,,,,,,,,https://www.invitationhomes.com/houses-for-rent/11911-sonora-springs-dr-77375-3236,2026-08-23,2026-09-09,TX,Tomball,,,,,11911-sonora-springs-dr-77375-3236
2026-09-09,INVH,Houston,"17914 Vintage Wood Ln, Spring, TX, 77379",Houston,INVH-17914-vintage-wood-ln-77379-3951,4,3.5,3337,2845.0,2026-10-20,23 months,False,,,,,,,,https://www.invitationhomes.com/houses-for-rent/17914-vintage-wood-ln-77379-3951,2026-09-06,2026-09-09,TX,Spring,,,,,17914-vintage-wood-ln-77379-3951
2026-09-09,INVH,Houston,"5910 Theall Rd, Houston, TX, 77066",Houston,INVH-5910-theall-rd-77066-5960,4,2.5,2831,2485.0,2026-09-09,23 months,False,,,,,,,,https://www.invitationhomes.com/houses-for-rent/5910-theall-rd-77066-5960,2026-08-23,2026-09-09,TX,Houston,,,,,5910-theall-rd-77066-5960
2026-09-09,INVH,Houston,"16923 Windrow Dr, Spring, TX, 77379",Houston,INVH-16923-windrow-ln-77379-4249,4,2.5,2601,2415.0,2026-10-20,23 months,False,,,,,,,,https://www.invitationhomes.com/houses-for-rent/16923-windrow-ln-77379-4249,2026-05-03,2026-09-09,TX,Spring,,,,,16923-windrow-ln-77379-4249
2026-09-09,INVH,Houston,"19439 Wildwood Dale Ln, Spring, TX, 77379",Houston,INVH-19439-wildwood-dale-ln-77379-3195,3,2.0,2209,1985.0,2026-09-09,23 months,False,,,,,,,,https://www.invitationhomes.com/houses-for-rent/19439-wildwood-dale-ln-77379-3195,2026-08-02,2026-09-09,TX,Spring,,,,,19439-wildwood-dale-ln-77379-3195
2026-09-09,INVH,Houston,"18015 Tall Cypress Dr, Spring, TX, 77388",Houston,INVH-18015-tall-cypress-dr-77388-1371,4,2.5,2547,2095.0,2026-09-14,23 months,False,,,,,,,,https://www.invitationhomes.com/houses-for-rent/18015-tall-cypress-dr-77388-1371,2026-07-19,2026-09-09,TX,Spring,,,,,18015-tall-cypress-dr-77388-1371
2026-09-09,INVH,Houston,"3827 Cypressdale Dr, Spring, TX, 77388",Houston,INVH-3827-cypressdale-dr-77388-3715,3,2.0,1876,1790.0,2026-09-09,23 months,False,,,,,,,,https://www.invitationhomes.com/houses-for-rent/3827-cypressdale-dr-77388-3715,2026-08-02,2026-09-09,TX,Spring,,,,,3827-cypressdale-dr-77388-3715
2026-09-09,INVH,Houston,"1203 Gibson Crossing Way, Houston, TX, 77067",Houston,INVH-1203-gibson-crossing-way-77067-7586,3,2.5,1777,1770.0,2026-09-09,23 months,False,,,,,,,,https://www.invitationhomes.com/houses-for-rent/1203-gibson-crossing-way-77067-7586,2026-07-19,2026-09-09,TX,Houston,,,,,1203-gibson-crossing-way-77067-7586
2026-09-09,INVH,Houston,"12022 Gregory Crossing Way, Houston, TX, 77067",Houston,INVH-12022-gregory-crossing-way-77067-5078,3,2.0,1192,1610.0,2026-10-08,23 months,False,,,,,,,,https://www.invitationhomes.com/houses-for-rent/12022-gregory-crossing-way-77067-5078,2026-09-03,2026-09-09,TX,Houston,,,,,12022-gregory-crossing-way-77067-5078
2026-09-09,INVH,Houston,"16418 Noble Meadow Ln, Houston, TX, 77073",Houston,INVH-16418-noble-meadow-ln-77073-1414,3,2.5,1645,1785.0,2026-09-09,23 months,False,,,,,,,,https://www.invitationhomes.com/houses-for-rent/16418-noble-meadow-ln-77073-1414,2026-07-19,2026-09-09,TX,Houston,,,,,16418-noble-meadow-ln-77073-1414
2026-09-09,INVH,Houston,"1466 Grand Prince Ln, Houston, TX, 77073",Houston,INVH-1466-grand-prince-ln-77073-2932,4,2.5,1944,1945.0,2026-10-14,23 months,False,,,,,,,,https://www.invitationhomes.com/houses-for-rent/1466-grand-prince-ln-77073-2932,2026-09-03,2026-09-09,TX,Houston,,,,,1466-grand-prince-ln-77073-2932
2026-09-09,INVH,Houston,"16114 Majestic Glen Ln, Houston, TX, 77073",Houston,INVH-16114-majestic-glen-ln-77073-4291,3,2.5,2149,1840.0,2026-09-09,23 months,False,,,,,,,,https://www.invitationhomes.com/houses-for-rent/16114-majestic-glen-ln-77073-4291,2026-08-02,2026-09-09,TX,Houston,,,,,16114-majestic-glen-ln-77073-4291
2026-09-09,INVH,Houston,"910 Doubletree Glen Dr, Houston, TX, 77073",Houston,INVH-910-doubletree-glen-dr-77073-5088,3,2.5,1813,1949.0,2026-10-18,23 months,False,,,,,,,,https://www.invitationhomes.com/houses-for-rent/910-doubletree-glen-dr-77073-5088,2026-09-03,2026-09-09,TX,Houston,,,,,910-doubletree-glen-dr-77073-5088
2026-09-09,INVH,Houston,"1010 Doubletree Glen Dr, Houston, TX, 77073",Houston,INVH-1010-doubletree-glen-dr-77073-5804,4,2.5,2323,1915.0,2026-09-09,23 months,False,,,,,,,,https://www.invitationhomes.com/houses-for-rent/1010-doubletree-glen-dr-77073-5804,2026-04-26,2026-09-09,TX,Houston,,,,,1010-doubletree-glen-dr-77073-5804
2026-09-09,INVH,Houston,"1003 Redcrest Springs Ct, Houston, TX, 77073",Houston,INVH-1003-redcrest-springs-ct-77073-7127,3,2.5,2268,1799.0,2026-09-25,23 months,False,,,,,,,,https://www.invitationhomes.com/houses-for-rent/1003-redcrest-springs-ct-77073-7127,2026-09-03,2026-09-09,TX,Houston,,,,,1003-redcrest-springs-ct-77073-7127
2026-09-09,INVH,Houston,"23414 Lestergate Dr, Spring, TX, 77373",Houston,INVH-23414-lestergate-dr-77373-1478,4,2.0,1478,1660.0,2026-09-09,23 months,False,,,,,,,,https://www.invitationhomes.com/houses-for-rent/23414-lestergate-dr-77373-1478,2026-07-19,2026-09-09,TX,Spring,,,,,23414-lestergate-dr-77373-1478
2026-09-09,INVH,Houston,"4514 Tylergate Dr, Spring, TX, 77373",Houston,INVH-4514-tylergate-dr-77373-110730,4,2.0,1462,1749.0,2026-09-30,23 months,False,,,,,,,,https://www.invitationhomes.com/houses-for-rent/4514-tylergate-dr-77373-110730,2026-09-09,2026-09-09,TX,Spring,,,,,4514-tylergate-dr-77373-110730
2026-09-09,INVH,Houston,"4226 Burkegate Dr, Spring, TX, 77373",Houston,INVH-4226-burkegate-dr-77373-3768,3,2.0,1643,1610.0,2026-09-09,23 months,False,,,,,,,,https://www.invitationhomes.com/houses-for-rent/4226-burkegate-dr-77373-3768,2026-07-19,2026-09-09,TX,Spring,,,,,4226-burkegate-dr-77373-3768
2026-09-09,INVH,Houston,"23302 Upper Falls Ct, Spring, TX, 77373",Houston,INVH-23302-upper-falls-ct-77373-5221,3,2.0,1664,1610.0,2026-09-09,23 months,False,,,,,,,,https://www.invitationhomes.com/houses-for-rent/23302-upper-falls-ct-77373-5221,2026-07-19,2026-09-09,TX,Spring,,,,,23302-upper-falls-ct-77373-5221
2026-09-09,INVH,Dallas,"22230 Singleleaf Lane, Tomball, TX, 77375",Dallas,INVH-22230-singleleaf-lane-77375-110666,5,2.5,2660,2195.0,2026-09-09,23 months,False,,,,,,,,https://www.invitationhomes.com/houses-for-rent/22230-singleleaf-lane-77375-110666,2026-07-19,2026-09-09,TX,Tomball,,,,,22230-singleleaf-lane-77375-110666
2026-09-09,INVH,Houston,"43 S Acacia Park Cir, Spring, TX, 77382",Houston,INVH-43-s-acacia-park-cir-77382-95635,4,2.5,2526,2745.0,2026-09-14,23 months,False,,,,,,,,https://www.invitationhomes.com/houses-for-rent/43-s-acacia-park-cir-77382-95635,2026-07-19,2026-09-09,TX,Spring,,,,,43-s-acacia-park-cir-77382-95635
2026-09-09,INVH,Houston,"25502 Hickory Valley Ln, Spring, TX, 77373",Houston,INVH-25502-hickory-valley-ln-77373-6526,4,2.0,2250,2330.0,2026-09-27,23 months,False,,,,,,,,https://www.invitationhomes.com/houses-for-rent/25502-hickory-valley-ln-77373-6526,2026-08-16,2026-09-09,TX,Spring,,,,,25502-hickory-valley-ln-77373-6526
2026-09-09,INVH,Houston,"23435 Dukes Run Drive, Spring, TX, 77373",Houston,INVH-23435-dukes-run-drive-77373-110693,4,2.5,2394,2195.0,2026-09-09,23 months,False,,,,,,,,https://www.invitationhomes.com/houses-for-rent/23435-dukes-run-drive-77373-110693,2026-08-10,2026-09-09,TX,Spring,,,,,23435-dukes-run-drive-77373-110693
2026-09-09,INVH,Houston,"1347 Havelock Dr, Spring, TX, 77386",Houston,INVH-1347-havelock-77386-4903,3,2.0,1591,1935.0,2026-09-11,23 months,False,,,,,,,,https://www.invitationhomes.com/houses-for-rent/1347-havelock-77386-4903,2026-08-10,2026-09-09,TX,Spring,,,,,1347-havelock-77386-4903
2026-09-09,INVH,Houston,"29622 Legends Bluff Dr, Spring, TX, 77386",Houston,INVH-29622-legends-bluff-dr-77386-94776,5,2.5,3018,2245.0,2026-09-09,23 months,False,,,,,,,,https://www.invitationhomes.com/houses-for-rent/29622-legends-bluff-dr-77386-94776,2026-06-14,2026-09-09,TX,Spring,,,,,29622-legends-bluff-dr-77386-94776
2026-09-09,INVH,Houston,"3515 Avalon Castle Dr, Spring, TX, 77386",Houston,INVH-3515-avalon-castle-dr-77386-6172,3,2.5,1966,2265.0,2026-10-04,23 months,False,,,,,,,,https://www.invitationhomes.com/houses-for-rent/3515-avalon-castle-dr-77386-6172,2026-08-23,2026-09-09,TX,Spring,,,,,3515-avalon-castle-dr-77386-6172
2026-09-09,INVH,Houston,"3638 Avalon Castle Dr, Spring, TX, 77386",Houston,INVH-3638-avalon-castle-dr-77386-3343,4,2.5,2222,2165.0,2026-09-09,23 months,False,,,,,,,,https://www.invitationhomes.com/houses-for-rent/3638-avalon-castle-dr-77386-3343,2026-08-23,2026-09-09,TX,Spring,,,,,3638-avalon-castle-dr-77386-3343
2026-09-09,INVH,Houston,"30631 Gardenia Trace Dr, Spring, TX, 77386",Houston,INVH-30631-gardenia-trace-dr-77386-6808,4,2.5,2246,2215.0,2026-09-09,23 months,False,,,,,,,,https://www.invitationhomes.com/houses-for-rent/30631-gardenia-trace-dr-77386-6808,2026-07-19,2026-09-09,TX,Spring,,,,,30631-gardenia-trace-dr-77386-6808
2026-09-09,INVH,Houston,"3330 Orchid Trace Dr, Spring, TX, 77386",Houston,INVH-3330-orchid-trace-dr-77386-9029,4,2.5,2493,2399.0,2026-09-09,23 months,False,,,,,,,,https://www.invitationhomes.com/houses-for-rent/3330-orchid-trace-dr-77386-9029,2026-08-02,2026-09-09,TX,Spring,,,,,3330-orchid-trace-dr-77386-9029
2026-09-09,INVH,Houston,"16334 Many Trees Ln, Conroe, TX, 77302",Houston,INVH-16334-many-trees-ln-77302-6151,3,2.0,1264,1675.0,2026-10-20,23 months,False,,,,,,,,https://www.invitationhomes.com/houses-for-rent/16334-many-trees-ln-77302-6151,2026-09-09,2026-09-09,TX,Conroe,,,,,16334-many-trees-ln-77302-6151
2026-09-09,INVH,Houston,"2527 Shearwater Bend Dr, Humble, TX, 77396",Houston,INVH-2527-shearwater-bend-dr-77396-5733,3,2.0,1582,1745.0,2026-10-13,23 months,False,,,,,,,,https://www.invitationhomes.com/houses-for-rent/2527-shearwater-bend-dr-77396-5733,2026-09-03,2026-09-09,TX,Humble,,,,,2527-shearwater-bend-dr-77396-5733
2026-09-09,INVH,Houston,"2615 Shearwater Bend Dr, Humble, TX, 77396",Houston,INVH-2615-shearwater-bend-dr-77396-9580,3,2.0,1582,1795.0,2026-10-08,23 months,False,,,,,,,,https://www.invitationhomes.com/houses-for-rent/2615-shearwater-bend-dr-77396-9580,2026-09-03,2026-09-09,TX,Humble,,,,,2615-shearwater-bend-dr-77396-9580
2026-09-09,INVH,Houston,"17247 Marquette Point Ln, Humble, TX, 77346",Houston,INVH-17247-marquette-point-ln-77346-94436,3,2.0,2216,2080.0,2026-09-09,23 months,False,,,,,,,,https://www.invitationhomes.com/houses-for-rent/17247-marquette-point-ln-77346-94436,2026-08-16,2026-09-09,TX,Humble,,,,,17247-marquette-point-ln-77346-94436
2026-09-09,INVH,Houston,"16002 Maple Shores Drive, Houston, TX, 77044",Houston,INVH-16002-maple-shores-drive-77044-110782,4,3.5,4024,3249.0,2026-09-09,23 months,False,,,,,,,,https://www.invitationhomes.com/houses-for-rent/16002-maple-shores-drive-77044-110782,2026-07-19,2026-09-09,TX,Houston,,,,,16002-maple-shores-drive-77044-110782
2026-09-09,INVH,Houston,"4247 Old Arbor Way, Humble, TX, 77346",Houston,INVH-4247-old-arbor-way-77346-95465,4,2.0,2344,2290.0,2026-09-09,24 months,False,,,,,,,,https://www.invitationhomes.com/houses-for-rent/4247-old-arbor-way-77346-95465,2026-08-02,2026-09-09,TX,Humble,,,,,4247-old-arbor-way-77346-95465
2026-09-09,INVH,Houston,"5303 Enchanted Mist Dr, Humble, TX, 77346",Houston,INVH-5303-enchanted-mist-dr-77346-6925,4,2.5,1947,1795.0,2026-09-09,23 months,False,,,,,,,,https://www.invitationhomes.com/houses-for-rent/5303-enchanted-mist-dr-77346-6925,2026-05-09,2026-09-09,TX,Humble,,,,,5303-enchanted-mist-dr-77346-6925
2026-09-09,INVH,Houston,"18835 Yaupon Trl, Humble, TX, 77346",Houston,INVH-18835-yaupon-trl-77346-94948,4,2.0,2520,2435.0,2026-09-18,23 months,False,,,,,,,,https://www.invitationhomes.com/houses-for-rent/18835-yaupon-trl-77346-94948,2026-07-19,2026-09-09,TX,Humble,,,,,18835-yaupon-trl-77346-94948
2026-09-09,INVH,Houston,"8618 Discus Dr, Humble, TX, 77346",Houston,INVH-8618-discus-dr-77346-95852,4,2.0,3736,3699.0,2026-09-09,23 months,False,,,,,,,,https://www.invitationhomes.com/houses-for-rent/8618-discus-dr-77346-95852,2026-06-14,2026-09-09,TX,Humble,,,,,8618-discus-dr-77346-95852
2026-09-09,INVH,Houston,"8922 Sailing Dr, Humble, TX, 77346",Houston,INVH-8922-sailing-dr-77346-2892,4,3.5,2817,2530.0,2026-09-09,23 months,False,,,,,,,,https://www.invitationhomes.com/houses-for-rent/8922-sailing-dr-77346-2892,2026-08-10,2026-09-09,TX,Humble,,,,,8922-sailing-dr-77346-2892
2026-09-09,INVH,Dallas,"3018 Falling Brook Dr, Kingwood, TX, 77345",Dallas,INVH-3018-falling-brook-dr-77345-95069,5,2.0,2542,2220.0,2026-09-09,23 months,False,,,,,,,,https://www.invitationhomes.com/houses-for-rent/3018-falling-brook-dr-77345-95069,2026-08-02,2026-09-09,TX,Kingwood,,,,,3018-falling-brook-dr-77345-95069
2026-09-09,INVH,Dallas,"4018 Pecan Knoll Dr, Kingwood, TX, 77339",Dallas,INVH-4018-pecan-knoll-dr-77339-6465,4,2.0,2026,1995.0,2026-09-09,23 months,False,,,,,,,,https://www.invitationhomes.com/houses-for-rent/4018-pecan-knoll-dr-77339-6465,2026-08-23,2026-09-09,TX,Kingwood,,,,,4018-pecan-knoll-dr-77339-6465
2026-09-09,INVH,Dallas,"18804 Orvieto Ct, New Caney, TX, 77357",Dallas,INVH-18804-orvieto-ct-77357-115394,3,2.0,1248,1699.0,2026-10-07,24 months,False,,,,,,,,https://www.invitationhomes.com/houses-for-rent/18804-orvieto-ct-77357-115394,2026-08-23,2026-09-09,TX,New Caney,,,,,18804-orvieto-ct-77357-115394
2026-09-09,INVH,Dallas,"18835 Orvieto Ct, New Caney, TX, 77357",Dallas,INVH-18835-orvieto-ct-77357-115404,4,2.5,2229,2149.0,2026-09-09,24 months,False,,,,,,,,https://www.invitationhomes.com/houses-for-rent/18835-orvieto-ct-77357-115404,2026-08-16,2026-09-09,TX,New Caney,,,,,18835-orvieto-ct-77357-115404
2026-09-09,INVH,Dallas,"18776 Faustina Wy, New Caney, TX, 77357",Dallas,INVH-18776-faustina-wy-77357-115414,3,2.0,1248,1699.0,2026-09-09,24 months,False,,,,,,,,https://www.invitationhomes.com/houses-for-rent/18776-faustina-wy-77357-115414,2026-07-19,2026-09-09,TX,New Caney,,,,,18776-faustina-wy-77357-115414
2026-09-09,INVH,Dallas,"22668 Malvicino Dr, New Caney, TX, 77357",Dallas,INVH-22668-malvicino-dr-77357-115068,3,2.0,1230,1775.0,2026-09-09,24 months,False,,,,,,,,https://www.invitationhomes.com/houses-for-rent/22668-malvicino-dr-77357-115068,2026-08-02,2026-09-09,TX,New Caney,,,,,22668-malvicino-dr-77357-115068
2026-09-09,INVH,Dallas,"22315 San Damiano St, New Caney, TX, 77357",Dallas,INVH-22315-san-damiano-st-77357-115390,4,2.5,1851,1935.0,2026-10-11,24 months,False,,,,,,,,https://www.invitationhomes.com/houses-for-rent/22315-san-damiano-st-77357-115390,2026-09-03,2026-09-09,TX,New Caney,,,,,22315-san-damiano-st-77357-115390
2026-09-09,INVH,Dallas,"18755 Faustina Wy, New Caney, TX, 77357",Dallas,INVH-18755-faustina-wy-77357-115428,3,2.0,1174,1549.0,2026-09-09,24 months,False,,,,,,,,https://www.invitationhomes.com/houses-for-rent/18755-faustina-wy-77357-115428,2026-05-09,2026-09-09,TX,New Caney,,,,,18755-faustina-wy-77357-115428
2026-09-09,INVH,Dallas,"22360 Sonora River Trce, New Caney, TX, 77357",Dallas,INVH-22360-sonora-riv-trce-77357-115500,4,2.5,1851,1935.0,2026-09-09,24 months,False,,,,,,,,https://www.invitationhomes.com/houses-for-rent/22360-sonora-riv-trce-77357-115500,2026-08-02,2026-09-09,TX,New Caney,,,,,22360-sonora-riv-trce-77357-115500
2026-09-09,INVH,Dallas,"22377 Sonora River Trce, New Caney, TX, 77357",Dallas,INVH-22377-sonora-river-trce-77357-115540,3,2.0,1461,1649.0,2026-09-09,24 months,False,,,,,,,,https://www.invitationhomes.com/houses-for-rent/22377-sonora-river-trce-77357-115540,2026-05-24,2026-09-09,TX,New Caney,,,,,22377-sonora-river-trce-77357-115540
2026-09-09,INVH,Dallas,"22276 Stoney Ravine Dr, New Caney, TX, 77357",Dallas,INVH-22276-stoney-ravine-dr-77357-115530,3,2.0,1461,1649.0,2026-09-09,24 months,False,,,,,,,,https://www.invitationhomes.com/houses-for-rent/22276-stoney-ravine-dr-77357-115530,2026-07-19,2026-09-09,TX,New Caney,,,,,22276-stoney-ravine-dr-77357-115530
2026-09-09,INVH,Dallas,"22286 Stoney Ravine Dr, New Caney, TX, 77357",Dallas,INVH-22286-stoney-ravine-dr-77357-115532,4,2.0,1683,1865.0,2026-09-10,24 months,False,,,,,,,,https://www.invitationhomes.com/houses-for-rent/22286-stoney-ravine-dr-77357-115532,2026-08-16,2026-09-09,TX,New Caney,,,,,22286-stoney-ravine-dr-77357-115532
2026-09-09,INVH,Dallas,"18827 Wembley Vista Trl, New Caney, TX, 77357",Dallas,INVH-18827-wembley-vis-trl-77357-115492,3,2.0,1174,1585.0,2026-09-09,24 months,False,,,,,,,,https://www.invitationhomes.com/houses-for-rent/18827-wembley-vis-trl-77357-115492,2026-08-10,2026-09-09,TX,New Caney,,,,,18827-wembley-vis-trl-77357-115492
2026-09-09,INVH,Dallas,"18807 Wembley Vista Trl, New Caney, TX, 77357",Dallas,INVH-18807-wembley-vis-trl-77357-115487,4,2.5,2229,2149.0,2026-09-09,24 months,False,,,,,,,,https://www.invitationhomes.com/houses-for-rent/18807-wembley-vis-trl-77357-115487,2026-07-19,2026-09-09,TX,New Caney,,,,,18807-wembley-vis-trl-77357-115487
2026-09-09,INVH,Houston,"11688 Descent Dr, Conroe, TX, 77303",Houston,INVH-11688-descent-drive-77303-120717,4,2.0,1427,1649.0,2026-09-09,24 months,False,,,,,,,,https://www.invitationhomes.com/houses-for-rent/11688-descent-drive-77303-120717,2026-07-19,2026-09-09,TX,Conroe,,,,,11688-descent-drive-77303-120717
2026-09-09,INVH,Houston,"11011 Inflow Dr, Conroe, TX, 77303",Houston,INVH-11011-inflow-drive-77303-120600,4,2.0,1427,1699.0,2026-09-09,24 months,False,,,,,,,,https://www.invitationhomes.com/houses-for-rent/11011-inflow-drive-77303-120600,2026-08-02,2026-09-09,TX,Conroe,,,,,11011-inflow-drive-77303-120600
2026-09-09,INVH,Houston,"11015 Inflow Dr, Conroe, TX, 77303",Houston,INVH-11015-inflow-drive-77303-120599,3,2.5,1788,1799.0,2026-09-09,24 months,False,,,,,,,,https://www.invitationhomes.com/houses-for-rent/11015-inflow-drive-77303-120599,2026-08-16,2026-09-09,TX,Conroe,,,,,11015-inflow-drive-77303-120599
2026-09-09,INVH,Houston,"16488 Blossom Grove Dr, Conroe, TX, 77303",Houston,INVH-16488-blossom-grove-dr-77301-121594,4,2.5,1891,1945.0,2026-09-09,23 months,False,,,,,,,,https://www.invitationhomes.com/houses-for-rent/16488-blossom-grove-dr-77301-121594,2026-06-09,2026-09-09,TX,Conroe,,,,,16488-blossom-grove-dr-77301-121594
2026-09-09,INVH,Houston,"16465 Blossom Grove Dr, Conroe, TX, 77303",Houston,INVH-16465-blossom-grove-dr-77301-121257,4,2.0,1707,1799.0,2026-09-09,23 months,False,,,,,,,,https://www.invitationhomes.com/houses-for-rent/16465-blossom-grove-dr-77301-121257,2026-08-16,2026-09-09,TX,Conroe,,,,,16465-blossom-grove-dr-77301-121257
2026-09-09,INVH,Southern California,"810 Trinidad Way, Oxnard, CA, 93033",Southern California,INVH-810-trinidad-way-oxnard-ca-93033,4,2.0,1513,4125.0,2026-09-09,12 months,False,,,,,,,,https://www.invitationhomes.com/houses-for-rent/810-trinidad-way-oxnard-ca-93033,2026-07-19,2026-09-09,CA,Oxnard,,,,,810-trinidad-way-oxnard-ca-93033
2026-09-09,INVH,Southern California,"488 Vista del Sol, Camarillo, CA, 93010",Southern California,INVH-488-vista-del-sol-camarillo-ca-93010,3,2.5,1511,3845.0,2026-09-09,12 months,False,,,,,,,,https://www.invitationhomes.com/houses-for-rent/488-vista-del-sol-camarillo-ca-93010,2026-08-10,2026-09-09,CA,Camarillo,,,,,488-vista-del-sol-camarillo-ca-93010
2026-09-09,INVH,Southern California,"2403 W 129th St, Gardena, CA, 90249",Southern California,INVH-2403-w-129th-st-90249-2964,3,2.0,2051,4680.0,2026-09-09,12 months,False,,,,,,,,https://www.invitationhomes.com/houses-for-rent/2403-w-129th-st-90249-2964,2026-08-02,2026-09-09,CA,Gardena,,,,,2403-w-129th-st-90249-2964
2026-09-09,INVH,Southern California,"1018 W G St, Wilmington, CA, 90744",Southern California,INVH-1018-w-g-st-wilmington-ca-90744,3,2.0,1080,3325.0,2026-09-09,12 months,False,,,,,,,,https://www.invitationhomes.com/houses-for-rent/1018-w-g-st-wilmington-ca-90744,2026-05-24,2026-09-09,CA,Wilmington,,,,,1018-w-g-st-wilmington-ca-90744
2026-09-09,INVH,Southern California,"3524 Baltic Ave, Long Beach, CA, 90810",Southern California,INVH-3524-baltic-ave-long-beach-ca-90810,3,2.0,1585,4175.0,2026-09-11,12 months,False,,,,,,,,https://www.invitationhomes.com/houses-for-rent/3524-baltic-ave-long-beach-ca-90810,2026-09-03,2026-09-09,CA,Long Beach,,,,,3524-baltic-ave-long-beach-ca-90810
2026-09-09,INVH,Southern California,"1406 E Elsmere Dr, Carson, CA, 90746",Southern California,INVH-1406-e-elsmere-dr-90746-9628,3,2.0,1756,4399.0,2026-09-09,12 months,False,,,,,,,,https://www.invitationhomes.com/houses-for-rent/1406-e-elsmere-dr-90746-9628,2026-08-23,2026-09-09,CA,Carson,,,,,1406-e-elsmere-dr-90746-9628
2026-09-09,INVH,Southern California,"1613 W 49th St, Los Angeles, CA, 90062",Southern California,INVH-1613-w-49th-st-los-angeles-ca-90062,5,2.0,2417,4730.0,2026-09-09,12 months,False,,,,,,,,https://www.invitationhomes.com/houses-for-rent/1613-w-49th-st-los-angeles-ca-90062,2026-08-23,2026-09-09,CA,Los Angeles,,,,,1613-w-49th-st-los-angeles-ca-90062
2026-09-09,INVH,Southern California,"1958 W 22nd St, Los Angeles, CA, 90018",Southern California,INVH-1958-w-22nd-st-los-angeles-ca-90018,3,2.0,1800,4085.0,2026-09-11,12 months,False,,,,,,,,https://www.invitationhomes.com/houses-for-rent/1958-w-22nd-st-los-angeles-ca-90018,2026-09-03,2026-09-09,CA,Los Angeles,,,,,1958-w-22nd-st-los-angeles-ca-90018
2026-09-09,INVH,Southern California,"9645 Karmont Ave, South Gate, CA, 90280",Southern California,INVH-9645-karmont-ave-south-gate-ca-90280,3,2.5,1334,3565.0,2026-09-09,24 months,False,,,,,,,,https://www.invitationhomes.com/houses-for-rent/9645-karmont-ave-south-gate-ca-90280,2026-09-03,2026-09-09,CA,South Gate,,,,,9645-karmont-ave-south-gate-ca-90280
2026-09-09,INVH,Southern California,"6828 Nevada Ave, Canoga Park, CA, 91303",Southern California,INVH-6828-nevada-ave-91303-4591,4,2.0,1518,3875.0,2026-09-09,12 months,False,,,,,,,,https://www.invitationhomes.com/houses-for-rent/6828-nevada-ave-91303-4591,2026-09-03,2026-09-09,CA,Canoga Park,,,,,6828-nevada-ave-91303-4591
2026-09-09,INVH,Southern California,"6839 Melvin Ave, Reseda, CA, 91335",Southern California,INVH-6839-melvin-ave-reseda-ca-91335,3,2.5,1504,3999.0,2026-10-02,24 months,False,,,,,,,,https://www.invitationhomes.com/houses-for-rent/6839-melvin-ave-reseda-ca-91335,2026-09-03,2026-09-09,CA,Reseda,,,,,6839-melvin-ave-reseda-ca-91335
2026-09-09,INVH,Southern California,"18931 Ingomar St, Reseda, CA, 91335",Southern California,INVH-18931-ingomar-st-91335-7531,4,3.0,2004,4630.0,2026-09-09,12 months,False,,,,,,,,https://www.invitationhomes.com/houses-for-rent/18931-ingomar-st-91335-7531,2026-09-03,2026-09-09,CA,Reseda,,,,,18931-ingomar-st-91335-7531
2026-09-09,INVH,Southern California,"17552 Cantara St, Northridge, CA, 91325",Southern California,INVH-17552-cantara-st-91325-6304,3,2.0,1498,4160.0,2026-09-09,12 months,False,,,,,,,,https://www.invitationhomes.com/houses-for-rent/17552-cantara-st-91325-6304,2026-09-03,2026-09-09,CA,Northridge,,,,,17552-cantara-st-91325-6304
2026-09-09,INVH,Southern California,"10147 Aldea Ave, Northridge, CA, 91325",Southern California,INVH-10147-aldea-ave-91325-2079,4,3.0,2198,4815.0,2026-09-09,12 months,False,,,,,,,,https://www.invitationhomes.com/houses-for-rent/10147-aldea-ave-91325-2079,2026-09-03,2026-09-09,CA,Northridge,,,,,10147-aldea-ave-91325-2079
2026-09-09,INVH,Southern California,"9700 Odessa Ave, North Hills, CA, 91343",Southern California,INVH-9700-odessa-ave-north-hills-ca-91343,3,2.0,1191,3795.0,2026-09-09,12 months,False,,,,,,,,https://www.invitationhomes.com/houses-for-rent/9700-odessa-ave-north-hills-ca-91343,2026-08-23,2026-09-09,CA,North Hills,,,,,9700-odessa-ave-north-hills-ca-91343
2026-09-09,INVH,Southern California,"2725 Greenleaf Ave, Simi Valley, CA, 93063",Southern California,INVH-2725-greenleaf-ave-93063-9878,3,2.0,1444,3670.0,2026-09-26,12 months,False,,,,,,,,https://www.invitationhomes.com/houses-for-rent/2725-greenleaf-ave-93063-9878,2026-09-03,2026-09-09,CA,Simi Valley,,,,,2725-greenleaf-ave-93063-9878
2026-09-09,INVH,Southern California,"25906 Adolfo Ct, Valencia, CA, 91355",Southern California,INVH-25906-adolfo-ct-91355-7892,3,2.0,1336,3675.0,2026-09-09,12 months,False,,,,,,,,https://www.invitationhomes.com/houses-for-rent/25906-adolfo-ct-91355-7892,2026-07-19,2026-09-09,CA,Valencia,,,,,25906-adolfo-ct-91355-7892
2026-09-09,INVH,Southern California,"23251 Redbud Ridge Cir, Valencia, CA, 91354",Southern California,INVH-23251-redbud-ridge-cir-valencia-ca-91354,5,3.0,2141,4445.0,2026-09-09,12 months,False,,,,,,,,https://www.invitationhomes.com/houses-for-rent/23251-redbud-ridge-cir-valencia-ca-91354,2026-09-03,2026-09-09,CA,Valencia,,,,,23251-redbud-ridge-cir-valencia-ca-91354
2026-09-09,INVH,Southern California,"20932 Shine Dr, Saugus, CA, 91350",Southern California,INVH-20932-shine-dr-saugus-ca-91350,3,2.0,1527,3875.0,2026-10-05,12 months,False,,,,,,,,https://www.invitationhomes.com/houses-for-rent/20932-shine-dr-saugus-ca-91350,2026-09-06,2026-09-09,CA,Saugus,,,,,20932-shine-dr-saugus-ca-91350
2026-09-09,INVH,Southern California,"28016 Linda Ln, Saugus, CA, 91350",Southern California,INVH-28016-linda-ln-saugus-ca-91350,5,3.0,3045,5199.0,2026-09-18,24 months,False,,,,,,,,https://www.invitationhomes.com/houses-for-rent/28016-linda-ln-saugus-ca-91350,2026-09-03,2026-09-09,CA,Saugus,,,,,28016-linda-ln-saugus-ca-91350
2026-09-09,INVH,Southern California,"7652 Goodland Ave, North Hollywood, CA, 91605",Southern California,INVH-7652-goodland-ave-91605-2796,3,3.0,1911,4565.0,2026-09-27,12 months,False,,,,,,,,https://www.invitationhomes.com/houses-for-rent/7652-goodland-ave-91605-2796,2026-09-03,2026-09-09,CA,North Hollywood,,,,,7652-goodland-ave-91605-2796
2026-09-09,INVH,Southern California,"7715 Bluebell Ave, North Hollywood, CA, 91605",Southern California,INVH-7715-bluebell-ave-91605-7996,3,2.0,1509,4090.0,2026-09-16,12 months,False,,,,,,,,https://www.invitationhomes.com/houses-for-rent/7715-bluebell-ave-91605-7996,2026-08-16,2026-09-09,CA,North Hollywood,,,,,7715-bluebell-ave-91605-7996
2026-09-09,INVH,Southern California,"13425 Ebell St, Van Nuys, CA, 91402",Southern California,INVH-13425-ebell-st-van-nuys-ca-91402,3,2.0,1922,4935.0,2026-09-09,12 months,False,,,,,,,,https://www.invitationhomes.com/houses-for-rent/13425-ebell-st-van-nuys-ca-91402,2026-08-16,2026-09-09,CA,Van Nuys,,,,,13425-ebell-st-van-nuys-ca-91402
2026-09-09,INVH,Southern California,"7800 Radford Ave, North Hollywood, CA, 91605",Southern California,INVH-7800-radford-ave-91605-1431,4,2.0,2260,4110.0,2026-09-09,12 months,False,,,,,,,,https://www.invitationhomes.com/houses-for-rent/7800-radford-ave-91605-1431,2026-09-03,2026-09-09,CA,North Hollywood,,,,,7800-radford-ave-91605-1431
2026-09-09,INVH,Southern California,"14249 Hoyt St, Arleta, CA, 91331",Southern California,INVH-14249-hoyt-st-91331-5832,3,2.0,1219,3645.0,2026-09-09,12 months,False,,,,,,,,https://www.invitationhomes.com/houses-for-rent/14249-hoyt-st-91331-5832,2026-07-19,2026-09-09,CA,Arleta,,,,,14249-hoyt-st-91331-5832
2026-09-09,INVH,Southern California,"10027 Marcus Ave, Tujunga, CA, 91042",Southern California,INVH-10027-marcus-ave-tujunga-ca-91042,3,2.0,1210,3335.0,2026-09-09,12 months,False,,,,,,,,https://www.invitationhomes.com/houses-for-rent/10027-marcus-ave-tujunga-ca-91042,2026-08-02,2026-09-09,CA,Tujunga,,,,,10027-marcus-ave-tujunga-ca-91042
2026-09-09,INVH,Southern California,"814 N Alexander St, San Fernando, CA, 91340",Southern California,INVH-814-n-alexander-st-91340-3869,4,3.0,1755,4360.0,2026-09-09,12 months,False,,,,,,,,https://www.invitationhomes.com/houses-for-rent/814-n-alexander-st-91340-3869,2026-08-23,2026-09-09,CA,San Fernando,,,,,814-n-alexander-st-91340-3869
2026-09-09,INVH,Southern California,"13515 Raven St, Sylmar, CA, 91342",Southern California,INVH-13515-raven-st-sylmar-ca-91342,4,2.0,1308,3665.0,2026-10-06,12 months,False,,,,,,,,https://www.invitationhomes.com/houses-for-rent/13515-raven-st-sylmar-ca-91342,2026-09-06,2026-09-09,CA,Sylmar,,,,,13515-raven-st-sylmar-ca-91342
2026-09-09,INVH,Southern California,"39201 Chalfont Ln, Palmdale, CA, 93551",Southern California,INVH-39201-chalfont-ln-93551-1396,4,3.0,1770,3249.0,2026-09-09,12 months,False,,,,,,,,https://www.invitationhomes.com/houses-for-rent/39201-chalfont-ln-93551-1396,2026-07-19,2026-09-09,CA,Palmdale,,,,,39201-chalfont-ln-93551-1396
2026-09-09,INVH,Southern California,"39826 Milan Dr, Palmdale, CA, 93551",Southern California,INVH-39826-milan-dr-93551-4728,3,2.0,1600,3080.0,2026-09-12,12 months,False,,,,,,,,https://www.invitationhomes.com/houses-for-rent/39826-milan-dr-93551-4728,2026-09-03,2026-09-09,CA,Palmdale,,,,,39826-milan-dr-93551-4728
2026-09-09,INVH,Southern California,"4208 Sungate Dr, Palmdale, CA, 93551",Southern California,INVH-4208-sungate-dr-palmdale-ca-93551,6,3.0,3134,4230.0,2026-09-14,12 months,False,,,,,,,,https://www.invitationhomes.com/houses-for-rent/4208-sungate-dr-palmdale-ca-93551,2026-08-16,2026-09-09,CA,Palmdale,,,,,4208-sungate-dr-palmdale-ca-93551
2026-09-09,INVH,Southern California,"40425 Tesoro Ln, Palmdale, CA, 93551",Southern California,INVH-40425-tesoro-ln-palmdale-ca-93551,4,3.0,2160,2999.0,2026-10-02,12 months,False,,,,,,,,https://www.invitationhomes.com/houses-for-rent/40425-tesoro-ln-palmdale-ca-93551,2026-09-03,2026-09-09,CA,Palmdale,,,,,40425-tesoro-ln-palmdale-ca-93551
2026-09-09,INVH,Southern California,"41234 Almond Ave, Palmdale, CA, 93551",Southern California,INVH-41234-almond-ave-93551-9687,5,3.0,2839,3675.0,2026-09-09,12 months,False,,,,,,,,https://www.invitationhomes.com/houses-for-rent/41234-almond-ave-93551-9687,2026-07-19,2026-09-09,CA,Palmdale,,,,,41234-almond-ave-93551-9687
2026-09-09,INVH,Southern California,"5319 Gardendale Ln, Palmdale, CA, 93551",Southern California,INVH-5319-gardendale-ln-palmdale-ca-93551,4,4.0,2906,3995.0,2026-09-09,12 months,False,,,,,,,,https://www.invitationhomes.com/houses-for-rent/5319-gardendale-ln-palmdale-ca-93551,2026-08-02,2026-09-09,CA,Palmdale,,,,,5319-gardendale-ln-palmdale-ca-93551
2026-09-09,INVH,Southern California,"42937 59th St W, Lancaster, CA, 93536",Southern California,INVH-42937-59th-st-w-93536-5657,4,3.0,2993,3440.0,2026-09-09,12 months,False,,,,,,,,https://www.invitationhomes.com/houses-for-rent/42937-59th-st-w-93536-5657,2026-07-19,2026-09-09,CA,Lancaster,,,,,42937-59th-st-w-93536-5657
2026-09-09,INVH,Southern California,"4813 W Avenue J4, Lancaster, CA, 93536",Southern California,INVH-4813-w-avenue-j4-93536-9361,5,4.5,3421,4010.0,2026-09-17,12 months,False,,,,,,,,https://www.invitationhomes.com/houses-for-rent/4813-w-avenue-j4-93536-9361,2026-08-23,2026-09-09,CA,Lancaster,,,,,4813-w-avenue-j4-93536-9361
2026-09-09,INVH,Southern California,"5104 Prewett Ranch Dr, Antioch, CA, 94531",Southern California,INVH-5104-prewett-ranch-dr-94531-5623,3,2.0,1321,3235.0,2026-09-20,12 months,False,,,,,,,,https://www.invitationhomes.com/houses-for-rent/5104-prewett-ranch-dr-94531-5623,2026-08-10,2026-09-09,CA,Antioch,,,,,5104-prewett-ranch-dr-94531-5623
2026-09-09,INVH,Southern California,"1553 Lenay Ct, Manteca, CA, 95337",Southern California,INVH-1553-lenay-ct-95337-2094,5,3.0,2312,3095.0,2026-09-22,12 months,False,,,,,,,,https://www.invitationhomes.com/houses-for-rent/1553-lenay-ct-95337-2094,2026-08-10,2026-09-09,CA,Manteca,,,,,1553-lenay-ct-95337-2094
2026-09-09,INVH,Southern California,"14510 Cedar Valley Dr, Lathrop, CA, 95330",Southern California,INVH-14510-cedar-valley-dr-lathrop-ca-95330,4,2.0,1477,2445.0,2026-10-15,12 months,False,,,,,,,,https://www.invitationhomes.com/houses-for-rent/14510-cedar-valley-dr-lathrop-ca-95330,2026-09-09,2026-09-09,CA,Lathrop,,,,,14510-cedar-valley-dr-lathrop-ca-95330
2026-09-09,INVH,Southern California,"1542 Claremont Dr, Manteca, CA, 95336",Southern California,INVH-1542-claremont-dr-manteca-ca-95336,3,2.0,1468,2649.0,2026-09-09,14 months,False,,,,,,,,https://www.invitationhomes.com/houses-for-rent/1542-claremont-dr-manteca-ca-95336,2026-07-19,2026-09-09,CA,Manteca,,,,,1542-claremont-dr-manteca-ca-95336
2026-09-09,INVH,Southern California,"363 Rose Garden Ct, Manteca, CA, 95336",Southern California,INVH-363-rose-garden-ct-95336-6455,4,3.0,2397,3230.0,2026-09-09,12 months,False,,,,,,,,https://www.invitationhomes.com/houses-for-rent/363-rose-garden-ct-95336-6455,2026-07-19,2026-09-09,CA,Manteca,,,,,363-rose-garden-ct-95336-6455
2026-09-09,INVH,Southern California,"2644 Togninali Ln, Stockton, CA, 95206",Southern California,INVH-2644-togninali-ln-95206-9446,3,2.0,1642,2585.0,2026-10-22,24 months,False,,,,,,,,https://www.invitationhomes.com/houses-for-rent/2644-togninali-ln-95206-9446,2026-09-09,2026-09-09,CA,Stockton,,,,,2644-togninali-ln-95206-9446
2026-09-09,INVH,Southern California,"1239 Canterbury, Hercules, CA, 94547",Southern California,INVH-1239-canterbury-94547-6584,3,2.0,1149,3485.0,2026-09-18,12 months,False,,,,,,,,https://www.invitationhomes.com/houses-for-rent/1239-canterbury-94547-6584,2026-09-06,2026-09-09,CA,Hercules,,,,,1239-canterbury-94547-6584
2026-09-09,INVH,Southern California,"1115 Vervais Ave, Vallejo, CA, 94591",Southern California,INVH-1115-vervais-ave-94591-2185,3,2.0,1557,3140.0,2026-09-11,12 months,False,,,,,,,,https://www.invitationhomes.com/houses-for-rent/1115-vervais-ave-94591-2185,2026-09-03,2026-09-09,CA,Vallejo,,,,,1115-vervais-ave-94591-2185
2026-09-09,INVH,Southern California,"141 Norden Ct, Vallejo, CA, 94589",Southern California,INVH-141-norden-ct-94589-5000,4,2.0,1556,3395.0,2026-10-15,12 months,False,,,,,,,,https://www.invitationhomes.com/houses-for-rent/141-norden-ct-94589-5000,2026-09-03,2026-09-09,CA,Vallejo,,,,,141-norden-ct-94589-5000
2026-09-09,INVH,Southern California,"165 Harvard Ave, Vallejo, CA, 94589",Southern California,INVH-165-harvard-ave-94589-4473,4,2.0,1813,2895.0,2026-09-09,12 months,False,,,,,,,,https://www.invitationhomes.com/houses-for-rent/165-harvard-ave-94589-4473,2026-06-09,2026-09-09,CA,Vallejo,,,,,165-harvard-ave-94589-4473
2026-09-09,INVH,Southern California,"218 Princeton Ave, Vallejo, CA, 94589",Southern California,INVH-218-princeton-ave-vallejo-ca-94589,3,2.0,1104,2799.0,2026-09-09,14 months,False,,,,,,,,https://www.invitationhomes.com/houses-for-rent/218-princeton-ave-vallejo-ca-94589,2026-07-19,2026-09-09,CA,Vallejo,,,,,218-princeton-ave-vallejo-ca-94589
2026-09-09,INVH,Southern California,"260 Cimarron Dr, Vallejo, CA, 94589",Southern California,INVH-260-cimarron-dr-94589-2014,3,2.5,1690,3395.0,2026-09-29,12 months,False,,,,,,,,https://www.invitationhomes.com/houses-for-rent/260-cimarron-dr-94589-2014,2026-09-03,2026-09-09,CA,Vallejo,,,,,260-cimarron-dr-94589-2014
2026-09-09,INVH,Southern California,"1633 Northwood Dr, Fairfield, CA, 94534",Southern California,INVH-1633-northwood-dr-fairfield-ca-94534,4,2.0,1638,3180.0,2026-10-15,12 months,False,,,,,,,,https://www.invitationhomes.com/houses-for-rent/1633-northwood-dr-fairfield-ca-94534,2026-09-03,2026-09-09,CA,Fairfield,,,,,1633-northwood-dr-fairfield-ca-94534
2026-09-09,INVH,Southern California,"568 Silverado Cir, Fairfield, CA, 94534",Southern California,INVH-568-silverado-cir-94534-5677,3,2.0,1288,2945.0,2026-10-21,12 months,False,,,,,,,,https://www.invitationhomes.com/houses-for-rent/568-silverado-cir-94534-5677,2026-09-06,2026-09-09,CA,Fairfield,,,,,568-silverado-cir-94534-5677
2026-09-09,INVH,Southern California,"910 Edgewood Cir, Suisun City, CA, 94585",Southern California,INVH-910-edgewood-cir-94585-1719,3,3.0,1618,3149.0,2026-09-09,12 months,False,,,,,,,,https://www.invitationhomes.com/houses-for-rent/910-edgewood-cir-94585-1719,2026-08-02,2026-09-09,CA,Suisun City,,,,,910-edgewood-cir-94585-1719
2026-09-09,INVH,Southern California,"1084 Armsby Way, Suisun City, CA, 94585",Southern California,INVH-1084-armsby-way-94585-9858,3,2.5,2206,3475.0,2026-09-30,12 months,False,,,,,,,,https://www.invitationhomes.com/houses-for-rent/1084-armsby-way-94585-9858,2026-08-16,2026-09-09,CA,Suisun City,,,,,1084-armsby-way-94585-9858
2026-09-09,INVH,Southern California,"560 E Wigeon Way, Suisun City, CA, 94585",Southern California,INVH-560-e-wigeon-way-suisun-city-ca-94585,4,3.0,2338,3295.0,2026-09-09,12 months,False,,,,,,,,https://www.invitationhomes.com/houses-for-rent/560-e-wigeon-way-suisun-city-ca-94585,2026-06-09,2026-09-09,CA,Suisun City,,,,,560-e-wigeon-way-suisun-city-ca-94585
2026-09-09,INVH,Southern California,"1104 Jeanne Ct, Suisun City, CA, 94585",Southern California,INVH-1104-jeanne-ct-suisun-city-ca-94585,4,2.0,1563,3015.0,2026-09-09,12 months,False,,,,,,,,https://www.invitationhomes.com/houses-for-rent/1104-jeanne-ct-suisun-city-ca-94585,2026-08-10,2026-09-09,CA,Suisun City,,,,,1104-jeanne-ct-suisun-city-ca-94585
2026-09-09,INVH,Southern California,"2954 Redwood Dr, Fairfield, CA, 94533",Southern California,INVH-2954-redwood-dr-94533-9052,4,2.5,1953,3445.0,2026-09-19,12 months,False,,,,,,,,https://www.invitationhomes.com/houses-for-rent/2954-redwood-dr-94533-9052,2026-08-10,2026-09-09,CA,Fairfield,,,,,2954-redwood-dr-94533-9052
2026-09-09,INVH,Southern California,"201 Mori St, Pittsburg, CA, 94565",Southern California,INVH-201-mori-st-94565-4008,4,2.0,1355,3225.0,2026-09-09,12 months,False,,,,,,,,https://www.invitationhomes.com/houses-for-rent/201-mori-st-94565-4008,2026-09-03,2026-09-09,CA,Pittsburg,,,,,201-mori-st-94565-4008
2026-09-09,INVH,Southern California,"284 Yosemite Dr, Pittsburg, CA, 94565",Southern California,INVH-284-yosemite-dr-94565-7760,3,2.0,1573,3499.0,2026-09-15,12 months,False,,,,,,,,https://www.invitationhomes.com/houses-for-rent/284-yosemite-dr-94565-7760,2026-08-16,2026-09-09,CA,Pittsburg,,,,,284-yosemite-dr-94565-7760
2026-09-09,INVH,Southern California,"2823 Seville Cir, Antioch, CA, 94509",Southern California,INVH-2823-seville-cir-94509-5065,4,2.0,1628,3545.0,2026-09-16,12 months,False,,,,,,,,https://www.invitationhomes.com/houses-for-rent/2823-seville-cir-94509-5065,2026-08-02,2026-09-09,CA,Antioch,,,,,2823-seville-cir-94509-5065
2026-09-09,INVH,Southern California,"2116 Viera Ave, Antioch, CA, 94509",Southern California,INVH-2116-viera-ave-94509-4104,3,2.0,1236,3010.0,2026-09-30,12 months,False,,,,,,,,https://www.invitationhomes.com/houses-for-rent/2116-viera-ave-94509-4104,2026-08-10,2026-09-09,CA,Antioch,,,,,2116-viera-ave-94509-4104
2026-09-09,INVH,Southern California,"4421 Fall Ln, Oakley, CA, 94561",Southern California,INVH-4421-fall-ln-oakley-ca-94561,4,2.5,1677,3495.0,2026-10-15,12 months,False,,,,,,,,https://www.invitationhomes.com/houses-for-rent/4421-fall-ln-oakley-ca-94561,2026-08-10,2026-09-09,CA,Oakley,,,,,4421-fall-ln-oakley-ca-94561
2026-09-09,INVH,Southern California,"502 Yuba Ct, Suisun City, CA, 94585",Southern California,INVH-502-yuba-ct-94585-9492,3,2.0,1776,3115.0,2026-09-09,12 months,False,,,,,,,,https://www.invitationhomes.com/houses-for-rent/502-yuba-ct-94585-9492,2026-07-19,2026-09-09,CA,Suisun City,,,,,502-yuba-ct-94585-9492
2026-09-09,INVH,Southern California,"3043 Roadrunner Dr, Fairfield, CA, 94533",Southern California,INVH-3043-roadrunner-dr-94533-5125,4,2.5,1846,3215.0,2026-09-09,12 months,False,,,,,,,,https://www.invitationhomes.com/houses-for-rent/3043-roadrunner-dr-94533-5125,2026-07-19,2026-09-09,CA,Fairfield,,,,,3043-roadrunner-dr-94533-5125
2026-09-09,INVH,Southern California,"690 Rubier Way, Rio Vista, CA, 94571",Southern California,INVH-690-rubier-way-94571-6136,3,2.0,1346,2610.0,2026-09-28,12 months,False,,,,,,,,https://www.invitationhomes.com/houses-for-rent/690-rubier-way-94571-6136,2026-08-16,2026-09-09,CA,Rio Vista,,,,,690-rubier-way-94571-6136
2026-09-09,INVH,Southern California,"278 Hemlock St, Vacaville, CA, 95688",Southern California,INVH-278-hemlock-st-vacaville-ca-95688,4,3.0,2098,3545.0,2026-10-15,12 months,False,,,,,,,,https://www.invitationhomes.com/houses-for-rent/278-hemlock-st-vacaville-ca-95688,2026-09-03,2026-09-09,CA,Vacaville,,,,,278-hemlock-st-vacaville-ca-95688
2026-09-09,INVH,Southern California,"131 Bel Air Dr, Vacaville, CA, 95687",Southern California,INVH-131-bel-air-dr-vacaville-ca-95687,5,2.5,2051,3380.0,2026-09-09,12 months,False,,,,,,,,https://www.invitationhomes.com/houses-for-rent/131-bel-air-dr-vacaville-ca-95687,2026-08-16,2026-09-09,CA,Vacaville,,,,,131-bel-air-dr-vacaville-ca-95687
2026-09-09,INVH,Southern California,"278 Woodcrest Dr, Vacaville, CA, 95688",Southern California,INVH-278-woodcrest-dr-95688-2573,4,3.0,2362,3895.0,2026-09-17,12 months,False,,,,,,,,https://www.invitationhomes.com/houses-for-rent/278-woodcrest-dr-95688-2573,2026-08-10,2026-09-09,CA,Vacaville,,,,,278-woodcrest-dr-95688-2573
2026-09-09,INVH,Southern California,"1972 Miller Ct, Woodland, CA, 95776",Southern California,INVH-1972-miller-ct-95776-6957,4,3.0,2047,3065.0,2026-10-05,12 months,False,,,,,,,,https://www.invitationhomes.com/houses-for-rent/1972-miller-ct-95776-6957,2026-08-10,2026-09-09,CA,Woodland,,,,,1972-miller-ct-95776-6957
2026-09-09,INVH,Southern California,"2209 Saint Anton Dr, Lodi, CA, 95242",Southern California,INVH-2209-saint-anton-dr-lodi-ca-95242,3,2.0,2516,3630.0,2026-09-30,12 months,False,,,,,,,,https://www.invitationhomes.com/houses-for-rent/2209-saint-anton-dr-lodi-ca-95242,2026-08-23,2026-09-09,CA,Lodi,,,,,2209-saint-anton-dr-lodi-ca-95242
2026-09-09,INVH,Southern California,"10179 Orr Rd, Galt, CA, 95632",Southern California,INVH-10179-orr-rd-galt-ca-95632,3,2.0,2676,3245.0,2026-09-11,12 months,False,,,,,,,,https://www.invitationhomes.com/houses-for-rent/10179-orr-rd-galt-ca-95632,2026-08-02,2026-09-09,CA,Galt,,,,,10179-orr-rd-galt-ca-95632
2026-09-09,INVH,Southern California,"6804 Castro Verde Way, Elk Grove, CA, 95757",Southern California,INVH-6804-castro-verde-way-elk-grove-ca-95757,4,3.0,2949,3690.0,2026-10-15,24 months,False,,,,,,,,https://www.invitationhomes.com/houses-for-rent/6804-castro-verde-way-elk-grove-ca-95757,2026-09-03,2026-09-09,CA,Elk Grove,,,,,6804-castro-verde-way-elk-grove-ca-95757
2026-09-09,INVH,Southern California,"9385 Oreo Ranch Cir, Elk Grove, CA, 95624",Southern California,INVH-9385-oreo-ranch-cir-95624-89987,3,2.0,2263,3195.0,2026-09-09,12 months,False,,,,,,,,https://www.invitationhomes.com/houses-for-rent/9385-oreo-ranch-cir-95624-89987,2026-07-19,2026-09-09,CA,Elk Grove,,,,,9385-oreo-ranch-cir-95624-89987
2026-09-09,INVH,Southern California,"6604 Springridge Way, Elk Grove, CA, 95758",Southern California,INVH-6604-springridge-way-elk-grove-ca-95758,3,2.5,1741,2935.0,2026-10-20,12 months,False,,,,,,,,https://www.invitationhomes.com/houses-for-rent/6604-springridge-way-elk-grove-ca-95758,2026-09-06,2026-09-09,CA,Elk Grove,,,,,6604-springridge-way-elk-grove-ca-95758
2026-09-09,INVH,Southern California,"8210 Caribou Peak Way, Elk Grove, CA, 95758",Southern California,INVH-8210-caribou-peak-way-95758-9851,3,2.0,1200,2475.0,2026-09-11,24 months,False,,,,,,,,https://www.invitationhomes.com/houses-for-rent/8210-caribou-peak-way-95758-9851,2026-08-16,2026-09-09,CA,Elk Grove,,,,,8210-caribou-peak-way-95758-9851
2026-09-09,INVH,Southern California,"8252 Grisham Way, Elk Grove, CA, 95758",Southern California,INVH-8252-grisham-way-95758-3432,5,3.0,2367,3445.0,2026-09-09,12 months,False,,,,,,,,https://www.invitationhomes.com/houses-for-rent/8252-grisham-way-95758-3432,2026-08-16,2026-09-09,CA,Elk Grove,,,,,8252-grisham-way-95758-3432
2026-09-09,INVH,Southern California,"7479 Damascas Dr, Elk Grove, CA, 95758",Southern California,INVH-7479-damascas-dr-elk-grove-ca-95758,3,2.0,1385,2640.0,2026-09-16,12 months,False,,,,,,,,https://www.invitationhomes.com/houses-for-rent/7479-damascas-dr-elk-grove-ca-95758,2026-08-10,2026-09-09,CA,Elk Grove,,,,,7479-damascas-dr-elk-grove-ca-95758
2026-09-09,INVH,Southern California,"9554 E Park Dr, Elk Grove, CA, 95624",Southern California,INVH-9554-e-park-dr-elk-grove-ca-95624,4,2.0,2298,3399.0,2026-09-22,12 months,False,,,,,,,,https://www.invitationhomes.com/houses-for-rent/9554-e-park-dr-elk-grove-ca-95624,2026-08-23,2026-09-09,CA,Elk Grove,,,,,9554-e-park-dr-elk-grove-ca-95624
2026-09-09,INVH,Southern California,"9255 Boulder Falls Ct, Elk Grove, CA, 95624",Southern California,INVH-9255-boulder-falls-ct-elk-grove-ca-95624,3,3.0,2131,3099.0,2026-09-16,12 months,False,,,,,,,,https://www.invitationhomes.com/houses-for-rent/9255-boulder-falls-ct-elk-grove-ca-95624,2026-08-02,2026-09-09,CA,Elk Grove,,,,,9255-boulder-falls-ct-elk-grove-ca-95624
2026-09-09,INVH,Southern California,"8186 Devon Park Ct, Sacramento, CA, 95828",Southern California,INVH-8186-devon-park-ct-95828-3961,3,2.5,1956,2849.0,2026-09-15,12 months,False,,,,,,,,https://www.invitationhomes.com/houses-for-rent/8186-devon-park-ct-95828-3961,2026-05-03,2026-09-09,CA,Sacramento,,,,,8186-devon-park-ct-95828-3961
2026-09-09,INVH,Southern California,"2250 Sandcastle Way, Sacramento, CA, 95833",Southern California,INVH-2250-sandcastle-way-sacramento-ca-95833,3,2.5,1328,2699.0,2026-09-18,24 months,False,,,,,,,,https://www.invitationhomes.com/houses-for-rent/2250-sandcastle-way-sacramento-ca-95833,2026-08-16,2026-09-09,CA,Sacramento,,,,,2250-sandcastle-way-sacramento-ca-95833
2026-09-09,INVH,Southern California,"2847 Norcross Dr, Sacramento, CA, 95833",Southern California,INVH-2847-norcross-dr-sacramento-ca-95833,4,2.0,1390,2730.0,2026-09-11,24 months,False,,,,,,,,https://www.invitationhomes.com/houses-for-rent/2847-norcross-dr-sacramento-ca-95833,2026-08-10,2026-09-09,CA,Sacramento,,,,,2847-norcross-dr-sacramento-ca-95833
2026-09-09,INVH,Southern California,"8229 Cedar Crest Way, Sacramento, CA, 95826",Southern California,INVH-8229-cedar-crest-way-sacramento-ca-95826,3,2.0,1293,2690.0,2026-10-06,12 months,False,,,,,,,,https://www.invitationhomes.com/houses-for-rent/8229-cedar-crest-way-sacramento-ca-95826,2026-09-03,2026-09-09,CA,Sacramento,,,,,8229-cedar-crest-way-sacramento-ca-95826
2026-09-09,INVH,Southern California,"9209 Sungold Way, Sacramento, CA, 95826",Southern California,INVH-9209-sungold-way-sacramento-ca-95826,4,2.5,1834,3249.0,2026-09-28,12 months,False,,,,,,,,https://www.invitationhomes.com/houses-for-rent/9209-sungold-way-sacramento-ca-95826,2026-08-16,2026-09-09,CA,Sacramento,,,,,9209-sungold-way-sacramento-ca-95826
2026-09-09,INVH,Southern California,"5 Fire Leaf Ct, Sacramento, CA, 95838",Southern California,INVH-5-fire-leaf-ct-95838-2940,3,3.0,2142,3215.0,2026-09-17,12 months,False,,,,,,,,https://www.invitationhomes.com/houses-for-rent/5-fire-leaf-ct-95838-2940,2026-08-10,2026-09-09,CA,Sacramento,,,,,5-fire-leaf-ct-95838-2940
2026-09-09,INVH,Southern California,"2245 Fallwater Ln, Carmichael, CA, 95608",Southern California,INVH-2245-fallwater-ln-carmichael-ca-95608,3,2.5,1577,2695.0,2026-09-09,12 months,False,,,,,,,,https://www.invitationhomes.com/houses-for-rent/2245-fallwater-ln-carmichael-ca-95608,2026-07-19,2026-09-09,CA,Carmichael,,,,,2245-fallwater-ln-carmichael-ca-95608
2026-09-09,INVH,Southern California,"3800 West Way, Sacramento, CA, 95821",Southern California,INVH-3800-west-way-95821-7603,3,1.0,1048,2375.0,2026-09-09,12 months,False,,,,,,,,https://www.invitationhomes.com/houses-for-rent/3800-west-way-95821-7603,2026-07-19,2026-09-09,CA,Sacramento,,,,,3800-west-way-95821-7603
2026-09-09,INVH,Southern California,"4270 Mustic Way, Mather, CA, 95655",Southern California,INVH-4270-mustic-way-mather-ca-95655,3,2.0,1569,2785.0,2026-10-22,12 months,False,,,,,,,,https://www.invitationhomes.com/houses-for-rent/4270-mustic-way-mather-ca-95655,2026-09-09,2026-09-09,CA,Mather,,,,,4270-mustic-way-mather-ca-95655
2026-09-09,INVH,Southern California,"8733 Baxter Way, Orangevale, CA, 95662",Southern California,INVH-8733-baxter-way-orangevale-ca-95662,3,1.0,1430,2765.0,2026-10-15,12 months,False,,,,,,,,https://www.invitationhomes.com/houses-for-rent/8733-baxter-way-orangevale-ca-95662,2026-09-09,2026-09-09,CA,Orangevale,,,,,8733-baxter-way-orangevale-ca-95662
2026-09-09,INVH,Southern California,"1355 Colfax Dr, Woodland, CA, 95776",Southern California,INVH-1355-colfax-dr-woodland-ca-95776,3,2.0,1407,2699.0,2026-09-09,14 months,False,,,,,,,,https://www.invitationhomes.com/houses-for-rent/1355-colfax-dr-woodland-ca-95776,2026-07-19,2026-09-09,CA,Woodland,,,,,1355-colfax-dr-woodland-ca-95776
2026-09-09,INVH,Southern California,"1971 Hawkins Ct, Woodland, CA, 95776",Southern California,INVH-1971-hawkins-ct-woodland-ca-95776,3,2.5,1909,2910.0,2026-09-29,12 months,False,,,,,,,,https://www.invitationhomes.com/houses-for-rent/1971-hawkins-ct-woodland-ca-95776,2026-08-23,2026-09-09,CA,Woodland,,,,,1971-hawkins-ct-woodland-ca-95776
2026-09-09,INVH,Southern California,"5736 Bridgecross Dr, Sacramento, CA, 95835",Southern California,INVH-5736-bridgecross-dr-sacramento-ca-95835,4,2.0,1725,2975.0,2026-09-15,24 months,False,,,,,,,,https://www.invitationhomes.com/houses-for-rent/5736-bridgecross-dr-sacramento-ca-95835,2026-08-16,2026-09-09,CA,Sacramento,,,,,5736-bridgecross-dr-sacramento-ca-95835
2026-09-09,INVH,Southern California,"3621 Van Owen St, North Highlands, CA, 95660",Southern California,INVH-3621-van-owen-st-95660-5243,3,2.0,1286,2465.0,2026-09-09,12 months,False,,,,,,,,https://www.invitationhomes.com/houses-for-rent/3621-van-owen-st-95660-5243,2026-07-19,2026-09-09,CA,North Highlands,,,,,3621-van-owen-st-95660-5243
2026-09-09,INVH,Southern California,"3036 Danehurst Ct, Antelope, CA, 95843",Southern California,INVH-3036-danehurst-ct-antelope-ca-95843,3,3.0,1445,2695.0,2026-10-16,12 months,False,,,,,,,,https://www.invitationhomes.com/houses-for-rent/3036-danehurst-ct-antelope-ca-95843,2026-09-03,2026-09-09,CA,Antelope,,,,,3036-danehurst-ct-antelope-ca-95843
2026-09-09,INVH,Southern California,"8101 Bonelli Ct, Antelope, CA, 95843",Southern California,INVH-8101-bonelli-ct-antelope-ca-95843,2,2.0,1044,2340.0,2026-10-16,12 months,False,,,,,,,,https://www.invitationhomes.com/houses-for-rent/8101-bonelli-ct-antelope-ca-95843,2026-09-03,2026-09-09,CA,Antelope,,,,,8101-bonelli-ct-antelope-ca-95843
2026-09-09,INVH,Southern California,"6005 N Haven Dr, North Highlands, CA, 95660",Southern California,INVH-6005-n-haven-dr-95660-5206,4,1.0,1047,2399.0,2026-09-15,14 months,False,,,,,,,,https://www.invitationhomes.com/houses-for-rent/6005-n-haven-dr-95660-5206,2026-05-03,2026-09-09,CA,North Highlands,,,,,6005-n-haven-dr-95660-5206
2026-09-09,INVH,Southern California,"4229 Gold Ridge Way, Antelope, CA, 95843",Southern California,INVH-4229-gold-ridge-way-95843-87827,4,3.5,1897,3210.0,2026-10-08,12 months,False,,,,,,,,https://www.invitationhomes.com/houses-for-rent/4229-gold-ridge-way-95843-87827,2026-07-19,2026-09-09,CA,Antelope,,,,,4229-gold-ridge-way-95843-87827
2026-09-09,INVH,Southern California,"6201 Louth Way, Citrus Heights, CA, 95621",Southern California,INVH-6201-louth-way-95621-1155,3,2.0,1336,2685.0,2026-10-06,12 months,False,,,,,,,,https://www.invitationhomes.com/houses-for-rent/6201-louth-way-95621-1155,2026-08-23,2026-09-09,CA,Citrus Heights,,,,,6201-louth-way-95621-1155
2026-09-09,INVH,Southern California,"3945 Grey Livery Way, Sacramento, CA, 95843",Southern California,INVH-3945-grey-livery-way-95843-9030,3,2.5,1669,2745.0,2026-09-09,12 months,False,,,,,,,,https://www.invitationhomes.com/houses-for-rent/3945-grey-livery-way-95843-9030,2026-07-19,2026-09-09,CA,Sacramento,,,,,3945-grey-livery-way-95843-9030
2026-09-09,INVH,Southern California,"8448 Bramble Bush Cir, Antelope, CA, 95843",Southern California,INVH-8448-bramble-bush-cir-antelope-ca-95843,3,2.5,1946,2695.0,2026-09-09,12 months,False,,,,,,,,https://www.invitationhomes.com/houses-for-rent/8448-bramble-bush-cir-antelope-ca-95843,2026-05-24,2026-09-09,CA,Antelope,,,,,8448-bramble-bush-cir-antelope-ca-95843
2026-09-09,INVH,Southern California,"8250 Lonely Hill Way, Antelope, CA, 95843",Southern California,INVH-8250-lonely-hill-way-95843-89626,3,2.0,1381,2745.0,2026-09-30,12 months,False,,,,,,,,https://www.invitationhomes.com/houses-for-rent/8250-lonely-hill-way-95843-89626,2026-09-03,2026-09-09,CA,Antelope,,,,,8250-lonely-hill-way-95843-89626
2026-09-09,INVH,Southern California,"8248 Brewster Mill Cir, Antelope, CA, 95843",Southern California,INVH-8248-brewster-mill-cir-95843-87819,3,2.0,1330,2840.0,2026-10-12,12 months,False,,,,,,,,https://www.invitationhomes.com/houses-for-rent/8248-brewster-mill-cir-95843-87819,2026-09-03,2026-09-09,CA,Antelope,,,,,8248-brewster-mill-cir-95843-87819
2026-09-09,INVH,Southern California,"6621 Ibex Woods Ct, Citrus Heights, CA, 95621",Southern California,INVH-6621-ibex-woods-ct-95621-9824,3,2.0,1162,2549.0,2026-09-09,14 months,False,,,,,,,,https://www.invitationhomes.com/houses-for-rent/6621-ibex-woods-ct-95621-9824,2026-07-19,2026-09-09,CA,Citrus Heights,,,,,6621-ibex-woods-ct-95621-9824
2026-09-09,INVH,Southern California,"1943 Ajay Dr, Roseville, CA, 95678",Southern California,INVH-1943-ajay-dr-roseville-ca-95678,3,2.0,1459,3260.0,2026-10-15,12 months,False,,,,,,,,https://www.invitationhomes.com/houses-for-rent/1943-ajay-dr-roseville-ca-95678,2026-09-03,2026-09-09,CA,Roseville,,,,,1943-ajay-dr-roseville-ca-95678
2026-09-09,INVH,Southern California,"1949 Lindsay Dr, Roseville, CA, 95678",Southern California,INVH-1949-lindsay-dr-95678-87590,4,2.0,1368,2875.0,2026-10-22,12 months,False,,,,,,,,https://www.invitationhomes.com/houses-for-rent/1949-lindsay-dr-95678-87590,2026-09-09,2026-09-09,CA,Roseville,,,,,1949-lindsay-dr-95678-87590
2026-09-09,INVH,Southern California,"278 Union St, Roseville, CA, 95678",Southern California,INVH-278-union-st-95678-88850,3,2.0,1309,2795.0,2026-10-02,12 months,False,,,,,,,,https://www.invitationhomes.com/houses-for-rent/278-union-st-95678-88850,2026-09-03,2026-09-09,CA,Roseville,,,,,278-union-st-95678-88850
2026-09-09,INVH,Southern California,"411 Union Ct, Roseville, CA, 95678",Southern California,INVH-411-union-ct-95678-87513,3,2.0,1248,2680.0,2026-09-11,12 months,False,,,,,,,,https://www.invitationhomes.com/houses-for-rent/411-union-ct-95678-87513,2026-08-02,2026-09-09,CA,Roseville,,,,,411-union-ct-95678-87513
2026-09-09,INVH,Southern California,"208 Early Light Ct, Roseville, CA, 95747",Southern California,INVH-208-early-light-ct-roseville-ca-95747,4,3.0,1516,2999.0,2026-09-09,12 months,False,,,,,,,,https://www.invitationhomes.com/houses-for-rent/208-early-light-ct-roseville-ca-95747,2026-07-19,2026-09-09,CA,Roseville,,,,,208-early-light-ct-roseville-ca-95747
2026-09-09,INVH,Southern California,"112 Glenwood Cir, Roseville, CA, 95678",Southern California,INVH-112-glenwood-cir-95678-3609,3,3.0,2822,3685.0,2026-09-09,12 months,False,,,,,,,,https://www.invitationhomes.com/houses-for-rent/112-glenwood-cir-95678-3609,2026-09-03,2026-09-09,CA,Roseville,,,,,112-glenwood-cir-95678-3609
2026-09-09,INVH,Southern California,"465 Elmwood Ct, Roseville, CA, 95678",Southern California,INVH-465-elmwood-ct-roseville-ca-95678,5,3.0,2573,3940.0,2026-10-15,12 months,False,,,,,,,,https://www.invitationhomes.com/houses-for-rent/465-elmwood-ct-roseville-ca-95678,2026-09-03,2026-09-09,CA,Roseville,,,,,465-elmwood-ct-roseville-ca-95678
2026-09-09,INVH,Southern California,"1687 Presidio Way, Plumas Lake, CA, 95961",Southern California,INVH-1687-presidio-way-plumas-lake-ca-95961,4,3.0,2042,2920.0,2026-10-21,12 months,False,,,,,,,,https://www.invitationhomes.com/houses-for-rent/1687-presidio-way-plumas-lake-ca-95961,2026-09-06,2026-09-09,CA,Plumas Lake,,,,,1687-presidio-way-plumas-lake-ca-95961
2026-09-09,INVH,Southern California,"1097 Ashford Ln, Lincoln, CA, 95648",Southern California,INVH-1097-ashford-ln-lincoln-ca-95648,4,3.0,2775,3595.0,2026-09-19,12 months,False,,,,,,,,https://www.invitationhomes.com/houses-for-rent/1097-ashford-ln-lincoln-ca-95648,2026-09-06,2026-09-09,CA,Lincoln,,,,,1097-ashford-ln-lincoln-ca-95648
2026-09-09,INVH,Southern California,"615 Whitfield Ln, Lincoln, CA, 95648",Southern California,INVH-615-whitfield-ln-95648-91304,4,3.0,2816,3725.0,2026-09-14,12 months,False,,,,,,,,https://www.invitationhomes.com/houses-for-rent/615-whitfield-ln-95648-91304,2026-08-02,2026-09-09,CA,Lincoln,,,,,615-whitfield-ln-95648-91304
2026-09-09,INVH,Southern California,"403 1st St, Lincoln, CA, 95648",Southern California,INVH-403-1st-st-95648-5345,3,2.0,1381,2645.0,2026-09-15,12 months,False,,,,,,,,https://www.invitationhomes.com/houses-for-rent/403-1st-st-95648-5345,2026-08-10,2026-09-09,CA,Lincoln,,,,,403-1st-st-95648-5345
2026-09-09,INVH,Southern California,"2679 Meadowland Way, Lincoln, CA, 95648",Southern California,INVH-2679-meadowland-way-sacramento-ca-95648,3,2.0,1530,2735.0,2026-10-15,12 months,False,,,,,,,,https://www.invitationhomes.com/houses-for-rent/2679-meadowland-way-sacramento-ca-95648,2026-09-09,2026-09-09,CA,Lincoln,,,,,2679-meadowland-way-sacramento-ca-95648
2026-09-09,INVH,Southern California,"5644 Bolton Way, Rocklin, CA, 95677",Southern California,INVH-5644-bolton-way-rocklin-ca-95677,3,2.0,1429,2795.0,2026-10-15,12 months,False,,,,,,,,https://www.invitationhomes.com/houses-for-rent/5644-bolton-way-rocklin-ca-95677,2026-09-03,2026-09-09,CA,Rocklin,,,,,5644-bolton-way-rocklin-ca-95677
2026-09-09,INVH,Southern California,"4039 Huston Way, Olivehurst, CA, 95961",Southern California,INVH-4039-huston-way-95961-4418,4,3.0,2527,2745.0,2026-09-15,12 months,False,,,,,,,,https://www.invitationhomes.com/houses-for-rent/4039-huston-way-95961-4418,2026-08-10,2026-09-09,CA,Olivehurst,,,,,4039-huston-way-95961-4418
2026-09-09,INVH,Southern California,"2041 Waterville Dr, Marysville, CA, 95901",Southern California,INVH-2041-waterville-dr-marysville-ca-95901,3,2.0,1970,2970.0,2026-10-15,12 months,False,,,,,,,,https://www.invitationhomes.com/houses-for-rent/2041-waterville-dr-marysville-ca-95901,2026-09-03,2026-09-09,CA,Marysville,,,,,2041-waterville-dr-marysville-ca-95901
2026-09-09,INVH,Southern California,"2232 Roberta Ave, Linda, CA, 95901",Southern California,INVH-2232-roberta-ave-linda-ca-95901,3,2.0,1428,2385.0,2026-10-13,12 months,False,,,,,,,,https://www.invitationhomes.com/houses-for-rent/2232-roberta-ave-linda-ca-95901,2026-09-03,2026-09-09,CA,Linda,,,,,2232-roberta-ave-linda-ca-95901
2026-09-09,INVH,Southern California,"1448 Barford Ave, Hacienda Heights, CA, 91745",Southern California,INVH-1448-barford-ave-91745-3609,3,2.0,1378,3645.0,2026-09-09,12 months,False,,,,,,,,https://www.invitationhomes.com/houses-for-rent/1448-barford-ave-91745-3609,2026-09-03,2026-09-09,CA,Hacienda Heights,,,,,1448-barford-ave-91745-3609
2026-09-09,INVH,Southern California,"2408 Independence Cir, Corona, CA, 92882",Southern California,INVH-2408-independence-cir-corona-ca-92882,4,3.0,2596,4420.0,2026-09-09,12 months,False,,,,,,,,https://www.invitationhomes.com/houses-for-rent/2408-independence-cir-corona-ca-92882,2026-08-16,2026-09-09,CA,Corona,,,,,2408-independence-cir-corona-ca-92882
2026-09-09,INVH,Southern California,"4672 Countrygate Ct, Riverside, CA, 92505",Southern California,INVH-4672-countrygate-ct-riverside-ca-92505,4,3.0,2561,3860.0,2026-09-09,12 months,False,,,,,,,,https://www.invitationhomes.com/houses-for-rent/4672-countrygate-ct-riverside-ca-92505,2026-05-10,2026-09-09,CA,Riverside,,,,,4672-countrygate-ct-riverside-ca-92505
2026-09-09,INVH,Southern California,"1446 N Euclid Ave, Ontario, CA, 91762",Southern California,INVH-1446-n-euclid-ave-91762-4456,3,2.0,1402,3349.0,2026-09-09,12 months,False,,,,,,,,https://www.invitationhomes.com/houses-for-rent/1446-n-euclid-ave-91762-4456,2026-08-10,2026-09-09,CA,Ontario,,,,,1446-n-euclid-ave-91762-4456
2026-09-09,INVH,Southern California,"6258 Thunder Bay Trl, Riverside, CA, 92509",Southern California,INVH-6258-thunder-bay-trl-92509-7912,3,2.0,1174,2920.0,2026-09-09,12 months,False,,,,,,,,https://www.invitationhomes.com/houses-for-rent/6258-thunder-bay-trl-92509-7912,2026-08-23,2026-09-09,CA,Riverside,,,,,6258-thunder-bay-trl-92509-7912
2026-09-09,INVH,Southern California,"14772 Long View Dr, Fontana, CA, 92337",Southern California,INVH-14772-long-view-dr-fontana-ca-92337,3,2.5,1411,3235.0,2026-09-09,12 months,False,,,,,,,,https://www.invitationhomes.com/houses-for-rent/14772-long-view-dr-fontana-ca-92337,2026-08-10,2026-09-09,CA,Fontana,,,,,14772-long-view-dr-fontana-ca-92337
2026-09-09,INVH,Southern California,"304 W 2nd St, San Dimas, CA, 91773",Southern California,INVH-304-w-2nd-st-san-dimas-ca-91773,2,1.0,864,2925.0,2026-09-09,12 months,False,,,,,,,,https://www.invitationhomes.com/houses-for-rent/304-w-2nd-st-san-dimas-ca-91773,2026-09-09,2026-09-09,CA,San Dimas,,,,,304-w-2nd-st-san-dimas-ca-91773
2026-09-09,INVH,Southern California,"7333 Greenhaven Ave, Rancho Cucamonga, CA, 91730",Southern California,INVH-7333-greenhaven-ave-rancho-cucamonga-ca-91730,3,2.5,1580,3640.0,2026-09-20,12 months,False,,,,,,,,https://www.invitationhomes.com/houses-for-rent/7333-greenhaven-ave-rancho-cucamonga-ca-91730,2026-08-23,2026-09-09,CA,Rancho Cucamonga,,,,,7333-greenhaven-ave-rancho-cucamonga-ca-91730
2026-09-09,INVH,Southern California,"5999 Cold Creek Ct, Fontana, CA, 92336",Southern California,INVH-5999-cold-creek-ct-fontana-ca-92336,3,2.5,2492,4045.0,2026-10-06,12 months,False,,,,,,,,https://www.invitationhomes.com/houses-for-rent/5999-cold-creek-ct-fontana-ca-92336,2026-09-06,2026-09-09,CA,Fontana,,,,,5999-cold-creek-ct-fontana-ca-92336
2026-09-09,INVH,Southern California,"15940 Miller Ave, Fontana, CA, 92336",Southern California,INVH-15940-miller-ave-92336-7641,4,3.0,1624,3545.0,2026-09-09,12 months,False,,,,,,,,https://www.invitationhomes.com/houses-for-rent/15940-miller-ave-92336-7641,2026-08-10,2026-09-09,CA,Fontana,,,,,15940-miller-ave-92336-7641
2026-09-09,INVH,Southern California,"19711 Westerly Dr, Riverside, CA, 92508",Southern California,INVH-19711-westerly-dr-92508-6889,3,2.0,1362,3065.0,2026-09-11,12 months,False,,,,,,,,https://www.invitationhomes.com/houses-for-rent/19711-westerly-dr-92508-6889,2026-08-16,2026-09-09,CA,Riverside,,,,,19711-westerly-dr-92508-6889
2026-09-09,INVH,Southern California,"25957 Avenida Espaldar, Moreno Valley, CA, 92551",Southern California,INVH-25957-avenida-espaldar-92551-2821,3,2.5,2255,3299.0,2026-09-09,24 months,False,,,,,,,,https://www.invitationhomes.com/houses-for-rent/25957-avenida-espaldar-92551-2821,2026-08-16,2026-09-09,CA,Moreno Valley,,,,,25957-avenida-espaldar-92551-2821
2026-09-09,INVH,Southern California,"11903 Albion Way, Moreno Valley, CA, 92557",Southern California,INVH-11903-albion-way-moreno-valley-ca-92557,3,3.0,1420,3080.0,2026-10-06,12 months,False,,,,,,,,https://www.invitationhomes.com/houses-for-rent/11903-albion-way-moreno-valley-ca-92557,2026-09-06,2026-09-09,CA,Moreno Valley,,,,,11903-albion-way-moreno-valley-ca-92557
2026-09-09,INVH,Southern California,"11381 Red Hill Rd, Moreno Valley, CA, 92557",Southern California,INVH-11381-red-hill-rd-92557-5616,3,3.0,1598,2985.0,2026-09-09,12 months,False,,,,,,,,https://www.invitationhomes.com/houses-for-rent/11381-red-hill-rd-92557-5616,2026-08-23,2026-09-09,CA,Moreno Valley,,,,,11381-red-hill-rd-92557-5616
2026-09-09,INVH,Southern California,"10369 Crossing Green Cir, Moreno Valley, CA, 92557",Southern California,INVH-10369-crossing-green-cir-92557-4281,4,3.0,1809,3260.0,2026-09-14,12 months,False,,,,,,,,https://www.invitationhomes.com/houses-for-rent/10369-crossing-green-cir-92557-4281,2026-09-09,2026-09-09,CA,Moreno Valley,,,,,10369-crossing-green-cir-92557-4281
2026-09-09,INVH,Southern California,"22664 Springmist Dr, Moreno Valley, CA, 92557",Southern California,INVH-22664-springmist-dr-92557-7020,4,3.0,2346,3230.0,2026-09-14,12 months,False,,,,,,,,https://www.invitationhomes.com/houses-for-rent/22664-springmist-dr-92557-7020,2026-09-09,2026-09-09,CA,Moreno Valley,,,,,22664-springmist-dr-92557-7020
2026-09-09,INVH,Southern California,"17839 Granada Ave, Fontana, CA, 92335",Southern California,INVH-17839-granada-ave-92335-2682,3,2.0,1458,3375.0,2026-09-30,12 months,False,,,,,,,,https://www.invitationhomes.com/houses-for-rent/17839-granada-ave-92335-2682,2026-09-03,2026-09-09,CA,Fontana,,,,,17839-granada-ave-92335-2682
2026-09-09,INVH,Southern California,"8765 Grace St, Fontana, CA, 92335",Southern California,INVH-8765-grace-st-92335-8456,3,2.0,1502,3410.0,2026-09-09,12 months,False,,,,,,,,https://www.invitationhomes.com/houses-for-rent/8765-grace-st-92335-8456,2026-08-02,2026-09-09,CA,Fontana,,,,,8765-grace-st-92335-8456
2026-09-09,INVH,Southern California,"12528 Vivienda Ave, Grand Terrace, CA, 92313",Southern California,INVH-12528-vivienda-ave-grand-terrace-ca-92313,3,2.0,1422,3099.0,2026-09-09,12 months,False,,,,,,,,https://www.invitationhomes.com/houses-for-rent/12528-vivienda-ave-grand-terrace-ca-92313,2026-09-03,2026-09-09,CA,Grand Terrace,,,,,12528-vivienda-ave-grand-terrace-ca-92313
2026-09-09,INVH,Southern California,"11961 Hubbard St, Moreno Valley, CA, 92557",Southern California,INVH-11961-hubbard-st-92557-2233,4,2.0,1279,2930.0,2026-09-19,12 months,False,,,,,,,,https://www.invitationhomes.com/houses-for-rent/11961-hubbard-st-92557-2233,2026-09-03,2026-09-09,CA,Moreno Valley,,,,,11961-hubbard-st-92557-2233
2026-09-09,INVH,Southern California,"10349 Beryl Ave, Mentone, CA, 92359",Southern California,INVH-10349-beryl-ave-92359-3080,4,3.0,1960,3585.0,2026-10-04,12 months,False,,,,,,,,https://www.invitationhomes.com/houses-for-rent/10349-beryl-ave-92359-3080,2026-09-06,2026-09-09,CA,Mentone,,,,,10349-beryl-ave-92359-3080
2026-09-09,INVH,Southern California,"351 Blue Ridge Ln, San Jacinto, CA, 92583",Southern California,INVH-351-blue-ridge-ln-92583-6935,3,2.0,1154,2410.0,2026-09-09,12 months,False,,,,,,,,https://www.invitationhomes.com/houses-for-rent/351-blue-ridge-ln-92583-6935,2026-09-06,2026-09-09,CA,San Jacinto,,,,,351-blue-ridge-ln-92583-6935
2026-09-09,INVH,Southern California,"835 Brownie Way, Beaumont, CA, 92223",Southern California,INVH-835-brownie-way-92223-2239,5,3.0,2450,3410.0,2026-09-30,12 months,False,,,,,,,,https://www.invitationhomes.com/houses-for-rent/835-brownie-way-92223-2239,2026-09-03,2026-09-09,CA,Beaumont,,,,,835-brownie-way-92223-2239
2026-09-09,INVH,Southern California,"1448 Roadrunner Ln, Beaumont, CA, 92223",Southern California,INVH-1448-roadrunner-ln-92223-3059,5,3.0,2545,3630.0,2026-09-09,12 months,False,,,,,,,,https://www.invitationhomes.com/houses-for-rent/1448-roadrunner-ln-92223-3059,2026-09-03,2026-09-09,CA,Beaumont,,,,,1448-roadrunner-ln-92223-3059
2026-09-09,INVH,Southern California,"1627 Hadar Way, Beaumont, CA, 92223",Southern California,INVH-1627-hadar-way-92223-4526,4,3.0,2141,3240.0,2026-09-09,12 months,False,,,,,,,,https://www.invitationhomes.com/houses-for-rent/1627-hadar-way-92223-4526,2026-07-19,2026-09-09,CA,Beaumont,,,,,1627-hadar-way-92223-4526
2026-09-09,INVH,Southern California,"1066 Queen Annes Ln, Beaumont, CA, 92223",Southern California,INVH-1066-queen-annes-ln-92223-8499,4,3.0,2378,3480.0,2026-09-09,12 months,False,,,,,,,,https://www.invitationhomes.com/houses-for-rent/1066-queen-annes-ln-92223-8499,2026-04-26,2026-09-09,CA,Beaumont,,,,,1066-queen-annes-ln-92223-8499
2026-09-09,INVH,Southern California,"957 N Primrose Ave, Rialto, CA, 92376",Southern California,INVH-957-n-primrose-ave-rialto-ca-92376,3,2.5,1828,3130.0,2026-09-15,12 months,False,,,,,,,,https://www.invitationhomes.com/houses-for-rent/957-n-primrose-ave-rialto-ca-92376,2026-09-03,2026-09-09,CA,Rialto,,,,,957-n-primrose-ave-rialto-ca-92376
2026-09-09,INVH,Southern California,"7153 Bradford Ave, Highland, CA, 92346",Southern California,INVH-7153-bradford-ave-highland-ca-92346,4,2.0,1228,2685.0,2026-10-02,12 months,False,,,,,,,,https://www.invitationhomes.com/houses-for-rent/7153-bradford-ave-highland-ca-92346,2026-09-03,2026-09-09,CA,Highland,,,,,7153-bradford-ave-highland-ca-92346
2026-09-09,INVH,Southern California,"3434 Darren Pl, Highland, CA, 92346",Southern California,INVH-3434-darren-pl-92346-2323,4,2.0,1970,3165.0,2026-10-07,12 months,False,,,,,,,,https://www.invitationhomes.com/houses-for-rent/3434-darren-pl-92346-2323,2026-09-09,2026-09-09,CA,Highland,,,,,3434-darren-pl-92346-2323
2026-09-09,INVH,Southern California,"7833 Calle del Rio St, Highland, CA, 92346",Southern California,INVH-7833-calle-del-rio-st-92346-5761,4,3.0,2404,3620.0,2026-09-09,12 months,False,,,,,,,,https://www.invitationhomes.com/houses-for-rent/7833-calle-del-rio-st-92346-5761,2026-08-02,2026-09-09,CA,Highland,,,,,7833-calle-del-rio-st-92346-5761
2026-09-09,INVH,Southern California,"38317 Antibes Dr, Palmdale, CA, 93552",Southern California,INVH-38317-antibes-dr-palmdale-ca-93552,4,3.0,2504,3315.0,2026-09-09,12 months,False,,,,,,,,https://www.invitationhomes.com/houses-for-rent/38317-antibes-dr-palmdale-ca-93552,2026-08-02,2026-09-09,CA,Palmdale,,,,,38317-antibes-dr-palmdale-ca-93552
2026-09-09,INVH,Las Vegas,"3452 Yellow Cove Ln, Las Vegas, NV, 89135",Las Vegas,INVH-3452-yellow-cove-ln-89135-8368,3,3.0,2540,3299.0,2026-10-04,19 months,False,,,,,,,,https://www.invitationhomes.com/houses-for-rent/3452-yellow-cove-ln-89135-8368,2026-08-23,2026-09-09,NV,Las Vegas,,,,,3452-yellow-cove-ln-89135-8368
2026-09-09,INVH,Las Vegas,"3316 Chesterbrook Ct, Las Vegas, NV, 89135",Las Vegas,INVH-3316-chesterbrook-ct-las-vegas-nv-89135,3,2.5,2513,2695.0,2026-09-09,19 months,False,,,,,,,,https://www.invitationhomes.com/houses-for-rent/3316-chesterbrook-ct-las-vegas-nv-89135,2026-04-13,2026-09-09,NV,Las Vegas,,,,,3316-chesterbrook-ct-las-vegas-nv-89135
2026-09-09,INVH,Las Vegas,"1962 Granemore St, Las Vegas, NV, 89135",Las Vegas,INVH-1962-granemore-st-89135-108809,2,3.5,1780,2390.0,2026-09-09,19 months,False,,,,,,,,https://www.invitationhomes.com/houses-for-rent/1962-granemore-st-89135-108809,2026-08-02,2026-09-09,NV,Las Vegas,,,,,1962-granemore-st-89135-108809
2026-09-09,INVH,Las Vegas,"10909 Summer Quail Ave, Las Vegas, NV, 89144",Las Vegas,INVH-10909-summer-quail-ave-89144-9604,4,3.0,3151,3170.0,2026-09-09,19 months,False,,,,,,,,https://www.invitationhomes.com/houses-for-rent/10909-summer-quail-ave-89144-9604,2026-07-19,2026-09-09,NV,Las Vegas,,,,,10909-summer-quail-ave-89144-9604
2026-09-09,INVH,Las Vegas,"10100 Crest Brook Pl, Las Vegas, NV, 89134",Las Vegas,INVH-10100-crest-brook-pl-89134-9222,5,3.0,2555,3145.0,2026-09-09,19 months,False,,,,,,,,https://www.invitationhomes.com/houses-for-rent/10100-crest-brook-pl-89134-9222,2026-09-03,2026-09-09,NV,Las Vegas,,,,,10100-crest-brook-pl-89134-9222
2026-09-09,INVH,Las Vegas,"3616 Starlight Evening St, Las Vegas, NV, 89129",Las Vegas,INVH-3616-starlight-evening-st-89129-90464,4,2.5,1902,2370.0,2026-09-29,19 months,False,,,,,,,,https://www.invitationhomes.com/houses-for-rent/3616-starlight-evening-st-89129-90464,2026-08-23,2026-09-09,NV,Las Vegas,,,,,3616-starlight-evening-st-89129-90464
2026-09-09,INVH,Las Vegas,"10541 Danielson Ave, Las Vegas, NV, 89129",Las Vegas,INVH-10541-danielson-ave-89129-6264,4,3.0,2283,2495.0,2026-10-15,19 months,False,,,,,,,,https://www.invitationhomes.com/houses-for-rent/10541-danielson-ave-89129-6264,2026-08-23,2026-09-09,NV,Las Vegas,,,,,10541-danielson-ave-89129-6264
2026-09-09,INVH,Las Vegas,"10437 Wild Bill Ct, Las Vegas, NV, 89129",Las Vegas,INVH-10437-wild-bill-ct-89129-3940,3,3.0,1380,1925.0,2026-09-09,19 months,False,,,,,,,,https://www.invitationhomes.com/houses-for-rent/10437-wild-bill-ct-89129-3940,2026-05-24,2026-09-09,NV,Las Vegas,,,,,10437-wild-bill-ct-89129-3940
2026-09-09,INVH,Las Vegas,"6557 Grand Concourse St, Las Vegas, NV, 89166",Las Vegas,INVH-6557-grand-concourse-st-89166-5889,3,3.0,2087,2640.0,2026-10-08,19 months,False,,,,,,,,https://www.invitationhomes.com/houses-for-rent/6557-grand-concourse-st-89166-5889,2026-09-06,2026-09-09,NV,Las Vegas,,,,,6557-grand-concourse-st-89166-5889
2026-09-09,INVH,Las Vegas,"7361 Arlington Garden St, Las Vegas, NV, 89166",Las Vegas,INVH-7361-arlington-garden-st-89166-90322,4,2.0,1797,2299.0,2026-09-09,23 months,False,,,,,,,,https://www.invitationhomes.com/houses-for-rent/7361-arlington-garden-st-89166-90322,2026-04-04,2026-09-09,NV,Las Vegas,,,,,7361-arlington-garden-st-89166-90322
2026-09-09,INVH,Las Vegas,"10527 Laurelwood Lake Ave, Las Vegas, NV, 89166",Las Vegas,INVH-10527-laurelwood-lake-ave-las-vegas-nv-89166,4,2.5,1797,2349.0,2026-09-11,23 months,False,,,,,,,,https://www.invitationhomes.com/houses-for-rent/10527-laurelwood-lake-ave-las-vegas-nv-89166,2026-08-02,2026-09-09,NV,Las Vegas,,,,,10527-laurelwood-lake-ave-las-vegas-nv-89166
2026-09-09,INVH,Las Vegas,"7136 Indian Gap Avenue, Las Vegas, NV, 89179",Las Vegas,INVH-7136-indian-gap-avenue-89179-108723,3,2.5,1891,2195.0,2026-10-15,19 months,False,,,,,,,,https://www.invitationhomes.com/houses-for-rent/7136-indian-gap-avenue-89179-108723,2026-09-03,2026-09-09,NV,Las Vegas,,,,,7136-indian-gap-avenue-89179-108723
2026-09-09,INVH,Las Vegas,"9151 Clear Sky Ave, Las Vegas, NV, 89178",Las Vegas,INVH-9151-clear-sky-ave-las-vegas-nv-89178,3,2.75,1995,2385.0,2026-09-09,19 months,False,,,,,,,,https://www.invitationhomes.com/houses-for-rent/9151-clear-sky-ave-las-vegas-nv-89178,2026-08-02,2026-09-09,NV,Las Vegas,,,,,9151-clear-sky-ave-las-vegas-nv-89178
2026-09-09,INVH,Las Vegas,"9443 Fort Connah Ct, Las Vegas, NV, 89178",Las Vegas,INVH-9443-fort-connah-ct-las-vegas-nv-89178,3,2.5,1721,2075.0,2026-09-17,19 months,False,,,,,,,,https://www.invitationhomes.com/houses-for-rent/9443-fort-connah-ct-las-vegas-nv-89178,2026-09-03,2026-09-09,NV,Las Vegas,,,,,9443-fort-connah-ct-las-vegas-nv-89178
2026-09-09,INVH,Las Vegas,"9551 Bachelors Fortune St, Las Vegas, NV, 89178",Las Vegas,INVH-9551-bachelors-fortune-st-89178-2005,4,3.0,1935,2235.0,2026-10-15,19 months,False,,,,,,,,https://www.invitationhomes.com/houses-for-rent/9551-bachelors-fortune-st-89178-2005,2026-09-03,2026-09-09,NV,Las Vegas,,,,,9551-bachelors-fortune-st-89178-2005
2026-09-09,INVH,Las Vegas,"9639 Vega Carpio Ave, Las Vegas, NV, 89178",Las Vegas,INVH-9639-vega-carpio-ave-89178-90975,3,2.5,2236,2245.0,2026-10-15,19 months,False,,,,,,,,https://www.invitationhomes.com/houses-for-rent/9639-vega-carpio-ave-89178-90975,2026-09-03,2026-09-09,NV,Las Vegas,,,,,9639-vega-carpio-ave-89178-90975
2026-09-09,INVH,Las Vegas,"8316 Lower Trailhead Ave, Las Vegas, NV, 89113",Las Vegas,INVH-8316-lower-trailhead-ave-89113-3448,2,2.5,1373,1949.0,2026-09-09,23 months,False,,,,,,,,https://www.invitationhomes.com/houses-for-rent/8316-lower-trailhead-ave-89113-3448,2026-08-02,2026-09-09,NV,Las Vegas,,,,,8316-lower-trailhead-ave-89113-3448
2026-09-09,INVH,Las Vegas,"10638 Congaree St, Las Vegas, NV, 89141",Las Vegas,INVH-10638-congaree-st-89141-108758,4,2.5,1875,2345.0,2026-10-20,19 months,False,,,,,,,,https://www.invitationhomes.com/houses-for-rent/10638-congaree-st-89141-108758,2026-09-06,2026-09-09,NV,Las Vegas,,,,,10638-congaree-st-89141-108758
2026-09-09,INVH,Las Vegas,"10922 Coppola St, Las Vegas, NV, 89141",Las Vegas,INVH-10922-coppola-st-las-vegas-nv-89141,3,2.0,1405,2065.0,2026-10-01,19 months,False,,,,,,,,https://www.invitationhomes.com/houses-for-rent/10922-coppola-st-las-vegas-nv-89141,2026-08-23,2026-09-09,NV,Las Vegas,,,,,10922-coppola-st-las-vegas-nv-89141
2026-09-09,INVH,Las Vegas,"11254 Piazzale St, Las Vegas, NV, 89141",Las Vegas,INVH-11254-piazzale-st-las-vegas-nv-89141,3,2.0,1790,2195.0,2026-09-23,19 months,False,,,,,,,,https://www.invitationhomes.com/houses-for-rent/11254-piazzale-st-las-vegas-nv-89141,2026-08-16,2026-09-09,NV,Las Vegas,,,,,11254-piazzale-st-las-vegas-nv-89141
2026-09-09,INVH,Las Vegas,"133 Gilliflower Ave, Las Vegas, NV, 89183",Las Vegas,INVH-133-gilliflower-ave-89183-94620,3,2.5,1485,1899.0,2026-09-09,23 months,False,,,,,,,,https://www.invitationhomes.com/houses-for-rent/133-gilliflower-ave-89183-94620,2026-08-02,2026-09-09,NV,Las Vegas,,,,,133-gilliflower-ave-89183-94620
2026-09-09,INVH,Las Vegas,"280 Bella Calabria Ave, Las Vegas, NV, 89183",Las Vegas,INVH-280-bella-calabria-ave-89183-1112,3,2.5,2014,2240.0,2026-09-11,19 months,False,,,,,,,,https://www.invitationhomes.com/houses-for-rent/280-bella-calabria-ave-89183-1112,2026-08-02,2026-09-09,NV,Las Vegas,,,,,280-bella-calabria-ave-89183-1112
2026-09-09,INVH,Las Vegas,"11675 Tierney Creek Dr, Las Vegas, NV, 89183",Las Vegas,INVH-11675-tierney-creek-dr-89183-8644,4,3.0,2283,2240.0,2026-09-09,19 months,False,,,,,,,,https://www.invitationhomes.com/houses-for-rent/11675-tierney-creek-dr-89183-8644,2026-07-19,2026-09-09,NV,Las Vegas,,,,,11675-tierney-creek-dr-89183-8644
2026-09-09,INVH,Las Vegas,"3479 Bella Sovana Ct, Las Vegas, NV, 89141",Las Vegas,INVH-3479-bella-sovana-ct-89141-1568,4,3.0,2859,2499.0,2026-09-09,19 months,False,,,,,,,,https://www.invitationhomes.com/houses-for-rent/3479-bella-sovana-ct-89141-1568,2026-08-16,2026-09-09,NV,Las Vegas,,,,,3479-bella-sovana-ct-89141-1568
2026-09-09,INVH,Las Vegas,"10775 Villa Carlotta Ct, Las Vegas, NV, 89141",Las Vegas,INVH-10775-villa-carlotta-ct-89141-2304,5,3.5,3021,2895.0,2026-09-15,12 months,False,,,,,,,,https://www.invitationhomes.com/houses-for-rent/10775-villa-carlotta-ct-89141-2304,2026-08-16,2026-09-09,NV,Las Vegas,,,,,10775-villa-carlotta-ct-89141-2304
2026-09-09,INVH,Las Vegas,"10763 Villa Carlotta Ct, Las Vegas, NV, 89141",Las Vegas,INVH-10763-villa-carlotta-ct-89141-7833,3,2.5,2763,2785.0,2026-10-19,12 months,False,,,,,,,,https://www.invitationhomes.com/houses-for-rent/10763-villa-carlotta-ct-89141-7833,2026-09-06,2026-09-09,NV,Las Vegas,,,,,10763-villa-carlotta-ct-89141-7833
2026-09-09,INVH,Las Vegas,"5487 Caprock Canyon Avenue, Las Vegas, NV, 89139",Las Vegas,INVH-5487-caprock-canyon-avenue-89139-108538,3,3.0,1976,2230.0,2026-09-09,19 months,False,,,,,,,,https://www.invitationhomes.com/houses-for-rent/5487-caprock-canyon-avenue-89139-108538,2026-07-19,2026-09-09,NV,Las Vegas,,,,,5487-caprock-canyon-avenue-89139-108538
2026-09-09,INVH,Las Vegas,"9164 Briarthorne St, Las Vegas, NV, 89123",Las Vegas,INVH-9164-briarthorne-st-89123-93465,3,2.0,1572,2095.0,2026-09-11,19 months,False,,,,,,,,https://www.invitationhomes.com/houses-for-rent/9164-briarthorne-st-89123-93465,2026-09-03,2026-09-09,NV,Las Vegas,,,,,9164-briarthorne-st-89123-93465
2026-09-09,INVH,Las Vegas,"948 Country Skies Ave, Las Vegas, NV, 89123",Las Vegas,INVH-948-country-skies-ave-las-vegas-nv-89123,3,2.0,1416,2045.0,2026-09-09,19 months,False,,,,,,,,https://www.invitationhomes.com/houses-for-rent/948-country-skies-ave-las-vegas-nv-89123,2026-07-19,2026-09-09,NV,Las Vegas,,,,,948-country-skies-ave-las-vegas-nv-89123
2026-09-09,INVH,Las Vegas,"616 Thornewood Pl, Las Vegas, NV, 89123",Las Vegas,INVH-616-thornewood-pl-89123-90629,3,2.0,1250,1995.0,2026-10-08,19 months,False,,,,,,,,https://www.invitationhomes.com/houses-for-rent/616-thornewood-pl-89123-90629,2026-09-03,2026-09-09,NV,Las Vegas,,,,,616-thornewood-pl-89123-90629
2026-09-09,INVH,Las Vegas,"2867 Donegal St, Henderson, NV, 89044",Las Vegas,INVH-2867-donegal-st-henderson-nv-89044,3,2.5,2661,3099.0,2026-10-14,19 months,False,,,,,,,,https://www.invitationhomes.com/houses-for-rent/2867-donegal-st-henderson-nv-89044,2026-09-03,2026-09-09,NV,Henderson,,,,,2867-donegal-st-henderson-nv-89044
2026-09-09,INVH,Las Vegas,"2328 Silver Crew Pass, Henderson, NV, 89052",Las Vegas,INVH-2328-silver-crew-pass-89052-95060,4,2.0,1350,1950.0,2026-10-05,19 months,False,,,,,,,,https://www.invitationhomes.com/houses-for-rent/2328-silver-crew-pass-89052-95060,2026-09-09,2026-09-09,NV,Henderson,,,,,2328-silver-crew-pass-89052-95060
2026-09-09,INVH,Las Vegas,"8722 Hawk Canyon St, Henderson, NV, 89074",Las Vegas,INVH-8722-hawk-canyon-st-89074-6392,5,3.0,2846,3230.0,2026-10-23,19 months,False,,,,,,,,https://www.invitationhomes.com/houses-for-rent/8722-hawk-canyon-st-89074-6392,2026-09-09,2026-09-09,NV,Henderson,,,,,8722-hawk-canyon-st-89074-6392
2026-09-09,INVH,Las Vegas,"2468 Via de Cortona, Henderson, NV, 89074",Las Vegas,INVH-2468-via-de-cortona-89074-4724,3,2.0,1302,2140.0,2026-09-09,19 months,False,,,,,,,,https://www.invitationhomes.com/houses-for-rent/2468-via-de-cortona-89074-4724,2026-09-03,2026-09-09,NV,Henderson,,,,,2468-via-de-cortona-89074-4724
2026-09-09,INVH,Las Vegas,"87 Yesterday Dr, Henderson, NV, 89074",Las Vegas,INVH-87-yesterday-dr-henderson-nv-89074,3,2.5,1511,2095.0,2026-10-14,19 months,False,,,,,,,,https://www.invitationhomes.com/houses-for-rent/87-yesterday-dr-henderson-nv-89074,2026-09-03,2026-09-09,NV,Henderson,,,,,87-yesterday-dr-henderson-nv-89074
2026-09-09,INVH,Las Vegas,"2143 Falcon Pointe Ln, Henderson, NV, 89074",Las Vegas,INVH-2143-falcon-pointe-ln-89074-6812,3,3.0,2129,2530.0,2026-09-09,19 months,False,,,,,,,,https://www.invitationhomes.com/houses-for-rent/2143-falcon-pointe-ln-89074-6812,2026-08-16,2026-09-09,NV,Henderson,,,,,2143-falcon-pointe-ln-89074-6812
2026-09-09,INVH,Las Vegas,"54 Puerto Azul Trl, Henderson, NV, 89074",Las Vegas,INVH-54-puerto-azul-trl-89074-6349,4,3.0,2053,2445.0,2026-09-09,19 months,False,,,,,,,,https://www.invitationhomes.com/houses-for-rent/54-puerto-azul-trl-89074-6349,2026-08-02,2026-09-09,NV,Henderson,,,,,54-puerto-azul-trl-89074-6349
2026-09-09,INVH,Las Vegas,"78 Palmar Sur Ct, Henderson, NV, 89074",Las Vegas,INVH-78-palmar-sur-ct-89074-9501,4,2.5,2053,2270.0,2026-09-09,19 months,False,,,,,,,,https://www.invitationhomes.com/houses-for-rent/78-palmar-sur-ct-89074-9501,2026-07-19,2026-09-09,NV,Henderson,,,,,78-palmar-sur-ct-89074-9501
2026-09-09,INVH,Las Vegas,"780 Viento del Montagna Ave, Henderson, NV, 89012",Las Vegas,INVH-780-viento-del-montagna-ave-89012-8567,4,3.0,2942,2745.0,2026-10-13,19 months,False,,,,,,,,https://www.invitationhomes.com/houses-for-rent/780-viento-del-montagna-ave-89012-8567,2026-09-03,2026-09-09,NV,Henderson,,,,,780-viento-del-montagna-ave-89012-8567
2026-09-09,INVH,Las Vegas,"214 Appian Way, Henderson, NV, 89002",Las Vegas,INVH-214-appian-way-89002-108620,4,2.0,1512,1945.0,2026-09-09,19 months,False,,,,,,,,https://www.invitationhomes.com/houses-for-rent/214-appian-way-89002-108620,2026-09-03,2026-09-09,NV,Henderson,,,,,214-appian-way-89002-108620
2026-09-09,INVH,Las Vegas,"7264 Forefather St, Las Vegas, NV, 89148",Las Vegas,INVH-7264-forefather-st-89148-9609,3,3.0,1301,1810.0,2026-09-17,19 months,False,,,,,,,,https://www.invitationhomes.com/houses-for-rent/7264-forefather-st-89148-9609,2026-09-09,2026-09-09,NV,Las Vegas,,,,,7264-forefather-st-89148-9609
2026-09-09,INVH,Las Vegas,"7641 Pallon Ave, Las Vegas, NV, 89113",Las Vegas,INVH-7641-pallon-ave-89113-6181,3,3.0,1502,1995.0,2026-09-23,19 months,False,,,,,,,,https://www.invitationhomes.com/houses-for-rent/7641-pallon-ave-89113-6181,2026-09-06,2026-09-09,NV,Las Vegas,,,,,7641-pallon-ave-89113-6181
2026-09-09,INVH,Las Vegas,"4977 Bobcat Bend Ct, Las Vegas, NV, 89139",Las Vegas,INVH-4977-bobcat-bend-ct-las-vegas-nv-89139,4,3.0,2444,2395.0,2026-10-15,19 months,False,,,,,,,,https://www.invitationhomes.com/houses-for-rent/4977-bobcat-bend-ct-las-vegas-nv-89139,2026-09-03,2026-09-09,NV,Las Vegas,,,,,4977-bobcat-bend-ct-las-vegas-nv-89139
2026-09-09,INVH,Las Vegas,"7744 Bird of Paradise Ct, Las Vegas, NV, 89123",Las Vegas,INVH-7744-bird-of-paradise-ct-89123-8386,5,3.0,2760,3115.0,2026-09-09,19 months,False,,,,,,,,https://www.invitationhomes.com/houses-for-rent/7744-bird-of-paradise-ct-89123-8386,2026-08-10,2026-09-09,NV,Las Vegas,,,,,7744-bird-of-paradise-ct-89123-8386
2026-09-09,INVH,Las Vegas,"3183 Lapis Beach Dr, Las Vegas, NV, 89117",Las Vegas,INVH-3183-lapis-beach-dr-89117-4049,3,3.0,2697,2830.0,2026-09-20,12 months,False,,,,,,,,https://www.invitationhomes.com/houses-for-rent/3183-lapis-beach-dr-89117-4049,2026-08-10,2026-09-09,NV,Las Vegas,,,,,3183-lapis-beach-dr-89117-4049
2026-09-09,INVH,Las Vegas,"1516 Kirby Dr, Las Vegas, NV, 89117",Las Vegas,INVH-1516-kirby-dr-89117-2531,4,3.0,2390,3060.0,2026-09-18,19 months,False,,,,,,,,https://www.invitationhomes.com/houses-for-rent/1516-kirby-dr-89117-2531,2026-08-23,2026-09-09,NV,Las Vegas,,,,,1516-kirby-dr-89117-2531
2026-09-09,INVH,Las Vegas,"7827 Palace Monaco Ave, Las Vegas, NV, 89117",Las Vegas,INVH-7827-palace-monaco-ave-las-vegas-nv-89117,3,2.5,1595,1945.0,2026-09-09,19 months,False,,,,,,,,https://www.invitationhomes.com/houses-for-rent/7827-palace-monaco-ave-las-vegas-nv-89117,2026-07-19,2026-09-09,NV,Las Vegas,,,,,7827-palace-monaco-ave-las-vegas-nv-89117
2026-09-09,INVH,Las Vegas,"508 Thrush Dr, Las Vegas, NV, 89145",Las Vegas,INVH-508-thrush-dr-89145-9686,3,3.0,1650,2145.0,2026-10-03,19 months,False,,,,,,,,https://www.invitationhomes.com/houses-for-rent/508-thrush-dr-89145-9686,2026-08-23,2026-09-09,NV,Las Vegas,,,,,508-thrush-dr-89145-9686
2026-09-09,INVH,Las Vegas,"1628 Sun Canyon Ct, Las Vegas, NV, 89128",Las Vegas,INVH-1628-sun-canyon-ct-89128-7207,4,3.0,2080,2240.0,2026-10-08,19 months,False,,,,,,,,https://www.invitationhomes.com/houses-for-rent/1628-sun-canyon-ct-89128-7207,2026-07-19,2026-09-09,NV,Las Vegas,,,,,1628-sun-canyon-ct-89128-7207
2026-09-09,INVH,Las Vegas,"7216 Old Time Cir, Las Vegas, NV, 89128",Las Vegas,INVH-7216-old-time-cir-89128-1351,2,2.0,1131,1880.0,2026-10-15,19 months,False,,,,,,,,https://www.invitationhomes.com/houses-for-rent/7216-old-time-cir-89128-1351,2026-09-03,2026-09-09,NV,Las Vegas,,,,,7216-old-time-cir-89128-1351
2026-09-09,INVH,Las Vegas,"1953 Bookbinder Dr, Las Vegas, NV, 89108",Las Vegas,INVH-1953-bookbinder-dr-89108-7743,3,2.0,1292,1790.0,2026-09-09,19 months,False,,,,,,,,https://www.invitationhomes.com/houses-for-rent/1953-bookbinder-dr-89108-7743,2026-07-19,2026-09-09,NV,Las Vegas,,,,,1953-bookbinder-dr-89108-7743
2026-09-09,INVH,Las Vegas,"2709 Brill St, Las Vegas, NV, 89108",Las Vegas,INVH-2709-brill-st-las-vegas-nv-89108,4,3.0,1895,2345.0,2026-10-15,19 months,False,,,,,,,,https://www.invitationhomes.com/houses-for-rent/2709-brill-st-las-vegas-nv-89108,2026-08-16,2026-09-09,NV,Las Vegas,,,,,2709-brill-st-las-vegas-nv-89108
2026-09-09,INVH,Las Vegas,"1512 Auburn Valley Ave, Las Vegas, NV, 89123",Las Vegas,INVH-1512-auburn-valley-ave-89123-2056,5,3.0,2686,2630.0,2026-09-09,19 months,False,,,,,,,,https://www.invitationhomes.com/houses-for-rent/1512-auburn-valley-ave-89123-2056,2026-07-19,2026-09-09,NV,Las Vegas,,,,,1512-auburn-valley-ave-89123-2056
2026-09-09,INVH,Las Vegas,"7749 Brook Valley Dr, Las Vegas, NV, 89123",Las Vegas,INVH-7749-brook-valley-dr-89123-6518,3,3.0,2499,2495.0,2026-09-19,19 months,False,,,,,,,,https://www.invitationhomes.com/houses-for-rent/7749-brook-valley-dr-89123-6518,2026-08-16,2026-09-09,NV,Las Vegas,,,,,7749-brook-valley-dr-89123-6518
2026-09-09,INVH,Las Vegas,"2667 Ridgewater Cir, Henderson, NV, 89074",Las Vegas,INVH-2667-ridgewater-cir-89074-83570,3,2.5,2021,2395.0,2026-10-16,19 months,False,,,,,,,,https://www.invitationhomes.com/houses-for-rent/2667-ridgewater-cir-89074-83570,2026-09-03,2026-09-09,NV,Henderson,,,,,2667-ridgewater-cir-89074-83570
2026-09-09,INVH,Las Vegas,"313 Abbington St, Henderson, NV, 89074",Las Vegas,INVH-313-abbington-st-89074-91488,3,2.0,1351,2045.0,2026-09-09,19 months,False,,,,,,,,https://www.invitationhomes.com/houses-for-rent/313-abbington-st-89074-91488,2026-07-19,2026-09-09,NV,Henderson,,,,,313-abbington-st-89074-91488
2026-09-09,INVH,Las Vegas,"330 Hutchings Ln, Henderson, NV, 89074",Las Vegas,INVH-330-hutchings-ln-89074-2486,4,3.0,2031,2435.0,2026-09-11,19 months,False,,,,,,,,https://www.invitationhomes.com/houses-for-rent/330-hutchings-ln-89074-2486,2026-08-02,2026-09-09,NV,Henderson,,,,,330-hutchings-ln-89074-2486
2026-09-09,INVH,Las Vegas,"330 Templeton Dr, Henderson, NV, 89074",Las Vegas,INVH-330-templeton-dr-henderson-nv-89074,4,3.0,2029,2545.0,2026-09-09,19 months,False,,,,,,,,https://www.invitationhomes.com/houses-for-rent/330-templeton-dr-henderson-nv-89074,2026-06-14,2026-09-09,NV,Henderson,,,,,330-templeton-dr-henderson-nv-89074
2026-09-09,INVH,Las Vegas,"182 Raton Dr, Henderson, NV, 89074",Las Vegas,INVH-182-raton-dr-89074-4410,4,3.0,2575,2945.0,2026-10-14,19 months,False,,,,,,,,https://www.invitationhomes.com/houses-for-rent/182-raton-dr-89074-4410,2026-09-03,2026-09-09,NV,Henderson,,,,,182-raton-dr-89074-4410
2026-09-09,INVH,Las Vegas,"1299 Winter Solstice Ave, Henderson, NV, 89014",Las Vegas,INVH-1299-winter-solstice-ave-89014-94636,3,2.0,1570,2135.0,2026-09-09,19 months,False,,,,,,,,https://www.invitationhomes.com/houses-for-rent/1299-winter-solstice-ave-89014-94636,2026-09-03,2026-09-09,NV,Henderson,,,,,1299-winter-solstice-ave-89014-94636
2026-09-09,INVH,Las Vegas,"274 Prudence Ct, Henderson, NV, 89074",Las Vegas,INVH-274-prudence-ct-89074-6168,3,3.0,2745,2795.0,2026-09-09,19 months,False,,,,,,,,https://www.invitationhomes.com/houses-for-rent/274-prudence-ct-89074-6168,2026-09-03,2026-09-09,NV,Henderson,,,,,274-prudence-ct-89074-6168
2026-09-09,INVH,Las Vegas,"760 Charwood Cir, Henderson, NV, 89014",Las Vegas,INVH-760-charwood-cir-89014-8823,3,2.0,1601,1999.0,2026-09-09,23 months,False,,,,,,,,https://www.invitationhomes.com/houses-for-rent/760-charwood-cir-89014-8823,2026-07-19,2026-09-09,NV,Henderson,,,,,760-charwood-cir-89014-8823
2026-09-09,INVH,Las Vegas,"6278 Castle Kennedy St, Henderson, NV, 89011",Las Vegas,INVH-6278-castle-kennedy-st-89011-91566,3,2.5,1415,2065.0,2026-09-27,19 months,False,,,,,,,,https://www.invitationhomes.com/houses-for-rent/6278-castle-kennedy-st-89011-91566,2026-08-16,2026-09-09,NV,Henderson,,,,,6278-castle-kennedy-st-89011-91566
2026-09-09,INVH,Las Vegas,"6098 Aripeka St, Henderson, NV, 89011",Las Vegas,INVH-6098-aripeka-st-89011-6332,2,2.5,1193,1825.0,2026-10-15,19 months,False,,,,,,,,https://www.invitationhomes.com/houses-for-rent/6098-aripeka-st-89011-6332,2026-09-03,2026-09-09,NV,Henderson,,,,,6098-aripeka-st-89011-6332
2026-09-09,INVH,Las Vegas,"181 Almond Ridge Pl, Henderson, NV, 89015",Las Vegas,INVH-181-almond-ridge-pl-89015-90077,3,2.0,1316,1845.0,2026-09-15,19 months,False,,,,,,,,https://www.invitationhomes.com/houses-for-rent/181-almond-ridge-pl-89015-90077,2026-09-03,2026-09-09,NV,Henderson,,,,,181-almond-ridge-pl-89015-90077
2026-09-09,INVH,Las Vegas,"6463 Ness Gardens Ct, Las Vegas, NV, 89122",Las Vegas,INVH-6463-ness-gardens-ct-89122-5905,3,3.0,1457,1940.0,2026-10-24,19 months,False,,,,,,,,https://www.invitationhomes.com/houses-for-rent/6463-ness-gardens-ct-89122-5905,2026-09-09,2026-09-09,NV,Las Vegas,,,,,6463-ness-gardens-ct-89122-5905
2026-09-09,INVH,Las Vegas,"5035 Midnight Oil Drive, Las Vegas, NV, 89122",Las Vegas,INVH-5035-midnight-oil-drive-89122-108571,3,2.5,1540,1895.0,2026-09-09,19 months,False,,,,,,,,https://www.invitationhomes.com/houses-for-rent/5035-midnight-oil-drive-89122-108571,2026-08-23,2026-09-09,NV,Las Vegas,,,,,5035-midnight-oil-drive-89122-108571
2026-09-09,INVH,Las Vegas,"3599 Bufflehead St, Las Vegas, NV, 89122",Las Vegas,INVH-3599-bufflehead-st-89122-4044,5,3.5,3749,3099.0,2026-09-09,19 months,False,,,,,,,,https://www.invitationhomes.com/houses-for-rent/3599-bufflehead-st-89122-4044,2026-07-19,2026-09-09,NV,Las Vegas,,,,,3599-bufflehead-st-89122-4044
2026-09-09,INVH,Las Vegas,"3786 Tundra Swan Street, Las Vegas, NV, 89122",Las Vegas,INVH-3786-tundra-swan-street-89122-108562,5,3.0,3049,2495.0,2026-10-18,19 months,False,,,,,,,,https://www.invitationhomes.com/houses-for-rent/3786-tundra-swan-street-89122-108562,2026-09-03,2026-09-09,NV,Las Vegas,,,,,3786-tundra-swan-street-89122-108562
2026-09-09,INVH,Las Vegas,"5961 Mahogany Mountain Dr, Las Vegas, NV, 89142",Las Vegas,INVH-5961-mahogany-mountain-dr-89142-5213,3,3.0,1594,1880.0,2026-09-09,19 months,False,,,,,,,,https://www.invitationhomes.com/houses-for-rent/5961-mahogany-mountain-dr-89142-5213,2026-07-19,2026-09-09,NV,Las Vegas,,,,,5961-mahogany-mountain-dr-89142-5213
2026-09-09,INVH,Las Vegas,"6554 Coronado Canyon Ave, Las Vegas, NV, 89142",Las Vegas,INVH-6554-coronado-canyon-ave-89142-3201,3,2.5,1352,1870.0,2026-10-09,19 months,False,,,,,,,,https://www.invitationhomes.com/houses-for-rent/6554-coronado-canyon-ave-89142-3201,2026-09-03,2026-09-09,NV,Las Vegas,,,,,6554-coronado-canyon-ave-89142-3201
2026-09-09,INVH,Las Vegas,"915 Golden Poppy St, Las Vegas, NV, 89110",Las Vegas,INVH-915-golden-poppy-st-las-vegas-nv-89110,4,3.0,3168,2695.0,2026-09-09,19 months,False,,,,,,,,https://www.invitationhomes.com/houses-for-rent/915-golden-poppy-st-las-vegas-nv-89110,2026-08-02,2026-09-09,NV,Las Vegas,,,,,915-golden-poppy-st-las-vegas-nv-89110
2026-09-09,INVH,Las Vegas,"6240 Branded Brook Ave, Las Vegas, NV, 89156",Las Vegas,INVH-6240-branded-brook-ave-89156-6659,3,2.0,1630,1945.0,2026-09-09,19 months,False,,,,,,,,https://www.invitationhomes.com/houses-for-rent/6240-branded-brook-ave-89156-6659,2026-08-02,2026-09-09,NV,Las Vegas,,,,,6240-branded-brook-ave-89156-6659
2026-09-09,INVH,Las Vegas,"2733 Mistfull Ct, Las Vegas, NV, 89156",Las Vegas,INVH-2733-mistfull-ct-las-vegas-nv-89156,4,2.0,1860,1845.0,2026-09-09,19 months,False,,,,,,,,https://www.invitationhomes.com/houses-for-rent/2733-mistfull-ct-las-vegas-nv-89156,2026-08-02,2026-09-09,NV,Las Vegas,,,,,2733-mistfull-ct-las-vegas-nv-89156
2026-09-09,INVH,Las Vegas,"941 Chaps Cir, Henderson, NV, 89002",Las Vegas,INVH-941-chaps-cir-henderson-nv-89002,4,2.0,1577,2240.0,2026-09-30,19 months,False,,,,,,,,https://www.invitationhomes.com/houses-for-rent/941-chaps-cir-henderson-nv-89002,2026-08-16,2026-09-09,NV,Henderson,,,,,941-chaps-cir-henderson-nv-89002
2026-09-09,INVH,Las Vegas,"722 Booted Eagle St, Henderson, NV, 89015",Las Vegas,INVH-722-booted-eagle-st-89015-4228,3,3.0,1890,2195.0,2026-09-09,19 months,False,,,,,,,,https://www.invitationhomes.com/houses-for-rent/722-booted-eagle-st-89015-4228,2026-08-10,2026-09-09,NV,Henderson,,,,,722-booted-eagle-st-89015-4228
2026-09-09,INVH,Las Vegas,"1130 Gainesborough Ct, Henderson, NV, 89015",Las Vegas,INVH-1130-gainesborough-ct-henderson-nv-89015,4,2.5,2221,2595.0,2026-10-15,19 months,False,,,,,,,,https://www.invitationhomes.com/houses-for-rent/1130-gainesborough-ct-henderson-nv-89015,2026-09-03,2026-09-09,NV,Henderson,,,,,1130-gainesborough-ct-henderson-nv-89015
2026-09-09,INVH,Las Vegas,"433 Mystic River St, Henderson, NV, 89015",Las Vegas,INVH-433-mystic-river-st-89015-95301,5,3.0,2944,3145.0,2026-10-03,19 months,False,,,,,,,,https://www.invitationhomes.com/houses-for-rent/433-mystic-river-st-89015-95301,2026-08-23,2026-09-09,NV,Henderson,,,,,433-mystic-river-st-89015-95301
2026-09-09,INVH,Las Vegas,"439 Bell Ave, Henderson, NV, 89015",Las Vegas,INVH-439-bell-ave-henderson-nv-89015,3,2.0,1241,2099.0,2026-09-09,23 months,False,,,,,,,,https://www.invitationhomes.com/houses-for-rent/439-bell-ave-henderson-nv-89015,2026-08-16,2026-09-09,NV,Henderson,,,,,439-bell-ave-henderson-nv-89015
2026-09-09,INVH,Las Vegas,"1013 Companion Way, Henderson, NV, 89011",Las Vegas,INVH-1013-companion-way-89011-4793,4,3.0,2242,2595.0,2026-09-17,19 months,False,,,,,,,,https://www.invitationhomes.com/houses-for-rent/1013-companion-way-89011-4793,2026-09-03,2026-09-09,NV,Henderson,,,,,1013-companion-way-89011-4793
2026-09-09,INVH,Las Vegas,"9348 Jumpin Juniper Avenue, Las Vegas, NV, 89129",Las Vegas,INVH-9348-jumpin-juniper-avenue-89129-108898,3,2.0,1254,1925.0,2026-10-15,19 months,False,,,,,,,,https://www.invitationhomes.com/houses-for-rent/9348-jumpin-juniper-avenue-89129-108898,2026-04-04,2026-09-09,NV,Las Vegas,,,,,9348-jumpin-juniper-avenue-89129-108898
2026-09-09,INVH,Las Vegas,"9173 Sparklewood Court, Las Vegas, NV, 89129",Las Vegas,INVH-9173-sparklewood-court-89129-108695,4,2.5,1659,2225.0,2026-09-14,19 months,False,,,,,,,,https://www.invitationhomes.com/houses-for-rent/9173-sparklewood-court-89129-108695,2026-08-02,2026-09-09,NV,Las Vegas,,,,,9173-sparklewood-court-89129-108695
2026-09-09,INVH,Las Vegas,"3821 Cranbrook Hill St, Las Vegas, NV, 89129",Las Vegas,INVH-3821-cranbrook-hill-st-89129-8060,3,3.0,4861,3645.0,2026-09-09,19 months,False,,,,,,,,https://www.invitationhomes.com/houses-for-rent/3821-cranbrook-hill-st-89129-8060,2026-07-19,2026-09-09,NV,Las Vegas,,,,,3821-cranbrook-hill-st-89129-8060
2026-09-09,INVH,Las Vegas,"8508 W Gilmore Ave, Las Vegas, NV, 89129",Las Vegas,INVH-8508-w-gilmore-ave-89129-7609,6,3.0,3083,3435.0,2026-09-28,19 months,False,,,,,,,,https://www.invitationhomes.com/houses-for-rent/8508-w-gilmore-ave-89129-7609,2026-08-16,2026-09-09,NV,Las Vegas,,,,,8508-w-gilmore-ave-89129-7609
2026-09-09,INVH,Las Vegas,"3905 Meadowlands St, Las Vegas, NV, 89129",Las Vegas,INVH-3905-meadowlands-st-89129-9972,4,3.0,2450,2345.0,2026-09-09,19 months,False,,,,,,,,https://www.invitationhomes.com/houses-for-rent/3905-meadowlands-st-89129-9972,2026-07-19,2026-09-09,NV,Las Vegas,,,,,3905-meadowlands-st-89129-9972
2026-09-09,INVH,Las Vegas,"3121 Autumn Leaf Ct, Las Vegas, NV, 89108",Las Vegas,INVH-3121-autumn-leaf-ct-89108-1370,4,2.0,1918,2345.0,2026-10-16,19 months,False,,,,,,,,https://www.invitationhomes.com/houses-for-rent/3121-autumn-leaf-ct-89108-1370,2026-09-03,2026-09-09,NV,Las Vegas,,,,,3121-autumn-leaf-ct-89108-1370
2026-09-09,INVH,Las Vegas,"7224 Camden Pine Ave, Las Vegas, NV, 89129",Las Vegas,INVH-7224-camden-pine-ave-89129-7125,3,2.0,1337,1949.0,2026-09-29,23 months,False,,,,,,,,https://www.invitationhomes.com/houses-for-rent/7224-camden-pine-ave-89129-7125,2026-08-16,2026-09-09,NV,Las Vegas,,,,,7224-camden-pine-ave-89129-7125
2026-09-09,INVH,Las Vegas,"6285 Hill Haven Ave, Las Vegas, NV, 89130",Las Vegas,INVH-6285-hill-haven-ave-89130-95252,3,2.0,1881,2095.0,2026-09-09,19 months,False,,,,,,,,https://www.invitationhomes.com/houses-for-rent/6285-hill-haven-ave-89130-95252,2026-04-04,2026-09-09,NV,Las Vegas,,,,,6285-hill-haven-ave-89130-95252
2026-09-09,INVH,Las Vegas,"4794 Hampstead Heath Ct, Las Vegas, NV, 89130",Las Vegas,INVH-4794-hampstead-heath-ct-89130-108838,4,3.5,1686,2070.0,2026-09-09,19 months,False,,,,,,,,https://www.invitationhomes.com/houses-for-rent/4794-hampstead-heath-ct-89130-108838,2026-07-19,2026-09-09,NV,Las Vegas,,,,,4794-hampstead-heath-ct-89130-108838
2026-09-09,INVH,Las Vegas,"9336 Thunder Falls Ct, Las Vegas, NV, 89149",Las Vegas,INVH-9336-thunder-falls-ct-89149-5826,4,3.0,2308,2445.0,2026-09-23,19 months,False,,,,,,,,https://www.invitationhomes.com/houses-for-rent/9336-thunder-falls-ct-89149-5826,2026-08-16,2026-09-09,NV,Las Vegas,,,,,9336-thunder-falls-ct-89149-5826
2026-09-09,INVH,Las Vegas,"9029 Spirit Canyon Ave, Las Vegas, NV, 89149",Las Vegas,INVH-9029-spirit-canyon-ave-89149-95866,3,2.5,1723,2390.0,2026-09-12,19 months,False,,,,,,,,https://www.invitationhomes.com/houses-for-rent/9029-spirit-canyon-ave-89149-95866,2026-09-03,2026-09-09,NV,Las Vegas,,,,,9029-spirit-canyon-ave-89149-95866
2026-09-09,INVH,Las Vegas,"7341 Nautical Stone Ct, Las Vegas, NV, 89149",Las Vegas,INVH-7341-nautical-stone-ct-89149-90304,3,2.5,1782,2095.0,2026-10-15,19 months,False,,,,,,,,https://www.invitationhomes.com/houses-for-rent/7341-nautical-stone-ct-89149-90304,2026-09-03,2026-09-09,NV,Las Vegas,,,,,7341-nautical-stone-ct-89149-90304
2026-09-09,INVH,Las Vegas,"7205 Tame Pl, Las Vegas, NV, 89131",Las Vegas,INVH-7205-tame-pl-89131-9253,3,3.0,1674,2145.0,2026-09-09,19 months,False,,,,,,,,https://www.invitationhomes.com/houses-for-rent/7205-tame-pl-89131-9253,2026-04-26,2026-09-09,NV,Las Vegas,,,,,7205-tame-pl-89131-9253
2026-09-09,INVH,Las Vegas,"8044 Revolver Ave, Las Vegas, NV, 89131",Las Vegas,INVH-8044-revolver-ave-89131-7557,3,2.5,1674,2120.0,2026-10-03,19 months,False,,,,,,,,https://www.invitationhomes.com/houses-for-rent/8044-revolver-ave-89131-7557,2026-08-23,2026-09-09,NV,Las Vegas,,,,,8044-revolver-ave-89131-7557
2026-09-09,INVH,Las Vegas,"5725 Pebble Rock Dr, Las Vegas, NV, 89149",Las Vegas,INVH-5725-pebble-rock-dr-89149-91279,3,2.5,1644,2140.0,2026-09-09,19 months,False,,,,,,,,https://www.invitationhomes.com/houses-for-rent/5725-pebble-rock-dr-89149-91279,2026-05-24,2026-09-09,NV,Las Vegas,,,,,5725-pebble-rock-dr-89149-91279
2026-09-09,INVH,Las Vegas,"7285 Golden Star Ave, Las Vegas, NV, 89130",Las Vegas,INVH-7285-golden-star-ave-89130-9830,3,2.0,1454,1830.0,2026-09-09,19 months,False,,,,,,,,https://www.invitationhomes.com/houses-for-rent/7285-golden-star-ave-89130-9830,2026-08-10,2026-09-09,NV,Las Vegas,,,,,7285-golden-star-ave-89130-9830
2026-09-09,INVH,Las Vegas,"6704 Painted Canyon Ct, Las Vegas, NV, 89130",Las Vegas,INVH-6704-painted-canyon-ct-89130-3094,4,3.0,1835,2020.0,2026-09-09,19 months,False,,,,,,,,https://www.invitationhomes.com/houses-for-rent/6704-painted-canyon-ct-89130-3094,2026-07-19,2026-09-09,NV,Las Vegas,,,,,6704-painted-canyon-ct-89130-3094
2026-09-09,INVH,Las Vegas,"6701 Snake River Ave, Las Vegas, NV, 89130",Las Vegas,INVH-6701-snake-river-ave-89130-8917,3,3.0,1938,2260.0,2026-09-09,19 months,False,,,,,,,,https://www.invitationhomes.com/houses-for-rent/6701-snake-river-ave-89130-8917,2026-07-19,2026-09-09,NV,Las Vegas,,,,,6701-snake-river-ave-89130-8917
2026-09-09,INVH,Las Vegas,"5908 Kane Holly St, Las Vegas, NV, 89130",Las Vegas,INVH-5908-kane-holly-st-89130-8299,3,2.0,1998,2295.0,2026-10-15,19 months,False,,,,,,,,https://www.invitationhomes.com/houses-for-rent/5908-kane-holly-st-89130-8299,2026-09-03,2026-09-09,NV,Las Vegas,,,,,5908-kane-holly-st-89130-8299
2026-09-09,INVH,Las Vegas,"7504 Elk Meadows Ct, Las Vegas, NV, 89131",Las Vegas,INVH-7504-elk-meadows-ct-89131-95842,4,2.0,2128,2395.0,2026-10-02,19 months,False,,,,,,,,https://www.invitationhomes.com/houses-for-rent/7504-elk-meadows-ct-89131-95842,2026-08-23,2026-09-09,NV,Las Vegas,,,,,7504-elk-meadows-ct-89131-95842
2026-09-09,INVH,Las Vegas,"7839 Meandering Path Ave, Las Vegas, NV, 89131",Las Vegas,INVH-7839-meandering-path-ave-89131-5691,5,3.0,2220,2695.0,2026-09-09,19 months,False,,,,,,,,https://www.invitationhomes.com/houses-for-rent/7839-meandering-path-ave-89131-5691,2026-08-02,2026-09-09,NV,Las Vegas,,,,,7839-meandering-path-ave-89131-5691
2026-09-09,INVH,Las Vegas,"4508 Plano Dr, Las Vegas, NV, 89130",Las Vegas,INVH-4508-plano-dr-89130-2610,4,2.0,1802,2145.0,2026-10-21,19 months,False,,,,,,,,https://www.invitationhomes.com/houses-for-rent/4508-plano-dr-89130-2610,2026-09-06,2026-09-09,NV,Las Vegas,,,,,4508-plano-dr-89130-2610
2026-09-09,INVH,Las Vegas,"4549 Special Ct, Las Vegas, NV, 89130",Las Vegas,INVH-4549-special-ct-89130-6771,3,2.0,1586,2180.0,2026-09-30,19 months,False,,,,,,,,https://www.invitationhomes.com/houses-for-rent/4549-special-ct-89130-6771,2026-08-16,2026-09-09,NV,Las Vegas,,,,,4549-special-ct-89130-6771
2026-09-09,INVH,Las Vegas,"3208 Wexford Hill Ct, North Las Vegas, NV, 89031",Las Vegas,INVH-3208-wexford-hill-ct-89031-7280,3,2.0,1381,1910.0,2026-10-14,19 months,False,,,,,,,,https://www.invitationhomes.com/houses-for-rent/3208-wexford-hill-ct-89031-7280,2026-09-03,2026-09-09,NV,North Las Vegas,,,,,3208-wexford-hill-ct-89031-7280
2026-09-09,INVH,Las Vegas,"904 Agave Avenue, North Las Vegas, NV, 89032",Las Vegas,INVH-904-agave-avenue-89032-108827,4,3.0,1987,2330.0,2026-10-14,19 months,False,,,,,,,,https://www.invitationhomes.com/houses-for-rent/904-agave-avenue-89032-108827,2026-09-03,2026-09-09,NV,North Las Vegas,,,,,904-agave-avenue-89032-108827
2026-09-09,INVH,Las Vegas,"1516 Los Alamos Dr, North Las Vegas, NV, 89031",Las Vegas,INVH-1516-los-alamos-dr-north-las-vegas-nv-89031,3,2.0,1318,1975.0,2026-10-15,19 months,False,,,,,,,,https://www.invitationhomes.com/houses-for-rent/1516-los-alamos-dr-north-las-vegas-nv-89031,2026-09-03,2026-09-09,NV,North Las Vegas,,,,,1516-los-alamos-dr-north-las-vegas-nv-89031
2026-09-09,INVH,Las Vegas,"612 Grand Revere Pl, North Las Vegas, NV, 89032",Las Vegas,INVH-612-grand-revere-pl-89032-5750,3,2.0,1507,2115.0,2026-09-14,19 months,False,,,,,,,,https://www.invitationhomes.com/houses-for-rent/612-grand-revere-pl-89032-5750,2026-07-19,2026-09-09,NV,North Las Vegas,,,,,612-grand-revere-pl-89032-5750
2026-09-09,INVH,Las Vegas,"4916 Crystal Field St, North Las Vegas, NV, 89031",Las Vegas,INVH-4916-crystal-field-st-89031-95669,4,3.0,2794,2545.0,2026-09-15,19 months,False,,,,,,,,https://www.invitationhomes.com/houses-for-rent/4916-crystal-field-st-89031-95669,2026-07-19,2026-09-09,NV,North Las Vegas,,,,,4916-crystal-field-st-89031-95669
2026-09-09,INVH,Las Vegas,"3725 Saint Charles Ct, North Las Vegas, NV, 89031",Las Vegas,INVH-3725-saint-charles-ct-89031-4876,3,2.0,1611,2195.0,2026-10-19,19 months,False,,,,,,,,https://www.invitationhomes.com/houses-for-rent/3725-saint-charles-ct-89031-4876,2026-09-06,2026-09-09,NV,North Las Vegas,,,,,3725-saint-charles-ct-89031-4876
2026-09-09,INVH,Las Vegas,"3135 Saleen Ct, North Las Vegas, NV, 89031",Las Vegas,INVH-3135-saleen-ct-89031-95084,4,2.5,1842,2295.0,2026-09-15,19 months,False,,,,,,,,https://www.invitationhomes.com/houses-for-rent/3135-saleen-ct-89031-95084,2026-08-16,2026-09-09,NV,North Las Vegas,,,,,3135-saleen-ct-89031-95084
2026-09-09,INVH,Las Vegas,"1810 Running Fawn Ct, North Las Vegas, NV, 89031",Las Vegas,INVH-1810-running-fawn-ct-89031-3393,4,2.0,1701,2125.0,2026-09-15,19 months,False,,,,,,,,https://www.invitationhomes.com/houses-for-rent/1810-running-fawn-ct-89031-3393,2026-08-02,2026-09-09,NV,North Las Vegas,,,,,1810-running-fawn-ct-89031-3393
2026-09-09,INVH,Las Vegas,"1632 Heather Ridge Rd, North Las Vegas, NV, 89031",Las Vegas,INVH-1632-heather-ridge-rd-89031-94339,4,3.0,1976,2245.0,2026-10-20,19 months,False,,,,,,,,https://www.invitationhomes.com/houses-for-rent/1632-heather-ridge-rd-89031-94339,2026-09-06,2026-09-09,NV,North Las Vegas,,,,,1632-heather-ridge-rd-89031-94339
2026-09-09,INVH,Las Vegas,"1401 Bent Arrow Dr, North Las Vegas, NV, 89031",Las Vegas,INVH-1401-bent-arrow-dr-89031-2651,2,2.0,1069,1895.0,2026-09-09,19 months,False,,,,,,,,https://www.invitationhomes.com/houses-for-rent/1401-bent-arrow-dr-89031-2651,2026-07-19,2026-09-09,NV,North Las Vegas,,,,,1401-bent-arrow-dr-89031-2651
2026-09-09,INVH,Las Vegas,"2713 Fern Forest Ct, North Las Vegas, NV, 89031",Las Vegas,INVH-2713-fern-forest-ct-89031-6590,4,2.0,1854,2345.0,2026-10-22,19 months,False,,,,,,,,https://www.invitationhomes.com/houses-for-rent/2713-fern-forest-ct-89031-6590,2026-09-09,2026-09-09,NV,North Las Vegas,,,,,2713-fern-forest-ct-89031-6590
2026-09-09,INVH,Las Vegas,"5910 Red Dawn St, North Las Vegas, NV, 89031",Las Vegas,INVH-5910-red-dawn-st-89031-5578,4,3.0,2149,2320.0,2026-10-09,19 months,False,,,,,,,,https://www.invitationhomes.com/houses-for-rent/5910-red-dawn-st-89031-5578,2026-07-19,2026-09-09,NV,North Las Vegas,,,,,5910-red-dawn-st-89031-5578
2026-09-09,INVH,Las Vegas,"5910 Rose Sage Street, North Las Vegas, NV, 89031",Las Vegas,INVH-5910-rose-sage-street-89031-108554,3,2.5,1722,2045.0,2026-09-09,19 months,False,,,,,,,,https://www.invitationhomes.com/houses-for-rent/5910-rose-sage-street-89031-108554,2026-07-19,2026-09-09,NV,North Las Vegas,,,,,5910-rose-sage-street-89031-108554
2026-09-09,INVH,Las Vegas,"349 Point Loma Ave, North Las Vegas, NV, 89031",Las Vegas,INVH-349-point-loma-ave-89031-4918,4,2.5,2196,2295.0,2026-10-15,19 months,False,,,,,,,,https://www.invitationhomes.com/houses-for-rent/349-point-loma-ave-89031-4918,2026-09-09,2026-09-09,NV,North Las Vegas,,,,,349-point-loma-ave-89031-4918
2026-09-09,INVH,Las Vegas,"2425 Courlan Dr, North Las Vegas, NV, 89084",Las Vegas,INVH-2425-courlan-dr-89084-95065,3,3.0,1896,2095.0,2026-09-25,19 months,False,,,,,,,,https://www.invitationhomes.com/houses-for-rent/2425-courlan-dr-89084-95065,2026-08-02,2026-09-09,NV,North Las Vegas,,,,,2425-courlan-dr-89084-95065
2026-09-09,INVH,Las Vegas,"1851 Gentle Dawn Ave, North Las Vegas, NV, 89084",Las Vegas,INVH-1851-gentle-dawn-avenue-89084-8206,5,3.0,3539,3180.0,2026-10-01,19 months,False,,,,,,,,https://www.invitationhomes.com/houses-for-rent/1851-gentle-dawn-avenue-89084-8206,2026-08-23,2026-09-09,NV,North Las Vegas,,,,,1851-gentle-dawn-avenue-89084-8206
2026-09-09,INVH,Las Vegas,"6653 Maple Mesa St, North Las Vegas, NV, 89084",Las Vegas,INVH-6653-maple-mesa-st-89084-1360,4,3.0,2224,2449.0,2026-10-11,19 months,False,,,,,,,,https://www.invitationhomes.com/houses-for-rent/6653-maple-mesa-st-89084-1360,2026-09-03,2026-09-09,NV,North Las Vegas,,,,,6653-maple-mesa-st-89084-1360
2026-09-09,INVH,Las Vegas,"641 Painted Opus Pl, North Las Vegas, NV, 89084",Las Vegas,INVH-641-painted-opus-pl-89084-5281,4,2.0,1665,2175.0,2026-10-10,19 months,False,,,,,,,,https://www.invitationhomes.com/houses-for-rent/641-painted-opus-pl-89084-5281,2026-09-03,2026-09-09,NV,North Las Vegas,,,,,641-painted-opus-pl-89084-5281
2026-09-09,INVH,Las Vegas,"408 Prairie Moon Ave, North Las Vegas, NV, 89084",Las Vegas,INVH-408-prairie-moon-ave-north-las-vegas-nv-89084,3,2.5,2315,2435.0,2026-09-16,19 months,False,,,,,,,,https://www.invitationhomes.com/houses-for-rent/408-prairie-moon-ave-north-las-vegas-nv-89084,2026-07-19,2026-09-09,NV,North Las Vegas,,,,,408-prairie-moon-ave-north-las-vegas-nv-89084
2026-09-09,INVH,Las Vegas,"7912 Point Oaks Ct, Las Vegas, NV, 89149",Las Vegas,INVH-7912-point-oaks-ct-89149-82999,3,2.5,1788,1995.0,2026-09-09,19 months,False,,,,,,,,https://www.invitationhomes.com/houses-for-rent/7912-point-oaks-ct-89149-82999,2026-07-19,2026-09-09,NV,Las Vegas,,,,,7912-point-oaks-ct-89149-82999
2026-09-09,INVH,Las Vegas,"8269 Begonia Blush Dr, Las Vegas, NV, 89166",Las Vegas,INVH-8269-begonia-blush-dr-89166-8608,4,2.5,1828,1945.0,2026-09-09,19 months,False,,,,,,,,https://www.invitationhomes.com/houses-for-rent/8269-begonia-blush-dr-89166-8608,2026-07-19,2026-09-09,NV,Las Vegas,,,,,8269-begonia-blush-dr-89166-8608
2026-09-09,INVH,Las Vegas,"9124 Watermelon Seed Ave, Las Vegas, NV, 89143",Las Vegas,INVH-9124-watermelon-seed-ave-89143-91593,3,3.0,1528,2075.0,2026-10-15,19 months,False,,,,,,,,https://www.invitationhomes.com/houses-for-rent/9124-watermelon-seed-ave-89143-91593,2026-09-03,2026-09-09,NV,Las Vegas,,,,,9124-watermelon-seed-ave-89143-91593
2026-09-09,INVH,Las Vegas,"8608 Majestic Pine Ave, Las Vegas, NV, 89143",Las Vegas,INVH-8608-majestic-pine-ave-89143-3225,4,3.0,1784,2175.0,2026-09-26,19 months,False,,,,,,,,https://www.invitationhomes.com/houses-for-rent/8608-majestic-pine-ave-89143-3225,2026-09-03,2026-09-09,NV,Las Vegas,,,,,8608-majestic-pine-ave-89143-3225
2026-09-09,INVH,Las Vegas,"9800 Red Horse St, Las Vegas, NV, 89143",Las Vegas,INVH-9800-red-horse-st-las-vegas-nv-89143,3,2.5,1851,2299.0,2026-09-09,23 months,False,,,,,,,,https://www.invitationhomes.com/houses-for-rent/9800-red-horse-st-las-vegas-nv-89143,2026-09-03,2026-09-09,NV,Las Vegas,,,,,9800-red-horse-st-las-vegas-nv-89143
2026-09-09,INVH,Las Vegas,"7541 Key Royale Ct, Las Vegas, NV, 89131",Las Vegas,INVH-7541-key-royale-ct-las-vegas-nv-89131,2,2.0,1493,2045.0,2026-10-15,19 months,False,,,,,,,,https://www.invitationhomes.com/houses-for-rent/7541-key-royale-ct-las-vegas-nv-89131,2026-09-03,2026-09-09,NV,Las Vegas,,,,,7541-key-royale-ct-las-vegas-nv-89131
2026-09-09,INVH,Las Vegas,"5009 Morning Falls Ave, Las Vegas, NV, 89131",Las Vegas,INVH-5009-morning-falls-ave-89131-3793,4,3.0,2578,2249.0,2026-09-24,23 months,False,,,,,,,,https://www.invitationhomes.com/houses-for-rent/5009-morning-falls-ave-89131-3793,2026-07-19,2026-09-09,NV,Las Vegas,,,,,5009-morning-falls-ave-89131-3793
2026-09-09,INVH,Las Vegas,"4930 Scholl Canyon Avenue, Las Vegas, NV, 89131",Las Vegas,INVH-4930-scholl-canyon-avenue-89131-108925,4,3.0,3021,2765.0,2026-09-11,19 months,False,,,,,,,,https://www.invitationhomes.com/houses-for-rent/4930-scholl-canyon-avenue-89131-108925,2026-08-02,2026-09-09,NV,Las Vegas,,,,,4930-scholl-canyon-avenue-89131-108925
2026-09-09,INVH,Las Vegas,"4933 Elkin Creek Ave, Las Vegas, NV, 89131",Las Vegas,INVH-4933-elkin-creek-ave-89131-9396,4,2.5,2791,2740.0,2026-10-15,19 months,False,,,,,,,,https://www.invitationhomes.com/houses-for-rent/4933-elkin-creek-ave-89131-9396,2026-09-03,2026-09-09,NV,Las Vegas,,,,,4933-elkin-creek-ave-89131-9396
2026-09-09,INVH,Las Vegas,"4130 Pistachio Nut Ave, Las Vegas, NV, 89115",Las Vegas,INVH-4130-pistachio-nut-ave-89115-3629,3,3.0,2009,2195.0,2026-09-25,19 months,False,,,,,,,,https://www.invitationhomes.com/houses-for-rent/4130-pistachio-nut-ave-89115-3629,2026-08-23,2026-09-09,NV,Las Vegas,,,,,4130-pistachio-nut-ave-89115-3629
2026-09-09,INVH,Las Vegas,"5836 Gemstone Peak St, North Las Vegas, NV, 89031",Las Vegas,INVH-5836-gemstone-peak-st-89031-1363,3,2.5,1615,2099.0,2026-09-09,23 months,False,,,,,,,,https://www.invitationhomes.com/houses-for-rent/5836-gemstone-peak-st-89031-1363,2026-07-19,2026-09-09,NV,North Las Vegas,,,,,5836-gemstone-peak-st-89031-1363
2026-09-09,INVH,Las Vegas,"616 Cowboy Cross Ave, North Las Vegas, NV, 89081",Las Vegas,INVH-616-cowboy-cross-ave-north-las-vegas-nv-89081,4,2.0,1656,2099.0,2026-09-27,23 months,False,,,,,,,,https://www.invitationhomes.com/houses-for-rent/616-cowboy-cross-ave-north-las-vegas-nv-89081,2026-08-10,2026-09-09,NV,North Las Vegas,,,,,616-cowboy-cross-ave-north-las-vegas-nv-89081
2026-09-09,INVH,Las Vegas,"1014 Shades End Ave, North Las Vegas, NV, 89081",Las Vegas,INVH-1014-shades-end-ave-north-las-vegas-nv-89081,3,3.0,1788,2010.0,2026-09-09,19 months,False,,,,,,,,https://www.invitationhomes.com/houses-for-rent/1014-shades-end-ave-north-las-vegas-nv-89081,2026-08-02,2026-09-09,NV,North Las Vegas,,,,,1014-shades-end-ave-north-las-vegas-nv-89081
2026-09-09,INVH,Las Vegas,"1417 Lazy Hill Ranch Way, North Las Vegas, NV, 89081",Las Vegas,INVH-1417-lazy-hill-ranch-way-89081-8499,3,2.0,1759,2199.0,2026-10-15,23 months,False,,,,,,,,https://www.invitationhomes.com/houses-for-rent/1417-lazy-hill-ranch-way-89081-8499,2026-09-03,2026-09-09,NV,North Las Vegas,,,,,1417-lazy-hill-ranch-way-89081-8499
2026-09-09,INVH,Las Vegas,"5538 Sun Prairie St, North Las Vegas, NV, 89081",Las Vegas,INVH-5538-sun-prairie-st-89081-3824,3,2.5,1539,1949.0,2026-09-09,23 months,False,,,,,,,,https://www.invitationhomes.com/houses-for-rent/5538-sun-prairie-st-89081-3824,2026-09-03,2026-09-09,NV,North Las Vegas,,,,,5538-sun-prairie-st-89081-3824
2026-09-09,INVH,Las Vegas,"6133 Berrien Springs St, North Las Vegas, NV, 89081",Las Vegas,INVH-6133-berrien-springs-st-north-las-vegas-nv-89081,6,3.0,2784,2520.0,2026-09-09,19 months,False,,,,,,,,https://www.invitationhomes.com/houses-for-rent/6133-berrien-springs-st-north-las-vegas-nv-89081,2026-06-09,2026-09-09,NV,North Las Vegas,,,,,6133-berrien-springs-st-north-las-vegas-nv-89081
2026-09-09,INVH,Las Vegas,"4013 Keasberry Ave, North Las Vegas, NV, 89081",Las Vegas,INVH-4013-keasberry-ave-89081-8012,3,2.0,1765,1995.0,2026-09-09,19 months,False,,,,,,,,https://www.invitationhomes.com/houses-for-rent/4013-keasberry-ave-89081-8012,2026-07-19,2026-09-09,NV,North Las Vegas,,,,,4013-keasberry-ave-89081-8012
2026-09-09,INVH,Atlanta,"45 Gales Way, Newnan, GA, 30263",Atlanta,INVH-45-gales-way-30263-1027,4,2.5,1428,1899.0,2026-09-09,20 months,False,,,,,,,,https://www.invitationhomes.com/houses-for-rent/45-gales-way-30263-1027,2026-07-19,2026-09-09,GA,Newnan,,,,,45-gales-way-30263-1027
2026-09-09,INVH,Atlanta,"143 Gerri Dr, Newnan, GA, 30263",Atlanta,INVH-143-gerri-dr-newnan-ga-30263,4,2.0,1620,1995.0,2026-09-09,20 months,False,,,,,,,,https://www.invitationhomes.com/houses-for-rent/143-gerri-dr-newnan-ga-30263,2026-04-04,2026-09-09,GA,Newnan,,,,,143-gerri-dr-newnan-ga-30263
2026-09-09,INVH,Atlanta,"34 Churchill Park Dr, Newnan, GA, 30263",Atlanta,INVH-34-churchill-park-dr-30263-8808,3,2.5,1686,1985.0,2026-09-09,20 months,False,,,,,,,,https://www.invitationhomes.com/houses-for-rent/34-churchill-park-dr-30263-8808,2026-08-02,2026-09-09,GA,Newnan,,,,,34-churchill-park-dr-30263-8808
2026-09-09,INVH,Atlanta,"15 Camden Village Dr, Newnan, GA, 30265",Atlanta,INVH-15-camden-village-dr-30265-94299,4,3.0,2170,2410.0,2026-09-25,20 months,False,,,,,,,,https://www.invitationhomes.com/houses-for-rent/15-camden-village-dr-30265-94299,2026-04-26,2026-09-09,GA,Newnan,,,,,15-camden-village-dr-30265-94299
2026-09-09,INVH,Atlanta,"102 Medallion Park, Newnan, GA, 30265",Atlanta,INVH-102-medallion-park-30265-92115,4,2.5,2516,2845.0,2026-09-18,20 months,False,,,,,,,,https://www.invitationhomes.com/houses-for-rent/102-medallion-park-30265-92115,2026-08-10,2026-09-09,GA,Newnan,,,,,102-medallion-park-30265-92115
2026-09-09,INVH,Atlanta,"133 Planterra Way, Peachtree City, GA, 30269",Atlanta,INVH-133-planterra-way-30269-2476,4,3.0,2260,3095.0,2026-09-09,20 months,False,,,,,,,,https://www.invitationhomes.com/houses-for-rent/133-planterra-way-30269-2476,2026-09-03,2026-09-09,GA,Peachtree City,,,,,133-planterra-way-30269-2476
2026-09-09,INVH,Atlanta,"330 Brooke Wood Dr, Peachtree City, GA, 30269",Atlanta,INVH-330-brooke-wood-dr-30269-95321,4,2.5,1834,2565.0,2026-09-09,20 months,False,,,,,,,,https://www.invitationhomes.com/houses-for-rent/330-brooke-wood-dr-30269-95321,2026-07-19,2026-09-09,GA,Peachtree City,,,,,330-brooke-wood-dr-30269-95321
2026-09-09,INVH,Atlanta,"249 Busbin Rd, Fayetteville, GA, 30215",Atlanta,INVH-249-busbin-rd-fayetteville-ga-30215,4,2.0,1977,2495.0,2026-10-14,20 months,False,,,,,,,,https://www.invitationhomes.com/houses-for-rent/249-busbin-rd-fayetteville-ga-30215,2026-09-03,2026-09-09,GA,Fayetteville,,,,,249-busbin-rd-fayetteville-ga-30215
2026-09-09,INVH,Atlanta,"113 Carrollwood Dr, Fayetteville, GA, 30215",Atlanta,INVH-113-carrollwood-dr-fayetteville-ga-30215,3,2.5,1850,1975.0,2026-09-09,20 months,False,,,,,,,,https://www.invitationhomes.com/houses-for-rent/113-carrollwood-dr-fayetteville-ga-30215,2026-06-09,2026-09-09,GA,Fayetteville,,,,,113-carrollwood-dr-fayetteville-ga-30215
2026-09-09,INVH,Atlanta,"141 N Square Ln, Newnan, GA, 30263",Atlanta,INVH-141-n-square-ln-newnan-ga-30263,3,2.0,1883,2095.0,2026-10-15,20 months,False,,,,,,,,https://www.invitationhomes.com/houses-for-rent/141-n-square-ln-newnan-ga-30263,2026-09-03,2026-09-09,GA,Newnan,,,,,141-n-square-ln-newnan-ga-30263
2026-09-09,INVH,Atlanta,"90 Bedford Park Dr, Newnan, GA, 30263",Atlanta,INVH-90-bedford-park-dr-30263-2639,90,3.0,2377,2545.0,2026-10-17,20 months,False,,,,,,,,https://www.invitationhomes.com/houses-for-rent/90-bedford-park-dr-30263-2639,2026-05-03,2026-09-09,GA,Newnan,,,,,90-bedford-park-dr-30263-2639
2026-09-09,INVH,Atlanta,"8594 Autumn Leaf Dr, Douglasville, GA, 30135",Atlanta,INVH-8594-autumn-leaf-dr-30135-98838,4,2.0,1577,1575.0,2026-09-09,20 months,False,,,,,,,,https://www.invitationhomes.com/houses-for-rent/8594-autumn-leaf-dr-30135-98838,2026-04-20,2026-09-09,GA,Douglasville,,,,,8594-autumn-leaf-dr-30135-98838
2026-09-09,INVH,Atlanta,"8295 Mossybrook Ln, Douglasville, GA, 30135",Atlanta,INVH-8295-mossybrook-ln-30135-1780,4,2.0,1949,2190.0,2026-09-28,20 months,False,,,,,,,,https://www.invitationhomes.com/houses-for-rent/8295-mossybrook-ln-30135-1780,2026-08-16,2026-09-09,GA,Douglasville,,,,,8295-mossybrook-ln-30135-1780
2026-09-09,INVH,Atlanta,"2016 Sweet Bay Dr, Villa Rica, GA, 30180",Atlanta,INVH-2016-sweet-bay-dr-30180-83633,4,2.0,1939,2030.0,2026-10-19,20 months,False,,,,,,,,https://www.invitationhomes.com/houses-for-rent/2016-sweet-bay-dr-30180-83633,2026-09-06,2026-09-09,GA,Villa Rica,,,,,2016-sweet-bay-dr-30180-83633
2026-09-09,INVH,Atlanta,"2013 Reflective Waters Rd, Villa Rica, GA, 30180",Atlanta,INVH-2013-reflective-waters-rd-30180-8366,5,3.0,3070,2195.0,2026-09-25,20 months,False,,,,,,,,https://www.invitationhomes.com/houses-for-rent/2013-reflective-waters-rd-30180-8366,2026-08-23,2026-09-09,GA,Villa Rica,,,,,2013-reflective-waters-rd-30180-8366
2026-09-09,INVH,Atlanta,"3295 Franklin Forest Dr, Winston, GA, 30187",Atlanta,INVH-3295-franklin-forest-dr-30187-7701,4,2.5,2174,2045.0,2026-09-09,20 months,False,,,,,,,,https://www.invitationhomes.com/houses-for-rent/3295-franklin-forest-dr-30187-7701,2026-04-04,2026-09-09,GA,Winston,,,,,3295-franklin-forest-dr-30187-7701
2026-09-09,INVH,Atlanta,"6236 Shallow Creek Ln, Douglasville, GA, 30135",Atlanta,INVH-6236-shallow-creek-ln-30135-98210,5,2.0,3142,2080.0,2026-09-09,20 months,False,,,,,,,,https://www.invitationhomes.com/houses-for-rent/6236-shallow-creek-ln-30135-98210,2026-04-13,2026-09-09,GA,Douglasville,,,,,6236-shallow-creek-ln-30135-98210
2026-09-09,INVH,Atlanta,"6541 Squire Pl, Douglasville, GA, 30135",Atlanta,INVH-6541-squire-pl-30135-6270,5,3.0,3333,2630.0,2026-10-02,20 months,False,,,,,,,,https://www.invitationhomes.com/houses-for-rent/6541-squire-pl-30135-6270,2026-08-10,2026-09-09,GA,Douglasville,,,,,6541-squire-pl-30135-6270
2026-09-09,INVH,Atlanta,"4050 Lions Gate, Douglasville, GA, 30135",Atlanta,INVH-4050-lions-gate-30135-9693,3,2.5,2008,1845.0,2026-09-09,20 months,False,,,,,,,,https://www.invitationhomes.com/houses-for-rent/4050-lions-gate-30135-9693,2026-04-04,2026-09-09,GA,Douglasville,,,,,4050-lions-gate-30135-9693
2026-09-09,INVH,Atlanta,"6647 Forestdale Ln, Douglasville, GA, 30135",Atlanta,INVH-6647-forestdale-ln-30135-104993,3,2.0,1277,1620.0,2026-09-24,20 months,False,,,,,,,,https://www.invitationhomes.com/houses-for-rent/6647-forestdale-ln-30135-104993,2026-05-09,2026-09-09,GA,Douglasville,,,,,6647-forestdale-ln-30135-104993
2026-09-09,INVH,Atlanta,"4036 Macedin Ct, Douglasville, GA, 30135",Atlanta,INVH-4036-macedin-ct-30135-104756,3,2.0,1425,1760.0,2026-10-08,20 months,False,,,,,,,,https://www.invitationhomes.com/houses-for-rent/4036-macedin-ct-30135-104756,2026-04-04,2026-09-09,GA,Douglasville,,,,,4036-macedin-ct-30135-104756
2026-09-09,INVH,Atlanta,"6265 Lakeview Dr, Douglasville, GA, 30135",Atlanta,INVH-6265-lakeview-dr-30135-106846,4,2.0,1444,1665.0,2026-09-09,20 months,False,,,,,,,,https://www.invitationhomes.com/houses-for-rent/6265-lakeview-dr-30135-106846,2026-07-19,2026-09-09,GA,Douglasville,,,,,6265-lakeview-dr-30135-106846
2026-09-09,INVH,Atlanta,"5996 Zane Ct, Douglasville, GA, 30135",Atlanta,INVH-5996-zane-ct-30135-2258,3,2.0,1193,1595.0,2026-09-09,20 months,False,,,,,,,,https://www.invitationhomes.com/houses-for-rent/5996-zane-ct-30135-2258,2026-07-19,2026-09-09,GA,Douglasville,,,,,5996-zane-ct-30135-2258
2026-09-09,INVH,Atlanta,"3572 Vicki Ln, Douglasville, GA, 30135",Atlanta,INVH-3572-vicki-ln-30135-3257,3,2.0,1799,1620.0,2026-09-09,20 months,False,,,,,,,,https://www.invitationhomes.com/houses-for-rent/3572-vicki-ln-30135-3257,2026-07-19,2026-09-09,GA,Douglasville,,,,,3572-vicki-ln-30135-3257
2026-09-09,INVH,Atlanta,"4881 Tree Tops Dr, Douglasville, GA, 30135",Atlanta,INVH-4881-tree-tops-dr-30135-9948,3,2.5,2057,2045.0,2026-09-29,20 months,False,,,,,,,,https://www.invitationhomes.com/houses-for-rent/4881-tree-tops-dr-30135-9948,2026-05-03,2026-09-09,GA,Douglasville,,,,,4881-tree-tops-dr-30135-9948
2026-09-09,INVH,Atlanta,"6771 Crestbrook Ln, Douglasville, GA, 30134",Atlanta,INVH-6771-crestbrook-ln-30134-5296,3,3.0,2179,1995.0,2026-10-05,20 months,False,,,,,,,,https://www.invitationhomes.com/houses-for-rent/6771-crestbrook-ln-30134-5296,2026-08-23,2026-09-09,GA,Douglasville,,,,,6771-crestbrook-ln-30134-5296
2026-09-09,INVH,Atlanta,"8510 Dawn Ave, Douglasville, GA, 30134",Atlanta,INVH-8510-dawn-ave-30134-107093,5,2.0,1630,1995.0,2026-09-09,20 months,False,,,,,,,,https://www.invitationhomes.com/houses-for-rent/8510-dawn-ave-30134-107093,2026-08-16,2026-09-09,GA,Douglasville,,,,,8510-dawn-ave-30134-107093
2026-09-09,INVH,Atlanta,"8475 Estelle St, Douglasville, GA, 30134",Atlanta,INVH-8475-estelle-st-30134-105868,3,2.0,1589,1875.0,2026-10-15,20 months,False,,,,,,,,https://www.invitationhomes.com/houses-for-rent/8475-estelle-st-30134-105868,2026-09-03,2026-09-09,GA,Douglasville,,,,,8475-estelle-st-30134-105868
2026-09-09,INVH,Atlanta,"8514 Westchester Dr, Douglasville, GA, 30134",Atlanta,INVH-8514-westchester-dr-30134-6424,2,1.5,1334,1399.0,2026-09-09,22 months,False,,,,,,,,https://www.invitationhomes.com/houses-for-rent/8514-westchester-dr-30134-6424,2026-07-19,2026-09-09,GA,Douglasville,,,,,8514-westchester-dr-30134-6424
2026-09-09,INVH,Atlanta,"155 Hidden Brook Trl, Newnan, GA, 30265",Atlanta,INVH-155-hidden-brook-trl-30265-3691,3,2.0,1498,1949.0,2026-10-06,20 months,False,,,,,,,,https://www.invitationhomes.com/houses-for-rent/155-hidden-brook-trl-30265-3691,2026-08-23,2026-09-09,GA,Newnan,,,,,155-hidden-brook-trl-30265-3691
2026-09-09,INVH,Atlanta,"510 Saltlick Trce, Peachtree City, GA, 30269",Atlanta,INVH-510-saltlick-trce-30269-4493,4,2.5,1977,2345.0,2026-09-09,20 months,False,,,,,,,,https://www.invitationhomes.com/houses-for-rent/510-saltlick-trce-30269-4493,2026-05-17,2026-09-09,GA,Peachtree City,,,,,510-saltlick-trce-30269-4493
2026-09-09,INVH,Atlanta,"8605 Garvey Dr, Fairburn, GA, 30213",Atlanta,INVH-8605-garvey-dr-30213-106048,3,2.0,1180,1935.0,2026-09-18,20 months,False,,,,,,,,https://www.invitationhomes.com/houses-for-rent/8605-garvey-dr-30213-106048,2026-09-06,2026-09-09,GA,Fairburn,,,,,8605-garvey-dr-30213-106048
2026-09-09,INVH,Atlanta,"7185 Cane Leaf Dr, Fairburn, GA, 30213",Atlanta,INVH-7185-cane-leaf-dr-30213-104495,3,2.0,2500,1945.0,2026-09-09,20 months,False,,,,,,,,https://www.invitationhomes.com/houses-for-rent/7185-cane-leaf-dr-30213-104495,2026-05-09,2026-09-09,GA,Fairburn,,,,,7185-cane-leaf-dr-30213-104495
2026-09-09,INVH,Atlanta,"84 Black Diamond Dr, Fairburn, GA, 30213",Atlanta,INVH-84-black-diamond-dr-30213-1784,5,2.5,2486,2549.0,2026-09-24,20 months,False,,,,,,,,https://www.invitationhomes.com/houses-for-rent/84-black-diamond-dr-30213-1784,2026-08-10,2026-09-09,GA,Fairburn,,,,,84-black-diamond-dr-30213-1784
2026-09-09,INVH,Atlanta,"125 Concord Ct, Fayetteville, GA, 30214",Atlanta,INVH-125-concord-ct-30214-7534,4,3.5,2600,2590.0,2026-09-09,20 months,False,,,,,,,,https://www.invitationhomes.com/houses-for-rent/125-concord-ct-30214-7534,2026-07-19,2026-09-09,GA,Fayetteville,,,,,125-concord-ct-30214-7534
2026-09-09,INVH,Atlanta,"405 Jefferson Ave, Fayetteville, GA, 30214",Atlanta,INVH-405-jefferson-ave-30214-6481,3,1.5,1401,1780.0,2026-09-09,20 months,False,,,,,,,,https://www.invitationhomes.com/houses-for-rent/405-jefferson-ave-30214-6481,2026-07-19,2026-09-09,GA,Fayetteville,,,,,405-jefferson-ave-30214-6481
2026-09-09,INVH,Atlanta,"465 Benjamin Cir, Fayetteville, GA, 30214",Atlanta,INVH-465-benjamin-cir-fayetteville-ga-30214,3,2.5,1726,2185.0,2026-09-18,20 months,False,,,,,,,,https://www.invitationhomes.com/houses-for-rent/465-benjamin-cir-fayetteville-ga-30214,2026-07-19,2026-09-09,GA,Fayetteville,,,,,465-benjamin-cir-fayetteville-ga-30214
2026-09-09,INVH,Atlanta,"7751 Fabled Pt, Union City, GA, 30291",Atlanta,INVH-7751-fabled-pt-union-city-ga-30291,3,2.0,2467,2265.0,2026-09-09,19 months,False,,,,,,,,https://www.invitationhomes.com/houses-for-rent/7751-fabled-pt-union-city-ga-30291,2026-08-16,2026-09-09,GA,Union City,,,,,7751-fabled-pt-union-city-ga-30291
2026-09-09,INVH,Atlanta,"7282 Madison Cir, Union City, GA, 30291",Atlanta,INVH-7282-madison-cir-union-city-ga-30291,4,2.5,3326,2949.0,2026-10-09,20 months,False,,,,,,,,https://www.invitationhomes.com/houses-for-rent/7282-madison-cir-union-city-ga-30291,2026-09-03,2026-09-09,GA,Union City,,,,,7282-madison-cir-union-city-ga-30291
2026-09-09,INVH,Atlanta,"5767 Village Loop, Fairburn, GA, 30213",Atlanta,INVH-5767-village-loop-30213-3573,3,2.5,1774,1999.0,2026-09-09,20 months,False,,,,,,,,https://www.invitationhomes.com/houses-for-rent/5767-village-loop-30213-3573,2026-05-03,2026-09-09,GA,Fairburn,,,,,5767-village-loop-30213-3573
2026-09-09,INVH,Atlanta,"678 Assolas Ct, Fairburn, GA, 30213",Atlanta,INVH-678-assolas-ct-fairburn-ga-30213,4,2.5,1986,2260.0,2026-10-17,20 months,False,,,,,,,,https://www.invitationhomes.com/houses-for-rent/678-assolas-ct-fairburn-ga-30213,2026-09-03,2026-09-09,GA,Fairburn,,,,,678-assolas-ct-fairburn-ga-30213
2026-09-09,INVH,Atlanta,"510 Waterboy Rd, Fairburn, GA, 30213",Atlanta,INVH-510-waterboy-rd-30213-106107,3,2.0,1356,1860.0,2026-10-12,20 months,False,,,,,,,,https://www.invitationhomes.com/houses-for-rent/510-waterboy-rd-30213-106107,2026-09-03,2026-09-09,GA,Fairburn,,,,,510-waterboy-rd-30213-106107
2026-09-09,INVH,Atlanta,"3424 Newgold Trce, Union City, GA, 30291",Atlanta,INVH-3424-newgold-trce-30291-1512,4,2.5,1985,1925.0,2026-09-09,19 months,False,,,,,,,,https://www.invitationhomes.com/houses-for-rent/3424-newgold-trce-30291-1512,2026-08-23,2026-09-09,GA,Union City,,,,,3424-newgold-trce-30291-1512
2026-09-09,INVH,Atlanta,"6864 Foxfire Pl, Atlanta, GA, 30349",Atlanta,INVH-6864-foxfire-pl-30349-9696,4,2.5,2512,2245.0,2026-09-09,20 months,False,,,,,,,,https://www.invitationhomes.com/houses-for-rent/6864-foxfire-pl-30349-9696,2026-07-19,2026-09-09,GA,Atlanta,,,,,6864-foxfire-pl-30349-9696
2026-09-09,INVH,Atlanta,"6853 Fireside Ln, Atlanta, GA, 30349",Atlanta,INVH-6853-fireside-ln-atlanta-ga-30349,4,3.0,2830,2265.0,2026-09-09,20 months,False,,,,,,,,https://www.invitationhomes.com/houses-for-rent/6853-fireside-ln-atlanta-ga-30349,2026-07-19,2026-09-09,GA,Atlanta,,,,,6853-fireside-ln-atlanta-ga-30349
2026-09-09,INVH,Atlanta,"5100 Greentree Trl, College Park, GA, 30349",Atlanta,INVH-5100-greentree-trl-30349-4666,5,3.5,2724,2549.0,2026-09-09,20 months,False,,,,,,,,https://www.invitationhomes.com/houses-for-rent/5100-greentree-trl-30349-4666,2026-07-19,2026-09-09,GA,College Park,,,,,5100-greentree-trl-30349-4666
2026-09-09,INVH,Atlanta,"4185 Soaring Dr, Douglasville, GA, 30135",Atlanta,INVH-4185-soaring-dr-30135-7095,3,2.5,2170,1995.0,2026-09-20,12 months,False,,,,,,,,https://www.invitationhomes.com/houses-for-rent/4185-soaring-dr-30135-7095,2026-07-19,2026-09-09,GA,Douglasville,,,,,4185-soaring-dr-30135-7095
2026-09-09,INVH,Atlanta,"3465 Ridge Hill Pkwy, Douglasville, GA, 30135",Atlanta,INVH-3465-ridge-hill-pkwy-30135-107548,4,2.0,2000,2180.0,2026-09-25,20 months,False,,,,,,,,https://www.invitationhomes.com/houses-for-rent/3465-ridge-hill-pkwy-30135-107548,2026-08-02,2026-09-09,GA,Douglasville,,,,,3465-ridge-hill-pkwy-30135-107548
2026-09-09,INVH,Atlanta,"4432 Pale Face Dr, Douglasville, GA, 30135",Atlanta,INVH-4432-pale-face-dr-30135-2647,4,3.0,2874,2445.0,2026-09-24,20 months,False,,,,,,,,https://www.invitationhomes.com/houses-for-rent/4432-pale-face-dr-30135-2647,2026-08-10,2026-09-09,GA,Douglasville,,,,,4432-pale-face-dr-30135-2647
2026-09-09,INVH,Atlanta,"2841 Anneewakee Falls Pkwy, Douglasville, GA, 30135",Atlanta,INVH-2841-anneewakee-falls-pkwy-30135-113923,4,3.0,2500,2445.0,2026-09-09,18 months,False,,,,,,,,https://www.invitationhomes.com/houses-for-rent/2841-anneewakee-falls-pkwy-30135-113923,2026-09-03,2026-09-09,GA,Douglasville,,,,,2841-anneewakee-falls-pkwy-30135-113923
2026-09-09,INVH,Atlanta,"3684 Lear Ct, Douglasville, GA, 30135",Atlanta,INVH-3684-lear-ct-30135-107570,5,4.0,4120,2895.0,2026-09-30,20 months,False,,,,,,,,https://www.invitationhomes.com/houses-for-rent/3684-lear-ct-30135-107570,2026-08-16,2026-09-09,GA,Douglasville,,,,,3684-lear-ct-30135-107570
2026-09-09,INVH,Atlanta,"3701 Carolyn Farm Rd, Douglasville, GA, 30135",Atlanta,INVH-3701-carolyn-farm-rd-30135-5000,3,2.5,1940,1799.0,2026-09-09,20 months,False,,,,,,,,https://www.invitationhomes.com/houses-for-rent/3701-carolyn-farm-rd-30135-5000,2026-08-10,2026-09-09,GA,Douglasville,,,,,3701-carolyn-farm-rd-30135-5000
2026-09-09,INVH,Atlanta,"3600 Brookhollow Dr, Douglasville, GA, 30135",Atlanta,INVH-3600-brookhollow-dr-30135-9662,4,2.5,2225,2240.0,2026-09-17,20 months,False,,,,,,,,https://www.invitationhomes.com/houses-for-rent/3600-brookhollow-dr-30135-9662,2026-08-10,2026-09-09,GA,Douglasville,,,,,3600-brookhollow-dr-30135-9662
2026-09-09,INVH,Atlanta,"3690 Brookhollow Dr, Douglasville, GA, 30135",Atlanta,INVH-3690-brookhollow-dr-30135-3346,4,2.5,2225,2245.0,2026-09-18,20 months,False,,,,,,,,https://www.invitationhomes.com/houses-for-rent/3690-brookhollow-dr-30135-3346,2026-09-03,2026-09-09,GA,Douglasville,,,,,3690-brookhollow-dr-30135-3346
2026-09-09,INVH,Atlanta,"9331 Opal Dr, Douglasville, GA, 30135",Atlanta,INVH-9331-opal-dr-30135-95758,4,3.0,2819,2549.0,2026-10-20,20 months,False,,,,,,,,https://www.invitationhomes.com/houses-for-rent/9331-opal-dr-30135-95758,2026-09-06,2026-09-09,GA,Douglasville,,,,,9331-opal-dr-30135-95758
2026-09-09,INVH,Atlanta,"3110 Pritchards Ridge Dr, Douglasville, GA, 30135",Atlanta,INVH-3110-pritchards-ridge-dr-30135-104304,3,2.0,1060,1845.0,2026-10-17,20 months,False,,,,,,,,https://www.invitationhomes.com/houses-for-rent/3110-pritchards-ridge-dr-30135-104304,2026-08-10,2026-09-09,GA,Douglasville,,,,,3110-pritchards-ridge-dr-30135-104304
2026-09-09,INVH,Atlanta,"2813 Herring Pl, Lithia Springs, GA, 30122",Atlanta,INVH-2813-herring-pl-30122-2550,3,2.5,1644,1895.0,2026-09-30,20 months,False,,,,,,,,https://www.invitationhomes.com/houses-for-rent/2813-herring-pl-30122-2550,2026-08-16,2026-09-09,GA,Lithia Springs,,,,,2813-herring-pl-30122-2550
2026-09-09,INVH,Atlanta,"2289 Chestnut Pl, Lithia Springs, GA, 30122",Atlanta,INVH-2289-chestnut-pl-lithia-springs-ga-30122,3,2.0,1192,1595.0,2026-10-15,20 months,False,,,,,,,,https://www.invitationhomes.com/houses-for-rent/2289-chestnut-pl-lithia-springs-ga-30122,2026-09-03,2026-09-09,GA,Lithia Springs,,,,,2289-chestnut-pl-lithia-springs-ga-30122
2026-09-09,INVH,Atlanta,"3035 Pebble Creek Ln, College Park, GA, 30349",Atlanta,INVH-3035-pebble-creek-ln-college-park-ga-30349,3,3.0,1780,1999.0,2026-10-24,20 months,False,,,,,,,,https://www.invitationhomes.com/houses-for-rent/3035-pebble-creek-ln-college-park-ga-30349,2026-09-09,2026-09-09,GA,College Park,,,,,3035-pebble-creek-ln-college-park-ga-30349
2026-09-09,INVH,Atlanta,"334 Parducci Trl, College Park, GA, 30349",Atlanta,INVH-334-parducci-trl-college-park-ga-30349,4,3.0,3200,2695.0,2026-09-10,20 months,False,,,,,,,,https://www.invitationhomes.com/houses-for-rent/334-parducci-trl-college-park-ga-30349,2026-09-03,2026-09-09,GA,College Park,,,,,334-parducci-trl-college-park-ga-30349
2026-09-09,INVH,Atlanta,"2604 Waterdale Rd SW, Atlanta, GA, 30331",Atlanta,INVH-2604-waterdale-rd-sw-30331-9034,3,2.5,2537,2470.0,2026-10-17,20 months,False,,,,,,,,https://www.invitationhomes.com/houses-for-rent/2604-waterdale-rd-sw-30331-9034,2026-09-03,2026-09-09,GA,Atlanta,,,,,2604-waterdale-rd-sw-30331-9034
2026-09-09,INVH,Atlanta,"2614 Summit Pkwy SW, Atlanta, GA, 30331",Atlanta,INVH-2614-summit-pkwy-sw-atlanta-ga-30331,4,2.5,3084,2295.0,2026-10-17,20 months,False,,,,,,,,https://www.invitationhomes.com/houses-for-rent/2614-summit-pkwy-sw-atlanta-ga-30331,2026-09-09,2026-09-09,GA,Atlanta,,,,,2614-summit-pkwy-sw-atlanta-ga-30331
2026-09-09,INVH,Atlanta,"2479 Enon Rd Sw, Atlanta, GA, 30331",Atlanta,INVH-2479-enon-rd-sw-30331-106992,5,2.5,2178,2285.0,2026-09-09,20 months,False,,,,,,,,https://www.invitationhomes.com/houses-for-rent/2479-enon-rd-sw-30331-106992,2026-04-13,2026-09-09,GA,Atlanta,,,,,2479-enon-rd-sw-30331-106992
2026-09-09,INVH,Atlanta,"1023 Rock Hill Pkwy, Lithia Springs, GA, 30122",Atlanta,INVH-1023-rock-hill-pkwy-30122-8814,5,2.5,2429,2095.0,2026-10-01,20 months,False,,,,,,,,https://www.invitationhomes.com/houses-for-rent/1023-rock-hill-pkwy-30122-8814,2026-08-23,2026-09-09,GA,Lithia Springs,,,,,1023-rock-hill-pkwy-30122-8814
2026-09-09,INVH,Atlanta,"902 Rock Hill Pkwy, Lithia Springs, GA, 30122",Atlanta,INVH-902-rock-hill-pkwy-30122-3680,5,2.5,2420,2299.0,2026-09-09,20 months,False,,,,,,,,https://www.invitationhomes.com/houses-for-rent/902-rock-hill-pkwy-30122-3680,2026-06-09,2026-09-09,GA,Lithia Springs,,,,,902-rock-hill-pkwy-30122-3680
2026-09-09,INVH,Atlanta,"2445 Valley Creek Dr, Lithia Springs, GA, 30122",Atlanta,INVH-2445-valley-creek-dr-30122-2855,4,2.5,2420,2370.0,2026-09-10,20 months,False,,,,,,,,https://www.invitationhomes.com/houses-for-rent/2445-valley-creek-dr-30122-2855,2026-08-02,2026-09-09,GA,Lithia Springs,,,,,2445-valley-creek-dr-30122-2855
2026-09-09,INVH,Atlanta,"798 Rockingham Dr, Lithia Springs, GA, 30122",Atlanta,INVH-798-rockingham-drive-30122-4450,5,2.5,2348,2175.0,2026-09-09,20 months,False,,,,,,,,https://www.invitationhomes.com/houses-for-rent/798-rockingham-drive-30122-4450,2026-08-23,2026-09-09,GA,Lithia Springs,,,,,798-rockingham-drive-30122-4450
2026-09-09,INVH,Atlanta,"5550 Big Boat Dr Sw, Atlanta, GA, 30331",Atlanta,INVH-5550-big-boat-dr-sw-30331-106322,4,2.0,2860,2895.0,2026-09-17,20 months,False,,,,,,,,https://www.invitationhomes.com/houses-for-rent/5550-big-boat-dr-sw-30331-106322,2026-08-02,2026-09-09,GA,Atlanta,,,,,5550-big-boat-dr-sw-30331-106322
2026-09-09,INVH,Atlanta,"1161 Cascade Hills Dr SW, Atlanta, GA, 30331",Atlanta,INVH-1161-cascade-hills-dr-sw-30331-1794,4,2.5,3168,2795.0,2026-09-09,20 months,False,,,,,,,,https://www.invitationhomes.com/houses-for-rent/1161-cascade-hills-dr-sw-30331-1794,2026-08-02,2026-09-09,GA,Atlanta,,,,,1161-cascade-hills-dr-sw-30331-1794
2026-09-09,INVH,Atlanta,"405 Basildon Cv #247, Union City, GA, 30291",Atlanta,INVH-405-basildon-cv-247-30291-106360,3,2.0,1624,1990.0,2026-10-17,20 months,False,,,,,,,,https://www.invitationhomes.com/houses-for-rent/405-basildon-cv-247-30291-106360,2026-09-03,2026-09-09,GA,Union City,,,,,405-basildon-cv-247-30291-106360
2026-09-09,INVH,Atlanta,"6390 Ashdale Dr, Atlanta, GA, 30349",Atlanta,INVH-6390-ashdale-dr-30349-106325,3,2.0,1060,1580.0,2026-09-24,20 months,False,,,,,,,,https://www.invitationhomes.com/houses-for-rent/6390-ashdale-dr-30349-106325,2026-09-09,2026-09-09,GA,Atlanta,,,,,6390-ashdale-dr-30349-106325
2026-09-09,INVH,Atlanta,"6395 El Caudillo Ct, College Park, GA, 30349",Atlanta,INVH-6395-el-caudillo-ct-30349-105377,3,2.0,1624,1849.0,2026-09-09,20 months,False,,,,,,,,https://www.invitationhomes.com/houses-for-rent/6395-el-caudillo-ct-30349-105377,2026-04-04,2026-09-09,GA,College Park,,,,,6395-el-caudillo-ct-30349-105377
2026-09-09,INVH,Atlanta,"6445 Tahoe Dr, Atlanta, GA, 30349",Atlanta,INVH-6445-tahoe-dr-30349-103849,3,2.0,2469,2195.0,2026-09-09,20 months,False,,,,,,,,https://www.invitationhomes.com/houses-for-rent/6445-tahoe-dr-30349-103849,2026-09-03,2026-09-09,GA,Atlanta,,,,,6445-tahoe-dr-30349-103849
2026-09-09,INVH,Atlanta,"3455 Carriage Chase Rd, Atlanta, GA, 30349",Atlanta,INVH-3455-carriage-chase-rd-30349-4231,3,2.5,1455,1849.0,2026-09-09,20 months,False,,,,,,,,https://www.invitationhomes.com/houses-for-rent/3455-carriage-chase-rd-30349-4231,2026-07-19,2026-09-09,GA,Atlanta,,,,,3455-carriage-chase-rd-30349-4231
2026-09-09,INVH,Atlanta,"4517 Creekside Cv, Atlanta, GA, 30349",Atlanta,INVH-4517-creekside-cv-atlanta-ga-30349,4,2.5,2413,2420.0,2026-09-09,20 months,False,,,,,,,,https://www.invitationhomes.com/houses-for-rent/4517-creekside-cv-atlanta-ga-30349,2026-07-19,2026-09-09,GA,Atlanta,,,,,4517-creekside-cv-atlanta-ga-30349
2026-09-09,INVH,Atlanta,"200 Laura Cir, Atlanta, GA, 30349",Atlanta,INVH-200-laura-cir-atlanta-ga-30349,3,2.5,2295,2295.0,2026-09-27,20 months,False,,,,,,,,https://www.invitationhomes.com/houses-for-rent/200-laura-cir-atlanta-ga-30349,2026-08-16,2026-09-09,GA,Atlanta,,,,,200-laura-cir-atlanta-ga-30349
2026-09-09,INVH,Atlanta,"4536 Parkway Cir, Atlanta, GA, 30349",Atlanta,INVH-4536-parkway-cir-atlanta-ga-30349,4,2.5,2652,2235.0,2026-09-09,20 months,False,,,,,,,,https://www.invitationhomes.com/houses-for-rent/4536-parkway-cir-atlanta-ga-30349,2026-08-16,2026-09-09,GA,Atlanta,,,,,4536-parkway-cir-atlanta-ga-30349
2026-09-09,INVH,Atlanta,"3827 Lake Haven Way, Atlanta, GA, 30349",Atlanta,INVH-3827-lake-haven-way-atlanta-ga-30349,5,4.0,3702,3445.0,2026-09-19,20 months,False,,,,,,,,https://www.invitationhomes.com/houses-for-rent/3827-lake-haven-way-atlanta-ga-30349,2026-08-10,2026-09-09,GA,Atlanta,,,,,3827-lake-haven-way-atlanta-ga-30349
2026-09-09,INVH,Atlanta,"3612 Tinsley Way SW, Atlanta, GA, 30331",Atlanta,INVH-3612-tinsley-way-sw-atlanta-ga-30331,4,2.5,1742,2249.0,2026-09-09,20 months,False,,,,,,,,https://www.invitationhomes.com/houses-for-rent/3612-tinsley-way-sw-atlanta-ga-30331,2026-09-03,2026-09-09,GA,Atlanta,,,,,3612-tinsley-way-sw-atlanta-ga-30331
2026-09-09,INVH,Atlanta,"6297 Queens Ct, Riverdale, GA, 30296",Atlanta,INVH-6297-queens-ct-riverdale-ga-30296,3,2.5,1972,1940.0,2026-09-09,20 months,False,,,,,,,,https://www.invitationhomes.com/houses-for-rent/6297-queens-ct-riverdale-ga-30296,2026-04-04,2026-09-09,GA,Riverdale,,,,,6297-queens-ct-riverdale-ga-30296
2026-09-09,INVH,Atlanta,"4616 Greenleaf Cir Sw, Atlanta, GA, 30331",Atlanta,INVH-4616-greenleaf-cir-sw-30331-104620,5,2.0,2045,2345.0,2026-09-14,20 months,False,,,,,,,,https://www.invitationhomes.com/houses-for-rent/4616-greenleaf-cir-sw-30331-104620,2026-09-03,2026-09-09,GA,Atlanta,,,,,4616-greenleaf-cir-sw-30331-104620
2026-09-09,INVH,Atlanta,"2211 Doral Ct Sw, Atlanta, GA, 30331",Atlanta,INVH-2211-doral-ct-sw-30331-105232,5,2.0,2102,2395.0,2026-09-09,20 months,False,,,,,,,,https://www.invitationhomes.com/houses-for-rent/2211-doral-ct-sw-30331-105232,2026-09-03,2026-09-09,GA,Atlanta,,,,,2211-doral-ct-sw-30331-105232
2026-09-09,INVH,Atlanta,"2344 Omaha Rd Sw, Atlanta, GA, 30331",Atlanta,INVH-2344-omaha-rd-sw-30331-104497,4,2.0,2012,2095.0,2026-09-09,20 months,False,,,,,,,,https://www.invitationhomes.com/houses-for-rent/2344-omaha-rd-sw-30331-104497,2026-07-19,2026-09-09,GA,Atlanta,,,,,2344-omaha-rd-sw-30331-104497
2026-09-09,INVH,Atlanta,"2280 Pemberton Rd Sw, Atlanta, GA, 30331",Atlanta,INVH-2280-pemberton-rd-sw-30331-103847,4,2.0,1326,1949.0,2026-09-09,20 months,False,,,,,,,,https://www.invitationhomes.com/houses-for-rent/2280-pemberton-rd-sw-30331-103847,2026-09-03,2026-09-09,GA,Atlanta,,,,,2280-pemberton-rd-sw-30331-103847
2026-09-09,INVH,Atlanta,"3187 Flamingo Dr, East Point, GA, 30344",Atlanta,INVH-3187-flamingo-dr-30344-105358,5,2.0,1590,2090.0,2026-10-17,20 months,False,,,,,,,,https://www.invitationhomes.com/houses-for-rent/3187-flamingo-dr-30344-105358,2026-09-03,2026-09-09,GA,East Point,,,,,3187-flamingo-dr-30344-105358
2026-09-09,INVH,Atlanta,"3074 Boulder Way, East Point, GA, 30344",Atlanta,INVH-3074-boulder-way-30344-106951,5,2.0,2183,2295.0,2026-09-09,20 months,False,,,,,,,,https://www.invitationhomes.com/houses-for-rent/3074-boulder-way-30344-106951,2026-08-10,2026-09-09,GA,East Point,,,,,3074-boulder-way-30344-106951
2026-09-09,INVH,Atlanta,"2413 Ben Hill Rd, Atlanta, GA, 30344",Atlanta,INVH-2413-ben-hill-rd-30344-98093,3,2.0,1300,1625.0,2026-09-09,20 months,False,,,,,,,,https://www.invitationhomes.com/houses-for-rent/2413-ben-hill-rd-30344-98093,2026-05-17,2026-09-09,GA,Atlanta,,,,,2413-ben-hill-rd-30344-98093
2026-09-09,INVH,Atlanta,"2740 Bonnybrook Dr Sw, Atlanta, GA, 30311",Atlanta,INVH-2740-bonnybrook-dr-sw-30311-98844,3,2.0,1200,1720.0,2026-09-09,20 months,False,,,,,,,,https://www.invitationhomes.com/houses-for-rent/2740-bonnybrook-dr-sw-30311-98844,2026-06-14,2026-09-09,GA,Atlanta,,,,,2740-bonnybrook-dr-sw-30311-98844
2026-09-09,INVH,Atlanta,"2493 Romain Way, East Point, GA, 30344",Atlanta,INVH-2493-romain-way-30344-105339,3,2.0,1488,1945.0,2026-09-11,20 months,False,,,,,,,,https://www.invitationhomes.com/houses-for-rent/2493-romain-way-30344-105339,2026-08-02,2026-09-09,GA,East Point,,,,,2493-romain-way-30344-105339
2026-09-09,INVH,Atlanta,"740 Greenwood Ln SW, Atlanta, GA, 30331",Atlanta,INVH-740-greenwood-ln-sw-atlanta-ga-30331,3,3.0,1956,2370.0,2026-09-09,20 months,False,,,,,,,,https://www.invitationhomes.com/houses-for-rent/740-greenwood-ln-sw-atlanta-ga-30331,2026-09-03,2026-09-09,GA,Atlanta,,,,,740-greenwood-ln-sw-atlanta-ga-30331
2026-09-09,INVH,Atlanta,"678 Utoy Cir Sw, Atlanta, GA, 30331",Atlanta,INVH-678-utoy-cir-sw-30331-105679,3,2.0,1387,1920.0,2026-10-01,20 months,False,,,,,,,,https://www.invitationhomes.com/houses-for-rent/678-utoy-cir-sw-30331-105679,2026-08-23,2026-09-09,GA,Atlanta,,,,,678-utoy-cir-sw-30331-105679
2026-09-09,INVH,Atlanta,"1707 Laurens Dr Sw, Atlanta, GA, 30311",Atlanta,INVH-1707-laurens-dr-sw-30311-104047,3,2.0,1716,2295.0,2026-09-09,20 months,False,,,,,,,,https://www.invitationhomes.com/houses-for-rent/1707-laurens-dr-sw-30311-104047,2026-08-02,2026-09-09,GA,Atlanta,,,,,1707-laurens-dr-sw-30311-104047
2026-09-09,INVH,Atlanta,"1929 E Farris Ave, East Point, GA, 30344",Atlanta,INVH-1929-e-farris-ave-30344-104140,5,2.0,1667,2195.0,2026-09-30,20 months,False,,,,,,,,https://www.invitationhomes.com/houses-for-rent/1929-e-farris-ave-30344-104140,2026-08-16,2026-09-09,GA,East Point,,,,,1929-e-farris-ave-30344-104140
2026-09-09,INVH,Atlanta,"1372 E Forrest Ave, East Point, GA, 30344",Atlanta,INVH-1372-e-forrest-ave-30344-106927,3,2.0,960,1760.0,2026-09-09,20 months,False,,,,,,,,https://www.invitationhomes.com/houses-for-rent/1372-e-forrest-ave-30344-106927,2026-05-17,2026-09-09,GA,East Point,,,,,1372-e-forrest-ave-30344-106927
2026-09-09,INVH,Atlanta,"2037 Woodberry Ave, East Point, GA, 30344",Atlanta,INVH-2037-woodberry-ave-30344-104096,4,2.0,1367,1970.0,2026-09-11,20 months,False,,,,,,,,https://www.invitationhomes.com/houses-for-rent/2037-woodberry-ave-30344-104096,2026-09-03,2026-09-09,GA,East Point,,,,,2037-woodberry-ave-30344-104096
2026-09-09,INVH,Atlanta,"3170 Jackson St, Hapeville, GA, 30354",Atlanta,INVH-3170-jackson-st-30354-106725,4,2.0,1542,2099.0,2026-09-17,20 months,False,,,,,,,,https://www.invitationhomes.com/houses-for-rent/3170-jackson-st-30354-106725,2026-08-10,2026-09-09,GA,Hapeville,,,,,3170-jackson-st-30354-106725
2026-09-09,INVH,Atlanta,"70 Macon Pl Se, Atlanta, GA, 30354",Atlanta,INVH-70-macon-pl-se-30354-98894,3,1.0,1000,1475.0,2026-09-09,20 months,False,,,,,,,,https://www.invitationhomes.com/houses-for-rent/70-macon-pl-se-30354-98894,2026-09-03,2026-09-09,GA,Atlanta,,,,,70-macon-pl-se-30354-98894
2026-09-09,INVH,Atlanta,"300 Banberry Dr Se, Atlanta, GA, 30315",Atlanta,INVH-300-banberry-dr-se-30315-103982,3,1.0,1160,1845.0,2026-09-09,20 months,False,,,,,,,,https://www.invitationhomes.com/houses-for-rent/300-banberry-dr-se-30315-103982,2026-08-23,2026-09-09,GA,Atlanta,,,,,300-banberry-dr-se-30315-103982
2026-09-09,INVH,Tampa,"3016 Palamore Dr, Holiday, FL, 34691",Tampa,INVH-3016-palamore-dr-34691-103630,4,2.0,1835,2195.0,2026-09-09,23 months,False,,,,,,,,https://www.invitationhomes.com/houses-for-rent/3016-palamore-dr-34691-103630,2026-08-02,2026-09-09,FL,Holiday,,,,,3016-palamore-dr-34691-103630
2026-09-09,INVH,Tampa,"5176 Forum Blvd, Holiday, FL, 34690",Tampa,INVH-5176-forum-blvd-34690-116235,2,2.5,1541,1825.0,2026-09-09,24 months,False,,,,,,,,https://www.invitationhomes.com/houses-for-rent/5176-forum-blvd-34690-116235,2026-07-19,2026-09-09,FL,Holiday,,,,,5176-forum-blvd-34690-116235
2026-09-09,INVH,Tampa,"5181 Forum Blvd, Holiday, FL, 34690",Tampa,INVH-5181-forum-blvd-34690-116239,3,2.5,1634,2085.0,2026-10-01,24 months,False,,,,,,,,https://www.invitationhomes.com/houses-for-rent/5181-forum-blvd-34690-116239,2026-08-23,2026-09-09,FL,Holiday,,,,,5181-forum-blvd-34690-116239
2026-09-09,INVH,Tampa,"7735 Cypress Walk Dr, New Port Richey, FL, 34655",Tampa,INVH-7735-cypress-walk-dr-34655-112864,4,2.5,2007,2640.0,2026-10-15,19 months,False,,,,,,,,https://www.invitationhomes.com/houses-for-rent/7735-cypress-walk-dr-34655-112864,2026-09-03,2026-09-09,FL,New Port Richey,,,,,7735-cypress-walk-dr-34655-112864
2026-09-09,INVH,Tampa,"7839 Putnam Cir, New Port Richey, FL, 34655",Tampa,INVH-7839-putnam-cir-34655-4014,3,2.0,1475,1930.0,2026-09-09,23 months,False,,,,,,,,https://www.invitationhomes.com/houses-for-rent/7839-putnam-cir-34655-4014,2026-08-02,2026-09-09,FL,New Port Richey,,,,,7839-putnam-cir-34655-4014
2026-09-09,INVH,Tampa,"8450 Druid Oaks Ln, New Port Richey, FL, 34655",Tampa,INVH-8450-druid-oaks-ln-34655-115867,2,2.5,1541,1875.0,2026-09-09,24 months,False,,,,,,,,https://www.invitationhomes.com/houses-for-rent/8450-druid-oaks-ln-34655-115867,2026-06-14,2026-09-09,FL,New Port Richey,,,,,8450-druid-oaks-ln-34655-115867
2026-09-09,INVH,Tampa,"8459 Houndstooth Enclave Dr, New Port Richey, FL, 34655",Tampa,INVH-8459-houndstooth-enclave-dr-34655-115997,3,2.5,2319,2399.0,2026-09-09,24 months,False,,,,,,,,https://www.invitationhomes.com/houses-for-rent/8459-houndstooth-enclave-dr-34655-115997,2026-07-19,2026-09-09,FL,New Port Richey,,,,,8459-houndstooth-enclave-dr-34655-115997
2026-09-09,INVH,Tampa,"8477 Campus Woods Wy, New Port Richey, FL, 34655",Tampa,INVH-8477-campus-woods-wy-34655-115874,2,2.5,1541,1949.0,2026-10-18,24 months,False,,,,,,,,https://www.invitationhomes.com/houses-for-rent/8477-campus-woods-wy-34655-115874,2026-09-03,2026-09-09,FL,New Port Richey,,,,,8477-campus-woods-wy-34655-115874
2026-09-09,INVH,Tampa,"8497 Campus Woods Wy, New Port Richey, FL, 34655",Tampa,INVH-8497-campus-woods-wy-34655-115879,2,2.5,1541,1899.0,2026-10-09,24 months,False,,,,,,,,https://www.invitationhomes.com/houses-for-rent/8497-campus-woods-wy-34655-115879,2026-09-03,2026-09-09,FL,New Port Richey,,,,,8497-campus-woods-wy-34655-115879
2026-09-09,INVH,Tampa,"8472 Druid Oaks Ln, New Port Richey, FL, 34655",Tampa,INVH-8472-druid-oaks-ln-34655-115862,2,2.5,1541,1875.0,2026-09-09,24 months,False,,,,,,,,https://www.invitationhomes.com/houses-for-rent/8472-druid-oaks-ln-34655-115862,2026-06-09,2026-09-09,FL,New Port Richey,,,,,8472-druid-oaks-ln-34655-115862
2026-09-09,INVH,Tampa,"8476 Druid Oaks Ln, New Port Richey, FL, 34655",Tampa,INVH-8476-druid-oaks-ln-34655-115861,2,2.5,1541,1899.0,2026-09-09,24 months,False,,,,,,,,https://www.invitationhomes.com/houses-for-rent/8476-druid-oaks-ln-34655-115861,2026-07-19,2026-09-09,FL,New Port Richey,,,,,8476-druid-oaks-ln-34655-115861
2026-09-09,INVH,Tampa,"2864 Coach Manors Wy, New Port Richey, FL, 34655",Tampa,INVH-2864-coach-manors-wy-34655-115963,3,2.5,1801,2349.0,2026-09-09,24 months,False,,,,,,,,https://www.invitationhomes.com/houses-for-rent/2864-coach-manors-wy-34655-115963,2026-08-02,2026-09-09,FL,New Port Richey,,,,,2864-coach-manors-wy-34655-115963
2026-09-09,INVH,Tampa,"8467 Druid Oaks Ln, New Port Richey, FL, 34655",Tampa,INVH-8467-druid-oaks-ln-34655-115920,3,2.5,1634,2125.0,2026-09-24,24 months,False,,,,,,,,https://www.invitationhomes.com/houses-for-rent/8467-druid-oaks-ln-34655-115920,2026-08-10,2026-09-09,FL,New Port Richey,,,,,8467-druid-oaks-ln-34655-115920
2026-09-09,INVH,Tampa,"8471 Druid Oaks Ln, New Port Richey, FL, 34655",Tampa,INVH-8471-druid-oaks-ln-34655-115921,2,2.5,1541,1899.0,2026-09-09,24 months,False,,,,,,,,https://www.invitationhomes.com/houses-for-rent/8471-druid-oaks-ln-34655-115921,2026-07-19,2026-09-09,FL,New Port Richey,,,,,8471-druid-oaks-ln-34655-115921
2026-09-09,INVH,Tampa,"8477 Druid Oaks Ln, New Port Richey, FL, 34655",Tampa,INVH-8477-druid-oaks-ln-34655-115922,2,2.5,1541,1899.0,2026-09-09,24 months,False,,,,,,,,https://www.invitationhomes.com/houses-for-rent/8477-druid-oaks-ln-34655-115922,2026-08-10,2026-09-09,FL,New Port Richey,,,,,8477-druid-oaks-ln-34655-115922
2026-09-09,INVH,Tampa,"8510 Houndstooth Enclave Dr, New Port Richey, FL, 34655",Tampa,INVH-8510-houndstooth-enclave-dr-34655-115901,3,2.5,1634,2125.0,2026-10-20,24 months,False,,,,,,,,https://www.invitationhomes.com/houses-for-rent/8510-houndstooth-enclave-dr-34655-115901,2026-09-06,2026-09-09,FL,New Port Richey,,,,,8510-houndstooth-enclave-dr-34655-115901
2026-09-09,INVH,Tampa,"8514 Houndstooth Enclave Dr, New Port Richey, FL, 34655",Tampa,INVH-8514-houndstooth-enclave-dr-34655-115900,3,2.5,1634,2125.0,2026-10-19,24 months,False,,,,,,,,https://www.invitationhomes.com/houses-for-rent/8514-houndstooth-enclave-dr-34655-115900,2026-09-06,2026-09-09,FL,New Port Richey,,,,,8514-houndstooth-enclave-dr-34655-115900
2026-09-09,INVH,Tampa,"8501 Houndstooth Enclave Dr, New Port Richey, FL, 34655",Tampa,INVH-8501-houndstooth-enclave-dr-34655-116004,3,2.5,2466,2649.0,2026-09-09,24 months,False,,,,,,,,https://www.invitationhomes.com/houses-for-rent/8501-houndstooth-enclave-dr-34655-116004,2026-09-03,2026-09-09,FL,New Port Richey,,,,,8501-houndstooth-enclave-dr-34655-116004
2026-09-09,INVH,Tampa,"2880 Yellowhammer Wy, New Port Richey, FL, 34655",Tampa,INVH-2880-yellowhammer-wy-34655-115990,3,2.5,2319,2399.0,2026-09-09,24 months,False,,,,,,,,https://www.invitationhomes.com/houses-for-rent/2880-yellowhammer-wy-34655-115990,2026-05-24,2026-09-09,FL,New Port Richey,,,,,2880-yellowhammer-wy-34655-115990
2026-09-09,INVH,Tampa,"2910 Yellowhammer Wy, New Port Richey, FL, 34655",Tampa,INVH-2910-yellowhammer-wy-34655-115985,3,2.5,1801,2325.0,2026-09-09,24 months,False,,,,,,,,https://www.invitationhomes.com/houses-for-rent/2910-yellowhammer-wy-34655-115985,2026-07-19,2026-09-09,FL,New Port Richey,,,,,2910-yellowhammer-wy-34655-115985
2026-09-09,INVH,Tampa,"2894 Coach Manors Wy, New Port Richey, FL, 34655",Tampa,INVH-2894-coach-manors-wy-34655-115958,3,2.5,1801,2349.0,2026-09-15,24 months,False,,,,,,,,https://www.invitationhomes.com/houses-for-rent/2894-coach-manors-wy-34655-115958,2026-08-02,2026-09-09,FL,New Port Richey,,,,,2894-coach-manors-wy-34655-115958
2026-09-09,INVH,Tampa,"8271 Birch Haven Ln, New Port Richey, FL, 34655",Tampa,INVH-8271-birch-haven-ln-34655-115812,2,2.5,1541,1899.0,2026-09-09,24 months,False,,,,,,,,https://www.invitationhomes.com/houses-for-rent/8271-birch-haven-ln-34655-115812,2026-07-19,2026-09-09,FL,New Port Richey,,,,,8271-birch-haven-ln-34655-115812
2026-09-09,INVH,Tampa,"3078 Bryant Park Dr, New Port Richey, FL, 34655",Tampa,INVH-3078-bryant-park-dr-34655-116030,3,2.5,1801,2349.0,2026-10-16,24 months,False,,,,,,,,https://www.invitationhomes.com/houses-for-rent/3078-bryant-park-dr-34655-116030,2026-09-03,2026-09-09,FL,New Port Richey,,,,,3078-bryant-park-dr-34655-116030
2026-09-09,INVH,Tampa,"3104 Bryant Park Dr, New Port Richey, FL, 34655",Tampa,INVH-3104-bryant-park-dr-34655-116036,3,2.5,2466,2649.0,2026-09-28,24 months,False,,,,,,,,https://www.invitationhomes.com/houses-for-rent/3104-bryant-park-dr-34655-116036,2026-09-03,2026-09-09,FL,New Port Richey,,,,,3104-bryant-park-dr-34655-116036
2026-09-09,INVH,Tampa,"8233 Crescent Moon Dr, New Port Richey, FL, 34655",Tampa,INVH-8233-crescent-moon-dr-34655-9488,5,2.5,2213,2545.0,2026-10-16,23 months,False,,,,,,,,https://www.invitationhomes.com/houses-for-rent/8233-crescent-moon-dr-34655-9488,2026-09-03,2026-09-09,FL,New Port Richey,,,,,8233-crescent-moon-dr-34655-9488
2026-09-09,INVH,Tampa,"1353 Impatiens Ct, Trinity, FL, 34655",Tampa,INVH-1353-impatiens-ct-34655-9754,4,3.0,2481,2845.0,2026-10-09,19 months,False,,,,,,,,https://www.invitationhomes.com/houses-for-rent/1353-impatiens-ct-34655-9754,2026-09-03,2026-09-09,FL,Trinity,,,,,1353-impatiens-ct-34655-9754
2026-09-09,INVH,Tampa,"2144 Edelweiss Loop, Trinity, FL, 34655",Tampa,INVH-2144-edelweiss-loop-trinity-fl-34655,4,3.0,2406,2795.0,2026-09-26,19 months,False,,,,,,,,https://www.invitationhomes.com/houses-for-rent/2144-edelweiss-loop-trinity-fl-34655,2026-08-16,2026-09-09,FL,Trinity,,,,,2144-edelweiss-loop-trinity-fl-34655
2026-09-09,INVH,Tampa,"4870 Mill Run Dr, New Port Richey, FL, 34653",Tampa,INVH-4870-mill-run-dr-new-port-richey-fl-34653,3,2.0,1756,2245.0,2026-10-15,23 months,False,,,,,,,,https://www.invitationhomes.com/houses-for-rent/4870-mill-run-dr-new-port-richey-fl-34653,2026-09-03,2026-09-09,FL,New Port Richey,,,,,4870-mill-run-dr-new-port-richey-fl-34653
2026-09-09,INVH,Tampa,"7720 Deer Foot Dr, New Port Richey, FL, 34653",Tampa,INVH-7720-deer-foot-dr-34653-103410,2,2.0,1200,1885.0,2026-09-16,23 months,False,,,,,,,,https://www.invitationhomes.com/houses-for-rent/7720-deer-foot-dr-34653-103410,2026-05-03,2026-09-09,FL,New Port Richey,,,,,7720-deer-foot-dr-34653-103410
2026-09-09,INVH,Tampa,"7317 Bramblewood Dr, Port Richey, FL, 34668",Tampa,INVH-7317-bramblewood-dr-port-richey-fl-34668,3,2.0,1520,1699.0,2026-09-09,23 months,False,,,,,,,,https://www.invitationhomes.com/houses-for-rent/7317-bramblewood-dr-port-richey-fl-34668,2026-07-19,2026-09-09,FL,Port Richey,,,,,7317-bramblewood-dr-port-richey-fl-34668
2026-09-09,INVH,Tampa,"8033 Banister Ln, Port Richey, FL, 34668",Tampa,INVH-8033-banister-ln-34668-103560,3,2.0,1600,1845.0,2026-09-09,23 months,False,,,,,,,,https://www.invitationhomes.com/houses-for-rent/8033-banister-ln-34668-103560,2026-07-19,2026-09-09,FL,Port Richey,,,,,8033-banister-ln-34668-103560
2026-09-09,INVH,Tampa,"9120 Crabtree Ln, Port Richey, FL, 34668",Tampa,INVH-9120-crabtree-ln-34668-103419,3,2.0,1375,1849.0,2026-09-14,24 months,False,,,,,,,,https://www.invitationhomes.com/houses-for-rent/9120-crabtree-ln-34668-103419,2026-08-02,2026-09-09,FL,Port Richey,,,,,9120-crabtree-ln-34668-103419
2026-09-09,INVH,Tampa,"7410 Ivanhoe Dr, Port Richey, FL, 34668",Tampa,INVH-7410-ivanhoe-dr-34668-103781,3,2.0,1209,1775.0,2026-10-03,23 months,False,,,,,,,,https://www.invitationhomes.com/houses-for-rent/7410-ivanhoe-dr-34668-103781,2026-08-23,2026-09-09,FL,Port Richey,,,,,7410-ivanhoe-dr-34668-103781
2026-09-09,INVH,Tampa,"8042 Lansing Dr, New Port Richey, FL, 34654",Tampa,INVH-8042-lansing-dr-34654-103499,3,2.0,1422,2045.0,2026-09-09,23 months,False,,,,,,,,https://www.invitationhomes.com/houses-for-rent/8042-lansing-dr-34654-103499,2026-07-19,2026-09-09,FL,New Port Richey,,,,,8042-lansing-dr-34654-103499
2026-09-09,INVH,Tampa,"11013 Bentwood Ct, New Port Richey, FL, 34654",Tampa,INVH-11013-bentwood-ct-34654-8051,3,2.0,1344,1860.0,2026-09-10,23 months,False,,,,,,,,https://www.invitationhomes.com/houses-for-rent/11013-bentwood-ct-34654-8051,2026-08-02,2026-09-09,FL,New Port Richey,,,,,11013-bentwood-ct-34654-8051
2026-09-09,INVH,Tampa,"9301 Edistro Pl, New Port Richey, FL, 34654",Tampa,INVH-9301-edistro-pl-new-port-richey-fl-34654,3,2.0,1863,2249.0,2026-09-09,23 months,False,,,,,,,,https://www.invitationhomes.com/houses-for-rent/9301-edistro-pl-new-port-richey-fl-34654,2026-08-02,2026-09-09,FL,New Port Richey,,,,,9301-edistro-pl-new-port-richey-fl-34654
2026-09-09,INVH,Tampa,"7935 Fox Hollow Dr, Port Richey, FL, 34668",Tampa,INVH-7935-fox-hollow-dr-34668-103371,3,1.0,1225,1595.0,2026-09-09,23 months,False,,,,,,,,https://www.invitationhomes.com/houses-for-rent/7935-fox-hollow-dr-34668-103371,2026-06-14,2026-09-09,FL,Port Richey,,,,,7935-fox-hollow-dr-34668-103371
2026-09-09,INVH,Tampa,"11234 Clear Oak Cir, New Port Richey, FL, 34654",Tampa,INVH-11234-clear-oak-cir-34654-4850,3,2.0,1632,1995.0,2026-10-07,23 months,False,,,,,,,,https://www.invitationhomes.com/houses-for-rent/11234-clear-oak-cir-34654-4850,2026-09-03,2026-09-09,FL,New Port Richey,,,,,11234-clear-oak-cir-34654-4850
2026-09-09,INVH,Tampa,"15723 Sea Pines Dr, Hudson, FL, 34667",Tampa,INVH-15723-sea-pines-dr-34667-103568,3,2.0,1550,2015.0,2026-09-14,23 months,False,,,,,,,,https://www.invitationhomes.com/houses-for-rent/15723-sea-pines-dr-34667-103568,2026-08-02,2026-09-09,FL,Hudson,,,,,15723-sea-pines-dr-34667-103568
2026-09-09,INVH,Tampa,"19707 Wyndcliff Dr, Odessa, FL, 33556",Tampa,INVH-19707-wyndcliff-dr-33556-94840,3,2.0,2202,2595.0,2026-10-04,23 months,False,,,,,,,,https://www.invitationhomes.com/houses-for-rent/19707-wyndcliff-dr-33556-94840,2026-08-23,2026-09-09,FL,Odessa,,,,,19707-wyndcliff-dr-33556-94840
2026-09-09,INVH,Tampa,"1241 Brooke View Dr, Odessa, FL, 33556",Tampa,INVH-1241-brooke-view-dr-odessa-fl-33556,4,2.5,2426,3095.0,2026-10-19,19 months,False,,,,,,,,https://www.invitationhomes.com/houses-for-rent/1241-brooke-view-dr-odessa-fl-33556,2026-09-06,2026-09-09,FL,Odessa,,,,,1241-brooke-view-dr-odessa-fl-33556
2026-09-09,INVH,Tampa,"1021 Torreya Way, Odessa, FL, 33556",Tampa,INVH-1021-torreya-way-odessa-fl-33556,3,2.0,1829,2645.0,2026-09-09,19 months,False,,,,,,,,https://www.invitationhomes.com/houses-for-rent/1021-torreya-way-odessa-fl-33556,2026-05-17,2026-09-09,FL,Odessa,,,,,1021-torreya-way-odessa-fl-33556
2026-09-09,INVH,Tampa,"1022 Torreya Way, Odessa, FL, 33556",Tampa,INVH-1022-torreya-way-33556-112585,3,2.0,1822,2545.0,2026-09-22,23 months,False,,,,,,,,https://www.invitationhomes.com/houses-for-rent/1022-torreya-way-33556-112585,2026-08-16,2026-09-09,FL,Odessa,,,,,1022-torreya-way-33556-112585
2026-09-09,INVH,Tampa,"4610 Kilcoyne Ct, Lutz, FL, 33558",Tampa,INVH-4610-kilcoyne-ct-33558-4010,5,4.0,3246,4145.0,2026-09-15,19 months,False,,,,,,,,https://www.invitationhomes.com/houses-for-rent/4610-kilcoyne-ct-33558-4010,2026-08-02,2026-09-09,FL,Lutz,,,,,4610-kilcoyne-ct-33558-4010
2026-09-09,INVH,Tampa,"19264 Fishermans Bend Dr, Lutz, FL, 33558",Tampa,INVH-19264-fishermans-bend-dr-lutz-fl-33558,4,3.5,2980,3345.0,2026-10-12,19 months,False,,,,,,,,https://www.invitationhomes.com/houses-for-rent/19264-fishermans-bend-dr-lutz-fl-33558,2026-09-03,2026-09-09,FL,Lutz,,,,,19264-fishermans-bend-dr-lutz-fl-33558
2026-09-09,INVH,Tampa,"17513 Stinchar Dr, Land O Lakes, FL, 34638",Tampa,INVH-17513-stinchar-dr-34638-113412,3,3.0,1768,2245.0,2026-09-09,23 months,False,,,,,,,,https://www.invitationhomes.com/houses-for-rent/17513-stinchar-dr-34638-113412,2026-09-03,2026-09-09,FL,Land O Lakes,,,,,17513-stinchar-dr-34638-113412
2026-09-09,INVH,Tampa,"3142 Gianna Way, Land O Lakes, FL, 34638",Tampa,INVH-3142-gianna-way-land-o-lakes-fl-34638,4,3.0,2260,2760.0,2026-09-20,19 months,False,,,,,,,,https://www.invitationhomes.com/houses-for-rent/3142-gianna-way-land-o-lakes-fl-34638,2026-08-10,2026-09-09,FL,Land O Lakes,,,,,3142-gianna-way-land-o-lakes-fl-34638
2026-09-09,INVH,Tampa,"3604 Beneraid St, Land O Lakes, FL, 34638",Tampa,INVH-3604-beneraid-st-land-o-lakes-fl-34638,4,3.0,2260,2780.0,2026-09-09,19 months,False,,,,,,,,https://www.invitationhomes.com/houses-for-rent/3604-beneraid-st-land-o-lakes-fl-34638,2026-08-02,2026-09-09,FL,Land O Lakes,,,,,3604-beneraid-st-land-o-lakes-fl-34638
2026-09-09,INVH,Tampa,"22521 Laureldale Dr, Lutz, FL, 33549",Tampa,INVH-22521-laureldale-dr-lutz-fl-33549,3,2.0,2016,2435.0,2026-09-09,23 months,False,,,,,,,,https://www.invitationhomes.com/houses-for-rent/22521-laureldale-dr-lutz-fl-33549,2026-08-02,2026-09-09,FL,Lutz,,,,,22521-laureldale-dr-lutz-fl-33549
2026-09-09,INVH,Tampa,"20422 Falling Rock Dr, Land O Lakes, FL, 34638",Tampa,INVH-20422-falling-rock-dr-34638-89971,4,2.0,1887,2725.0,2026-10-16,19 months,False,,,,,,,,https://www.invitationhomes.com/houses-for-rent/20422-falling-rock-dr-34638-89971,2026-09-03,2026-09-09,FL,Land O Lakes,,,,,20422-falling-rock-dr-34638-89971
2026-09-09,INVH,Tampa,"12143 Roseland Dr, New Port Richey, FL, 34654",Tampa,INVH-12143-roseland-dr-new-port-richey-fl-34654,3,2.5,2037,2230.0,2026-09-12,23 months,False,,,,,,,,https://www.invitationhomes.com/houses-for-rent/12143-roseland-dr-new-port-richey-fl-34654,2026-09-03,2026-09-09,FL,New Port Richey,,,,,12143-roseland-dr-new-port-richey-fl-34654
2026-09-09,INVH,Tampa,"19408 Otters Wick Way, Land O Lakes, FL, 34638",Tampa,INVH-19408-otters-wick-way-land-o-lakes-fl-34638,3,2.0,1598,2190.0,2026-09-20,23 months,False,,,,,,,,https://www.invitationhomes.com/houses-for-rent/19408-otters-wick-way-land-o-lakes-fl-34638,2026-08-16,2026-09-09,FL,Land O Lakes,,,,,19408-otters-wick-way-land-o-lakes-fl-34638
2026-09-09,INVH,Tampa,"5641 Sheer Bliss Loop, Land O Lakes, FL, 34639",Tampa,INVH-5641-sheer-bliss-loop-land-o-lakes-fl-34639,4,2.0,1938,2325.0,2026-09-15,23 months,False,,,,,,,,https://www.invitationhomes.com/houses-for-rent/5641-sheer-bliss-loop-land-o-lakes-fl-34639,2026-08-02,2026-09-09,FL,Land O Lakes,,,,,5641-sheer-bliss-loop-land-o-lakes-fl-34639
2026-09-09,INVH,Tampa,"5801 Candytuft Pl, Land O Lakes, FL, 34639",Tampa,INVH-5801-candytuft-pl-land-o-lakes-fl-34639,4,3.0,2453,2695.0,2026-10-11,19 months,False,,,,,,,,https://www.invitationhomes.com/houses-for-rent/5801-candytuft-pl-land-o-lakes-fl-34639,2026-09-03,2026-09-09,FL,Land O Lakes,,,,,5801-candytuft-pl-land-o-lakes-fl-34639
2026-09-09,INVH,Tampa,"5845 Sweet William Ter, Land O Lakes, FL, 34639",Tampa,INVH-5845-sweet-william-ter-land-o-lakes-fl-34639,3,2.0,1840,2330.0,2026-09-23,23 months,False,,,,,,,,https://www.invitationhomes.com/houses-for-rent/5845-sweet-william-ter-land-o-lakes-fl-34639,2026-08-10,2026-09-09,FL,Land O Lakes,,,,,5845-sweet-william-ter-land-o-lakes-fl-34639
2026-09-09,INVH,Tampa,"5830 Sweet William Ter, Land O Lakes, FL, 34639",Tampa,INVH-5830-sweet-william-ter-34639-112855,4,2.5,2482,2995.0,2026-10-11,19 months,False,,,,,,,,https://www.invitationhomes.com/houses-for-rent/5830-sweet-william-ter-34639-112855,2026-09-03,2026-09-09,FL,Land O Lakes,,,,,5830-sweet-william-ter-34639-112855
2026-09-09,INVH,Tampa,"19608 Timberbluff Dr, Land O Lakes, FL, 34638",Tampa,INVH-19608-timberbluff-dr-34638-94871,5,3.0,2657,2895.0,2026-09-09,19 months,False,,,,,,,,https://www.invitationhomes.com/houses-for-rent/19608-timberbluff-dr-34638-94871,2026-07-19,2026-09-09,FL,Land O Lakes,,,,,19608-timberbluff-dr-34638-94871
2026-09-09,INVH,Tampa,"19542 Timberbluff Dr, Land O Lakes, FL, 34638",Tampa,INVH-19542-timberbluff-dr-34638-4845,3,2.5,2478,2495.0,2026-09-20,23 months,False,,,,,,,,https://www.invitationhomes.com/houses-for-rent/19542-timberbluff-dr-34638-4845,2026-08-10,2026-09-09,FL,Land O Lakes,,,,,19542-timberbluff-dr-34638-4845
2026-09-09,INVH,Tampa,"9605 Simeon Dr, Land O Lakes, FL, 34638",Tampa,INVH-9605-simeon-dr-34638-7331,3,2.5,2088,2395.0,2026-09-29,23 months,False,,,,,,,,https://www.invitationhomes.com/houses-for-rent/9605-simeon-dr-34638-7331,2026-08-16,2026-09-09,FL,Land O Lakes,,,,,9605-simeon-dr-34638-7331
2026-09-09,INVH,Tampa,"9640 Simeon Dr, Land O Lakes, FL, 34638",Tampa,INVH-9640-simeon-dr-34638-2018,3,3.0,1860,2049.0,2026-09-09,23 months,False,,,,,,,,https://www.invitationhomes.com/houses-for-rent/9640-simeon-dr-34638-2018,2026-07-19,2026-09-09,FL,Land O Lakes,,,,,9640-simeon-dr-34638-2018
2026-09-09,INVH,Tampa,"9808 Little Bluestem Dr, Land O Lakes, FL, 34637",Tampa,INVH-9808-little-bluestem-dr-34637-91789,4,2.5,2334,2695.0,2026-10-18,19 months,False,,,,,,,,https://www.invitationhomes.com/houses-for-rent/9808-little-bluestem-dr-34637-91789,2026-09-03,2026-09-09,FL,Land O Lakes,,,,,9808-little-bluestem-dr-34637-91789
2026-09-09,INVH,Tampa,"8601 Herons Cove Pl, Tampa, FL, 33647",Tampa,INVH-8601-herons-cove-pl-33647-1404,4,2.0,2210,2949.0,2026-10-07,23 months,False,,,,,,,,https://www.invitationhomes.com/houses-for-rent/8601-herons-cove-pl-33647-1404,2026-08-23,2026-09-09,FL,Tampa,,,,,8601-herons-cove-pl-33647-1404
2026-09-09,INVH,Tampa,"24447 Summer Wind Ct, Lutz, FL, 33559",Tampa,INVH-24447-summer-wind-ct-33559-4264,4,2.0,2206,2645.0,2026-10-21,19 months,False,,,,,,,,https://www.invitationhomes.com/houses-for-rent/24447-summer-wind-ct-33559-4264,2026-09-06,2026-09-09,FL,Lutz,,,,,24447-summer-wind-ct-33559-4264
2026-09-09,INVH,Tampa,"23331 Key Largo Loop, Land O Lakes, FL, 34639",Tampa,INVH-23331-key-largo-loop-land-o-lakes-fl-34639,4,3.0,3077,3195.0,2026-10-18,19 months,False,,,,,,,,https://www.invitationhomes.com/houses-for-rent/23331-key-largo-loop-land-o-lakes-fl-34639,2026-09-03,2026-09-09,FL,Land O Lakes,,,,,23331-key-largo-loop-land-o-lakes-fl-34639
2026-09-09,INVH,Tampa,"24439 Painter Dr, Land O Lakes, FL, 34639",Tampa,INVH-24439-painter-dr-land-o-lakes-fl-34639,3,2.0,1374,2110.0,2026-09-21,23 months,False,,,,,,,,https://www.invitationhomes.com/houses-for-rent/24439-painter-dr-land-o-lakes-fl-34639,2026-09-03,2026-09-09,FL,Land O Lakes,,,,,24439-painter-dr-land-o-lakes-fl-34639
2026-09-09,INVH,Tampa,"26903 Stillbrook Dr, Wesley Chapel, FL, 33544",Tampa,INVH-26903-stillbrook-dr-33544-1787,3,2.5,1871,2270.0,2026-09-17,23 months,False,,,,,,,,https://www.invitationhomes.com/houses-for-rent/26903-stillbrook-dr-33544-1787,2026-09-06,2026-09-09,FL,Wesley Chapel,,,,,26903-stillbrook-dr-33544-1787
2026-09-09,INVH,Tampa,"3303 Sisal Loop, Wesley Chapel, FL, 33544",Tampa,INVH-3303-sisal-loop-wesley-chapel-fl-33544,4,3.0,2587,3010.0,2026-09-21,19 months,False,,,,,,,,https://www.invitationhomes.com/houses-for-rent/3303-sisal-loop-wesley-chapel-fl-33544,2026-08-10,2026-09-09,FL,Wesley Chapel,,,,,3303-sisal-loop-wesley-chapel-fl-33544
2026-09-09,INVH,Tampa,"9421 Larkbunting Dr, Tampa, FL, 33647",Tampa,INVH-9421-larkbunting-dr-tampa-fl-33647,4,3.0,2474,2995.0,2026-10-23,19 months,False,,,,,,,,https://www.invitationhomes.com/houses-for-rent/9421-larkbunting-dr-tampa-fl-33647,2026-09-09,2026-09-09,FL,Tampa,,,,,9421-larkbunting-dr-tampa-fl-33647
2026-09-09,INVH,Tampa,"20069 Heritage Point Dr, Tampa, FL, 33647",Tampa,INVH-20069-heritage-point-dr-tampa-fl-33647,3,2.5,1795,2535.0,2026-09-09,23 months,False,,,,,,,,https://www.invitationhomes.com/houses-for-rent/20069-heritage-point-dr-tampa-fl-33647,2026-08-02,2026-09-09,FL,Tampa,,,,,20069-heritage-point-dr-tampa-fl-33647
2026-09-09,INVH,Tampa,"20037 Heritage Point Dr, Tampa, FL, 33647",Tampa,INVH-20037-heritage-point-dr-33647-8942,4,3.0,2070,2675.0,2026-09-12,19 months,False,,,,,,,,https://www.invitationhomes.com/houses-for-rent/20037-heritage-point-dr-33647-8942,2026-07-19,2026-09-09,FL,Tampa,,,,,20037-heritage-point-dr-33647-8942
2026-09-09,INVH,Tampa,"9641 Norchester Cir, Tampa, FL, 33647",Tampa,INVH-9641-norchester-cir-tampa-fl-33647,4,2.0,2281,2540.0,2026-09-09,23 months,False,,,,,,,,https://www.invitationhomes.com/houses-for-rent/9641-norchester-cir-tampa-fl-33647,2026-07-19,2026-09-09,FL,Tampa,,,,,9641-norchester-cir-tampa-fl-33647
2026-09-09,INVH,Tampa,"9707 Fox Hollow Rd, Tampa, FL, 33647",Tampa,INVH-9707-fox-hollow-rd-tampa-fl-33647,3,2.5,1524,2335.0,2026-09-11,23 months,False,,,,,,,,https://www.invitationhomes.com/houses-for-rent/9707-fox-hollow-rd-tampa-fl-33647,2026-09-03,2026-09-09,FL,Tampa,,,,,9707-fox-hollow-rd-tampa-fl-33647
2026-09-09,INVH,Tampa,"9707 Little Pond Way, Tampa, FL, 33647",Tampa,INVH-9707-little-pond-way-tampa-fl-33647,3,2.5,1524,2165.0,2026-09-09,23 months,False,,,,,,,,https://www.invitationhomes.com/houses-for-rent/9707-little-pond-way-tampa-fl-33647,2026-08-10,2026-09-09,FL,Tampa,,,,,9707-little-pond-way-tampa-fl-33647
2026-09-09,INVH,Tampa,"20048 Nob Oak Ave, Tampa, FL, 33647",Tampa,INVH-20048-nob-oak-ave-tampa-fl-33647,4,2.5,2588,2725.0,2026-09-09,19 months,False,,,,,,,,https://www.invitationhomes.com/houses-for-rent/20048-nob-oak-ave-tampa-fl-33647,2026-06-09,2026-09-09,FL,Tampa,,,,,20048-nob-oak-ave-tampa-fl-33647
2026-09-09,INVH,Tampa,"18002 Majestic Kings Pl, Tampa, FL, 33647",Tampa,INVH-18002-majestic-kings-pl-33647-112912,3,3.0,1815,2510.0,2026-09-19,23 months,False,,,,,,,,https://www.invitationhomes.com/houses-for-rent/18002-majestic-kings-pl-33647-112912,2026-08-10,2026-09-09,FL,Tampa,,,,,18002-majestic-kings-pl-33647-112912
2026-09-09,INVH,Tampa,"1629 Maximilian Dr, Wesley Chapel, FL, 33543",Tampa,INVH-1629-maximilian-dr-33543-91906,4,2.0,2054,2630.0,2026-09-09,20 months,False,,,,,,,,https://www.invitationhomes.com/houses-for-rent/1629-maximilian-dr-33543-91906,2026-08-02,2026-09-09,FL,Wesley Chapel,,,,,1629-maximilian-dr-33543-91906
2026-09-09,INVH,Tampa,"29635 Birds Eye Dr, Wesley Chapel, FL, 33543",Tampa,INVH-29635-birds-eye-dr-33543-7685,3,2.0,1810,2430.0,2026-09-30,23 months,False,,,,,,,,https://www.invitationhomes.com/houses-for-rent/29635-birds-eye-dr-33543-7685,2026-08-16,2026-09-09,FL,Wesley Chapel,,,,,29635-birds-eye-dr-33543-7685
2026-09-09,INVH,Tampa,"29242 Birds Eye Dr, Wesley Chapel, FL, 33543",Tampa,INVH-29242-birds-eye-dr-wesley-chapel-fl-33543,3,2.0,1810,2245.0,2026-10-22,23 months,False,,,,,,,,https://www.invitationhomes.com/houses-for-rent/29242-birds-eye-dr-wesley-chapel-fl-33543,2026-09-09,2026-09-09,FL,Wesley Chapel,,,,,29242-birds-eye-dr-wesley-chapel-fl-33543
2026-09-09,INVH,Tampa,"1150 Helmsdale Dr, Wesley Chapel, FL, 33543",Tampa,INVH-1150-helmsdale-dr-wesley-chapel-fl-33543,3,3.0,2888,2995.0,2026-10-14,19 months,False,,,,,,,,https://www.invitationhomes.com/houses-for-rent/1150-helmsdale-dr-wesley-chapel-fl-33543,2026-06-09,2026-09-09,FL,Wesley Chapel,,,,,1150-helmsdale-dr-wesley-chapel-fl-33543
2026-09-09,INVH,Tampa,"30237 Glenham Ct, Wesley Chapel, FL, 33543",Tampa,INVH-30237-glenham-ct-wesley-chapel-fl-33543,3,2.0,1868,2165.0,2026-09-09,23 months,False,,,,,,,,https://www.invitationhomes.com/houses-for-rent/30237-glenham-ct-wesley-chapel-fl-33543,2026-08-02,2026-09-09,FL,Wesley Chapel,,,,,30237-glenham-ct-wesley-chapel-fl-33543
2026-09-09,INVH,Tampa,"2002 Shelbourne Ct, Wesley Chapel, FL, 33543",Tampa,INVH-2002-shelbourne-ct-33543-95153,4,2.0,1956,2485.0,2026-09-09,23 months,False,,,,,,,,https://www.invitationhomes.com/houses-for-rent/2002-shelbourne-ct-33543-95153,2026-08-02,2026-09-09,FL,Wesley Chapel,,,,,2002-shelbourne-ct-33543-95153
2026-09-09,INVH,Tampa,"2313 Nesslewood Dr, Wesley Chapel, FL, 33543",Tampa,INVH-2313-nesslewood-dr-wesley-chapel-fl-33543,4,3.0,2617,3015.0,2026-09-09,19 months,False,,,,,,,,https://www.invitationhomes.com/houses-for-rent/2313-nesslewood-dr-wesley-chapel-fl-33543,2026-08-02,2026-09-09,FL,Wesley Chapel,,,,,2313-nesslewood-dr-wesley-chapel-fl-33543
2026-09-09,INVH,Tampa,"22744 Robins Nest Ct, Land O Lakes, FL, 34639",Tampa,INVH-22744-robins-nest-ct-34639-6959,4,3.0,2930,2990.0,2026-09-09,19 months,False,,,,,,,,https://www.invitationhomes.com/houses-for-rent/22744-robins-nest-ct-34639-6959,2026-07-19,2026-09-09,FL,Land O Lakes,,,,,22744-robins-nest-ct-34639-6959
2026-09-09,INVH,Tampa,"4609 Braesgate Ct, Land O Lakes, FL, 34639",Tampa,INVH-4609-braesgate-ct-land-o-lakes-fl-34639,4,2.0,1940,2510.0,2026-10-14,23 months,False,,,,,,,,https://www.invitationhomes.com/houses-for-rent/4609-braesgate-ct-land-o-lakes-fl-34639,2026-09-03,2026-09-09,FL,Land O Lakes,,,,,4609-braesgate-ct-land-o-lakes-fl-34639
2026-09-09,INVH,Tampa,"22721 Beltrees Ct, Land O Lakes, FL, 34639",Tampa,INVH-22721-beltrees-ct-34639-87097,3,2.0,2057,2485.0,2026-09-20,23 months,False,,,,,,,,https://www.invitationhomes.com/houses-for-rent/22721-beltrees-ct-34639-87097,2026-08-16,2026-09-09,FL,Land O Lakes,,,,,22721-beltrees-ct-34639-87097
2026-09-09,INVH,Tampa,"25926 Terrawood Loop, Land O Lakes, FL, 34639",Tampa,INVH-25926-terrawood-loop-34639-112739,3,2.5,1716,2345.0,2026-09-09,23 months,False,,,,,,,,https://www.invitationhomes.com/houses-for-rent/25926-terrawood-loop-34639-112739,2026-08-10,2026-09-09,FL,Land O Lakes,,,,,25926-terrawood-loop-34639-112739
2026-09-09,INVH,Tampa,"4517 Mapletree Loop, Wesley Chapel, FL, 33544",Tampa,INVH-4517-mapletree-loop-wesley-chapel-fl-33544,3,2.0,1610,2245.0,2026-10-01,23 months,False,,,,,,,,https://www.invitationhomes.com/houses-for-rent/4517-mapletree-loop-wesley-chapel-fl-33544,2026-08-23,2026-09-09,FL,Wesley Chapel,,,,,4517-mapletree-loop-wesley-chapel-fl-33544
2026-09-09,INVH,Tampa,"5638 War Admiral Dr, Wesley Chapel, FL, 33544",Tampa,INVH-5638-war-admiral-dr-33544-5846,3,2.0,1844,2395.0,2026-10-03,23 months,False,,,,,,,,https://www.invitationhomes.com/houses-for-rent/5638-war-admiral-dr-33544-5846,2026-08-23,2026-09-09,FL,Wesley Chapel,,,,,5638-war-admiral-dr-33544-5846
2026-09-09,INVH,Tampa,"5626 War Admiral Dr, Wesley Chapel, FL, 33544",Tampa,INVH-5626-war-admiral-dr-33544-6906,3,2.0,1505,2045.0,2026-10-22,23 months,False,,,,,,,,https://www.invitationhomes.com/houses-for-rent/5626-war-admiral-dr-33544-6906,2026-09-09,2026-09-09,FL,Wesley Chapel,,,,,5626-war-admiral-dr-33544-6906
2026-09-09,INVH,Tampa,"25939 Winning Colors Wy, Wesley Chapel, FL, 33544",Tampa,INVH-25939-winning-colors-way-wesley-chapel-fl-33544,4,2.0,1685,2195.0,2026-09-09,23 months,False,,,,,,,,https://www.invitationhomes.com/houses-for-rent/25939-winning-colors-way-wesley-chapel-fl-33544,2026-05-17,2026-09-09,FL,Wesley Chapel,,,,,25939-winning-colors-way-wesley-chapel-fl-33544
2026-09-09,INVH,Tampa,"28537 Seashell Ct, Zephyrhills, FL, 33545",Tampa,INVH-28537-seashell-ct-33545-3915,4,2.0,1424,2099.0,2026-09-30,23 months,False,,,,,,,,https://www.invitationhomes.com/houses-for-rent/28537-seashell-ct-33545-3915,2026-08-16,2026-09-09,FL,Zephyrhills,,,,,28537-seashell-ct-33545-3915
2026-09-09,INVH,Tampa,"28611 Seashell Ct, Zephyrhills, FL, 33545",Tampa,INVH-28611-seashell-ct-33545-6652,3,2.0,1321,2085.0,2026-10-10,23 months,False,,,,,,,,https://www.invitationhomes.com/houses-for-rent/28611-seashell-ct-33545-6652,2026-09-03,2026-09-09,FL,Zephyrhills,,,,,28611-seashell-ct-33545-6652
2026-09-09,INVH,Tampa,"30450 Birdhouse Dr, Wesley Chapel, FL, 33545",Tampa,INVH-30450-birdhouse-dr-33545-90430,4,2.5,1944,2699.0,2026-10-07,23 months,False,,,,,,,,https://www.invitationhomes.com/houses-for-rent/30450-birdhouse-dr-33545-90430,2026-08-23,2026-09-09,FL,Wesley Chapel,,,,,30450-birdhouse-dr-33545-90430
2026-09-09,INVH,Tampa,"32152 Brookstone Dr, Zephyrhills, FL, 33545",Tampa,INVH-32152-brookstone-dr-33545-9781,5,3.0,3390,3395.0,2026-10-05,19 months,False,,,,,,,,https://www.invitationhomes.com/houses-for-rent/32152-brookstone-dr-33545-9781,2026-08-23,2026-09-09,FL,Zephyrhills,,,,,32152-brookstone-dr-33545-9781
2026-09-09,INVH,Tampa,"31702 Spoonflower Cir, Zephyrhills, FL, 33545",Tampa,INVH-31702-spoonflower-cir-zephyrhills-fl-33545,3,2.5,1879,2085.0,2026-09-09,23 months,False,,,,,,,,https://www.invitationhomes.com/houses-for-rent/31702-spoonflower-cir-zephyrhills-fl-33545,2026-07-19,2026-09-09,FL,Zephyrhills,,,,,31702-spoonflower-cir-zephyrhills-fl-33545
2026-09-09,INVH,Tampa,"32510 Harmony Oaks Dr, Wesley Chapel, FL, 33545",Tampa,INVH-32510-harmony-oaks-dr-33545-87907,4,2.0,2161,2649.0,2026-10-07,23 months,False,,,,,,,,https://www.invitationhomes.com/houses-for-rent/32510-harmony-oaks-dr-33545-87907,2026-08-23,2026-09-09,FL,Wesley Chapel,,,,,32510-harmony-oaks-dr-33545-87907
2026-09-09,INVH,Tampa,"7511 Tower Bridge Dr, Wesley Chapel, FL, 33545",Tampa,INVH-7511-tower-bridge-dr-wesley-chapel-fl-33545,4,2.0,1980,2299.0,2026-09-09,23 months,False,,,,,,,,https://www.invitationhomes.com/houses-for-rent/7511-tower-bridge-dr-wesley-chapel-fl-33545,2026-05-24,2026-09-09,FL,Wesley Chapel,,,,,7511-tower-bridge-dr-wesley-chapel-fl-33545
2026-09-09,INVH,Tampa,"31186 Striped Maple Ln, Wesley Chapel, FL, 33545",Tampa,INVH-31186-striped-maple-ln-33545-120170,3,2.5,1464,1949.0,2026-09-11,24 months,False,,,,,,,,https://www.invitationhomes.com/houses-for-rent/31186-striped-maple-ln-33545-120170,2026-08-10,2026-09-09,FL,Wesley Chapel,,,,,31186-striped-maple-ln-33545-120170
2026-09-09,INVH,Tampa,"31192 Striped Maple Ln, Wesley Chapel, FL, 33545",Tampa,INVH-31192-striped-maple-ln-33545-120171,3,2.5,1463,1975.0,2026-09-09,24 months,False,,,,,,,,https://www.invitationhomes.com/houses-for-rent/31192-striped-maple-ln-33545-120171,2026-07-19,2026-09-09,FL,Wesley Chapel,,,,,31192-striped-maple-ln-33545-120171
2026-09-09,INVH,Tampa,"8457 Lofty Timber Way, Wesley Chapel, FL, 33545",Tampa,INVH-8457-lofty-timber-way-33545-120154,3,2.5,1464,1925.0,2026-09-09,24 months,False,,,,,,,,https://www.invitationhomes.com/houses-for-rent/8457-lofty-timber-way-33545-120154,2026-07-19,2026-09-09,FL,Wesley Chapel,,,,,8457-lofty-timber-way-33545-120154
2026-09-09,INVH,Tampa,"8471 Lofty Timber Way, Wesley Chapel, FL, 33545",Tampa,INVH-8471-lofty-timber-way-33545-120150,3,2.5,1464,1910.0,2026-09-09,24 months,False,,,,,,,,https://www.invitationhomes.com/houses-for-rent/8471-lofty-timber-way-33545-120150,2026-07-19,2026-09-09,FL,Wesley Chapel,,,,,8471-lofty-timber-way-33545-120150
2026-09-09,INVH,Tampa,"8458 Lofty Timber Way, Wesley Chapel, FL, 33545",Tampa,INVH-8458-lofty-timber-way-33545-120162,3,2.5,1464,1949.0,2026-10-08,24 months,False,,,,,,,,https://www.invitationhomes.com/houses-for-rent/8458-lofty-timber-way-33545-120162,2026-09-03,2026-09-09,FL,Wesley Chapel,,,,,8458-lofty-timber-way-33545-120162
2026-09-09,INVH,Tampa,"8468 Lofty Timber Way, Wesley Chapel, FL, 33545",Tampa,INVH-8468-lofty-timber-way-33545-120160,3,2.5,1464,1949.0,2026-09-09,24 months,False,,,,,,,,https://www.invitationhomes.com/houses-for-rent/8468-lofty-timber-way-33545-120160,2026-08-10,2026-09-09,FL,Wesley Chapel,,,,,8468-lofty-timber-way-33545-120160
2026-09-09,INVH,Tampa,"31177 Monterey Pine St, Wesley Chapel, FL, 33545",Tampa,INVH-31177-monterey-pine-st-33545-120130,3,2.5,1464,1925.0,2026-09-09,24 months,False,,,,,,,,https://www.invitationhomes.com/houses-for-rent/31177-monterey-pine-st-33545-120130,2026-08-10,2026-09-09,FL,Wesley Chapel,,,,,31177-monterey-pine-st-33545-120130
2026-09-09,INVH,Tampa,"8513 Alpine Meadow Ln, Wesley Chapel, FL, 33545",Tampa,INVH-8513-alpine-meadow-ln-33545-120136,3,2.5,1464,1925.0,2026-09-09,24 months,False,,,,,,,,https://www.invitationhomes.com/houses-for-rent/8513-alpine-meadow-ln-33545-120136,2026-07-19,2026-09-09,FL,Wesley Chapel,,,,,8513-alpine-meadow-ln-33545-120136
2026-09-09,INVH,Tampa,"31255 Monterey Pine St, Wesley Chapel, FL, 33545",Tampa,INVH-31255-monterey-pine-st-33545-120117,3,2.5,1463,1975.0,2026-09-09,24 months,False,,,,,,,,https://www.invitationhomes.com/houses-for-rent/31255-monterey-pine-st-33545-120117,2026-08-02,2026-09-09,FL,Wesley Chapel,,,,,31255-monterey-pine-st-33545-120117
2026-09-09,INVH,Tampa,"31267 Monterey Pine St, Wesley Chapel, FL, 33545",Tampa,INVH-31267-monterey-pine-st-33545-120114,3,2.5,1464,1975.0,2026-09-09,24 months,False,,,,,,,,https://www.invitationhomes.com/houses-for-rent/31267-monterey-pine-st-33545-120114,2026-07-19,2026-09-09,FL,Wesley Chapel,,,,,31267-monterey-pine-st-33545-120114
2026-09-09,INVH,Tampa,"12345 Ridgedale Dr, Hudson, FL, 34669",Tampa,INVH-12345-ridgedale-dr-34669-2221,3,2.0,2072,2345.0,2026-09-30,23 months,False,,,,,,,,https://www.invitationhomes.com/houses-for-rent/12345-ridgedale-dr-34669-2221,2026-08-23,2026-09-09,FL,Hudson,,,,,12345-ridgedale-dr-34669-2221
2026-09-09,INVH,Tampa,"12048 Fall Creek Ct, Hudson, FL, 34669",Tampa,INVH-12048-fall-creek-ct-34669-8902,4,2.0,2205,2220.0,2026-09-09,23 months,False,,,,,,,,https://www.invitationhomes.com/houses-for-rent/12048-fall-creek-ct-34669-8902,2026-07-19,2026-09-09,FL,Hudson,,,,,12048-fall-creek-ct-34669-8902
2026-09-09,INVH,Tampa,"13037 Old Florida Cir, Hudson, FL, 34669",Tampa,INVH-13037-old-florida-cir-34669-5287,4,2.0,2034,2290.0,2026-09-09,23 months,False,,,,,,,,https://www.invitationhomes.com/houses-for-rent/13037-old-florida-cir-34669-5287,2026-08-10,2026-09-09,FL,Hudson,,,,,13037-old-florida-cir-34669-5287
2026-09-09,INVH,Tampa,"6960 Treehaven Dr, Spring Hill, FL, 34606",Tampa,INVH-6960-treehaven-dr-34606-103426,2,2.0,1125,1720.0,2026-09-15,23 months,False,,,,,,,,https://www.invitationhomes.com/houses-for-rent/6960-treehaven-dr-34606-103426,2026-08-02,2026-09-09,FL,Spring Hill,,,,,6960-treehaven-dr-34606-103426
2026-09-09,INVH,Tampa,"6233 Radford St, Spring Hill, FL, 34606",Tampa,INVH-6233-radford-st-34606-2721,4,2.0,1877,1995.0,2026-09-09,23 months,False,,,,,,,,https://www.invitationhomes.com/houses-for-rent/6233-radford-st-34606-2721,2026-04-04,2026-09-09,FL,Spring Hill,,,,,6233-radford-st-34606-2721
2026-09-09,INVH,Tampa,"78 Rose Bud Ln, Spring Hill, FL, 34609",Tampa,INVH-78-rose-bud-ln-34609-120965,3,2.0,1461,1999.0,2026-09-09,24 months,False,,,,,,,,https://www.invitationhomes.com/houses-for-rent/78-rose-bud-ln-34609-120965,2026-04-04,2026-09-09,FL,Spring Hill,,,,,78-rose-bud-ln-34609-120965
2026-09-09,INVH,Tampa,"5322 Berrien Ave, Spring Hill, FL, 34608",Tampa,INVH-5322-berrien-ave-34608-103767,3,2.0,1808,1845.0,2026-09-09,23 months,False,,,,,,,,https://www.invitationhomes.com/houses-for-rent/5322-berrien-ave-34608-103767,2026-04-04,2026-09-09,FL,Spring Hill,,,,,5322-berrien-ave-34608-103767
2026-09-09,INVH,Tampa,"3495 Hornbeam Rd, Spring Hill, FL, 34609",Tampa,INVH-3495-hornbeam-rd-34609-124900,4,2.0,1580,1999.0,2026-09-09,24 months,False,,,,,,,,https://www.invitationhomes.com/houses-for-rent/3495-hornbeam-rd-34609-124900,2026-09-06,2026-09-09,FL,Spring Hill,,,,,3495-hornbeam-rd-34609-124900
2026-09-09,INVH,Tampa,"3524 Hornbeam Rd, Spring Hill, FL, 34609",Tampa,INVH-3524-hornbeam-rd-34609-124896,4,2.0,1580,1999.0,2026-09-09,24 months,False,,,,,,,,https://www.invitationhomes.com/houses-for-rent/3524-hornbeam-rd-34609-124896,2026-09-06,2026-09-09,FL,Spring Hill,,,,,3524-hornbeam-rd-34609-124896
2026-09-09,INVH,Tampa,"3534 Hornbeam Rd, Spring Hill, FL, 34609",Tampa,INVH-3534-hornbeam-rd-34609-124807,4,3.0,2207,2325.0,2026-09-09,24 months,False,,,,,,,,https://www.invitationhomes.com/houses-for-rent/3534-hornbeam-rd-34609-124807,2026-08-23,2026-09-09,FL,Spring Hill,,,,,3534-hornbeam-rd-34609-124807
2026-09-09,INVH,Tampa,"3540 Hornbeam Rd, Spring Hill, FL, 34609",Tampa,INVH-3540-hornbeam-rd-34609-124805,4,2.0,1580,1975.0,2026-09-09,24 months,False,,,,,,,,https://www.invitationhomes.com/houses-for-rent/3540-hornbeam-rd-34609-124805,2026-08-16,2026-09-09,FL,Spring Hill,,,,,3540-hornbeam-rd-34609-124805
2026-09-09,INVH,Tampa,"3603 Hornbeam Rd, Spring Hill, FL, 34609",Tampa,INVH-3603-hornbeam-rd-34609-124190,4,2.0,1580,1999.0,2026-09-09,24 months,False,,,,,,,,https://www.invitationhomes.com/houses-for-rent/3603-hornbeam-rd-34609-124190,2026-08-02,2026-09-09,FL,Spring Hill,,,,,3603-hornbeam-rd-34609-124190
2026-09-09,INVH,Tampa,"4042 Obsidian Dr, Spring Hill, FL, 34609",Tampa,INVH-4042-obsidian-dr-34609-123401,3,2.0,1662,2075.0,2026-09-09,24 months,False,,,,,,,,https://www.invitationhomes.com/houses-for-rent/4042-obsidian-dr-34609-123401,2026-07-19,2026-09-09,FL,Spring Hill,,,,,4042-obsidian-dr-34609-123401
2026-09-09,INVH,Tampa,"3858 Benham Rise Rd, Spring Hill, FL, 34609",Tampa,INVH-3858-benham-rise-rd-34609-124897,4,2.0,1850,2175.0,2026-09-09,24 months,False,,,,,,,,https://www.invitationhomes.com/houses-for-rent/3858-benham-rise-rd-34609-124897,2026-09-03,2026-09-09,FL,Spring Hill,,,,,3858-benham-rise-rd-34609-124897
2026-09-09,INVH,Tampa,"3840 Benham Rise Rd, Spring Hill, FL, 34609",Tampa,INVH-3840-benham-rise-rd-34609-124895,4,2.0,1850,2175.0,2026-09-09,24 months,False,,,,,,,,https://www.invitationhomes.com/houses-for-rent/3840-benham-rise-rd-34609-124895,2026-09-03,2026-09-09,FL,Spring Hill,,,,,3840-benham-rise-rd-34609-124895
2026-09-09,INVH,Tampa,"3816 Benham Rise Rd, Spring Hill, FL, 34609",Tampa,INVH-3816-benham-rise-rd-34609-124808,3,2.0,1662,2075.0,2026-09-09,24 months,False,,,,,,,,https://www.invitationhomes.com/houses-for-rent/3816-benham-rise-rd-34609-124808,2026-09-03,2026-09-09,FL,Spring Hill,,,,,3816-benham-rise-rd-34609-124808
2026-09-09,INVH,Tampa,"4095 Obsidian Drive, Spring Hill, FL, 34609",Tampa,INVH-4095-obsidian-drive-34609-122466,4,3.0,2207,2325.0,2026-10-19,24 months,False,,,,,,,,https://www.invitationhomes.com/houses-for-rent/4095-obsidian-drive-34609-122466,2026-09-06,2026-09-09,FL,Spring Hill,,,,,4095-obsidian-drive-34609-122466
2026-09-09,INVH,Tampa,"4124 Goldfoil Rd, Spring Hill, FL, 34609",Tampa,INVH-4124-goldfoil-road-34609-121776,4,3.0,2207,2249.0,2026-09-09,24 months,False,,,,,,,,https://www.invitationhomes.com/houses-for-rent/4124-goldfoil-road-34609-121776,2026-06-09,2026-09-09,FL,Spring Hill,,,,,4124-goldfoil-road-34609-121776
2026-09-09,INVH,Tampa,"36111 Shady Bluff Loop, Zephyrhills, FL, 33541",Tampa,INVH-36111-shady-bluff-loop-zephyrhills-fl-33541,5,2.5,2118,2370.0,2026-09-09,23 months,False,,,,,,,,https://www.invitationhomes.com/houses-for-rent/36111-shady-bluff-loop-zephyrhills-fl-33541,2026-05-09,2026-09-09,FL,Zephyrhills,,,,,36111-shady-bluff-loop-zephyrhills-fl-33541
2026-09-09,INVH,Tampa,"6939 Shelby Lynn Way, Zephyrhills, FL, 33542",Tampa,INVH-6939-shelby-lynn-way-33542-86450,5,3.0,2256,2340.0,2026-09-09,23 months,False,,,,,,,,https://www.invitationhomes.com/houses-for-rent/6939-shelby-lynn-way-33542-86450,2026-06-09,2026-09-09,FL,Zephyrhills,,,,,6939-shelby-lynn-way-33542-86450
2026-09-09,INVH,Tampa,"7294 Winners Blvd, Lakeland, FL, 33810",Tampa,INVH-7294-winners-blvd-lakeland-fl-33810,3,2.0,1783,1975.0,2026-09-09,23 months,False,,,,,,,,https://www.invitationhomes.com/houses-for-rent/7294-winners-blvd-lakeland-fl-33810,2026-08-23,2026-09-09,FL,Lakeland,,,,,7294-winners-blvd-lakeland-fl-33810
2026-09-09,INVH,Tampa,"7618 Habersham Dr, Lakeland, FL, 33810",Tampa,INVH-7618-habersham-dr-lakeland-fl-33810,3,2.0,1620,1995.0,2026-09-09,23 months,False,,,,,,,,https://www.invitationhomes.com/houses-for-rent/7618-habersham-dr-lakeland-fl-33810,2026-08-02,2026-09-09,FL,Lakeland,,,,,7618-habersham-dr-lakeland-fl-33810
2026-09-09,INVH,Tampa,"7410 Loblolly Ave, Lakeland, FL, 33810",Tampa,INVH-7410-loblolly-ave-lakeland-fl-33810,3,2.0,1562,2099.0,2026-09-09,23 months,False,,,,,,,,https://www.invitationhomes.com/houses-for-rent/7410-loblolly-ave-lakeland-fl-33810,2026-04-13,2026-09-09,FL,Lakeland,,,,,7410-loblolly-ave-lakeland-fl-33810
2026-09-09,INVH,Tampa,"8472 Adele Rd, Lakeland, FL, 33810",Tampa,INVH-8472-adele-rd-lakeland-fl-33810,4,2.5,2540,2395.0,2026-10-05,23 months,False,,,,,,,,https://www.invitationhomes.com/houses-for-rent/8472-adele-rd-lakeland-fl-33810,2026-08-23,2026-09-09,FL,Lakeland,,,,,8472-adele-rd-lakeland-fl-33810
2026-09-09,INVH,Tampa,"8749 Pebblebrooke Way, Lakeland, FL, 33810",Tampa,INVH-8749-pebblebrooke-way-lakeland-fl-33810,3,2.0,1246,1810.0,2026-10-23,23 months,False,,,,,,,,https://www.invitationhomes.com/houses-for-rent/8749-pebblebrooke-way-lakeland-fl-33810,2026-09-09,2026-09-09,FL,Lakeland,,,,,8749-pebblebrooke-way-lakeland-fl-33810
2026-09-09,INVH,Tampa,"7334 Ibis Dr, Lakeland, FL, 33810",Tampa,INVH-7334-ibis-dr-33810-89247,3,2.0,1541,1980.0,2026-09-09,23 months,False,,,,,,,,https://www.invitationhomes.com/houses-for-rent/7334-ibis-dr-33810-89247,2026-07-19,2026-09-09,FL,Lakeland,,,,,7334-ibis-dr-33810-89247
2026-09-09,INVH,Tampa,"7392 Hunters Greene Cir, Lakeland, FL, 33810",Tampa,INVH-7392-hunters-greene-cir-33810-92278,5,2.5,2834,2549.0,2026-09-14,23 months,False,,,,,,,,https://www.invitationhomes.com/houses-for-rent/7392-hunters-greene-cir-33810-92278,2026-08-02,2026-09-09,FL,Lakeland,,,,,7392-hunters-greene-cir-33810-92278
2026-09-09,INVH,Tampa,"7984 Princeton Manor Cir, Lakeland, FL, 33809",Tampa,INVH-7984-princeton-manor-cir-33809-5688,3,2.0,1407,1749.0,2026-09-09,23 months,False,,,,,,,,https://www.invitationhomes.com/houses-for-rent/7984-princeton-manor-cir-33809-5688,2026-07-19,2026-09-09,FL,Lakeland,,,,,7984-princeton-manor-cir-33809-5688
2026-09-09,INVH,Tampa,"7360 Hunters Greene Cir, Lakeland, FL, 33810",Tampa,INVH-7360-hunters-greene-cir-33810-85340,4,2.5,2535,2295.0,2026-10-18,23 months,False,,,,,,,,https://www.invitationhomes.com/houses-for-rent/7360-hunters-greene-cir-33810-85340,2026-09-03,2026-09-09,FL,Lakeland,,,,,7360-hunters-greene-cir-33810-85340
2026-09-09,INVH,Tampa,"7352 Hunters Greene Cir, Lakeland, FL, 33810",Tampa,INVH-7352-hunters-greene-cir-lakeland-fl-33810,4,2.5,2885,2215.0,2026-09-09,23 months,False,,,,,,,,https://www.invitationhomes.com/houses-for-rent/7352-hunters-greene-cir-lakeland-fl-33810,2026-05-24,2026-09-09,FL,Lakeland,,,,,7352-hunters-greene-cir-lakeland-fl-33810
2026-09-09,INVH,Tampa,"2134 Hunters Greene Dr, Lakeland, FL, 33810",Tampa,INVH-2134-hunters-greene-dr-33810-87540,4,2.5,2892,2535.0,2026-09-09,23 months,False,,,,,,,,https://www.invitationhomes.com/houses-for-rent/2134-hunters-greene-dr-33810-87540,2026-08-02,2026-09-09,FL,Lakeland,,,,,2134-hunters-greene-dr-33810-87540
2026-09-09,INVH,Tampa,"1523 Yeomans Path, Lakeland, FL, 33809",Tampa,INVH-1523-yeomans-path-33809-1353,4,2.0,1815,2195.0,2026-10-21,23 months,False,,,,,,,,https://www.invitationhomes.com/houses-for-rent/1523-yeomans-path-33809-1353,2026-09-06,2026-09-09,FL,Lakeland,,,,,1523-yeomans-path-33809-1353
2026-09-09,INVH,Tampa,"8288 Short Way, Lakeland, FL, 33809",Tampa,INVH-8288-short-way-33809-6301,3,2.0,2009,2395.0,2026-09-26,23 months,False,,,,,,,,https://www.invitationhomes.com/houses-for-rent/8288-short-way-33809-6301,2026-08-16,2026-09-09,FL,Lakeland,,,,,8288-short-way-33809-6301
2026-09-09,INVH,Tampa,"144 Royal Fern Dr, Lake Alfred, FL, 33850",Tampa,INVH-144-royal-fern-dr-33850-119457,4,2.0,2162,2249.0,2026-09-09,24 months,False,,,,,,,,https://www.invitationhomes.com/houses-for-rent/144-royal-fern-dr-33850-119457,2026-07-19,2026-09-09,FL,Lake Alfred,,,,,144-royal-fern-dr-33850-119457
2026-09-09,INVH,Tampa,"180 Royal Fern Dr, Lake Alfred, FL, 33850",Tampa,INVH-180-royal-fern-dr-33850-119831,4,2.0,2162,2299.0,2026-10-09,24 months,False,,,,,,,,https://www.invitationhomes.com/houses-for-rent/180-royal-fern-dr-33850-119831,2026-09-03,2026-09-09,FL,Lake Alfred,,,,,180-royal-fern-dr-33850-119831
2026-09-09,INVH,Tampa,"129 Royal Fern Dr, Lake Alfred, FL, 33850",Tampa,INVH-129-royal-fern-dr-33850-114404,4,2.0,1850,2075.0,2026-09-09,24 months,False,,,,,,,,https://www.invitationhomes.com/houses-for-rent/129-royal-fern-dr-33850-114404,2026-07-19,2026-09-09,FL,Lake Alfred,,,,,129-royal-fern-dr-33850-114404
2026-09-09,INVH,Tampa,"133 Royal Fern Dr, Lake Alfred, FL, 33850",Tampa,INVH-133-royal-fern-dr-33850-114406,4,2.0,2162,2299.0,2026-10-03,24 months,False,,,,,,,,https://www.invitationhomes.com/houses-for-rent/133-royal-fern-dr-33850-114406,2026-08-23,2026-09-09,FL,Lake Alfred,,,,,133-royal-fern-dr-33850-114406
2026-09-09,INVH,Tampa,"209 Woodsage Pl, Lake Alfred, FL, 33850",Tampa,INVH-209-woodsage-place-33850-114755,3,2.5,1822,2049.0,2026-09-09,24 months,False,,,,,,,,https://www.invitationhomes.com/houses-for-rent/209-woodsage-place-33850-114755,2026-09-03,2026-09-09,FL,Lake Alfred,,,,,209-woodsage-place-33850-114755
2026-09-09,INVH,Tampa,"631 Mariana Ct, Lake Alfred, FL, 33850",Tampa,INVH-631-mariana-ct-33850-96324,4,2.0,2162,2199.0,2026-09-09,24 months,False,,,,,,,,https://www.invitationhomes.com/houses-for-rent/631-mariana-ct-33850-96324,2026-07-19,2026-09-09,FL,Lake Alfred,,,,,631-mariana-ct-33850-96324
2026-09-09,INVH,Tampa,"1021 Caitlin Loop, Haines City, FL, 33844",Tampa,INVH-1021-caitlin-loop-33844-116560,4,2.0,1879,1925.0,2026-10-04,24 months,False,,,,,,,,https://www.invitationhomes.com/houses-for-rent/1021-caitlin-loop-33844-116560,2026-08-23,2026-09-09,FL,Haines City,,,,,1021-caitlin-loop-33844-116560
2026-09-09,INVH,Tampa,"1074 Caitlin Loop, Haines City, FL, 33844",Tampa,INVH-1074-caitlin-loop-33844-116532,3,2.0,1555,1699.0,2026-09-09,24 months,False,,,,,,,,https://www.invitationhomes.com/houses-for-rent/1074-caitlin-loop-33844-116532,2026-05-17,2026-09-09,FL,Haines City,,,,,1074-caitlin-loop-33844-116532
2026-09-09,INVH,Tampa,"909 Caitlin Loop, Haines City, FL, 33844",Tampa,INVH-909-caitlin-loop-33844-116540,3,2.0,1555,1775.0,2026-09-09,24 months,False,,,,,,,,https://www.invitationhomes.com/houses-for-rent/909-caitlin-loop-33844-116540,2026-07-19,2026-09-09,FL,Haines City,,,,,909-caitlin-loop-33844-116540
2026-09-09,INVH,Tampa,"933 Caitlin Loop, Haines City, FL, 33844",Tampa,INVH-933-caitlin-loop-33844-116546,4,2.0,1879,1925.0,2026-10-16,24 months,False,,,,,,,,https://www.invitationhomes.com/houses-for-rent/933-caitlin-loop-33844-116546,2026-09-03,2026-09-09,FL,Haines City,,,,,933-caitlin-loop-33844-116546
2026-09-09,INVH,Tampa,"952 Caitlin Loop, Haines City, FL, 33844",Tampa,INVH-952-caitlin-loop-33844-116509,4,2.0,1879,1899.0,2026-09-09,24 months,False,,,,,,,,https://www.invitationhomes.com/houses-for-rent/952-caitlin-loop-33844-116509,2026-07-19,2026-09-09,FL,Haines City,,,,,952-caitlin-loop-33844-116509
2026-09-09,INVH,Tampa,"308 Thomasdale Ave, Haines City, FL, 33844",Tampa,INVH-308-thomasdale-ave-33844-1234,3,2.0,1636,1799.0,2026-09-09,23 months,False,,,,,,,,https://www.invitationhomes.com/houses-for-rent/308-thomasdale-ave-33844-1234,2026-08-02,2026-09-09,FL,Haines City,,,,,308-thomasdale-ave-33844-1234
2026-09-09,INVH,Tampa,"3111 Huntwicke Blvd, Davenport, FL, 33837",Tampa,INVH-3111-huntwicke-blvd-33837-102712,3,2.0,1250,1849.0,2026-09-09,21 months,False,,,,,,,,https://www.invitationhomes.com/houses-for-rent/3111-huntwicke-blvd-33837-102712,2026-07-19,2026-09-09,FL,Davenport,,,,,3111-huntwicke-blvd-33837-102712
2026-09-09,INVH,Tampa,"427 Symphony Pl, Davenport, FL, 33896",Tampa,INVH-427-symphony-pl-davenport-fl-33896,3,2.5,2414,2249.0,2026-09-09,20 months,False,,,,,,,,https://www.invitationhomes.com/houses-for-rent/427-symphony-pl-davenport-fl-33896,2026-05-17,2026-09-09,FL,Davenport,,,,,427-symphony-pl-davenport-fl-33896
2026-09-09,INVH,Tampa,"519 Sonja Cir, Davenport, FL, 33897",Tampa,INVH-519-sonja-cir-33897-6756,4,2.5,1635,2120.0,2026-09-09,20 months,False,,,,,,,,https://www.invitationhomes.com/houses-for-rent/519-sonja-cir-33897-6756,2026-07-19,2026-09-09,FL,Davenport,,,,,519-sonja-cir-33897-6756
2026-09-09,INVH,Tampa,"448 Keswick Ave, Davenport, FL, 33897",Tampa,INVH-448-keswick-ave-davenport-fl-33897,4,2.0,1855,2195.0,2026-10-01,20 months,False,,,,,,,,https://www.invitationhomes.com/houses-for-rent/448-keswick-ave-davenport-fl-33897,2026-08-23,2026-09-09,FL,Davenport,,,,,448-keswick-ave-davenport-fl-33897
2026-09-09,INVH,Tampa,"496 Elgin Blvd, Davenport, FL, 33897",Tampa,INVH-496-elgin-blvd-davenport-fl-33897,4,2.5,2320,2445.0,2026-10-16,20 months,False,,,,,,,,https://www.invitationhomes.com/houses-for-rent/496-elgin-blvd-davenport-fl-33897,2026-09-03,2026-09-09,FL,Davenport,,,,,496-elgin-blvd-davenport-fl-33897
2026-09-09,INVH,Tampa,"120 Mango Ct, Davenport, FL, 33837",Tampa,INVH-120-mango-ct-33837-7513,3,2.0,1445,1880.0,2026-09-09,20 months,False,,,,,,,,https://www.invitationhomes.com/houses-for-rent/120-mango-ct-33837-7513,2026-07-19,2026-09-09,FL,Davenport,,,,,120-mango-ct-33837-7513
2026-09-09,INVH,Tampa,"610 Campo Lane, Davenport, FL, 33837",Tampa,INVH-610-campo-lane-33837-102985,3,2.0,1767,2190.0,2026-09-09,20 months,False,,,,,,,,https://www.invitationhomes.com/houses-for-rent/610-campo-lane-33837-102985,2026-08-10,2026-09-09,FL,Davenport,,,,,610-campo-lane-33837-102985
2026-09-09,INVH,Tampa,"101 Thousand Oaks Blvd, Davenport, FL, 33896",Tampa,INVH-101-thousand-oaks-blvd-davenport-fl-33896,4,2.5,1827,2020.0,2026-09-09,20 months,False,,,,,,,,https://www.invitationhomes.com/houses-for-rent/101-thousand-oaks-blvd-davenport-fl-33896,2026-07-19,2026-09-09,FL,Davenport,,,,,101-thousand-oaks-blvd-davenport-fl-33896
2026-09-09,INVH,Tampa,"576 Sandy Ridge Dr, Davenport, FL, 33896",Tampa,INVH-576-sandy-ridge-dr-davenport-fl-33896,4,3.0,1768,2199.0,2026-09-09,20 months,False,,,,,,,,https://www.invitationhomes.com/houses-for-rent/576-sandy-ridge-dr-davenport-fl-33896,2026-07-19,2026-09-09,FL,Davenport,,,,,576-sandy-ridge-dr-davenport-fl-33896
2026-09-09,INVH,Tampa,"7273 Wakeview Dr, Davenport, FL, 33896",Tampa,INVH-7273-wakeview-dr-33896-4142,3,2.0,2151,1995.0,2026-09-09,20 months,False,,,,,,,,https://www.invitationhomes.com/houses-for-rent/7273-wakeview-dr-33896-4142,2026-06-09,2026-09-09,FL,Davenport,,,,,7273-wakeview-dr-33896-4142
2026-09-09,INVH,Tampa,"7240 Mystic Brook Way, Davenport, FL, 33896",Tampa,INVH-7240-mystic-brook-way-33896-9983,4,2.0,1880,2630.0,2026-09-26,20 months,False,,,,,,,,https://www.invitationhomes.com/houses-for-rent/7240-mystic-brook-way-33896-9983,2026-08-16,2026-09-09,FL,Davenport,,,,,7240-mystic-brook-way-33896-9983
2026-09-09,INVH,Tampa,"855 Berwick Dr, Davenport, FL, 33897",Tampa,INVH-855-berwick-dr-33897-3314,3,2.0,1246,1815.0,2026-09-09,20 months,False,,,,,,,,https://www.invitationhomes.com/houses-for-rent/855-berwick-dr-33897-3314,2026-08-02,2026-09-09,FL,Davenport,,,,,855-berwick-dr-33897-3314
2026-09-09,INVH,Tampa,"240 Andover Dr, Davenport, FL, 33897",Tampa,INVH-240-andover-dr-davenport-fl-33897,4,3.0,1960,2145.0,2026-09-09,20 months,False,,,,,,,,https://www.invitationhomes.com/houses-for-rent/240-andover-dr-davenport-fl-33897,2026-06-09,2026-09-09,FL,Davenport,,,,,240-andover-dr-davenport-fl-33897
2026-09-09,INVH,Tampa,"133 Allison Ave, Davenport, FL, 33897",Tampa,INVH-133-allison-ave-33897-1743,4,3.0,2010,2249.0,2026-09-09,20 months,False,,,,,,,,https://www.invitationhomes.com/houses-for-rent/133-allison-ave-33897-1743,2026-08-10,2026-09-09,FL,Davenport,,,,,133-allison-ave-33897-1743
2026-09-09,INVH,Orlando,"1628 Morning Star Dr, Clermont, FL, 34714",Orlando,INVH-1628-morning-star-dr-clermont-fl-34714,4,3.0,1881,2515.0,2026-10-16,20 months,False,,,,,,,,https://www.invitationhomes.com/houses-for-rent/1628-morning-star-dr-clermont-fl-34714,2026-09-03,2026-09-09,FL,Clermont,,,,,1628-morning-star-dr-clermont-fl-34714
2026-09-09,INVH,Orlando,"7792 Indian Ridge Trl N, Kissimmee, FL, 34747",Orlando,INVH-7792-indian-ridge-trl-n-34747-4909,4,2.0,1749,2175.0,2026-09-09,20 months,False,,,,,,,,https://www.invitationhomes.com/houses-for-rent/7792-indian-ridge-trl-n-34747-4909,2026-07-19,2026-09-09,FL,Kissimmee,,,,,7792-indian-ridge-trl-n-34747-4909
2026-09-09,INVH,Orlando,"3835 Ryegrass St, Clermont, FL, 34714",Orlando,INVH-3835-ryegrass-st-34714-7082,3,2.0,2052,2325.0,2026-09-09,20 months,False,,,,,,,,https://www.invitationhomes.com/houses-for-rent/3835-ryegrass-st-34714-7082,2026-07-19,2026-09-09,FL,Clermont,,,,,3835-ryegrass-st-34714-7082
2026-09-09,INVH,Orlando,"6162 Whispering Glen, Winter Garden, FL, 34787",Orlando,INVH-6162-whispering-glen-34787-124593,4,2.5,1913,2849.0,2026-09-09,24 months,False,,,,,,,,https://www.invitationhomes.com/houses-for-rent/6162-whispering-glen-34787-124593,2026-05-24,2026-09-09,FL,Winter Garden,,,,,6162-whispering-glen-34787-124593
2026-09-09,INVH,Orlando,"16657 Silver Brook Way, Winter Garden, FL, 34787",Orlando,INVH-16657-silver-brook-way-34787-124818,3,2.5,1628,2699.0,2026-09-09,24 months,False,,,,,,,,https://www.invitationhomes.com/houses-for-rent/16657-silver-brook-way-34787-124818,2026-08-10,2026-09-09,FL,Winter Garden,,,,,16657-silver-brook-way-34787-124818
2026-09-09,INVH,Orlando,"16669 Silver Brook Way, Winter Garden, FL, 34787",Orlando,INVH-16669-silver-brook-way-34787-124813,5,3.0,2231,3375.0,2026-09-09,24 months,False,,,,,,,,https://www.invitationhomes.com/houses-for-rent/16669-silver-brook-way-34787-124813,2026-08-10,2026-09-09,FL,Winter Garden,,,,,16669-silver-brook-way-34787-124813
2026-09-09,INVH,Orlando,"16675 Silver Brook Way, Winter Garden, FL, 34787",Orlando,INVH-16675-silver-brook-way-34787-124817,4,2.5,1913,2899.0,2026-09-09,24 months,False,,,,,,,,https://www.invitationhomes.com/houses-for-rent/16675-silver-brook-way-34787-124817,2026-08-10,2026-09-09,FL,Winter Garden,,,,,16675-silver-brook-way-34787-124817
2026-09-09,INVH,Orlando,"5651 Enchanted Meadow Alley, Clermont, FL, 34714",Orlando,INVH-5651-enchanted-meadow-alley-34714-124939,5,3.0,2231,2675.0,2026-09-14,24 months,False,,,,,,,,https://www.invitationhomes.com/houses-for-rent/5651-enchanted-meadow-alley-34714-124939,2026-09-03,2026-09-09,FL,Clermont,,,,,5651-enchanted-meadow-alley-34714-124939
2026-09-09,INVH,Orlando,"5659 Enchanted Meadow Alley, Clermont, FL, 34714",Orlando,INVH-5659-enchanted-meadow-alley-34714-124942,4,2.5,1896,2499.0,2026-09-14,24 months,False,,,,,,,,https://www.invitationhomes.com/houses-for-rent/5659-enchanted-meadow-alley-34714-124942,2026-09-03,2026-09-09,FL,Clermont,,,,,5659-enchanted-meadow-alley-34714-124942
2026-09-09,INVH,Orlando,"6520 Tabebuia Pkwy, Winter Garden, FL, 34787",Orlando,INVH-6520-tabebuia-parkway-34787-121413,4,2.5,1913,2999.0,2026-09-28,24 months,False,,,,,,,,https://www.invitationhomes.com/houses-for-rent/6520-tabebuia-parkway-34787-121413,2026-08-16,2026-09-09,FL,Winter Garden,,,,,6520-tabebuia-parkway-34787-121413
2026-09-09,INVH,Orlando,"6509 Tabebuia Pkwy, Winter Garden, FL, 34787",Orlando,INVH-6509-tabebuia-parkway-34787-121174,4,2.5,1913,2999.0,2026-10-17,24 months,False,,,,,,,,https://www.invitationhomes.com/houses-for-rent/6509-tabebuia-parkway-34787-121174,2026-09-09,2026-09-09,FL,Winter Garden,,,,,6509-tabebuia-parkway-34787-121174
2026-09-09,INVH,Orlando,"16372 Grey Pine Dr, Winter Garden, FL, 34787",Orlando,INVH-16372-grey-pine-drive-34787-121817,5,3.0,2231,3399.0,2026-09-09,24 months,False,,,,,,,,https://www.invitationhomes.com/houses-for-rent/16372-grey-pine-drive-34787-121817,2026-07-19,2026-09-09,FL,Winter Garden,,,,,16372-grey-pine-drive-34787-121817
2026-09-09,INVH,Orlando,"16366 Grey Pine Dr, Winter Garden, FL, 34787",Orlando,INVH-16366-grey-pine-drive-34787-121821,4,2.5,1913,2949.0,2026-09-28,24 months,False,,,,,,,,https://www.invitationhomes.com/houses-for-rent/16366-grey-pine-drive-34787-121821,2026-08-16,2026-09-09,FL,Winter Garden,,,,,16366-grey-pine-drive-34787-121821
2026-09-09,INVH,Orlando,"14020 Eden Isle Blvd, Windermere, FL, 34786",Orlando,INVH-14020-eden-isle-blvd-windermere-fl-34786,4,3.5,3089,3595.0,2026-10-01,20 months,False,,,,,,,,https://www.invitationhomes.com/houses-for-rent/14020-eden-isle-blvd-windermere-fl-34786,2026-09-03,2026-09-09,FL,Windermere,,,,,14020-eden-isle-blvd-windermere-fl-34786
2026-09-09,INVH,Orlando,"10321 Alameda Alma Rd, Clermont, FL, 34711",Orlando,INVH-10321-alameda-alma-rd-34711-6793,3,2.0,1930,2560.0,2026-09-09,20 months,False,,,,,,,,https://www.invitationhomes.com/houses-for-rent/10321-alameda-alma-rd-34711-6793,2026-08-02,2026-09-09,FL,Clermont,,,,,10321-alameda-alma-rd-34711-6793
2026-09-09,INVH,Orlando,"11425 Via de Renee Pl, Clermont, FL, 34711",Orlando,INVH-11425-via-de-renee-pl-34711-6516,3,2.0,2138,2675.0,2026-09-09,20 months,False,,,,,,,,https://www.invitationhomes.com/houses-for-rent/11425-via-de-renee-pl-34711-6516,2026-09-03,2026-09-09,FL,Clermont,,,,,11425-via-de-renee-pl-34711-6516
2026-09-09,INVH,Orlando,"10734 Versailles Blvd, Clermont, FL, 34711",Orlando,INVH-10734-versailles-blvd-34711-94331,3,2.0,2002,2599.0,2026-09-20,20 months,False,,,,,,,,https://www.invitationhomes.com/houses-for-rent/10734-versailles-blvd-34711-94331,2026-08-02,2026-09-09,FL,Clermont,,,,,10734-versailles-blvd-34711-94331
2026-09-09,INVH,Orlando,"2949 Magnolia Blossom Cir, Clermont, FL, 34711",Orlando,INVH-2949-magnolia-blossom-cir-clermont-fl-34711,4,3.5,3048,2560.0,2026-09-09,20 months,False,,,,,,,,https://www.invitationhomes.com/houses-for-rent/2949-magnolia-blossom-cir-clermont-fl-34711,2026-07-19,2026-09-09,FL,Clermont,,,,,2949-magnolia-blossom-cir-clermont-fl-34711
2026-09-09,INVH,Tampa,"135 Compass Rose Dr, Groveland, FL, 34736",Tampa,INVH-135-compass-rose-dr-34736-2348,4,2.0,1603,2190.0,2026-10-06,20 months,False,,,,,,,,https://www.invitationhomes.com/houses-for-rent/135-compass-rose-dr-34736-2348,2026-08-23,2026-09-09,FL,Groveland,,,,,135-compass-rose-dr-34736-2348
2026-09-09,INVH,Orlando,"731 Pine Ln, Clermont, FL, 34711",Orlando,INVH-731-pine-ln-34711-1480,3,2.0,1566,2080.0,2026-09-09,20 months,False,,,,,,,,https://www.invitationhomes.com/houses-for-rent/731-pine-ln-34711-1480,2026-08-23,2026-09-09,FL,Clermont,,,,,731-pine-ln-34711-1480
2026-09-09,INVH,Tampa,"838 Elm Forest Dr, Minneola, FL, 34715",Tampa,INVH-838-elm-forest-dr-34715-7341,3,2.0,1470,2260.0,2026-10-22,20 months,False,,,,,,,,https://www.invitationhomes.com/houses-for-rent/838-elm-forest-dr-34715-7341,2026-09-09,2026-09-09,FL,Minneola,,,,,838-elm-forest-dr-34715-7341
2026-09-09,INVH,Tampa,"945 Park Valley Cir, Minneola, FL, 34715",Tampa,INVH-945-park-valley-cir-34715-95790,3,2.0,1752,2345.0,2026-10-05,20 months,False,,,,,,,,https://www.invitationhomes.com/houses-for-rent/945-park-valley-cir-34715-95790,2026-09-09,2026-09-09,FL,Minneola,,,,,945-park-valley-cir-34715-95790
2026-09-09,INVH,Tampa,"2010 Southern Oak Loop, Minneola, FL, 34715",Tampa,INVH-2010-southern-oak-loop-34715-2879,4,3.0,2392,2595.0,2026-10-21,20 months,False,,,,,,,,https://www.invitationhomes.com/houses-for-rent/2010-southern-oak-loop-34715-2879,2026-09-06,2026-09-09,FL,Minneola,,,,,2010-southern-oak-loop-34715-2879
2026-09-09,INVH,Tampa,"635 Park Valley Cir, Minneola, FL, 34715",Tampa,INVH-635-park-valley-cir-minneola-fl-34715,3,2.0,1338,2220.0,2026-10-17,20 months,False,,,,,,,,https://www.invitationhomes.com/houses-for-rent/635-park-valley-cir-minneola-fl-34715,2026-09-03,2026-09-09,FL,Minneola,,,,,635-park-valley-cir-minneola-fl-34715
2026-09-09,INVH,Tampa,"1303 Windy Meadow Dr, Minneola, FL, 34715",Tampa,INVH-1303-windy-meadow-dr-34715-3949,3,2.0,1788,2345.0,2026-09-23,20 months,False,,,,,,,,https://www.invitationhomes.com/houses-for-rent/1303-windy-meadow-dr-34715-3949,2026-08-10,2026-09-09,FL,Minneola,,,,,1303-windy-meadow-dr-34715-3949
2026-09-09,INVH,Tampa,"1313 Windy Bluff Dr, Minneola, FL, 34715",Tampa,INVH-1313-windy-bluff-dr-34715-94367,3,2.0,1870,2345.0,2026-10-17,20 months,False,,,,,,,,https://www.invitationhomes.com/houses-for-rent/1313-windy-bluff-dr-34715-94367,2026-09-03,2026-09-09,FL,Minneola,,,,,1313-windy-bluff-dr-34715-94367
2026-09-09,INVH,Orlando,"1368 Bridge Hill Ln, Clermont, FL, 34711",Orlando,INVH-1368-bridge-hill-ln-clermont-fl-34711,5,3.0,3083,3095.0,2026-10-13,20 months,False,,,,,,,,https://www.invitationhomes.com/houses-for-rent/1368-bridge-hill-ln-clermont-fl-34711,2026-09-03,2026-09-09,FL,Clermont,,,,,1368-bridge-hill-ln-clermont-fl-34711
2026-09-09,INVH,Orlando,"3713 Fallscrest Cir, Clermont, FL, 34711",Orlando,INVH-3713-fallscrest-cir-34711-9732,3,2.0,1512,2249.0,2026-09-26,20 months,False,,,,,,,,https://www.invitationhomes.com/houses-for-rent/3713-fallscrest-cir-34711-9732,2026-08-16,2026-09-09,FL,Clermont,,,,,3713-fallscrest-cir-34711-9732
2026-09-09,INVH,Orlando,"15643 Charter Oaks Trl, Clermont, FL, 34711",Orlando,INVH-15643-charter-oaks-trl-clermont-fl-34711,3,2.0,1663,2260.0,2026-10-24,20 months,False,,,,,,,,https://www.invitationhomes.com/houses-for-rent/15643-charter-oaks-trl-clermont-fl-34711,2026-04-26,2026-09-09,FL,Clermont,,,,,15643-charter-oaks-trl-clermont-fl-34711
2026-09-09,INVH,Orlando,"1231 Legendary Blvd, Clermont, FL, 34711",Orlando,INVH-1231-legendary-blvd-clermont-fl-34711,3,3.0,2251,2725.0,2026-09-09,20 months,False,,,,,,,,https://www.invitationhomes.com/houses-for-rent/1231-legendary-blvd-clermont-fl-34711,2026-08-16,2026-09-09,FL,Clermont,,,,,1231-legendary-blvd-clermont-fl-34711
2026-09-09,INVH,Orlando,"13743 Laranja St, Clermont, FL, 34711",Orlando,INVH-13743-laranja-st-34711-113323,4,2.5,2176,2695.0,2026-09-28,20 months,False,,,,,,,,https://www.invitationhomes.com/houses-for-rent/13743-laranja-st-34711-113323,2026-08-16,2026-09-09,FL,Clermont,,,,,13743-laranja-st-34711-113323
2026-09-09,INVH,Orlando,"1521 Loch Avich Rd, Winter Garden, FL, 34787",Orlando,INVH-1521-loch-avich-rd-winter-garden-fl-34787,3,2.0,1384,2399.0,2026-09-29,20 months,False,,,,,,,,https://www.invitationhomes.com/houses-for-rent/1521-loch-avich-rd-winter-garden-fl-34787,2026-09-03,2026-09-09,FL,Winter Garden,,,,,1521-loch-avich-rd-winter-garden-fl-34787
2026-09-09,INVH,Orlando,"13762 Bluebird Pond Rd, Windermere, FL, 34786",Orlando,INVH-13762-bluebird-pond-rd-34786-94200,4,2.5,2218,3249.0,2026-10-15,20 months,False,,,,,,,,https://www.invitationhomes.com/houses-for-rent/13762-bluebird-pond-rd-34786-94200,2026-09-03,2026-09-09,FL,Windermere,,,,,13762-bluebird-pond-rd-34786-94200
2026-09-09,INVH,Orlando,"1847 Portcastle Cir, Winter Garden, FL, 34787",Orlando,INVH-1847-portcastle-cir-34787-86393,3,2.5,1857,2799.0,2026-09-09,20 months,False,,,,,,,,https://www.invitationhomes.com/houses-for-rent/1847-portcastle-cir-34787-86393,2026-08-23,2026-09-09,FL,Winter Garden,,,,,1847-portcastle-cir-34787-86393
2026-09-09,INVH,Orlando,"626 Westhampton Ct, Winter Garden, FL, 34787",Orlando,INVH-626-westhampton-ct-winter-garden-fl-34787,4,4.0,2642,3749.0,2026-10-03,20 months,False,,,,,,,,https://www.invitationhomes.com/houses-for-rent/626-westhampton-ct-winter-garden-fl-34787,2026-09-03,2026-09-09,FL,Winter Garden,,,,,626-westhampton-ct-winter-garden-fl-34787
2026-09-09,INVH,Orlando,"641 Stevelynn Cir, Winter Garden, FL, 34787",Orlando,INVH-641-stevelynn-cir-winter-garden-fl-34787,3,2.0,1225,2315.0,2026-09-09,20 months,False,,,,,,,,https://www.invitationhomes.com/houses-for-rent/641-stevelynn-cir-winter-garden-fl-34787,2026-08-10,2026-09-09,FL,Winter Garden,,,,,641-stevelynn-cir-winter-garden-fl-34787
2026-09-09,INVH,Tampa,"912 Jayhil Dr, Minneola, FL, 34715",Tampa,INVH-912-jayhil-dr-34715-7513,4,2.0,2217,2299.0,2026-09-09,20 months,False,,,,,,,,https://www.invitationhomes.com/houses-for-rent/912-jayhil-dr-34715-7513,2026-07-19,2026-09-09,FL,Minneola,,,,,912-jayhil-dr-34715-7513
2026-09-09,INVH,Tampa,"409 Arbor Pointe Ave, Minneola, FL, 34715",Tampa,INVH-409-arbor-pointe-avenue-34715-5911,4,2.5,2604,3299.0,2026-10-18,20 months,False,,,,,,,,https://www.invitationhomes.com/houses-for-rent/409-arbor-pointe-avenue-34715-5911,2026-09-03,2026-09-09,FL,Minneola,,,,,409-arbor-pointe-avenue-34715-5911
2026-09-09,INVH,Orlando,"415 Balboa Blvd, Clermont, FL, 34715",Orlando,INVH-415-balboa-blvd-clermont-fl-34715,4,2.0,2227,2480.0,2026-09-09,20 months,False,,,,,,,,https://www.invitationhomes.com/houses-for-rent/415-balboa-blvd-clermont-fl-34715,2026-07-19,2026-09-09,FL,Clermont,,,,,415-balboa-blvd-clermont-fl-34715
2026-09-09,INVH,Orlando,"1712 Lindzlu St, Winter Garden, FL, 34787",Orlando,INVH-1712-lindzlu-st-winter-garden-fl-34787,4,3.0,2657,3145.0,2026-10-17,20 months,False,,,,,,,,https://www.invitationhomes.com/houses-for-rent/1712-lindzlu-st-winter-garden-fl-34787,2026-09-03,2026-09-09,FL,Winter Garden,,,,,1712-lindzlu-st-winter-garden-fl-34787
2026-09-09,INVH,Tampa,"5848 Windsong Oak Dr, Leesburg, FL, 34748",Tampa,INVH-5848-windsong-oak-dr-leesburg-fl-34748,3,2.0,1542,1965.0,2026-10-20,20 months,False,,,,,,,,https://www.invitationhomes.com/houses-for-rent/5848-windsong-oak-dr-leesburg-fl-34748,2026-09-06,2026-09-09,FL,Leesburg,,,,,5848-windsong-oak-dr-leesburg-fl-34748
2026-09-09,INVH,Tampa,"2213 Florence Ave, Leesburg, FL, 34748",Tampa,INVH-2213-florence-ave-34748-102812,5,2.0,1600,1990.0,2026-10-09,20 months,False,,,,,,,,https://www.invitationhomes.com/houses-for-rent/2213-florence-ave-34748-102812,2026-09-03,2026-09-09,FL,Leesburg,,,,,2213-florence-ave-34748-102812
2026-09-09,INVH,Tampa,"4920 Treasure Cay Rd, Tavares, FL, 32778",Tampa,INVH-4920-treasure-cay-rd-32778-5160,3,2.0,1504,1945.0,2026-09-09,20 months,False,,,,,,,,https://www.invitationhomes.com/houses-for-rent/4920-treasure-cay-rd-32778-5160,2026-08-23,2026-09-09,FL,Tavares,,,,,4920-treasure-cay-rd-32778-5160
2026-09-09,INVH,Tampa,"2234 Martins Run, Tavares, FL, 32778",Tampa,INVH-2234-martins-run-tavares-fl-32778,3,2.0,1684,1995.0,2026-09-09,20 months,False,,,,,,,,https://www.invitationhomes.com/houses-for-rent/2234-martins-run-tavares-fl-32778,2026-07-19,2026-09-09,FL,Tavares,,,,,2234-martins-run-tavares-fl-32778
2026-09-09,INVH,Tampa,"4521 Treasure Cay Rd, Tavares, FL, 32778",Tampa,INVH-4521-treasure-cay-rd-tavares-fl-32778,3,2.0,1671,2230.0,2026-10-17,20 months,False,,,,,,,,https://www.invitationhomes.com/houses-for-rent/4521-treasure-cay-rd-tavares-fl-32778,2026-09-03,2026-09-09,FL,Tavares,,,,,4521-treasure-cay-rd-tavares-fl-32778
2026-09-09,INVH,Tampa,"33238 Irongate Dr, Leesburg, FL, 34788",Tampa,INVH-33238-irongate-dr-34788-1183,3,2.0,1790,2170.0,2026-10-19,20 months,False,,,,,,,,https://www.invitationhomes.com/houses-for-rent/33238-irongate-dr-34788-1183,2026-09-03,2026-09-09,FL,Leesburg,,,,,33238-irongate-dr-34788-1183
2026-09-09,INVH,Tampa,"2008 Meadowside Dr, Eustis, FL, 32726",Tampa,INVH-2008-meadowside-dr-eustis-fl-32726,3,2.0,1963,2395.0,2026-10-17,20 months,False,,,,,,,,https://www.invitationhomes.com/houses-for-rent/2008-meadowside-dr-eustis-fl-32726,2026-09-03,2026-09-09,FL,Eustis,,,,,2008-meadowside-dr-eustis-fl-32726
2026-09-09,INVH,Tampa,"3051 Westgate Dr, Eustis, FL, 32726",Tampa,INVH-3051-westgate-dr-eustis-fl-32726,3,2.0,1738,1985.0,2026-09-09,20 months,False,,,,,,,,https://www.invitationhomes.com/houses-for-rent/3051-westgate-dr-eustis-fl-32726,2026-08-10,2026-09-09,FL,Eustis,,,,,3051-westgate-dr-eustis-fl-32726
2026-09-09,INVH,Tampa,"13343 Biscayne Dr, Grand Island, FL, 32735",Tampa,INVH-13343-biscayne-dr-32735-8208,3,2.0,1878,2130.0,2026-09-09,20 months,False,,,,,,,,https://www.invitationhomes.com/houses-for-rent/13343-biscayne-dr-32735-8208,2026-08-10,2026-09-09,FL,Grand Island,,,,,13343-biscayne-dr-32735-8208
2026-09-09,INVH,Tampa,"4063 Edgeland Trl, Middleburg, FL, 32068",Tampa,INVH-4063-edgeland-trl-32068-95483,4,3.0,2050,2340.0,2026-10-07,24 months,False,,,,,,,,https://www.invitationhomes.com/houses-for-rent/4063-edgeland-trl-32068-95483,2026-06-09,2026-09-09,FL,Middleburg,,,,,4063-edgeland-trl-32068-95483
2026-09-09,INVH,Tampa,"2136 Pebble Point Dr, Green Cove Springs, FL, 32043",Tampa,INVH-2136-pebble-point-dr-32043-89923,4,2.0,1856,2095.0,2026-09-15,21 months,False,,,,,,,,https://www.invitationhomes.com/houses-for-rent/2136-pebble-point-dr-32043-89923,2026-08-10,2026-09-09,FL,Green Cove Springs,,,,,2136-pebble-point-dr-32043-89923
2026-09-09,INVH,Jacksonville,"1618 Majestic View Ln, Fleming Island, FL, 32003",Jacksonville,INVH-1618-majestic-view-ln-32003-6537,5,4.0,2912,2995.0,2026-10-12,21 months,False,,,,,,,,https://www.invitationhomes.com/houses-for-rent/1618-majestic-view-ln-32003-6537,2026-09-03,2026-09-09,FL,Fleming Island,,,,,1618-majestic-view-ln-32003-6537
2026-09-09,INVH,Tampa,"3994 Trail Ridge Rd, Middleburg, FL, 32068",Tampa,INVH-3994-trail-ridge-rd-32068-2913,3,2.0,1563,1699.0,2026-09-09,21 months,False,,,,,,,,https://www.invitationhomes.com/houses-for-rent/3994-trail-ridge-rd-32068-2913,2026-07-19,2026-09-09,FL,Middleburg,,,,,3994-trail-ridge-rd-32068-2913
2026-09-09,INVH,Tampa,"4015 Trail Ridge Rd, Middleburg, FL, 32068",Tampa,INVH-4015-trail-ridge-rd-32068-7951,3,2.0,1718,2025.0,2026-09-09,21 months,False,,,,,,,,https://www.invitationhomes.com/houses-for-rent/4015-trail-ridge-rd-32068-7951,2026-04-04,2026-09-09,FL,Middleburg,,,,,4015-trail-ridge-rd-32068-7951
2026-09-09,INVH,Tampa,"867 Cameron Oaks Pl, Middleburg, FL, 32068",Tampa,INVH-867-cameron-oaks-pl-32068-89940,4,2.0,1856,1965.0,2026-09-09,21 months,False,,,,,,,,https://www.invitationhomes.com/houses-for-rent/867-cameron-oaks-pl-32068-89940,2026-08-23,2026-09-09,FL,Middleburg,,,,,867-cameron-oaks-pl-32068-89940
2026-09-09,INVH,Tampa,"1919 Hunters Trace Cir, Middleburg, FL, 32068",Tampa,INVH-1919-hunters-trace-cir-32068-7494,3,2.0,1574,2015.0,2026-10-17,21 months,False,,,,,,,,https://www.invitationhomes.com/houses-for-rent/1919-hunters-trace-cir-32068-7494,2026-09-09,2026-09-09,FL,Middleburg,,,,,1919-hunters-trace-cir-32068-7494
2026-09-09,INVH,Tampa,"2961 Biloxi Trl, Middleburg, FL, 32068",Tampa,INVH-2961-biloxi-trl-32068-3974,3,2.0,1848,1895.0,2026-09-09,21 months,False,,,,,,,,https://www.invitationhomes.com/houses-for-rent/2961-biloxi-trl-32068-3974,2026-07-19,2026-09-09,FL,Middleburg,,,,,2961-biloxi-trl-32068-3974
2026-09-09,INVH,Jacksonville,"2771 Commanche Ave, Orange Park, FL, 32065",Jacksonville,INVH-2771-commanche-ave-32065-102640,4,2.0,1981,2045.0,2026-09-09,21 months,False,,,,,,,,https://www.invitationhomes.com/houses-for-rent/2771-commanche-ave-32065-102640,2026-08-10,2026-09-09,FL,Orange Park,,,,,2771-commanche-ave-32065-102640
2026-09-09,INVH,Jacksonville,"2466 Ridgecrest Ave, Orange Park, FL, 32065",Jacksonville,INVH-2466-ridgecrest-ave-32065-4673,3,2.0,1706,1895.0,2026-09-09,21 months,False,,,,,,,,https://www.invitationhomes.com/houses-for-rent/2466-ridgecrest-ave-32065-4673,2026-08-02,2026-09-09,FL,Orange Park,,,,,2466-ridgecrest-ave-32065-4673
2026-09-09,INVH,Jacksonville,"3013 Bluejack Ct, Orange Park, FL, 32073",Jacksonville,INVH-3013-bluejack-ct-32073-6773,4,2.0,2048,2145.0,2026-10-22,21 months,False,,,,,,,,https://www.invitationhomes.com/houses-for-rent/3013-bluejack-ct-32073-6773,2026-09-09,2026-09-09,FL,Orange Park,,,,,3013-bluejack-ct-32073-6773
2026-09-09,INVH,Jacksonville,"1062 Lana Ct, Orange Park, FL, 32065",Jacksonville,INVH-1062-lana-ct-32065-4473,3,2.0,1482,1880.0,2026-09-11,21 months,False,,,,,,,,https://www.invitationhomes.com/houses-for-rent/1062-lana-ct-32065-4473,2026-08-02,2026-09-09,FL,Orange Park,,,,,1062-lana-ct-32065-4473
2026-09-09,INVH,Jacksonville,"3525 Live Oak Hollow Dr, Orange Park, FL, 32065",Jacksonville,INVH-3525-live-oak-hollow-dr-32065-8090,4,2.0,1768,2095.0,2026-09-15,21 months,False,,,,,,,,https://www.invitationhomes.com/houses-for-rent/3525-live-oak-hollow-dr-32065-8090,2026-09-06,2026-09-09,FL,Orange Park,,,,,3525-live-oak-hollow-dr-32065-8090
2026-09-09,INVH,Jacksonville,"3675 Blue Wing Ct, Orange Park, FL, 32065",Jacksonville,INVH-3675-blue-wing-ct-32065-5224,3,2.0,1991,2195.0,2026-09-09,21 months,False,,,,,,,,https://www.invitationhomes.com/houses-for-rent/3675-blue-wing-ct-32065-5224,2026-08-10,2026-09-09,FL,Orange Park,,,,,3675-blue-wing-ct-32065-5224
2026-09-09,INVH,Jacksonville,"545 Cherry Ridge Dr, Orange Park, FL, 32065",Jacksonville,INVH-545-cherry-rdg-dr-32222-118419,3,2.5,1707,1625.0,2026-09-09,24 months,False,,,,,,,,https://www.invitationhomes.com/houses-for-rent/545-cherry-rdg-dr-32222-118419,2026-07-19,2026-09-09,FL,Orange Park,,,,,545-cherry-rdg-dr-32222-118419
2026-09-09,INVH,Jacksonville,"580 Cherry Ridge Dr, Orange Park, FL, 32065",Jacksonville,INVH-580-cherry-rdg-dr-32222-118429,3,2.5,1707,1649.0,2026-09-28,24 months,False,,,,,,,,https://www.invitationhomes.com/houses-for-rent/580-cherry-rdg-dr-32222-118429,2026-08-16,2026-09-09,FL,Orange Park,,,,,580-cherry-rdg-dr-32222-118429
2026-09-09,INVH,Jacksonville,"522 Cherry Ridge Dr, Orange Park, FL, 32065",Jacksonville,INVH-522-cherry-rdg-dr-32222-118399,3,2.5,1707,1649.0,2026-10-12,24 months,False,,,,,,,,https://www.invitationhomes.com/houses-for-rent/522-cherry-rdg-dr-32222-118399,2026-09-03,2026-09-09,FL,Orange Park,,,,,522-cherry-rdg-dr-32222-118399
2026-09-09,INVH,Jacksonville,"510 Cherry Ridge Dr, Orange Park, FL, 32065",Jacksonville,INVH-510-cherry-rdg-dr-32222-118394,3,2.5,1707,1649.0,2026-09-09,24 months,False,,,,,,,,https://www.invitationhomes.com/houses-for-rent/510-cherry-rdg-dr-32222-118394,2026-08-02,2026-09-09,FL,Orange Park,,,,,510-cherry-rdg-dr-32222-118394
2026-09-09,INVH,Jacksonville,"501 Cherry Ridge Dr, Orange Park, FL, 32065",Jacksonville,INVH-501-cherry-rdg-dr-32222-118388,3,2.5,1707,1649.0,2026-09-09,24 months,False,,,,,,,,https://www.invitationhomes.com/houses-for-rent/501-cherry-rdg-dr-32222-118388,2026-08-02,2026-09-09,FL,Orange Park,,,,,501-cherry-rdg-dr-32222-118388
2026-09-09,INVH,Jacksonville,"653 Cherry Ridge Dr, Jacksonville, FL, 32222",Jacksonville,INVH-653-cherry-rdg-dr-32222-114981,3,2.5,1707,1649.0,2026-09-09,24 months,False,,,,,,,,https://www.invitationhomes.com/houses-for-rent/653-cherry-rdg-dr-32222-114981,2026-08-10,2026-09-09,FL,Jacksonville,,,,,653-cherry-rdg-dr-32222-114981
2026-09-09,INVH,Jacksonville,"222 Sweet Lemon Ln, Orange Park, FL, 32065",Jacksonville,INVH-222-sweet-lemon-ln-32222-118372,3,2.5,1707,1625.0,2026-09-09,24 months,False,,,,,,,,https://www.invitationhomes.com/houses-for-rent/222-sweet-lemon-ln-32222-118372,2026-06-09,2026-09-09,FL,Orange Park,,,,,222-sweet-lemon-ln-32222-118372
2026-09-09,INVH,Jacksonville,"198 Sweet Lemon Ln, Orange Park, FL, 32065",Jacksonville,INVH-198-sweet-lemon-ln-32222-118357,3,2.5,1707,1625.0,2026-09-09,24 months,False,,,,,,,,https://www.invitationhomes.com/houses-for-rent/198-sweet-lemon-ln-32222-118357,2026-06-14,2026-09-09,FL,Orange Park,,,,,198-sweet-lemon-ln-32222-118357
2026-09-09,INVH,Jacksonville,"186 Sweet Lemon Ln, Orange Park, FL, 32065",Jacksonville,INVH-186-sweet-lemon-ln-32222-118347,3,2.5,1707,1625.0,2026-09-09,24 months,False,,,,,,,,https://www.invitationhomes.com/houses-for-rent/186-sweet-lemon-ln-32222-118347,2026-07-19,2026-09-09,FL,Orange Park,,,,,186-sweet-lemon-ln-32222-118347
2026-09-09,INVH,Jacksonville,"413 Cherry Ridge Dr, Jacksonville, FL, 32222",Jacksonville,INVH-413-cherry-rdg-dr-32222-118313,3,2.5,1707,1649.0,2026-09-09,24 months,False,,,,,,,,https://www.invitationhomes.com/houses-for-rent/413-cherry-rdg-dr-32222-118313,2026-08-02,2026-09-09,FL,Jacksonville,,,,,413-cherry-rdg-dr-32222-118313
2026-09-09,INVH,Jacksonville,"357 Cherry Ridge Dr, Orange Park, FL, 32065",Jacksonville,INVH-357-cherry-rdg-dr-32222-118288,3,2.5,1707,1599.0,2026-09-09,24 months,False,,,,,,,,https://www.invitationhomes.com/houses-for-rent/357-cherry-rdg-dr-32222-118288,2026-05-09,2026-09-09,FL,Orange Park,,,,,357-cherry-rdg-dr-32222-118288
2026-09-09,INVH,Jacksonville,"3108 Hickory Glen Dr, Orange Park, FL, 32065",Jacksonville,INVH-3108-hickory-glen-dr-32065-102625,4,2.0,2480,2299.0,2026-10-22,21 months,False,,,,,,,,https://www.invitationhomes.com/houses-for-rent/3108-hickory-glen-dr-32065-102625,2026-05-24,2026-09-09,FL,Orange Park,,,,,3108-hickory-glen-dr-32065-102625
2026-09-09,INVH,Jacksonville,"956 Misty Maple Ct, Orange Park, FL, 32065",Jacksonville,INVH-956-misty-maple-ct-32065-92467,3,2.0,2027,2240.0,2026-09-11,21 months,False,,,,,,,,https://www.invitationhomes.com/houses-for-rent/956-misty-maple-ct-32065-92467,2026-09-03,2026-09-09,FL,Orange Park,,,,,956-misty-maple-ct-32065-92467
2026-09-09,INVH,Jacksonville,"1458 Canopy Oaks Dr, Orange Park, FL, 32065",Jacksonville,INVH-1458-canopy-oaks-dr-orange-park-fl-32065,4,2.0,1673,2025.0,2026-10-22,21 months,False,,,,,,,,https://www.invitationhomes.com/houses-for-rent/1458-canopy-oaks-dr-orange-park-fl-32065,2026-09-09,2026-09-09,FL,Orange Park,,,,,1458-canopy-oaks-dr-orange-park-fl-32065
2026-09-09,INVH,Jacksonville,"545 Thornberry Rd, Orange Park, FL, 32073",Jacksonville,INVH-545-thornberry-rd-32073-7074,3,2.0,2022,2240.0,2026-09-15,21 months,False,,,,,,,,https://www.invitationhomes.com/houses-for-rent/545-thornberry-rd-32073-7074,2026-08-10,2026-09-09,FL,Orange Park,,,,,545-thornberry-rd-32073-7074
2026-09-09,INVH,Jacksonville,"401 Libra Ln, Orange Park, FL, 32073",Jacksonville,INVH-401-libra-ln-32073-102452,4,2.0,1482,1845.0,2026-09-09,21 months,False,,,,,,,,https://www.invitationhomes.com/houses-for-rent/401-libra-ln-32073-102452,2026-09-03,2026-09-09,FL,Orange Park,,,,,401-libra-ln-32073-102452
2026-09-09,INVH,Jacksonville,"347 Capella Rd, Orange Park, FL, 32073",Jacksonville,INVH-347-capella-rd-32073-102517,3,2.0,1257,1645.0,2026-10-17,21 months,False,,,,,,,,https://www.invitationhomes.com/houses-for-rent/347-capella-rd-32073-102517,2026-04-04,2026-09-09,FL,Orange Park,,,,,347-capella-rd-32073-102517
2026-09-09,INVH,Jacksonville,"8386 Watermill Blvd, Jacksonville, FL, 32244",Jacksonville,INVH-8386-watermill-blvd-32244-2615,4,2.0,2006,2140.0,2026-09-10,21 months,False,,,,,,,,https://www.invitationhomes.com/houses-for-rent/8386-watermill-blvd-32244-2615,2026-07-19,2026-09-09,FL,Jacksonville,,,,,8386-watermill-blvd-32244-2615
2026-09-09,INVH,Jacksonville,"8621 Derry Dr, Jacksonville, FL, 32244",Jacksonville,INVH-8621-derry-dr-32244-7983,4,2.0,2231,2195.0,2026-10-17,21 months,False,,,,,,,,https://www.invitationhomes.com/houses-for-rent/8621-derry-dr-32244-7983,2026-09-03,2026-09-09,FL,Jacksonville,,,,,8621-derry-dr-32244-7983
2026-09-09,INVH,Jacksonville,"8460 Branchwater Dr, Jacksonville, FL, 32244",Jacksonville,INVH-8460-branchwater-dr-jacksonville-fl-32244,3,2.0,1563,1865.0,2026-09-09,21 months,False,,,,,,,,https://www.invitationhomes.com/houses-for-rent/8460-branchwater-dr-jacksonville-fl-32244,2026-08-02,2026-09-09,FL,Jacksonville,,,,,8460-branchwater-dr-jacksonville-fl-32244
2026-09-09,INVH,Jacksonville,"9564 Croxley Ct, Jacksonville, FL, 32244",Jacksonville,INVH-9564-croxley-ct-32244-6546,3,2.0,1806,2095.0,2026-10-15,21 months,False,,,,,,,,https://www.invitationhomes.com/houses-for-rent/9564-croxley-ct-32244-6546,2026-09-03,2026-09-09,FL,Jacksonville,,,,,9564-croxley-ct-32244-6546
2026-09-09,INVH,Jacksonville,"8478 Wessex Ct, Jacksonville, FL, 32244",Jacksonville,INVH-8478-wessex-ct-32244-5337,3,2.0,1970,2095.0,2026-10-20,21 months,False,,,,,,,,https://www.invitationhomes.com/houses-for-rent/8478-wessex-ct-32244-5337,2026-09-06,2026-09-09,FL,Jacksonville,,,,,8478-wessex-ct-32244-5337
2026-09-09,INVH,Jacksonville,"7102 Beekman Lake Dr S, Jacksonville, FL, 32222",Jacksonville,INVH-7102-beekman-lake-dr-s-jacksonville-fl-32222,3,2.0,1554,1895.0,2026-10-11,21 months,False,,,,,,,,https://www.invitationhomes.com/houses-for-rent/7102-beekman-lake-dr-s-jacksonville-fl-32222,2026-09-03,2026-09-09,FL,Jacksonville,,,,,7102-beekman-lake-dr-s-jacksonville-fl-32222
2026-09-09,INVH,Jacksonville,"6886 Wall Springs Dr, Jacksonville, FL, 32222",Jacksonville,INVH-6886-wall-springs-dr-jacksonville-fl-32222,3,2.0,1834,1915.0,2026-09-09,21 months,False,,,,,,,,https://www.invitationhomes.com/houses-for-rent/6886-wall-springs-dr-jacksonville-fl-32222,2026-06-09,2026-09-09,FL,Jacksonville,,,,,6886-wall-springs-dr-jacksonville-fl-32222
2026-09-09,INVH,Jacksonville,"9128 Jennifer Ln, Jacksonville, FL, 32222",Jacksonville,INVH-9128-jennifer-ln-32222-6910,3,2.0,2027,1985.0,2026-09-09,21 months,False,,,,,,,,https://www.invitationhomes.com/houses-for-rent/9128-jennifer-ln-32222-6910,2026-07-19,2026-09-09,FL,Jacksonville,,,,,9128-jennifer-ln-32222-6910
2026-09-09,INVH,Jacksonville,"8863 Shindler Crossing Dr, Jacksonville, FL, 32222",Jacksonville,INVH-8863-shindler-crossing-dr-32222-5660,3,2.5,2192,2299.0,2026-09-09,,False,,,,,,,,https://www.invitationhomes.com/houses-for-rent/8863-shindler-crossing-dr-32222-5660,2026-04-04,2026-09-09,FL,Jacksonville,,,,,8863-shindler-crossing-dr-32222-5660
2026-09-09,INVH,Jacksonville,"7926 Campbell Town Ct, Jacksonville, FL, 32244",Jacksonville,INVH-7926-campbell-town-ct-jacksonville-fl-32244,3,2.0,1914,2095.0,2026-10-14,21 months,False,,,,,,,,https://www.invitationhomes.com/houses-for-rent/7926-campbell-town-ct-jacksonville-fl-32244,2026-09-03,2026-09-09,FL,Jacksonville,,,,,7926-campbell-town-ct-jacksonville-fl-32244
2026-09-09,INVH,Jacksonville,"8552 Boysenberry Ln, Jacksonville, FL, 32244",Jacksonville,INVH-8552-boysenberry-ln-jacksonville-fl-32244,3,2.0,2012,1895.0,2026-09-16,21 months,False,,,,,,,,https://www.invitationhomes.com/houses-for-rent/8552-boysenberry-ln-jacksonville-fl-32244,2026-08-10,2026-09-09,FL,Jacksonville,,,,,8552-boysenberry-ln-jacksonville-fl-32244
2026-09-09,INVH,Jacksonville,"1503 Blue Heron Ct, Fleming Island, FL, 32003",Jacksonville,INVH-1503-blue-heron-ct-32003-6235,4,2.5,2536,2470.0,2026-09-09,21 months,False,,,,,,,,https://www.invitationhomes.com/houses-for-rent/1503-blue-heron-ct-32003-6235,2026-07-19,2026-09-09,FL,Fleming Island,,,,,1503-blue-heron-ct-32003-6235
2026-09-09,INVH,Tampa,"716 S Lake Cunningham Ave, Saint Johns, FL, 32259",Tampa,INVH-716-s-lake-cunningham-ave-32259-1903,3,2.0,2294,2749.0,2026-09-09,21 months,False,,,,,,,,https://www.invitationhomes.com/houses-for-rent/716-s-lake-cunningham-ave-32259-1903,2026-08-02,2026-09-09,FL,Saint Johns,,,,,716-s-lake-cunningham-ave-32259-1903
2026-09-09,INVH,Jacksonville,"2901 Westberry Hideaway Ct, Jacksonville, FL, 32223",Jacksonville,INVH-2901-westberry-hideaway-ct-32223-1916,3,2.0,1609,2095.0,2026-09-09,21 months,False,,,,,,,,https://www.invitationhomes.com/houses-for-rent/2901-westberry-hideaway-ct-32223-1916,2026-08-02,2026-09-09,FL,Jacksonville,,,,,2901-westberry-hideaway-ct-32223-1916
2026-09-09,INVH,Jacksonville,"2817 Paces Ferry Rd W, Orange Park, FL, 32073",Jacksonville,INVH-2817-paces-ferry-rd-w-32073-102584,5,2.5,1987,2295.0,2026-10-05,21 months,False,,,,,,,,https://www.invitationhomes.com/houses-for-rent/2817-paces-ferry-rd-w-32073-102584,2026-09-03,2026-09-09,FL,Orange Park,,,,,2817-paces-ferry-rd-w-32073-102584
2026-09-09,INVH,Jacksonville,"1857 Alder Dr W, Orange Park, FL, 32073",Jacksonville,INVH-1857-alder-dr-w-32073-102460,4,2.0,1770,2120.0,2026-10-17,21 months,False,,,,,,,,https://www.invitationhomes.com/houses-for-rent/1857-alder-dr-w-32073-102460,2026-09-03,2026-09-09,FL,Orange Park,,,,,1857-alder-dr-w-32073-102460
2026-09-09,INVH,Jacksonville,"3846 English Colony Dr S, Jacksonville, FL, 32257",Jacksonville,INVH-3846-english-colony-dr-s-32257-2103,3,2.0,1384,1995.0,2026-09-11,21 months,False,,,,,,,,https://www.invitationhomes.com/houses-for-rent/3846-english-colony-dr-s-32257-2103,2026-08-10,2026-09-09,FL,Jacksonville,,,,,3846-english-colony-dr-s-32257-2103
2026-09-09,INVH,Jacksonville,"11143 Stoney Point Ln W, Jacksonville, FL, 32257",Jacksonville,INVH-11143-stoney-point-ln-w-32257-1428,3,2.0,1636,2285.0,2026-10-08,21 months,False,,,,,,,,https://www.invitationhomes.com/houses-for-rent/11143-stoney-point-ln-w-32257-1428,2026-08-02,2026-09-09,FL,Jacksonville,,,,,11143-stoney-point-ln-w-32257-1428
2026-09-09,INVH,Jacksonville,"11310 Rustic Wheel Ct, Jacksonville, FL, 32257",Jacksonville,INVH-11310-rustic-wheel-ct-32257-5492,3,2.0,1479,2095.0,2026-10-13,21 months,False,,,,,,,,https://www.invitationhomes.com/houses-for-rent/11310-rustic-wheel-ct-32257-5492,2026-09-03,2026-09-09,FL,Jacksonville,,,,,11310-rustic-wheel-ct-32257-5492
2026-09-09,INVH,Jacksonville,"4274 Walnut Bnd, Jacksonville, FL, 32257",Jacksonville,INVH-4274-walnut-bnd-32257-4920,3,2.0,1648,2315.0,2026-09-15,21 months,False,,,,,,,,https://www.invitationhomes.com/houses-for-rent/4274-walnut-bnd-32257-4920,2026-08-10,2026-09-09,FL,Jacksonville,,,,,4274-walnut-bnd-32257-4920
2026-09-09,INVH,Jacksonville,"2234 Justin Lake Dr, Jacksonville, FL, 32221",Jacksonville,INVH-2234-justin-lake-dr-32221-2863,3,2.0,2220,2095.0,2026-10-17,21 months,False,,,,,,,,https://www.invitationhomes.com/houses-for-rent/2234-justin-lake-dr-32221-2863,2026-09-03,2026-09-09,FL,Jacksonville,,,,,2234-justin-lake-dr-32221-2863
2026-09-09,INVH,Jacksonville,"8089 Beaver Creek Dr, Jacksonville, FL, 32210",Jacksonville,INVH-8089-beaver-creek-dr-32210-102546,3,2.0,1573,2095.0,2026-09-09,21 months,False,,,,,,,,https://www.invitationhomes.com/houses-for-rent/8089-beaver-creek-dr-32210-102546,2026-08-10,2026-09-09,FL,Jacksonville,,,,,8089-beaver-creek-dr-32210-102546
2026-09-09,INVH,Jacksonville,"4836 Andromeda Rd, Jacksonville, FL, 32210",Jacksonville,INVH-4836-andromeda-rd-32210-102393,4,2.0,2070,1995.0,2026-09-09,21 months,False,,,,,,,,https://www.invitationhomes.com/houses-for-rent/4836-andromeda-rd-32210-102393,2026-04-04,2026-09-09,FL,Jacksonville,,,,,4836-andromeda-rd-32210-102393
2026-09-09,INVH,Jacksonville,"6364 Starlight Dr, Jacksonville, FL, 32244",Jacksonville,INVH-6364-starlight-dr-32244-119112,3,2.0,2124,2199.0,2026-09-09,24 months,False,,,,,,,,https://www.invitationhomes.com/houses-for-rent/6364-starlight-dr-32244-119112,2026-08-16,2026-09-09,FL,Jacksonville,,,,,6364-starlight-dr-32244-119112
2026-09-09,INVH,Jacksonville,"6334 Starlight Dr, Jacksonville, FL, 32244",Jacksonville,INVH-6334-starlight-dr-32244-119107,4,3.0,2028,2270.0,2026-09-09,24 months,False,,,,,,,,https://www.invitationhomes.com/houses-for-rent/6334-starlight-dr-32244-119107,2026-08-02,2026-09-09,FL,Jacksonville,,,,,6334-starlight-dr-32244-119107
2026-09-09,INVH,Jacksonville,"6786 Falls Chase Ln, Jacksonville, FL, 32244",Jacksonville,INVH-6786-falls-chase-ln-32244-119119,4,3.0,2028,2299.0,2026-10-22,24 months,False,,,,,,,,https://www.invitationhomes.com/houses-for-rent/6786-falls-chase-ln-32244-119119,2026-09-09,2026-09-09,FL,Jacksonville,,,,,6786-falls-chase-ln-32244-119119
2026-09-09,INVH,Jacksonville,"4238 Sabine Dr, Jacksonville, FL, 32210",Jacksonville,INVH-4238-sabine-dr-32210-102280,4,1.5,1400,1649.0,2026-09-09,21 months,False,,,,,,,,https://www.invitationhomes.com/houses-for-rent/4238-sabine-dr-32210-102280,2026-07-19,2026-09-09,FL,Jacksonville,,,,,4238-sabine-dr-32210-102280
2026-09-09,INVH,Jacksonville,"6336 Bondy Pl, Jacksonville, FL, 32210",Jacksonville,INVH-6336-bondy-pl-32210-102323,3,2.0,1192,1635.0,2026-09-17,21 months,False,,,,,,,,https://www.invitationhomes.com/houses-for-rent/6336-bondy-pl-32210-102323,2026-07-19,2026-09-09,FL,Jacksonville,,,,,6336-bondy-pl-32210-102323
2026-09-09,INVH,Jacksonville,"6477 Cooper Ln, Jacksonville, FL, 32210",Jacksonville,INVH-6477-cooper-ln-32210-102445,4,3.0,1950,1795.0,2026-09-22,21 months,False,,,,,,,,https://www.invitationhomes.com/houses-for-rent/6477-cooper-ln-32210-102445,2026-07-19,2026-09-09,FL,Jacksonville,,,,,6477-cooper-ln-32210-102445
2026-09-09,INVH,Jacksonville,"2203 Burpee Dr, Jacksonville, FL, 32210",Jacksonville,INVH-2203-burpee-dr-32210-102477,4,2.0,1416,1695.0,2026-09-30,21 months,False,,,,,,,,https://www.invitationhomes.com/houses-for-rent/2203-burpee-dr-32210-102477,2026-08-10,2026-09-09,FL,Jacksonville,,,,,2203-burpee-dr-32210-102477
2026-09-09,INVH,Jacksonville,"9294 Thunderbolt Dr, Jacksonville, FL, 32221",Jacksonville,INVH-9294-thunderbolt-dr-32221-2772,3,2.0,1439,1610.0,2026-09-09,21 months,False,,,,,,,,https://www.invitationhomes.com/houses-for-rent/9294-thunderbolt-dr-32221-2772,2026-06-09,2026-09-09,FL,Jacksonville,,,,,9294-thunderbolt-dr-32221-2772
2026-09-09,INVH,Jacksonville,"9785 Oxford Station Dr, Jacksonville, FL, 32221",Jacksonville,INVH-9785-oxford-station-dr-jacksonville-fl-32221,3,2.0,1644,1745.0,2026-09-09,21 months,False,,,,,,,,https://www.invitationhomes.com/houses-for-rent/9785-oxford-station-dr-jacksonville-fl-32221,2026-05-26,2026-09-09,FL,Jacksonville,,,,,9785-oxford-station-dr-jacksonville-fl-32221
2026-09-09,INVH,Jacksonville,"9547 Bee Balm Blvd, Jacksonville, FL, 32219",Jacksonville,INVH-9547-bee-balm-blvd-32219-118841,4,3.0,2028,2099.0,2026-09-09,24 months,False,,,,,,,,https://www.invitationhomes.com/houses-for-rent/9547-bee-balm-blvd-32219-118841,2026-07-19,2026-09-09,FL,Jacksonville,,,,,9547-bee-balm-blvd-32219-118841
2026-09-09,INVH,Jacksonville,"9559 Bee Balm Blvd, Jacksonville, FL, 32219",Jacksonville,INVH-9559-bee-balm-blvd-32219-118839,4,3.0,2028,2099.0,2026-09-09,24 months,False,,,,,,,,https://www.invitationhomes.com/houses-for-rent/9559-bee-balm-blvd-32219-118839,2026-07-19,2026-09-09,FL,Jacksonville,,,,,9559-bee-balm-blvd-32219-118839
2026-09-09,INVH,Jacksonville,"9998 Lemon Grass Ln, Jacksonville, FL, 32219",Jacksonville,INVH-9998-lemon-grass-ln-32219-118899,3,2.0,1712,1999.0,2026-09-30,24 months,False,,,,,,,,https://www.invitationhomes.com/houses-for-rent/9998-lemon-grass-ln-32219-118899,2026-09-03,2026-09-09,FL,Jacksonville,,,,,9998-lemon-grass-ln-32219-118899
2026-09-09,INVH,Jacksonville,"9968 Lemon Grass Ln, Jacksonville, FL, 32219",Jacksonville,INVH-9968-lemon-grass-ln-32219-118903,4,3.0,2028,2099.0,2026-09-09,24 months,False,,,,,,,,https://www.invitationhomes.com/houses-for-rent/9968-lemon-grass-ln-32219-118903,2026-08-02,2026-09-09,FL,Jacksonville,,,,,9968-lemon-grass-ln-32219-118903
2026-09-09,INVH,Jacksonville,"9790 Lovage Ln, Jacksonville, FL, 32219",Jacksonville,INVH-9790-lovage-ln-32219-118825,4,3.0,2028,2099.0,2026-09-09,24 months,False,,,,,,,,https://www.invitationhomes.com/houses-for-rent/9790-lovage-ln-32219-118825,2026-06-09,2026-09-09,FL,Jacksonville,,,,,9790-lovage-ln-32219-118825
2026-09-09,INVH,Jacksonville,"7925 Thyme Trl, Jacksonville, FL, 32219",Jacksonville,INVH-7925-thyme-trl-32219-118858,4,3.0,2028,2140.0,2026-09-09,24 months,False,,,,,,,,https://www.invitationhomes.com/houses-for-rent/7925-thyme-trl-32219-118858,2026-08-23,2026-09-09,FL,Jacksonville,,,,,7925-thyme-trl-32219-118858
2026-09-09,INVH,Jacksonville,"9883 Lemon Balm Wy, Jacksonville, FL, 32219",Jacksonville,INVH-9883-lemon-balm-wy-32219-118941,3,2.0,2124,2149.0,2026-09-09,24 months,False,,,,,,,,https://www.invitationhomes.com/houses-for-rent/9883-lemon-balm-wy-32219-118941,2026-07-19,2026-09-09,FL,Jacksonville,,,,,9883-lemon-balm-wy-32219-118941
2026-09-09,INVH,Jacksonville,"9516 Lovage Ln, Jacksonville, FL, 32219",Jacksonville,INVH-9516-lovage-ln-32219-118820,3,2.0,1544,1935.0,2026-09-15,24 months,False,,,,,,,,https://www.invitationhomes.com/houses-for-rent/9516-lovage-ln-32219-118820,2026-08-02,2026-09-09,FL,Jacksonville,,,,,9516-lovage-ln-32219-118820
2026-09-09,INVH,Jacksonville,"4595 Colonial Ave, Jacksonville, FL, 32210",Jacksonville,INVH-4595-colonial-ave-32210-102542,3,2.0,1245,1699.0,2026-09-09,21 months,False,,,,,,,,https://www.invitationhomes.com/houses-for-rent/4595-colonial-ave-32210-102542,2026-08-02,2026-09-09,FL,Jacksonville,,,,,4595-colonial-ave-32210-102542
2026-09-09,INVH,Jacksonville,"4560 Merrimac Ave, Jacksonville, FL, 32210",Jacksonville,INVH-4560-merrimac-ave-32210-102325,3,2.0,1145,1575.0,2026-09-09,21 months,False,,,,,,,,https://www.invitationhomes.com/houses-for-rent/4560-merrimac-ave-32210-102325,2026-07-19,2026-09-09,FL,Jacksonville,,,,,4560-merrimac-ave-32210-102325
2026-09-09,INVH,Jacksonville,"5279 Carder St, Jacksonville, FL, 32205",Jacksonville,INVH-5279-carder-st-32205-102459,3,1.0,1210,1575.0,2026-09-09,21 months,False,,,,,,,,https://www.invitationhomes.com/houses-for-rent/5279-carder-st-32205-102459,2026-07-19,2026-09-09,FL,Jacksonville,,,,,5279-carder-st-32205-102459
2026-09-09,INVH,Jacksonville,"2459 Mercer Cir S, Jacksonville, FL, 32217",Jacksonville,INVH-2459-mercer-cir-s-32217-102620,3,2.0,1657,1975.0,2026-09-09,21 months,False,,,,,,,,https://www.invitationhomes.com/houses-for-rent/2459-mercer-cir-s-32217-102620,2026-04-04,2026-09-09,FL,Jacksonville,,,,,2459-mercer-cir-s-32217-102620
2026-09-09,INVH,Jacksonville,"6237 Pinelock Dr, Jacksonville, FL, 32211",Jacksonville,INVH-6237-pinelock-dr-32211-102383,4,1.0,1263,1590.0,2026-09-30,21 months,False,,,,,,,,https://www.invitationhomes.com/houses-for-rent/6237-pinelock-dr-32211-102383,2026-04-04,2026-09-09,FL,Jacksonville,,,,,6237-pinelock-dr-32211-102383
2026-09-09,INVH,Jacksonville,"6840 Brandemere Rd S, Jacksonville, FL, 32211",Jacksonville,INVH-6840-brandemere-rd-s-32211-102373,3,2.0,1115,1565.0,2026-10-01,21 months,False,,,,,,,,https://www.invitationhomes.com/houses-for-rent/6840-brandemere-rd-s-32211-102373,2026-08-23,2026-09-09,FL,Jacksonville,,,,,6840-brandemere-rd-s-32211-102373
2026-09-09,INVH,Jacksonville,"7123 Hielo Dr, Jacksonville, FL, 32211",Jacksonville,INVH-7123-hielo-dr-32211-102435,3,2.0,1523,1895.0,2026-09-09,21 months,False,,,,,,,,https://www.invitationhomes.com/houses-for-rent/7123-hielo-dr-32211-102435,2026-09-03,2026-09-09,FL,Jacksonville,,,,,7123-hielo-dr-32211-102435
2026-09-09,INVH,Jacksonville,"2653 Townsend Blvd, Jacksonville, FL, 32211",Jacksonville,INVH-2653-townsend-blvd-32211-102513,4,2.0,1326,1730.0,2026-09-15,21 months,False,,,,,,,,https://www.invitationhomes.com/houses-for-rent/2653-townsend-blvd-32211-102513,2026-08-02,2026-09-09,FL,Jacksonville,,,,,2653-townsend-blvd-32211-102513
2026-09-09,INVH,Jacksonville,"7444 Sandhurst Rd S, Jacksonville, FL, 32277",Jacksonville,INVH-7444-sandhurst-rd-s-32277-102317,3,2.0,1376,1845.0,2026-09-30,21 months,False,,,,,,,,https://www.invitationhomes.com/houses-for-rent/7444-sandhurst-rd-s-32277-102317,2026-08-10,2026-09-09,FL,Jacksonville,,,,,7444-sandhurst-rd-s-32277-102317
2026-09-09,INVH,Jacksonville,"7561 Chervil St, Jacksonville, FL, 32219",Jacksonville,INVH-7561-chervil-st-32219-118962,3,2.0,1712,1999.0,2026-10-05,24 months,False,,,,,,,,https://www.invitationhomes.com/houses-for-rent/7561-chervil-st-32219-118962,2026-09-03,2026-09-09,FL,Jacksonville,,,,,7561-chervil-st-32219-118962
2026-09-09,INVH,Jacksonville,"7539 Chervil St, Jacksonville, FL, 32219",Jacksonville,INVH-7539-chervil-st-32219-118960,4,3.0,2028,2099.0,2026-09-26,24 months,False,,,,,,,,https://www.invitationhomes.com/houses-for-rent/7539-chervil-st-32219-118960,2026-08-16,2026-09-09,FL,Jacksonville,,,,,7539-chervil-st-32219-118960
2026-09-09,INVH,Jacksonville,"5020 Chivalry Dr, Jacksonville, FL, 32208",Jacksonville,INVH-5020-chivalry-dr-32208-102330,3,2.0,1435,1745.0,2026-10-17,21 months,False,,,,,,,,https://www.invitationhomes.com/houses-for-rent/5020-chivalry-dr-32208-102330,2026-09-09,2026-09-09,FL,Jacksonville,,,,,5020-chivalry-dr-32208-102330
2026-09-09,INVH,Jacksonville,"10929 Lydia Estates Dr, Jacksonville, FL, 32218",Jacksonville,INVH-10929-lydia-estates-dr-32218-9401,3,2.0,1928,1995.0,2026-09-15,21 months,False,,,,,,,,https://www.invitationhomes.com/houses-for-rent/10929-lydia-estates-dr-32218-9401,2026-08-10,2026-09-09,FL,Jacksonville,,,,,10929-lydia-estates-dr-32218-9401
2026-09-09,INVH,Jacksonville,"2469 Laylas Wy, Jacksonville, FL, 32218",Jacksonville,INVH-2469-laylas-wy-32218-119059,4,3.0,2030,2435.0,2026-09-09,24 months,False,,,,,,,,https://www.invitationhomes.com/houses-for-rent/2469-laylas-wy-32218-119059,2026-07-19,2026-09-09,FL,Jacksonville,,,,,2469-laylas-wy-32218-119059
2026-09-09,INVH,Jacksonville,"1331 Coastal Meadow Trl, Jacksonville, FL, 32218",Jacksonville,INVH-1331-coastal-meadow-trl-32218-118585,3,2.5,1707,1749.0,2026-10-09,24 months,False,,,,,,,,https://www.invitationhomes.com/houses-for-rent/1331-coastal-meadow-trl-32218-118585,2026-09-03,2026-09-09,FL,Jacksonville,,,,,1331-coastal-meadow-trl-32218-118585
2026-09-09,INVH,Jacksonville,"1321 Coastal Meadow Trl, Jacksonville, FL, 32218",Jacksonville,INVH-1321-coastal-meadow-trl-32218-118590,3,2.5,1782,1849.0,2026-09-09,24 months,False,,,,,,,,https://www.invitationhomes.com/houses-for-rent/1321-coastal-meadow-trl-32218-118590,2026-05-17,2026-09-09,FL,Jacksonville,,,,,1321-coastal-meadow-trl-32218-118590
2026-09-09,INVH,Jacksonville,"11376 Oyster Creek Rd, Jacksonville, FL, 32218",Jacksonville,INVH-11376-oyster-crk-rd-32218-118975,3,2.0,2124,2399.0,2026-09-15,24 months,False,,,,,,,,https://www.invitationhomes.com/houses-for-rent/11376-oyster-crk-rd-32218-118975,2026-08-10,2026-09-09,FL,Jacksonville,,,,,11376-oyster-crk-rd-32218-118975
2026-09-09,INVH,Jacksonville,"13294 Shore Grass Dr, Jacksonville, FL, 32218",Jacksonville,INVH-13294-shore-grass-dr-32218-118767,3,2.5,1782,1849.0,2026-10-02,24 months,False,,,,,,,,https://www.invitationhomes.com/houses-for-rent/13294-shore-grass-dr-32218-118767,2026-08-23,2026-09-09,FL,Jacksonville,,,,,13294-shore-grass-dr-32218-118767
2026-09-09,INVH,Jacksonville,"13287 Shore Grass Dr, Jacksonville, FL, 32218",Jacksonville,INVH-13287-shore-grass-dr-32218-118791,3,2.5,1707,1749.0,2026-09-09,24 months,False,,,,,,,,https://www.invitationhomes.com/houses-for-rent/13287-shore-grass-dr-32218-118791,2026-08-02,2026-09-09,FL,Jacksonville,,,,,13287-shore-grass-dr-32218-118791
2026-09-09,INVH,Jacksonville,"1220 Coastal Meadow Trl, Jacksonville, FL, 32218",Jacksonville,INVH-1220-coastal-meadow-trl-32218-118660,3,2.5,1782,1849.0,2026-09-14,24 months,False,,,,,,,,https://www.invitationhomes.com/houses-for-rent/1220-coastal-meadow-trl-32218-118660,2026-09-03,2026-09-09,FL,Jacksonville,,,,,1220-coastal-meadow-trl-32218-118660
2026-09-09,INVH,Jacksonville,"14022 Summer Breeze Dr, Jacksonville, FL, 32218",Jacksonville,INVH-14022-summer-breeze-dr-jacksonville-fl-32218,3,2.5,2595,2295.0,2026-09-30,21 months,False,,,,,,,,https://www.invitationhomes.com/houses-for-rent/14022-summer-breeze-dr-jacksonville-fl-32218,2026-08-23,2026-09-09,FL,Jacksonville,,,,,14022-summer-breeze-dr-jacksonville-fl-32218
2026-09-09,INVH,Orlando,"364 Marquee Dr, Kissimmee, FL, 34758",Orlando,INVH-364-marquee-dr-kissimmee-fl-34758,4,2.0,1788,1865.0,2026-09-09,20 months,False,,,,,,,,https://www.invitationhomes.com/houses-for-rent/364-marquee-dr-kissimmee-fl-34758,2026-08-02,2026-09-09,FL,Kissimmee,,,,,364-marquee-dr-kissimmee-fl-34758
2026-09-09,INVH,Orlando,"676 Regency Way, Kissimmee, FL, 34758",Orlando,INVH-676-regency-way-34758-103038,4,2.0,1850,1995.0,2026-09-09,20 months,False,,,,,,,,https://www.invitationhomes.com/houses-for-rent/676-regency-way-34758-103038,2026-06-09,2026-09-09,FL,Kissimmee,,,,,676-regency-way-34758-103038
2026-09-09,INVH,Orlando,"566 Kilimanjaro Dr, Kissimmee, FL, 34758",Orlando,INVH-566-kilimanjaro-dr-kissimmee-fl-34758,4,2.5,2200,2085.0,2026-09-09,20 months,False,,,,,,,,https://www.invitationhomes.com/houses-for-rent/566-kilimanjaro-dr-kissimmee-fl-34758,2026-07-19,2026-09-09,FL,Kissimmee,,,,,566-kilimanjaro-dr-kissimmee-fl-34758
2026-09-09,INVH,Orlando,"613 Mayan Pl, Kissimmee, FL, 34758",Orlando,INVH-613-mayan-pl-34758-5619,2,2.0,1057,1630.0,2026-09-09,20 months,False,,,,,,,,https://www.invitationhomes.com/houses-for-rent/613-mayan-pl-34758-5619,2026-07-19,2026-09-09,FL,Kissimmee,,,,,613-mayan-pl-34758-5619
2026-09-09,INVH,Orlando,"711 Swan Way, Kissimmee, FL, 34758",Orlando,INVH-711-swan-way-kissimmee-fl-34758,3,2.0,1295,1765.0,2026-09-25,20 months,False,,,,,,,,https://www.invitationhomes.com/houses-for-rent/711-swan-way-kissimmee-fl-34758,2026-09-03,2026-09-09,FL,Kissimmee,,,,,711-swan-way-kissimmee-fl-34758
2026-09-09,INVH,Orlando,"847 Mendoza Dr, Kissimmee, FL, 34758",Orlando,INVH-847-mendoza-dr-kissimmee-fl-34758,4,2.0,2074,1875.0,2026-09-09,20 months,False,,,,,,,,https://www.invitationhomes.com/houses-for-rent/847-mendoza-dr-kissimmee-fl-34758,2026-07-19,2026-09-09,FL,Kissimmee,,,,,847-mendoza-dr-kissimmee-fl-34758
2026-09-09,INVH,Orlando,"758 Del Prado Dr, Kissimmee, FL, 34758",Orlando,INVH-758-del-prado-dr-kissimmee-fl-34758,3,2.0,1600,1980.0,2026-10-17,20 months,False,,,,,,,,https://www.invitationhomes.com/houses-for-rent/758-del-prado-dr-kissimmee-fl-34758,2026-09-03,2026-09-09,FL,Kissimmee,,,,,758-del-prado-dr-kissimmee-fl-34758
2026-09-09,INVH,Orlando,"3450 Hawkin Dr, Kissimmee, FL, 34746",Orlando,INVH-3450-hawkin-dr-34746-7850,4,2.0,2088,2370.0,2026-10-12,20 months,False,,,,,,,,https://www.invitationhomes.com/houses-for-rent/3450-hawkin-dr-34746-7850,2026-09-03,2026-09-09,FL,Kissimmee,,,,,3450-hawkin-dr-34746-7850
2026-09-09,INVH,Orlando,"3528 Forest Park Dr, Kissimmee, FL, 34746",Orlando,INVH-3528-forest-park-dr-kissimmee-fl-34746,4,2.0,1887,2185.0,2026-09-09,20 months,False,,,,,,,,https://www.invitationhomes.com/houses-for-rent/3528-forest-park-dr-kissimmee-fl-34746,2026-07-19,2026-09-09,FL,Kissimmee,,,,,3528-forest-park-dr-kissimmee-fl-34746
2026-09-09,INVH,Orlando,"3575 Somerset Cir, Kissimmee, FL, 34746",Orlando,INVH-3575-somerset-cir-kissimmee-fl-34746,4,2.0,2521,2630.0,2026-10-17,20 months,False,,,,,,,,https://www.invitationhomes.com/houses-for-rent/3575-somerset-cir-kissimmee-fl-34746,2026-09-09,2026-09-09,FL,Kissimmee,,,,,3575-somerset-cir-kissimmee-fl-34746
2026-09-09,INVH,Orlando,"4685 Caverns Dr, Kissimmee, FL, 34758",Orlando,INVH-4685-caverns-dr-34758-8977,4,4.0,2560,2649.0,2026-09-24,20 months,False,,,,,,,,https://www.invitationhomes.com/houses-for-rent/4685-caverns-dr-34758-8977,2026-08-10,2026-09-09,FL,Kissimmee,,,,,4685-caverns-dr-34758-8977
2026-09-09,INVH,Orlando,"2603 Maggiore Cir, Kissimmee, FL, 34746",Orlando,INVH-2603-maggiore-cir-kissimmee-fl-34746,5,3.0,3053,2495.0,2026-09-09,20 months,False,,,,,,,,https://www.invitationhomes.com/houses-for-rent/2603-maggiore-cir-kissimmee-fl-34746,2026-06-14,2026-09-09,FL,Kissimmee,,,,,2603-maggiore-cir-kissimmee-fl-34746
2026-09-09,INVH,Orlando,"3042 Eagle Crossing Dr, Kissimmee, FL, 34746",Orlando,INVH-3042-eagle-crossing-dr-kissimmee-fl-34746,4,2.0,1910,2299.0,2026-09-26,20 months,False,,,,,,,,https://www.invitationhomes.com/houses-for-rent/3042-eagle-crossing-dr-kissimmee-fl-34746,2026-08-10,2026-09-09,FL,Kissimmee,,,,,3042-eagle-crossing-dr-kissimmee-fl-34746
2026-09-09,INVH,Orlando,"264 Old Mill Cir, Kissimmee, FL, 34746",Orlando,INVH-264-old-mill-cir-kissimmee-fl-34746,3,2.0,1496,2195.0,2026-10-05,20 months,False,,,,,,,,https://www.invitationhomes.com/houses-for-rent/264-old-mill-cir-kissimmee-fl-34746,2026-08-23,2026-09-09,FL,Kissimmee,,,,,264-old-mill-cir-kissimmee-fl-34746
2026-09-09,INVH,Tampa,"3324 Pekin St, Saint Cloud, FL, 34772",Tampa,INVH-3324-pekin-st-34772-83903,4,2.5,2332,2640.0,2026-09-28,20 months,False,,,,,,,,https://www.invitationhomes.com/houses-for-rent/3324-pekin-st-34772-83903,2026-08-23,2026-09-09,FL,Saint Cloud,,,,,3324-pekin-st-34772-83903
2026-09-09,INVH,Tampa,"3930 Wind Dancer Cir, Saint Cloud, FL, 34772",Tampa,INVH-3930-wind-dancer-cir-34772-9939,3,2.0,1677,2110.0,2026-09-09,20 months,False,,,,,,,,https://www.invitationhomes.com/houses-for-rent/3930-wind-dancer-cir-34772-9939,2026-08-10,2026-09-09,FL,Saint Cloud,,,,,3930-wind-dancer-cir-34772-9939
2026-09-09,INVH,Tampa,"3328 Kelsey Ln, Saint Cloud, FL, 34772",Tampa,INVH-3328-kelsey-ln-34772-5144,4,2.0,1687,2320.0,2026-09-09,20 months,False,,,,,,,,https://www.invitationhomes.com/houses-for-rent/3328-kelsey-ln-34772-5144,2026-08-02,2026-09-09,FL,Saint Cloud,,,,,3328-kelsey-ln-34772-5144
2026-09-09,INVH,Tampa,"5241 Silver Thistle Ln, Saint Cloud, FL, 34772",Tampa,INVH-5241-silver-thistle-ln-saint-cloud-fl-34772,3,2.0,1874,2385.0,2026-09-09,20 months,False,,,,,,,,https://www.invitationhomes.com/houses-for-rent/5241-silver-thistle-ln-saint-cloud-fl-34772,2026-08-16,2026-09-09,FL,Saint Cloud,,,,,5241-silver-thistle-ln-saint-cloud-fl-34772
2026-09-09,INVH,Tampa,"5180 Silver Thistle Ln, Saint Cloud, FL, 34772",Tampa,INVH-5180-silver-thistle-ln-saint-cloud-fl-34772,3,2.0,1632,1995.0,2026-10-15,20 months,False,,,,,,,,https://www.invitationhomes.com/houses-for-rent/5180-silver-thistle-ln-saint-cloud-fl-34772,2026-09-03,2026-09-09,FL,Saint Cloud,,,,,5180-silver-thistle-ln-saint-cloud-fl-34772
2026-09-09,INVH,Tampa,"5630 Silver Thistle Ln, St. Cloud, FL, 34772",Tampa,INVH-5630-silver-thistle-ln-34772-114203,4,2.0,1970,2585.0,2026-10-15,20 months,False,,,,,,,,https://www.invitationhomes.com/houses-for-rent/5630-silver-thistle-ln-34772-114203,2026-09-03,2026-09-09,FL,St. Cloud,,,,,5630-silver-thistle-ln-34772-114203
2026-09-09,INVH,Orlando,"2189 Calm Night St, Kissimmee, FL, 34744",Orlando,INVH-2189-calm-night-street-34744-124562,4,3.0,2207,2549.0,2026-09-09,24 months,False,,,,,,,,https://www.invitationhomes.com/houses-for-rent/2189-calm-night-street-34744-124562,2026-07-19,2026-09-09,FL,Kissimmee,,,,,2189-calm-night-street-34744-124562
2026-09-09,INVH,Tampa,"101 Daigledog St, Saint Cloud, FL, 34772",Tampa,INVH-101-daigledog-st-34772-9116,3,2.0,1760,2125.0,2026-09-09,20 months,False,,,,,,,,https://www.invitationhomes.com/houses-for-rent/101-daigledog-st-34772-9116,2026-07-19,2026-09-09,FL,Saint Cloud,,,,,101-daigledog-st-34772-9116
2026-09-09,INVH,Orlando,"2747 Clear Night Ave, Kissimmee, FL, 34744",Orlando,INVH-2747-clear-night-ave-34744-122105,5,3.0,2615,2735.0,2026-10-17,24 months,False,,,,,,,,https://www.invitationhomes.com/houses-for-rent/2747-clear-night-ave-34744-122105,2026-09-03,2026-09-09,FL,Kissimmee,,,,,2747-clear-night-ave-34744-122105
2026-09-09,INVH,Tampa,"1885 Soldiers Pass, St. Cloud, FL, 34769",Tampa,INVH-1885-soldiers-pass-34769-114185,4,2.5,2508,2675.0,2026-09-09,20 months,False,,,,,,,,https://www.invitationhomes.com/houses-for-rent/1885-soldiers-pass-34769-114185,2026-08-10,2026-09-09,FL,St. Cloud,,,,,1885-soldiers-pass-34769-114185
2026-09-09,INVH,Tampa,"4800 Old Glory Way, Saint Cloud, FL, 34769",Tampa,INVH-4800-old-glory-way-34769-8620,3,2.0,1760,1975.0,2026-09-09,20 months,False,,,,,,,,https://www.invitationhomes.com/houses-for-rent/4800-old-glory-way-34769-8620,2026-07-19,2026-09-09,FL,Saint Cloud,,,,,4800-old-glory-way-34769-8620
2026-09-09,INVH,Orlando,"2009 Tohoqua Blvd, Kissimmee, FL, 34744",Orlando,INVH-2009-tohoqua-boulevard-34744-122721,3,2.5,1848,2235.0,2026-10-17,24 months,False,,,,,,,,https://www.invitationhomes.com/houses-for-rent/2009-tohoqua-boulevard-34744-122721,2026-09-03,2026-09-09,FL,Kissimmee,,,,,2009-tohoqua-boulevard-34744-122721
2026-09-09,INVH,Orlando,"2743 Clear Night Ave, Kissimmee, FL, 34744",Orlando,INVH-2743-clear-night-ave-34744-120410,4,3.0,2207,2599.0,2026-09-09,24 months,False,,,,,,,,https://www.invitationhomes.com/houses-for-rent/2743-clear-night-ave-34744-120410,2026-09-06,2026-09-09,FL,Kissimmee,,,,,2743-clear-night-ave-34744-120410
2026-09-09,INVH,Orlando,"1970 Calm Soul Way, Kissimmee, FL, 34744",Orlando,INVH-1970-calm-soul-way-34744-121142,3,2.5,1848,2199.0,2026-09-27,24 months,False,,,,,,,,https://www.invitationhomes.com/houses-for-rent/1970-calm-soul-way-34744-121142,2026-08-23,2026-09-09,FL,Kissimmee,,,,,1970-calm-soul-way-34744-121142
2026-09-09,INVH,Orlando,"2611 Winter Calm Ln, Kissimmee, FL, 34744",Orlando,INVH-2611-winter-calm-ln-34744-114723,4,3.0,2207,2599.0,2026-09-09,24 months,False,,,,,,,,https://www.invitationhomes.com/houses-for-rent/2611-winter-calm-ln-34744-114723,2026-08-02,2026-09-09,FL,Kissimmee,,,,,2611-winter-calm-ln-34744-114723
2026-09-09,INVH,Orlando,"1919 Tohoqua Blvd, Kissimmee, FL, 34744",Orlando,INVH-1919-tohoqua-boulevard-34744-111121,3,2.5,1848,2199.0,2026-09-09,24 months,False,,,,,,,,https://www.invitationhomes.com/houses-for-rent/1919-tohoqua-boulevard-34744-111121,2026-08-10,2026-09-09,FL,Kissimmee,,,,,1919-tohoqua-boulevard-34744-111121
2026-09-09,INVH,Orlando,"1915 Tohoqua Boulevard, Kissimmee, FL, 34744",Orlando,INVH-1915-tohoqua-boulevard-34744-111120,4,3.0,2037,2549.0,2026-09-23,24 months,False,,,,,,,,https://www.invitationhomes.com/houses-for-rent/1915-tohoqua-boulevard-34744-111120,2026-09-03,2026-09-09,FL,Kissimmee,,,,,1915-tohoqua-boulevard-34744-111120
2026-09-09,INVH,Orlando,"1989 Summer Serenity Dr, Kissimmee, FL, 34744",Orlando,INVH-1989-summer-serenity-drive-34744-114591,4,3.0,2037,2410.0,2026-09-09,24 months,False,,,,,,,,https://www.invitationhomes.com/houses-for-rent/1989-summer-serenity-drive-34744-114591,2026-07-19,2026-09-09,FL,Kissimmee,,,,,1989-summer-serenity-drive-34744-114591
2026-09-09,INVH,Orlando,"2449 RELAXING LANE, Kissimmee, FL, 34744",Orlando,INVH-2449-relaxing-lane-34744-96513,4,3.0,2023,2660.0,2026-09-09,20 months,False,,,,,,,,https://www.invitationhomes.com/houses-for-rent/2449-relaxing-lane-34744-96513,2026-08-10,2026-09-09,FL,Kissimmee,,,,,2449-relaxing-lane-34744-96513
2026-09-09,INVH,Orlando,"903 Anchorage Ln, Kissimmee, FL, 34744",Orlando,INVH-903-anchorage-ln-34744-1668,3,2.0,2212,2480.0,2026-09-16,20 months,False,,,,,,,,https://www.invitationhomes.com/houses-for-rent/903-anchorage-ln-34744-1668,2026-08-02,2026-09-09,FL,Kissimmee,,,,,903-anchorage-ln-34744-1668
2026-09-09,INVH,Orlando,"164 Magic Landings Blvd, Kissimmee, FL, 34744",Orlando,INVH-164-magic-landings-blvd-34744-7719,4,2.5,1848,2410.0,2026-10-02,20 months,False,,,,,,,,https://www.invitationhomes.com/houses-for-rent/164-magic-landings-blvd-34744-7719,2026-08-23,2026-09-09,FL,Kissimmee,,,,,164-magic-landings-blvd-34744-7719
2026-09-09,INVH,Orlando,"2408 Ruddenstone Wy, Kissimmee, FL, 34744",Orlando,INVH-2408-ruddenstone-way-kissimmee-fl-34744,4,2.0,1560,2170.0,2026-09-09,20 months,False,,,,,,,,https://www.invitationhomes.com/houses-for-rent/2408-ruddenstone-way-kissimmee-fl-34744,2026-08-10,2026-09-09,FL,Kissimmee,,,,,2408-ruddenstone-way-kissimmee-fl-34744
2026-09-09,INVH,Orlando,"181 Owenshire Cir, Kissimmee, FL, 34744",Orlando,INVH-181-owenshire-cir-kissimmee-fl-34744,4,2.0,1560,2095.0,2026-09-09,20 months,False,,,,,,,,https://www.invitationhomes.com/houses-for-rent/181-owenshire-cir-kissimmee-fl-34744,2026-08-02,2026-09-09,FL,Kissimmee,,,,,181-owenshire-cir-kissimmee-fl-34744
2026-09-09,INVH,Tampa,"2900 Cool Breeze Cir, Saint Cloud, FL, 34769",Tampa,INVH-2900-cool-breeze-cir-34769-5675,3,2.0,1226,1860.0,2026-09-09,20 months,False,,,,,,,,https://www.invitationhomes.com/houses-for-rent/2900-cool-breeze-cir-34769-5675,2026-04-20,2026-09-09,FL,Saint Cloud,,,,,2900-cool-breeze-cir-34769-5675
2026-09-09,INVH,Orlando,"1033 Berkeley Dr, Kissimmee, FL, 34744",Orlando,INVH-1033-berkeley-dr-kissimmee-fl-34744,5,4.5,3460,3095.0,2026-09-11,20 months,False,,,,,,,,https://www.invitationhomes.com/houses-for-rent/1033-berkeley-dr-kissimmee-fl-34744,2026-08-10,2026-09-09,FL,Kissimmee,,,,,1033-berkeley-dr-kissimmee-fl-34744
2026-09-09,INVH,Orlando,"1083 Hermosa Way, Kissimmee, FL, 34744",Orlando,INVH-1083-hermosa-way-34744-84095,3,2.0,1813,2395.0,2026-10-17,20 months,False,,,,,,,,https://www.invitationhomes.com/houses-for-rent/1083-hermosa-way-34744-84095,2026-09-03,2026-09-09,FL,Kissimmee,,,,,1083-hermosa-way-34744-84095
2026-09-09,INVH,Orlando,"142 Southampton Dr, Kissimmee, FL, 34744",Orlando,INVH-142-southampton-dr-kissimmee-fl-34744,4,2.5,1963,2395.0,2026-09-09,20 months,False,,,,,,,,https://www.invitationhomes.com/houses-for-rent/142-southampton-dr-kissimmee-fl-34744,2026-08-10,2026-09-09,FL,Kissimmee,,,,,142-southampton-dr-kissimmee-fl-34744
2026-09-09,INVH,Tampa,"4421 Bull St, St Cloud, FL, 34772",Tampa,INVH-4421-bull-st-34769-116600,3,2.0,1555,2075.0,2026-10-18,24 months,False,,,,,,,,https://www.invitationhomes.com/houses-for-rent/4421-bull-st-34769-116600,2026-09-03,2026-09-09,FL,St Cloud,,,,,4421-bull-st-34769-116600
2026-09-09,INVH,Tampa,"4141 Bull St, St Cloud, FL, 34772",Tampa,INVH-4141-bull-st-34769-116572,3,2.0,1555,2030.0,2026-09-09,24 months,False,,,,,,,,https://www.invitationhomes.com/houses-for-rent/4141-bull-st-34769-116572,2026-07-19,2026-09-09,FL,St Cloud,,,,,4141-bull-st-34769-116572
2026-09-09,INVH,Tampa,"4741 Ashton Dr W, Saint Cloud, FL, 34771",Tampa,INVH-4741-ashton-dr-w-34771-2763,3,2.0,1858,2099.0,2026-09-09,20 months,False,,,,,,,,https://www.invitationhomes.com/houses-for-rent/4741-ashton-dr-w-34771-2763,2026-07-19,2026-09-09,FL,Saint Cloud,,,,,4741-ashton-dr-w-34771-2763
2026-09-09,INVH,Tampa,"5117 Fiddlewood Way, St. Cloud, FL, 34771",Tampa,INVH-5117-fiddlewood-way-34771-114190,3,2.0,1676,2249.0,2026-09-09,20 months,False,,,,,,,,https://www.invitationhomes.com/houses-for-rent/5117-fiddlewood-way-34771-114190,2026-08-02,2026-09-09,FL,St. Cloud,,,,,5117-fiddlewood-way-34771-114190
2026-09-09,INVH,Orlando,"3226 Owassa Ct, Kissimmee, FL, 34746",Orlando,INVH-3226-owassa-ct-kissimmee-fl-34746,3,2.0,1328,1795.0,2026-09-09,20 months,False,,,,,,,,https://www.invitationhomes.com/houses-for-rent/3226-owassa-ct-kissimmee-fl-34746,2026-07-19,2026-09-09,FL,Kissimmee,,,,,3226-owassa-ct-kissimmee-fl-34746
2026-09-09,INVH,Orlando,"5011 Bellthorn Dr, Orlando, FL, 32837",Orlando,INVH-5011-bellthorn-dr-32837-8927,4,3.0,2442,2845.0,2026-09-28,20 months,False,,,,,,,,https://www.invitationhomes.com/houses-for-rent/5011-bellthorn-dr-32837-8927,2026-08-16,2026-09-09,FL,Orlando,,,,,5011-bellthorn-dr-32837-8927
2026-09-09,INVH,Orlando,"14215 Jabot Ln, Orlando, FL, 32837",Orlando,INVH-14215-jabot-ln-32837-94404,4,2.0,1910,2699.0,2026-09-23,20 months,False,,,,,,,,https://www.invitationhomes.com/houses-for-rent/14215-jabot-ln-32837-94404,2026-08-23,2026-09-09,FL,Orlando,,,,,14215-jabot-ln-32837-94404
2026-09-09,INVH,Orlando,"3197 Timucua Cir, Orlando, FL, 32837",Orlando,INVH-3197-timucua-cir-32837-1769,3,2.0,1795,2530.0,2026-09-09,20 months,False,,,,,,,,https://www.invitationhomes.com/houses-for-rent/3197-timucua-cir-32837-1769,2026-05-09,2026-09-09,FL,Orlando,,,,,3197-timucua-cir-32837-1769
2026-09-09,INVH,Orlando,"13733 Hawkeye Dr, Orlando, FL, 32837",Orlando,INVH-13733-hawkeye-dr-32837-91974,4,2.5,1966,2790.0,2026-10-12,20 months,False,,,,,,,,https://www.invitationhomes.com/houses-for-rent/13733-hawkeye-dr-32837-91974,2026-09-03,2026-09-09,FL,Orlando,,,,,13733-hawkeye-dr-32837-91974
2026-09-09,INVH,Orlando,"13659 Hawk Lake Dr, Orlando, FL, 32837",Orlando,INVH-13659-hawk-lake-dr-32837-2137,5,3.0,3151,3099.0,2026-09-09,20 months,False,,,,,,,,https://www.invitationhomes.com/houses-for-rent/13659-hawk-lake-dr-32837-2137,2026-07-19,2026-09-09,FL,Orlando,,,,,13659-hawk-lake-dr-32837-2137
2026-09-09,INVH,Orlando,"3232 Harpers Ferry Ct, Orlando, FL, 32837",Orlando,INVH-3232-harpers-ferry-ct-32837-8381,3,2.0,1617,2530.0,2026-10-21,20 months,False,,,,,,,,https://www.invitationhomes.com/houses-for-rent/3232-harpers-ferry-ct-32837-8381,2026-09-06,2026-09-09,FL,Orlando,,,,,3232-harpers-ferry-ct-32837-8381
2026-09-09,INVH,Orlando,"2821 Saffron Dr, Orlando, FL, 32837",Orlando,INVH-2821-saffron-dr-orlando-fl-32837,3,2.0,1442,2240.0,2026-09-09,20 months,False,,,,,,,,https://www.invitationhomes.com/houses-for-rent/2821-saffron-dr-orlando-fl-32837,2026-07-19,2026-09-09,FL,Orlando,,,,,2821-saffron-dr-orlando-fl-32837
2026-09-09,INVH,Orlando,"12535 Newfield Dr, Orlando, FL, 32837",Orlando,INVH-12535-newfield-dr-orlando-fl-32837,3,2.0,1530,2345.0,2026-09-09,20 months,False,,,,,,,,https://www.invitationhomes.com/houses-for-rent/12535-newfield-dr-orlando-fl-32837,2026-07-19,2026-09-09,FL,Orlando,,,,,12535-newfield-dr-orlando-fl-32837
2026-09-09,INVH,Orlando,"1327 Aguacate Ct, Orlando, FL, 32837",Orlando,INVH-1327-aguacate-ct-32837-3241,4,2.0,1934,2520.0,2026-09-09,20 months,False,,,,,,,,https://www.invitationhomes.com/houses-for-rent/1327-aguacate-ct-32837-3241,2026-05-03,2026-09-09,FL,Orlando,,,,,1327-aguacate-ct-32837-3241
2026-09-09,INVH,Orlando,"1440 Bradwell Dr, Orlando, FL, 32837",Orlando,INVH-1440-bradwell-dr-32837-6711,3,2.0,2147,2820.0,2026-09-09,20 months,False,,,,,,,,https://www.invitationhomes.com/houses-for-rent/1440-bradwell-dr-32837-6711,2026-08-23,2026-09-09,FL,Orlando,,,,,1440-bradwell-dr-32837-6711
2026-09-09,INVH,Orlando,"8735 McCormack McRae Way, Orlando, FL, 32836",Orlando,INVH-8735-mccormack-mcrae-way-32836-7458,4,2.5,3734,3415.0,2026-09-09,20 months,False,,,,,,,,https://www.invitationhomes.com/houses-for-rent/8735-mccormack-mcrae-way-32836-7458,2026-07-19,2026-09-09,FL,Orlando,,,,,8735-mccormack-mcrae-way-32836-7458
2026-09-09,INVH,Orlando,"5195 Deer Creek Dr, Orlando, FL, 32821",Orlando,INVH-5195-deer-creek-dr-orlando-fl-32821,3,2.0,1893,2860.0,2026-09-27,20 months,False,,,,,,,,https://www.invitationhomes.com/houses-for-rent/5195-deer-creek-dr-orlando-fl-32821,2026-08-16,2026-09-09,FL,Orlando,,,,,5195-deer-creek-dr-orlando-fl-32821
2026-09-09,INVH,Orlando,"11425 Kenley Cir, Orlando, FL, 32824",Orlando,INVH-11425-kenley-cir-32824-84916,3,2.0,1647,2349.0,2026-09-09,20 months,False,,,,,,,,https://www.invitationhomes.com/houses-for-rent/11425-kenley-cir-32824-84916,2026-07-19,2026-09-09,FL,Orlando,,,,,11425-kenley-cir-32824-84916
2026-09-09,INVH,Orlando,"854 Silver Oak Ct, Orlando, FL, 32809",Orlando,INVH-854-silver-oak-ct-32809-102974,3,2.0,1250,2240.0,2026-09-09,20 months,False,,,,,,,,https://www.invitationhomes.com/houses-for-rent/854-silver-oak-ct-32809-102974,2026-07-19,2026-09-09,FL,Orlando,,,,,854-silver-oak-ct-32809-102974
2026-09-09,INVH,Orlando,"2413 Marcasite Loop, Kissimmee, FL, 34743",Orlando,INVH-2413-marcasite-loop-34743-87882,4,2.5,2468,2499.0,2026-09-11,20 months,False,,,,,,,,https://www.invitationhomes.com/houses-for-rent/2413-marcasite-loop-34743-87882,2026-08-16,2026-09-09,FL,Kissimmee,,,,,2413-marcasite-loop-34743-87882
2026-09-09,INVH,Orlando,"2131 Marisol Loop, Kissimmee, FL, 34743",Orlando,INVH-2131-marisol-loop-34743-2294,3,2.0,1264,1985.0,2026-09-09,20 months,False,,,,,,,,https://www.invitationhomes.com/houses-for-rent/2131-marisol-loop-34743-2294,2026-07-19,2026-09-09,FL,Kissimmee,,,,,2131-marisol-loop-34743-2294
2026-09-09,INVH,Orlando,"2330 Lily Pad Ln, Kissimmee, FL, 34743",Orlando,INVH-2330-lily-pad-ln-kissimmee-fl-34743,4,2.0,1842,2260.0,2026-09-09,20 months,False,,,,,,,,https://www.invitationhomes.com/houses-for-rent/2330-lily-pad-ln-kissimmee-fl-34743,2026-07-19,2026-09-09,FL,Kissimmee,,,,,2330-lily-pad-ln-kissimmee-fl-34743
2026-09-09,INVH,Orlando,"2419 Braemar Dr, Kissimmee, FL, 34743",Orlando,INVH-2419-braemar-dr-kissimmee-fl-34743,3,2.0,1413,2240.0,2026-09-09,20 months,False,,,,,,,,https://www.invitationhomes.com/houses-for-rent/2419-braemar-dr-kissimmee-fl-34743,2026-08-23,2026-09-09,FL,Kissimmee,,,,,2419-braemar-dr-kissimmee-fl-34743
2026-09-09,INVH,Orlando,"2940 Theresa Dr, Kissimmee, FL, 34744",Orlando,INVH-2940-theresa-dr-kissimmee-fl-34744,3,2.0,1313,2230.0,2026-09-09,20 months,False,,,,,,,,https://www.invitationhomes.com/houses-for-rent/2940-theresa-dr-kissimmee-fl-34744,2026-08-10,2026-09-09,FL,Kissimmee,,,,,2940-theresa-dr-kissimmee-fl-34744
2026-09-09,INVH,Orlando,"1506 Avleigh Cir, Orlando, FL, 32824",Orlando,INVH-1506-avleigh-cir-32824-94282,3,2.5,2004,2545.0,2026-09-09,20 months,False,,,,,,,,https://www.invitationhomes.com/houses-for-rent/1506-avleigh-cir-32824-94282,2026-06-14,2026-09-09,FL,Orlando,,,,,1506-avleigh-cir-32824-94282
2026-09-09,INVH,Orlando,"1815 Meadow Pond Way, Orlando, FL, 32824",Orlando,INVH-1815-meadow-pond-way-orlando-fl-32824,4,2.5,1941,2685.0,2026-10-02,20 months,False,,,,,,,,https://www.invitationhomes.com/houses-for-rent/1815-meadow-pond-way-orlando-fl-32824,2026-08-23,2026-09-09,FL,Orlando,,,,,1815-meadow-pond-way-orlando-fl-32824
2026-09-09,INVH,Orlando,"330 Chicago Woods Cir, Orlando, FL, 32824",Orlando,INVH-330-chicago-woods-cir-32824-7607,3,2.0,1955,2545.0,2026-09-18,20 months,False,,,,,,,,https://www.invitationhomes.com/houses-for-rent/330-chicago-woods-cir-32824-7607,2026-08-16,2026-09-09,FL,Orlando,,,,,330-chicago-woods-cir-32824-7607
2026-09-09,INVH,Orlando,"1444 Carey Glen Cir, Orlando, FL, 32824",Orlando,INVH-1444-carey-glen-cir-orlando-fl-32824,3,2.0,1457,2285.0,2026-09-25,20 months,False,,,,,,,,https://www.invitationhomes.com/houses-for-rent/1444-carey-glen-cir-orlando-fl-32824,2026-09-03,2026-09-09,FL,Orlando,,,,,1444-carey-glen-cir-orlando-fl-32824
2026-09-09,INVH,Orlando,"13205 Glenbarrow Ct, Orlando, FL, 32824",Orlando,INVH-13205-glenbarrow-ct-orlando-fl-32824,3,2.0,1232,1980.0,2026-10-21,20 months,False,,,,,,,,https://www.invitationhomes.com/houses-for-rent/13205-glenbarrow-ct-orlando-fl-32824,2026-09-06,2026-09-09,FL,Orlando,,,,,13205-glenbarrow-ct-orlando-fl-32824
2026-09-09,INVH,Orlando,"2306 Plantation Oak Dr, Orlando, FL, 32824",Orlando,INVH-2306-plantation-oak-dr-32824-86137,3,2.0,1899,2780.0,2026-10-07,20 months,False,,,,,,,,https://www.invitationhomes.com/houses-for-rent/2306-plantation-oak-dr-32824-86137,2026-08-23,2026-09-09,FL,Orlando,,,,,2306-plantation-oak-dr-32824-86137
2026-09-09,INVH,Orlando,"2765 Youngford St, Orlando, FL, 32824",Orlando,INVH-2765-youngford-st-orlando-fl-32824,4,3.0,2027,2735.0,2026-10-18,20 months,False,,,,,,,,https://www.invitationhomes.com/houses-for-rent/2765-youngford-st-orlando-fl-32824,2026-09-03,2026-09-09,FL,Orlando,,,,,2765-youngford-st-orlando-fl-32824
2026-09-09,INVH,Orlando,"13161 Sapphire Falls Ln, Orlando, FL, 32824",Orlando,INVH-13161-sapphire-falls-ln-orlando-fl-32824,4,2.0,1725,2449.0,2026-09-11,20 months,False,,,,,,,,https://www.invitationhomes.com/houses-for-rent/13161-sapphire-falls-ln-orlando-fl-32824,2026-09-03,2026-09-09,FL,Orlando,,,,,13161-sapphire-falls-ln-orlando-fl-32824
2026-09-09,INVH,Orlando,"1907 Great Falls Way, Orlando, FL, 32824",Orlando,INVH-1907-great-falls-way-orlando-fl-32824,3,2.0,1630,2535.0,2026-10-17,20 months,False,,,,,,,,https://www.invitationhomes.com/houses-for-rent/1907-great-falls-way-orlando-fl-32824,2026-09-09,2026-09-09,FL,Orlando,,,,,1907-great-falls-way-orlando-fl-32824
2026-09-09,INVH,Tampa,"5625 Beggs Rd, St. Cloud, FL, 34771",Tampa,INVH-5625-beggs-rd-34771-103074,4,3.0,2001,2295.0,2026-09-09,20 months,False,,,,,,,,https://www.invitationhomes.com/houses-for-rent/5625-beggs-rd-34771-103074,2026-07-19,2026-09-09,FL,St. Cloud,,,,,5625-beggs-rd-34771-103074
2026-09-09,INVH,Orlando,"3070 Slough Creek Dr, Kissimmee, FL, 34744",Orlando,INVH-3070-slough-creek-dr-34744-88177,4,2.0,2370,2895.0,2026-09-09,20 months,False,,,,,,,,https://www.invitationhomes.com/houses-for-rent/3070-slough-creek-dr-34744-88177,2026-08-10,2026-09-09,FL,Kissimmee,,,,,3070-slough-creek-dr-34744-88177
2026-09-09,INVH,Orlando,"3131 Queen Alexandria Dr, Kissimmee, FL, 34744",Orlando,INVH-3131-queen-alexandria-dr-34744-83667,3,2.0,1895,2399.0,2026-09-09,20 months,False,,,,,,,,https://www.invitationhomes.com/houses-for-rent/3131-queen-alexandria-dr-34744-83667,2026-08-02,2026-09-09,FL,Kissimmee,,,,,3131-queen-alexandria-dr-34744-83667
2026-09-09,INVH,Orlando,"12208 Florida Woods Ln, Orlando, FL, 32824",Orlando,INVH-12208-florida-woods-ln-32824-102817,4,2.0,1390,2410.0,2026-10-05,20 months,False,,,,,,,,https://www.invitationhomes.com/houses-for-rent/12208-florida-woods-ln-32824-102817,2026-09-03,2026-09-09,FL,Orlando,,,,,12208-florida-woods-ln-32824-102817
2026-09-09,INVH,Orlando,"12132 Carolina Woods Ln, Orlando, FL, 32824",Orlando,INVH-12132-carolina-woods-ln-orlando-fl-32824,4,2.0,1410,2265.0,2026-10-13,20 months,False,,,,,,,,https://www.invitationhomes.com/houses-for-rent/12132-carolina-woods-ln-orlando-fl-32824,2026-09-03,2026-09-09,FL,Orlando,,,,,12132-carolina-woods-ln-orlando-fl-32824
2026-09-09,INVH,Orlando,"11806 Bentry St, Orlando, FL, 32824",Orlando,INVH-11806-bentry-st-32824-5523,3,3.0,2192,2575.0,2026-09-09,20 months,False,,,,,,,,https://www.invitationhomes.com/houses-for-rent/11806-bentry-st-32824-5523,2026-07-19,2026-09-09,FL,Orlando,,,,,11806-bentry-st-32824-5523
2026-09-09,INVH,Orlando,"9857 Red Clover Ave, Orlando, FL, 32824",Orlando,INVH-9857-red-clover-ave-32824-6867,3,2.0,1549,2099.0,2026-09-09,20 months,False,,,,,,,,https://www.invitationhomes.com/houses-for-rent/9857-red-clover-ave-32824-6867,2026-06-14,2026-09-09,FL,Orlando,,,,,9857-red-clover-ave-32824-6867
2026-09-09,INVH,Orlando,"14231 Seranoa Dr, Orlando, FL, 32824",Orlando,INVH-14231-seranoa-dr-32824-86761,4,2.0,2313,2945.0,2026-09-09,20 months,False,,,,,,,,https://www.invitationhomes.com/houses-for-rent/14231-seranoa-dr-32824-86761,2026-06-14,2026-09-09,FL,Orlando,,,,,14231-seranoa-dr-32824-86761
2026-09-09,INVH,Orlando,"634 Marot St, Orlando, FL, 32809",Orlando,INVH-634-marot-st-32809-9104,4,2.0,1375,2220.0,2026-09-25,20 months,False,,,,,,,,https://www.invitationhomes.com/houses-for-rent/634-marot-st-32809-9104,2026-09-09,2026-09-09,FL,Orlando,,,,,634-marot-st-32809-9104
2026-09-09,INVH,Tampa,"4322 Playa Ct, Belle Isle, FL, 32812",Tampa,INVH-4322-playa-ct-belle-isle-fl-32812,3,2.0,2082,2645.0,2026-09-09,20 months,False,,,,,,,,https://www.invitationhomes.com/houses-for-rent/4322-playa-ct-belle-isle-fl-32812,2026-05-24,2026-09-09,FL,Belle Isle,,,,,4322-playa-ct-belle-isle-fl-32812
2026-09-09,INVH,Orlando,"7179 Lake Carlisle Blvd, Orlando, FL, 32829",Orlando,INVH-7179-lake-carlisle-blvd-orlando-fl-32829,4,4.0,2780,3299.0,2026-09-29,20 months,False,,,,,,,,https://www.invitationhomes.com/houses-for-rent/7179-lake-carlisle-blvd-orlando-fl-32829,2026-08-16,2026-09-09,FL,Orlando,,,,,7179-lake-carlisle-blvd-orlando-fl-32829
2026-09-09,INVH,Orlando,"19727 Sabal St, Orlando, FL, 32833",Orlando,INVH-19727-sabal-st-32833-8901,4,3.0,2496,3040.0,2026-09-09,20 months,False,,,,,,,,https://www.invitationhomes.com/houses-for-rent/19727-sabal-st-32833-8901,2026-07-19,2026-09-09,FL,Orlando,,,,,19727-sabal-st-32833-8901
2026-09-09,INVH,Orlando,"11719 Bella Milano Ct, Windermere, FL, 34786",Orlando,INVH-11719-bella-milano-ct-34786-3048,5,4.5,2944,3945.0,2026-09-09,20 months,False,,,,,,,,https://www.invitationhomes.com/houses-for-rent/11719-bella-milano-ct-34786-3048,2026-08-23,2026-09-09,FL,Windermere,,,,,11719-bella-milano-ct-34786-3048
2026-09-09,INVH,Orlando,"9146 Pristine Cir, Orlando, FL, 32818",Orlando,INVH-9146-pristine-cir-32818-7464,3,2.0,1953,2425.0,2026-10-12,20 months,False,,,,,,,,https://www.invitationhomes.com/houses-for-rent/9146-pristine-cir-32818-7464,2026-08-02,2026-09-09,FL,Orlando,,,,,9146-pristine-cir-32818-7464
2026-09-09,INVH,Orlando,"4033 Castlegate Dr, Orlando, FL, 32839",Orlando,INVH-4033-castlegate-dr-32839-101958,4,2.0,1300,2245.0,2026-10-02,20 months,False,,,,,,,,https://www.invitationhomes.com/houses-for-rent/4033-castlegate-dr-32839-101958,2026-07-19,2026-09-09,FL,Orlando,,,,,4033-castlegate-dr-32839-101958
2026-09-09,INVH,Orlando,"243 Crabtree Ave, Orlando, FL, 32835",Orlando,INVH-243-crabtree-ave-32835-102019,4,2.0,1400,2295.0,2026-10-17,20 months,False,,,,,,,,https://www.invitationhomes.com/houses-for-rent/243-crabtree-ave-32835-102019,2026-09-03,2026-09-09,FL,Orlando,,,,,243-crabtree-ave-32835-102019
2026-09-09,INVH,Orlando,"4560 Barley St, Orlando, FL, 32811",Orlando,INVH-4560-barley-st-32811-102881,3,1.0,1050,1795.0,2026-09-11,20 months,False,,,,,,,,https://www.invitationhomes.com/houses-for-rent/4560-barley-st-32811-102881,2026-07-19,2026-09-09,FL,Orlando,,,,,4560-barley-st-32811-102881
2026-09-09,INVH,Orlando,"6000 Balboa Dr, Orlando, FL, 32808",Orlando,INVH-6000-balboa-dr-32808-102776,5,2.0,1550,2265.0,2026-09-09,20 months,False,,,,,,,,https://www.invitationhomes.com/houses-for-rent/6000-balboa-dr-32808-102776,2026-08-02,2026-09-09,FL,Orlando,,,,,6000-balboa-dr-32808-102776
2026-09-09,INVH,Orlando,"3347 Basie Pl, Orlando, FL, 32805",Orlando,INVH-3347-basie-pl-32805-102911,5,2.0,1550,2335.0,2026-10-02,20 months,False,,,,,,,,https://www.invitationhomes.com/houses-for-rent/3347-basie-pl-32805-102911,2026-08-23,2026-09-09,FL,Orlando,,,,,3347-basie-pl-32805-102911
2026-09-09,INVH,Orlando,"711 Starke Lake Cir, Ocoee, FL, 34761",Orlando,INVH-711-starke-lake-cir-ocoee-fl-34761,4,2.0,1517,2170.0,2026-09-09,20 months,False,,,,,,,,https://www.invitationhomes.com/houses-for-rent/711-starke-lake-cir-ocoee-fl-34761,2026-07-19,2026-09-09,FL,Ocoee,,,,,711-starke-lake-cir-ocoee-fl-34761
2026-09-09,INVH,Orlando,"491 Basking Ridge Ct, Ocoee, FL, 34761",Orlando,INVH-491-basking-ridge-ct-ocoee-fl-34761,4,2.0,1471,2475.0,2026-09-09,20 months,False,,,,,,,,https://www.invitationhomes.com/houses-for-rent/491-basking-ridge-ct-ocoee-fl-34761,2026-06-14,2026-09-09,FL,Ocoee,,,,,491-basking-ridge-ct-ocoee-fl-34761
2026-09-09,INVH,Orlando,"561 Fortanini Cir, Ocoee, FL, 34761",Orlando,INVH-561-fortanini-cir-34761-114191,3,2.5,1595,2220.0,2026-09-15,20 months,False,,,,,,,,https://www.invitationhomes.com/houses-for-rent/561-fortanini-cir-34761-114191,2026-08-23,2026-09-09,FL,Ocoee,,,,,561-fortanini-cir-34761-114191
2026-09-09,INVH,Orlando,"2621 Alclobe Cir, Ocoee, FL, 34761",Orlando,INVH-2621-alclobe-cir-34761-102877,3,2.0,1840,2545.0,2026-09-09,20 months,False,,,,,,,,https://www.invitationhomes.com/houses-for-rent/2621-alclobe-cir-34761-102877,2026-08-02,2026-09-09,FL,Ocoee,,,,,2621-alclobe-cir-34761-102877
2026-09-09,INVH,Orlando,"2762 Cullens Ct, Ocoee, FL, 34761",Orlando,INVH-2762-cullens-ct-34761-8210,4,3.0,1811,2640.0,2026-09-09,20 months,False,,,,,,,,https://www.invitationhomes.com/houses-for-rent/2762-cullens-ct-34761-8210,2026-06-14,2026-09-09,FL,Ocoee,,,,,2762-cullens-ct-34761-8210
2026-09-09,INVH,Orlando,"7480 Bordwine Dr, Orlando, FL, 32818",Orlando,INVH-7480-bordwine-dr-orlando-fl-32818,4,2.0,1977,2499.0,2026-09-24,20 months,False,,,,,,,,https://www.invitationhomes.com/houses-for-rent/7480-bordwine-dr-orlando-fl-32818,2026-08-16,2026-09-09,FL,Orlando,,,,,7480-bordwine-dr-orlando-fl-32818
2026-09-09,INVH,Orlando,"1249 Stonewater Cir, Ocoee, FL, 34761",Orlando,INVH-1249-stonewater-cir-ocoee-fl-34761,4,3.5,2995,2960.0,2026-09-09,20 months,False,,,,,,,,https://www.invitationhomes.com/houses-for-rent/1249-stonewater-cir-ocoee-fl-34761,2026-07-19,2026-09-09,FL,Ocoee,,,,,1249-stonewater-cir-ocoee-fl-34761
2026-09-09,INVH,Orlando,"2781 Plumberry Ave, Ocoee, FL, 34761",Orlando,INVH-2781-plumberry-ave-34761-4438,5,4.0,3807,3645.0,2026-09-09,20 months,False,,,,,,,,https://www.invitationhomes.com/houses-for-rent/2781-plumberry-ave-34761-4438,2026-08-23,2026-09-09,FL,Ocoee,,,,,2781-plumberry-ave-34761-4438
2026-09-09,INVH,Orlando,"2390 Anacostia Ave, Ocoee, FL, 34761",Orlando,INVH-2390-anacostia-ave-34761-9058,5,2.5,2925,2960.0,2026-09-09,20 months,False,,,,,,,,https://www.invitationhomes.com/houses-for-rent/2390-anacostia-ave-34761-9058,2026-07-19,2026-09-09,FL,Ocoee,,,,,2390-anacostia-ave-34761-9058
2026-09-09,INVH,Orlando,"3401 Paris Pl, Orlando, FL, 32818",Orlando,INVH-3401-paris-pl-32818-102022,5,2.0,1400,2130.0,2026-09-26,24 months,False,,,,,,,,https://www.invitationhomes.com/houses-for-rent/3401-paris-pl-32818-102022,2026-09-09,2026-09-09,FL,Orlando,,,,,3401-paris-pl-32818-102022
2026-09-09,INVH,Orlando,"4730 Doberman St, Orlando, FL, 32818",Orlando,INVH-4730-doberman-st-32818-102689,4,3.0,1950,2545.0,2026-10-17,20 months,False,,,,,,,,https://www.invitationhomes.com/houses-for-rent/4730-doberman-st-32818-102689,2026-09-09,2026-09-09,FL,Orlando,,,,,4730-doberman-st-32818-102689
2026-09-09,INVH,Orlando,"7945 Riffle Ln, Orlando, FL, 32818",Orlando,INVH-7945-riffle-ln-32818-103041,5,3.0,2000,2595.0,2026-09-09,20 months,False,,,,,,,,https://www.invitationhomes.com/houses-for-rent/7945-riffle-ln-32818-103041,2026-08-10,2026-09-09,FL,Orlando,,,,,7945-riffle-ln-32818-103041
2026-09-09,INVH,Orlando,"7204 Harwick Dr, Orlando, FL, 32818",Orlando,INVH-7204-harwick-dr-32818-102837,4,1.0,1250,1915.0,2026-09-24,20 months,False,,,,,,,,https://www.invitationhomes.com/houses-for-rent/7204-harwick-dr-32818-102837,2026-08-23,2026-09-09,FL,Orlando,,,,,7204-harwick-dr-32818-102837
2026-09-09,INVH,Orlando,"7115 Peyton Pl, Orlando, FL, 32818",Orlando,INVH-7115-peyton-pl-32818-102015,4,2.0,1089,1725.0,2026-09-11,20 months,False,,,,,,,,https://www.invitationhomes.com/houses-for-rent/7115-peyton-pl-32818-102015,2026-09-06,2026-09-09,FL,Orlando,,,,,7115-peyton-pl-32818-102015
2026-09-09,INVH,Orlando,"1924 Teakwood Dr, Orlando, FL, 32818",Orlando,INVH-1924-teakwood-dr-32818-102891,5,2.0,1800,2370.0,2026-09-11,20 months,False,,,,,,,,https://www.invitationhomes.com/houses-for-rent/1924-teakwood-dr-32818-102891,2026-07-19,2026-09-09,FL,Orlando,,,,,1924-teakwood-dr-32818-102891
2026-09-09,INVH,Orlando,"1834 N Powers Dr, Orlando, FL, 32818",Orlando,INVH-1834-n-powers-dr-32818-102000,4,2.0,1450,1990.0,2026-09-24,20 months,False,,,,,,,,https://www.invitationhomes.com/houses-for-rent/1834-n-powers-dr-32818-102000,2026-09-03,2026-09-09,FL,Orlando,,,,,1834-n-powers-dr-32818-102000
2026-09-09,INVH,Orlando,"2041 Dunsford Dr, Orlando, FL, 32808",Orlando,INVH-2041-dunsford-dr-32808-101966,5,2.0,1594,2130.0,2026-10-17,20 months,False,,,,,,,,https://www.invitationhomes.com/houses-for-rent/2041-dunsford-dr-32808-101966,2026-09-09,2026-09-09,FL,Orlando,,,,,2041-dunsford-dr-32808-101966
2026-09-09,INVH,Orlando,"1908 Kingsland Ave, Orlando, FL, 32808",Orlando,INVH-1908-kingsland-ave-32808-101983,4,2.0,1303,2045.0,2026-09-16,20 months,False,,,,,,,,https://www.invitationhomes.com/houses-for-rent/1908-kingsland-ave-32808-101983,2026-08-16,2026-09-09,FL,Orlando,,,,,1908-kingsland-ave-32808-101983
2026-09-09,INVH,Orlando,"4598 Frisco Cir, Orlando, FL, 32808",Orlando,INVH-4598-frisco-cir-32808-7666,3,2.0,1332,2065.0,2026-10-02,20 months,False,,,,,,,,https://www.invitationhomes.com/houses-for-rent/4598-frisco-cir-32808-7666,2026-08-23,2026-09-09,FL,Orlando,,,,,4598-frisco-cir-32808-7666
2026-09-09,INVH,Orlando,"3323 Danny Boy Cir, Orlando, FL, 32808",Orlando,INVH-3323-danny-boy-cir-32808-101951,3,1.5,1550,1895.0,2026-09-09,20 months,False,,,,,,,,https://www.invitationhomes.com/houses-for-rent/3323-danny-boy-cir-32808-101951,2026-07-19,2026-09-09,FL,Orlando,,,,,3323-danny-boy-cir-32808-101951
2026-09-09,INVH,Orlando,"5311 Green Velvet Ct, Orlando, FL, 32808",Orlando,INVH-5311-green-velvet-ct-32808-102849,3,1.5,1350,1945.0,2026-10-17,20 months,False,,,,,,,,https://www.invitationhomes.com/houses-for-rent/5311-green-velvet-ct-32808-102849,2026-09-03,2026-09-09,FL,Orlando,,,,,5311-green-velvet-ct-32808-102849
2026-09-09,INVH,Orlando,"5132 Innesbrook Ct, Orlando, FL, 32808",Orlando,INVH-5132-innesbrook-ct-32808-102857,3,2.0,1247,2270.0,2026-10-17,20 months,False,,,,,,,,https://www.invitationhomes.com/houses-for-rent/5132-innesbrook-ct-32808-102857,2026-08-16,2026-09-09,FL,Orlando,,,,,5132-innesbrook-ct-32808-102857
2026-09-09,INVH,Orlando,"5436 Pinto Wy, Orlando, FL, 32810",Orlando,INVH-5436-pinto-way-32810-8758,3,2.0,1408,1930.0,2026-09-09,20 months,False,,,,,,,,https://www.invitationhomes.com/houses-for-rent/5436-pinto-way-32810-8758,2026-04-13,2026-09-09,FL,Orlando,,,,,5436-pinto-way-32810-8758
2026-09-09,INVH,Orlando,"4411 Orangebrook Dr, Orlando, FL, 32810",Orlando,INVH-4411-orangebrook-dr-orlando-fl-32810,3,2.0,1352,2260.0,2026-09-09,20 months,False,,,,,,,,https://www.invitationhomes.com/houses-for-rent/4411-orangebrook-dr-orlando-fl-32810,2026-07-19,2026-09-09,FL,Orlando,,,,,4411-orangebrook-dr-orlando-fl-32810
2026-09-09,INVH,Orlando,"416 Mary Jess Rd, Orlando, FL, 32839",Orlando,INVH-416-mary-jess-rd-32839-102713,3,2.5,1250,2325.0,2026-09-09,20 months,False,,,,,,,,https://www.invitationhomes.com/houses-for-rent/416-mary-jess-rd-32839-102713,2026-04-13,2026-09-09,FL,Orlando,,,,,416-mary-jess-rd-32839-102713
2026-09-09,INVH,Orlando,"4055 Evander Dr, Orlando, FL, 32812",Orlando,INVH-4055-evander-dr-32812-83289,4,2.5,2552,2995.0,2026-09-25,20 months,False,,,,,,,,https://www.invitationhomes.com/houses-for-rent/4055-evander-dr-32812-83289,2026-08-16,2026-09-09,FL,Orlando,,,,,4055-evander-dr-32812-83289
2026-09-09,INVH,Orlando,"711 Humber Ln, Orlando, FL, 32807",Orlando,INVH-711-humber-ln-32807-102906,4,2.0,1930,2435.0,2026-09-09,20 months,False,,,,,,,,https://www.invitationhomes.com/houses-for-rent/711-humber-ln-32807-102906,2026-07-19,2026-09-09,FL,Orlando,,,,,711-humber-ln-32807-102906
2026-09-09,INVH,Orlando,"8354 Fort Clinch Ave, Orlando, FL, 32822",Orlando,INVH-8354-fort-clinch-ave-32822-1482,3,2.0,1664,2295.0,2026-09-09,20 months,False,,,,,,,,https://www.invitationhomes.com/houses-for-rent/8354-fort-clinch-ave-32822-1482,2026-08-23,2026-09-09,FL,Orlando,,,,,8354-fort-clinch-ave-32822-1482
2026-09-09,INVH,Orlando,"8252 Cascade Oaks Dr, Orlando, FL, 32822",Orlando,INVH-8252-cascade-oaks-dr-32822-102995,3,2.0,1400,2185.0,2026-09-09,20 months,False,,,,,,,,https://www.invitationhomes.com/houses-for-rent/8252-cascade-oaks-dr-32822-102995,2026-07-19,2026-09-09,FL,Orlando,,,,,8252-cascade-oaks-dr-32822-102995
2026-09-09,INVH,Orlando,"8685 Brackenwood Dr, Orlando, FL, 32829",Orlando,INVH-8685-brackenwood-dr-32829-2343,3,2.0,1323,2320.0,2026-10-17,20 months,False,,,,,,,,https://www.invitationhomes.com/houses-for-rent/8685-brackenwood-dr-32829-2343,2026-09-03,2026-09-09,FL,Orlando,,,,,8685-brackenwood-dr-32829-2343
2026-09-09,INVH,Orlando,"7641 Pine Nest Ct, Orlando, FL, 32822",Orlando,INVH-7641-pine-nest-ct-32822-9459,3,2.0,1119,2025.0,2026-10-11,20 months,False,,,,,,,,https://www.invitationhomes.com/houses-for-rent/7641-pine-nest-ct-32822-9459,2026-09-03,2026-09-09,FL,Orlando,,,,,7641-pine-nest-ct-32822-9459
2026-09-09,INVH,Orlando,"7034 Pender Way, Orlando, FL, 32822",Orlando,INVH-7034-pender-way-32822-5592,3,2.0,1574,2049.0,2026-09-18,21 months,False,,,,,,,,https://www.invitationhomes.com/houses-for-rent/7034-pender-way-32822-5592,2026-07-19,2026-09-09,FL,Orlando,,,,,7034-pender-way-32822-5592
2026-09-09,INVH,Orlando,"8030 Excalibur Ct, Orlando, FL, 32822",Orlando,INVH-8030-excalibur-ct-orlando-fl-32822,3,2.0,1902,2399.0,2026-10-17,20 months,False,,,,,,,,https://www.invitationhomes.com/houses-for-rent/8030-excalibur-ct-orlando-fl-32822,2026-07-19,2026-09-09,FL,Orlando,,,,,8030-excalibur-ct-orlando-fl-32822
2026-09-09,INVH,Orlando,"3115 Birmingham Blvd, Orlando, FL, 32829",Orlando,INVH-3115-birmingham-blvd-orlando-fl-32829,3,2.0,1631,2395.0,2026-10-05,20 months,False,,,,,,,,https://www.invitationhomes.com/houses-for-rent/3115-birmingham-blvd-orlando-fl-32829,2026-08-23,2026-09-09,FL,Orlando,,,,,3115-birmingham-blvd-orlando-fl-32829
2026-09-09,INVH,Orlando,"10530 Derringer Dr, Orlando, FL, 32829",Orlando,INVH-10530-derringer-dr-orlando-fl-32829,3,2.0,1651,2249.0,2026-09-09,20 months,False,,,,,,,,https://www.invitationhomes.com/houses-for-rent/10530-derringer-dr-orlando-fl-32829,2026-07-19,2026-09-09,FL,Orlando,,,,,10530-derringer-dr-orlando-fl-32829
2026-09-09,INVH,Orlando,"3206 Kingstown Ct, Orlando, FL, 32825",Orlando,INVH-3206-kingstown-ct-32825-3921,4,2.5,2542,2895.0,2026-10-05,20 months,False,,,,,,,,https://www.invitationhomes.com/houses-for-rent/3206-kingstown-ct-32825-3921,2026-08-23,2026-09-09,FL,Orlando,,,,,3206-kingstown-ct-32825-3921
2026-09-09,INVH,Orlando,"3808 Andover Cay Blvd, Orlando, FL, 32825",Orlando,INVH-3808-andover-cay-blvd-32825-7907,4,2.0,1845,2660.0,2026-09-29,20 months,False,,,,,,,,https://www.invitationhomes.com/houses-for-rent/3808-andover-cay-blvd-32825-7907,2026-08-16,2026-09-09,FL,Orlando,,,,,3808-andover-cay-blvd-32825-7907
2026-09-09,INVH,Orlando,"2740 Daybreak Dr, Orlando, FL, 32825",Orlando,INVH-2740-daybreak-dr-orlando-fl-32825,4,5.0,2020,2545.0,2026-09-09,20 months,False,,,,,,,,https://www.invitationhomes.com/houses-for-rent/2740-daybreak-dr-orlando-fl-32825,2026-07-19,2026-09-09,FL,Orlando,,,,,2740-daybreak-dr-orlando-fl-32825
2026-09-09,INVH,Orlando,"8145 Troxler Dr, Orlando, FL, 32825",Orlando,INVH-8145-troxler-dr-32825-9599,4,2.0,1474,2420.0,2026-09-09,20 months,False,,,,,,,,https://www.invitationhomes.com/houses-for-rent/8145-troxler-dr-32825-9599,2026-08-10,2026-09-09,FL,Orlando,,,,,8145-troxler-dr-32825-9599
2026-09-09,INVH,Orlando,"700 McLean Ct, Orlando, FL, 32825",Orlando,INVH-700-mclean-ct-32825-8955,4,2.5,1894,2585.0,2026-09-09,20 months,False,,,,,,,,https://www.invitationhomes.com/houses-for-rent/700-mclean-ct-32825-8955,2026-07-19,2026-09-09,FL,Orlando,,,,,700-mclean-ct-32825-8955
2026-09-09,INVH,Orlando,"9410 Dubois Blvd, Orlando, FL, 32825",Orlando,INVH-9410-dubois-blvd-orlando-fl-32825,3,2.0,1086,1975.0,2026-09-09,20 months,False,,,,,,,,https://www.invitationhomes.com/houses-for-rent/9410-dubois-blvd-orlando-fl-32825,2026-07-19,2026-09-09,FL,Orlando,,,,,9410-dubois-blvd-orlando-fl-32825
2026-09-09,INVH,Orlando,"914 River Cove Ave, Orlando, FL, 32825",Orlando,INVH-914-river-cove-ave-32825-4210,3,2.0,1492,2245.0,2026-09-22,20 months,False,,,,,,,,https://www.invitationhomes.com/houses-for-rent/914-river-cove-ave-32825-4210,2026-08-10,2026-09-09,FL,Orlando,,,,,914-river-cove-ave-32825-4210
2026-09-09,INVH,Orlando,"854 River Cove Ave, Orlando, FL, 32825",Orlando,INVH-854-river-cove-ave-orlando-fl-32825,3,2.0,1445,2149.0,2026-09-09,20 months,False,,,,,,,,https://www.invitationhomes.com/houses-for-rent/854-river-cove-ave-orlando-fl-32825,2026-06-09,2026-09-09,FL,Orlando,,,,,854-river-cove-ave-orlando-fl-32825
2026-09-09,INVH,Orlando,"10837 Leader Ln, Orlando, FL, 32825",Orlando,INVH-10837-leader-ln-32825-94556,4,2.5,2259,2795.0,2026-09-17,24 months,False,,,,,,,,https://www.invitationhomes.com/houses-for-rent/10837-leader-ln-32825-94556,2026-08-10,2026-09-09,FL,Orlando,,,,,10837-leader-ln-32825-94556
2026-09-09,INVH,Orlando,"10627 Cypress Trail Dr, Orlando, FL, 32825",Orlando,INVH-10627-cypress-trail-dr-32825-1683,5,3.0,2727,3090.0,2026-10-16,20 months,False,,,,,,,,https://www.invitationhomes.com/houses-for-rent/10627-cypress-trail-dr-32825-1683,2026-09-03,2026-09-09,FL,Orlando,,,,,10627-cypress-trail-dr-32825-1683
2026-09-09,INVH,Orlando,"10032 Tikimber Ln, Orlando, FL, 32825",Orlando,INVH-10032-tikimber-ln-32825-7718,3,2.0,1525,2295.0,2026-09-09,20 months,False,,,,,,,,https://www.invitationhomes.com/houses-for-rent/10032-tikimber-ln-32825-7718,2026-08-10,2026-09-09,FL,Orlando,,,,,10032-tikimber-ln-32825-7718
2026-09-09,INVH,Orlando,"11112 Einbender Rd, Orlando, FL, 32825",Orlando,INVH-11112-einbender-rd-32825-102660,4,2.0,1350,2240.0,2026-09-09,20 months,False,,,,,,,,https://www.invitationhomes.com/houses-for-rent/11112-einbender-rd-32825-102660,2026-08-16,2026-09-09,FL,Orlando,,,,,11112-einbender-rd-32825-102660
2026-09-09,INVH,Tampa,"2000 Sunderland Rd, Maitland, FL, 32751",Tampa,INVH-2000-sunderland-rd-maitland-fl-32751,3,1.5,1721,2420.0,2026-09-09,20 months,False,,,,,,,,https://www.invitationhomes.com/houses-for-rent/2000-sunderland-rd-maitland-fl-32751,2026-08-02,2026-09-09,FL,Maitland,,,,,2000-sunderland-rd-maitland-fl-32751
2026-09-09,INVH,Orlando,"3362 Bougainvillea Dr, Winter Park, FL, 32792",Orlando,INVH-3362-bougainvillea-dr-32792-6208,4,2.0,1351,2230.0,2026-09-09,20 months,False,,,,,,,,https://www.invitationhomes.com/houses-for-rent/3362-bougainvillea-dr-32792-6208,2026-08-10,2026-09-09,FL,Winter Park,,,,,3362-bougainvillea-dr-32792-6208
2026-09-09,INVH,Orlando,"1710 Puritan Ave, Winter Park, FL, 32792",Orlando,INVH-1710-puritan-ave-32792-1592,3,2.0,1285,2210.0,2026-09-09,20 months,False,,,,,,,,https://www.invitationhomes.com/houses-for-rent/1710-puritan-ave-32792-1592,2026-08-02,2026-09-09,FL,Winter Park,,,,,1710-puritan-ave-32792-1592
2026-09-09,INVH,Tampa,"144 Mark David Blvd, Casselberry, FL, 32707",Tampa,INVH-144-mark-david-blvd-32707-4418,3,2.0,1699,2375.0,2026-09-09,20 months,False,,,,,,,,https://www.invitationhomes.com/houses-for-rent/144-mark-david-blvd-32707-4418,2026-07-19,2026-09-09,FL,Casselberry,,,,,144-mark-david-blvd-32707-4418
2026-09-09,INVH,Orlando,"2506 Newbolt Dr, Orlando, FL, 32817",Orlando,INVH-2506-newbolt-dr-32817-7987,4,2.0,1440,2235.0,2026-09-09,20 months,False,,,,,,,,https://www.invitationhomes.com/houses-for-rent/2506-newbolt-dr-32817-7987,2026-08-02,2026-09-09,FL,Orlando,,,,,2506-newbolt-dr-32817-7987
2026-09-09,INVH,Orlando,"9413 Lake Douglas Pl, Orlando, FL, 32817",Orlando,INVH-9413-lake-douglas-pl-orlando-fl-32817,4,2.0,1500,2549.0,2026-10-16,20 months,False,,,,,,,,https://www.invitationhomes.com/houses-for-rent/9413-lake-douglas-pl-orlando-fl-32817,2026-09-03,2026-09-09,FL,Orlando,,,,,9413-lake-douglas-pl-orlando-fl-32817
2026-09-09,INVH,Orlando,"9544 Lake Douglas Pl, Orlando, FL, 32817",Orlando,INVH-9544-lake-douglas-pl-32817-4220,4,2.0,2846,2649.0,2026-09-11,20 months,False,,,,,,,,https://www.invitationhomes.com/houses-for-rent/9544-lake-douglas-pl-32817-4220,2026-07-19,2026-09-09,FL,Orlando,,,,,9544-lake-douglas-pl-32817-4220
2026-09-09,INVH,Orlando,"4005 Stonehaven Rd, Orlando, FL, 32817",Orlando,INVH-4005-stonehaven-rd-32817-4336,4,3.0,2257,2695.0,2026-10-16,20 months,False,,,,,,,,https://www.invitationhomes.com/houses-for-rent/4005-stonehaven-rd-32817-4336,2026-09-03,2026-09-09,FL,Orlando,,,,,4005-stonehaven-rd-32817-4336
2026-09-09,INVH,Orlando,"10812 Scepter Dr, Orlando, FL, 32817",Orlando,INVH-10812-scepter-dr-32817-3519,3,2.5,2110,2740.0,2026-09-09,20 months,False,,,,,,,,https://www.invitationhomes.com/houses-for-rent/10812-scepter-dr-32817-3519,2026-07-19,2026-09-09,FL,Orlando,,,,,10812-scepter-dr-32817-3519
2026-09-09,INVH,Orlando,"10717 Brice Ct, Orlando, FL, 32817",Orlando,INVH-10717-brice-ct-orlando-fl-32817,3,2.0,1228,2045.0,2026-09-20,20 months,False,,,,,,,,https://www.invitationhomes.com/houses-for-rent/10717-brice-ct-orlando-fl-32817,2026-08-02,2026-09-09,FL,Orlando,,,,,10717-brice-ct-orlando-fl-32817
2026-09-09,INVH,Orlando,"3628 Datura Ct, Winter Park, FL, 32792",Orlando,INVH-3628-datura-ct-32792-102017,5,2.0,1600,2395.0,2026-09-09,20 months,False,,,,,,,,https://www.invitationhomes.com/houses-for-rent/3628-datura-ct-32792-102017,2026-04-20,2026-09-09,FL,Winter Park,,,,,3628-datura-ct-32792-102017
2026-09-09,INVH,Orlando,"5206 Tangerine Ave, Winter Park, FL, 32792",Orlando,INVH-5206-tangerine-ave-32792-9591,3,2.0,1493,2549.0,2026-10-01,20 months,False,,,,,,,,https://www.invitationhomes.com/houses-for-rent/5206-tangerine-ave-32792-9591,2026-08-23,2026-09-09,FL,Winter Park,,,,,5206-tangerine-ave-32792-9591
2026-09-09,INVH,Orlando,"7423 Antietam Ct E, Winter Park, FL, 32792",Orlando,INVH-7423-antietam-ct-e-32792-8487,3,2.0,1992,2299.0,2026-09-09,20 months,False,,,,,,,,https://www.invitationhomes.com/houses-for-rent/7423-antietam-ct-e-32792-8487,2026-07-19,2026-09-09,FL,Winter Park,,,,,7423-antietam-ct-e-32792-8487
2026-09-09,INVH,Orlando,"4040 Waterview Loop, Winter Park, FL, 32792",Orlando,INVH-4040-waterview-loop-32792-7789,3,2.0,1648,2315.0,2026-09-09,20 months,False,,,,,,,,https://www.invitationhomes.com/houses-for-rent/4040-waterview-loop-32792-7789,2026-07-19,2026-09-09,FL,Winter Park,,,,,4040-waterview-loop-32792-7789
2026-09-09,INVH,Orlando,"1450 Thornhill Cir, Oviedo, FL, 32765",Orlando,INVH-1450-thornhill-cir-32765-3452,4,3.0,2361,3425.0,2026-09-09,20 months,False,,,,,,,,https://www.invitationhomes.com/houses-for-rent/1450-thornhill-cir-32765-3452,2026-04-20,2026-09-09,FL,Oviedo,,,,,1450-thornhill-cir-32765-3452
2026-09-09,INVH,Tampa,"1380 San Diego Ct, Winter Springs, FL, 32708",Tampa,INVH-1380-san-diego-ct-32708-3302,3,2.0,1407,2245.0,2026-09-22,20 months,False,,,,,,,,https://www.invitationhomes.com/houses-for-rent/1380-san-diego-ct-32708-3302,2026-08-10,2026-09-09,FL,Winter Springs,,,,,1380-san-diego-ct-32708-3302
2026-09-09,INVH,Orlando,"61 Sedona Cove Dr, Apopka, FL, 32703",Orlando,INVH-61-sedona-cove-dr-32703-1369,5,4.0,3649,3410.0,2026-09-14,20 months,False,,,,,,,,https://www.invitationhomes.com/houses-for-rent/61-sedona-cove-dr-32703-1369,2026-08-02,2026-09-09,FL,Apopka,,,,,61-sedona-cove-dr-32703-1369
2026-09-09,INVH,Orlando,"2648 Wyndam Bay Pl, Apopka, FL, 32703",Orlando,INVH-2648-wyndam-bay-pl-32703-2178,5,4.0,3380,3115.0,2026-09-25,20 months,False,,,,,,,,https://www.invitationhomes.com/houses-for-rent/2648-wyndam-bay-pl-32703-2178,2026-07-19,2026-09-09,FL,Apopka,,,,,2648-wyndam-bay-pl-32703-2178
2026-09-09,INVH,Orlando,"513 Yearling Cove Loop, Apopka, FL, 32703",Orlando,INVH-513-yearling-cove-loop-apopka-fl-32703,3,2.0,1631,2345.0,2026-10-05,20 months,False,,,,,,,,https://www.invitationhomes.com/houses-for-rent/513-yearling-cove-loop-apopka-fl-32703,2026-09-03,2026-09-09,FL,Apopka,,,,,513-yearling-cove-loop-apopka-fl-32703
2026-09-09,INVH,Orlando,"1434 Villa Hill Ct, Apopka, FL, 32712",Orlando,INVH-1434-villa-hill-ct-apopka-fl-32712,3,2.0,1264,2145.0,2026-09-09,20 months,False,,,,,,,,https://www.invitationhomes.com/houses-for-rent/1434-villa-hill-ct-apopka-fl-32712,2026-08-23,2026-09-09,FL,Apopka,,,,,1434-villa-hill-ct-apopka-fl-32712
2026-09-09,INVH,Orlando,"1537 Sunset View Cir, Apopka, FL, 32703",Orlando,INVH-1537-sunset-view-cir-32703-7596,3,2.0,1243,2035.0,2026-09-22,20 months,False,,,,,,,,https://www.invitationhomes.com/houses-for-rent/1537-sunset-view-cir-32703-7596,2026-08-10,2026-09-09,FL,Apopka,,,,,1537-sunset-view-cir-32703-7596
2026-09-09,INVH,Orlando,"823 Cheetah Trl, Apopka, FL, 32712",Orlando,INVH-823-cheetah-trl-32712-7261,3,2.0,1560,2195.0,2026-09-27,20 months,False,,,,,,,,https://www.invitationhomes.com/houses-for-rent/823-cheetah-trl-32712-7261,2026-08-16,2026-09-09,FL,Apopka,,,,,823-cheetah-trl-32712-7261
2026-09-09,INVH,Orlando,"1879 Durban Way, Apopka, FL, 32712",Orlando,INVH-1879-durban-way-32712-85444,4,2.0,1972,2580.0,2026-09-09,20 months,False,,,,,,,,https://www.invitationhomes.com/houses-for-rent/1879-durban-way-32712-85444,2026-08-10,2026-09-09,FL,Apopka,,,,,1879-durban-way-32712-85444
2026-09-09,INVH,Orlando,"2487 Breezy Meadow Rd, Apopka, FL, 32712",Orlando,INVH-2487-breezy-meadow-rd-32712-90539,4,3.0,2796,3149.0,2026-10-18,20 months,False,,,,,,,,https://www.invitationhomes.com/houses-for-rent/2487-breezy-meadow-rd-32712-90539,2026-09-03,2026-09-09,FL,Apopka,,,,,2487-breezy-meadow-rd-32712-90539
2026-09-09,INVH,Orlando,"1374 Welch Ridge Ter, Apopka, FL, 32712",Orlando,INVH-1374-welch-ridge-ter-apopka-fl-32712,4,2.5,2192,2665.0,2026-10-07,20 months,False,,,,,,,,https://www.invitationhomes.com/houses-for-rent/1374-welch-ridge-ter-apopka-fl-32712,2026-08-23,2026-09-09,FL,Apopka,,,,,1374-welch-ridge-ter-apopka-fl-32712
2026-09-09,INVH,Orlando,"3539 Rolling Hills Ln, Apopka, FL, 32712",Orlando,INVH-3539-rolling-hills-ln-apopka-fl-32712,4,2.0,2719,3149.0,2026-10-02,20 months,False,,,,,,,,https://www.invitationhomes.com/houses-for-rent/3539-rolling-hills-ln-apopka-fl-32712,2026-08-10,2026-09-09,FL,Apopka,,,,,3539-rolling-hills-ln-apopka-fl-32712
2026-09-09,INVH,Orlando,"549 Lancer Oak Dr, Apopka, FL, 32712",Orlando,INVH-549-lancer-oak-dr-32712-7793,4,2.0,1677,2640.0,2026-09-18,20 months,False,,,,,,,,https://www.invitationhomes.com/houses-for-rent/549-lancer-oak-dr-32712-7793,2026-08-23,2026-09-09,FL,Apopka,,,,,549-lancer-oak-dr-32712-7793
2026-09-09,INVH,Orlando,"168 Summit Ash Way, Apopka, FL, 32703",Orlando,INVH-168-summit-ash-way-apopka-fl-32703,4,2.0,2115,2860.0,2026-09-09,20 months,False,,,,,,,,https://www.invitationhomes.com/houses-for-rent/168-summit-ash-way-apopka-fl-32703,2026-08-02,2026-09-09,FL,Apopka,,,,,168-summit-ash-way-apopka-fl-32703
2026-09-09,INVH,Orlando,"225 Copper Oak Ct, Apopka, FL, 32703",Orlando,INVH-225-copper-oak-ct-apopka-fl-32703,3,3.0,2318,2630.0,2026-09-09,20 months,False,,,,,,,,https://www.invitationhomes.com/houses-for-rent/225-copper-oak-ct-apopka-fl-32703,2026-08-02,2026-09-09,FL,Apopka,,,,,225-copper-oak-ct-apopka-fl-32703
2026-09-09,INVH,Orlando,"512 Harvard Pl, Apopka, FL, 32703",Orlando,INVH-512-harvard-pl-32703-1102,3,2.0,1238,2025.0,2026-09-09,20 months,False,,,,,,,,https://www.invitationhomes.com/houses-for-rent/512-harvard-pl-32703-1102,2026-08-10,2026-09-09,FL,Apopka,,,,,512-harvard-pl-32703-1102
2026-09-09,INVH,Orlando,"513 Applewood Ave, Altamonte Springs, FL, 32714",Orlando,INVH-513-applewood-ave-32714-7593,4,2.0,2734,3195.0,2026-10-18,20 months,False,,,,,,,,https://www.invitationhomes.com/houses-for-rent/513-applewood-ave-32714-7593,2026-09-03,2026-09-09,FL,Altamonte Springs,,,,,513-applewood-ave-32714-7593
2026-09-09,INVH,Orlando,"603 Riverbend Blvd, Longwood, FL, 32779",Orlando,INVH-603-riverbend-blvd-32779-5274,4,2.5,2207,2695.0,2026-09-11,20 months,False,,,,,,,,https://www.invitationhomes.com/houses-for-rent/603-riverbend-blvd-32779-5274,2026-09-03,2026-09-09,FL,Longwood,,,,,603-riverbend-blvd-32779-5274
2026-09-09,INVH,Tampa,"25134 Chipshot Ct, Sorrento, FL, 32776",Tampa,INVH-25134-chipshot-ct-32776-5541,3,2.0,1760,2095.0,2026-10-06,20 months,False,,,,,,,,https://www.invitationhomes.com/houses-for-rent/25134-chipshot-ct-32776-5541,2026-08-23,2026-09-09,FL,Sorrento,,,,,25134-chipshot-ct-32776-5541
2026-09-09,INVH,Tampa,"31039 Lochmore Cir, Sorrento, FL, 32776",Tampa,INVH-31039-lochmore-cir-sorrento-fl-32776,3,2.0,1926,2395.0,2026-10-21,20 months,False,,,,,,,,https://www.invitationhomes.com/houses-for-rent/31039-lochmore-cir-sorrento-fl-32776,2026-09-06,2026-09-09,FL,Sorrento,,,,,31039-lochmore-cir-sorrento-fl-32776
2026-09-09,INVH,Orlando,"313 Alpine St, Altamonte Springs, FL, 32701",Orlando,INVH-313-alpine-st-32701-8189,4,2.0,1504,2370.0,2026-10-22,20 months,False,,,,,,,,https://www.invitationhomes.com/houses-for-rent/313-alpine-st-32701-8189,2026-09-09,2026-09-09,FL,Altamonte Springs,,,,,313-alpine-st-32701-8189
2026-09-09,INVH,Tampa,"620 Swallow Dr, Casselberry, FL, 32707",Tampa,INVH-620-swallow-dr-32707-5528,4,2.0,1622,2445.0,2026-09-09,20 months,False,,,,,,,,https://www.invitationhomes.com/houses-for-rent/620-swallow-dr-32707-5528,2026-08-23,2026-09-09,FL,Casselberry,,,,,620-swallow-dr-32707-5528
2026-09-09,INVH,Tampa,"520 Sunrise Dr, Casselberry, FL, 32707",Tampa,INVH-520-sunrise-dr-32707-9204,3,2.0,1332,2195.0,2026-10-17,20 months,False,,,,,,,,https://www.invitationhomes.com/houses-for-rent/520-sunrise-dr-32707-9204,2026-08-10,2026-09-09,FL,Casselberry,,,,,520-sunrise-dr-32707-9204
2026-09-09,INVH,Tampa,"340 Micanopy Ct, Casselberry, FL, 32707",Tampa,INVH-340-micanopy-ct-32707-8062,3,2.0,1300,2095.0,2026-09-09,20 months,False,,,,,,,,https://www.invitationhomes.com/houses-for-rent/340-micanopy-ct-32707-8062,2026-07-19,2026-09-09,FL,Casselberry,,,,,340-micanopy-ct-32707-8062
2026-09-09,INVH,Orlando,"300 Balogh Pl, Longwood, FL, 32750",Orlando,INVH-300-balogh-pl-32750-5632,4,2.0,1989,2795.0,2026-09-09,20 months,False,,,,,,,,https://www.invitationhomes.com/houses-for-rent/300-balogh-pl-32750-5632,2026-08-02,2026-09-09,FL,Longwood,,,,,300-balogh-pl-32750-5632
2026-09-09,INVH,Orlando,"566 Ridgeline Run, Longwood, FL, 32750",Orlando,INVH-566-ridgeline-run-32750-6043,4,2.0,1736,2680.0,2026-09-09,20 months,False,,,,,,,,https://www.invitationhomes.com/houses-for-rent/566-ridgeline-run-32750-6043,2026-08-16,2026-09-09,FL,Longwood,,,,,566-ridgeline-run-32750-6043
2026-09-09,INVH,Orlando,"472 Winding Oak Ln, Longwood, FL, 32750",Orlando,INVH-472-winding-oak-ln-32750-7086,3,2.0,1396,1995.0,2026-10-11,20 months,False,,,,,,,,https://www.invitationhomes.com/houses-for-rent/472-winding-oak-ln-32750-7086,2026-09-03,2026-09-09,FL,Longwood,,,,,472-winding-oak-ln-32750-7086
2026-09-09,INVH,Orlando,"924 N Grant St, Longwood, FL, 32750",Orlando,INVH-924-n-grant-st-32750-3765,3,2.0,1384,2190.0,2026-09-09,20 months,False,,,,,,,,https://www.invitationhomes.com/houses-for-rent/924-n-grant-st-32750-3765,2026-07-19,2026-09-09,FL,Longwood,,,,,924-n-grant-st-32750-3765
2026-09-09,INVH,Tampa,"606 Nighthawk Cir, Winter Springs, FL, 32708",Tampa,INVH-606-nighthawk-cir-32708-3895,3,2.0,1930,2560.0,2026-09-11,20 months,False,,,,,,,,https://www.invitationhomes.com/houses-for-rent/606-nighthawk-cir-32708-3895,2026-08-23,2026-09-09,FL,Winter Springs,,,,,606-nighthawk-cir-32708-3895
2026-09-09,INVH,Orlando,"833 Shell Ln, Longwood, FL, 32750",Orlando,INVH-833-shell-ln-longwood-fl-32750,3,2.0,1651,2510.0,2026-10-10,20 months,False,,,,,,,,https://www.invitationhomes.com/houses-for-rent/833-shell-ln-longwood-fl-32750,2026-09-03,2026-09-09,FL,Longwood,,,,,833-shell-ln-longwood-fl-32750
2026-09-09,INVH,Orlando,"125 Exeter Ave, Longwood, FL, 32750",Orlando,INVH-125-exeter-ave-32750-8460,3,2.0,1402,2230.0,2026-10-21,20 months,False,,,,,,,,https://www.invitationhomes.com/houses-for-rent/125-exeter-ave-32750-8460,2026-09-06,2026-09-09,FL,Longwood,,,,,125-exeter-ave-32750-8460
2026-09-09,INVH,Tampa,"4220 Cloverleaf Pl, Casselberry, FL, 32707",Tampa,INVH-4220-cloverleaf-pl-casselberry-fl-32707,3,2.0,1408,2475.0,2026-09-14,20 months,False,,,,,,,,https://www.invitationhomes.com/houses-for-rent/4220-cloverleaf-pl-casselberry-fl-32707,2026-08-10,2026-09-09,FL,Casselberry,,,,,4220-cloverleaf-pl-casselberry-fl-32707
2026-09-09,INVH,Tampa,"1248 Rising Sun Blvd, Winter Springs, FL, 32708",Tampa,INVH-1248-rising-sun-blvd-32708-9238,4,2.0,1545,2349.0,2026-10-16,20 months,False,,,,,,,,https://www.invitationhomes.com/houses-for-rent/1248-rising-sun-blvd-32708-9238,2026-09-03,2026-09-09,FL,Winter Springs,,,,,1248-rising-sun-blvd-32708-9238
2026-09-09,INVH,Tampa,"1217 Gema Pl, Winter Springs, FL, 32708",Tampa,INVH-1217-gema-pl-winter-springs-fl-32708,4,2.0,2072,2545.0,2026-09-09,20 months,False,,,,,,,,https://www.invitationhomes.com/houses-for-rent/1217-gema-pl-winter-springs-fl-32708,2026-08-10,2026-09-09,FL,Winter Springs,,,,,1217-gema-pl-winter-springs-fl-32708
2026-09-09,INVH,Tampa,"428 Lancers Dr, Winter Springs, FL, 32708",Tampa,INVH-428-lancers-dr-32708-4744,3,2.0,1389,2140.0,2026-09-09,20 months,False,,,,,,,,https://www.invitationhomes.com/houses-for-rent/428-lancers-dr-32708-4744,2026-07-19,2026-09-09,FL,Winter Springs,,,,,428-lancers-dr-32708-4744
2026-09-09,INVH,Tampa,"1123 Aloha Ct, Winter Springs, FL, 32708",Tampa,INVH-1123-aloha-court-32708-8355,3,2.5,1927,2715.0,2026-09-15,20 months,False,,,,,,,,https://www.invitationhomes.com/houses-for-rent/1123-aloha-court-32708-8355,2026-08-10,2026-09-09,FL,Winter Springs,,,,,1123-aloha-court-32708-8355
2026-09-09,INVH,Orlando,"403 Cidermill Pl, Lake Mary, FL, 32746",Orlando,INVH-403-cidermill-pl-32746-5548,3,2.5,1590,2280.0,2026-09-17,24 months,False,,,,,,,,https://www.invitationhomes.com/houses-for-rent/403-cidermill-pl-32746-5548,2026-06-09,2026-09-09,FL,Lake Mary,,,,,403-cidermill-pl-32746-5548
2026-09-09,INVH,Orlando,"391 Cidermill Pl, Lake Mary, FL, 32746",Orlando,INVH-391-cidermill-pl-32746-1286,3,2.5,1643,2440.0,2026-09-09,20 months,False,,,,,,,,https://www.invitationhomes.com/houses-for-rent/391-cidermill-pl-32746-1286,2026-08-02,2026-09-09,FL,Lake Mary,,,,,391-cidermill-pl-32746-1286
2026-09-09,INVH,Orlando,"2800 Falcon Crest Pl, Lake Mary, FL, 32746",Orlando,INVH-2800-falcon-crest-pl-32746-87171,3,2.0,1501,2440.0,2026-10-13,20 months,False,,,,,,,,https://www.invitationhomes.com/houses-for-rent/2800-falcon-crest-pl-32746-87171,2026-09-03,2026-09-09,FL,Lake Mary,,,,,2800-falcon-crest-pl-32746-87171
2026-09-09,INVH,Orlando,"103 Winding Ridge Dr, Sanford, FL, 32773",Orlando,INVH-103-winding-ridge-dr-32773-1156,3,2.0,1348,2080.0,2026-09-11,20 months,False,,,,,,,,https://www.invitationhomes.com/houses-for-rent/103-winding-ridge-dr-32773-1156,2026-08-02,2026-09-09,FL,Sanford,,,,,103-winding-ridge-dr-32773-1156
2026-09-09,INVH,Orlando,"839 Delfino Pl, Lake Mary, FL, 32746",Orlando,INVH-839-delfino-pl-32746-4608,4,2.0,1874,2545.0,2026-09-23,20 months,False,,,,,,,,https://www.invitationhomes.com/houses-for-rent/839-delfino-pl-32746-4608,2026-08-02,2026-09-09,FL,Lake Mary,,,,,839-delfino-pl-32746-4608
2026-09-09,INVH,Orlando,"6508 Everingham Ln, Sanford, FL, 32771",Orlando,INVH-6508-everingham-ln-sanford-fl-32771,5,3.0,2830,3695.0,2026-10-09,20 months,False,,,,,,,,https://www.invitationhomes.com/houses-for-rent/6508-everingham-ln-sanford-fl-32771,2026-09-09,2026-09-09,FL,Sanford,,,,,6508-everingham-ln-sanford-fl-32771
2026-09-09,INVH,Orlando,"435 Country Wood Cir, Lake Mary, FL, 32746",Orlando,INVH-435-country-wood-cir-lake-mary-fl-32746,3,2.5,1634,2535.0,2026-09-09,20 months,False,,,,,,,,https://www.invitationhomes.com/houses-for-rent/435-country-wood-cir-lake-mary-fl-32746,2026-07-19,2026-09-09,FL,Lake Mary,,,,,435-country-wood-cir-lake-mary-fl-32746
2026-09-09,INVH,Orlando,"717 Baywood Dr, Sanford, FL, 32773",Orlando,INVH-717-baywood-dr-32773-4144,3,2.0,1436,2230.0,2026-09-17,20 months,False,,,,,,,,https://www.invitationhomes.com/houses-for-rent/717-baywood-dr-32773-4144,2026-08-16,2026-09-09,FL,Sanford,,,,,717-baywood-dr-32773-4144
2026-09-09,INVH,Orlando,"4222 Shades Crest Ln, Sanford, FL, 32773",Orlando,INVH-4222-shades-crest-ln-32773-6297,3,2.0,1458,2190.0,2026-09-09,20 months,False,,,,,,,,https://www.invitationhomes.com/houses-for-rent/4222-shades-crest-ln-32773-6297,2026-08-02,2026-09-09,FL,Sanford,,,,,4222-shades-crest-ln-32773-6297
2026-09-09,INVH,Orlando,"103 Broadarrow Pl, Sanford, FL, 32773",Orlando,INVH-103-broadarrow-pl-32773-8946,4,2.0,1406,2110.0,2026-09-09,20 months,False,,,,,,,,https://www.invitationhomes.com/houses-for-rent/103-broadarrow-pl-32773-8946,2026-07-19,2026-09-09,FL,Sanford,,,,,103-broadarrow-pl-32773-8946
2026-09-09,INVH,Orlando,"316 Krider Rd, Sanford, FL, 32773",Orlando,INVH-316-krider-rd-32773-4193,3,2.0,1602,2345.0,2026-10-03,20 months,False,,,,,,,,https://www.invitationhomes.com/houses-for-rent/316-krider-rd-32773-4193,2026-09-03,2026-09-09,FL,Sanford,,,,,316-krider-rd-32773-4193
2026-09-09,INVH,Orlando,"1317 S Mellonville Ave, Sanford, FL, 32771",Orlando,INVH-1317-s-mellonville-ave-32771-102876,3,1.0,1200,1660.0,2026-09-09,20 months,False,,,,,,,,https://www.invitationhomes.com/houses-for-rent/1317-s-mellonville-ave-32771-102876,2026-05-24,2026-09-09,FL,Sanford,,,,,1317-s-mellonville-ave-32771-102876
2026-09-09,INVH,Orlando,"2555 Guiana Plum Drive, Orlando, FL, 32828",Orlando,INVH-2555-guiana-plum-drive-32828-94718,4,2.0,1926,2725.0,2026-10-17,20 months,False,,,,,,,,https://www.invitationhomes.com/houses-for-rent/2555-guiana-plum-drive-32828-94718,2026-09-03,2026-09-09,FL,Orlando,,,,,2555-guiana-plum-drive-32828-94718
2026-09-09,INVH,Orlando,"2159 Heathwood Cir, Orlando, FL, 32828",Orlando,INVH-2159-heathwood-cir-32828-6214,3,2.5,1631,2595.0,2026-09-26,20 months,False,,,,,,,,https://www.invitationhomes.com/houses-for-rent/2159-heathwood-cir-32828-6214,2026-09-03,2026-09-09,FL,Orlando,,,,,2159-heathwood-cir-32828-6214
2026-09-09,INVH,Orlando,"13204 Wild Duck Ct, Orlando, FL, 32828",Orlando,INVH-13204-wild-duck-ct-32828-3428,3,2.0,1587,2370.0,2026-09-09,20 months,False,,,,,,,,https://www.invitationhomes.com/houses-for-rent/13204-wild-duck-ct-32828-3428,2026-07-19,2026-09-09,FL,Orlando,,,,,13204-wild-duck-ct-32828-3428
2026-09-09,INVH,Orlando,"1419 Royal Saint George Dr, Orlando, FL, 32828",Orlando,INVH-1419-royal-saint-george-dr-32828-85805,3,2.0,2032,2849.0,2026-10-16,20 months,False,,,,,,,,https://www.invitationhomes.com/houses-for-rent/1419-royal-saint-george-dr-32828-85805,2026-09-09,2026-09-09,FL,Orlando,,,,,1419-royal-saint-george-dr-32828-85805
2026-09-09,INVH,Orlando,"359 Portstewart Dr, Orlando, FL, 32828",Orlando,INVH-359-portstewart-dr-orlando-fl-32828,4,2.0,2132,2865.0,2026-09-09,20 months,False,,,,,,,,https://www.invitationhomes.com/houses-for-rent/359-portstewart-dr-orlando-fl-32828,2026-07-19,2026-09-09,FL,Orlando,,,,,359-portstewart-dr-orlando-fl-32828
2026-09-09,INVH,Orlando,"12870 Maribou Cir, Orlando, FL, 32828",Orlando,INVH-12870-maribou-cir-32828-83250,4,2.0,2257,2875.0,2026-09-21,20 months,False,,,,,,,,https://www.invitationhomes.com/houses-for-rent/12870-maribou-cir-32828-83250,2026-08-10,2026-09-09,FL,Orlando,,,,,12870-maribou-cir-32828-83250
2026-09-09,INVH,Orlando,"14100 Yellow Wood Cir, Orlando, FL, 32828",Orlando,INVH-14100-yellow-wood-cir-32828-6593,4,2.0,1939,2499.0,2026-09-09,20 months,False,,,,,,,,https://www.invitationhomes.com/houses-for-rent/14100-yellow-wood-cir-32828-6593,2026-07-19,2026-09-09,FL,Orlando,,,,,14100-yellow-wood-cir-32828-6593
2026-09-09,INVH,Orlando,"14140 Waterford Creek Blvd, Orlando, FL, 32828",Orlando,INVH-14140-waterford-creek-blvd-32828-82929,4,2.5,2454,2790.0,2026-09-09,20 months,False,,,,,,,,https://www.invitationhomes.com/houses-for-rent/14140-waterford-creek-blvd-32828-82929,2026-08-10,2026-09-09,FL,Orlando,,,,,14140-waterford-creek-blvd-32828-82929
2026-09-09,INVH,Orlando,"16422 Cedar Run Dr, Orlando, FL, 32828",Orlando,INVH-16422-cedar-run-dr-32828-3027,3,2.0,1655,2449.0,2026-10-05,20 months,False,,,,,,,,https://www.invitationhomes.com/houses-for-rent/16422-cedar-run-dr-32828-3027,2026-08-23,2026-09-09,FL,Orlando,,,,,16422-cedar-run-dr-32828-3027
2026-09-09,INVH,Orlando,"15364 Galbi Dr, Orlando, FL, 32828",Orlando,INVH-15364-galbi-dr-32828-3710,4,2.5,2834,3085.0,2026-09-09,20 months,False,,,,,,,,https://www.invitationhomes.com/houses-for-rent/15364-galbi-dr-32828-3710,2026-07-19,2026-09-09,FL,Orlando,,,,,15364-galbi-dr-32828-3710
2026-09-09,INVH,Orlando,"13507 Glasser Ave, Orlando, FL, 32826",Orlando,INVH-13507-glasser-ave-32826-102697,3,2.0,1170,2249.0,2026-09-30,20 months,False,,,,,,,,https://www.invitationhomes.com/houses-for-rent/13507-glasser-ave-32826-102697,2026-08-16,2026-09-09,FL,Orlando,,,,,13507-glasser-ave-32826-102697
2026-09-09,INVH,Orlando,"2900 Talladega Dr, Orlando, FL, 32826",Orlando,INVH-2900-talladega-dr-32826-3071,3,2.0,1377,2345.0,2026-10-17,20 months,False,,,,,,,,https://www.invitationhomes.com/houses-for-rent/2900-talladega-dr-32826-3071,2026-09-09,2026-09-09,FL,Orlando,,,,,2900-talladega-dr-32826-3071
2026-09-09,INVH,Orlando,"3722 Stonefield Dr, Orlando, FL, 32826",Orlando,INVH-3722-stonefield-dr-orlando-fl-32826,3,2.0,1264,2149.0,2026-09-09,20 months,False,,,,,,,,https://www.invitationhomes.com/houses-for-rent/3722-stonefield-dr-orlando-fl-32826,2026-08-10,2026-09-09,FL,Orlando,,,,,3722-stonefield-dr-orlando-fl-32826
2026-09-09,INVH,Orlando,"1754 Cornerview Ln, Orlando, FL, 32820",Orlando,INVH-1754-cornerview-ln-32820-91667,4,2.5,2800,2680.0,2026-09-09,20 months,False,,,,,,,,https://www.invitationhomes.com/houses-for-rent/1754-cornerview-ln-32820-91667,2026-07-19,2026-09-09,FL,Orlando,,,,,1754-cornerview-ln-32820-91667
2026-09-09,INVH,Orlando,"4419 Northern Dancer Way, Orlando, FL, 32826",Orlando,INVH-4419-northern-dancer-way-32826-1840,4,2.0,1828,2470.0,2026-09-11,20 months,False,,,,,,,,https://www.invitationhomes.com/houses-for-rent/4419-northern-dancer-way-32826-1840,2026-08-23,2026-09-09,FL,Orlando,,,,,4419-northern-dancer-way-32826-1840
2026-09-09,INVH,Orlando,"3688 Becontree Pl, Oviedo, FL, 32765",Orlando,INVH-3688-becontree-pl-oviedo-fl-32765,3,2.0,1813,2520.0,2026-09-09,20 months,False,,,,,,,,https://www.invitationhomes.com/houses-for-rent/3688-becontree-pl-oviedo-fl-32765,2026-07-19,2026-09-09,FL,Oviedo,,,,,3688-becontree-pl-oviedo-fl-32765
2026-09-09,INVH,Orlando,"1009 Dishman Loop, Oviedo, FL, 32765",Orlando,INVH-1009-dishman-loop-32765-82995,4,2.0,2309,2745.0,2026-09-09,20 months,False,,,,,,,,https://www.invitationhomes.com/houses-for-rent/1009-dishman-loop-32765-82995,2026-06-09,2026-09-09,FL,Oviedo,,,,,1009-dishman-loop-32765-82995
2026-09-09,INVH,Orlando,"1054 Providence Ln, Oviedo, FL, 32765",Orlando,INVH-1054-providence-ln-32765-2589,4,2.0,2196,2745.0,2026-10-01,20 months,False,,,,,,,,https://www.invitationhomes.com/houses-for-rent/1054-providence-ln-32765-2589,2026-08-23,2026-09-09,FL,Oviedo,,,,,1054-providence-ln-32765-2589
2026-09-09,INVH,Orlando,"1010 Means Ct, Oviedo, FL, 32765",Orlando,INVH-1010-means-ct-oviedo-fl-32765,3,2.0,1503,2510.0,2026-09-17,20 months,False,,,,,,,,https://www.invitationhomes.com/houses-for-rent/1010-means-ct-oviedo-fl-32765,2026-08-10,2026-09-09,FL,Oviedo,,,,,1010-means-ct-oviedo-fl-32765
2026-09-09,INVH,Orlando,"1024 Burnett St, Oviedo, FL, 32765",Orlando,INVH-1024-burnett-st-oviedo-fl-32765,3,2.0,1328,2299.0,2026-09-09,20 months,False,,,,,,,,https://www.invitationhomes.com/houses-for-rent/1024-burnett-st-oviedo-fl-32765,2026-08-23,2026-09-09,FL,Oviedo,,,,,1024-burnett-st-oviedo-fl-32765
2026-09-09,INVH,Orlando,"1107 Sugarberry Trl, Oviedo, FL, 32765",Orlando,INVH-1107-sugarberry-trl-32765-92572,3,2.0,1610,2615.0,2026-10-20,20 months,False,,,,,,,,https://www.invitationhomes.com/houses-for-rent/1107-sugarberry-trl-32765-92572,2026-09-06,2026-09-09,FL,Oviedo,,,,,1107-sugarberry-trl-32765-92572
2026-09-09,INVH,Orlando,"1043 W Riviera Blvd, Oviedo, FL, 32765",Orlando,INVH-1043-w-riviera-blvd-32765-85598,4,2.0,1652,2495.0,2026-09-15,20 months,False,,,,,,,,https://www.invitationhomes.com/houses-for-rent/1043-w-riviera-blvd-32765-85598,2026-08-10,2026-09-09,FL,Oviedo,,,,,1043-w-riviera-blvd-32765-85598
2026-09-09,INVH,Orlando,"1009 Kasell Pl, Oviedo, FL, 32765",Orlando,INVH-1009-kasell-pl-oviedo-fl-32765,3,2.0,1908,2240.0,2026-09-09,20 months,False,,,,,,,,https://www.invitationhomes.com/houses-for-rent/1009-kasell-pl-oviedo-fl-32765,2026-07-19,2026-09-09,FL,Oviedo,,,,,1009-kasell-pl-oviedo-fl-32765
2026-09-09,INVH,Orlando,"1005 Reynolds Ct, Oviedo, FL, 32765",Orlando,INVH-1005-reynolds-ct-32765-2558,4,2.5,2134,2590.0,2026-09-09,20 months,False,,,,,,,,https://www.invitationhomes.com/houses-for-rent/1005-reynolds-ct-32765-2558,2026-07-19,2026-09-09,FL,Oviedo,,,,,1005-reynolds-ct-32765-2558
2026-09-09,INVH,Tampa,"159 Velveteen Pl, Chuluota, FL, 32766",Tampa,INVH-159-velveteen-pl-32766-6348,4,2.0,1865,2395.0,2026-09-09,20 months,False,,,,,,,,https://www.invitationhomes.com/houses-for-rent/159-velveteen-pl-32766-6348,2026-08-10,2026-09-09,FL,Chuluota,,,,,159-velveteen-pl-32766-6348
2026-09-09,INVH,Orlando,"2126 Darlin Cir, Orlando, FL, 32820",Orlando,INVH-2126-darlin-cir-orlando-fl-32820,3,2.0,1551,2080.0,2026-09-09,20 months,False,,,,,,,,https://www.invitationhomes.com/houses-for-rent/2126-darlin-cir-orlando-fl-32820,2026-06-09,2026-09-09,FL,Orlando,,,,,2126-darlin-cir-orlando-fl-32820
2026-09-09,INVH,Orlando,"1939 Darlin Cir, Orlando, FL, 32820",Orlando,INVH-1939-darlin-cir-orlando-fl-32820,3,2.0,1861,2385.0,2026-09-18,20 months,False,,,,,,,,https://www.invitationhomes.com/houses-for-rent/1939-darlin-cir-orlando-fl-32820,2026-08-23,2026-09-09,FL,Orlando,,,,,1939-darlin-cir-orlando-fl-32820
2026-09-09,INVH,Orlando,"2415 4th St, Orlando, FL, 32820",Orlando,INVH-2415-4th-st-32820-9362,2,1.0,1334,2125.0,2026-10-17,20 months,False,,,,,,,,https://www.invitationhomes.com/houses-for-rent/2415-4th-st-32820-9362,2026-09-03,2026-09-09,FL,Orlando,,,,,2415-4th-st-32820-9362
2026-09-09,INVH,Orlando,"1006 Brielle Ave, Oviedo, FL, 32765",Orlando,INVH-1006-brielle-ave-oviedo-fl-32765,3,2.0,1618,2725.0,2026-09-09,20 months,False,,,,,,,,https://www.invitationhomes.com/houses-for-rent/1006-brielle-ave-oviedo-fl-32765,2026-08-10,2026-09-09,FL,Oviedo,,,,,1006-brielle-ave-oviedo-fl-32765
2026-09-09,INVH,Orlando,"2864 Spring Heather Pl, Oviedo, FL, 32766",Orlando,INVH-2864-spring-heather-pl-oviedo-fl-32766,4,2.5,2257,3199.0,2026-10-17,20 months,False,,,,,,,,https://www.invitationhomes.com/houses-for-rent/2864-spring-heather-pl-oviedo-fl-32766,2026-09-03,2026-09-09,FL,Oviedo,,,,,2864-spring-heather-pl-oviedo-fl-32766
2026-09-09,INVH,Tampa,"4164 Fenrose Cir, Melbourne, FL, 32940",Tampa,INVH-4164-fenrose-cir-32940-8971,4,2.0,2236,2749.0,2026-09-09,20 months,False,,,,,,,,https://www.invitationhomes.com/houses-for-rent/4164-fenrose-cir-32940-8971,2026-08-10,2026-09-09,FL,Melbourne,,,,,4164-fenrose-cir-32940-8971
2026-09-09,INVH,Tampa,"4691 Portage Trl, Melbourne, FL, 32940",Tampa,INVH-4691-portage-trl-32940-90642,3,2.0,1837,2780.0,2026-09-29,20 months,False,,,,,,,,https://www.invitationhomes.com/houses-for-rent/4691-portage-trl-32940-90642,2026-08-16,2026-09-09,FL,Melbourne,,,,,4691-portage-trl-32940-90642
2026-09-09,INVH,Tampa,"813 Lake George Dr, Melbourne, FL, 32940",Tampa,INVH-813-lake-george-dr-32940-6742,4,2.0,1902,2595.0,2026-09-09,20 months,False,,,,,,,,https://www.invitationhomes.com/houses-for-rent/813-lake-george-dr-32940-6742,2026-08-02,2026-09-09,FL,Melbourne,,,,,813-lake-george-dr-32940-6742
2026-09-09,INVH,Tampa,"6897 Blackberry Ct, Melbourne, FL, 32940",Tampa,INVH-6897-blackberry-ct-32940-3035,4,2.0,1500,2385.0,2026-10-14,20 months,False,,,,,,,,https://www.invitationhomes.com/houses-for-rent/6897-blackberry-ct-32940-3035,2026-09-03,2026-09-09,FL,Melbourne,,,,,6897-blackberry-ct-32940-3035
2026-09-09,INVH,Tampa,"1460 Casa Rd, Melbourne, FL, 32940",Tampa,INVH-1460-casa-rd-melbourne-fl-32940,3,2.0,1188,2075.0,2026-09-09,20 months,False,,,,,,,,https://www.invitationhomes.com/houses-for-rent/1460-casa-rd-melbourne-fl-32940,2026-07-19,2026-09-09,FL,Melbourne,,,,,1460-casa-rd-melbourne-fl-32940
2026-09-09,INVH,Tampa,"6097 Indigo Crossing Dr, Rockledge, FL, 32955",Tampa,INVH-6097-indigo-crossing-dr-32955-84585,4,2.0,1911,2725.0,2026-09-10,20 months,False,,,,,,,,https://www.invitationhomes.com/houses-for-rent/6097-indigo-crossing-dr-32955-84585,2026-08-10,2026-09-09,FL,Rockledge,,,,,6097-indigo-crossing-dr-32955-84585
2026-09-09,INVH,Tampa,"4966 Worthington Cir, Rockledge, FL, 32955",Tampa,INVH-4966-worthington-cir-32955-83618,3,2.0,1756,2445.0,2026-10-02,20 months,False,,,,,,,,https://www.invitationhomes.com/houses-for-rent/4966-worthington-cir-32955-83618,2026-08-23,2026-09-09,FL,Rockledge,,,,,4966-worthington-cir-32955-83618
2026-09-09,INVH,Tampa,"2107 Deercroft Dr, Melbourne, FL, 32940",Tampa,INVH-2107-deercroft-dr-32940-83004,4,2.0,1902,2520.0,2026-09-09,20 months,False,,,,,,,,https://www.invitationhomes.com/houses-for-rent/2107-deercroft-dr-32940-83004,2026-04-04,2026-09-09,FL,Melbourne,,,,,2107-deercroft-dr-32940-83004
2026-09-09,INVH,Tampa,"2957 Sebastian Ln, Melbourne, FL, 32935",Tampa,INVH-2957-sebastian-ln-32935-87433,3,2.0,1596,2445.0,2026-09-15,20 months,False,,,,,,,,https://www.invitationhomes.com/houses-for-rent/2957-sebastian-ln-32935-87433,2026-08-10,2026-09-09,FL,Melbourne,,,,,2957-sebastian-ln-32935-87433
2026-09-09,INVH,Tampa,"2920 Pebble Creek St, Melbourne, FL, 32935",Tampa,INVH-2920-pebble-creek-st-32935-87300,3,2.0,1530,2380.0,2026-10-17,20 months,False,,,,,,,,https://www.invitationhomes.com/houses-for-rent/2920-pebble-creek-st-32935-87300,2026-07-19,2026-09-09,FL,Melbourne,,,,,2920-pebble-creek-st-32935-87300
2026-09-09,INVH,Tampa,"4835 Erin Ln, Melbourne, FL, 32940",Tampa,INVH-4835-erin-ln-32940-8342,3,2.0,1785,2445.0,2026-09-25,20 months,False,,,,,,,,https://www.invitationhomes.com/houses-for-rent/4835-erin-ln-32940-8342,2026-08-16,2026-09-09,FL,Melbourne,,,,,4835-erin-ln-32940-8342
2026-09-09,INVH,Tampa,"4403 Gamwell Dr, Melbourne, FL, 32935",Tampa,INVH-4403-gamwell-dr-32935-4175,4,2.0,1171,2010.0,2026-09-16,20 months,False,,,,,,,,https://www.invitationhomes.com/houses-for-rent/4403-gamwell-dr-32935-4175,2026-08-02,2026-09-09,FL,Melbourne,,,,,4403-gamwell-dr-32935-4175
2026-09-09,INVH,Tampa,"4992 Outlook Dr, Melbourne, FL, 32940",Tampa,INVH-4992-outlook-dr-32940-3351,4,2.0,2032,2790.0,2026-09-11,20 months,False,,,,,,,,https://www.invitationhomes.com/houses-for-rent/4992-outlook-dr-32940-3351,2026-08-10,2026-09-09,FL,Melbourne,,,,,4992-outlook-dr-32940-3351
2026-09-09,INVH,Tampa,"551 Cressa Cir, Cocoa, FL, 32926",Tampa,INVH-551-cressa-cir-cocoa-fl-32926,3,2.0,1957,2395.0,2026-10-17,20 months,False,,,,,,,,https://www.invitationhomes.com/houses-for-rent/551-cressa-cir-cocoa-fl-32926,2026-09-03,2026-09-09,FL,Cocoa,,,,,551-cressa-cir-cocoa-fl-32926
2026-09-09,INVH,Tampa,"632 Cressa Cir, Cocoa, FL, 32926",Tampa,INVH-632-cressa-cir-cocoa-fl-32926,3,2.0,2010,2295.0,2026-10-01,20 months,False,,,,,,,,https://www.invitationhomes.com/houses-for-rent/632-cressa-cir-cocoa-fl-32926,2026-08-23,2026-09-09,FL,Cocoa,,,,,632-cressa-cir-cocoa-fl-32926
2026-09-09,INVH,Tampa,"1450 Mycroft Dr, Cocoa, FL, 32926",Tampa,INVH-1450-mycroft-dr-cocoa-fl-32926,3,2.0,1874,2110.0,2026-09-09,20 months,False,,,,,,,,https://www.invitationhomes.com/houses-for-rent/1450-mycroft-dr-cocoa-fl-32926,2026-07-19,2026-09-09,FL,Cocoa,,,,,1450-mycroft-dr-cocoa-fl-32926
2026-09-09,INVH,Tampa,"4924 Corfu Dr, Cocoa, FL, 32926",Tampa,INVH-4924-corfu-dr-32926-2270,4,3.0,2405,3010.0,2026-09-16,20 months,False,,,,,,,,https://www.invitationhomes.com/houses-for-rent/4924-corfu-dr-32926-2270,2026-09-03,2026-09-09,FL,Cocoa,,,,,4924-corfu-dr-32926-2270
2026-09-09,INVH,Tampa,"3263 Hawthorne Ave, Rockledge, FL, 32955",Tampa,INVH-3263-hawthorne-ave-32955-90459,4,2.0,2186,2745.0,2026-09-09,20 months,False,,,,,,,,https://www.invitationhomes.com/houses-for-rent/3263-hawthorne-ave-32955-90459,2026-08-10,2026-09-09,FL,Rockledge,,,,,3263-hawthorne-ave-32955-90459
2026-09-09,INVH,Tampa,"1005 Pelican Ln, Rockledge, FL, 32955",Tampa,INVH-1005-pelican-ln-32955-92803,3,2.0,1834,2495.0,2026-10-22,20 months,False,,,,,,,,https://www.invitationhomes.com/houses-for-rent/1005-pelican-ln-32955-92803,2026-09-09,2026-09-09,FL,Rockledge,,,,,1005-pelican-ln-32955-92803
2026-09-09,INVH,Tampa,"985 Riviera Point Dr, Rockledge, FL, 32955",Tampa,INVH-985-riviera-point-dr-32955-92642,3,2.0,1706,2520.0,2026-09-09,20 months,False,,,,,,,,https://www.invitationhomes.com/houses-for-rent/985-riviera-point-dr-32955-92642,2026-08-16,2026-09-09,FL,Rockledge,,,,,985-riviera-point-dr-32955-92642
2026-09-09,INVH,Tampa,"4750 Byron St, Cocoa, FL, 32927",Tampa,INVH-4750-byron-st-cocoa-fl-32927,4,2.0,1624,2495.0,2026-09-21,20 months,False,,,,,,,,https://www.invitationhomes.com/houses-for-rent/4750-byron-st-cocoa-fl-32927,2026-08-16,2026-09-09,FL,Cocoa,,,,,4750-byron-st-cocoa-fl-32927
2026-09-09,INVH,Tampa,"4490 Camberly St, Cocoa, FL, 32927",Tampa,INVH-4490-camberly-st-cocoa-fl-32927,3,2.0,1266,2190.0,2026-09-09,20 months,False,,,,,,,,https://www.invitationhomes.com/houses-for-rent/4490-camberly-st-cocoa-fl-32927,2026-08-16,2026-09-09,FL,Cocoa,,,,,4490-camberly-st-cocoa-fl-32927
2026-09-09,INVH,Tampa,"4415 Hood Ave, Titusville, FL, 32780",Tampa,INVH-4415-hood-ave-32780-1510,3,1.5,1040,1795.0,2026-09-16,20 months,False,,,,,,,,https://www.invitationhomes.com/houses-for-rent/4415-hood-ave-32780-1510,2026-09-03,2026-09-09,FL,Titusville,,,,,4415-hood-ave-32780-1510
2026-09-09,INVH,Tampa,"600 Sunrise Dr, Titusville, FL, 32780",Tampa,INVH-600-sunrise-dr-32780-2221,3,2.0,1108,1875.0,2026-10-17,20 months,False,,,,,,,,https://www.invitationhomes.com/houses-for-rent/600-sunrise-dr-32780-2221,2026-09-09,2026-09-09,FL,Titusville,,,,,600-sunrise-dr-32780-2221
2026-09-09,INVH,Tampa,"2910 Brandywine Cir, Titusville, FL, 32796",Tampa,INVH-2910-brandywine-cir-32796-9059,3,2.0,1908,2395.0,2026-09-17,20 months,False,,,,,,,,https://www.invitationhomes.com/houses-for-rent/2910-brandywine-cir-32796-9059,2026-08-02,2026-09-09,FL,Titusville,,,,,2910-brandywine-cir-32796-9059
2026-09-09,INVH,Tampa,"391 Oak Springs Ct, Debary, FL, 32713",Tampa,INVH-391-oak-springs-ct-debary-fl-32713,4,3.0,2713,3185.0,2026-10-14,20 months,False,,,,,,,,https://www.invitationhomes.com/houses-for-rent/391-oak-springs-ct-debary-fl-32713,2026-09-03,2026-09-09,FL,Debary,,,,,391-oak-springs-ct-debary-fl-32713
2026-09-09,INVH,Tampa,"2 Juniper Ln, Debary, FL, 32713",Tampa,INVH-2-juniper-ln-32713-8788,4,3.0,1909,2375.0,2026-09-17,20 months,False,,,,,,,,https://www.invitationhomes.com/houses-for-rent/2-juniper-ln-32713-8788,2026-08-02,2026-09-09,FL,Debary,,,,,2-juniper-ln-32713-8788
2026-09-09,INVH,Orlando,"1105 Gerona Ave, Deltona, FL, 32725",Orlando,INVH-1105-gerona-ave-32725-3235,3,2.0,1771,1995.0,2026-10-22,20 months,False,,,,,,,,https://www.invitationhomes.com/houses-for-rent/1105-gerona-ave-32725-3235,2026-09-09,2026-09-09,FL,Deltona,,,,,1105-gerona-ave-32725-3235
2026-09-09,INVH,Orlando,"1324 W Hartley Cir, Deltona, FL, 32725",Orlando,INVH-1324-w-hartley-cir-deltona-fl-32725,3,2.0,1346,1945.0,2026-09-09,20 months,False,,,,,,,,https://www.invitationhomes.com/houses-for-rent/1324-w-hartley-cir-deltona-fl-32725,2026-07-19,2026-09-09,FL,Deltona,,,,,1324-w-hartley-cir-deltona-fl-32725
2026-09-09,INVH,Orlando,"896 McKenny Ave, Deltona, FL, 32725",Orlando,INVH-896-mckenny-ave-32725-2781,3,2.0,1122,1820.0,2026-09-09,20 months,False,,,,,,,,https://www.invitationhomes.com/houses-for-rent/896-mckenny-ave-32725-2781,2026-08-02,2026-09-09,FL,Deltona,,,,,896-mckenny-ave-32725-2781
2026-09-09,INVH,Orlando,"1942 Kirkwood St, Deltona, FL, 32738",Orlando,INVH-1942-kirkwood-st-32738-6701,3,2.0,1566,2125.0,2026-09-09,20 months,False,,,,,,,,https://www.invitationhomes.com/houses-for-rent/1942-kirkwood-st-32738-6701,2026-08-10,2026-09-09,FL,Deltona,,,,,1942-kirkwood-st-32738-6701
2026-09-09,INVH,Orlando,"1556 Deerfield Ave, Deltona, FL, 32725",Orlando,INVH-1556-deerfield-ave-32725-6479,4,3.0,1831,2295.0,2026-09-25,20 months,False,,,,,,,,https://www.invitationhomes.com/houses-for-rent/1556-deerfield-ave-32725-6479,2026-08-16,2026-09-09,FL,Deltona,,,,,1556-deerfield-ave-32725-6479
2026-09-09,INVH,Orlando,"1395 Valhalla St, Deltona, FL, 32725",Orlando,INVH-1395-valhalla-st-32725-1076,4,2.0,2104,2395.0,2026-09-09,20 months,False,,,,,,,,https://www.invitationhomes.com/houses-for-rent/1395-valhalla-st-32725-1076,2026-07-19,2026-09-09,FL,Deltona,,,,,1395-valhalla-st-32725-1076
2026-09-09,INVH,Orlando,"1971 Matico Ave, Deltona, FL, 32725",Orlando,INVH-1971-matico-ave-deltona-fl-32725,3,2.0,1329,2060.0,2026-09-09,20 months,False,,,,,,,,https://www.invitationhomes.com/houses-for-rent/1971-matico-ave-deltona-fl-32725,2026-08-10,2026-09-09,FL,Deltona,,,,,1971-matico-ave-deltona-fl-32725
2026-09-09,INVH,Orlando,"2589 Auburndale St, Deltona, FL, 32725",Orlando,INVH-2589-auburndale-st-32725-5363,3,2.0,1349,1945.0,2026-10-18,20 months,False,,,,,,,,https://www.invitationhomes.com/houses-for-rent/2589-auburndale-st-32725-5363,2026-09-03,2026-09-09,FL,Deltona,,,,,2589-auburndale-st-32725-5363
2026-09-09,INVH,Orlando,"3214 Glenmeadow Ter, Deltona, FL, 32725",Orlando,INVH-3214-glenmeadow-ter-32725-9709,3,2.0,1817,1999.0,2026-10-17,21 months,False,,,,,,,,https://www.invitationhomes.com/houses-for-rent/3214-glenmeadow-ter-32725-9709,2026-09-03,2026-09-09,FL,Deltona,,,,,3214-glenmeadow-ter-32725-9709
2026-09-09,INVH,Tampa,"1402 Whispering Woods Way, Deland, FL, 32724",Tampa,INVH-1402-whispering-woods-way-32724-8746,4,2.0,2482,2435.0,2026-09-09,20 months,False,,,,,,,,https://www.invitationhomes.com/houses-for-rent/1402-whispering-woods-way-32724-8746,2026-06-14,2026-09-09,FL,Deland,,,,,1402-whispering-woods-way-32724-8746
2026-09-09,INVH,Tampa,"2301 Litchfield Loop, Deland, FL, 32720",Tampa,INVH-2301-litchfield-loop-32720-92992,4,3.0,2260,2675.0,2026-10-09,20 months,False,,,,,,,,https://www.invitationhomes.com/houses-for-rent/2301-litchfield-loop-32720-92992,2026-09-03,2026-09-09,FL,Deland,,,,,2301-litchfield-loop-32720-92992
2026-09-09,INVH,Tampa,"238 Duke Dr, Deland, FL, 32724",Tampa,INVH-238-duke-dr-32724-88704,4,2.0,1828,2540.0,2026-10-18,20 months,False,,,,,,,,https://www.invitationhomes.com/houses-for-rent/238-duke-dr-32724-88704,2026-07-19,2026-09-09,FL,Deland,,,,,238-duke-dr-32724-88704
2026-09-09,INVH,Tampa,"4061 Tug Hill Ln, Osteen, FL, 32764",Tampa,INVH-4061-tug-hill-ln-32764-116656,4,2.0,1817,2199.0,2026-10-17,24 months,False,,,,,,,,https://www.invitationhomes.com/houses-for-rent/4061-tug-hill-ln-32764-116656,2026-09-03,2026-09-09,FL,Osteen,,,,,4061-tug-hill-ln-32764-116656
2026-09-09,INVH,Orlando,"2469 Sheffield Dr, Deltona, FL, 32738",Orlando,INVH-2469-sheffield-dr-deltona-fl-32738,3,2.0,1349,2095.0,2026-09-24,20 months,False,,,,,,,,https://www.invitationhomes.com/houses-for-rent/2469-sheffield-dr-deltona-fl-32738,2026-08-23,2026-09-09,FL,Deltona,,,,,2469-sheffield-dr-deltona-fl-32738
2026-09-09,INVH,Orlando,"1082 Leeward Dr, Deltona, FL, 32738",Orlando,INVH-1082-leeward-dr-32738-9600,3,2.0,1210,1799.0,2026-09-09,21 months,False,,,,,,,,https://www.invitationhomes.com/houses-for-rent/1082-leeward-dr-32738-9600,2026-06-09,2026-09-09,FL,Deltona,,,,,1082-leeward-dr-32738-9600
2026-09-09,INVH,Orlando,"2246 Matthew Cir, Deltona, FL, 32738",Orlando,INVH-2246-matthew-cir-32738-3030,3,2.0,1535,2040.0,2026-09-09,20 months,False,,,,,,,,https://www.invitationhomes.com/houses-for-rent/2246-matthew-cir-32738-3030,2026-07-19,2026-09-09,FL,Deltona,,,,,2246-matthew-cir-32738-3030
2026-09-09,INVH,Orlando,"2709 Windsor Heights St, Deltona, FL, 32738",Orlando,INVH-2709-windsor-heights-st-deltona-fl-32738,3,2.0,1307,1920.0,2026-10-17,20 months,False,,,,,,,,https://www.invitationhomes.com/houses-for-rent/2709-windsor-heights-st-deltona-fl-32738,2026-09-03,2026-09-09,FL,Deltona,,,,,2709-windsor-heights-st-deltona-fl-32738
2026-09-09,INVH,Orlando,"1727 Mitten Ter, Deltona, FL, 32738",Orlando,INVH-1727-mitten-ter-deltona-fl-32738,4,2.0,2242,2330.0,2026-10-04,20 months,False,,,,,,,,https://www.invitationhomes.com/houses-for-rent/1727-mitten-ter-deltona-fl-32738,2026-07-19,2026-09-09,FL,Deltona,,,,,1727-mitten-ter-deltona-fl-32738
2026-09-09,INVH,Orlando,"1871 Rio Ct, Deltona, FL, 32738",Orlando,INVH-1871-rio-ct-32738-7729,4,2.0,2351,2345.0,2026-10-01,20 months,False,,,,,,,,https://www.invitationhomes.com/houses-for-rent/1871-rio-ct-32738-7729,2026-08-23,2026-09-09,FL,Deltona,,,,,1871-rio-ct-32738-7729
2026-09-09,INVH,Orlando,"2454 Hope Ave, Deltona, FL, 32738",Orlando,INVH-2454-hope-ave-32738-8207,3,2.0,1344,1799.0,2026-09-09,21 months,False,,,,,,,,https://www.invitationhomes.com/houses-for-rent/2454-hope-ave-32738-8207,2026-07-19,2026-09-09,FL,Deltona,,,,,2454-hope-ave-32738-8207
2026-09-09,INVH,Tampa,"3103 Lime Tree Dr, Edgewater, FL, 32141",Tampa,INVH-3103-lime-tree-dr-32141-7499,3,2.0,1316,1895.0,2026-09-30,20 months,False,,,,,,,,https://www.invitationhomes.com/houses-for-rent/3103-lime-tree-dr-32141-7499,2026-09-03,2026-09-09,FL,Edgewater,,,,,3103-lime-tree-dr-32141-7499
2026-09-09,INVH,Tampa,"2907 Juniper Dr, Edgewater, FL, 32141",Tampa,INVH-2907-juniper-dr-edgewater-fl-32141,3,2.0,1370,1945.0,2026-10-02,20 months,False,,,,,,,,https://www.invitationhomes.com/houses-for-rent/2907-juniper-dr-edgewater-fl-32141,2026-08-23,2026-09-09,FL,Edgewater,,,,,2907-juniper-dr-edgewater-fl-32141
2026-09-09,INVH,Orlando,"3367 Medici Blvd, New Smyrna Beach, FL, 32168",Orlando,INVH-3367-medici-blvd-new-smyrna-beach-fl-32168,4,2.0,1662,2349.0,2026-09-25,20 months,False,,,,,,,,https://www.invitationhomes.com/houses-for-rent/3367-medici-blvd-new-smyrna-beach-fl-32168,2026-08-16,2026-09-09,FL,New Smyrna Beach,,,,,3367-medici-blvd-new-smyrna-beach-fl-32168
2026-09-09,INVH,Orlando,"800 Corbin Park Rd, New Smyrna Beach, FL, 32168",Orlando,INVH-800-corbin-park-rd-32168-2185,3,2.0,2066,2895.0,2026-09-17,20 months,False,,,,,,,,https://www.invitationhomes.com/houses-for-rent/800-corbin-park-rd-32168-2185,2026-09-03,2026-09-09,FL,New Smyrna Beach,,,,,800-corbin-park-rd-32168-2185
2026-09-09,INVH,Orlando,"2720 Turnbull Estates Dr, New Smyrna Beach, FL, 32168",Orlando,INVH-2720-turnbull-estates-dr-new-smyrna-beach-fl-32168,3,2.0,1942,2449.0,2026-09-09,20 months,False,,,,,,,,https://www.invitationhomes.com/houses-for-rent/2720-turnbull-estates-dr-new-smyrna-beach-fl-32168,2026-07-19,2026-09-09,FL,New Smyrna Beach,,,,,2720-turnbull-estates-dr-new-smyrna-beach-fl-32168
2026-09-09,INVH,Tampa,"55 Reidsville Dr, Palm Coast, FL, 32164",Tampa,INVH-55-reidsville-dr-32164-121348,3,2.0,1655,2030.0,2026-10-16,21 months,False,,,,,,,,https://www.invitationhomes.com/houses-for-rent/55-reidsville-dr-32164-121348,2026-09-03,2026-09-09,FL,Palm Coast,,,,,55-reidsville-dr-32164-121348
2026-09-09,INVH,Tampa,"18 Saddlers Run, Ormond Beach, FL, 32174",Tampa,INVH-18-saddlers-run-ormond-beach-fl-32174,3,2.0,1788,2620.0,2026-09-09,20 months,False,,,,,,,,https://www.invitationhomes.com/houses-for-rent/18-saddlers-run-ormond-beach-fl-32174,2026-08-10,2026-09-09,FL,Ormond Beach,,,,,18-saddlers-run-ormond-beach-fl-32174
2026-09-09,INVH,Orlando,"270 Dahoon Holly Dr, Daytona Beach, FL, 32117",Orlando,INVH-270-dahoon-holly-dr-daytona-beach-fl-32117,4,2.0,1922,2290.0,2026-09-09,20 months,False,,,,,,,,https://www.invitationhomes.com/houses-for-rent/270-dahoon-holly-dr-daytona-beach-fl-32117,2026-07-19,2026-09-09,FL,Daytona Beach,,,,,270-dahoon-holly-dr-daytona-beach-fl-32117
2026-09-09,INVH,Tampa,"53 Bella Vita Way, Ormond Beach, FL, 32174",Tampa,INVH-53-bella-vita-way-32174-102981,3,2.5,1681,2025.0,2026-09-09,20 months,False,,,,,,,,https://www.invitationhomes.com/houses-for-rent/53-bella-vita-way-32174-102981,2026-06-09,2026-09-09,FL,Ormond Beach,,,,,53-bella-vita-way-32174-102981
2026-09-09,INVH,Tampa,"27 Volunteer Ln, Ormond Beach, FL, 32174",Tampa,INVH-27-volunteer-ln-ormond-beach-fl-32174,3,2.0,1945,2495.0,2026-10-01,20 months,False,,,,,,,,https://www.invitationhomes.com/houses-for-rent/27-volunteer-ln-ormond-beach-fl-32174,2026-08-23,2026-09-09,FL,Ormond Beach,,,,,27-volunteer-ln-ormond-beach-fl-32174
2026-09-09,INVH,Tampa,"1121 Hartbourne Ln, Ormond Beach, FL, 32174",Tampa,INVH-1121-hartbourne-ln-ormond-beach-fl-32174,3,2.0,1760,2480.0,2026-09-18,20 months,False,,,,,,,,https://www.invitationhomes.com/houses-for-rent/1121-hartbourne-ln-ormond-beach-fl-32174,2026-08-10,2026-09-09,FL,Ormond Beach,,,,,1121-hartbourne-ln-ormond-beach-fl-32174
2026-09-09,INVH,Tampa,"28 Sea Breeze Trl, Palm Coast, FL, 32164",Tampa,INVH-28-sea-breeze-trl-32164-122736,4,2.0,1809,2199.0,2026-10-13,21 months,False,,,,,,,,https://www.invitationhomes.com/houses-for-rent/28-sea-breeze-trl-32164-122736,2026-09-03,2026-09-09,FL,Palm Coast,,,,,28-sea-breeze-trl-32164-122736
2026-09-09,INVH,Tampa,"3 Fleet PL, Palm Coast, FL, 32137",Tampa,INVH-3-fleet-pl-32137-123185,4,2.0,1809,2240.0,2026-09-29,21 months,False,,,,,,,,https://www.invitationhomes.com/houses-for-rent/3-fleet-pl-32137-123185,2026-08-16,2026-09-09,FL,Palm Coast,,,,,3-fleet-pl-32137-123185
2026-09-09,INVH,Tampa,"590 Morgans Treasure Rd, Saint Augustine, FL, 32084",Tampa,INVH-590-morgans-treasure-rd-32084-96253,3,2.5,1790,2335.0,2026-09-09,21 months,False,,,,,,,,https://www.invitationhomes.com/houses-for-rent/590-morgans-treasure-rd-32084-96253,2026-08-16,2026-09-09,FL,Saint Augustine,,,,,590-morgans-treasure-rd-32084-96253
2026-09-09,INVH,Jacksonville,"210 Sawmill Landing Dr, St. Augustine, FL, 32086",Jacksonville,INVH-210-sawmill-landing-dr-32086-102559,3,2.5,1876,2295.0,2026-09-09,21 months,False,,,,,,,,https://www.invitationhomes.com/houses-for-rent/210-sawmill-landing-dr-32086-102559,2026-08-10,2026-09-09,FL,St. Augustine,,,,,210-sawmill-landing-dr-32086-102559
2026-09-09,INVH,Tampa,"284 Timberwood Dr, Saint Augustine, FL, 32084",Tampa,INVH-284-timberwood-dr-32084-8649,4,2.0,1796,2310.0,2026-10-17,21 months,False,,,,,,,,https://www.invitationhomes.com/houses-for-rent/284-timberwood-dr-32084-8649,2026-09-03,2026-09-09,FL,Saint Augustine,,,,,284-timberwood-dr-32084-8649
2026-09-09,INVH,Tampa,"104 Moultrie Crossing Ln, Saint Augustine, FL, 32086",Tampa,INVH-104-moultrie-crossing-ln-32086-5055,3,2.0,2276,2360.0,2026-09-09,21 months,False,,,,,,,,https://www.invitationhomes.com/houses-for-rent/104-moultrie-crossing-ln-32086-5055,2026-07-19,2026-09-09,FL,Saint Augustine,,,,,104-moultrie-crossing-ln-32086-5055
2026-09-09,INVH,Tampa,"2309 Bluegill Ct, Saint Augustine, FL, 32092",Tampa,INVH-2309-bluegill-ct-32092-3465,4,2.0,2300,2495.0,2026-10-20,21 months,False,,,,,,,,https://www.invitationhomes.com/houses-for-rent/2309-bluegill-ct-32092-3465,2026-09-06,2026-09-09,FL,Saint Augustine,,,,,2309-bluegill-ct-32092-3465
2026-09-09,INVH,Jacksonville,"1348 Nochaway Dr, St. Augustine, FL, 32092",Jacksonville,INVH-1348-nochaway-dr-32092-102591,4,2.0,1844,2295.0,2026-09-09,21 months,False,,,,,,,,https://www.invitationhomes.com/houses-for-rent/1348-nochaway-dr-32092-102591,2026-06-09,2026-09-09,FL,St. Augustine,,,,,1348-nochaway-dr-32092-102591
2026-09-09,INVH,Tampa,"632 W Johns Creek Pkwy, Saint Augustine, FL, 32092",Tampa,INVH-632-w-johns-creek-pkwy-32092-4698,4,2.0,2005,2515.0,2026-09-09,21 months,False,,,,,,,,https://www.invitationhomes.com/houses-for-rent/632-w-johns-creek-pkwy-32092-4698,2026-08-10,2026-09-09,FL,Saint Augustine,,,,,632-w-johns-creek-pkwy-32092-4698
2026-09-09,INVH,Tampa,"316 Southlake Dr, Saint Augustine, FL, 32092",Tampa,INVH-316-southlake-dr-32092-8531,3,2.0,1641,2045.0,2026-09-09,21 months,False,,,,,,,,https://www.invitationhomes.com/houses-for-rent/316-southlake-dr-32092-8531,2026-08-16,2026-09-09,FL,Saint Augustine,,,,,316-southlake-dr-32092-8531
2026-09-09,INVH,Tampa,"251 Prince Phillip Dr, Saint Augustine, FL, 32092",Tampa,INVH-251-prince-phillip-dr-32092-7510,6,4.0,3492,3395.0,2026-09-29,21 months,False,,,,,,,,https://www.invitationhomes.com/houses-for-rent/251-prince-phillip-dr-32092-7510,2026-08-16,2026-09-09,FL,Saint Augustine,,,,,251-prince-phillip-dr-32092-7510
2026-09-09,INVH,Tampa,"662 Hannah Park Ln, Saint Augustine, FL, 32095",Tampa,INVH-662-hannah-park-ln-saint-augustine-fl-32095,5,4.0,2730,2995.0,2026-10-14,21 months,False,,,,,,,,https://www.invitationhomes.com/houses-for-rent/662-hannah-park-ln-saint-augustine-fl-32095,2026-09-03,2026-09-09,FL,Saint Augustine,,,,,662-hannah-park-ln-saint-augustine-fl-32095
2026-09-09,INVH,Tampa,"1108 Ashfield Way, Saint Johns, FL, 32259",Tampa,INVH-1108-ashfield-way-32259-7994,4,2.0,2275,2745.0,2026-10-11,21 months,False,,,,,,,,https://www.invitationhomes.com/houses-for-rent/1108-ashfield-way-32259-7994,2026-09-03,2026-09-09,FL,Saint Johns,,,,,1108-ashfield-way-32259-7994
2026-09-09,INVH,Tampa,"112 Savanna Preserve Ct, Saint Augustine, FL, 32095",Tampa,INVH-112-savanna-preserve-ct-32095-92476,4,2.0,1846,2699.0,2026-10-22,21 months,False,,,,,,,,https://www.invitationhomes.com/houses-for-rent/112-savanna-preserve-ct-32095-92476,2026-09-09,2026-09-09,FL,Saint Augustine,,,,,112-savanna-preserve-ct-32095-92476
2026-09-09,INVH,Tampa,"153 Old Fort Trl, St Johns, FL, 32259",Tampa,INVH-153-old-fort-trl-32259-118726,4,2.5,1875,3149.0,2026-09-09,24 months,False,,,,,,,,https://www.invitationhomes.com/houses-for-rent/153-old-fort-trl-32259-118726,2026-09-03,2026-09-09,FL,St Johns,,,,,153-old-fort-trl-32259-118726
2026-09-09,INVH,Jacksonville,"14545 Needham Dr, Jacksonville, FL, 32256",Jacksonville,INVH-14545-needham-dr-32256-113269,3,2.0,1537,2430.0,2026-09-09,21 months,False,,,,,,,,https://www.invitationhomes.com/houses-for-rent/14545-needham-dr-32256-113269,2026-08-02,2026-09-09,FL,Jacksonville,,,,,14545-needham-dr-32256-113269
2026-09-09,INVH,Tampa,"175 Woodland Greens Dr, Ponte Vedra, FL, 32081",Tampa,INVH-175-woodland-greens-dr-32081-2911,4,2.0,1838,2730.0,2026-09-09,21 months,False,,,,,,,,https://www.invitationhomes.com/houses-for-rent/175-woodland-greens-dr-32081-2911,2026-07-19,2026-09-09,FL,Ponte Vedra,,,,,175-woodland-greens-dr-32081-2911
2026-09-09,INVH,Tampa,"1620 Merroway Ln, Ponte Vedra, FL, 32081",Tampa,INVH-1620-merroway-ln-ponte-vedra-fl-32081,5,3.0,2444,2790.0,2026-09-11,21 months,False,,,,,,,,https://www.invitationhomes.com/houses-for-rent/1620-merroway-ln-ponte-vedra-fl-32081,2026-07-19,2026-09-09,FL,Ponte Vedra,,,,,1620-merroway-ln-ponte-vedra-fl-32081
2026-09-09,INVH,Jacksonville,"117 Aspen Leaf Dr, Jacksonville, FL, 32081",Jacksonville,INVH-117-aspen-leaf-dr-32081-112069,3,2.0,2126,2695.0,2026-10-05,21 months,False,,,,,,,,https://www.invitationhomes.com/houses-for-rent/117-aspen-leaf-dr-32081-112069,2026-08-23,2026-09-09,FL,Jacksonville,,,,,117-aspen-leaf-dr-32081-112069
2026-09-09,INVH,Jacksonville,"7624 Fawn Lake Dr N, Jacksonville, FL, 32256",Jacksonville,INVH-7624-fawn-lake-dr-n-jacksonville-fl-32256,3,2.0,1906,2295.0,2026-10-14,21 months,False,,,,,,,,https://www.invitationhomes.com/houses-for-rent/7624-fawn-lake-dr-n-jacksonville-fl-32256,2026-09-03,2026-09-09,FL,Jacksonville,,,,,7624-fawn-lake-dr-n-jacksonville-fl-32256
2026-09-09,INVH,Jacksonville,"9248 Starpass Dr, Jacksonville, FL, 32256",Jacksonville,INVH-9248-starpass-dr-jacksonville-fl-32256,4,3.0,2802,3290.0,2026-10-21,21 months,False,,,,,,,,https://www.invitationhomes.com/houses-for-rent/9248-starpass-dr-jacksonville-fl-32256,2026-09-06,2026-09-09,FL,Jacksonville,,,,,9248-starpass-dr-jacksonville-fl-32256
2026-09-09,INVH,Jacksonville,"4549 Cobblefield Cir E, Jacksonville, FL, 32224",Jacksonville,INVH-4549-cobblefield-cir-e-jacksonville-fl-32224,3,2.0,1430,2140.0,2026-09-11,21 months,False,,,,,,,,https://www.invitationhomes.com/houses-for-rent/4549-cobblefield-cir-e-jacksonville-fl-32224,2026-08-10,2026-09-09,FL,Jacksonville,,,,,4549-cobblefield-cir-e-jacksonville-fl-32224
2026-09-09,INVH,Jacksonville,"12579 Bent Bay Trl, Jacksonville, FL, 32224",Jacksonville,INVH-12579-bent-bay-trl-32224-1958,4,2.0,1855,2660.0,2026-09-09,21 months,False,,,,,,,,https://www.invitationhomes.com/houses-for-rent/12579-bent-bay-trl-32224-1958,2026-08-10,2026-09-09,FL,Jacksonville,,,,,12579-bent-bay-trl-32224-1958
2026-09-09,INVH,Jacksonville,"10345 Driftwood Rd, Jacksonville, FL, 32246",Jacksonville,INVH-10345-driftwood-rd-32246-102295,3,2.0,1385,1725.0,2026-09-09,21 months,False,,,,,,,,https://www.invitationhomes.com/houses-for-rent/10345-driftwood-rd-32246-102295,2026-05-17,2026-09-09,FL,Jacksonville,,,,,10345-driftwood-rd-32246-102295
2026-09-09,INVH,Jacksonville,"4113 Ripken Cir E, Jacksonville, FL, 32224",Jacksonville,INVH-4113-ripken-cir-e-jacksonville-fl-32224,3,2.0,1858,2685.0,2026-10-17,21 months,False,,,,,,,,https://www.invitationhomes.com/houses-for-rent/4113-ripken-cir-e-jacksonville-fl-32224,2026-09-09,2026-09-09,FL,Jacksonville,,,,,4113-ripken-cir-e-jacksonville-fl-32224
2026-09-09,INVH,Jacksonville,"12480 Ruxton Green Ln, Jacksonville, FL, 32246",Jacksonville,INVH-12480-ruxton-green-ln-jacksonville-fl-32246,3,2.0,1234,1985.0,2026-10-07,21 months,False,,,,,,,,https://www.invitationhomes.com/houses-for-rent/12480-ruxton-green-ln-jacksonville-fl-32246,2026-09-03,2026-09-09,FL,Jacksonville,,,,,12480-ruxton-green-ln-jacksonville-fl-32246
2026-09-09,INVH,Jacksonville,"158 Annandale Dr E, Jacksonville, FL, 32225",Jacksonville,INVH-158-annandale-dr-e-jacksonville-fl-32225,3,2.0,1542,2280.0,2026-09-09,21 months,False,,,,,,,,https://www.invitationhomes.com/houses-for-rent/158-annandale-dr-e-jacksonville-fl-32225,2026-08-10,2026-09-09,FL,Jacksonville,,,,,158-annandale-dr-e-jacksonville-fl-32225
2026-09-09,INVH,Jacksonville,"1627 Bentin Dr S, Jacksonville Beach, FL, 32250",Jacksonville,INVH-1627-bentin-dr-s-jacksonville-beach-fl-32250,4,2.0,1880,3299.0,2026-09-14,21 months,False,,,,,,,,https://www.invitationhomes.com/houses-for-rent/1627-bentin-dr-s-jacksonville-beach-fl-32250,2026-08-02,2026-09-09,FL,Jacksonville Beach,,,,,1627-bentin-dr-s-jacksonville-beach-fl-32250
2026-09-09,INVH,Jacksonville,"11302 Monument Landing Blvd, Jacksonville, FL, 32225",Jacksonville,INVH-11302-monument-landing-blvd-jacksonville-fl-32225,4,2.0,1860,2335.0,2026-09-09,21 months,False,,,,,,,,https://www.invitationhomes.com/houses-for-rent/11302-monument-landing-blvd-jacksonville-fl-32225,2026-07-19,2026-09-09,FL,Jacksonville,,,,,11302-monument-landing-blvd-jacksonville-fl-32225
2026-09-09,INVH,Jacksonville,"4903 Blount Vista Ct, Jacksonville, FL, 32225",Jacksonville,INVH-4903-blount-vista-ct-jacksonville-fl-32225,4,3.0,2400,2645.0,2026-10-04,21 months,False,,,,,,,,https://www.invitationhomes.com/houses-for-rent/4903-blount-vista-ct-jacksonville-fl-32225,2026-08-23,2026-09-09,FL,Jacksonville,,,,,4903-blount-vista-ct-jacksonville-fl-32225
2026-09-09,INVH,Jacksonville,"385 Filmore Dr, Jacksonville, FL, 32225",Jacksonville,INVH-385-filmore-dr-jacksonville-fl-32225,3,2.0,1241,1895.0,2026-09-09,21 months,False,,,,,,,,https://www.invitationhomes.com/houses-for-rent/385-filmore-dr-jacksonville-fl-32225,2026-07-19,2026-09-09,FL,Jacksonville,,,,,385-filmore-dr-jacksonville-fl-32225
2026-09-09,INVH,Jacksonville,"12934 Staffordshire Dr S, Jacksonville, FL, 32225",Jacksonville,INVH-12934-staffordshire-dr-s-jacksonville-fl-32225,4,2.0,2120,2295.0,2026-09-30,21 months,False,,,,,,,,https://www.invitationhomes.com/houses-for-rent/12934-staffordshire-dr-s-jacksonville-fl-32225,2026-08-10,2026-09-09,FL,Jacksonville,,,,,12934-staffordshire-dr-s-jacksonville-fl-32225
2026-09-09,INVH,Jacksonville,"4105 Ringneck Dr, Jacksonville, FL, 32226",Jacksonville,INVH-4105-ringneck-dr-jacksonville-fl-32226,4,2.5,2585,2399.0,2026-10-17,21 months,False,,,,,,,,https://www.invitationhomes.com/houses-for-rent/4105-ringneck-dr-jacksonville-fl-32226,2026-09-03,2026-09-09,FL,Jacksonville,,,,,4105-ringneck-dr-jacksonville-fl-32226
2026-09-09,INVH,Atlanta,"81 Hampton Oaks Dr, Hampton, GA, 30228",Atlanta,INVH-81-hampton-oaks-dr-hampton-ga-30228,3,2.0,1604,1790.0,2026-09-09,19 months,False,,,,,,,,https://www.invitationhomes.com/houses-for-rent/81-hampton-oaks-dr-hampton-ga-30228,2026-07-19,2026-09-09,GA,Hampton,,,,,81-hampton-oaks-dr-hampton-ga-30228
2026-09-09,INVH,Atlanta,"108 Astilbe Meadow Dr, Locust Grove, GA, 30248",Atlanta,INVH-108-astilbe-meadow-dr-locust-grove-ga-30248,5,3.0,2844,2240.0,2026-09-09,20 months,False,,,,,,,,https://www.invitationhomes.com/houses-for-rent/108-astilbe-meadow-dr-locust-grove-ga-30248,2026-07-19,2026-09-09,GA,Locust Grove,,,,,108-astilbe-meadow-dr-locust-grove-ga-30248
2026-09-09,INVH,Atlanta,"3008 Norwell Ct, Locust Grove, GA, 30248",Atlanta,INVH-3008-norwell-ct-locust-grove-ga-30248,5,3.0,3251,2665.0,2026-09-09,20 months,False,,,,,,,,https://www.invitationhomes.com/houses-for-rent/3008-norwell-ct-locust-grove-ga-30248,2026-08-23,2026-09-09,GA,Locust Grove,,,,,3008-norwell-ct-locust-grove-ga-30248
2026-09-09,INVH,Atlanta,"120 N Chesepeake Bay Dr, Locust Grove, GA, 30248",Atlanta,INVH-120-n-chesepeake-bay-dr-30248-119804,4,2.5,2095,2230.0,2026-10-10,20 months,False,,,,,,,,https://www.invitationhomes.com/houses-for-rent/120-n-chesepeake-bay-dr-30248-119804,2026-09-03,2026-09-09,GA,Locust Grove,,,,,120-n-chesepeake-bay-dr-30248-119804
2026-09-09,INVH,Atlanta,"2447 McIntosh Dr, Locust Grove, GA, 30248",Atlanta,INVH-2447-mcintosh-dr-30248-1650,4,2.5,3042,2395.0,2026-09-09,20 months,False,,,,,,,,https://www.invitationhomes.com/houses-for-rent/2447-mcintosh-dr-30248-1650,2026-09-03,2026-09-09,GA,Locust Grove,,,,,2447-mcintosh-dr-30248-1650
2026-09-09,INVH,Atlanta,"352 The Gables Dr, Mcdonough, GA, 30253",Atlanta,INVH-352-the-gables-dr-30253-107572,6,3.0,2273,2280.0,2026-09-09,20 months,False,,,,,,,,https://www.invitationhomes.com/houses-for-rent/352-the-gables-dr-30253-107572,2026-06-09,2026-09-09,GA,Mcdonough,,,,,352-the-gables-dr-30253-107572
2026-09-09,INVH,Atlanta,"402 Parlor Cir, Locust Grove, GA, 30248",Atlanta,INVH-402-parlor-cir-30248-6537,4,3.0,1763,1935.0,2026-09-18,20 months,False,,,,,,,,https://www.invitationhomes.com/houses-for-rent/402-parlor-cir-30248-6537,2026-08-10,2026-09-09,GA,Locust Grove,,,,,402-parlor-cir-30248-6537
2026-09-09,INVH,Atlanta,"1155 Saint Phillips Ct, Locust Grove, GA, 30248",Atlanta,INVH-1155-saint-phillips-ct-30248-3488,5,3.0,2367,2070.0,2026-09-09,20 months,False,,,,,,,,https://www.invitationhomes.com/houses-for-rent/1155-saint-phillips-ct-30248-3488,2026-08-16,2026-09-09,GA,Locust Grove,,,,,1155-saint-phillips-ct-30248-3488
2026-09-09,INVH,Atlanta,"2063 Theberton Trl, Locust Grove, GA, 30248",Atlanta,INVH-2063-theberton-trl-30248-89065,4,2.5,2374,2095.0,2026-09-09,20 months,False,,,,,,,,https://www.invitationhomes.com/houses-for-rent/2063-theberton-trl-30248-89065,2026-08-02,2026-09-09,GA,Locust Grove,,,,,2063-theberton-trl-30248-89065
2026-09-09,INVH,Atlanta,"2036 Theberton Trl, Locust Grove, GA, 30248",Atlanta,INVH-2036-theberton-trl-30248-88442,4,2.5,1976,2185.0,2026-09-09,20 months,False,,,,,,,,https://www.invitationhomes.com/houses-for-rent/2036-theberton-trl-30248-88442,2026-08-10,2026-09-09,GA,Locust Grove,,,,,2036-theberton-trl-30248-88442
2026-09-09,INVH,Atlanta,"209 Sableshire Way, Locust Grove, GA, 30248",Atlanta,INVH-209-sableshire-way-locust-grove-ga-30248,3,2.0,1749,1825.0,2026-09-09,20 months,False,,,,,,,,https://www.invitationhomes.com/houses-for-rent/209-sableshire-way-locust-grove-ga-30248,2026-09-03,2026-09-09,GA,Locust Grove,,,,,209-sableshire-way-locust-grove-ga-30248
2026-09-09,INVH,Atlanta,"1027 Lear Dr, Locust Grove, GA, 30248",Atlanta,INVH-1027-lear-dr-30248-3647,5,3.0,2825,2449.0,2026-09-09,20 months,False,,,,,,,,https://www.invitationhomes.com/houses-for-rent/1027-lear-dr-30248-3647,2026-06-14,2026-09-09,GA,Locust Grove,,,,,1027-lear-dr-30248-3647
2026-09-09,INVH,Atlanta,"250 Happy Trl, Locust Grove, GA, 30248",Atlanta,INVH-250-happy-trl-30248-84552,3,2.5,1763,1765.0,2026-09-09,20 months,False,,,,,,,,https://www.invitationhomes.com/houses-for-rent/250-happy-trl-30248-84552,2026-07-19,2026-09-09,GA,Locust Grove,,,,,250-happy-trl-30248-84552
2026-09-09,INVH,Atlanta,"252 Kings Cv, Locust Grove, GA, 30248",Atlanta,INVH-252-kings-cv-30248-6082,3,2.5,1693,1765.0,2026-09-09,20 months,False,,,,,,,,https://www.invitationhomes.com/houses-for-rent/252-kings-cv-30248-6082,2026-07-19,2026-09-09,GA,Locust Grove,,,,,252-kings-cv-30248-6082
2026-09-09,INVH,Atlanta,"407 Vermeer Ct, Locust Grove, GA, 30248",Atlanta,INVH-407-vermeer-court-30248-90953,4,2.5,2156,2145.0,2026-09-09,20 months,False,,,,,,,,https://www.invitationhomes.com/houses-for-rent/407-vermeer-court-30248-90953,2026-05-17,2026-09-09,GA,Locust Grove,,,,,407-vermeer-court-30248-90953
2026-09-09,INVH,Atlanta,"128 Goldleaf Dr, Hampton, GA, 30228",Atlanta,INVH-128-goldleaf-dr-30228-92229,3,2.0,1342,1835.0,2026-09-09,20 months,False,,,,,,,,https://www.invitationhomes.com/houses-for-rent/128-goldleaf-dr-30228-92229,2026-07-19,2026-09-09,GA,Hampton,,,,,128-goldleaf-dr-30228-92229
2026-09-09,INVH,Atlanta,"220 Chinns Way, Hampton, GA, 30228",Atlanta,INVH-220-chinns-way-30228-1394,3,2.0,1744,1945.0,2026-10-21,20 months,False,,,,,,,,https://www.invitationhomes.com/houses-for-rent/220-chinns-way-30228-1394,2026-09-06,2026-09-09,GA,Hampton,,,,,220-chinns-way-30228-1394
2026-09-09,INVH,Atlanta,"989 Field View Dr, McDonough, GA, 30253",Atlanta,INVH-989-field-view-drive-30253-87472,4,2.5,2714,2385.0,2026-09-09,20 months,False,,,,,,,,https://www.invitationhomes.com/houses-for-rent/989-field-view-drive-30253-87472,2026-08-02,2026-09-09,GA,McDonough,,,,,989-field-view-drive-30253-87472
2026-09-09,INVH,Atlanta,"336 Amsterdam Way, Hampton, GA, 30228",Atlanta,INVH-336-amsterdam-way-30228-91829,4,2.5,2542,2675.0,2026-09-09,20 months,False,,,,,,,,https://www.invitationhomes.com/houses-for-rent/336-amsterdam-way-30228-91829,2026-06-09,2026-09-09,GA,Hampton,,,,,336-amsterdam-way-30228-91829
2026-09-09,INVH,Atlanta,"2549 Mead Ct, Jonesboro, GA, 30236",Atlanta,INVH-2549-mead-ct-jonesboro-ga-30236,4,2.0,2774,2495.0,2026-10-06,20 months,False,,,,,,,,https://www.invitationhomes.com/houses-for-rent/2549-mead-ct-jonesboro-ga-30236,2026-08-23,2026-09-09,GA,Jonesboro,,,,,2549-mead-ct-jonesboro-ga-30236
2026-09-09,INVH,Atlanta,"260 Monarch Village Way, Stockbridge, GA, 30281",Atlanta,INVH-260-monarch-village-way-stockbridge-ga-30281,3,2.5,2025,2199.0,2026-10-17,20 months,False,,,,,,,,https://www.invitationhomes.com/houses-for-rent/260-monarch-village-way-stockbridge-ga-30281,2026-09-03,2026-09-09,GA,Stockbridge,,,,,260-monarch-village-way-stockbridge-ga-30281
2026-09-09,INVH,Atlanta,"532 Chaucer Way, Stockbridge, GA, 30281",Atlanta,INVH-532-chaucer-way-30281-5725,4,2.5,2257,2395.0,2026-09-09,20 months,False,,,,,,,,https://www.invitationhomes.com/houses-for-rent/532-chaucer-way-30281-5725,2026-08-16,2026-09-09,GA,Stockbridge,,,,,532-chaucer-way-30281-5725
2026-09-09,INVH,Atlanta,"219 Lakeview Pl, Stockbridge, GA, 30281",Atlanta,INVH-219-lakeview-pl-stockbridge-ga-30281,3,2.0,1694,1975.0,2026-09-09,20 months,False,,,,,,,,https://www.invitationhomes.com/houses-for-rent/219-lakeview-pl-stockbridge-ga-30281,2026-08-02,2026-09-09,GA,Stockbridge,,,,,219-lakeview-pl-stockbridge-ga-30281
2026-09-09,INVH,Atlanta,"1131 Collyns Ct, McDonough, GA, 30253",Atlanta,INVH-1131-collyns-ct-30253-7512,3,2.0,1502,1799.0,2026-09-09,20 months,False,,,,,,,,https://www.invitationhomes.com/houses-for-rent/1131-collyns-ct-30253-7512,2026-08-10,2026-09-09,GA,McDonough,,,,,1131-collyns-ct-30253-7512
2026-09-09,INVH,Atlanta,"430 Gresham Dr, Stockbridge, GA, 30281",Atlanta,INVH-430-gresham-dr-30281-105103,4,3.0,1720,2280.0,2026-09-09,20 months,False,,,,,,,,https://www.invitationhomes.com/houses-for-rent/430-gresham-dr-30281-105103,2026-07-19,2026-09-09,GA,Stockbridge,,,,,430-gresham-dr-30281-105103
2026-09-09,INVH,Atlanta,"213 Northbridge Dr, Stockbridge, GA, 30281",Atlanta,INVH-213-northbridge-dr-30281-7392,3,2.0,1543,1849.0,2026-09-12,20 months,False,,,,,,,,https://www.invitationhomes.com/houses-for-rent/213-northbridge-dr-30281-7392,2026-07-19,2026-09-09,GA,Stockbridge,,,,,213-northbridge-dr-30281-7392
2026-09-09,INVH,Atlanta,"428 Cannonball Ct, Stockbridge, GA, 30281",Atlanta,INVH-428-cannonball-ct-30281-8895,3,2.5,1606,1945.0,2026-10-17,20 months,False,,,,,,,,https://www.invitationhomes.com/houses-for-rent/428-cannonball-ct-30281-8895,2026-09-03,2026-09-09,GA,Stockbridge,,,,,428-cannonball-ct-30281-8895
2026-09-09,INVH,Atlanta,"207 Misty Ridge Trl, Stockbridge, GA, 30281",Atlanta,INVH-207-misty-ridge-trl-30281-9804,3,2.0,1209,1680.0,2026-09-09,20 months,False,,,,,,,,https://www.invitationhomes.com/houses-for-rent/207-misty-ridge-trl-30281-9804,2026-09-09,2026-09-09,GA,Stockbridge,,,,,207-misty-ridge-trl-30281-9804
2026-09-09,INVH,Atlanta,"202 Misty Ridge Trl, Stockbridge, GA, 30281",Atlanta,INVH-202-misty-ridge-trl-30281-1505,3,2.0,1240,1835.0,2026-09-16,20 months,False,,,,,,,,https://www.invitationhomes.com/houses-for-rent/202-misty-ridge-trl-30281-1505,2026-08-02,2026-09-09,GA,Stockbridge,,,,,202-misty-ridge-trl-30281-1505
2026-09-09,INVH,Atlanta,"50 Guthrie Pl, Stockbridge, GA, 30281",Atlanta,INVH-50-guthrie-pl-30281-105867,3,2.0,1456,1925.0,2026-09-09,20 months,False,,,,,,,,https://www.invitationhomes.com/houses-for-rent/50-guthrie-pl-30281-105867,2026-09-03,2026-09-09,GA,Stockbridge,,,,,50-guthrie-pl-30281-105867
2026-09-09,INVH,Atlanta,"145 Stoney Brook Way, McDonough, GA, 30253",Atlanta,INVH-145-stoney-brook-way-30253-9513,3,2.0,1310,1680.0,2026-09-09,20 months,False,,,,,,,,https://www.invitationhomes.com/houses-for-rent/145-stoney-brook-way-30253-9513,2026-07-19,2026-09-09,GA,McDonough,,,,,145-stoney-brook-way-30253-9513
2026-09-09,INVH,Atlanta,"417 Autumn Lake Ct, McDonough, GA, 30253",Atlanta,INVH-417-autumn-lake-ct-30253-8077,3,2.0,1142,1665.0,2026-09-09,21 months,False,,,,,,,,https://www.invitationhomes.com/houses-for-rent/417-autumn-lake-ct-30253-8077,2026-06-09,2026-09-09,GA,McDonough,,,,,417-autumn-lake-ct-30253-8077
2026-09-09,INVH,Atlanta,"2095 Tussahaw Xing, McDonough, GA, 30252",Atlanta,INVH-2095-tussahaw-xing-mcdonough-ga-30252,3,2.5,1495,1590.0,2026-09-09,20 months,False,,,,,,,,https://www.invitationhomes.com/houses-for-rent/2095-tussahaw-xing-mcdonough-ga-30252,2026-05-24,2026-09-09,GA,McDonough,,,,,2095-tussahaw-xing-mcdonough-ga-30252
2026-09-09,INVH,Atlanta,"1650 Neighborhood Walk, McDonough, GA, 30252",Atlanta,INVH-1650-neighborhood-walk-30252-92322,3,2.0,1229,1765.0,2026-10-01,20 months,False,,,,,,,,https://www.invitationhomes.com/houses-for-rent/1650-neighborhood-walk-30252-92322,2026-08-23,2026-09-09,GA,McDonough,,,,,1650-neighborhood-walk-30252-92322
2026-09-09,INVH,Atlanta,"2015 Towne Park Dr, McDonough, GA, 30252",Atlanta,INVH-2015-towne-park-dr-30252-3325,3,2.0,1762,1799.0,2026-09-09,20 months,False,,,,,,,,https://www.invitationhomes.com/houses-for-rent/2015-towne-park-dr-30252-3325,2026-07-19,2026-09-09,GA,McDonough,,,,,2015-towne-park-dr-30252-3325
2026-09-09,INVH,Atlanta,"2909 Warwick Ct, McDonough, GA, 30253",Atlanta,INVH-2909-warwick-ct-30253-92119,4,2.5,1988,2345.0,2026-10-17,20 months,False,,,,,,,,https://www.invitationhomes.com/houses-for-rent/2909-warwick-ct-30253-92119,2026-08-10,2026-09-09,GA,McDonough,,,,,2909-warwick-ct-30253-92119
2026-09-09,INVH,Atlanta,"1119 E Shoreview Rd, Mcdonough, GA, 30253",Atlanta,INVH-1119-e-shoreview-rd-30253-105217,4,2.0,2640,2335.0,2026-09-09,20 months,False,,,,,,,,https://www.invitationhomes.com/houses-for-rent/1119-e-shoreview-rd-30253-105217,2026-07-19,2026-09-09,GA,Mcdonough,,,,,1119-e-shoreview-rd-30253-105217
2026-09-09,INVH,Atlanta,"221 River Birch Dr, McDonough, GA, 30253",Atlanta,INVH-221-river-birch-dr-30253-3787,3,2.0,1244,1775.0,2026-09-09,20 months,False,,,,,,,,https://www.invitationhomes.com/houses-for-rent/221-river-birch-dr-30253-3787,2026-07-19,2026-09-09,GA,McDonough,,,,,221-river-birch-dr-30253-3787
2026-09-09,INVH,Atlanta,"212 Coldsprings Ct, McDonough, GA, 30253",Atlanta,INVH-212-coldsprings-ct-30253-1692,3,2.0,1590,1845.0,2026-09-09,20 months,False,,,,,,,,https://www.invitationhomes.com/houses-for-rent/212-coldsprings-ct-30253-1692,2026-06-09,2026-09-09,GA,McDonough,,,,,212-coldsprings-ct-30253-1692
2026-09-09,INVH,Atlanta,"260 Rosewood Dr, Mcdonough, GA, 30253",Atlanta,INVH-260-rosewood-dr-30253-105529,4,2.0,1746,1995.0,2026-09-09,20 months,False,,,,,,,,https://www.invitationhomes.com/houses-for-rent/260-rosewood-dr-30253-105529,2026-08-23,2026-09-09,GA,Mcdonough,,,,,260-rosewood-dr-30253-105529
2026-09-09,INVH,Atlanta,"100 Hamilton Pointe Dr, McDonough, GA, 30253",Atlanta,INVH-100-hamilton-pointe-dr-30253-90149,4,2.5,2592,2420.0,2026-09-09,20 months,False,,,,,,,,https://www.invitationhomes.com/houses-for-rent/100-hamilton-pointe-dr-30253-90149,2026-06-14,2026-09-09,GA,McDonough,,,,,100-hamilton-pointe-dr-30253-90149
2026-09-09,INVH,Atlanta,"121 Brookhaven Ln, McDonough, GA, 30253",Atlanta,INVH-121-brookhaven-ln-30253-2145,4,3.0,2524,1995.0,2026-09-11,20 months,False,,,,,,,,https://www.invitationhomes.com/houses-for-rent/121-brookhaven-ln-30253-2145,2026-05-03,2026-09-09,GA,McDonough,,,,,121-brookhaven-ln-30253-2145
2026-09-09,INVH,Atlanta,"108 Bugle Way, McDonough, GA, 30253",Atlanta,INVH-108-bugle-way-30253-2593,3,2.5,1464,1795.0,2026-09-09,20 months,False,,,,,,,,https://www.invitationhomes.com/houses-for-rent/108-bugle-way-30253-2593,2026-08-02,2026-09-09,GA,McDonough,,,,,108-bugle-way-30253-2593
2026-09-09,INVH,Atlanta,"1390 Ethans Way, McDonough, GA, 30252",Atlanta,INVH-1390-ethans-way-30252-83721,4,2.5,2228,2245.0,2026-09-12,20 months,False,,,,,,,,https://www.invitationhomes.com/houses-for-rent/1390-ethans-way-30252-83721,2026-09-03,2026-09-09,GA,McDonough,,,,,1390-ethans-way-30252-83721
2026-09-09,INVH,Atlanta,"112 Old Hickory Pt, McDonough, GA, 30252",Atlanta,INVH-112-old-hickory-pt-30252-4374,3,2.5,1636,1925.0,2026-09-09,20 months,False,,,,,,,,https://www.invitationhomes.com/houses-for-rent/112-old-hickory-pt-30252-4374,2026-08-10,2026-09-09,GA,McDonough,,,,,112-old-hickory-pt-30252-4374
2026-09-09,INVH,Atlanta,"333 Interlake Pass, McDonough, GA, 30252",Atlanta,INVH-333-interlake-pass-mcdonough-ga-30252,4,2.5,2757,2445.0,2026-09-09,20 months,False,,,,,,,,https://www.invitationhomes.com/houses-for-rent/333-interlake-pass-mcdonough-ga-30252,2026-08-10,2026-09-09,GA,McDonough,,,,,333-interlake-pass-mcdonough-ga-30252
2026-09-09,INVH,Atlanta,"206 Vernon Walk, McDonough, GA, 30252",Atlanta,INVH-206-vernon-walk-30252-8607,4,2.0,2035,2165.0,2026-10-20,20 months,False,,,,,,,,https://www.invitationhomes.com/houses-for-rent/206-vernon-walk-30252-8607,2026-09-06,2026-09-09,GA,McDonough,,,,,206-vernon-walk-30252-8607
2026-09-09,INVH,Atlanta,"97 Maygold St, Mcdonough, GA, 30253",Atlanta,INVH-97-maygold-st-30253-104905,3,2.0,1948,2330.0,2026-09-09,20 months,False,,,,,,,,https://www.invitationhomes.com/houses-for-rent/97-maygold-st-30253-104905,2026-08-10,2026-09-09,GA,Mcdonough,,,,,97-maygold-st-30253-104905
2026-09-09,INVH,Atlanta,"1127 Chateau Ter, McDonough, GA, 30253",Atlanta,INVH-1127-chateau-ter-30253-6072,4,2.0,1742,1945.0,2026-09-09,19 months,False,,,,,,,,https://www.invitationhomes.com/houses-for-rent/1127-chateau-ter-30253-6072,2026-08-10,2026-09-09,GA,McDonough,,,,,1127-chateau-ter-30253-6072
2026-09-09,INVH,Atlanta,"210 Hunt Ridge Dr, Stockbridge, GA, 30281",Atlanta,INVH-210-hunt-ridge-dr-30281-105799,3,2.0,1194,1680.0,2026-09-09,20 months,False,,,,,,,,https://www.invitationhomes.com/houses-for-rent/210-hunt-ridge-dr-30281-105799,2026-08-16,2026-09-09,GA,Stockbridge,,,,,210-hunt-ridge-dr-30281-105799
2026-09-09,INVH,Atlanta,"547 Rustic Rd, Stockbridge, GA, 30281",Atlanta,INVH-547-rustic-rd-30281-106863,4,2.0,1937,1820.0,2026-09-09,20 months,False,,,,,,,,https://www.invitationhomes.com/houses-for-rent/547-rustic-rd-30281-106863,2026-08-02,2026-09-09,GA,Stockbridge,,,,,547-rustic-rd-30281-106863
2026-09-09,INVH,Atlanta,"1628 Old Conyers Rd, Stockbridge, GA, 30281",Atlanta,INVH-1628-old-conyers-rd-30281-5881,3,2.0,1653,1685.0,2026-09-09,20 months,False,,,,,,,,https://www.invitationhomes.com/houses-for-rent/1628-old-conyers-rd-30281-5881,2026-07-19,2026-09-09,GA,Stockbridge,,,,,1628-old-conyers-rd-30281-5881
2026-09-09,INVH,Atlanta,"1001 Kirsten Ct, Stockbridge, GA, 30281",Atlanta,INVH-1001-kirsten-ct-30281-107077,6,2.5,2452,2415.0,2026-09-20,20 months,False,,,,,,,,https://www.invitationhomes.com/houses-for-rent/1001-kirsten-ct-30281-107077,2026-09-09,2026-09-09,GA,Stockbridge,,,,,1001-kirsten-ct-30281-107077
2026-09-09,INVH,Atlanta,"100 Lookout Way, Stockbridge, GA, 30281",Atlanta,INVH-100-lookout-way-30281-103850,5,2.0,2500,2395.0,2026-10-17,20 months,False,,,,,,,,https://www.invitationhomes.com/houses-for-rent/100-lookout-way-30281-103850,2026-08-16,2026-09-09,GA,Stockbridge,,,,,100-lookout-way-30281-103850
2026-09-09,INVH,Atlanta,"90 Ardella Dr, Covington, GA, 30016",Atlanta,INVH-90-ardella-dr-covington-ga-30016,4,2.5,2870,2095.0,2026-09-09,20 months,False,,,,,,,,https://www.invitationhomes.com/houses-for-rent/90-ardella-dr-covington-ga-30016,2026-05-03,2026-09-09,GA,Covington,,,,,90-ardella-dr-covington-ga-30016
2026-09-09,INVH,Atlanta,"1760 Deer Run Dr SW, Conyers, GA, 30094",Atlanta,INVH-1760-deer-run-dr-sw-30094-3782,4,2.5,2775,2710.0,2026-10-01,20 months,False,,,,,,,,https://www.invitationhomes.com/houses-for-rent/1760-deer-run-dr-sw-30094-3782,2026-08-23,2026-09-09,GA,Conyers,,,,,1760-deer-run-dr-sw-30094-3782
2026-09-09,INVH,Atlanta,"4006 River Garden Cir, Covington, GA, 30016",Atlanta,INVH-4006-river-garden-cir-sw-30016-7752,4,3.0,1856,2180.0,2026-10-17,20 months,False,,,,,,,,https://www.invitationhomes.com/houses-for-rent/4006-river-garden-cir-sw-30016-7752,2026-09-06,2026-09-09,GA,Covington,,,,,4006-river-garden-cir-sw-30016-7752
2026-09-09,INVH,Atlanta,"145 W Forest Dr, Covington, GA, 30016",Atlanta,INVH-145-w-forest-dr-30016-105784,5,3.0,2023,1920.0,2026-09-09,20 months,False,,,,,,,,https://www.invitationhomes.com/houses-for-rent/145-w-forest-dr-30016-105784,2026-07-19,2026-09-09,GA,Covington,,,,,145-w-forest-dr-30016-105784
2026-09-09,INVH,Atlanta,"5138 Lake Forest Dr Se, Conyers, GA, 30094",Atlanta,INVH-5138-lake-forest-dr-se-30094-106038,4,4.0,3884,2999.0,2026-10-08,20 months,False,,,,,,,,https://www.invitationhomes.com/houses-for-rent/5138-lake-forest-dr-se-30094-106038,2026-08-02,2026-09-09,GA,Conyers,,,,,5138-lake-forest-dr-se-30094-106038
2026-09-09,INVH,Atlanta,"3535 Oakshire Way Se, Atlanta, GA, 30354",Atlanta,INVH-3535-oakshire-way-se-30354-107675,4,2.0,2896,2549.0,2026-09-18,20 months,False,,,,,,,,https://www.invitationhomes.com/houses-for-rent/3535-oakshire-way-se-30354-107675,2026-08-02,2026-09-09,GA,Atlanta,,,,,3535-oakshire-way-se-30354-107675
2026-09-09,INVH,Atlanta,"3771 Teton Pass, Ellenwood, GA, 30294",Atlanta,INVH-3771-teton-pass-ellenwood-ga-30294,4,3.0,3228,2845.0,2026-10-15,20 months,False,,,,,,,,https://www.invitationhomes.com/houses-for-rent/3771-teton-pass-ellenwood-ga-30294,2026-09-03,2026-09-09,GA,Ellenwood,,,,,3771-teton-pass-ellenwood-ga-30294
2026-09-09,INVH,Atlanta,"626 Waynes Ct Se, Atlanta, GA, 30354",Atlanta,INVH-626-waynes-ct-se-30354-97898,3,2.0,1467,1945.0,2026-09-09,20 months,False,,,,,,,,https://www.invitationhomes.com/houses-for-rent/626-waynes-ct-se-30354-97898,2026-09-03,2026-09-09,GA,Atlanta,,,,,626-waynes-ct-se-30354-97898
2026-09-09,INVH,Atlanta,"1833 Rollingwood Dr Se, Atlanta, GA, 30316",Atlanta,INVH-1833-rollingwood-dr-se-30316-104994,4,1.0,1372,1595.0,2026-09-09,20 months,False,,,,,,,,https://www.invitationhomes.com/houses-for-rent/1833-rollingwood-dr-se-30316-104994,2026-07-19,2026-09-09,GA,Atlanta,,,,,1833-rollingwood-dr-se-30316-104994
2026-09-09,INVH,Atlanta,"2991 Horse Shoe Dr Se, Atlanta, GA, 30316",Atlanta,INVH-2991-horse-shoe-dr-se-30316-105622,3,2.0,977,1570.0,2026-09-09,20 months,False,,,,,,,,https://www.invitationhomes.com/houses-for-rent/2991-horse-shoe-dr-se-30316-105622,2026-09-03,2026-09-09,GA,Atlanta,,,,,2991-horse-shoe-dr-se-30316-105622
2026-09-09,INVH,Atlanta,"2751 Flagstone Dr SE, Atlanta, GA, 30316",Atlanta,INVH-2751-flagstone-dr-se-atlanta-ga-30316,3,2.0,1419,1845.0,2026-09-09,20 months,False,,,,,,,,https://www.invitationhomes.com/houses-for-rent/2751-flagstone-dr-se-atlanta-ga-30316,2026-05-09,2026-09-09,GA,Atlanta,,,,,2751-flagstone-dr-se-atlanta-ga-30316
2026-09-09,INVH,Atlanta,"2096 Somerset Pl SE, Atlanta, GA, 30316",Atlanta,INVH-2096-somerset-pl-se-atlanta-ga-30316,4,2.5,2820,2615.0,2026-09-09,20 months,False,,,,,,,,https://www.invitationhomes.com/houses-for-rent/2096-somerset-pl-se-atlanta-ga-30316,2026-07-19,2026-09-09,GA,Atlanta,,,,,2096-somerset-pl-se-atlanta-ga-30316
2026-09-09,INVH,Atlanta,"1692 Valencia Rd, Decatur, GA, 30032",Atlanta,INVH-1692-valencia-rd-30032-106817,4,2.0,1685,2095.0,2026-09-20,20 months,False,,,,,,,,https://www.invitationhomes.com/houses-for-rent/1692-valencia-rd-30032-106817,2026-08-23,2026-09-09,GA,Decatur,,,,,1692-valencia-rd-30032-106817
2026-09-09,INVH,Atlanta,"2490 Habersham Dr, Decatur, GA, 30032",Atlanta,INVH-2490-habersham-dr-30032-98099,4,2.0,1204,1745.0,2026-09-09,20 months,False,,,,,,,,https://www.invitationhomes.com/houses-for-rent/2490-habersham-dr-30032-98099,2026-09-06,2026-09-09,GA,Decatur,,,,,2490-habersham-dr-30032-98099
2026-09-09,INVH,Atlanta,"2500 Brentwood Rd, Decatur, GA, 30032",Atlanta,INVH-2500-brentwood-rd-30032-98563,4,2.0,1014,1810.0,2026-09-09,20 months,False,,,,,,,,https://www.invitationhomes.com/houses-for-rent/2500-brentwood-rd-30032-98563,2026-08-02,2026-09-09,GA,Decatur,,,,,2500-brentwood-rd-30032-98563
2026-09-09,INVH,Atlanta,"692 Quillian Ave, Decatur, GA, 30032",Atlanta,INVH-692-quillian-ave-decatur-ga-30032,5,3.5,2363,2245.0,2026-09-09,20 months,False,,,,,,,,https://www.invitationhomes.com/houses-for-rent/692-quillian-ave-decatur-ga-30032,2026-05-24,2026-09-09,GA,Decatur,,,,,692-quillian-ave-decatur-ga-30032
2026-09-09,INVH,Atlanta,"3760 River Lake Shr, Ellenwood, GA, 30294",Atlanta,INVH-3760-river-lake-shr-ellenwood-ga-30294,3,2.5,1598,1895.0,2026-09-30,20 months,False,,,,,,,,https://www.invitationhomes.com/houses-for-rent/3760-river-lake-shr-ellenwood-ga-30294,2026-08-23,2026-09-09,GA,Ellenwood,,,,,3760-river-lake-shr-ellenwood-ga-30294
2026-09-09,INVH,Atlanta,"3668 Gray Birch Dr, Decatur, GA, 30034",Atlanta,INVH-3668-gray-birch-dr-decatur-ga-30034,3,2.5,1739,1825.0,2026-09-09,20 months,False,,,,,,,,https://www.invitationhomes.com/houses-for-rent/3668-gray-birch-dr-decatur-ga-30034,2026-07-19,2026-09-09,GA,Decatur,,,,,3668-gray-birch-dr-decatur-ga-30034
2026-09-09,INVH,Atlanta,"3712 Cress Way Dr, Decatur, GA, 30034",Atlanta,INVH-3712-cress-way-dr-30034-104594,4,2.0,1277,1890.0,2026-09-09,20 months,False,,,,,,,,https://www.invitationhomes.com/houses-for-rent/3712-cress-way-dr-30034-104594,2026-04-26,2026-09-09,GA,Decatur,,,,,3712-cress-way-dr-30034-104594
2026-09-09,INVH,Atlanta,"3957 Waldrop Hills Dr, Decatur, GA, 30034",Atlanta,INVH-3957-waldrop-hills-dr-decatur-ga-30034,4,2.5,2482,2095.0,2026-09-09,20 months,False,,,,,,,,https://www.invitationhomes.com/houses-for-rent/3957-waldrop-hills-dr-decatur-ga-30034,2026-08-02,2026-09-09,GA,Decatur,,,,,3957-waldrop-hills-dr-decatur-ga-30034
2026-09-09,INVH,Atlanta,"3570 Greentree Farms Dr, Decatur, GA, 30034",Atlanta,INVH-3570-greentree-farms-dr-30034-106276,4,2.0,2270,2145.0,2026-09-09,20 months,False,,,,,,,,https://www.invitationhomes.com/houses-for-rent/3570-greentree-farms-dr-30034-106276,2026-05-03,2026-09-09,GA,Decatur,,,,,3570-greentree-farms-dr-30034-106276
2026-09-09,INVH,Atlanta,"4421 Blackbirch Ln, Decatur, GA, 30034",Atlanta,INVH-4421-blackbirch-ln-30034-98775,4,2.0,1930,1945.0,2026-09-09,20 months,False,,,,,,,,https://www.invitationhomes.com/houses-for-rent/4421-blackbirch-ln-30034-98775,2026-08-02,2026-09-09,GA,Decatur,,,,,4421-blackbirch-ln-30034-98775
2026-09-09,INVH,Atlanta,"3492 Hollow Tree Dr, Decatur, GA, 30034",Atlanta,INVH-3492-hollow-tree-dr-30034-104488,5,2.5,2657,2349.0,2026-09-09,20 months,False,,,,,,,,https://www.invitationhomes.com/houses-for-rent/3492-hollow-tree-dr-30034-104488,2026-07-19,2026-09-09,GA,Decatur,,,,,3492-hollow-tree-dr-30034-104488
2026-09-09,INVH,Atlanta,"3857 Pointe Bleue Dr, Decatur, GA, 30034",Atlanta,INVH-3857-pointe-bleue-dr-30034-104072,5,2.0,1978,2030.0,2026-10-17,20 months,False,,,,,,,,https://www.invitationhomes.com/houses-for-rent/3857-pointe-bleue-dr-30034-104072,2026-09-03,2026-09-09,GA,Decatur,,,,,3857-pointe-bleue-dr-30034-104072
2026-09-09,INVH,Atlanta,"4240 Autumn Lake Ct, Decatur, GA, 30034",Atlanta,INVH-4240-autumn-lake-ct-30034-105754,4,3.0,3015,2595.0,2026-10-14,20 months,False,,,,,,,,https://www.invitationhomes.com/houses-for-rent/4240-autumn-lake-ct-30034-105754,2026-09-03,2026-09-09,GA,Decatur,,,,,4240-autumn-lake-ct-30034-105754
2026-09-09,INVH,Atlanta,"2729 Autumn Lake Ln, Decatur, GA, 30034",Atlanta,INVH-2729-autumn-lake-ln-30034-104437,5,3.0,2679,2595.0,2026-10-17,20 months,False,,,,,,,,https://www.invitationhomes.com/houses-for-rent/2729-autumn-lake-ln-30034-104437,2026-09-03,2026-09-09,GA,Decatur,,,,,2729-autumn-lake-ln-30034-104437
2026-09-09,INVH,Atlanta,"2262 Ousley Ct, Decatur, GA, 30032",Atlanta,INVH-2262-ousley-ct-30032-106060,3,1.0,1280,1895.0,2026-10-02,20 months,False,,,,,,,,https://www.invitationhomes.com/houses-for-rent/2262-ousley-ct-30032-106060,2026-08-23,2026-09-09,GA,Decatur,,,,,2262-ousley-ct-30032-106060
2026-09-09,INVH,Atlanta,"2160 Shamrock Dr, Decatur, GA, 30032",Atlanta,INVH-2160-shamrock-dr-30032-105541,2,2.0,1266,1835.0,2026-09-09,20 months,False,,,,,,,,https://www.invitationhomes.com/houses-for-rent/2160-shamrock-dr-30032-105541,2026-08-02,2026-09-09,GA,Decatur,,,,,2160-shamrock-dr-30032-105541
2026-09-09,INVH,Atlanta,"2164 Galway Ln, Decatur, GA, 30032",Atlanta,INVH-2164-galway-lane-30032-97654,4,2.0,1783,1945.0,2026-09-09,20 months,False,,,,,,,,https://www.invitationhomes.com/houses-for-rent/2164-galway-lane-30032-97654,2026-04-13,2026-09-09,GA,Decatur,,,,,2164-galway-lane-30032-97654
2026-09-09,INVH,Atlanta,"2100 Dellwood Pl, Decatur, GA, 30032",Atlanta,INVH-2100-dellwood-pl-30032-104494,3,2.0,1227,1849.0,2026-09-09,20 months,False,,,,,,,,https://www.invitationhomes.com/houses-for-rent/2100-dellwood-pl-30032-104494,2026-08-10,2026-09-09,GA,Decatur,,,,,2100-dellwood-pl-30032-104494
2026-09-09,INVH,Atlanta,"2674 Joyce Ave, Decatur, GA, 30032",Atlanta,INVH-2674-joyce-ave-30032-97986,3,1.0,1014,1665.0,2026-09-09,20 months,False,,,,,,,,https://www.invitationhomes.com/houses-for-rent/2674-joyce-ave-30032-97986,2026-05-03,2026-09-09,GA,Decatur,,,,,2674-joyce-ave-30032-97986
2026-09-09,INVH,Atlanta,"1978 Glendale Dr, Decatur, GA, 30032",Atlanta,INVH-1978-glendale-dr-30032-104167,3,2.0,1211,1749.0,2026-09-09,20 months,False,,,,,,,,https://www.invitationhomes.com/houses-for-rent/1978-glendale-dr-30032-104167,2026-04-20,2026-09-09,GA,Decatur,,,,,1978-glendale-dr-30032-104167
2026-09-09,INVH,Atlanta,"1986 Bandera Dr, Decatur, GA, 30032",Atlanta,INVH-1986-bandera-dr-30032-98515,3,1.0,1092,1445.0,2026-09-09,20 months,False,,,,,,,,https://www.invitationhomes.com/houses-for-rent/1986-bandera-dr-30032-98515,2026-09-06,2026-09-09,GA,Decatur,,,,,1986-bandera-dr-30032-98515
2026-09-09,INVH,Atlanta,"2074 Troutdale Dr, Decatur, GA, 30032",Atlanta,INVH-2074-troutdale-dr-30032-106774,7,2.0,3764,2695.0,2026-09-25,20 months,False,,,,,,,,https://www.invitationhomes.com/houses-for-rent/2074-troutdale-dr-30032-106774,2026-08-16,2026-09-09,GA,Decatur,,,,,2074-troutdale-dr-30032-106774
2026-09-09,INVH,Atlanta,"1797 San Gabriel Ave, Decatur, GA, 30032",Atlanta,INVH-1797-san-gabriel-ave-30032-97874,4,1.0,1283,1725.0,2026-09-09,20 months,False,,,,,,,,https://www.invitationhomes.com/houses-for-rent/1797-san-gabriel-ave-30032-97874,2026-08-23,2026-09-09,GA,Decatur,,,,,1797-san-gabriel-ave-30032-97874
2026-09-09,INVH,Atlanta,"3488 Misty Valley Rd, Decatur, GA, 30032",Atlanta,INVH-3488-misty-valley-rd-30032-104489,6,2.0,2039,2145.0,2026-09-09,20 months,False,,,,,,,,https://www.invitationhomes.com/houses-for-rent/3488-misty-valley-rd-30032-104489,2026-07-19,2026-09-09,GA,Decatur,,,,,3488-misty-valley-rd-30032-104489
2026-09-09,INVH,Atlanta,"1596 Cobbs Creek Ln, Decatur, GA, 30032",Atlanta,INVH-1596-cobbs-creek-ln-30032-105318,3,3.0,1906,2195.0,2026-09-19,20 months,False,,,,,,,,https://www.invitationhomes.com/houses-for-rent/1596-cobbs-creek-ln-30032-105318,2026-08-23,2026-09-09,GA,Decatur,,,,,1596-cobbs-creek-ln-30032-105318
2026-09-09,INVH,Atlanta,"3473 Pinehill Dr, Decatur, GA, 30032",Atlanta,INVH-3473-pinehill-dr-30032-105718,3,2.0,1124,1660.0,2026-09-23,20 months,False,,,,,,,,https://www.invitationhomes.com/houses-for-rent/3473-pinehill-dr-30032-105718,2026-08-02,2026-09-09,GA,Decatur,,,,,3473-pinehill-dr-30032-105718
2026-09-09,INVH,Atlanta,"2546 Rainshower Dr, Decatur, GA, 30034",Atlanta,INVH-2546-rainshower-dr-decatur-ga-30034,4,3.5,2722,2249.0,2026-09-09,20 months,False,,,,,,,,https://www.invitationhomes.com/houses-for-rent/2546-rainshower-dr-decatur-ga-30034,2026-07-19,2026-09-09,GA,Decatur,,,,,2546-rainshower-dr-decatur-ga-30034
2026-09-09,INVH,Atlanta,"2339 Chevy Chase Ln, Decatur, GA, 30032",Atlanta,INVH-2339-chevy-chase-ln-30032-98146,4,2.5,2024,1920.0,2026-09-09,20 months,False,,,,,,,,https://www.invitationhomes.com/houses-for-rent/2339-chevy-chase-ln-30032-98146,2026-08-02,2026-09-09,GA,Decatur,,,,,2339-chevy-chase-ln-30032-98146
2026-09-09,INVH,Atlanta,"3664 Mecklinburg Pl, Decatur, GA, 30032",Atlanta,INVH-3664-mecklinburg-pl-30032-104637,5,2.0,1710,2035.0,2026-10-15,20 months,False,,,,,,,,https://www.invitationhomes.com/houses-for-rent/3664-mecklinburg-pl-30032-104637,2026-09-03,2026-09-09,GA,Decatur,,,,,3664-mecklinburg-pl-30032-104637
2026-09-09,INVH,Atlanta,"3245 Tulip Dr, Decatur, GA, 30032",Atlanta,INVH-3245-tulip-dr-30032-104371,3,2.0,1720,1995.0,2026-09-21,20 months,False,,,,,,,,https://www.invitationhomes.com/houses-for-rent/3245-tulip-dr-30032-104371,2026-05-17,2026-09-09,GA,Decatur,,,,,3245-tulip-dr-30032-104371
2026-09-09,INVH,Atlanta,"4424 Malibu Dr, Decatur, GA, 30035",Atlanta,INVH-4424-malibu-dr-30035-97820,4,2.0,1659,1745.0,2026-09-09,20 months,False,,,,,,,,https://www.invitationhomes.com/houses-for-rent/4424-malibu-dr-30035-97820,2026-05-09,2026-09-09,GA,Decatur,,,,,4424-malibu-dr-30035-97820
2026-09-09,INVH,Atlanta,"4436 Cedar Ridge Trail, Stone Mountain, GA, 30083",Atlanta,INVH-4436-cedar-ridge-trail-30083-106167,3,2.0,1860,1945.0,2026-10-17,20 months,False,,,,,,,,https://www.invitationhomes.com/houses-for-rent/4436-cedar-ridge-trail-30083-106167,2026-09-03,2026-09-09,GA,Stone Mountain,,,,,4436-cedar-ridge-trail-30083-106167
2026-09-09,INVH,Atlanta,"123 Fairview Way, Stockbridge, GA, 30281",Atlanta,INVH-123-fairview-way-30281-8581,4,2.0,1372,1795.0,2026-09-18,20 months,False,,,,,,,,https://www.invitationhomes.com/houses-for-rent/123-fairview-way-30281-8581,2026-08-10,2026-09-09,GA,Stockbridge,,,,,123-fairview-way-30281-8581
2026-09-09,INVH,Atlanta,"114 Parkview Dr, Stockbridge, GA, 30281",Atlanta,INVH-114-parkview-dr-30281-107513,4,2.0,1728,1995.0,2026-09-23,20 months,False,,,,,,,,https://www.invitationhomes.com/houses-for-rent/114-parkview-dr-30281-107513,2026-04-04,2026-09-09,GA,Stockbridge,,,,,114-parkview-dr-30281-107513
2026-09-09,INVH,Atlanta,"6054 Trailside Cv, Lithonia, GA, 30038",Atlanta,INVH-6054-trailside-cv-30038-105934,4,2.0,3000,2445.0,2026-09-09,20 months,False,,,,,,,,https://www.invitationhomes.com/houses-for-rent/6054-trailside-cv-30038-105934,2026-07-19,2026-09-09,GA,Lithonia,,,,,6054-trailside-cv-30038-105934
2026-09-09,INVH,Atlanta,"423 Willow Ct SE, Conyers, GA, 30094",Atlanta,INVH-423-willow-ct-se-30094-2609,3,2.0,1264,1630.0,2026-10-05,20 months,False,,,,,,,,https://www.invitationhomes.com/houses-for-rent/423-willow-ct-se-30094-2609,2026-08-23,2026-09-09,GA,Conyers,,,,,423-willow-ct-se-30094-2609
2026-09-09,INVH,Atlanta,"3993 Sugar Valley Dr SE, Conyers, GA, 30094",Atlanta,INVH-3993-sugar-valley-dr-se-conyers-ga-30094,4,2.5,2009,1949.0,2026-10-14,20 months,False,,,,,,,,https://www.invitationhomes.com/houses-for-rent/3993-sugar-valley-dr-se-conyers-ga-30094,2026-07-19,2026-09-09,GA,Conyers,,,,,3993-sugar-valley-dr-se-conyers-ga-30094
2026-09-09,INVH,Atlanta,"321 Honey Creek Rd SE, Conyers, GA, 30094",Atlanta,INVH-321-honey-creek-rd-se-30094-9622,4,2.5,2040,2140.0,2026-09-09,20 months,False,,,,,,,,https://www.invitationhomes.com/houses-for-rent/321-honey-creek-rd-se-30094-9622,2026-09-03,2026-09-09,GA,Conyers,,,,,321-honey-creek-rd-se-30094-9622
2026-09-09,INVH,Atlanta,"678 Lakeridge Dr Se, Conyers, GA, 30094",Atlanta,INVH-678-lakeridge-dr-se-30094-106839,5,2.5,1954,2045.0,2026-09-09,20 months,False,,,,,,,,https://www.invitationhomes.com/houses-for-rent/678-lakeridge-dr-se-30094-106839,2026-07-19,2026-09-09,GA,Conyers,,,,,678-lakeridge-dr-se-30094-106839
2026-09-09,INVH,Atlanta,"656 Almand Branch Rd Se, Conyers, GA, 30094",Atlanta,INVH-656-almand-branch-rd-se-30094-106733,4,2.0,1812,1975.0,2026-09-09,20 months,False,,,,,,,,https://www.invitationhomes.com/houses-for-rent/656-almand-branch-rd-se-30094-106733,2026-08-02,2026-09-09,GA,Conyers,,,,,656-almand-branch-rd-se-30094-106733
2026-09-09,INVH,Atlanta,"2170 Lost Forest Ln SW, Conyers, GA, 30094",Atlanta,INVH-2170-lost-forest-ln-sw-conyers-ga-30094,3,2.0,1430,1630.0,2026-10-21,20 months,False,,,,,,,,https://www.invitationhomes.com/houses-for-rent/2170-lost-forest-ln-sw-conyers-ga-30094,2026-09-06,2026-09-09,GA,Conyers,,,,,2170-lost-forest-ln-sw-conyers-ga-30094
2026-09-09,INVH,Atlanta,"5392 Medena Way, Stonecrest, GA, 30038",Atlanta,INVH-5392-medena-way-30038-103894,3,2.0,1856,2025.0,2026-09-22,20 months,False,,,,,,,,https://www.invitationhomes.com/houses-for-rent/5392-medena-way-30038-103894,2026-08-02,2026-09-09,GA,Stonecrest,,,,,5392-medena-way-30038-103894
