scrape_date,reit,community,address,market,unit_id,beds,baths,sqft,rent,move_in_date,lease_term,has_concession,concession_hardness,concession_raw,concession_type,concession_value,concession_pct_lease_value,concession_pct_lease_term,effective_monthly_rent,listing_url,first_seen,last_seen,state,city,latitude,longitude,floorplan_name,floor_level,rentcafe_property_id
2026-08-02,UDR,10 Hanover Square,,New York,UDR-10-hanover-square-1br-665sqft-15H,1,1.0,665,5465.0,2026-09-19,12,True,hard,Save $2400 off rent!,dollar_off,2400.0,3.66,,5265.0,https://www.udr.com/new-york-city-apartments/lower-manhattan/10-hanover-square/,2026-07-19,2026-08-02,,,,,One Bedroom H,15,37395
2026-08-02,UDR,10 Hanover Square,,New York,UDR-10-hanover-square-1br-665sqft-22H,1,1.0,665,5506.0,2026-10-03,12,True,hard,Save $2400 off rent!,dollar_off,2400.0,3.63,,5306.0,https://www.udr.com/new-york-city-apartments/lower-manhattan/10-hanover-square/,2026-07-19,2026-08-02,,,,,One Bedroom H,22,37395
2026-08-02,UDR,10 Hanover Square,,New York,UDR-10-hanover-square-1br-667sqft-02L,1,1.0,667,5212.0,2026-09-08,12,True,hard,Save $2400 off rent!,dollar_off,2400.0,3.84,,5012.0,https://www.udr.com/new-york-city-apartments/lower-manhattan/10-hanover-square/,2026-07-19,2026-08-02,,,,,One Bedroom L,2,37395
2026-08-02,UDR,10 Hanover Square,,New York,UDR-10-hanover-square-1br-781sqft-05F,1,1.0,781,5995.0,2026-08-03,13,True,hard,Save $2400 off rent!,dollar_off,2400.0,3.08,,5810.38,https://www.udr.com/new-york-city-apartments/lower-manhattan/10-hanover-square/,2026-08-02,2026-08-02,,,,,One Bedroom w/Home Office F,5,37395
2026-08-02,UDR,10 Hanover Square,,New York,UDR-10-hanover-square-1br-833sqft-22I,1,1.0,833,5597.0,2026-08-21,13,True,hard,Save $2400 off rent!,dollar_off,2400.0,3.3,,5412.38,https://www.udr.com/new-york-city-apartments/lower-manhattan/10-hanover-square/,2026-07-19,2026-08-02,,,,,One Bedroom I,22,37395
2026-08-02,UDR,10 Hanover Square,,New York,UDR-10-hanover-square-1br-867sqft-02M,1,1.0,867,5697.0,2026-08-07,13,True,hard,Save $2400 off rent!,dollar_off,2400.0,3.24,,5512.38,https://www.udr.com/new-york-city-apartments/lower-manhattan/10-hanover-square/,2026-07-19,2026-08-02,,,,,One Bedroom M,2,37395
2026-08-02,UDR,10 Hanover Square,,New York,UDR-10-hanover-square-1br-867sqft-17M,1,1.0,867,5712.0,2026-10-31,13,True,hard,Save $2400 off rent!,dollar_off,2400.0,3.23,,5527.38,https://www.udr.com/new-york-city-apartments/lower-manhattan/10-hanover-square/,2026-08-02,2026-08-02,,,,,One Bedroom M,17,37395
2026-08-02,UDR,10 Hanover Square,,New York,UDR-10-hanover-square-0br-419sqft-23H,0,1.0,419,3735.0,2026-09-04,12,True,hard,Save $2400 off rent!,dollar_off,2400.0,5.35,,3535.0,https://www.udr.com/new-york-city-apartments/lower-manhattan/10-hanover-square/,2026-05-23,2026-08-02,,,,,Penthouse H,23,37395
2026-08-02,UDR,10 Hanover Square,,New York,UDR-10-hanover-square-0br-545sqft-10U,0,1.0,545,4242.0,2026-08-08,13,True,hard,Save $2400 off rent!,dollar_off,2400.0,4.35,,4057.38,https://www.udr.com/new-york-city-apartments/lower-manhattan/10-hanover-square/,2026-08-02,2026-08-02,,,,,Studio w/Alcove U,10,37395
2026-08-02,UDR,10 Hanover Square,,New York,UDR-10-hanover-square-0br-545sqft-23U,0,1.0,545,4342.0,2026-08-14,12,True,hard,Save $2400 off rent!,dollar_off,2400.0,4.61,,4142.0,https://www.udr.com/new-york-city-apartments/lower-manhattan/10-hanover-square/,2026-06-13,2026-08-02,,,,,Studio w/Alcove U,23,37395
2026-08-02,UDR,10 Hanover Square,,New York,UDR-10-hanover-square-0br-431sqft-19X,0,1.0,431,3783.0,2026-08-03,12,True,hard,Save $2400 off rent!,dollar_off,2400.0,5.29,,3583.0,https://www.udr.com/new-york-city-apartments/lower-manhattan/10-hanover-square/,2026-05-23,2026-08-02,,,,,Studio X,19,37395
2026-08-02,UDR,10 Hanover Square,,New York,UDR-10-hanover-square-0br-431sqft-23X,0,1.0,431,3820.0,2026-08-03,12,True,hard,Save $2400 off rent!,dollar_off,2400.0,5.24,,3620.0,https://www.udr.com/new-york-city-apartments/lower-manhattan/10-hanover-square/,2026-05-30,2026-08-02,,,,,Studio X,23,37395
2026-08-02,UDR,10 Hanover Square,,New York,UDR-10-hanover-square-0br-549sqft-09V,0,1.0,549,4347.0,2026-09-26,13,True,hard,Save $2400 off rent!,dollar_off,2400.0,4.25,,4162.38,https://www.udr.com/new-york-city-apartments/lower-manhattan/10-hanover-square/,2026-08-02,2026-08-02,,,,,Studio w/Alcove V,9,37395
2026-08-02,UDR,10 Hanover Square,,New York,UDR-10-hanover-square-0br-549sqft-14V,0,1.0,549,4243.0,2026-09-18,12,True,hard,Save $2400 off rent!,dollar_off,2400.0,4.71,,4043.0,https://www.udr.com/new-york-city-apartments/lower-manhattan/10-hanover-square/,2026-08-02,2026-08-02,,,,,Studio w/Alcove V,14,37395
2026-08-02,UDR,10 Hanover Square,,New York,UDR-10-hanover-square-0br-549sqft-16V,0,1.0,549,4542.0,2026-10-03,12,True,hard,Save $2400 off rent!,dollar_off,2400.0,4.4,,4342.0,https://www.udr.com/new-york-city-apartments/lower-manhattan/10-hanover-square/,2026-04-04,2026-08-02,,,,,Studio w/Alcove V,16,37395
2026-08-02,UDR,10 Hanover Square,,New York,UDR-10-hanover-square-0br-549sqft-21V,0,1.0,549,4292.0,2026-08-03,13,True,hard,Save $2400 off rent!,dollar_off,2400.0,4.3,,4107.38,https://www.udr.com/new-york-city-apartments/lower-manhattan/10-hanover-square/,2026-04-12,2026-08-02,,,,,Studio w/Alcove V,21,37395
2026-08-02,UDR,10 Hanover Square,,New York,UDR-10-hanover-square-0br-549sqft-23V,0,1.0,549,4635.0,2026-10-03,12,True,hard,Save $2400 off rent!,dollar_off,2400.0,4.31,,4435.0,https://www.udr.com/new-york-city-apartments/lower-manhattan/10-hanover-square/,2026-07-19,2026-08-02,,,,,Studio w/Alcove V,23,37395
2026-08-02,UDR,10 Hanover Square,,New York,UDR-10-hanover-square-0br-658sqft-11Q,0,1.0,658,4371.0,2026-08-21,12,True,hard,Save $2400 off rent!,dollar_off,2400.0,4.58,,4171.0,https://www.udr.com/new-york-city-apartments/lower-manhattan/10-hanover-square/,2026-05-23,2026-08-02,,,,,Studio w/ Home Office Q,11,37395
2026-08-02,UDR,10 Hanover Square,,New York,UDR-10-hanover-square-0br-679sqft-16B,0,1.0,679,4678.0,2026-09-25,13,True,hard,Save $2400 off rent!,dollar_off,2400.0,3.95,,4493.38,https://www.udr.com/new-york-city-apartments/lower-manhattan/10-hanover-square/,2026-08-02,2026-08-02,,,,,Studio w/Home Office B,16,37395
2026-08-02,UDR,10 Hanover Square,,New York,UDR-10-hanover-square-0br-550sqft-02T,0,1.0,550,4246.0,2026-08-03,13,True,hard,Save $2400 off rent!,dollar_off,2400.0,4.35,,4061.38,https://www.udr.com/new-york-city-apartments/lower-manhattan/10-hanover-square/,2026-06-13,2026-08-02,,,,,Studio w/Alcove T,2,37395
2026-08-02,UDR,10 Hanover Square,,New York,UDR-10-hanover-square-0br-550sqft-12T,0,1.0,550,4372.0,2026-09-25,13,True,hard,Save $2400 off rent!,dollar_off,2400.0,4.22,,4187.38,https://www.udr.com/new-york-city-apartments/lower-manhattan/10-hanover-square/,2026-06-08,2026-08-02,,,,,Studio w/Alcove T,12,37395
2026-08-02,UDR,10 Hanover Square,,New York,UDR-10-hanover-square-0br-556sqft-15S,0,1.0,556,4303.0,2026-10-10,12,True,hard,Save $2400 off rent!,dollar_off,2400.0,4.65,,4103.0,https://www.udr.com/new-york-city-apartments/lower-manhattan/10-hanover-square/,2026-08-02,2026-08-02,,,,,Studio w/Alcove S,15,37395
2026-08-02,UDR,10 Hanover Square,,New York,UDR-10-hanover-square-0br-556sqft-20S,0,1.0,556,4372.0,2026-10-02,12,True,hard,Save $2400 off rent!,dollar_off,2400.0,4.57,,4172.0,https://www.udr.com/new-york-city-apartments/lower-manhattan/10-hanover-square/,2026-08-02,2026-08-02,,,,,Studio w/Alcove S,20,37395
2026-08-02,UDR,10 Hanover Square,,New York,UDR-10-hanover-square-0br-556sqft-23S,0,1.0,556,4395.0,2026-08-17,12,True,hard,Save $2400 off rent!,dollar_off,2400.0,4.55,,4195.0,https://www.udr.com/new-york-city-apartments/lower-manhattan/10-hanover-square/,2026-06-08,2026-08-02,,,,,Studio w/Alcove S,23,37395
2026-08-02,UDR,10 Hanover Square,,New York,UDR-10-hanover-square-0br-560sqft-04R,0,1.0,560,4361.0,2026-09-11,12,True,hard,Save $2400 off rent!,dollar_off,2400.0,4.59,,4161.0,https://www.udr.com/new-york-city-apartments/lower-manhattan/10-hanover-square/,2026-07-19,2026-08-02,,,,,Studio w/Home Office R,4,37395
2026-08-02,UDR,10 Hanover Square,,New York,UDR-10-hanover-square-0br-560sqft-06R,0,1.0,560,4217.0,2026-09-12,12,True,hard,Save $2400 off rent!,dollar_off,2400.0,4.74,,4017.0,https://www.udr.com/new-york-city-apartments/lower-manhattan/10-hanover-square/,2026-08-02,2026-08-02,,,,,Studio w/Home Office R,6,37395
2026-08-02,UDR,10 Hanover Square,,New York,UDR-10-hanover-square-0br-560sqft-08R,0,1.0,560,4353.0,2026-09-26,13,True,hard,Save $2400 off rent!,dollar_off,2400.0,4.24,,4168.38,https://www.udr.com/new-york-city-apartments/lower-manhattan/10-hanover-square/,2026-07-19,2026-08-02,,,,,Studio w/Home Office R,8,37395
2026-08-02,UDR,10 Hanover Square,,New York,UDR-10-hanover-square-0br-679sqft-09D,0,1.0,679,4360.0,2026-09-18,12,True,hard,Save $2400 off rent!,dollar_off,2400.0,4.59,,4160.0,https://www.udr.com/new-york-city-apartments/lower-manhattan/10-hanover-square/,2026-06-13,2026-08-02,,,,,Studio w/Alcove D,9,37395
2026-08-02,UDR,10 Hanover Square,,New York,UDR-10-hanover-square-0br-557sqft-06P,0,1.0,557,4232.0,2026-08-28,13,True,hard,Save $2400 off rent!,dollar_off,2400.0,4.36,,4047.38,https://www.udr.com/new-york-city-apartments/lower-manhattan/10-hanover-square/,2026-05-23,2026-08-02,,,,,Studio w/Alcove P,6,37395
2026-08-02,UDR,10 Hanover Square,,New York,UDR-10-hanover-square-0br-557sqft-08P,0,1.0,557,4169.0,2026-12-25,12,True,hard,Save $2400 off rent!,dollar_off,2400.0,4.8,,3969.0,https://www.udr.com/new-york-city-apartments/lower-manhattan/10-hanover-square/,2026-07-19,2026-08-02,,,,,Studio w/Alcove P,8,37395
2026-08-02,UDR,10 Hanover Square,,New York,UDR-10-hanover-square-0br-564sqft-12Q,0,1.0,564,4436.0,2026-10-16,12,True,hard,Save $2400 off rent!,dollar_off,2400.0,4.51,,4236.0,https://www.udr.com/new-york-city-apartments/lower-manhattan/10-hanover-square/,2026-08-02,2026-08-02,,,,,Studio w/Alcove Q,12,37395
2026-08-02,UDR,10 Hanover Square,,New York,UDR-10-hanover-square-0br-564sqft-22Q,0,1.0,564,4248.0,2026-09-01,12,True,hard,Save $2400 off rent!,dollar_off,2400.0,4.71,,4048.0,https://www.udr.com/new-york-city-apartments/lower-manhattan/10-hanover-square/,2026-04-04,2026-08-02,,,,,Studio w/Alcove Q,22,37395
2026-08-02,UDR,10 Hanover Square,,New York,UDR-10-hanover-square-0br-564sqft-23Q,0,1.0,564,4472.0,2026-09-25,13,True,hard,Save $2400 off rent!,dollar_off,2400.0,4.13,,4287.38,https://www.udr.com/new-york-city-apartments/lower-manhattan/10-hanover-square/,2026-08-02,2026-08-02,,,,,Studio w/Alcove Q,23,37395
2026-08-02,UDR,10 Hanover Square,,New York,UDR-10-hanover-square-0br-815sqft-04I,0,1.0,815,4637.0,2026-10-30,13,True,hard,Save $2400 off rent!,dollar_off,2400.0,3.98,,4452.38,https://www.udr.com/new-york-city-apartments/lower-manhattan/10-hanover-square/,2026-08-02,2026-08-02,,,,,E1TD - 0x1 Den,4,37395
2026-08-02,UDR,10 Hanover Square,,New York,UDR-10-hanover-square-0br-837sqft-21Z,0,1.0,837,4702.0,2026-09-18,12,True,hard,Save $2400 off rent!,dollar_off,2400.0,4.25,,4502.0,https://www.udr.com/new-york-city-apartments/lower-manhattan/10-hanover-square/,2026-06-08,2026-08-02,,,,,E1VD - 0x1 Den,21,37395
2026-08-02,UDR,10 Hanover Square,,New York,UDR-10-hanover-square-1br-851sqft-15W,1,1.0,851,5827.0,2026-10-30,13,True,hard,Save $2400 off rent!,dollar_off,2400.0,3.17,,5642.38,https://www.udr.com/new-york-city-apartments/lower-manhattan/10-hanover-square/,2026-08-02,2026-08-02,,,,,One Bedroom W,15,37395
2026-08-02,UDR,10 Hanover Square,,New York,UDR-10-hanover-square-1br-782sqft-12E,1,1.0,782,6418.0,2026-11-28,11,True,hard,Save $2400 off rent!,dollar_off,2400.0,3.4,,6199.82,https://www.udr.com/new-york-city-apartments/lower-manhattan/10-hanover-square/,2026-08-02,2026-08-02,,,,,One Bedroom w/Alcove E,12,37395
2026-08-02,UDR,10 Hanover Square,,New York,UDR-10-hanover-square-1br-782sqft-17E,1,1.0,782,6245.0,2026-10-03,12,True,hard,Save $2400 off rent!,dollar_off,2400.0,3.2,,6045.0,https://www.udr.com/new-york-city-apartments/lower-manhattan/10-hanover-square/,2026-08-02,2026-08-02,,,,,One Bedroom w/Alcove E,17,37395
2026-08-02,UDR,10 Hanover Square,,New York,UDR-10-hanover-square-1br-782sqft-19E,1,1.0,782,6100.0,2026-10-02,12,True,hard,Save $2400 off rent!,dollar_off,2400.0,3.28,,5900.0,https://www.udr.com/new-york-city-apartments/lower-manhattan/10-hanover-square/,2026-08-02,2026-08-02,,,,,One Bedroom w/Alcove E,19,37395
2026-08-02,UDR,10 Hanover Square,,New York,UDR-10-hanover-square-1br-782sqft-20E,1,1.0,782,6094.0,2026-10-03,12,True,hard,Save $2400 off rent!,dollar_off,2400.0,3.28,,5894.0,https://www.udr.com/new-york-city-apartments/lower-manhattan/10-hanover-square/,2026-08-02,2026-08-02,,,,,One Bedroom w/Alcove E,20,37395
2026-08-02,UDR,10 Hanover Square,,New York,UDR-10-hanover-square-2br-1161sqft-07A,2,2.0,1161,8118.0,2026-09-18,13,True,hard,Save $2400 off rent!,dollar_off,2400.0,2.27,,7933.38,https://www.udr.com/new-york-city-apartments/lower-manhattan/10-hanover-square/,2026-07-19,2026-08-02,,,,,Two Bedroom A,7,37395
2026-08-02,UDR,100 Pier 4,,Boston,UDR-100-pier-4-1br-537sqft-1805,1,1.0,537,4095.0,2026-10-07,12,True,hard,Save $1500 off rent!,dollar_off,1500.0,3.05,,3970.0,https://www.udr.com/boston-apartments/seaport/pier-4/,2026-07-19,2026-08-02,,,,,One Bedroom A1A,18,50250
2026-08-02,UDR,100 Pier 4,,Boston,UDR-100-pier-4-1br-727sqft-1417,1,1.0,727,4398.0,2026-08-21,12,True,hard,Save $1500 off rent!,dollar_off,1500.0,2.84,,4273.0,https://www.udr.com/boston-apartments/seaport/pier-4/,2026-05-23,2026-08-02,,,,,One Bedroom A1D,14,50250
2026-08-02,UDR,100 Pier 4,,Boston,UDR-100-pier-4-1br-727sqft-1817,1,1.0,727,4412.0,2026-08-03,12,True,hard,Save $1500 off rent!,dollar_off,1500.0,2.83,,4287.0,https://www.udr.com/boston-apartments/seaport/pier-4/,2026-04-26,2026-08-02,,,,,One Bedroom A1D,18,50250
2026-08-02,UDR,100 Pier 4,,Boston,UDR-100-pier-4-1br-727sqft-517,1,1.0,727,4309.0,2026-08-03,12,True,hard,Save $1500 off rent!,dollar_off,1500.0,2.9,,4184.0,https://www.udr.com/boston-apartments/seaport/pier-4/,2026-05-03,2026-08-02,,,,,One Bedroom A1D,5,50250
2026-08-02,UDR,100 Pier 4,,Boston,UDR-100-pier-4-1br-727sqft-717,1,1.0,727,4510.0,2026-09-25,13,True,hard,Save $1500 off rent!,dollar_off,1500.0,2.56,,4394.62,https://www.udr.com/boston-apartments/seaport/pier-4/,2026-07-19,2026-08-02,,,,,One Bedroom A1D,7,50250
2026-08-02,UDR,100 Pier 4,,Boston,UDR-100-pier-4-2br-835sqft-213,2,1.0,835,4707.0,2026-10-02,13,True,hard,Save $1500 off rent!,dollar_off,1500.0,2.45,,4591.62,https://www.udr.com/boston-apartments/seaport/pier-4/,2026-07-19,2026-08-02,,,,,Two Bedroom B1I,2,50250
2026-08-02,UDR,100 Pier 4,,Boston,UDR-100-pier-4-2br-1296sqft-1506,2,2.0,1296,6840.0,2026-09-09,12,True,hard,Save $1500 off rent!,dollar_off,1500.0,1.83,,6715.0,https://www.udr.com/boston-apartments/seaport/pier-4/,2026-06-08,2026-08-02,,,,,Two Bedroom B2E,15,50250
2026-08-02,UDR,100 Pier 4,,Boston,UDR-100-pier-4-1br-829sqft-1510,1,1.0,829,5273.0,2026-09-25,13,True,hard,Save $1500 off rent!,dollar_off,1500.0,2.19,,5157.62,https://www.udr.com/boston-apartments/seaport/pier-4/,2026-08-02,2026-08-02,,,,,One Bedroom A1AD,15,50250
2026-08-02,UDR,100 Pier 4,,Boston,UDR-100-pier-4-1br-829sqft-510,1,1.0,829,4937.0,2026-09-25,12,True,hard,Save $1500 off rent!,dollar_off,1500.0,2.53,,4812.0,https://www.udr.com/boston-apartments/seaport/pier-4/,2026-08-02,2026-08-02,,,,,One Bedroom A1AD,5,50250
2026-08-02,UDR,100 Pier 4,,Boston,UDR-100-pier-4-1br-829sqft-710,1,1.0,829,4712.0,2026-08-03,12,True,hard,Save $1500 off rent!,dollar_off,1500.0,2.65,,4587.0,https://www.udr.com/boston-apartments/seaport/pier-4/,2026-07-19,2026-08-02,,,,,One Bedroom A1AD,7,50250
2026-08-02,UDR,100 Pier 4,,Boston,UDR-100-pier-4-1br-682sqft-1807,1,1.0,682,4267.0,2026-09-04,12,True,hard,Save $1500 off rent!,dollar_off,1500.0,2.93,,4142.0,https://www.udr.com/boston-apartments/seaport/pier-4/,2026-07-19,2026-08-02,,,,,One Bedroom A1B,18,50250
2026-08-02,UDR,100 Pier 4,,Boston,UDR-100-pier-4-1br-731sqft-1108,1,1.0,731,4507.0,2026-10-02,13,True,hard,Save $1500 off rent!,dollar_off,1500.0,2.56,,4391.62,https://www.udr.com/boston-apartments/seaport/pier-4/,2026-05-23,2026-08-02,,,,,One Bedroom A1E,11,50250
2026-08-02,UDR,100 Pier 4,,Boston,UDR-100-pier-4-1br-731sqft-1508,1,1.0,731,4390.0,2026-10-23,12,True,hard,Save $1500 off rent!,dollar_off,1500.0,2.85,,4265.0,https://www.udr.com/boston-apartments/seaport/pier-4/,2026-08-02,2026-08-02,,,,,One Bedroom A1E,15,50250
2026-08-02,UDR,100 Pier 4,,Boston,UDR-100-pier-4-1br-731sqft-1708,1,1.0,731,4355.0,2026-08-21,12,True,hard,Save $1500 off rent!,dollar_off,1500.0,2.87,,4230.0,https://www.udr.com/boston-apartments/seaport/pier-4/,2026-06-22,2026-08-02,,,,,One Bedroom A1E,17,50250
2026-08-02,UDR,100 Pier 4,,Boston,UDR-100-pier-4-1br-731sqft-2108,1,1.0,731,4761.0,2026-08-03,12,True,hard,Save $1500 off rent!,dollar_off,1500.0,2.63,,4636.0,https://www.udr.com/boston-apartments/seaport/pier-4/,2026-04-04,2026-08-02,,,,,One Bedroom A1E-PH,21,50250
2026-08-02,UDR,100 Pier 4,,Boston,UDR-100-pier-4-1br-744sqft-1014,1,1.0,744,4154.0,2026-08-21,12,True,hard,Save $1500 off rent!,dollar_off,1500.0,3.01,,4029.0,https://www.udr.com/boston-apartments/seaport/pier-4/,2026-07-19,2026-08-02,,,,,One Bedroom A1F,10,50250
2026-08-02,UDR,100 Pier 4,,Boston,UDR-100-pier-4-1br-744sqft-1614,1,1.0,744,4200.0,2026-08-03,12,True,hard,Save $1500 off rent!,dollar_off,1500.0,2.98,,4075.0,https://www.udr.com/boston-apartments/seaport/pier-4/,2026-06-08,2026-08-02,,,,,One Bedroom A1F,16,50250
2026-08-02,UDR,100 Pier 4,,Boston,UDR-100-pier-4-1br-744sqft-1714,1,1.0,744,4271.0,2026-09-04,12,True,hard,Save $1500 off rent!,dollar_off,1500.0,2.93,,4146.0,https://www.udr.com/boston-apartments/seaport/pier-4/,2026-07-19,2026-08-02,,,,,One Bedroom A1F,17,50250
2026-08-02,UDR,100 Pier 4,,Boston,UDR-100-pier-4-1br-744sqft-2214,1,1.0,744,4832.0,2026-10-02,13,True,hard,Save $1500 off rent!,dollar_off,1500.0,2.39,,4716.62,https://www.udr.com/boston-apartments/seaport/pier-4/,2026-06-13,2026-08-02,,,,,One Bedroom A1F-PH,22,50250
2026-08-02,UDR,100 Pier 4,,Boston,UDR-100-pier-4-1br-765sqft-1411,1,1.0,765,5090.0,2026-09-11,12,True,hard,Save $1500 off rent!,dollar_off,1500.0,2.46,,4965.0,https://www.udr.com/boston-apartments/seaport/pier-4/,2026-06-22,2026-08-02,,,,,One Bedroom A1H,14,50250
2026-08-02,UDR,100 Pier 4,,Boston,UDR-100-pier-4-1br-765sqft-2211,1,1.0,765,5451.0,2026-09-25,13,True,hard,Save $1500 off rent!,dollar_off,1500.0,2.12,,5335.62,https://www.udr.com/boston-apartments/seaport/pier-4/,2026-05-16,2026-08-02,,,,,One Bedroom A1H-PH,22,50250
2026-08-02,UDR,100 Pier 4,,Boston,UDR-100-pier-4-1br-768sqft-1002,1,1.0,768,4792.0,2026-09-11,12,True,hard,Save $1500 off rent!,dollar_off,1500.0,2.61,,4667.0,https://www.udr.com/boston-apartments/seaport/pier-4/,2026-07-19,2026-08-02,,,,,One Bedroom A1J,10,50250
2026-08-02,UDR,100 Pier 4,,Boston,UDR-100-pier-4-1br-781sqft-903,1,1.0,781,4847.0,2026-09-18,12,True,hard,Save $1500 off rent!,dollar_off,1500.0,2.58,,4722.0,https://www.udr.com/boston-apartments/seaport/pier-4/,2026-05-09,2026-08-02,,,,,One Bedroom A1K,9,50250
2026-08-02,UDR,100 Pier 4,,Boston,UDR-100-pier-4-0br-562sqft-2001,0,1.0,562,3593.0,2026-09-18,13,True,hard,Save $1500 off rent!,dollar_off,1500.0,3.21,,3477.62,https://www.udr.com/boston-apartments/seaport/pier-4/,2026-07-19,2026-08-02,,,,,Studio E1N,20,50250
2026-08-02,UDR,100 Pier 4,,Boston,UDR-100-pier-4-0br-562sqft-2201,0,1.0,562,3655.0,2026-09-11,13,True,hard,Save $1500 off rent!,dollar_off,1500.0,3.16,,3539.62,https://www.udr.com/boston-apartments/seaport/pier-4/,2026-06-13,2026-08-02,,,,,Studio E1N-PH,22,50250
2026-08-02,UDR,100 Pier 4,,Boston,UDR-100-pier-4-1br-847sqft-1409,1,1.0,847,5312.0,2026-09-18,12,True,hard,Save $1500 off rent!,dollar_off,1500.0,2.35,,5187.0,https://www.udr.com/boston-apartments/seaport/pier-4/,2026-07-19,2026-08-02,,,,,One Bedroom A1BD,14,50250
2026-08-02,UDR,101 N Meridian,,Tampa,UDR-101-n-meridian-1br-498sqft-1109,1,1.0,498,2223.0,2026-10-03,13,True,hard,Save $600 off rent! Applies to first full month's rent only. *Select apartments,dollar_off,600.0,2.08,,2176.85,https://www.udr.com/tampa-apartments/channel-district/101-n-meridian/,2026-07-19,2026-08-02,,,,,One Bedroom - A1A,11,505311556
2026-08-02,UDR,101 N Meridian,,Tampa,UDR-101-n-meridian-1br-498sqft-1209,1,1.0,498,2173.0,2026-08-03,13,True,hard,Save $600 off rent! Applies to first full month's rent only. *Select apartments,dollar_off,600.0,2.12,,2126.85,https://www.udr.com/tampa-apartments/channel-district/101-n-meridian/,2026-04-19,2026-08-02,,,,,One Bedroom - A1A,12,505311556
2026-08-02,UDR,101 N Meridian,,Tampa,UDR-101-n-meridian-1br-501sqft-1525,1,1.0,501,2204.0,2026-08-03,13,True,hard,Save $600 off rent! Applies to first full month's rent only. *Select apartments,dollar_off,600.0,2.09,,2157.85,https://www.udr.com/tampa-apartments/channel-district/101-n-meridian/,2026-05-16,2026-08-02,,,,,One Bedroom - A1B,15,505311556
2026-08-02,UDR,101 N Meridian,,Tampa,UDR-101-n-meridian-1br-504sqft-1011,1,1.0,504,2183.0,2026-09-12,12,True,hard,Save $600 off rent! Applies to first full month's rent only. *Select apartments,dollar_off,600.0,2.29,,2133.0,https://www.udr.com/tampa-apartments/channel-district/101-n-meridian/,2026-06-22,2026-08-02,,,,,One Bedroom - A1C,10,505311556
2026-08-02,UDR,101 N Meridian,,Tampa,UDR-101-n-meridian-1br-514sqft-0401,1,1.0,514,2142.0,2026-11-14,13,True,hard,Save $600 off rent! Applies to first full month's rent only. *Select apartments,dollar_off,600.0,2.15,,2095.85,https://www.udr.com/tampa-apartments/channel-district/101-n-meridian/,2026-08-02,2026-08-02,,,,,One Bedroom - A1D,4,505311556
2026-08-02,UDR,101 N Meridian,,Tampa,UDR-101-n-meridian-1br-514sqft-0501,1,1.0,514,2102.0,2026-08-03,13,True,hard,Save $600 off rent! Applies to first full month's rent only. *Select apartments,dollar_off,600.0,2.2,,2055.85,https://www.udr.com/tampa-apartments/channel-district/101-n-meridian/,2026-05-09,2026-08-02,,,,,One Bedroom - A1D,5,505311556
2026-08-02,UDR,101 N Meridian,,Tampa,UDR-101-n-meridian-1br-608sqft-1038,1,1.0,608,2473.0,2026-10-24,13,True,hard,Save $600 off rent! Applies to first full month's rent only. *Select apartments,dollar_off,600.0,1.87,,2426.85,https://www.udr.com/tampa-apartments/channel-district/101-n-meridian/,2026-08-02,2026-08-02,,,,,One Bedroom - A1F,10,505311556
2026-08-02,UDR,101 N Meridian,,Tampa,UDR-101-n-meridian-1br-608sqft-1236,1,1.0,608,2342.0,2026-09-03,12,True,hard,Save $600 off rent! Applies to first full month's rent only. *Select apartments,dollar_off,600.0,2.13,,2292.0,https://www.udr.com/tampa-apartments/channel-district/101-n-meridian/,2026-07-19,2026-08-02,,,,,One Bedroom - A1F,12,505311556
2026-08-02,UDR,101 N Meridian,,Tampa,UDR-101-n-meridian-1br-608sqft-1437,1,1.0,608,2469.0,2026-09-19,12,True,hard,Save $600 off rent! Applies to first full month's rent only. *Select apartments,dollar_off,600.0,2.03,,2419.0,https://www.udr.com/tampa-apartments/channel-district/101-n-meridian/,2026-07-19,2026-08-02,,,,,One Bedroom - A1F,14,505311556
2026-08-02,UDR,101 N Meridian,,Tampa,UDR-101-n-meridian-1br-608sqft-1438,1,1.0,608,2399.0,2026-09-12,12,True,hard,Save $600 off rent! Applies to first full month's rent only. *Select apartments,dollar_off,600.0,2.08,,2349.0,https://www.udr.com/tampa-apartments/channel-district/101-n-meridian/,2026-07-19,2026-08-02,,,,,One Bedroom - A1F,14,505311556
2026-08-02,UDR,101 N Meridian,,Tampa,UDR-101-n-meridian-1br-610sqft-1039,1,1.0,610,2474.0,2026-09-26,12,True,hard,Save $600 off rent! Applies to first full month's rent only. *Select apartments,dollar_off,600.0,2.02,,2424.0,https://www.udr.com/tampa-apartments/channel-district/101-n-meridian/,2026-07-19,2026-08-02,,,,,One Bedroom - A1G,10,505311556
2026-08-02,UDR,101 N Meridian,,Tampa,UDR-101-n-meridian-1br-610sqft-1539,1,1.0,610,2744.0,2026-10-03,13,True,hard,Save $600 off rent! Applies to first full month's rent only. *Select apartments,dollar_off,600.0,1.68,,2697.85,https://www.udr.com/tampa-apartments/channel-district/101-n-meridian/,2026-07-19,2026-08-02,,,,,One Bedroom - A1G,15,505311556
2026-08-02,UDR,101 N Meridian,,Tampa,UDR-101-n-meridian-1br-684sqft-0714,1,1.0,684,2321.0,2026-09-12,12,True,hard,Save $600 off rent! Applies to first full month's rent only. *Select apartments,dollar_off,600.0,2.15,,2271.0,https://www.udr.com/tampa-apartments/channel-district/101-n-meridian/,2026-06-13,2026-08-02,,,,,One Bedroom - A1H,7,505311556
2026-08-02,UDR,101 N Meridian,,Tampa,UDR-101-n-meridian-1br-698sqft-0503,1,1.0,698,2675.0,2026-10-04,13,True,hard,Save $600 off rent! Applies to first full month's rent only. *Select apartments,dollar_off,600.0,1.73,,2628.85,https://www.udr.com/tampa-apartments/channel-district/101-n-meridian/,2026-08-02,2026-08-02,,,,,One Bedroom - A1I,5,505311556
2026-08-02,UDR,101 N Meridian,,Tampa,UDR-101-n-meridian-1br-702sqft-0717,1,1.0,702,2639.0,2026-09-26,13,True,hard,Save $600 off rent! Applies to first full month's rent only. *Select apartments,dollar_off,600.0,1.75,,2592.85,https://www.udr.com/tampa-apartments/channel-district/101-n-meridian/,2026-07-19,2026-08-02,,,,,One Bedroom - A1K,7,505311556
2026-08-02,UDR,101 N Meridian,,Tampa,UDR-101-n-meridian-1br-812sqft-1504,1,1.0,812,3494.0,2026-10-03,13,True,hard,Save $600 off rent! Applies to first full month's rent only. *Select apartments,dollar_off,600.0,1.32,,3447.85,https://www.udr.com/tampa-apartments/channel-district/101-n-meridian/,2026-08-02,2026-08-02,,,,,One Bedroom - A1M,15,505311556
2026-08-02,UDR,101 N Meridian,,Tampa,UDR-101-n-meridian-0br-464sqft-1409,0,1.0,464,1947.0,2026-09-05,12,True,hard,Save $600 off rent! Applies to first full month's rent only. *Select apartments,dollar_off,600.0,2.57,,1897.0,https://www.udr.com/tampa-apartments/channel-district/101-n-meridian/,2026-06-08,2026-08-02,,,,,Studio - E1A,14,505311556
2026-08-02,UDR,101 N Meridian,,Tampa,UDR-101-n-meridian-0br-464sqft-1411,0,1.0,464,2006.0,2026-09-26,13,True,hard,Save $600 off rent! Applies to first full month's rent only. *Select apartments,dollar_off,600.0,2.3,,1959.85,https://www.udr.com/tampa-apartments/channel-district/101-n-meridian/,2026-05-16,2026-08-02,,,,,Studio - E1A,14,505311556
2026-08-02,UDR,101 N Meridian,,Tampa,UDR-101-n-meridian-0br-464sqft-1422,0,1.0,464,1821.0,2026-09-11,12,True,hard,Save $600 off rent! Applies to first full month's rent only. *Select apartments,dollar_off,600.0,2.75,,1771.0,https://www.udr.com/tampa-apartments/channel-district/101-n-meridian/,2026-07-19,2026-08-02,,,,,Studio - E1A,14,505311556
2026-08-02,UDR,101 N Meridian,,Tampa,UDR-101-n-meridian-0br-514sqft-1204,0,1.0,514,1906.0,2026-09-04,12,True,hard,Save $600 off rent! Applies to first full month's rent only. *Select apartments,dollar_off,600.0,2.62,,1856.0,https://www.udr.com/tampa-apartments/channel-district/101-n-meridian/,2026-07-19,2026-08-02,,,,,Studio - E1B,12,505311556
2026-08-02,UDR,101 N Meridian,,Tampa,UDR-101-n-meridian-2br-1012sqft-1230,2,2.0,1012,3571.0,2026-10-10,12,True,hard,Save $600 off rent! Applies to first full month's rent only. *Select apartments,dollar_off,600.0,1.4,,3521.0,https://www.udr.com/tampa-apartments/channel-district/101-n-meridian/,2026-08-02,2026-08-02,,,,,Two Bedroom - B2A,12,505311556
2026-08-02,UDR,101 N Meridian,,Tampa,UDR-101-n-meridian-2br-1030sqft-1121,2,2.0,1030,3406.0,2026-08-16,12,True,hard,Save $600 off rent! Applies to first full month's rent only. *Select apartments,dollar_off,600.0,1.47,,3356.0,https://www.udr.com/tampa-apartments/channel-district/101-n-meridian/,2026-07-19,2026-08-02,,,,,Two Bedroom - B2C,11,505311556
2026-08-02,UDR,101 N Meridian,,Tampa,UDR-101-n-meridian-2br-1146sqft-0606,2,2.0,1146,4016.0,2026-08-03,12,True,hard,Save $600 off rent! Applies to first full month's rent only. *Select apartments,dollar_off,600.0,1.25,,3966.0,https://www.udr.com/tampa-apartments/channel-district/101-n-meridian/,2026-05-03,2026-08-02,,,,,Two Bedroom - B2E,6,505311556
2026-08-02,UDR,101 N Meridian,,Tampa,UDR-101-n-meridian-2br-1407sqft-0102,2,2.5,1407,4693.0,2026-09-19,13,True,hard,Save $600 off rent! Applies to first full month's rent only. *Select apartments,dollar_off,600.0,0.98,,4646.85,https://www.udr.com/tampa-apartments/channel-district/101-n-meridian/,2026-06-13,2026-08-02,,,,,Two Bedroom - B2THD2,1,505311556
2026-08-02,UDR,101 N Meridian,,Tampa,UDR-101-n-meridian-2br-1407sqft-0107,2,2.5,1407,4581.0,2026-08-03,12,True,hard,Save $600 off rent! Applies to first full month's rent only. *Select apartments,dollar_off,600.0,1.09,,4531.0,https://www.udr.com/tampa-apartments/channel-district/101-n-meridian/,2026-04-04,2026-08-02,,,,,Two Bedroom - B2THD2,1,505311556
2026-08-02,UDR,1200 East West,,Washington DC,UDR-1200-east-west-1br-715sqft-0421,1,1.0,715,1985.0,2026-08-29,10,True,hard,Save $1500 off rent!,dollar_off,1500.0,7.56,,1835.0,https://www.udr.com/washington-dc-apartments/silver-spring/1200-east-west/,2026-06-08,2026-08-02,,,,,One Bedroom A1B,4,51502
2026-08-02,UDR,1200 East West,,Washington DC,UDR-1200-east-west-1br-715sqft-0703,1,1.0,715,2259.0,2026-08-14,10,True,hard,Save $1500 off rent!,dollar_off,1500.0,6.64,,2109.0,https://www.udr.com/washington-dc-apartments/silver-spring/1200-east-west/,2026-05-03,2026-08-02,,,,,One Bedroom A1B,7,51502
2026-08-02,UDR,1200 East West,,Washington DC,UDR-1200-east-west-1br-715sqft-1203,1,1.0,715,1847.0,2026-09-11,14,True,hard,Save $1500 off rent!,dollar_off,1500.0,5.8,,1739.86,https://www.udr.com/washington-dc-apartments/silver-spring/1200-east-west/,2026-07-19,2026-08-02,,,,,One Bedroom A1B,12,51502
2026-08-02,UDR,1200 East West,,Washington DC,UDR-1200-east-west-1br-715sqft-1305,1,1.0,715,1911.0,2026-08-21,10,True,hard,Save $1500 off rent!,dollar_off,1500.0,7.85,,1761.0,https://www.udr.com/washington-dc-apartments/silver-spring/1200-east-west/,2026-06-22,2026-08-02,,,,,One Bedroom A1B,13,51502
2026-08-02,UDR,1200 East West,,Washington DC,UDR-1200-east-west-1br-740sqft-1304,1,1.0,740,1871.0,2026-08-07,10,True,hard,Save $1500 off rent!,dollar_off,1500.0,8.02,,1721.0,https://www.udr.com/washington-dc-apartments/silver-spring/1200-east-west/,2026-08-02,2026-08-02,,,,,One Bedroom A1C,13,51502
2026-08-02,UDR,1200 East West,,Washington DC,UDR-1200-east-west-1br-740sqft-1404,1,1.0,740,2385.0,2026-08-14,10,True,hard,Save $1500 off rent!,dollar_off,1500.0,6.29,,2235.0,https://www.udr.com/washington-dc-apartments/silver-spring/1200-east-west/,2026-06-08,2026-08-02,,,,,One Bedroom A1C,14,51502
2026-08-02,UDR,1200 East West,,Washington DC,UDR-1200-east-west-2br-975sqft-0402,2,2.5,975,2581.0,2026-10-10,12,True,hard,Save $1500 off rent!,dollar_off,1500.0,4.84,,2456.0,https://www.udr.com/washington-dc-apartments/silver-spring/1200-east-west/,2026-05-30,2026-08-02,,,,,Two Bedroom B2.5A,4,51502
2026-08-02,UDR,1200 East West,,Washington DC,UDR-1200-east-west-2br-905sqft-0315,2,2.0,905,2530.0,2026-09-26,13,True,hard,Save $1500 off rent!,dollar_off,1500.0,4.56,,2414.62,https://www.udr.com/washington-dc-apartments/silver-spring/1200-east-west/,2026-07-19,2026-08-02,,,,,Two Bedroom B2A,3,51502
2026-08-02,UDR,1200 East West,,Washington DC,UDR-1200-east-west-2br-905sqft-1415,2,2.0,905,2495.0,2026-08-03,14,True,hard,Save $1500 off rent!,dollar_off,1500.0,4.29,,2387.86,https://www.udr.com/washington-dc-apartments/silver-spring/1200-east-west/,2026-05-09,2026-08-02,,,,,Two Bedroom B2A,14,51502
2026-08-02,UDR,1200 East West,,Washington DC,UDR-1200-east-west-2br-925sqft-0322,2,2.0,925,2343.0,2026-10-09,12,True,hard,Save $1500 off rent!,dollar_off,1500.0,5.34,,2218.0,https://www.udr.com/washington-dc-apartments/silver-spring/1200-east-west/,2026-08-02,2026-08-02,,,,,Two Bedroom B2B,3,51502
2026-08-02,UDR,1200 East West,,Washington DC,UDR-1200-east-west-2br-925sqft-0422,2,2.0,925,2622.0,2026-09-29,13,True,hard,Save $1500 off rent!,dollar_off,1500.0,4.4,,2506.62,https://www.udr.com/washington-dc-apartments/silver-spring/1200-east-west/,2026-06-08,2026-08-02,,,,,Two Bedroom B2B,4,51502
2026-08-02,UDR,1200 East West,,Washington DC,UDR-1200-east-west-2br-925sqft-0523,2,2.0,925,2352.0,2026-09-15,13,True,hard,Save $1500 off rent!,dollar_off,1500.0,4.91,,2236.62,https://www.udr.com/washington-dc-apartments/silver-spring/1200-east-west/,2026-07-19,2026-08-02,,,,,Two Bedroom B2B,5,51502
2026-08-02,UDR,1200 East West,,Washington DC,UDR-1200-east-west-2br-925sqft-0722,2,2.0,925,2610.0,2026-09-26,13,True,hard,Save $1500 off rent!,dollar_off,1500.0,4.42,,2494.62,https://www.udr.com/washington-dc-apartments/silver-spring/1200-east-west/,2026-07-19,2026-08-02,,,,,Two Bedroom B2B,7,51502
2026-08-02,UDR,1200 East West,,Washington DC,UDR-1200-east-west-2br-925sqft-1122,2,2.0,925,2798.0,2026-09-04,13,True,hard,Save $1500 off rent!,dollar_off,1500.0,4.12,,2682.62,https://www.udr.com/washington-dc-apartments/silver-spring/1200-east-west/,2026-07-19,2026-08-02,,,,,Two Bedroom B2B,11,51502
2026-08-02,UDR,1274 at Towson,,Baltimore,UDR-1274-at-towson-1br-603sqft-2406,1,1.0,603,1550.0,2026-08-07,13,True,hard,Save $500 off of 1st Full month's rent!,dollar_off,500.0,2.48,,1511.54,https://www.udr.com/baltimore-apartments/towson/1274-at-towson/,2026-06-08,2026-08-02,,,,,One Bedroom A1A,4,408131801
2026-08-02,UDR,1274 at Towson,,Baltimore,UDR-1274-at-towson-1br-603sqft-4406,1,1.0,603,1596.0,2026-08-03,13,True,hard,Save $500 off of 1st Full month's rent!,dollar_off,500.0,2.41,,1557.54,https://www.udr.com/baltimore-apartments/towson/1274-at-towson/,2026-05-16,2026-08-02,,,,,One Bedroom A1A,4,408131801
2026-08-02,UDR,1274 at Towson,,Baltimore,UDR-1274-at-towson-1br-608sqft-1312,1,1.0,608,1586.0,2026-09-25,12,True,hard,Save $500 off of 1st Full month's rent!,dollar_off,500.0,2.63,,1544.33,https://www.udr.com/baltimore-apartments/towson/1274-at-towson/,2026-07-19,2026-08-02,,,,,One Bedroom A1B,3,408131801
2026-08-02,UDR,1274 at Towson,,Baltimore,UDR-1274-at-towson-1br-725sqft-1410,1,1.0,725,1683.0,2026-08-28,13,True,hard,Save $500 off of 1st Full month's rent!,dollar_off,500.0,2.29,,1644.54,https://www.udr.com/baltimore-apartments/towson/1274-at-towson/,2026-06-22,2026-08-02,,,,,One Bedroom A1C,4,408131801
2026-08-02,UDR,1274 at Towson,,Baltimore,UDR-1274-at-towson-1br-725sqft-2209,1,1.0,725,1698.0,2026-10-30,14,True,hard,Save $500 off of 1st Full month's rent!,dollar_off,500.0,2.1,,1662.29,https://www.udr.com/baltimore-apartments/towson/1274-at-towson/,2026-07-19,2026-08-02,,,,,One Bedroom A1C,2,408131801
2026-08-02,UDR,1274 at Towson,,Baltimore,UDR-1274-at-towson-1br-727sqft-3113,1,1.0,727,1708.0,2026-09-11,12,True,hard,Save $500 off of 1st Full month's rent!,dollar_off,500.0,2.44,,1666.33,https://www.udr.com/baltimore-apartments/towson/1274-at-towson/,2026-06-13,2026-08-02,,,,,One Bedroom A1E,1,408131801
2026-08-02,UDR,1274 at Towson,,Baltimore,UDR-1274-at-towson-1br-738sqft-3303,1,1.0,738,1731.0,2026-10-02,14,True,hard,Save $500 off of 1st Full month's rent!,dollar_off,500.0,2.06,,1695.29,https://www.udr.com/baltimore-apartments/towson/1274-at-towson/,2026-08-02,2026-08-02,,,,,One Bedroom A1F,3,408131801
2026-08-02,UDR,1274 at Towson,,Baltimore,UDR-1274-at-towson-1br-788sqft-3103,1,1.0,788,1794.0,2026-08-03,13,True,hard,Save $500 off of 1st Full month's rent!,dollar_off,500.0,2.14,,1755.54,https://www.udr.com/baltimore-apartments/towson/1274-at-towson/,2026-07-19,2026-08-02,,,,,One Bedroom A1H,1,408131801
2026-08-02,UDR,1274 at Towson,,Baltimore,UDR-1274-at-towson-1br-788sqft-4110,1,1.0,788,1809.0,2026-09-11,12,True,hard,Save $500 off of 1st Full month's rent!,dollar_off,500.0,2.3,,1767.33,https://www.udr.com/baltimore-apartments/towson/1274-at-towson/,2026-07-19,2026-08-02,,,,,One Bedroom A1I,1,408131801
2026-08-02,UDR,1274 at Towson,,Baltimore,UDR-1274-at-towson-1br-793sqft-2102,1,1.0,793,1879.0,2026-09-25,12,True,hard,Save $500 off of 1st Full month's rent!,dollar_off,500.0,2.22,,1837.33,https://www.udr.com/baltimore-apartments/towson/1274-at-towson/,2026-08-02,2026-08-02,,,,,One Bedroom A1J,1,408131801
2026-08-02,UDR,1274 at Towson,,Baltimore,UDR-1274-at-towson-1br-875sqft-3108,1,1.0,875,1933.0,2026-11-20,13,True,hard,Save $500 off of 1st Full month's rent!,dollar_off,500.0,1.99,,1894.54,https://www.udr.com/baltimore-apartments/towson/1274-at-towson/,2026-08-02,2026-08-02,,,,,One Bedroom A1K,1,408131801
2026-08-02,UDR,1274 at Towson,,Baltimore,UDR-1274-at-towson-1br-875sqft-3208,1,1.0,875,1863.0,2026-09-11,12,True,hard,Save $500 off of 1st Full month's rent!,dollar_off,500.0,2.24,,1821.33,https://www.udr.com/baltimore-apartments/towson/1274-at-towson/,2026-06-13,2026-08-02,,,,,One Bedroom A1K,2,408131801
2026-08-02,UDR,1274 at Towson,,Baltimore,UDR-1274-at-towson-1br-875sqft-3304,1,1.0,875,1948.0,2026-10-23,14,True,hard,Save $500 off of 1st Full month's rent!,dollar_off,500.0,1.83,,1912.29,https://www.udr.com/baltimore-apartments/towson/1274-at-towson/,2026-08-02,2026-08-02,,,,,One Bedroom A1K,3,408131801
2026-08-02,UDR,1274 at Towson,,Baltimore,UDR-1274-at-towson-1br-875sqft-3310,1,1.0,875,1911.0,2026-08-21,13,True,hard,Save $500 off of 1st Full month's rent!,dollar_off,500.0,2.01,,1872.54,https://www.udr.com/baltimore-apartments/towson/1274-at-towson/,2026-06-22,2026-08-02,,,,,One Bedroom A1K,3,408131801
2026-08-02,UDR,1274 at Towson,,Baltimore,UDR-1274-at-towson-1br-878sqft-3112,1,1.0,878,1868.0,2026-08-03,13,True,hard,Save $500 off of 1st Full month's rent!,dollar_off,500.0,2.06,,1829.54,https://www.udr.com/baltimore-apartments/towson/1274-at-towson/,2026-05-03,2026-08-02,,,,,One Bedroom A1L,1,408131801
2026-08-02,UDR,1274 at Towson,,Baltimore,UDR-1274-at-towson-0br-563sqft-2305,0,1.0,563,1574.0,2026-12-25,13,True,hard,Save $500 off of 1st Full month's rent!,dollar_off,500.0,2.44,,1535.54,https://www.udr.com/baltimore-apartments/towson/1274-at-towson/,2026-06-22,2026-08-02,,,,,Studio E1B,3,408131801
2026-08-02,UDR,1274 at Towson,,Baltimore,UDR-1274-at-towson-0br-563sqft-2405,0,1.0,563,1499.0,2026-09-11,12,True,hard,Save $500 off of 1st Full month's rent!,dollar_off,500.0,2.78,,1457.33,https://www.udr.com/baltimore-apartments/towson/1274-at-towson/,2026-07-19,2026-08-02,,,,,Studio E1B,4,408131801
2026-08-02,UDR,1274 at Towson,,Baltimore,UDR-1274-at-towson-2br-1381sqft-1411,2,2.0,1381,2635.0,2026-08-07,13,True,hard,Save $500 off of 1st Full month's rent!,dollar_off,500.0,1.46,,2596.54,https://www.udr.com/baltimore-apartments/towson/1274-at-towson/,2026-05-09,2026-08-02,,,,,Two Bedroom B2AL,4,408131801
2026-08-02,UDR,1274 at Towson,,Baltimore,UDR-1274-at-towson-2br-1258sqft-4308,2,2.0,1258,2473.0,2026-08-21,13,True,hard,Save $500 off of 1st Full month's rent!,dollar_off,500.0,1.56,,2434.54,https://www.udr.com/baltimore-apartments/towson/1274-at-towson/,2026-08-02,2026-08-02,,,,,Two Bedroom B2C,3,408131801
2026-08-02,UDR,1274 at Towson,,Baltimore,UDR-1274-at-towson-2br-1308sqft-3301,2,2.0,1308,2707.0,2026-09-25,12,True,hard,Save $500 off of 1st Full month's rent!,dollar_off,500.0,1.54,,2665.33,https://www.udr.com/baltimore-apartments/towson/1274-at-towson/,2026-06-22,2026-08-02,,,,,Two Bedroom B2F,3,408131801
2026-08-02,UDR,1301 Thomas Circle,,Washington DC,UDR-1301-thomas-circle-1br-635sqft-219,1,1.0,635,2827.0,2026-09-11,12,True,hard,Save 2 weeks off rent!,months_free,0.4616,3.85,3.85,2718.25,https://www.udr.com/washington-dc-apartments/logan-circle/1301-thomas-circle/,2026-06-22,2026-08-02,,,,,One Bedroom A1B,2,42563
2026-08-02,UDR,1301 Thomas Circle,,Washington DC,UDR-1301-thomas-circle-1br-635sqft-819,1,1.0,635,2743.0,2026-09-25,13,True,hard,Save 2 weeks off rent!,months_free,0.4616,3.55,3.55,2645.6,https://www.udr.com/washington-dc-apartments/logan-circle/1301-thomas-circle/,2026-08-02,2026-08-02,,,,,One Bedroom A1B,8,42563
2026-08-02,UDR,1301 Thomas Circle,,Washington DC,UDR-1301-thomas-circle-1br-687sqft-231,1,1.0,687,2929.0,2026-08-03,13,True,hard,Save 2 weeks off rent!,months_free,0.4616,3.55,3.55,2825.0,https://www.udr.com/washington-dc-apartments/logan-circle/1301-thomas-circle/,2026-05-16,2026-08-02,,,,,One Bedroom A1E,2,42563
2026-08-02,UDR,1301 Thomas Circle,,Washington DC,UDR-1301-thomas-circle-1br-687sqft-331,1,1.0,687,2838.0,2026-10-30,13,True,hard,Save 2 weeks off rent!,months_free,0.4616,3.55,3.55,2737.23,https://www.udr.com/washington-dc-apartments/logan-circle/1301-thomas-circle/,2026-07-19,2026-08-02,,,,,One Bedroom A1E,3,42563
2026-08-02,UDR,1301 Thomas Circle,,Washington DC,UDR-1301-thomas-circle-1br-708sqft-106,1,1.0,708,2932.0,2026-08-08,13,True,hard,Save 2 weeks off rent!,months_free,0.4616,3.55,3.55,2827.89,https://www.udr.com/washington-dc-apartments/logan-circle/1301-thomas-circle/,2026-05-30,2026-08-02,,,,,One Bedroom A1G,1,42563
2026-08-02,UDR,1301 Thomas Circle,,Washington DC,UDR-1301-thomas-circle-1br-711sqft-124,1,1.0,711,2951.0,2026-08-03,13,True,hard,Save 2 weeks off rent!,months_free,0.4616,3.55,3.55,2846.22,https://www.udr.com/washington-dc-apartments/logan-circle/1301-thomas-circle/,2026-05-16,2026-08-02,,,,,One Bedroom A1G,1,42563
2026-08-02,UDR,1301 Thomas Circle,,Washington DC,UDR-1301-thomas-circle-1br-975sqft-122,1,2.0,975,3492.0,2026-09-11,12,True,hard,Save 2 weeks off rent!,months_free,0.4616,3.85,3.85,3357.67,https://www.udr.com/washington-dc-apartments/logan-circle/1301-thomas-circle/,2026-07-19,2026-08-02,,,,,One Bedroom Den A2AD,1,42563
2026-08-02,UDR,1301 Thomas Circle,,Washington DC,UDR-1301-thomas-circle-3br-1470sqft-410,3,2.0,1470,6320.0,2026-09-18,13,True,hard,Save 2 weeks off rent!,months_free,0.4616,3.55,3.55,6095.59,https://www.udr.com/washington-dc-apartments/logan-circle/1301-thomas-circle/,2026-06-08,2026-08-02,,,,,Three Bedroom C2A,4,42563
2026-08-02,UDR,1301 Thomas Circle,,Washington DC,UDR-1301-thomas-circle-3br-1380sqft-1010,3,2.0,1380,6304.0,2026-08-21,11,True,hard,Save 2 weeks off rent!,months_free,0.4616,4.2,4.2,6039.46,https://www.udr.com/washington-dc-apartments/logan-circle/1301-thomas-circle/,2026-06-22,2026-08-02,,,,,Three Bedroom C2A,10,42563
2026-08-02,UDR,1301 Thomas Circle,,Washington DC,UDR-1301-thomas-circle-2br-910sqft-621,2,1.0,910,3799.0,2026-09-11,12,True,hard,Save 2 weeks off rent!,months_free,0.4616,3.85,3.85,3652.87,https://www.udr.com/washington-dc-apartments/logan-circle/1301-thomas-circle/,2026-08-02,2026-08-02,,,,,Two Bedroom B1B,6,42563
2026-08-02,UDR,1301 Thomas Circle,,Washington DC,UDR-1301-thomas-circle-2br-1030sqft-323,2,2.0,1030,4287.0,2026-08-27,13,True,hard,Save 2 weeks off rent!,months_free,0.4616,3.55,3.55,4134.78,https://www.udr.com/washington-dc-apartments/logan-circle/1301-thomas-circle/,2026-07-19,2026-08-02,,,,,Two Bedroom B2A,3,42563
2026-08-02,UDR,1301 Thomas Circle,,Washington DC,UDR-1301-thomas-circle-2br-1030sqft-623,2,2.0,1030,4505.0,2026-10-23,13,True,hard,Save 2 weeks off rent!,months_free,0.4616,3.55,3.55,4345.04,https://www.udr.com/washington-dc-apartments/logan-circle/1301-thomas-circle/,2026-08-02,2026-08-02,,,,,Two Bedroom B2A,6,42563
2026-08-02,UDR,1301 Thomas Circle,,Washington DC,UDR-1301-thomas-circle-2br-1030sqft-923,2,2.0,1030,4628.0,2026-08-28,13,True,hard,Save 2 weeks off rent!,months_free,0.4616,3.55,3.55,4463.67,https://www.udr.com/washington-dc-apartments/logan-circle/1301-thomas-circle/,2026-06-13,2026-08-02,,,,,Two Bedroom B2A,9,42563
2026-08-02,UDR,1301 Thomas Circle,,Washington DC,UDR-1301-thomas-circle-2br-1030sqft-1023,2,2.0,1030,4147.0,2026-08-03,12,True,hard,Save 2 weeks off rent!,months_free,0.4616,3.85,3.85,3987.48,https://www.udr.com/washington-dc-apartments/logan-circle/1301-thomas-circle/,2026-04-04,2026-08-02,,,,,Two Bedroom B2A,10,42563
2026-08-02,UDR,1301 Thomas Circle,,Washington DC,UDR-1301-thomas-circle-2br-1030sqft-107,2,2.0,1030,3946.0,2026-08-03,12,True,hard,Save 2 weeks off rent!,months_free,0.4616,3.85,3.85,3794.21,https://www.udr.com/washington-dc-apartments/logan-circle/1301-thomas-circle/,2026-04-04,2026-08-02,,,,,Two Bedroom B2B,1,42563
2026-08-02,UDR,1301 Thomas Circle,,Washington DC,UDR-1301-thomas-circle-2br-1074sqft-307,2,2.0,1074,4385.0,2026-09-25,13,True,hard,Save 2 weeks off rent!,months_free,0.4616,3.55,3.55,4229.3,https://www.udr.com/washington-dc-apartments/logan-circle/1301-thomas-circle/,2026-08-02,2026-08-02,,,,,Two Bedroom B2B,3,42563
2026-08-02,UDR,1301 Thomas Circle,,Washington DC,UDR-1301-thomas-circle-2br-1074sqft-308,2,2.0,1074,4642.0,2026-08-05,12,True,hard,Save 2 weeks off rent!,months_free,0.4616,3.85,3.85,4463.44,https://www.udr.com/washington-dc-apartments/logan-circle/1301-thomas-circle/,2026-05-09,2026-08-02,,,,,Two Bedroom B2B,3,42563
2026-08-02,UDR,1301 Thomas Circle,,Washington DC,UDR-1301-thomas-circle-2br-1074sqft-407,2,2.0,1074,4693.0,2026-09-18,12,True,hard,Save 2 weeks off rent!,months_free,0.4616,3.85,3.85,4512.48,https://www.udr.com/washington-dc-apartments/logan-circle/1301-thomas-circle/,2026-07-19,2026-08-02,,,,,Two Bedroom B2B,4,42563
2026-08-02,UDR,1301 Thomas Circle,,Washington DC,UDR-1301-thomas-circle-2br-1074sqft-607,2,2.0,1074,4435.0,2026-09-10,12,True,hard,Save 2 weeks off rent!,months_free,0.4616,3.85,3.85,4264.4,https://www.udr.com/washington-dc-apartments/logan-circle/1301-thomas-circle/,2026-06-22,2026-08-02,,,,,Two Bedroom B2B,6,42563
2026-08-02,UDR,1301 Thomas Circle,,Washington DC,UDR-1301-thomas-circle-2br-1074sqft-808,2,2.0,1074,4467.0,2026-08-19,12,True,hard,Save 2 weeks off rent!,months_free,0.4616,3.85,3.85,4295.17,https://www.udr.com/washington-dc-apartments/logan-circle/1301-thomas-circle/,2026-07-19,2026-08-02,,,,,Two Bedroom B2B,8,42563
2026-08-02,UDR,1301 Thomas Circle,,Washington DC,UDR-1301-thomas-circle-2br-1044sqft-402,2,2.0,1044,4629.0,2026-09-18,12,True,hard,Save 2 weeks off rent!,months_free,0.4616,3.85,3.85,4450.94,https://www.udr.com/washington-dc-apartments/logan-circle/1301-thomas-circle/,2026-07-19,2026-08-02,,,,,Two Bedroom B2C,4,42563
2026-08-02,UDR,1301 Thomas Circle,,Washington DC,UDR-1301-thomas-circle-2br-1064sqft-704,2,2.0,1064,4369.0,2026-10-02,12,True,hard,Save 2 weeks off rent!,months_free,0.4616,3.85,3.85,4200.94,https://www.udr.com/washington-dc-apartments/logan-circle/1301-thomas-circle/,2026-07-19,2026-08-02,,,,,Two Bedroom B2D,7,42563
2026-08-02,UDR,1301 Thomas Circle,,Washington DC,UDR-1301-thomas-circle-2br-1084sqft-628,2,2.0,1084,4654.0,2026-10-09,12,True,hard,Save 2 weeks off rent!,months_free,0.4616,3.85,3.85,4474.98,https://www.udr.com/washington-dc-apartments/logan-circle/1301-thomas-circle/,2026-06-22,2026-08-02,,,,,Two Bedroom B2E,6,42563
2026-08-02,UDR,1301 Thomas Circle,,Washington DC,UDR-1301-thomas-circle-2br-1084sqft-928,2,2.0,1084,4444.0,2026-08-21,12,True,hard,Save 2 weeks off rent!,months_free,0.4616,3.85,3.85,4273.05,https://www.udr.com/washington-dc-apartments/logan-circle/1301-thomas-circle/,2026-08-02,2026-08-02,,,,,Two Bedroom B2E,9,42563
2026-08-02,UDR,1301 Thomas Circle,,Washington DC,UDR-1301-thomas-circle-2br-1175sqft-203,2,2.0,1175,4429.0,2026-10-02,12,True,hard,Save 2 weeks off rent!,months_free,0.4616,3.85,3.85,4258.63,https://www.udr.com/washington-dc-apartments/logan-circle/1301-thomas-circle/,2026-08-02,2026-08-02,,,,,Two Bedroom B2G,2,42563
2026-08-02,UDR,13th & Market,,San Diego,UDR-13th-market-1br-710sqft-454,1,1.0,710,2499.0,2026-08-20,13,True,hard,Save up to 1 month off rent!,months_free,1.0,7.69,7.69,2306.77,https://www.udr.com/san-diego-apartments/east-village/13th-and-market/,2026-06-13,2026-08-02,,,,,One Bedroom A1C,4,46597
2026-08-02,UDR,13th & Market,,San Diego,UDR-13th-market-1br-789sqft-518,1,1.0,789,2846.0,2026-09-18,14,True,hard,Save up to 1 month off rent!,months_free,1.0,7.14,7.14,2642.71,https://www.udr.com/san-diego-apartments/east-village/13th-and-market/,2026-07-19,2026-08-02,,,,,One Bedroom A1C,5,46597
2026-08-02,UDR,13th & Market,,San Diego,UDR-13th-market-1br-720sqft-608,1,1.0,720,2687.0,2026-09-06,14,True,hard,Save up to 1 month off rent!,months_free,1.0,7.14,7.14,2495.07,https://www.udr.com/san-diego-apartments/east-village/13th-and-market/,2026-08-02,2026-08-02,,,,,One Bedroom A1E,6,46597
2026-08-02,UDR,13th & Market,,San Diego,UDR-13th-market-1br-760sqft-437,1,1.0,760,2496.0,2026-08-21,13,True,hard,Save up to 1 month off rent!,months_free,1.0,7.69,7.69,2304.0,https://www.udr.com/san-diego-apartments/east-village/13th-and-market/,2026-06-22,2026-08-02,,,,,One Bedroom A1G,4,46597
2026-08-02,UDR,13th & Market,,San Diego,UDR-13th-market-1br-760sqft-603,1,1.0,760,2763.0,2026-09-25,14,True,hard,Save up to 1 month off rent!,months_free,1.0,7.14,7.14,2565.64,https://www.udr.com/san-diego-apartments/east-village/13th-and-market/,2026-08-02,2026-08-02,,,,,One Bedroom A1G,6,46597
2026-08-02,UDR,13th & Market,,San Diego,UDR-13th-market-1br-832sqft-345,1,1.0,832,2564.0,2026-09-25,14,True,hard,Save up to 1 month off rent!,months_free,1.0,7.14,7.14,2380.86,https://www.udr.com/san-diego-apartments/east-village/13th-and-market/,2026-07-19,2026-08-02,,,,,One Bedroom A1J,3,46597
2026-08-02,UDR,13th & Market,,San Diego,UDR-13th-market-1br-832sqft-443,1,1.0,832,2599.0,2026-09-19,14,True,hard,Save up to 1 month off rent!,months_free,1.0,7.14,7.14,2413.36,https://www.udr.com/san-diego-apartments/east-village/13th-and-market/,2026-06-13,2026-08-02,,,,,One Bedroom A1J,4,46597
2026-08-02,UDR,13th & Market,,San Diego,UDR-13th-market-1br-832sqft-505,1,1.0,832,2619.0,2026-09-18,14,True,hard,Save up to 1 month off rent!,months_free,1.0,7.14,7.14,2431.93,https://www.udr.com/san-diego-apartments/east-village/13th-and-market/,2026-06-22,2026-08-02,,,,,One Bedroom A1J,5,46597
2026-08-02,UDR,13th & Market,,San Diego,UDR-13th-market-0br-572sqft-530,0,1.0,572,2250.0,2026-08-28,14,True,hard,Save up to 1 month off rent!,months_free,1.0,7.14,7.14,2089.29,https://www.udr.com/san-diego-apartments/east-village/13th-and-market/,2026-06-22,2026-08-02,,,,,Studio E1A,5,46597
2026-08-02,UDR,13th & Market,,San Diego,UDR-13th-market-0br-555sqft-662,0,1.0,555,2250.0,2026-08-28,14,True,hard,Save up to 1 month off rent!,months_free,1.0,7.14,7.14,2089.29,https://www.udr.com/san-diego-apartments/east-village/13th-and-market/,2026-08-02,2026-08-02,,,,,Studio E1A,6,46597
2026-08-02,UDR,13th & Market,,San Diego,UDR-13th-market-0br-570sqft-108,0,1.0,570,2115.0,2026-08-22,14,True,hard,Save up to 1 month off rent!,months_free,1.0,7.14,7.14,1963.93,https://www.udr.com/san-diego-apartments/east-village/13th-and-market/,2026-07-19,2026-08-02,,,,,Studio E1B,1,46597
2026-08-02,UDR,13th & Market,,San Diego,UDR-13th-market-0br-619sqft-116,0,1.0,619,2286.0,2026-10-16,14,True,hard,Save up to 1 month off rent!,months_free,1.0,7.14,7.14,2122.71,https://www.udr.com/san-diego-apartments/east-village/13th-and-market/,2026-07-19,2026-08-02,,,,,Studio E1B,1,46597
2026-08-02,UDR,13th & Market,,San Diego,UDR-13th-market-2br-998sqft-415,2,2.0,998,2937.0,2026-09-17,14,True,hard,Save up to 1 month off rent!,months_free,1.0,7.14,7.14,2727.21,https://www.udr.com/san-diego-apartments/east-village/13th-and-market/,2026-07-19,2026-08-02,,,,,Two Bdroom B2A,4,46597
2026-08-02,UDR,13th & Market,,San Diego,UDR-13th-market-2br-981sqft-649,2,2.0,981,2807.0,2026-08-03,14,True,hard,Save up to 1 month off rent!,months_free,1.0,7.14,7.14,2606.5,https://www.udr.com/san-diego-apartments/east-village/13th-and-market/,2026-04-04,2026-08-02,,,,,Two Bdroom B2A,6,46597
2026-08-02,UDR,13th & Market,,San Diego,UDR-13th-market-2br-1087sqft-244,2,2.0,1087,3052.0,2026-10-10,14,True,hard,Save up to 1 month off rent!,months_free,1.0,7.14,7.14,2834.0,https://www.udr.com/san-diego-apartments/east-village/13th-and-market/,2026-07-19,2026-08-02,,,,,Two Bedroom B2C,2,46597
2026-08-02,UDR,13th & Market,,San Diego,UDR-13th-market-2br-1102sqft-606,2,2.0,1102,3399.0,2026-09-11,14,True,hard,Save up to 1 month off rent!,months_free,1.0,7.14,7.14,3156.21,https://www.udr.com/san-diego-apartments/east-village/13th-and-market/,2026-05-09,2026-08-02,,,,,Two Bedroom B2C,6,46597
2026-08-02,UDR,13th & Market,,San Diego,UDR-13th-market-2br-1203sqft-432,2,2.0,1203,3726.0,2026-09-25,14,True,hard,Save up to 1 month off rent!,months_free,1.0,7.14,7.14,3459.86,https://www.udr.com/san-diego-apartments/east-village/13th-and-market/,2026-06-13,2026-08-02,,,,,Two Bedroom B2E,4,46597
2026-08-02,UDR,14 North,,Boston,UDR-14-north-1br-781sqft-1213,1,1.0,781,2412.0,2026-09-12,14,True,hard,One Gig Internet available - first three months free,months_free,3.0,21.43,21.43,1895.14,https://www.udr.com/boston-apartments/peabody/14-north/,2026-07-19,2026-08-02,,,,,Alpine Meadows (A1C),2,37413
2026-08-02,UDR,14 North,,Boston,UDR-14-north-1br-781sqft-1312,1,1.0,781,2309.0,2026-08-22,13,True,hard,One Gig Internet available - first three months free,months_free,3.0,23.08,23.08,1776.15,https://www.udr.com/boston-apartments/peabody/14-north/,2026-05-30,2026-08-02,,,,,Alpine Meadows (A1C),3,37413
2026-08-02,UDR,14 North,,Boston,UDR-14-north-1br-781sqft-1315,1,1.0,781,2955.0,2026-09-16,14,True,hard,One Gig Internet available - first three months free,months_free,3.0,21.43,21.43,2321.79,https://www.udr.com/boston-apartments/peabody/14-north/,2026-07-19,2026-08-02,,,,,Alpine Meadows (A1C),3,37413
2026-08-02,UDR,14 North,,Boston,UDR-14-north-1br-755sqft-2103,1,1.0,755,2496.0,2026-08-08,13,True,hard,One Gig Internet available - first three months free,months_free,3.0,23.08,23.08,1920.0,https://www.udr.com/boston-apartments/peabody/14-north/,2026-05-30,2026-08-02,,,,,Aster Gardens (A1B),0,37413
2026-08-02,UDR,14 North,,Boston,UDR-14-north-1br-948sqft-6134,1,1.0,948,2619.0,2026-09-05,14,True,hard,One Gig Internet available - first three months free,months_free,3.0,21.43,21.43,2057.79,https://www.udr.com/boston-apartments/peabody/14-north/,2026-05-09,2026-08-02,,,,,Aster Gardens Loft (A1BL),3,37413
2026-08-02,UDR,14 North,,Boston,UDR-14-north-1br-746sqft-5322,1,1.0,746,2485.0,2026-08-15,13,True,hard,One Gig Internet available - first three months free,months_free,3.0,23.08,23.08,1911.54,https://www.udr.com/boston-apartments/peabody/14-north/,2026-06-13,2026-08-02,,,,,Aviary Gardens (A1A),2,37413
2026-08-02,UDR,14 North,,Boston,UDR-14-north-1br-899sqft-7134,1,1.0,899,2542.0,2026-08-15,13,True,hard,One Gig Internet available - first three months free,months_free,3.0,23.08,23.08,1955.38,https://www.udr.com/boston-apartments/peabody/14-north/,2026-05-09,2026-08-02,,,,,Aviary Gardens Loft (A1AL),3,37413
2026-08-02,UDR,14 North,,Boston,UDR-14-north-2br-1081sqft-1326,2,2.0,1081,2811.0,2026-09-26,13,True,hard,One Gig Internet available - first three months free,months_free,3.0,23.08,23.08,2162.31,https://www.udr.com/boston-apartments/peabody/14-north/,2026-04-04,2026-08-02,,,,,Balsam Meadows (B2B),3,37413
2026-08-02,UDR,14 North,,Boston,UDR-14-north-2br-1119sqft-6224,2,2.0,1119,2810.0,2026-10-10,14,True,hard,One Gig Internet available - first three months free,months_free,3.0,21.43,21.43,2207.86,https://www.udr.com/boston-apartments/peabody/14-north/,2026-08-02,2026-08-02,,,,,Bamboo Gardens (B2E),2,37413
2026-08-02,UDR,14 North,,Boston,UDR-14-north-2br-1119sqft-9122,2,2.0,1119,2840.0,2026-08-03,13,True,hard,One Gig Internet available - first three months free,months_free,3.0,23.08,23.08,2184.62,https://www.udr.com/boston-apartments/peabody/14-north/,2026-04-19,2026-08-02,,,,,Bamboo Gardens (B2E),2,37413
2026-08-02,UDR,14 North,,Boston,UDR-14-north-2br-1320sqft-5333,2,2.0,1320,3448.0,2026-08-29,12,True,hard,One Gig Internet available - first three months free,months_free,3.0,25.0,25.0,2586.0,https://www.udr.com/boston-apartments/peabody/14-north/,2026-07-19,2026-08-02,,,,,Bamboo Gardens Loft (B2FL),3,37413
2026-08-02,UDR,14 North,,Boston,UDR-14-north-2br-1529sqft-10321,2,2.0,1529,3500.0,2026-08-08,13,True,hard,One Gig Internet available - first three months free,months_free,3.0,23.08,23.08,2692.31,https://www.udr.com/boston-apartments/peabody/14-north/,2026-05-30,2026-08-02,,,,,Bayberry Shores Loft (B2FL),2,37413
2026-08-02,UDR,14 North,,Boston,UDR-14-north-2br-1529sqft-12121,2,2.0,1529,3383.0,2026-08-29,12,True,hard,One Gig Internet available - first three months free,months_free,3.0,25.0,25.0,2537.25,https://www.udr.com/boston-apartments/peabody/14-north/,2026-07-19,2026-08-02,,,,,Bayberry Shores Loft (B2FL),2,37413
2026-08-02,UDR,14 North,,Boston,UDR-14-north-2br-1317sqft-1406,2,2.0,1317,3404.0,2026-09-09,12,True,hard,One Gig Internet available - first three months free,months_free,3.0,25.0,25.0,2553.0,https://www.udr.com/boston-apartments/peabody/14-north/,2026-07-19,2026-08-02,,,,,Birch Meadows Loft (B2AL),4,37413
2026-08-02,UDR,14 North,,Boston,UDR-14-north-2br-1113sqft-5211,2,2.0,1113,2808.0,2026-08-03,13,True,hard,One Gig Internet available - first three months free,months_free,3.0,23.08,23.08,2160.0,https://www.udr.com/boston-apartments/peabody/14-north/,2026-06-22,2026-08-02,,,,,Bonsai Gardens (B2D),1,37413
2026-08-02,UDR,14 North,,Boston,UDR-14-north-2br-1131sqft-1102,2,2.0,1131,2852.0,2026-08-08,13,True,hard,One Gig Internet available - first three months free,months_free,3.0,23.08,23.08,2193.85,https://www.udr.com/boston-apartments/peabody/14-north/,2026-06-08,2026-08-02,,,,,Bougainvillea Meadows (B2H),1,37413
2026-08-02,UDR,14 North,,Boston,UDR-14-north-2br-1090sqft-1322,2,2.0,1090,3071.0,2026-11-14,13,True,hard,One Gig Internet available - first three months free,months_free,3.0,23.08,23.08,2362.31,https://www.udr.com/boston-apartments/peabody/14-north/,2026-07-19,2026-08-02,,,,,Brook Meadows (B2C),3,37413
2026-08-02,UDR,14 North,,Boston,UDR-14-north-3br-1526sqft-4132,3,2.0,1526,4156.0,2026-09-19,13,True,hard,One Gig Internet available - first three months free,months_free,3.0,23.08,23.08,3196.92,https://www.udr.com/boston-apartments/peabody/14-north/,2026-07-19,2026-08-02,,,,,Cypress Gardens Loft (C2L),3,37413
2026-08-02,UDR,14 North,,Boston,UDR-14-north-3br-1526sqft-7233,3,2.0,1526,3908.0,2026-08-03,14,True,hard,One Gig Internet available - first three months free,months_free,3.0,21.43,21.43,3070.57,https://www.udr.com/boston-apartments/peabody/14-north/,2026-05-30,2026-08-02,,,,,Cypress Gardens Loft (C2L),3,37413
2026-08-02,UDR,20 Lambourne,,Baltimore,UDR-20-lambourne-1br-875sqft-432,1,1.0,875,1898.0,2026-09-25,15,True,hard,Save $1000 off of 1st months rent!,dollar_off,1000.0,3.51,,1831.33,https://www.udr.com/baltimore-apartments/towson/20-lambourne/,2026-07-19,2026-08-02,,,,,Bosley Loft (A1GL),4,27398
2026-08-02,UDR,20 Lambourne,,Baltimore,UDR-20-lambourne-1br-691sqft-105,1,1.0,691,1669.0,2026-10-30,15,True,hard,Save $1000 off of 1st months rent!,dollar_off,1000.0,3.99,,1602.33,https://www.udr.com/baltimore-apartments/towson/20-lambourne/,2026-07-19,2026-08-02,,,,,Cromwell (A1B),1,27398
2026-08-02,UDR,20 Lambourne,,Baltimore,UDR-20-lambourne-2br-956sqft-335,2,2.0,956,1769.0,2026-08-03,14,True,hard,Save $1000 off of 1st months rent!,dollar_off,1000.0,4.04,,1697.57,https://www.udr.com/baltimore-apartments/towson/20-lambourne/,2026-04-19,2026-08-02,,,,,Fairmont (B2A),3,27398
2026-08-02,UDR,20 Lambourne,,Baltimore,UDR-20-lambourne-2br-1205sqft-542,2,3.0,1205,2230.0,2026-08-03,14,True,hard,Save $1000 off of 1st months rent!,dollar_off,1000.0,3.2,,2158.57,https://www.udr.com/baltimore-apartments/towson/20-lambourne/,2026-05-16,2026-08-02,,,,,Goucher (B3L),5,27398
2026-08-02,UDR,20 Lambourne,,Baltimore,UDR-20-lambourne-2br-1090sqft-211,2,2.0,1090,1868.0,2026-08-14,14,True,hard,Save $1000 off of 1st months rent!,dollar_off,1000.0,3.82,,1796.57,https://www.udr.com/baltimore-apartments/towson/20-lambourne/,2026-05-16,2026-08-02,,,,,Joppa (B2D),2,27398
2026-08-02,UDR,20 Lambourne,,Baltimore,UDR-20-lambourne-2br-1158sqft-107,2,2.0,1158,2015.0,2026-08-14,14,True,hard,Save $1000 off of 1st months rent!,dollar_off,1000.0,3.54,,1943.57,https://www.udr.com/baltimore-apartments/towson/20-lambourne/,2026-06-13,2026-08-02,,,,,Loch Raven (B2G),1,27398
2026-08-02,UDR,20 Lambourne,,Baltimore,UDR-20-lambourne-2br-1158sqft-439,2,2.0,1158,2025.0,2026-08-05,14,True,hard,Save $1000 off of 1st months rent!,dollar_off,1000.0,3.53,,1953.57,https://www.udr.com/baltimore-apartments/towson/20-lambourne/,2026-05-16,2026-08-02,,,,,Loch Raven (B2G),4,27398
2026-08-02,UDR,20 Lambourne,,Baltimore,UDR-20-lambourne-1br-682sqft-258,1,1.0,682,1639.0,2026-10-02,15,True,hard,Save $1000 off of 1st months rent!,dollar_off,1000.0,4.07,,1572.33,https://www.udr.com/baltimore-apartments/towson/20-lambourne/,2026-07-19,2026-08-02,,,,,Bosley (A1A),2,27398
2026-08-02,UDR,20 Lambourne,,Baltimore,UDR-20-lambourne-1br-939sqft-T01,1,1.0,939,1790.0,2026-08-03,15,True,hard,Save $1000 off of 1st months rent!,dollar_off,1000.0,3.72,,1723.33,https://www.udr.com/baltimore-apartments/towson/20-lambourne/,2026-04-04,2026-08-02,,,,,One Bedroom A1I,0,27398
2026-08-02,UDR,20 Lambourne,,Baltimore,UDR-20-lambourne-1br-740sqft-358,1,1.0,740,1708.0,2026-08-22,15,True,hard,Save $1000 off of 1st months rent!,dollar_off,1000.0,3.9,,1641.33,https://www.udr.com/baltimore-apartments/towson/20-lambourne/,2026-06-08,2026-08-02,,,,,One Bedroom A1C,3,27398
2026-08-02,UDR,20 Lambourne,,Baltimore,UDR-20-lambourne-1br-740sqft-G38,1,1.0,740,1634.0,2026-09-18,15,True,hard,Save $1000 off of 1st months rent!,dollar_off,1000.0,4.08,,1567.33,https://www.udr.com/baltimore-apartments/towson/20-lambourne/,2026-06-22,2026-08-02,,,,,One Bedroom A1C,0,27398
2026-08-02,UDR,20 Lambourne,,Baltimore,UDR-20-lambourne-2br-1129sqft-138,2,2.0,1129,1964.0,2026-08-03,14,True,hard,Save $1000 off of 1st months rent!,dollar_off,1000.0,3.64,,1892.57,https://www.udr.com/baltimore-apartments/towson/20-lambourne/,2026-07-19,2026-08-02,,,,,B2F (2x2),1,27398
2026-08-02,UDR,20 Lambourne,,Baltimore,UDR-20-lambourne-2br-1129sqft-206,2,2.0,1129,1986.0,2026-08-07,14,True,hard,Save $1000 off of 1st months rent!,dollar_off,1000.0,3.6,,1914.57,https://www.udr.com/baltimore-apartments/towson/20-lambourne/,2026-07-19,2026-08-02,,,,,B2F (2x2),2,27398
2026-08-02,UDR,20 Lambourne,,Baltimore,UDR-20-lambourne-2br-1129sqft-214,2,2.0,1129,1982.0,2026-10-09,12,True,hard,Save $1000 off of 1st months rent!,dollar_off,1000.0,4.2,,1898.67,https://www.udr.com/baltimore-apartments/towson/20-lambourne/,2026-08-02,2026-08-02,,,,,B2F (2x2),2,27398
2026-08-02,UDR,20 Lambourne,,Baltimore,UDR-20-lambourne-2br-1129sqft-468,2,2.0,1129,1999.0,2026-09-25,13,True,hard,Save $1000 off of 1st months rent!,dollar_off,1000.0,3.85,,1922.08,https://www.udr.com/baltimore-apartments/towson/20-lambourne/,2026-07-19,2026-08-02,,,,,B2F (2x2),4,27398
2026-08-02,UDR,2000 Post,,San Francisco Bay Area,UDR-2000-post-1br-625sqft-273,1,1.0,625,4786.0,2026-08-21,14,True,hard,Save 2 weeks off rent!,months_free,0.4616,3.3,3.3,4628.2,https://www.udr.com/san-francisco-bay-area-apartments/san-francisco/2000-post/,2026-05-23,2026-08-02,,,,,Pierce (A1A),2,11302
2026-08-02,UDR,2000 Post,,San Francisco Bay Area,UDR-2000-post-1br-625sqft-318,1,1.0,625,4992.0,2026-08-03,14,True,hard,Save 2 weeks off rent!,months_free,0.4616,3.3,3.3,4827.41,https://www.udr.com/san-francisco-bay-area-apartments/san-francisco/2000-post/,2026-05-30,2026-08-02,,,,,Pierce (A1A),3,11302
2026-08-02,UDR,2000 Post,,San Francisco Bay Area,UDR-2000-post-0br-475sqft-102,0,1.0,475,4042.0,2026-08-03,12,True,hard,Save 2 weeks off rent!,months_free,0.4616,3.85,3.85,3886.52,https://www.udr.com/san-francisco-bay-area-apartments/san-francisco/2000-post/,2026-07-19,2026-08-02,,,,,Ellis (E1A),1,11302
2026-08-02,UDR,2000 Post,,San Francisco Bay Area,UDR-2000-post-0br-475sqft-129,0,1.0,475,3881.0,2026-08-03,12,True,hard,Save 2 weeks off rent!,months_free,0.4616,3.85,3.85,3731.71,https://www.udr.com/san-francisco-bay-area-apartments/san-francisco/2000-post/,2026-04-04,2026-08-02,,,,,Ellis (E1A),1,11302
2026-08-02,UDR,2000 Post,,San Francisco Bay Area,UDR-2000-post-0br-475sqft-142,0,1.0,475,4152.0,2026-08-03,12,True,hard,Save 2 weeks off rent!,months_free,0.4616,3.85,3.85,3992.29,https://www.udr.com/san-francisco-bay-area-apartments/san-francisco/2000-post/,2026-07-19,2026-08-02,,,,,Ellis (E1A),1,11302
2026-08-02,UDR,2000 Post,,San Francisco Bay Area,UDR-2000-post-0br-475sqft-315,0,1.0,475,3856.0,2026-08-27,13,True,hard,Save 2 weeks off rent!,months_free,0.4616,3.55,3.55,3719.08,https://www.udr.com/san-francisco-bay-area-apartments/san-francisco/2000-post/,2026-05-25,2026-08-02,,,,,Ellis (E1A),3,11302
2026-08-02,UDR,2000 Post,,San Francisco Bay Area,UDR-2000-post-0br-475sqft-337,0,1.0,475,4142.0,2026-08-03,12,True,hard,Save 2 weeks off rent!,months_free,0.4616,3.85,3.85,3982.67,https://www.udr.com/san-francisco-bay-area-apartments/san-francisco/2000-post/,2026-04-04,2026-08-02,,,,,Ellis (E1A),3,11302
2026-08-02,UDR,2000 Post,,San Francisco Bay Area,UDR-2000-post-0br-475sqft-405,0,1.0,475,4486.0,2026-10-03,14,True,hard,Save 2 weeks off rent!,months_free,0.4616,3.3,3.3,4338.09,https://www.udr.com/san-francisco-bay-area-apartments/san-francisco/2000-post/,2026-07-19,2026-08-02,,,,,Ellis (E1A),4,11302
2026-08-02,UDR,2000 Post,,San Francisco Bay Area,UDR-2000-post-0br-600sqft-115,0,1.0,600,4594.0,2026-08-08,12,True,hard,Save 2 weeks off rent!,months_free,0.4616,3.85,3.85,4417.28,https://www.udr.com/san-francisco-bay-area-apartments/san-francisco/2000-post/,2026-05-03,2026-08-02,,,,,Avery (E1B),1,11302
2026-08-02,UDR,2000 Post,,San Francisco Bay Area,UDR-2000-post-1br-625sqft-353,1,1.0,625,4947.0,2026-08-26,14,True,hard,Save 2 weeks off rent!,months_free,0.4616,3.3,3.3,4783.89,https://www.udr.com/san-francisco-bay-area-apartments/san-francisco/2000-post/,2026-07-19,2026-08-02,,,,,Sutter (A1B),3,11302
2026-08-02,UDR,2000 Post,,San Francisco Bay Area,UDR-2000-post-0br-600sqft-278,0,1.0,600,4181.0,2026-08-03,12,True,hard,Save 2 weeks off rent!,months_free,0.4616,3.85,3.85,4020.17,https://www.udr.com/san-francisco-bay-area-apartments/san-francisco/2000-post/,2026-07-19,2026-08-02,,,,,Alta (E1E),2,11302
2026-08-02,UDR,2000 Post,,San Francisco Bay Area,UDR-2000-post-0br-475sqft-241,0,1.0,475,4055.0,2026-10-31,14,True,hard,Save 2 weeks off rent!,months_free,0.4616,3.3,3.3,3921.3,https://www.udr.com/san-francisco-bay-area-apartments/san-francisco/2000-post/,2026-08-02,2026-08-02,,,,,Vallejo (E1C),2,11302
2026-08-02,UDR,2000 Post,,San Francisco Bay Area,UDR-2000-post-1br-808sqft-485,1,1.0,808,5525.0,2026-10-01,13,True,hard,Save 2 weeks off rent!,months_free,0.4616,3.55,3.55,5328.82,https://www.udr.com/san-francisco-bay-area-apartments/san-francisco/2000-post/,2026-08-02,2026-08-02,,,,,Fillmore (P3 A1C),4,11302
2026-08-02,UDR,21 Chelsea,,New York,UDR-21-chelsea-1br-532sqft-517,1,1.0,532,6595.0,2026-11-12,12,False,,,,,,,,https://www.udr.com/new-york-city-apartments/chelsea/21-chelsea/,2026-08-02,2026-08-02,,,,,One Bedroom A1B-R,5,38833
2026-08-02,UDR,21 Chelsea,,New York,UDR-21-chelsea-1br-556sqft-402,1,1.0,556,6167.0,2026-10-09,12,False,,,,,,,,https://www.udr.com/new-york-city-apartments/chelsea/21-chelsea/,2026-08-02,2026-08-02,,,,,One Bedroom A1C-R,4,38833
2026-08-02,UDR,21 Chelsea,,New York,UDR-21-chelsea-1br-556sqft-602,1,1.0,556,6015.0,2026-08-20,13,False,,,,,,,,https://www.udr.com/new-york-city-apartments/chelsea/21-chelsea/,2026-04-04,2026-08-02,,,,,One Bedroom A1C-R,6,38833
2026-08-02,UDR,21 Chelsea,,New York,UDR-21-chelsea-1br-586sqft-210,1,1.0,586,6622.0,2026-08-28,13,False,,,,,,,,https://www.udr.com/new-york-city-apartments/chelsea/21-chelsea/,2026-08-02,2026-08-02,,,,,One Bedroom A1J-R,2,38833
2026-08-02,UDR,21 Chelsea,,New York,UDR-21-chelsea-1br-590sqft-609,1,1.0,590,6975.0,2026-10-16,12,False,,,,,,,,https://www.udr.com/new-york-city-apartments/chelsea/21-chelsea/,2026-07-19,2026-08-02,,,,,One Bedroom A1L-R,6,38833
2026-08-02,UDR,21 Chelsea,,New York,UDR-21-chelsea-1br-670sqft-204,1,1.0,670,6785.0,2026-08-06,13,False,,,,,,,,https://www.udr.com/new-york-city-apartments/chelsea/21-chelsea/,2026-06-08,2026-08-02,,,,,One Bedroom A1W-R,2,38833
2026-08-02,UDR,21 Chelsea,,New York,UDR-21-chelsea-1br-670sqft-613,1,1.0,670,7160.0,2026-10-16,12,False,,,,,,,,https://www.udr.com/new-york-city-apartments/chelsea/21-chelsea/,2026-08-02,2026-08-02,,,,,One Bedroom A1W-R,6,38833
2026-08-02,UDR,21 Chelsea,,New York,UDR-21-chelsea-0br-489sqft-716,0,1.0,489,4941.0,2026-08-03,13,False,,,,,,,,https://www.udr.com/new-york-city-apartments/chelsea/21-chelsea/,2026-05-03,2026-08-02,,,,,Studio E1H-R,7,38833
2026-08-02,UDR,21 Chelsea,,New York,UDR-21-chelsea-2br-808sqft-501,2,2.0,808,9509.0,2026-09-25,13,False,,,,,,,,https://www.udr.com/new-york-city-apartments/chelsea/21-chelsea/,2026-07-19,2026-08-02,,,,,Two Bedroom B2A-R,5,38833
2026-08-02,UDR,21 Chelsea,,New York,UDR-21-chelsea-2br-808sqft-701,2,2.0,808,9241.0,2026-09-11,13,False,,,,,,,,https://www.udr.com/new-york-city-apartments/chelsea/21-chelsea/,2026-07-19,2026-08-02,,,,,Two Bedroom B2A-R,7,38833
2026-08-02,UDR,21 Chelsea,,New York,UDR-21-chelsea-1br-587sqft-1205,1,1.0,587,6316.0,2026-09-04,12,False,,,,,,,,https://www.udr.com/new-york-city-apartments/chelsea/21-chelsea/,2026-08-02,2026-08-02,,,,,One Bedroom A1K-R,12,38833
2026-08-02,UDR,27 Seventy Five Mesa Verde,,Orange County,UDR-27-seventy-five-mesa-verde-1br-815sqft-37G,1,1.0,815,2740.0,2026-08-14,14,False,,,,,,,,https://www.udr.com/orange-county-apartments/costa-mesa/27-seventy-five-mesa-verde/,2026-06-13,2026-08-02,,,,,A1E,1,15438
2026-08-02,UDR,27 Seventy Five Mesa Verde,,Orange County,UDR-27-seventy-five-mesa-verde-1br-815sqft-39G,1,1.0,815,2890.0,2026-08-03,14,False,,,,,,,,https://www.udr.com/orange-county-apartments/costa-mesa/27-seventy-five-mesa-verde/,2026-05-30,2026-08-02,,,,,A1E,1,15438
2026-08-02,UDR,27 Seventy Five Mesa Verde,,Orange County,UDR-27-seventy-five-mesa-verde-2br-1037sqft-43C,2,2.0,1037,3230.0,2026-08-23,14,False,,,,,,,,https://www.udr.com/orange-county-apartments/costa-mesa/27-seventy-five-mesa-verde/,2026-06-13,2026-08-02,,,,,B2A-R,1,15438
2026-08-02,UDR,27 Seventy Five Mesa Verde,,Orange County,UDR-27-seventy-five-mesa-verde-2br-1037sqft-48A,2,2.0,1037,3126.0,2026-09-17,14,False,,,,,,,,https://www.udr.com/orange-county-apartments/costa-mesa/27-seventy-five-mesa-verde/,2026-08-02,2026-08-02,,,,,B2A-R,2,15438
2026-08-02,UDR,27 Seventy Five Mesa Verde,,Orange County,UDR-27-seventy-five-mesa-verde-2br-1037sqft-20B,2,2.0,1037,3280.0,2026-08-08,14,False,,,,,,,,https://www.udr.com/orange-county-apartments/costa-mesa/27-seventy-five-mesa-verde/,2026-05-09,2026-08-02,,,,,B2A-R,2,15438
2026-08-02,UDR,27 Seventy Five Mesa Verde,,Orange County,UDR-27-seventy-five-mesa-verde-2br-1037sqft-023C,2,2.0,1037,3212.0,2026-08-23,14,False,,,,,,,,https://www.udr.com/orange-county-apartments/costa-mesa/27-seventy-five-mesa-verde/,2026-05-30,2026-08-02,,,,,B2A-R,1,15438
2026-08-02,UDR,27 Seventy Five Mesa Verde,,Orange County,UDR-27-seventy-five-mesa-verde-1br-750sqft-024B,1,1.0,750,2747.0,2026-09-11,14,False,,,,,,,,https://www.udr.com/orange-county-apartments/costa-mesa/27-seventy-five-mesa-verde/,2026-07-19,2026-08-02,,,,,A1B-R,2,15438
2026-08-02,UDR,27 Seventy Five Mesa Verde,,Orange County,UDR-27-seventy-five-mesa-verde-2br-1235sqft-001L,2,2.0,1235,3306.0,2026-08-13,14,False,,,,,,,,https://www.udr.com/orange-county-apartments/costa-mesa/27-seventy-five-mesa-verde/,2026-07-19,2026-08-02,,,,,B2C,1,15438
2026-08-02,UDR,27 Seventy Five Mesa Verde,,Orange County,UDR-27-seventy-five-mesa-verde-2br-1235sqft-35B,2,2.0,1235,3280.0,2026-08-03,14,False,,,,,,,,https://www.udr.com/orange-county-apartments/costa-mesa/27-seventy-five-mesa-verde/,2026-04-19,2026-08-02,,,,,B2C,2,15438
2026-08-02,UDR,27 Seventy Five Mesa Verde,,Orange County,UDR-27-seventy-five-mesa-verde-2br-1235sqft-37B,2,2.0,1235,3270.0,2026-08-19,14,False,,,,,,,,https://www.udr.com/orange-county-apartments/costa-mesa/27-seventy-five-mesa-verde/,2026-05-30,2026-08-02,,,,,B2C,2,15438
2026-08-02,UDR,27 Seventy Five Mesa Verde,,Orange County,UDR-27-seventy-five-mesa-verde-2br-1235sqft-37I,2,2.0,1235,3263.0,2026-09-04,14,False,,,,,,,,https://www.udr.com/orange-county-apartments/costa-mesa/27-seventy-five-mesa-verde/,2026-06-13,2026-08-02,,,,,B2C,2,15438
2026-08-02,UDR,27 Seventy Five Mesa Verde,,Orange County,UDR-27-seventy-five-mesa-verde-2br-1235sqft-37K,2,2.0,1235,3511.0,2026-10-16,14,False,,,,,,,,https://www.udr.com/orange-county-apartments/costa-mesa/27-seventy-five-mesa-verde/,2026-08-02,2026-08-02,,,,,B2C,1,15438
2026-08-02,UDR,27 Seventy Five Mesa Verde,,Orange County,UDR-27-seventy-five-mesa-verde-2br-1235sqft-51D,2,2.0,1235,3334.0,2026-10-17,14,False,,,,,,,,https://www.udr.com/orange-county-apartments/costa-mesa/27-seventy-five-mesa-verde/,2026-07-19,2026-08-02,,,,,B2C,1,15438
2026-08-02,UDR,27 Seventy Five Mesa Verde,,Orange County,UDR-27-seventy-five-mesa-verde-2br-1235sqft-51I,2,2.0,1235,3370.0,2026-10-06,14,False,,,,,,,,https://www.udr.com/orange-county-apartments/costa-mesa/27-seventy-five-mesa-verde/,2026-08-02,2026-08-02,,,,,B2C,2,15438
2026-08-02,UDR,27 Seventy Five Mesa Verde,,Orange County,UDR-27-seventy-five-mesa-verde-1br-750sqft-36F,1,1.0,750,2499.0,2026-08-03,14,False,,,,,,,,https://www.udr.com/orange-county-apartments/costa-mesa/27-seventy-five-mesa-verde/,2026-07-19,2026-08-02,,,,,A1B,2,15438
2026-08-02,UDR,27 Seventy Five Mesa Verde,,Orange County,UDR-27-seventy-five-mesa-verde-1br-750sqft-38C,1,1.0,750,2531.0,2026-08-15,14,False,,,,,,,,https://www.udr.com/orange-county-apartments/costa-mesa/27-seventy-five-mesa-verde/,2026-06-13,2026-08-02,,,,,A1B,1,15438
2026-08-02,UDR,27 Seventy Five Mesa Verde,,Orange County,UDR-27-seventy-five-mesa-verde-1br-750sqft-54A,1,1.0,750,2555.0,2026-08-21,14,False,,,,,,,,https://www.udr.com/orange-county-apartments/costa-mesa/27-seventy-five-mesa-verde/,2026-05-30,2026-08-02,,,,,A1B,2,15438
2026-08-02,UDR,27 Seventy Five Mesa Verde,,Orange County,UDR-27-seventy-five-mesa-verde-1br-750sqft-54G,1,1.0,750,2520.0,2026-08-03,14,False,,,,,,,,https://www.udr.com/orange-county-apartments/costa-mesa/27-seventy-five-mesa-verde/,2026-05-30,2026-08-02,,,,,A1B,1,15438
2026-08-02,UDR,27 Seventy Five Mesa Verde,,Orange County,UDR-27-seventy-five-mesa-verde-1br-815sqft-17F,1,1.0,815,2779.0,2026-09-06,14,False,,,,,,,,https://www.udr.com/orange-county-apartments/costa-mesa/27-seventy-five-mesa-verde/,2026-08-02,2026-08-02,,,,,A1E-R,2,15438
2026-08-02,UDR,27 Seventy Five Mesa Verde,,Orange County,UDR-27-seventy-five-mesa-verde-1br-815sqft-18H,1,1.0,815,2852.0,2026-10-03,14,False,,,,,,,,https://www.udr.com/orange-county-apartments/costa-mesa/27-seventy-five-mesa-verde/,2026-08-02,2026-08-02,,,,,A1E-R,1,15438
2026-08-02,UDR,27 Seventy Five Mesa Verde,,Orange County,UDR-27-seventy-five-mesa-verde-1br-815sqft-57H,1,1.0,815,2852.0,2026-10-17,14,False,,,,,,,,https://www.udr.com/orange-county-apartments/costa-mesa/27-seventy-five-mesa-verde/,2026-07-19,2026-08-02,,,,,A1E-R,1,15438
2026-08-02,UDR,27 Seventy Five Mesa Verde,,Orange County,UDR-27-seventy-five-mesa-verde-1br-815sqft-014G,1,1.0,815,2823.0,2026-09-26,14,False,,,,,,,,https://www.udr.com/orange-county-apartments/costa-mesa/27-seventy-five-mesa-verde/,2026-07-19,2026-08-02,,,,,A1E-R,1,15438
2026-08-02,UDR,27 Seventy Five Mesa Verde,,Orange County,UDR-27-seventy-five-mesa-verde-1br-815sqft-027F,1,1.0,815,2800.0,2026-08-09,14,False,,,,,,,,https://www.udr.com/orange-county-apartments/costa-mesa/27-seventy-five-mesa-verde/,2026-08-02,2026-08-02,,,,,A1E-R,2,15438
2026-08-02,UDR,27 Seventy Five Mesa Verde,,Orange County,UDR-27-seventy-five-mesa-verde-1br-815sqft-028F,1,1.0,815,2800.0,2026-08-22,14,False,,,,,,,,https://www.udr.com/orange-county-apartments/costa-mesa/27-seventy-five-mesa-verde/,2026-06-22,2026-08-02,,,,,A1E-R,2,15438
2026-08-02,UDR,27 Seventy Five Mesa Verde,,Orange County,UDR-27-seventy-five-mesa-verde-2br-1037sqft-001C,2,2.0,1037,3156.0,2026-08-16,14,False,,,,,,,,https://www.udr.com/orange-county-apartments/costa-mesa/27-seventy-five-mesa-verde/,2026-06-13,2026-08-02,,,,,B2A,1,15438
2026-08-02,UDR,27 Seventy Five Mesa Verde,,Orange County,UDR-27-seventy-five-mesa-verde-2br-1037sqft-51C,2,2.0,1037,3015.0,2026-09-04,14,False,,,,,,,,https://www.udr.com/orange-county-apartments/costa-mesa/27-seventy-five-mesa-verde/,2026-07-19,2026-08-02,,,,,B2A,1,15438
2026-08-02,UDR,27 Seventy Five Mesa Verde,,Orange County,UDR-27-seventy-five-mesa-verde-2br-1235sqft-26I,2,2.0,1235,3599.0,2026-09-25,14,False,,,,,,,,https://www.udr.com/orange-county-apartments/costa-mesa/27-seventy-five-mesa-verde/,2026-08-02,2026-08-02,,,,,B2C-R,2,15438
2026-08-02,UDR,27 Seventy Five Mesa Verde,,Orange County,UDR-27-seventy-five-mesa-verde-2br-1235sqft-42C,2,2.0,1235,3535.0,2026-10-06,14,False,,,,,,,,https://www.udr.com/orange-county-apartments/costa-mesa/27-seventy-five-mesa-verde/,2026-08-02,2026-08-02,,,,,B2C-R,1,15438
2026-08-02,UDR,27 Seventy Five Mesa Verde,,Orange County,UDR-27-seventy-five-mesa-verde-2br-1235sqft-49D,2,2.0,1235,3350.0,2026-08-14,14,False,,,,,,,,https://www.udr.com/orange-county-apartments/costa-mesa/27-seventy-five-mesa-verde/,2026-06-13,2026-08-02,,,,,B2C-R,1,15438
2026-08-02,UDR,27 Seventy Five Mesa Verde,,Orange County,UDR-27-seventy-five-mesa-verde-2br-1235sqft-57K,2,2.0,1235,3442.0,2026-09-04,14,False,,,,,,,,https://www.udr.com/orange-county-apartments/costa-mesa/27-seventy-five-mesa-verde/,2026-06-22,2026-08-02,,,,,B2C-R,1,15438
2026-08-02,UDR,27 Seventy Five Mesa Verde,,Orange County,UDR-27-seventy-five-mesa-verde-2br-1235sqft-44D,2,2.0,1235,3418.0,2026-08-22,14,False,,,,,,,,https://www.udr.com/orange-county-apartments/costa-mesa/27-seventy-five-mesa-verde/,2026-06-22,2026-08-02,,,,,B2C-R,1,15438
2026-08-02,UDR,27 Seventy Five Mesa Verde,,Orange County,UDR-27-seventy-five-mesa-verde-1br-600sqft-U106,1,1.0,600,2553.0,2026-09-06,14,False,,,,,,,,https://www.udr.com/orange-county-apartments/costa-mesa/27-seventy-five-mesa-verde/,2026-07-19,2026-08-02,,,,,A1A-R,1,15438
2026-08-02,UDR,27 Seventy Five Mesa Verde,,Orange County,UDR-27-seventy-five-mesa-verde-1br-801sqft-A203,1,1.0,801,2788.0,2026-08-03,14,False,,,,,,,,https://www.udr.com/orange-county-apartments/costa-mesa/27-seventy-five-mesa-verde/,2026-05-09,2026-08-02,,,,,A1D-R,2,15438
2026-08-02,UDR,27 Seventy Five Mesa Verde,,Orange County,UDR-27-seventy-five-mesa-verde-1br-801sqft-C203,1,1.0,801,2753.0,2026-09-26,14,False,,,,,,,,https://www.udr.com/orange-county-apartments/costa-mesa/27-seventy-five-mesa-verde/,2026-08-02,2026-08-02,,,,,A1D-R,2,15438
2026-08-02,UDR,27 Seventy Five Mesa Verde,,Orange County,UDR-27-seventy-five-mesa-verde-1br-801sqft-E205,1,1.0,801,2799.0,2026-09-20,14,False,,,,,,,,https://www.udr.com/orange-county-apartments/costa-mesa/27-seventy-five-mesa-verde/,2026-08-02,2026-08-02,,,,,A1D-R,2,15438
2026-08-02,UDR,27 Seventy Five Mesa Verde,,Orange County,UDR-27-seventy-five-mesa-verde-1br-801sqft-G106,1,1.0,801,2816.0,2026-09-18,14,False,,,,,,,,https://www.udr.com/orange-county-apartments/costa-mesa/27-seventy-five-mesa-verde/,2026-07-19,2026-08-02,,,,,A1D-R,1,15438
2026-08-02,UDR,27 Seventy Five Mesa Verde,,Orange County,UDR-27-seventy-five-mesa-verde-1br-801sqft-Q104,1,1.0,801,2663.0,2026-08-06,14,False,,,,,,,,https://www.udr.com/orange-county-apartments/costa-mesa/27-seventy-five-mesa-verde/,2026-05-23,2026-08-02,,,,,A1D-R,1,15438
2026-08-02,UDR,27 Seventy Five Mesa Verde,,Orange County,UDR-27-seventy-five-mesa-verde-1br-801sqft-R203,1,1.0,801,2826.0,2026-09-19,14,False,,,,,,,,https://www.udr.com/orange-county-apartments/costa-mesa/27-seventy-five-mesa-verde/,2026-07-19,2026-08-02,,,,,A1D-R,2,15438
2026-08-02,UDR,27 Seventy Five Mesa Verde,,Orange County,UDR-27-seventy-five-mesa-verde-1br-801sqft-R206,1,1.0,801,2673.0,2026-08-08,14,False,,,,,,,,https://www.udr.com/orange-county-apartments/costa-mesa/27-seventy-five-mesa-verde/,2026-06-22,2026-08-02,,,,,A1D-R,2,15438
2026-08-02,UDR,27 Seventy Five Mesa Verde,,Orange County,UDR-27-seventy-five-mesa-verde-1br-801sqft-T103,1,1.0,801,2722.0,2026-08-15,14,False,,,,,,,,https://www.udr.com/orange-county-apartments/costa-mesa/27-seventy-five-mesa-verde/,2026-05-30,2026-08-02,,,,,A1D-R,1,15438
2026-08-02,UDR,27 Seventy Five Mesa Verde,,Orange County,UDR-27-seventy-five-mesa-verde-1br-801sqft-V104,1,1.0,801,2837.0,2026-10-09,14,False,,,,,,,,https://www.udr.com/orange-county-apartments/costa-mesa/27-seventy-five-mesa-verde/,2026-08-02,2026-08-02,,,,,A1D-R,1,15438
2026-08-02,UDR,27 Seventy Five Mesa Verde,,Orange County,UDR-27-seventy-five-mesa-verde-1br-801sqft-Y205,1,1.0,801,2748.0,2026-09-06,14,False,,,,,,,,https://www.udr.com/orange-county-apartments/costa-mesa/27-seventy-five-mesa-verde/,2026-07-19,2026-08-02,,,,,A1D-R,2,15438
2026-08-02,UDR,27 Seventy Five Mesa Verde,,Orange County,UDR-27-seventy-five-mesa-verde-1br-801sqft-N103,1,1.0,801,2518.0,2026-09-05,14,False,,,,,,,,https://www.udr.com/orange-county-apartments/costa-mesa/27-seventy-five-mesa-verde/,2026-08-02,2026-08-02,,,,,A1F,1,15438
2026-08-02,UDR,27 Seventy Five Mesa Verde,,Orange County,UDR-27-seventy-five-mesa-verde-2br-910sqft-P215,2,1.0,910,2972.0,2026-09-13,14,False,,,,,,,,https://www.udr.com/orange-county-apartments/costa-mesa/27-seventy-five-mesa-verde/,2026-07-19,2026-08-02,,,,,B1A-R,2,15438
2026-08-02,UDR,27 Seventy Five Mesa Verde,,Orange County,UDR-27-seventy-five-mesa-verde-2br-910sqft-X101,2,1.0,910,3140.0,2026-09-06,14,False,,,,,,,,https://www.udr.com/orange-county-apartments/costa-mesa/27-seventy-five-mesa-verde/,2026-05-09,2026-08-02,,,,,B1A-R,1,15438
2026-08-02,UDR,27 Seventy Five Mesa Verde,,Orange County,UDR-27-seventy-five-mesa-verde-2br-910sqft-X215,2,1.0,910,3057.0,2026-09-04,14,False,,,,,,,,https://www.udr.com/orange-county-apartments/costa-mesa/27-seventy-five-mesa-verde/,2026-08-02,2026-08-02,,,,,B1A-R,2,15438
2026-08-02,UDR,27 Seventy Five Mesa Verde,,Orange County,UDR-27-seventy-five-mesa-verde-3br-1456sqft-B206,3,2.0,1456,4299.0,2026-08-08,14,False,,,,,,,,https://www.udr.com/orange-county-apartments/costa-mesa/27-seventy-five-mesa-verde/,2026-05-30,2026-08-02,,,,,C2-R,2,15438
2026-08-02,UDR,27 Seventy Five Mesa Verde,,Orange County,UDR-27-seventy-five-mesa-verde-0br-480sqft-P108,0,1.0,480,2214.0,2026-09-07,14,False,,,,,,,,https://www.udr.com/orange-county-apartments/costa-mesa/27-seventy-five-mesa-verde/,2026-07-19,2026-08-02,,,,,E1-R,1,15438
2026-08-02,UDR,27 Seventy Five Mesa Verde,,Orange County,UDR-27-seventy-five-mesa-verde-0br-480sqft-S107,0,1.0,480,2267.0,2026-09-26,14,False,,,,,,,,https://www.udr.com/orange-county-apartments/costa-mesa/27-seventy-five-mesa-verde/,2026-08-02,2026-08-02,,,,,E1-R,1,15438
2026-08-02,UDR,27 Seventy Five Mesa Verde,,Orange County,UDR-27-seventy-five-mesa-verde-0br-480sqft-U108,0,1.0,480,2299.0,2026-08-27,14,False,,,,,,,,https://www.udr.com/orange-county-apartments/costa-mesa/27-seventy-five-mesa-verde/,2026-06-13,2026-08-02,,,,,E1-R,1,15438
2026-08-02,UDR,27 Seventy Five Mesa Verde,,Orange County,UDR-27-seventy-five-mesa-verde-2br-1120sqft-J203,2,2.0,1120,3391.0,2026-10-30,14,False,,,,,,,,https://www.udr.com/orange-county-apartments/costa-mesa/27-seventy-five-mesa-verde/,2026-08-02,2026-08-02,,,,,B2B-R,2,15438
2026-08-02,UDR,27 Seventy Five Mesa Verde,,Orange County,UDR-27-seventy-five-mesa-verde-2br-1120sqft-S204,2,2.0,1120,3342.0,2026-08-03,14,False,,,,,,,,https://www.udr.com/orange-county-apartments/costa-mesa/27-seventy-five-mesa-verde/,2026-06-08,2026-08-02,,,,,B2B-R,2,15438
2026-08-02,UDR,27 Seventy Five Mesa Verde,,Orange County,UDR-27-seventy-five-mesa-verde-2br-1120sqft-S216,2,2.0,1120,3341.0,2026-08-07,14,False,,,,,,,,https://www.udr.com/orange-county-apartments/costa-mesa/27-seventy-five-mesa-verde/,2026-06-08,2026-08-02,,,,,B2B-R,2,15438
2026-08-02,UDR,3033 Wilshire,,Los Angeles,UDR-3033-wilshire-1br-770sqft-1016,1,1.0,770,2910.0,2026-10-07,12,True,hard,Save up to 6 Weeks off rent!,months_free,1.3847,11.54,11.54,2574.21,https://www.udr.com/los-angeles-apartments/downtown-los-angeles/3033-wilshire/,2026-08-02,2026-08-02,,,,,A1A,10,15
2026-08-02,UDR,3033 Wilshire,,Los Angeles,UDR-3033-wilshire-1br-770sqft-816,1,1.0,770,2770.0,2026-08-03,14,True,hard,Save up to 6 Weeks off rent!,months_free,1.3847,9.89,9.89,2496.03,https://www.udr.com/los-angeles-apartments/downtown-los-angeles/3033-wilshire/,2026-04-04,2026-08-02,,,,,A1A,8,15
2026-08-02,UDR,3033 Wilshire,,Los Angeles,UDR-3033-wilshire-1br-840sqft-1512,1,1.0,840,3627.0,2026-08-21,14,True,hard,Save up to 6 Weeks off rent!,months_free,1.3847,9.89,9.89,3268.26,https://www.udr.com/los-angeles-apartments/downtown-los-angeles/3033-wilshire/,2026-07-19,2026-08-02,,,,,A1D,15,15
2026-08-02,UDR,3033 Wilshire,,Los Angeles,UDR-3033-wilshire-1br-840sqft-507,1,1.0,840,2999.0,2026-08-03,14,True,hard,Save up to 6 Weeks off rent!,months_free,1.3847,9.89,9.89,2702.38,https://www.udr.com/los-angeles-apartments/downtown-los-angeles/3033-wilshire/,2026-05-23,2026-08-02,,,,,A1D,5,15
2026-08-02,UDR,3033 Wilshire,,Los Angeles,UDR-3033-wilshire-1br-1054sqft-1508,1,1.0,1054,3518.0,2026-08-03,15,True,hard,Save up to 6 Weeks off rent!,months_free,1.3847,9.23,9.23,3193.24,https://www.udr.com/los-angeles-apartments/downtown-los-angeles/3033-wilshire/,2026-05-16,2026-08-02,,,,,A1G,15,15
2026-08-02,UDR,3033 Wilshire,,Los Angeles,UDR-3033-wilshire-2br-1379sqft-1413,2,2.0,1379,4495.0,2026-08-03,14,True,hard,Save up to 6 Weeks off rent!,months_free,1.3847,9.89,9.89,4050.41,https://www.udr.com/los-angeles-apartments/downtown-los-angeles/3033-wilshire/,2026-04-04,2026-08-02,,,,,B2C,14,15
2026-08-02,UDR,3033 Wilshire,,Los Angeles,UDR-3033-wilshire-2br-1408sqft-1305,2,2.0,1408,5290.0,2026-09-05,13,True,hard,Save up to 6 Weeks off rent!,months_free,1.3847,10.65,10.65,4726.53,https://www.udr.com/los-angeles-apartments/downtown-los-angeles/3033-wilshire/,2026-06-22,2026-08-02,,,,,B2D,13,15
2026-08-02,UDR,3033 Wilshire,,Los Angeles,UDR-3033-wilshire-2br-1684sqft-1703,2,2.5,1684,5550.0,2026-08-08,14,True,hard,Save up to 6 Weeks off rent!,months_free,1.3847,9.89,9.89,5001.07,https://www.udr.com/los-angeles-apartments/downtown-los-angeles/3033-wilshire/,2026-08-02,2026-08-02,,,,,B2F-PH,17,15
2026-08-02,UDR,3033 Wilshire,,Los Angeles,UDR-3033-wilshire-2br-1823sqft-1602,2,2.5,1823,6099.0,2026-08-03,14,True,hard,Save up to 6 Weeks off rent!,months_free,1.3847,9.89,9.89,5495.77,https://www.udr.com/los-angeles-apartments/downtown-los-angeles/3033-wilshire/,2026-04-04,2026-08-02,,,,,B2G-PH,16,15
2026-08-02,UDR,3033 Wilshire,,Los Angeles,UDR-3033-wilshire-2br-1895sqft-1604,2,3.0,1895,5685.0,2026-08-03,14,True,hard,Save up to 6 Weeks off rent!,months_free,1.3847,9.89,9.89,5122.71,https://www.udr.com/los-angeles-apartments/downtown-los-angeles/3033-wilshire/,2026-05-09,2026-08-02,,,,,B2I-PH,16,15
2026-08-02,UDR,3033 Wilshire,,Los Angeles,UDR-3033-wilshire-0br-615sqft-1011,0,1.0,615,2201.0,2026-09-21,14,True,hard,Save up to 6 Weeks off rent!,months_free,1.3847,9.89,9.89,1983.31,https://www.udr.com/los-angeles-apartments/downtown-los-angeles/3033-wilshire/,2026-06-22,2026-08-02,,,,,E1A,10,15
2026-08-02,UDR,3033 Wilshire,,Los Angeles,UDR-3033-wilshire-0br-615sqft-1409,0,1.0,615,2295.0,2026-08-03,15,True,hard,Save up to 6 Weeks off rent!,months_free,1.3847,9.23,9.23,2083.14,https://www.udr.com/los-angeles-apartments/downtown-los-angeles/3033-wilshire/,2026-06-08,2026-08-02,,,,,E1A,14,15
2026-08-02,UDR,3033 Wilshire,,Los Angeles,UDR-3033-wilshire-0br-615sqft-709,0,1.0,615,2405.0,2026-09-10,14,True,hard,Save up to 6 Weeks off rent!,months_free,1.3847,9.89,9.89,2167.13,https://www.udr.com/los-angeles-apartments/downtown-los-angeles/3033-wilshire/,2026-07-19,2026-08-02,,,,,E1A,7,15
2026-08-02,UDR,3033 Wilshire,,Los Angeles,UDR-3033-wilshire-0br-644sqft-1003,0,1.0,644,2530.0,2026-09-13,14,True,hard,Save up to 6 Weeks off rent!,months_free,1.3847,9.89,9.89,2279.76,https://www.udr.com/los-angeles-apartments/downtown-los-angeles/3033-wilshire/,2026-06-22,2026-08-02,,,,,E1B,10,15
2026-08-02,UDR,3033 Wilshire,,Los Angeles,UDR-3033-wilshire-0br-644sqft-1503,0,1.0,644,2790.0,2026-08-03,15,True,hard,Save up to 6 Weeks off rent!,months_free,1.3847,9.23,9.23,2532.45,https://www.udr.com/los-angeles-apartments/downtown-los-angeles/3033-wilshire/,2026-06-13,2026-08-02,,,,,E1B,15,15
2026-08-02,UDR,3033 Wilshire,,Los Angeles,UDR-3033-wilshire-0br-644sqft-703,0,1.0,644,2461.0,2026-09-24,14,True,hard,Save up to 6 Weeks off rent!,months_free,1.3847,9.89,9.89,2217.59,https://www.udr.com/los-angeles-apartments/downtown-los-angeles/3033-wilshire/,2026-08-02,2026-08-02,,,,,E1B,7,15
2026-08-02,UDR,3099 Iowa,,Inland Empire,UDR-3099-iowa-1br-623sqft-113,1,1.0,623,2290.0,2027-03-11,15,True,hard,Save up to 6 Weeks off rent!,months_free,1.3847,9.23,9.23,2078.6,https://www.udr.com/inland-empire-apartments/riverside/3099-iowa/,2026-06-13,2026-08-02,,,,,One bedroom (A1A),1,810161711
2026-08-02,UDR,3099 Iowa,,Inland Empire,UDR-3099-iowa-1br-623sqft-115,1,1.0,623,2290.0,2027-03-11,15,True,hard,Save up to 6 Weeks off rent!,months_free,1.3847,9.23,9.23,2078.6,https://www.udr.com/inland-empire-apartments/riverside/3099-iowa/,2026-06-13,2026-08-02,,,,,One bedroom (A1A),1,810161711
2026-08-02,UDR,3099 Iowa,,Inland Empire,UDR-3099-iowa-1br-623sqft-213,1,1.0,623,2310.0,2027-03-11,15,True,hard,Save up to 6 Weeks off rent!,months_free,1.3847,9.23,9.23,2096.76,https://www.udr.com/inland-empire-apartments/riverside/3099-iowa/,2026-06-13,2026-08-02,,,,,One bedroom (A1A),2,810161711
2026-08-02,UDR,3099 Iowa,,Inland Empire,UDR-3099-iowa-1br-623sqft-215,1,1.0,623,2310.0,2027-03-11,15,True,hard,Save up to 6 Weeks off rent!,months_free,1.3847,9.23,9.23,2096.76,https://www.udr.com/inland-empire-apartments/riverside/3099-iowa/,2026-06-13,2026-08-02,,,,,One bedroom (A1A),2,810161711
2026-08-02,UDR,3099 Iowa,,Inland Empire,UDR-3099-iowa-1br-623sqft-313,1,1.0,623,2320.0,2027-03-11,15,True,hard,Save up to 6 Weeks off rent!,months_free,1.3847,9.23,9.23,2105.83,https://www.udr.com/inland-empire-apartments/riverside/3099-iowa/,2026-06-13,2026-08-02,,,,,One bedroom (A1A),3,810161711
2026-08-02,UDR,3099 Iowa,,Inland Empire,UDR-3099-iowa-1br-623sqft-315,1,1.0,623,2320.0,2027-03-11,15,True,hard,Save up to 6 Weeks off rent!,months_free,1.3847,9.23,9.23,2105.83,https://www.udr.com/inland-empire-apartments/riverside/3099-iowa/,2026-06-13,2026-08-02,,,,,One bedroom (A1A),3,810161711
2026-08-02,UDR,3099 Iowa,,Inland Empire,UDR-3099-iowa-1br-623sqft-413,1,1.0,623,2330.0,2027-03-11,15,True,hard,Save up to 6 Weeks off rent!,months_free,1.3847,9.23,9.23,2114.91,https://www.udr.com/inland-empire-apartments/riverside/3099-iowa/,2026-06-13,2026-08-02,,,,,One bedroom (A1A),4,810161711
2026-08-02,UDR,3099 Iowa,,Inland Empire,UDR-3099-iowa-1br-623sqft-415,1,1.0,623,2330.0,2027-03-11,15,True,hard,Save up to 6 Weeks off rent!,months_free,1.3847,9.23,9.23,2114.91,https://www.udr.com/inland-empire-apartments/riverside/3099-iowa/,2026-06-13,2026-08-02,,,,,One bedroom (A1A),4,810161711
2026-08-02,UDR,3099 Iowa,,Inland Empire,UDR-3099-iowa-1br-623sqft-135,1,1.0,623,2340.0,2026-11-02,15,True,hard,Save up to 6 Weeks off rent!,months_free,1.3847,9.23,9.23,2123.99,https://www.udr.com/inland-empire-apartments/riverside/3099-iowa/,2026-06-13,2026-08-02,,,,,One bedroom (A1A),1,810161711
2026-08-02,UDR,3099 Iowa,,Inland Empire,UDR-3099-iowa-1br-623sqft-235,1,1.0,623,2360.0,2026-11-02,15,True,hard,Save up to 6 Weeks off rent!,months_free,1.3847,9.23,9.23,2142.14,https://www.udr.com/inland-empire-apartments/riverside/3099-iowa/,2026-06-13,2026-08-02,,,,,One bedroom (A1A),2,810161711
2026-08-02,UDR,3099 Iowa,,Inland Empire,UDR-3099-iowa-1br-623sqft-335,1,1.0,623,2370.0,2026-11-02,15,True,hard,Save up to 6 Weeks off rent!,months_free,1.3847,9.23,9.23,2151.22,https://www.udr.com/inland-empire-apartments/riverside/3099-iowa/,2026-06-13,2026-08-02,,,,,One bedroom (A1A),3,810161711
2026-08-02,UDR,3099 Iowa,,Inland Empire,UDR-3099-iowa-1br-623sqft-435,1,1.0,623,2430.0,2026-11-02,15,True,hard,Save up to 6 Weeks off rent!,months_free,1.3847,9.23,9.23,2205.68,https://www.udr.com/inland-empire-apartments/riverside/3099-iowa/,2026-06-13,2026-08-02,,,,,One bedroom (A1A),4,810161711
2026-08-02,UDR,3099 Iowa,,Inland Empire,UDR-3099-iowa-1br-623sqft-108,1,1.0,623,2290.0,2027-01-02,15,True,hard,Save up to 6 Weeks off rent!,months_free,1.3847,9.23,9.23,2078.6,https://www.udr.com/inland-empire-apartments/riverside/3099-iowa/,2026-06-13,2026-08-02,,,,,One bedroom (A1A),1,810161711
2026-08-02,UDR,3099 Iowa,,Inland Empire,UDR-3099-iowa-1br-623sqft-120,1,1.0,623,2290.0,2027-02-02,15,True,hard,Save up to 6 Weeks off rent!,months_free,1.3847,9.23,9.23,2078.6,https://www.udr.com/inland-empire-apartments/riverside/3099-iowa/,2026-06-13,2026-08-02,,,,,One bedroom (A1A),1,810161711
2026-08-02,UDR,3099 Iowa,,Inland Empire,UDR-3099-iowa-1br-623sqft-122,1,1.0,623,2290.0,2027-02-02,15,True,hard,Save up to 6 Weeks off rent!,months_free,1.3847,9.23,9.23,2078.6,https://www.udr.com/inland-empire-apartments/riverside/3099-iowa/,2026-06-13,2026-08-02,,,,,One bedroom (A1A),1,810161711
2026-08-02,UDR,3099 Iowa,,Inland Empire,UDR-3099-iowa-1br-623sqft-206,1,1.0,623,2310.0,2027-01-02,15,True,hard,Save up to 6 Weeks off rent!,months_free,1.3847,9.23,9.23,2096.76,https://www.udr.com/inland-empire-apartments/riverside/3099-iowa/,2026-06-13,2026-08-02,,,,,One bedroom (A1A),2,810161711
2026-08-02,UDR,3099 Iowa,,Inland Empire,UDR-3099-iowa-1br-623sqft-208,1,1.0,623,2310.0,2027-01-02,15,True,hard,Save up to 6 Weeks off rent!,months_free,1.3847,9.23,9.23,2096.76,https://www.udr.com/inland-empire-apartments/riverside/3099-iowa/,2026-06-13,2026-08-02,,,,,One bedroom (A1A),2,810161711
2026-08-02,UDR,3099 Iowa,,Inland Empire,UDR-3099-iowa-1br-623sqft-220,1,1.0,623,2310.0,2027-02-02,15,True,hard,Save up to 6 Weeks off rent!,months_free,1.3847,9.23,9.23,2096.76,https://www.udr.com/inland-empire-apartments/riverside/3099-iowa/,2026-06-13,2026-08-02,,,,,One bedroom (A1A),2,810161711
2026-08-02,UDR,3099 Iowa,,Inland Empire,UDR-3099-iowa-1br-623sqft-222,1,1.0,623,2310.0,2027-02-02,15,True,hard,Save up to 6 Weeks off rent!,months_free,1.3847,9.23,9.23,2096.76,https://www.udr.com/inland-empire-apartments/riverside/3099-iowa/,2026-06-13,2026-08-02,,,,,One bedroom (A1A),2,810161711
2026-08-02,UDR,3099 Iowa,,Inland Empire,UDR-3099-iowa-1br-623sqft-306,1,1.0,623,2320.0,2027-01-02,15,True,hard,Save up to 6 Weeks off rent!,months_free,1.3847,9.23,9.23,2105.83,https://www.udr.com/inland-empire-apartments/riverside/3099-iowa/,2026-06-13,2026-08-02,,,,,One bedroom (A1A),3,810161711
2026-08-02,UDR,3099 Iowa,,Inland Empire,UDR-3099-iowa-1br-623sqft-308,1,1.0,623,2320.0,2027-01-02,15,True,hard,Save up to 6 Weeks off rent!,months_free,1.3847,9.23,9.23,2105.83,https://www.udr.com/inland-empire-apartments/riverside/3099-iowa/,2026-06-13,2026-08-02,,,,,One bedroom (A1A),3,810161711
2026-08-02,UDR,3099 Iowa,,Inland Empire,UDR-3099-iowa-1br-623sqft-320,1,1.0,623,2370.0,2027-02-02,15,True,hard,Save up to 6 Weeks off rent!,months_free,1.3847,9.23,9.23,2151.22,https://www.udr.com/inland-empire-apartments/riverside/3099-iowa/,2026-06-13,2026-08-02,,,,,One bedroom (A1A),3,810161711
2026-08-02,UDR,3099 Iowa,,Inland Empire,UDR-3099-iowa-1br-623sqft-322,1,1.0,623,2320.0,2027-02-02,15,True,hard,Save up to 6 Weeks off rent!,months_free,1.3847,9.23,9.23,2105.83,https://www.udr.com/inland-empire-apartments/riverside/3099-iowa/,2026-06-13,2026-08-02,,,,,One bedroom (A1A),3,810161711
2026-08-02,UDR,3099 Iowa,,Inland Empire,UDR-3099-iowa-1br-623sqft-406,1,1.0,623,2380.0,2027-01-02,15,True,hard,Save up to 6 Weeks off rent!,months_free,1.3847,9.23,9.23,2160.29,https://www.udr.com/inland-empire-apartments/riverside/3099-iowa/,2026-06-13,2026-08-02,,,,,One bedroom (A1A),4,810161711
2026-08-02,UDR,3099 Iowa,,Inland Empire,UDR-3099-iowa-1br-623sqft-420,1,1.0,623,2330.0,2027-02-02,15,True,hard,Save up to 6 Weeks off rent!,months_free,1.3847,9.23,9.23,2114.91,https://www.udr.com/inland-empire-apartments/riverside/3099-iowa/,2026-06-13,2026-08-02,,,,,One bedroom (A1A),4,810161711
2026-08-02,UDR,3099 Iowa,,Inland Empire,UDR-3099-iowa-1br-623sqft-422,1,1.0,623,2330.0,2027-02-02,15,True,hard,Save up to 6 Weeks off rent!,months_free,1.3847,9.23,9.23,2114.91,https://www.udr.com/inland-empire-apartments/riverside/3099-iowa/,2026-06-13,2026-08-02,,,,,One bedroom (A1A),4,810161711
2026-08-02,UDR,3099 Iowa,,Inland Empire,UDR-3099-iowa-1br-655sqft-113,1,1.0,655,2520.0,2026-09-02,15,True,hard,Save up to 6 Weeks off rent!,months_free,1.3847,9.23,9.23,2287.37,https://www.udr.com/inland-empire-apartments/riverside/3099-iowa/,2026-06-08,2026-08-02,,,,,One bedroom (A1B),1,810161711
2026-08-02,UDR,3099 Iowa,,Inland Empire,UDR-3099-iowa-1br-655sqft-121,1,1.0,655,2470.0,2026-11-02,15,True,hard,Save up to 6 Weeks off rent!,months_free,1.3847,9.23,9.23,2241.99,https://www.udr.com/inland-empire-apartments/riverside/3099-iowa/,2026-06-13,2026-08-02,,,,,One bedroom (A1B),1,810161711
2026-08-02,UDR,3099 Iowa,,Inland Empire,UDR-3099-iowa-1br-655sqft-133,1,1.0,655,2470.0,2026-11-02,15,True,hard,Save up to 6 Weeks off rent!,months_free,1.3847,9.23,9.23,2241.99,https://www.udr.com/inland-empire-apartments/riverside/3099-iowa/,2026-06-13,2026-08-02,,,,,One bedroom (A1B),1,810161711
2026-08-02,UDR,3099 Iowa,,Inland Empire,UDR-3099-iowa-1br-655sqft-213,1,1.0,655,2410.0,2026-09-02,15,True,hard,Save up to 6 Weeks off rent!,months_free,1.3847,9.23,9.23,2187.52,https://www.udr.com/inland-empire-apartments/riverside/3099-iowa/,2026-06-08,2026-08-02,,,,,One bedroom (A1B),2,810161711
2026-08-02,UDR,3099 Iowa,,Inland Empire,UDR-3099-iowa-1br-655sqft-221,1,1.0,655,2410.0,2026-11-02,15,True,hard,Save up to 6 Weeks off rent!,months_free,1.3847,9.23,9.23,2187.52,https://www.udr.com/inland-empire-apartments/riverside/3099-iowa/,2026-06-13,2026-08-02,,,,,One bedroom (A1B),2,810161711
2026-08-02,UDR,3099 Iowa,,Inland Empire,UDR-3099-iowa-1br-655sqft-233,1,1.0,655,2410.0,2026-11-02,15,True,hard,Save up to 6 Weeks off rent!,months_free,1.3847,9.23,9.23,2187.52,https://www.udr.com/inland-empire-apartments/riverside/3099-iowa/,2026-06-13,2026-08-02,,,,,One bedroom (A1B),2,810161711
2026-08-02,UDR,3099 Iowa,,Inland Empire,UDR-3099-iowa-1br-655sqft-307,1,1.0,655,2420.0,2026-09-02,15,True,hard,Save up to 6 Weeks off rent!,months_free,1.3847,9.23,9.23,2196.6,https://www.udr.com/inland-empire-apartments/riverside/3099-iowa/,2026-06-08,2026-08-02,,,,,One bedroom (A1B),3,810161711
2026-08-02,UDR,3099 Iowa,,Inland Empire,UDR-3099-iowa-1br-655sqft-313,1,1.0,655,2420.0,2026-09-02,15,True,hard,Save up to 6 Weeks off rent!,months_free,1.3847,9.23,9.23,2196.6,https://www.udr.com/inland-empire-apartments/riverside/3099-iowa/,2026-06-08,2026-08-02,,,,,One bedroom (A1B),3,810161711
2026-08-02,UDR,3099 Iowa,,Inland Empire,UDR-3099-iowa-1br-655sqft-321,1,1.0,655,2420.0,2026-11-02,15,True,hard,Save up to 6 Weeks off rent!,months_free,1.3847,9.23,9.23,2196.6,https://www.udr.com/inland-empire-apartments/riverside/3099-iowa/,2026-06-13,2026-08-02,,,,,One bedroom (A1B),3,810161711
2026-08-02,UDR,3099 Iowa,,Inland Empire,UDR-3099-iowa-1br-655sqft-333,1,1.0,655,2420.0,2026-11-02,15,True,hard,Save up to 6 Weeks off rent!,months_free,1.3847,9.23,9.23,2196.6,https://www.udr.com/inland-empire-apartments/riverside/3099-iowa/,2026-06-13,2026-08-02,,,,,One bedroom (A1B),3,810161711
2026-08-02,UDR,3099 Iowa,,Inland Empire,UDR-3099-iowa-1br-655sqft-407,1,1.0,655,2430.0,2026-09-02,15,True,hard,Save up to 6 Weeks off rent!,months_free,1.3847,9.23,9.23,2205.68,https://www.udr.com/inland-empire-apartments/riverside/3099-iowa/,2026-06-08,2026-08-02,,,,,One bedroom (A1B),4,810161711
2026-08-02,UDR,3099 Iowa,,Inland Empire,UDR-3099-iowa-1br-655sqft-413,1,1.0,655,2480.0,2026-09-02,15,True,hard,Save up to 6 Weeks off rent!,months_free,1.3847,9.23,9.23,2251.06,https://www.udr.com/inland-empire-apartments/riverside/3099-iowa/,2026-06-08,2026-08-02,,,,,One bedroom (A1B),4,810161711
2026-08-02,UDR,3099 Iowa,,Inland Empire,UDR-3099-iowa-1br-655sqft-421,1,1.0,655,2480.0,2026-11-02,15,True,hard,Save up to 6 Weeks off rent!,months_free,1.3847,9.23,9.23,2251.06,https://www.udr.com/inland-empire-apartments/riverside/3099-iowa/,2026-06-13,2026-08-02,,,,,One bedroom (A1B),4,810161711
2026-08-02,UDR,3099 Iowa,,Inland Empire,UDR-3099-iowa-1br-655sqft-433,1,1.0,655,2430.0,2026-11-02,15,True,hard,Save up to 6 Weeks off rent!,months_free,1.3847,9.23,9.23,2205.68,https://www.udr.com/inland-empire-apartments/riverside/3099-iowa/,2026-06-13,2026-08-02,,,,,One bedroom (A1B),4,810161711
2026-08-02,UDR,3099 Iowa,,Inland Empire,UDR-3099-iowa-1br-722sqft-212,1,1.0,722,2442.0,2027-03-11,15,True,hard,Save up to 6 Weeks off rent!,months_free,1.3847,9.23,9.23,2216.57,https://www.udr.com/inland-empire-apartments/riverside/3099-iowa/,2026-06-13,2026-08-02,,,,,One bedroom (A1C),2,810161711
2026-08-02,UDR,3099 Iowa,,Inland Empire,UDR-3099-iowa-1br-722sqft-214,1,1.0,722,2442.0,2027-03-11,15,True,hard,Save up to 6 Weeks off rent!,months_free,1.3847,9.23,9.23,2216.57,https://www.udr.com/inland-empire-apartments/riverside/3099-iowa/,2026-06-13,2026-08-02,,,,,One bedroom (A1C),2,810161711
2026-08-02,UDR,3099 Iowa,,Inland Empire,UDR-3099-iowa-1br-722sqft-312,1,1.0,722,2452.0,2027-03-11,15,True,hard,Save up to 6 Weeks off rent!,months_free,1.3847,9.23,9.23,2225.65,https://www.udr.com/inland-empire-apartments/riverside/3099-iowa/,2026-06-13,2026-08-02,,,,,One bedroom (A1C),3,810161711
2026-08-02,UDR,3099 Iowa,,Inland Empire,UDR-3099-iowa-1br-722sqft-314,1,1.0,722,2452.0,2027-03-11,15,True,hard,Save up to 6 Weeks off rent!,months_free,1.3847,9.23,9.23,2225.65,https://www.udr.com/inland-empire-apartments/riverside/3099-iowa/,2026-06-13,2026-08-02,,,,,One bedroom (A1C),3,810161711
2026-08-02,UDR,3099 Iowa,,Inland Empire,UDR-3099-iowa-1br-722sqft-412,1,1.0,722,2462.0,2027-03-11,15,True,hard,Save up to 6 Weeks off rent!,months_free,1.3847,9.23,9.23,2234.72,https://www.udr.com/inland-empire-apartments/riverside/3099-iowa/,2026-06-13,2026-08-02,,,,,One bedroom (A1C),4,810161711
2026-08-02,UDR,3099 Iowa,,Inland Empire,UDR-3099-iowa-1br-722sqft-414,1,1.0,722,2462.0,2027-03-11,15,True,hard,Save up to 6 Weeks off rent!,months_free,1.3847,9.23,9.23,2234.72,https://www.udr.com/inland-empire-apartments/riverside/3099-iowa/,2026-06-13,2026-08-02,,,,,One bedroom (A1C),4,810161711
2026-08-02,UDR,3099 Iowa,,Inland Empire,UDR-3099-iowa-1br-722sqft-229,1,1.0,722,2442.0,2026-11-02,15,True,hard,Save up to 6 Weeks off rent!,months_free,1.3847,9.23,9.23,2216.57,https://www.udr.com/inland-empire-apartments/riverside/3099-iowa/,2026-06-13,2026-08-02,,,,,One bedroom (A1C),2,810161711
2026-08-02,UDR,3099 Iowa,,Inland Empire,UDR-3099-iowa-1br-722sqft-234,1,1.0,722,2492.0,2026-11-02,15,True,hard,Save up to 6 Weeks off rent!,months_free,1.3847,9.23,9.23,2261.96,https://www.udr.com/inland-empire-apartments/riverside/3099-iowa/,2026-06-13,2026-08-02,,,,,One bedroom (A1C),2,810161711
2026-08-02,UDR,3099 Iowa,,Inland Empire,UDR-3099-iowa-1br-722sqft-236,1,1.0,722,2442.0,2026-10-02,15,True,hard,Save up to 6 Weeks off rent!,months_free,1.3847,9.23,9.23,2216.57,https://www.udr.com/inland-empire-apartments/riverside/3099-iowa/,2026-06-08,2026-08-02,,,,,One bedroom (A1C),2,810161711
2026-08-02,UDR,3099 Iowa,,Inland Empire,UDR-3099-iowa-1br-722sqft-238,1,1.0,722,2442.0,2026-10-02,15,True,hard,Save up to 6 Weeks off rent!,months_free,1.3847,9.23,9.23,2216.57,https://www.udr.com/inland-empire-apartments/riverside/3099-iowa/,2026-06-08,2026-08-02,,,,,One bedroom (A1C),2,810161711
2026-08-02,UDR,3099 Iowa,,Inland Empire,UDR-3099-iowa-1br-722sqft-250,1,1.0,722,2442.0,2026-10-02,15,True,hard,Save up to 6 Weeks off rent!,months_free,1.3847,9.23,9.23,2216.57,https://www.udr.com/inland-empire-apartments/riverside/3099-iowa/,2026-06-08,2026-08-02,,,,,One bedroom (A1C),2,810161711
2026-08-02,UDR,3099 Iowa,,Inland Empire,UDR-3099-iowa-1br-722sqft-306,1,1.0,722,2482.0,2026-09-02,15,True,hard,Save up to 6 Weeks off rent!,months_free,1.3847,9.23,9.23,2252.88,https://www.udr.com/inland-empire-apartments/riverside/3099-iowa/,2026-06-08,2026-08-02,,,,,One bedroom (A1C),3,810161711
2026-08-02,UDR,3099 Iowa,,Inland Empire,UDR-3099-iowa-1br-722sqft-329,1,1.0,722,2452.0,2026-11-02,15,True,hard,Save up to 6 Weeks off rent!,months_free,1.3847,9.23,9.23,2225.65,https://www.udr.com/inland-empire-apartments/riverside/3099-iowa/,2026-06-13,2026-08-02,,,,,One bedroom (A1C),3,810161711
2026-08-02,UDR,3099 Iowa,,Inland Empire,UDR-3099-iowa-1br-722sqft-334,1,1.0,722,2452.0,2026-11-02,15,True,hard,Save up to 6 Weeks off rent!,months_free,1.3847,9.23,9.23,2225.65,https://www.udr.com/inland-empire-apartments/riverside/3099-iowa/,2026-06-13,2026-08-02,,,,,One bedroom (A1C),3,810161711
2026-08-02,UDR,3099 Iowa,,Inland Empire,UDR-3099-iowa-1br-722sqft-336,1,1.0,722,2452.0,2026-10-02,15,True,hard,Save up to 6 Weeks off rent!,months_free,1.3847,9.23,9.23,2225.65,https://www.udr.com/inland-empire-apartments/riverside/3099-iowa/,2026-06-08,2026-08-02,,,,,One bedroom (A1C),3,810161711
2026-08-02,UDR,3099 Iowa,,Inland Empire,UDR-3099-iowa-1br-722sqft-338,1,1.0,722,2452.0,2026-10-02,15,True,hard,Save up to 6 Weeks off rent!,months_free,1.3847,9.23,9.23,2225.65,https://www.udr.com/inland-empire-apartments/riverside/3099-iowa/,2026-06-08,2026-08-02,,,,,One bedroom (A1C),3,810161711
2026-08-02,UDR,3099 Iowa,,Inland Empire,UDR-3099-iowa-1br-722sqft-350,1,1.0,722,2452.0,2026-10-02,15,True,hard,Save up to 6 Weeks off rent!,months_free,1.3847,9.23,9.23,2225.65,https://www.udr.com/inland-empire-apartments/riverside/3099-iowa/,2026-06-08,2026-08-02,,,,,One bedroom (A1C),3,810161711
2026-08-02,UDR,3099 Iowa,,Inland Empire,UDR-3099-iowa-1br-722sqft-429,1,1.0,722,2462.0,2026-11-02,15,True,hard,Save up to 6 Weeks off rent!,months_free,1.3847,9.23,9.23,2234.72,https://www.udr.com/inland-empire-apartments/riverside/3099-iowa/,2026-06-13,2026-08-02,,,,,One bedroom (A1C),4,810161711
2026-08-02,UDR,3099 Iowa,,Inland Empire,UDR-3099-iowa-1br-722sqft-434,1,1.0,722,2462.0,2026-11-02,15,True,hard,Save up to 6 Weeks off rent!,months_free,1.3847,9.23,9.23,2234.72,https://www.udr.com/inland-empire-apartments/riverside/3099-iowa/,2026-06-13,2026-08-02,,,,,One bedroom (A1C),4,810161711
2026-08-02,UDR,3099 Iowa,,Inland Empire,UDR-3099-iowa-1br-722sqft-436,1,1.0,722,2462.0,2026-10-02,15,True,hard,Save up to 6 Weeks off rent!,months_free,1.3847,9.23,9.23,2234.72,https://www.udr.com/inland-empire-apartments/riverside/3099-iowa/,2026-06-08,2026-08-02,,,,,One bedroom (A1C),4,810161711
2026-08-02,UDR,3099 Iowa,,Inland Empire,UDR-3099-iowa-1br-722sqft-438,1,1.0,722,2462.0,2026-10-02,15,True,hard,Save up to 6 Weeks off rent!,months_free,1.3847,9.23,9.23,2234.72,https://www.udr.com/inland-empire-apartments/riverside/3099-iowa/,2026-06-08,2026-08-02,,,,,One bedroom (A1C),4,810161711
2026-08-02,UDR,3099 Iowa,,Inland Empire,UDR-3099-iowa-1br-722sqft-450,1,1.0,722,2462.0,2026-10-02,15,True,hard,Save up to 6 Weeks off rent!,months_free,1.3847,9.23,9.23,2234.72,https://www.udr.com/inland-empire-apartments/riverside/3099-iowa/,2026-06-08,2026-08-02,,,,,One bedroom (A1C),4,810161711
2026-08-02,UDR,3099 Iowa,,Inland Empire,UDR-3099-iowa-1br-722sqft-203,1,1.0,722,2442.0,2027-01-02,15,True,hard,Save up to 6 Weeks off rent!,months_free,1.3847,9.23,9.23,2216.57,https://www.udr.com/inland-empire-apartments/riverside/3099-iowa/,2026-06-13,2026-08-02,,,,,One bedroom (A1C),2,810161711
2026-08-02,UDR,3099 Iowa,,Inland Empire,UDR-3099-iowa-1br-722sqft-217,1,1.0,722,2442.0,2027-01-02,15,True,hard,Save up to 6 Weeks off rent!,months_free,1.3847,9.23,9.23,2216.57,https://www.udr.com/inland-empire-apartments/riverside/3099-iowa/,2026-06-13,2026-08-02,,,,,One bedroom (A1C),2,810161711
2026-08-02,UDR,3099 Iowa,,Inland Empire,UDR-3099-iowa-1br-722sqft-219,1,1.0,722,2442.0,2027-01-02,15,True,hard,Save up to 6 Weeks off rent!,months_free,1.3847,9.23,9.23,2216.57,https://www.udr.com/inland-empire-apartments/riverside/3099-iowa/,2026-06-13,2026-08-02,,,,,One bedroom (A1C),2,810161711
2026-08-02,UDR,3099 Iowa,,Inland Empire,UDR-3099-iowa-1br-722sqft-221,1,1.0,722,2442.0,2027-02-02,15,True,hard,Save up to 6 Weeks off rent!,months_free,1.3847,9.23,9.23,2216.57,https://www.udr.com/inland-empire-apartments/riverside/3099-iowa/,2026-06-13,2026-08-02,,,,,One bedroom (A1C),2,810161711
2026-08-02,UDR,3099 Iowa,,Inland Empire,UDR-3099-iowa-1br-722sqft-231,1,1.0,722,2442.0,2027-02-02,15,True,hard,Save up to 6 Weeks off rent!,months_free,1.3847,9.23,9.23,2216.57,https://www.udr.com/inland-empire-apartments/riverside/3099-iowa/,2026-06-13,2026-08-02,,,,,One bedroom (A1C),2,810161711
2026-08-02,UDR,3099 Iowa,,Inland Empire,UDR-3099-iowa-1br-722sqft-233,1,1.0,722,2442.0,2027-02-02,15,True,hard,Save up to 6 Weeks off rent!,months_free,1.3847,9.23,9.23,2216.57,https://www.udr.com/inland-empire-apartments/riverside/3099-iowa/,2026-06-13,2026-08-02,,,,,One bedroom (A1C),2,810161711
2026-08-02,UDR,3099 Iowa,,Inland Empire,UDR-3099-iowa-1br-722sqft-303,1,1.0,722,2452.0,2027-01-02,15,True,hard,Save up to 6 Weeks off rent!,months_free,1.3847,9.23,9.23,2225.65,https://www.udr.com/inland-empire-apartments/riverside/3099-iowa/,2026-06-13,2026-08-02,,,,,One bedroom (A1C),3,810161711
2026-08-02,UDR,3099 Iowa,,Inland Empire,UDR-3099-iowa-1br-722sqft-317,1,1.0,722,2452.0,2027-01-02,15,True,hard,Save up to 6 Weeks off rent!,months_free,1.3847,9.23,9.23,2225.65,https://www.udr.com/inland-empire-apartments/riverside/3099-iowa/,2026-06-13,2026-08-02,,,,,One bedroom (A1C),3,810161711
2026-08-02,UDR,3099 Iowa,,Inland Empire,UDR-3099-iowa-1br-722sqft-319,1,1.0,722,2452.0,2027-01-02,15,True,hard,Save up to 6 Weeks off rent!,months_free,1.3847,9.23,9.23,2225.65,https://www.udr.com/inland-empire-apartments/riverside/3099-iowa/,2026-06-13,2026-08-02,,,,,One bedroom (A1C),3,810161711
2026-08-02,UDR,3099 Iowa,,Inland Empire,UDR-3099-iowa-1br-722sqft-321,1,1.0,722,2452.0,2027-02-02,15,True,hard,Save up to 6 Weeks off rent!,months_free,1.3847,9.23,9.23,2225.65,https://www.udr.com/inland-empire-apartments/riverside/3099-iowa/,2026-06-13,2026-08-02,,,,,One bedroom (A1C),3,810161711
2026-08-02,UDR,3099 Iowa,,Inland Empire,UDR-3099-iowa-1br-722sqft-331,1,1.0,722,2452.0,2027-02-02,15,True,hard,Save up to 6 Weeks off rent!,months_free,1.3847,9.23,9.23,2225.65,https://www.udr.com/inland-empire-apartments/riverside/3099-iowa/,2026-06-13,2026-08-02,,,,,One bedroom (A1C),3,810161711
2026-08-02,UDR,3099 Iowa,,Inland Empire,UDR-3099-iowa-1br-722sqft-333,1,1.0,722,2452.0,2027-02-02,15,True,hard,Save up to 6 Weeks off rent!,months_free,1.3847,9.23,9.23,2225.65,https://www.udr.com/inland-empire-apartments/riverside/3099-iowa/,2026-06-13,2026-08-02,,,,,One bedroom (A1C),3,810161711
2026-08-02,UDR,3099 Iowa,,Inland Empire,UDR-3099-iowa-1br-722sqft-403,1,1.0,722,2462.0,2027-01-02,15,True,hard,Save up to 6 Weeks off rent!,months_free,1.3847,9.23,9.23,2234.72,https://www.udr.com/inland-empire-apartments/riverside/3099-iowa/,2026-06-13,2026-08-02,,,,,One bedroom (A1C),4,810161711
2026-08-02,UDR,3099 Iowa,,Inland Empire,UDR-3099-iowa-1br-722sqft-417,1,1.0,722,2462.0,2027-01-02,15,True,hard,Save up to 6 Weeks off rent!,months_free,1.3847,9.23,9.23,2234.72,https://www.udr.com/inland-empire-apartments/riverside/3099-iowa/,2026-06-13,2026-08-02,,,,,One bedroom (A1C),4,810161711
2026-08-02,UDR,3099 Iowa,,Inland Empire,UDR-3099-iowa-1br-722sqft-419,1,1.0,722,2462.0,2027-01-02,15,True,hard,Save up to 6 Weeks off rent!,months_free,1.3847,9.23,9.23,2234.72,https://www.udr.com/inland-empire-apartments/riverside/3099-iowa/,2026-06-13,2026-08-02,,,,,One bedroom (A1C),4,810161711
2026-08-02,UDR,3099 Iowa,,Inland Empire,UDR-3099-iowa-1br-722sqft-421,1,1.0,722,2462.0,2027-02-02,15,True,hard,Save up to 6 Weeks off rent!,months_free,1.3847,9.23,9.23,2234.72,https://www.udr.com/inland-empire-apartments/riverside/3099-iowa/,2026-06-13,2026-08-02,,,,,One bedroom (A1C),4,810161711
2026-08-02,UDR,3099 Iowa,,Inland Empire,UDR-3099-iowa-1br-722sqft-431,1,1.0,722,2462.0,2027-02-02,15,True,hard,Save up to 6 Weeks off rent!,months_free,1.3847,9.23,9.23,2234.72,https://www.udr.com/inland-empire-apartments/riverside/3099-iowa/,2026-06-13,2026-08-02,,,,,One bedroom (A1C),4,810161711
2026-08-02,UDR,3099 Iowa,,Inland Empire,UDR-3099-iowa-1br-722sqft-433,1,1.0,722,2462.0,2027-02-02,15,True,hard,Save up to 6 Weeks off rent!,months_free,1.3847,9.23,9.23,2234.72,https://www.udr.com/inland-empire-apartments/riverside/3099-iowa/,2026-06-13,2026-08-02,,,,,One bedroom (A1C),4,810161711
2026-08-02,UDR,3099 Iowa,,Inland Empire,UDR-3099-iowa-1br-754sqft-103,1,1.0,754,2482.0,2027-03-11,15,True,hard,Save up to 6 Weeks off rent!,months_free,1.3847,9.23,9.23,2252.88,https://www.udr.com/inland-empire-apartments/riverside/3099-iowa/,2026-06-13,2026-08-02,,,,,One bedroom (A1D),1,810161711
2026-08-02,UDR,3099 Iowa,,Inland Empire,UDR-3099-iowa-1br-754sqft-105,1,1.0,754,2482.0,2027-03-11,15,True,hard,Save up to 6 Weeks off rent!,months_free,1.3847,9.23,9.23,2252.88,https://www.udr.com/inland-empire-apartments/riverside/3099-iowa/,2026-06-08,2026-08-02,,,,,One bedroom (A1D),1,810161711
2026-08-02,UDR,3099 Iowa,,Inland Empire,UDR-3099-iowa-1br-754sqft-203,1,1.0,754,2502.0,2027-03-11,15,True,hard,Save up to 6 Weeks off rent!,months_free,1.3847,9.23,9.23,2271.03,https://www.udr.com/inland-empire-apartments/riverside/3099-iowa/,2026-06-13,2026-08-02,,,,,One bedroom (A1D),2,810161711
2026-08-02,UDR,3099 Iowa,,Inland Empire,UDR-3099-iowa-1br-754sqft-205,1,1.0,754,2502.0,2027-03-11,15,True,hard,Save up to 6 Weeks off rent!,months_free,1.3847,9.23,9.23,2271.03,https://www.udr.com/inland-empire-apartments/riverside/3099-iowa/,2026-06-08,2026-08-02,,,,,One bedroom (A1D),2,810161711
2026-08-02,UDR,3099 Iowa,,Inland Empire,UDR-3099-iowa-1br-754sqft-303,1,1.0,754,2512.0,2027-03-11,15,True,hard,Save up to 6 Weeks off rent!,months_free,1.3847,9.23,9.23,2280.11,https://www.udr.com/inland-empire-apartments/riverside/3099-iowa/,2026-06-13,2026-08-02,,,,,One bedroom (A1D),3,810161711
2026-08-02,UDR,3099 Iowa,,Inland Empire,UDR-3099-iowa-1br-754sqft-305,1,1.0,754,2512.0,2027-03-11,15,True,hard,Save up to 6 Weeks off rent!,months_free,1.3847,9.23,9.23,2280.11,https://www.udr.com/inland-empire-apartments/riverside/3099-iowa/,2026-06-08,2026-08-02,,,,,One bedroom (A1D),3,810161711
2026-08-02,UDR,3099 Iowa,,Inland Empire,UDR-3099-iowa-1br-754sqft-403,1,1.0,754,2522.0,2027-03-11,15,True,hard,Save up to 6 Weeks off rent!,months_free,1.3847,9.23,9.23,2289.19,https://www.udr.com/inland-empire-apartments/riverside/3099-iowa/,2026-06-13,2026-08-02,,,,,One bedroom (A1D),4,810161711
2026-08-02,UDR,3099 Iowa,,Inland Empire,UDR-3099-iowa-1br-754sqft-405,1,1.0,754,2522.0,2027-03-11,15,True,hard,Save up to 6 Weeks off rent!,months_free,1.3847,9.23,9.23,2289.19,https://www.udr.com/inland-empire-apartments/riverside/3099-iowa/,2026-06-08,2026-08-02,,,,,One bedroom (A1D),4,810161711
2026-08-02,UDR,3099 Iowa,,Inland Empire,UDR-3099-iowa-1br-754sqft-105,1,1.0,754,2532.0,2026-09-02,15,True,hard,Save up to 6 Weeks off rent!,months_free,1.3847,9.23,9.23,2298.26,https://www.udr.com/inland-empire-apartments/riverside/3099-iowa/,2026-06-08,2026-08-02,,,,,One bedroom (A1D),1,810161711
2026-08-02,UDR,3099 Iowa,,Inland Empire,UDR-3099-iowa-1br-754sqft-114,1,1.0,754,2512.0,2026-09-02,15,True,hard,Save up to 6 Weeks off rent!,months_free,1.3847,9.23,9.23,2280.11,https://www.udr.com/inland-empire-apartments/riverside/3099-iowa/,2026-06-08,2026-08-02,,,,,One bedroom (A1D),1,810161711
2026-08-02,UDR,3099 Iowa,,Inland Empire,UDR-3099-iowa-1br-754sqft-128,1,1.0,754,2502.0,2026-11-02,15,True,hard,Save up to 6 Weeks off rent!,months_free,1.3847,9.23,9.23,2271.03,https://www.udr.com/inland-empire-apartments/riverside/3099-iowa/,2026-06-13,2026-08-02,,,,,One bedroom (A1D),1,810161711
2026-08-02,UDR,3099 Iowa,,Inland Empire,UDR-3099-iowa-1br-754sqft-130,1,1.0,754,2502.0,2026-11-02,15,True,hard,Save up to 6 Weeks off rent!,months_free,1.3847,9.23,9.23,2271.03,https://www.udr.com/inland-empire-apartments/riverside/3099-iowa/,2026-06-13,2026-08-02,,,,,One bedroom (A1D),1,810161711
2026-08-02,UDR,3099 Iowa,,Inland Empire,UDR-3099-iowa-1br-754sqft-143,1,1.0,754,2482.0,2026-10-02,15,True,hard,Save up to 6 Weeks off rent!,months_free,1.3847,9.23,9.23,2252.88,https://www.udr.com/inland-empire-apartments/riverside/3099-iowa/,2026-06-08,2026-08-02,,,,,One bedroom (A1D),1,810161711
2026-08-02,UDR,3099 Iowa,,Inland Empire,UDR-3099-iowa-1br-754sqft-145,1,1.0,754,2482.0,2026-10-02,15,True,hard,Save up to 6 Weeks off rent!,months_free,1.3847,9.23,9.23,2252.88,https://www.udr.com/inland-empire-apartments/riverside/3099-iowa/,2026-06-08,2026-08-02,,,,,One bedroom (A1D),1,810161711
2026-08-02,UDR,3099 Iowa,,Inland Empire,UDR-3099-iowa-1br-754sqft-147,1,1.0,754,2482.0,2026-10-02,15,True,hard,Save up to 6 Weeks off rent!,months_free,1.3847,9.23,9.23,2252.88,https://www.udr.com/inland-empire-apartments/riverside/3099-iowa/,2026-06-08,2026-08-02,,,,,One bedroom (A1D),1,810161711
2026-08-02,UDR,3099 Iowa,,Inland Empire,UDR-3099-iowa-1br-754sqft-149,1,1.0,754,2482.0,2026-10-02,15,True,hard,Save up to 6 Weeks off rent!,months_free,1.3847,9.23,9.23,2252.88,https://www.udr.com/inland-empire-apartments/riverside/3099-iowa/,2026-06-08,2026-08-02,,,,,One bedroom (A1D),1,810161711
2026-08-02,UDR,3099 Iowa,,Inland Empire,UDR-3099-iowa-1br-754sqft-205,1,1.0,754,2602.0,2026-09-02,15,True,hard,Save up to 6 Weeks off rent!,months_free,1.3847,9.23,9.23,2361.8,https://www.udr.com/inland-empire-apartments/riverside/3099-iowa/,2026-06-08,2026-08-02,,,,,One bedroom (A1D),2,810161711
2026-08-02,UDR,3099 Iowa,,Inland Empire,UDR-3099-iowa-1br-754sqft-214,1,1.0,754,2532.0,2026-09-02,15,True,hard,Save up to 6 Weeks off rent!,months_free,1.3847,9.23,9.23,2298.26,https://www.udr.com/inland-empire-apartments/riverside/3099-iowa/,2026-06-08,2026-08-02,,,,,One bedroom (A1D),2,810161711
2026-08-02,UDR,3099 Iowa,,Inland Empire,UDR-3099-iowa-1br-754sqft-228,1,1.0,754,2552.0,2026-11-02,15,True,hard,Save up to 6 Weeks off rent!,months_free,1.3847,9.23,9.23,2316.42,https://www.udr.com/inland-empire-apartments/riverside/3099-iowa/,2026-06-13,2026-08-02,,,,,One bedroom (A1D),2,810161711
2026-08-02,UDR,3099 Iowa,,Inland Empire,UDR-3099-iowa-1br-754sqft-230,1,1.0,754,2552.0,2026-11-02,15,True,hard,Save up to 6 Weeks off rent!,months_free,1.3847,9.23,9.23,2316.42,https://www.udr.com/inland-empire-apartments/riverside/3099-iowa/,2026-06-13,2026-08-02,,,,,One bedroom (A1D),2,810161711
2026-08-02,UDR,3099 Iowa,,Inland Empire,UDR-3099-iowa-1br-754sqft-243,1,1.0,754,2502.0,2026-10-02,15,True,hard,Save up to 6 Weeks off rent!,months_free,1.3847,9.23,9.23,2271.03,https://www.udr.com/inland-empire-apartments/riverside/3099-iowa/,2026-06-08,2026-08-02,,,,,One bedroom (A1D),2,810161711
2026-08-02,UDR,3099 Iowa,,Inland Empire,UDR-3099-iowa-1br-754sqft-245,1,1.0,754,2502.0,2026-10-02,15,True,hard,Save up to 6 Weeks off rent!,months_free,1.3847,9.23,9.23,2271.03,https://www.udr.com/inland-empire-apartments/riverside/3099-iowa/,2026-06-08,2026-08-02,,,,,One bedroom (A1D),2,810161711
2026-08-02,UDR,3099 Iowa,,Inland Empire,UDR-3099-iowa-1br-754sqft-247,1,1.0,754,2502.0,2026-10-02,15,True,hard,Save up to 6 Weeks off rent!,months_free,1.3847,9.23,9.23,2271.03,https://www.udr.com/inland-empire-apartments/riverside/3099-iowa/,2026-06-08,2026-08-02,,,,,One bedroom (A1D),2,810161711
2026-08-02,UDR,3099 Iowa,,Inland Empire,UDR-3099-iowa-1br-754sqft-249,1,1.0,754,2502.0,2026-10-02,15,True,hard,Save up to 6 Weeks off rent!,months_free,1.3847,9.23,9.23,2271.03,https://www.udr.com/inland-empire-apartments/riverside/3099-iowa/,2026-06-08,2026-08-02,,,,,One bedroom (A1D),2,810161711
2026-08-02,UDR,3099 Iowa,,Inland Empire,UDR-3099-iowa-1br-754sqft-312,1,1.0,754,2542.0,2026-09-02,15,True,hard,Save up to 6 Weeks off rent!,months_free,1.3847,9.23,9.23,2307.34,https://www.udr.com/inland-empire-apartments/riverside/3099-iowa/,2026-06-08,2026-08-02,,,,,One bedroom (A1D),3,810161711
2026-08-02,UDR,3099 Iowa,,Inland Empire,UDR-3099-iowa-1br-754sqft-314,1,1.0,754,2542.0,2026-09-02,15,True,hard,Save up to 6 Weeks off rent!,months_free,1.3847,9.23,9.23,2307.34,https://www.udr.com/inland-empire-apartments/riverside/3099-iowa/,2026-06-08,2026-08-02,,,,,One bedroom (A1D),3,810161711
2026-08-02,UDR,3099 Iowa,,Inland Empire,UDR-3099-iowa-1br-754sqft-328,1,1.0,754,2562.0,2026-11-02,15,True,hard,Save up to 6 Weeks off rent!,months_free,1.3847,9.23,9.23,2325.49,https://www.udr.com/inland-empire-apartments/riverside/3099-iowa/,2026-06-13,2026-08-02,,,,,One bedroom (A1D),3,810161711
2026-08-02,UDR,3099 Iowa,,Inland Empire,UDR-3099-iowa-1br-754sqft-330,1,1.0,754,2562.0,2026-11-02,15,True,hard,Save up to 6 Weeks off rent!,months_free,1.3847,9.23,9.23,2325.49,https://www.udr.com/inland-empire-apartments/riverside/3099-iowa/,2026-06-13,2026-08-02,,,,,One bedroom (A1D),3,810161711
2026-08-02,UDR,3099 Iowa,,Inland Empire,UDR-3099-iowa-1br-754sqft-343,1,1.0,754,2512.0,2026-10-02,15,True,hard,Save up to 6 Weeks off rent!,months_free,1.3847,9.23,9.23,2280.11,https://www.udr.com/inland-empire-apartments/riverside/3099-iowa/,2026-06-08,2026-08-02,,,,,One bedroom (A1D),3,810161711
2026-08-02,UDR,3099 Iowa,,Inland Empire,UDR-3099-iowa-1br-754sqft-345,1,1.0,754,2512.0,2026-10-02,15,True,hard,Save up to 6 Weeks off rent!,months_free,1.3847,9.23,9.23,2280.11,https://www.udr.com/inland-empire-apartments/riverside/3099-iowa/,2026-06-08,2026-08-02,,,,,One bedroom (A1D),3,810161711
2026-08-02,UDR,3099 Iowa,,Inland Empire,UDR-3099-iowa-1br-754sqft-347,1,1.0,754,2512.0,2026-10-02,15,True,hard,Save up to 6 Weeks off rent!,months_free,1.3847,9.23,9.23,2280.11,https://www.udr.com/inland-empire-apartments/riverside/3099-iowa/,2026-06-08,2026-08-02,,,,,One bedroom (A1D),3,810161711
2026-08-02,UDR,3099 Iowa,,Inland Empire,UDR-3099-iowa-1br-754sqft-349,1,1.0,754,2512.0,2026-10-02,15,True,hard,Save up to 6 Weeks off rent!,months_free,1.3847,9.23,9.23,2280.11,https://www.udr.com/inland-empire-apartments/riverside/3099-iowa/,2026-06-08,2026-08-02,,,,,One bedroom (A1D),3,810161711
2026-08-02,UDR,3099 Iowa,,Inland Empire,UDR-3099-iowa-1br-754sqft-405,1,1.0,754,2572.0,2026-09-02,15,True,hard,Save up to 6 Weeks off rent!,months_free,1.3847,9.23,9.23,2334.57,https://www.udr.com/inland-empire-apartments/riverside/3099-iowa/,2026-06-08,2026-08-02,,,,,One bedroom (A1D),4,810161711
2026-08-02,UDR,3099 Iowa,,Inland Empire,UDR-3099-iowa-1br-754sqft-412,1,1.0,754,2552.0,2026-09-02,15,True,hard,Save up to 6 Weeks off rent!,months_free,1.3847,9.23,9.23,2316.42,https://www.udr.com/inland-empire-apartments/riverside/3099-iowa/,2026-06-08,2026-08-02,,,,,One bedroom (A1D),4,810161711
2026-08-02,UDR,3099 Iowa,,Inland Empire,UDR-3099-iowa-1br-754sqft-414,1,1.0,754,2552.0,2026-09-02,15,True,hard,Save up to 6 Weeks off rent!,months_free,1.3847,9.23,9.23,2316.42,https://www.udr.com/inland-empire-apartments/riverside/3099-iowa/,2026-06-08,2026-08-02,,,,,One bedroom (A1D),4,810161711
2026-08-02,UDR,3099 Iowa,,Inland Empire,UDR-3099-iowa-1br-754sqft-428,1,1.0,754,2572.0,2026-11-02,15,True,hard,Save up to 6 Weeks off rent!,months_free,1.3847,9.23,9.23,2334.57,https://www.udr.com/inland-empire-apartments/riverside/3099-iowa/,2026-06-13,2026-08-02,,,,,One bedroom (A1D),4,810161711
2026-08-02,UDR,3099 Iowa,,Inland Empire,UDR-3099-iowa-1br-754sqft-430,1,1.0,754,2572.0,2026-11-02,15,True,hard,Save up to 6 Weeks off rent!,months_free,1.3847,9.23,9.23,2334.57,https://www.udr.com/inland-empire-apartments/riverside/3099-iowa/,2026-06-13,2026-08-02,,,,,One bedroom (A1D),4,810161711
2026-08-02,UDR,3099 Iowa,,Inland Empire,UDR-3099-iowa-1br-754sqft-443,1,1.0,754,2522.0,2026-10-02,15,True,hard,Save up to 6 Weeks off rent!,months_free,1.3847,9.23,9.23,2289.19,https://www.udr.com/inland-empire-apartments/riverside/3099-iowa/,2026-06-08,2026-08-02,,,,,One bedroom (A1D),4,810161711
2026-08-02,UDR,3099 Iowa,,Inland Empire,UDR-3099-iowa-1br-754sqft-445,1,1.0,754,2522.0,2026-10-02,15,True,hard,Save up to 6 Weeks off rent!,months_free,1.3847,9.23,9.23,2289.19,https://www.udr.com/inland-empire-apartments/riverside/3099-iowa/,2026-06-08,2026-08-02,,,,,One bedroom (A1D),4,810161711
2026-08-02,UDR,3099 Iowa,,Inland Empire,UDR-3099-iowa-1br-754sqft-447,1,1.0,754,2522.0,2026-10-02,15,True,hard,Save up to 6 Weeks off rent!,months_free,1.3847,9.23,9.23,2289.19,https://www.udr.com/inland-empire-apartments/riverside/3099-iowa/,2026-06-08,2026-08-02,,,,,One bedroom (A1D),4,810161711
2026-08-02,UDR,3099 Iowa,,Inland Empire,UDR-3099-iowa-1br-754sqft-449,1,1.0,754,2522.0,2026-10-02,15,True,hard,Save up to 6 Weeks off rent!,months_free,1.3847,9.23,9.23,2289.19,https://www.udr.com/inland-empire-apartments/riverside/3099-iowa/,2026-06-08,2026-08-02,,,,,One bedroom (A1D),4,810161711
2026-08-02,UDR,3099 Iowa,,Inland Empire,UDR-3099-iowa-1br-754sqft-110,1,1.0,754,2482.0,2027-01-02,15,True,hard,Save up to 6 Weeks off rent!,months_free,1.3847,9.23,9.23,2252.88,https://www.udr.com/inland-empire-apartments/riverside/3099-iowa/,2026-06-13,2026-08-02,,,,,One bedroom (A1D),1,810161711
2026-08-02,UDR,3099 Iowa,,Inland Empire,UDR-3099-iowa-1br-754sqft-112,1,1.0,754,2482.0,2027-01-02,15,True,hard,Save up to 6 Weeks off rent!,months_free,1.3847,9.23,9.23,2252.88,https://www.udr.com/inland-empire-apartments/riverside/3099-iowa/,2026-06-08,2026-08-02,,,,,One bedroom (A1D),1,810161711
2026-08-02,UDR,3099 Iowa,,Inland Empire,UDR-3099-iowa-1br-754sqft-210,1,1.0,754,2502.0,2027-01-02,15,True,hard,Save up to 6 Weeks off rent!,months_free,1.3847,9.23,9.23,2271.03,https://www.udr.com/inland-empire-apartments/riverside/3099-iowa/,2026-06-13,2026-08-02,,,,,One bedroom (A1D),2,810161711
2026-08-02,UDR,3099 Iowa,,Inland Empire,UDR-3099-iowa-1br-754sqft-212,1,1.0,754,2502.0,2027-01-02,15,True,hard,Save up to 6 Weeks off rent!,months_free,1.3847,9.23,9.23,2271.03,https://www.udr.com/inland-empire-apartments/riverside/3099-iowa/,2026-06-08,2026-08-02,,,,,One bedroom (A1D),2,810161711
2026-08-02,UDR,3099 Iowa,,Inland Empire,UDR-3099-iowa-1br-754sqft-310,1,1.0,754,2512.0,2027-01-02,15,True,hard,Save up to 6 Weeks off rent!,months_free,1.3847,9.23,9.23,2280.11,https://www.udr.com/inland-empire-apartments/riverside/3099-iowa/,2026-06-13,2026-08-02,,,,,One bedroom (A1D),3,810161711
2026-08-02,UDR,3099 Iowa,,Inland Empire,UDR-3099-iowa-1br-754sqft-312,1,1.0,754,2512.0,2027-01-02,15,True,hard,Save up to 6 Weeks off rent!,months_free,1.3847,9.23,9.23,2280.11,https://www.udr.com/inland-empire-apartments/riverside/3099-iowa/,2026-06-08,2026-08-02,,,,,One bedroom (A1D),3,810161711
2026-08-02,UDR,3099 Iowa,,Inland Empire,UDR-3099-iowa-1br-754sqft-410,1,1.0,754,2572.0,2027-01-02,15,True,hard,Save up to 6 Weeks off rent!,months_free,1.3847,9.23,9.23,2334.57,https://www.udr.com/inland-empire-apartments/riverside/3099-iowa/,2026-06-13,2026-08-02,,,,,One bedroom (A1D),4,810161711
2026-08-02,UDR,3099 Iowa,,Inland Empire,UDR-3099-iowa-1br-754sqft-412,1,1.0,754,2572.0,2027-01-02,15,True,hard,Save up to 6 Weeks off rent!,months_free,1.3847,9.23,9.23,2334.57,https://www.udr.com/inland-empire-apartments/riverside/3099-iowa/,2026-06-08,2026-08-02,,,,,One bedroom (A1D),4,810161711
2026-08-02,UDR,3099 Iowa,,Inland Empire,UDR-3099-iowa-0br-487sqft-210,0,1.0,487,2222.0,2027-03-11,15,True,hard,Save up to 6 Weeks off rent!,months_free,1.3847,9.23,9.23,2016.88,https://www.udr.com/inland-empire-apartments/riverside/3099-iowa/,2026-06-13,2026-08-02,,,,,Studio (E1),2,810161711
2026-08-02,UDR,3099 Iowa,,Inland Empire,UDR-3099-iowa-0br-487sqft-310,0,1.0,487,2232.0,2027-03-11,15,True,hard,Save up to 6 Weeks off rent!,months_free,1.3847,9.23,9.23,2025.96,https://www.udr.com/inland-empire-apartments/riverside/3099-iowa/,2026-06-13,2026-08-02,,,,,Studio (E1),3,810161711
2026-08-02,UDR,3099 Iowa,,Inland Empire,UDR-3099-iowa-0br-487sqft-410,0,1.0,487,2242.0,2027-03-11,15,True,hard,Save up to 6 Weeks off rent!,months_free,1.3847,9.23,9.23,2035.03,https://www.udr.com/inland-empire-apartments/riverside/3099-iowa/,2026-06-08,2026-08-02,,,,,Studio (E1),4,810161711
2026-08-02,UDR,3099 Iowa,,Inland Empire,UDR-3099-iowa-0br-487sqft-115,0,1.0,487,2252.0,2026-09-02,15,True,hard,Save up to 6 Weeks off rent!,months_free,1.3847,9.23,9.23,2044.11,https://www.udr.com/inland-empire-apartments/riverside/3099-iowa/,2026-06-08,2026-08-02,,,,,Studio (E1),1,810161711
2026-08-02,UDR,3099 Iowa,,Inland Empire,UDR-3099-iowa-0br-487sqft-119,0,1.0,487,2202.0,2026-11-02,15,True,hard,Save up to 6 Weeks off rent!,months_free,1.3847,9.23,9.23,1998.73,https://www.udr.com/inland-empire-apartments/riverside/3099-iowa/,2026-06-13,2026-08-02,,,,,Studio (E1),1,810161711
2026-08-02,UDR,3099 Iowa,,Inland Empire,UDR-3099-iowa-0br-487sqft-208,0,1.0,487,2202.0,2026-09-02,15,True,hard,Save up to 6 Weeks off rent!,months_free,1.3847,9.23,9.23,1998.73,https://www.udr.com/inland-empire-apartments/riverside/3099-iowa/,2026-06-08,2026-08-02,,,,,Studio (E1),2,810161711
2026-08-02,UDR,3099 Iowa,,Inland Empire,UDR-3099-iowa-0br-487sqft-215,0,1.0,487,2472.0,2026-09-02,15,True,hard,Save up to 6 Weeks off rent!,months_free,1.3847,9.23,9.23,2243.8,https://www.udr.com/inland-empire-apartments/riverside/3099-iowa/,2026-06-08,2026-08-02,,,,,Studio (E1),2,810161711
2026-08-02,UDR,3099 Iowa,,Inland Empire,UDR-3099-iowa-0br-487sqft-219,0,1.0,487,2272.0,2026-11-02,15,True,hard,Save up to 6 Weeks off rent!,months_free,1.3847,9.23,9.23,2062.26,https://www.udr.com/inland-empire-apartments/riverside/3099-iowa/,2026-06-13,2026-08-02,,,,,Studio (E1),2,810161711
2026-08-02,UDR,3099 Iowa,,Inland Empire,UDR-3099-iowa-0br-487sqft-308,0,1.0,487,2262.0,2026-09-02,15,True,hard,Save up to 6 Weeks off rent!,months_free,1.3847,9.23,9.23,2053.19,https://www.udr.com/inland-empire-apartments/riverside/3099-iowa/,2026-06-08,2026-08-02,,,,,Studio (E1),3,810161711
2026-08-02,UDR,3099 Iowa,,Inland Empire,UDR-3099-iowa-0br-487sqft-315,0,1.0,487,2332.0,2026-09-02,15,True,hard,Save up to 6 Weeks off rent!,months_free,1.3847,9.23,9.23,2116.73,https://www.udr.com/inland-empire-apartments/riverside/3099-iowa/,2026-06-08,2026-08-02,,,,,Studio (E1),3,810161711
2026-08-02,UDR,3099 Iowa,,Inland Empire,UDR-3099-iowa-0br-487sqft-319,0,1.0,487,2332.0,2026-11-02,15,True,hard,Save up to 6 Weeks off rent!,months_free,1.3847,9.23,9.23,2116.73,https://www.udr.com/inland-empire-apartments/riverside/3099-iowa/,2026-06-13,2026-08-02,,,,,Studio (E1),3,810161711
2026-08-02,UDR,3099 Iowa,,Inland Empire,UDR-3099-iowa-0br-487sqft-408,0,1.0,487,2272.0,2026-09-02,15,True,hard,Save up to 6 Weeks off rent!,months_free,1.3847,9.23,9.23,2062.26,https://www.udr.com/inland-empire-apartments/riverside/3099-iowa/,2026-06-08,2026-08-02,,,,,Studio (E1),4,810161711
2026-08-02,UDR,3099 Iowa,,Inland Empire,UDR-3099-iowa-0br-487sqft-415,0,1.0,487,2342.0,2026-09-02,15,True,hard,Save up to 6 Weeks off rent!,months_free,1.3847,9.23,9.23,2125.8,https://www.udr.com/inland-empire-apartments/riverside/3099-iowa/,2026-06-08,2026-08-02,,,,,Studio (E1),4,810161711
2026-08-02,UDR,3099 Iowa,,Inland Empire,UDR-3099-iowa-0br-487sqft-419,0,1.0,487,2342.0,2026-11-02,15,True,hard,Save up to 6 Weeks off rent!,months_free,1.3847,9.23,9.23,2125.8,https://www.udr.com/inland-empire-apartments/riverside/3099-iowa/,2026-06-13,2026-08-02,,,,,Studio (E1),4,810161711
2026-08-02,UDR,3099 Iowa,,Inland Empire,UDR-3099-iowa-0br-487sqft-229,0,1.0,487,2222.0,2027-02-02,15,True,hard,Save up to 6 Weeks off rent!,months_free,1.3847,9.23,9.23,2016.88,https://www.udr.com/inland-empire-apartments/riverside/3099-iowa/,2026-06-13,2026-08-02,,,,,Studio (E1),2,810161711
2026-08-02,UDR,3099 Iowa,,Inland Empire,UDR-3099-iowa-0br-487sqft-329,0,1.0,487,2232.0,2027-02-02,15,True,hard,Save up to 6 Weeks off rent!,months_free,1.3847,9.23,9.23,2025.96,https://www.udr.com/inland-empire-apartments/riverside/3099-iowa/,2026-06-13,2026-08-02,,,,,Studio (E1),3,810161711
2026-08-02,UDR,3099 Iowa,,Inland Empire,UDR-3099-iowa-0br-487sqft-429,0,1.0,487,2242.0,2027-02-02,15,True,hard,Save up to 6 Weeks off rent!,months_free,1.3847,9.23,9.23,2035.03,https://www.udr.com/inland-empire-apartments/riverside/3099-iowa/,2026-06-13,2026-08-02,,,,,Studio (E1),4,810161711
2026-08-02,UDR,3099 Iowa,,Inland Empire,UDR-3099-iowa-3br-1411sqft-107,3,2.0,1411,3849.0,2027-03-11,15,True,hard,Save up to 6 Weeks off rent!,months_free,1.3847,9.23,9.23,3493.69,https://www.udr.com/inland-empire-apartments/riverside/3099-iowa/,2026-06-13,2026-08-02,,,,,Three bedroom (C2),1,810161711
2026-08-02,UDR,3099 Iowa,,Inland Empire,UDR-3099-iowa-3br-1411sqft-207,3,2.0,1411,3869.0,2027-03-11,15,True,hard,Save up to 6 Weeks off rent!,months_free,1.3847,9.23,9.23,3511.84,https://www.udr.com/inland-empire-apartments/riverside/3099-iowa/,2026-06-13,2026-08-02,,,,,Three bedroom (C2),2,810161711
2026-08-02,UDR,3099 Iowa,,Inland Empire,UDR-3099-iowa-3br-1411sqft-307,3,2.0,1411,3879.0,2027-03-11,15,True,hard,Save up to 6 Weeks off rent!,months_free,1.3847,9.23,9.23,3520.92,https://www.udr.com/inland-empire-apartments/riverside/3099-iowa/,2026-06-13,2026-08-02,,,,,Three bedroom (C2),3,810161711
2026-08-02,UDR,3099 Iowa,,Inland Empire,UDR-3099-iowa-3br-1411sqft-407,3,2.0,1411,3889.0,2027-03-11,15,True,hard,Save up to 6 Weeks off rent!,months_free,1.3847,9.23,9.23,3529.99,https://www.udr.com/inland-empire-apartments/riverside/3099-iowa/,2026-06-13,2026-08-02,,,,,Three bedroom (C2),4,810161711
2026-08-02,UDR,3099 Iowa,,Inland Empire,UDR-3099-iowa-3br-1411sqft-241,3,2.0,1411,3919.0,2026-10-02,15,True,hard,Save up to 6 Weeks off rent!,months_free,1.3847,9.23,9.23,3557.22,https://www.udr.com/inland-empire-apartments/riverside/3099-iowa/,2026-06-08,2026-08-02,,,,,Three bedroom (C2),2,810161711
2026-08-02,UDR,3099 Iowa,,Inland Empire,UDR-3099-iowa-3br-1411sqft-341,3,2.0,1411,3979.0,2026-10-02,15,True,hard,Save up to 6 Weeks off rent!,months_free,1.3847,9.23,9.23,3611.69,https://www.udr.com/inland-empire-apartments/riverside/3099-iowa/,2026-06-08,2026-08-02,,,,,Three bedroom (C2),3,810161711
2026-08-02,UDR,3099 Iowa,,Inland Empire,UDR-3099-iowa-3br-1411sqft-441,3,2.0,1411,3989.0,2026-10-02,15,True,hard,Save up to 6 Weeks off rent!,months_free,1.3847,9.23,9.23,3620.76,https://www.udr.com/inland-empire-apartments/riverside/3099-iowa/,2026-06-08,2026-08-02,,,,,Three bedroom (C2),4,810161711
2026-08-02,UDR,3099 Iowa,,Inland Empire,UDR-3099-iowa-3br-1411sqft-114,3,2.0,1411,3979.0,2027-01-02,15,True,hard,Save up to 6 Weeks off rent!,months_free,1.3847,9.23,9.23,3611.69,https://www.udr.com/inland-empire-apartments/riverside/3099-iowa/,2026-06-13,2026-08-02,,,,,Three bedroom (C2),1,810161711
2026-08-02,UDR,3099 Iowa,,Inland Empire,UDR-3099-iowa-3br-1411sqft-214,3,2.0,1411,3869.0,2027-01-02,15,True,hard,Save up to 6 Weeks off rent!,months_free,1.3847,9.23,9.23,3511.84,https://www.udr.com/inland-empire-apartments/riverside/3099-iowa/,2026-06-13,2026-08-02,,,,,Three bedroom (C2),2,810161711
2026-08-02,UDR,3099 Iowa,,Inland Empire,UDR-3099-iowa-3br-1411sqft-314,3,2.0,1411,3879.0,2027-01-02,15,True,hard,Save up to 6 Weeks off rent!,months_free,1.3847,9.23,9.23,3520.92,https://www.udr.com/inland-empire-apartments/riverside/3099-iowa/,2026-06-13,2026-08-02,,,,,Three bedroom (C2),3,810161711
2026-08-02,UDR,3099 Iowa,,Inland Empire,UDR-3099-iowa-2br-1087sqft-202,2,2.0,1087,3098.0,2027-03-11,15,True,hard,Save up to 6 Weeks off rent!,months_free,1.3847,9.23,9.23,2812.01,https://www.udr.com/inland-empire-apartments/riverside/3099-iowa/,2026-06-08,2026-08-02,,,,,Two bedroom (B2A),2,810161711
2026-08-02,UDR,3099 Iowa,,Inland Empire,UDR-3099-iowa-2br-1087sqft-216,2,2.0,1087,3098.0,2027-03-11,15,True,hard,Save up to 6 Weeks off rent!,months_free,1.3847,9.23,9.23,2812.01,https://www.udr.com/inland-empire-apartments/riverside/3099-iowa/,2026-06-13,2026-08-02,,,,,Two bedroom (B2A),2,810161711
2026-08-02,UDR,3099 Iowa,,Inland Empire,UDR-3099-iowa-2br-1087sqft-302,2,2.0,1087,3108.0,2027-03-11,15,True,hard,Save up to 6 Weeks off rent!,months_free,1.3847,9.23,9.23,2821.09,https://www.udr.com/inland-empire-apartments/riverside/3099-iowa/,2026-06-08,2026-08-02,,,,,Two bedroom (B2A),3,810161711
2026-08-02,UDR,3099 Iowa,,Inland Empire,UDR-3099-iowa-2br-1087sqft-316,2,2.0,1087,3108.0,2027-03-11,15,True,hard,Save up to 6 Weeks off rent!,months_free,1.3847,9.23,9.23,2821.09,https://www.udr.com/inland-empire-apartments/riverside/3099-iowa/,2026-06-13,2026-08-02,,,,,Two bedroom (B2A),3,810161711
2026-08-02,UDR,3099 Iowa,,Inland Empire,UDR-3099-iowa-2br-1087sqft-402,2,2.0,1087,3118.0,2027-03-11,15,True,hard,Save up to 6 Weeks off rent!,months_free,1.3847,9.23,9.23,2830.17,https://www.udr.com/inland-empire-apartments/riverside/3099-iowa/,2026-06-08,2026-08-02,,,,,Two bedroom (B2A),4,810161711
2026-08-02,UDR,3099 Iowa,,Inland Empire,UDR-3099-iowa-2br-1087sqft-416,2,2.0,1087,3118.0,2027-03-11,15,True,hard,Save up to 6 Weeks off rent!,months_free,1.3847,9.23,9.23,2830.17,https://www.udr.com/inland-empire-apartments/riverside/3099-iowa/,2026-06-13,2026-08-02,,,,,Two bedroom (B2A),4,810161711
2026-08-02,UDR,3099 Iowa,,Inland Empire,UDR-3099-iowa-2br-1087sqft-210,2,2.0,1087,3128.0,2026-09-02,15,True,hard,Save up to 6 Weeks off rent!,months_free,1.3847,9.23,9.23,2839.24,https://www.udr.com/inland-empire-apartments/riverside/3099-iowa/,2026-06-08,2026-08-02,,,,,Two bedroom (B2A),2,810161711
2026-08-02,UDR,3099 Iowa,,Inland Empire,UDR-3099-iowa-2br-1087sqft-227,2,2.0,1087,3098.0,2026-11-02,15,True,hard,Save up to 6 Weeks off rent!,months_free,1.3847,9.23,9.23,2812.01,https://www.udr.com/inland-empire-apartments/riverside/3099-iowa/,2026-06-13,2026-08-02,,,,,Two bedroom (B2A),2,810161711
2026-08-02,UDR,3099 Iowa,,Inland Empire,UDR-3099-iowa-2br-1087sqft-231,2,2.0,1087,3148.0,2026-11-02,15,True,hard,Save up to 6 Weeks off rent!,months_free,1.3847,9.23,9.23,2857.4,https://www.udr.com/inland-empire-apartments/riverside/3099-iowa/,2026-06-13,2026-08-02,,,,,Two bedroom (B2A),2,810161711
2026-08-02,UDR,3099 Iowa,,Inland Empire,UDR-3099-iowa-2br-1087sqft-248,2,2.0,1087,3078.0,2026-10-02,15,True,hard,Save up to 6 Weeks off rent!,months_free,1.3847,9.23,9.23,2793.86,https://www.udr.com/inland-empire-apartments/riverside/3099-iowa/,2026-06-08,2026-08-02,,,,,Two bedroom (B2A),2,810161711
2026-08-02,UDR,3099 Iowa,,Inland Empire,UDR-3099-iowa-2br-1087sqft-252,2,2.0,1087,3098.0,2026-10-02,15,True,hard,Save up to 6 Weeks off rent!,months_free,1.3847,9.23,9.23,2812.01,https://www.udr.com/inland-empire-apartments/riverside/3099-iowa/,2026-06-08,2026-08-02,,,,,Two bedroom (B2A),2,810161711
2026-08-02,UDR,3099 Iowa,,Inland Empire,UDR-3099-iowa-2br-1087sqft-302,2,2.0,1087,3138.0,2026-09-02,15,True,hard,Save up to 6 Weeks off rent!,months_free,1.3847,9.23,9.23,2848.32,https://www.udr.com/inland-empire-apartments/riverside/3099-iowa/,2026-06-08,2026-08-02,,,,,Two bedroom (B2A),3,810161711
2026-08-02,UDR,3099 Iowa,,Inland Empire,UDR-3099-iowa-2br-1087sqft-310,2,2.0,1087,3138.0,2026-09-02,15,True,hard,Save up to 6 Weeks off rent!,months_free,1.3847,9.23,9.23,2848.32,https://www.udr.com/inland-empire-apartments/riverside/3099-iowa/,2026-06-08,2026-08-02,,,,,Two bedroom (B2A),3,810161711
2026-08-02,UDR,3099 Iowa,,Inland Empire,UDR-3099-iowa-2br-1087sqft-327,2,2.0,1087,3108.0,2026-11-02,15,True,hard,Save up to 6 Weeks off rent!,months_free,1.3847,9.23,9.23,2821.09,https://www.udr.com/inland-empire-apartments/riverside/3099-iowa/,2026-06-13,2026-08-02,,,,,Two bedroom (B2A),3,810161711
2026-08-02,UDR,3099 Iowa,,Inland Empire,UDR-3099-iowa-2br-1087sqft-331,2,2.0,1087,3108.0,2026-11-02,15,True,hard,Save up to 6 Weeks off rent!,months_free,1.3847,9.23,9.23,2821.09,https://www.udr.com/inland-empire-apartments/riverside/3099-iowa/,2026-06-13,2026-08-02,,,,,Two bedroom (B2A),3,810161711
2026-08-02,UDR,3099 Iowa,,Inland Empire,UDR-3099-iowa-2br-1087sqft-348,2,2.0,1087,3108.0,2026-10-02,15,True,hard,Save up to 6 Weeks off rent!,months_free,1.3847,9.23,9.23,2821.09,https://www.udr.com/inland-empire-apartments/riverside/3099-iowa/,2026-06-08,2026-08-02,,,,,Two bedroom (B2A),3,810161711
2026-08-02,UDR,3099 Iowa,,Inland Empire,UDR-3099-iowa-2br-1087sqft-352,2,2.0,1087,3108.0,2026-10-02,15,True,hard,Save up to 6 Weeks off rent!,months_free,1.3847,9.23,9.23,2821.09,https://www.udr.com/inland-empire-apartments/riverside/3099-iowa/,2026-06-08,2026-08-02,,,,,Two bedroom (B2A),3,810161711
2026-08-02,UDR,3099 Iowa,,Inland Empire,UDR-3099-iowa-2br-1087sqft-402,2,2.0,1087,3198.0,2026-09-02,15,True,hard,Save up to 6 Weeks off rent!,months_free,1.3847,9.23,9.23,2902.78,https://www.udr.com/inland-empire-apartments/riverside/3099-iowa/,2026-06-08,2026-08-02,,,,,Two bedroom (B2A),4,810161711
2026-08-02,UDR,3099 Iowa,,Inland Empire,UDR-3099-iowa-2br-1087sqft-410,2,2.0,1087,3128.0,2026-09-02,15,True,hard,Save up to 6 Weeks off rent!,months_free,1.3847,9.23,9.23,2839.24,https://www.udr.com/inland-empire-apartments/riverside/3099-iowa/,2026-06-08,2026-08-02,,,,,Two bedroom (B2A),4,810161711
2026-08-02,UDR,3099 Iowa,,Inland Empire,UDR-3099-iowa-2br-1087sqft-427,2,2.0,1087,3118.0,2026-11-02,15,True,hard,Save up to 6 Weeks off rent!,months_free,1.3847,9.23,9.23,2830.17,https://www.udr.com/inland-empire-apartments/riverside/3099-iowa/,2026-06-13,2026-08-02,,,,,Two bedroom (B2A),4,810161711
2026-08-02,UDR,3099 Iowa,,Inland Empire,UDR-3099-iowa-2br-1087sqft-431,2,2.0,1087,3168.0,2026-11-02,15,True,hard,Save up to 6 Weeks off rent!,months_free,1.3847,9.23,9.23,2875.55,https://www.udr.com/inland-empire-apartments/riverside/3099-iowa/,2026-06-13,2026-08-02,,,,,Two bedroom (B2A),4,810161711
2026-08-02,UDR,3099 Iowa,,Inland Empire,UDR-3099-iowa-2br-1087sqft-448,2,2.0,1087,3098.0,2026-10-02,15,True,hard,Save up to 6 Weeks off rent!,months_free,1.3847,9.23,9.23,2812.01,https://www.udr.com/inland-empire-apartments/riverside/3099-iowa/,2026-06-08,2026-08-02,,,,,Two bedroom (B2A),4,810161711
2026-08-02,UDR,3099 Iowa,,Inland Empire,UDR-3099-iowa-2br-1087sqft-452,2,2.0,1087,3118.0,2026-10-02,15,True,hard,Save up to 6 Weeks off rent!,months_free,1.3847,9.23,9.23,2830.17,https://www.udr.com/inland-empire-apartments/riverside/3099-iowa/,2026-06-08,2026-08-02,,,,,Two bedroom (B2A),4,810161711
2026-08-02,UDR,3099 Iowa,,Inland Empire,UDR-3099-iowa-2br-1087sqft-201,2,2.0,1087,3098.0,2027-01-02,15,True,hard,Save up to 6 Weeks off rent!,months_free,1.3847,9.23,9.23,2812.01,https://www.udr.com/inland-empire-apartments/riverside/3099-iowa/,2026-06-13,2026-08-02,,,,,Two bedroom (B2A),2,810161711
2026-08-02,UDR,3099 Iowa,,Inland Empire,UDR-3099-iowa-2br-1087sqft-205,2,2.0,1087,3098.0,2027-01-02,15,True,hard,Save up to 6 Weeks off rent!,months_free,1.3847,9.23,9.23,2812.01,https://www.udr.com/inland-empire-apartments/riverside/3099-iowa/,2026-06-13,2026-08-02,,,,,Two bedroom (B2A),2,810161711
2026-08-02,UDR,3099 Iowa,,Inland Empire,UDR-3099-iowa-2br-1087sqft-235,2,2.0,1087,3098.0,2027-02-02,15,True,hard,Save up to 6 Weeks off rent!,months_free,1.3847,9.23,9.23,2812.01,https://www.udr.com/inland-empire-apartments/riverside/3099-iowa/,2026-06-13,2026-08-02,,,,,Two bedroom (B2A),2,810161711
2026-08-02,UDR,3099 Iowa,,Inland Empire,UDR-3099-iowa-2br-1087sqft-301,2,2.0,1087,3108.0,2027-01-02,15,True,hard,Save up to 6 Weeks off rent!,months_free,1.3847,9.23,9.23,2821.09,https://www.udr.com/inland-empire-apartments/riverside/3099-iowa/,2026-06-13,2026-08-02,,,,,Two bedroom (B2A),3,810161711
2026-08-02,UDR,3099 Iowa,,Inland Empire,UDR-3099-iowa-2br-1087sqft-305,2,2.0,1087,3108.0,2027-01-02,15,True,hard,Save up to 6 Weeks off rent!,months_free,1.3847,9.23,9.23,2821.09,https://www.udr.com/inland-empire-apartments/riverside/3099-iowa/,2026-06-13,2026-08-02,,,,,Two bedroom (B2A),3,810161711
2026-08-02,UDR,3099 Iowa,,Inland Empire,UDR-3099-iowa-2br-1087sqft-335,2,2.0,1087,3108.0,2027-02-02,15,True,hard,Save up to 6 Weeks off rent!,months_free,1.3847,9.23,9.23,2821.09,https://www.udr.com/inland-empire-apartments/riverside/3099-iowa/,2026-06-13,2026-08-02,,,,,Two bedroom (B2A),3,810161711
2026-08-02,UDR,3099 Iowa,,Inland Empire,UDR-3099-iowa-2br-1087sqft-401,2,2.0,1087,3118.0,2027-01-02,15,True,hard,Save up to 6 Weeks off rent!,months_free,1.3847,9.23,9.23,2830.17,https://www.udr.com/inland-empire-apartments/riverside/3099-iowa/,2026-06-13,2026-08-02,,,,,Two bedroom (B2A),4,810161711
2026-08-02,UDR,3099 Iowa,,Inland Empire,UDR-3099-iowa-2br-1087sqft-405,2,2.0,1087,3118.0,2027-01-02,15,True,hard,Save up to 6 Weeks off rent!,months_free,1.3847,9.23,9.23,2830.17,https://www.udr.com/inland-empire-apartments/riverside/3099-iowa/,2026-06-13,2026-08-02,,,,,Two bedroom (B2A),4,810161711
2026-08-02,UDR,3099 Iowa,,Inland Empire,UDR-3099-iowa-2br-1087sqft-435,2,2.0,1087,3118.0,2027-02-02,15,True,hard,Save up to 6 Weeks off rent!,months_free,1.3847,9.23,9.23,2830.17,https://www.udr.com/inland-empire-apartments/riverside/3099-iowa/,2026-06-13,2026-08-02,,,,,Two bedroom (B2A),4,810161711
2026-08-02,UDR,3099 Iowa,,Inland Empire,UDR-3099-iowa-2br-1139sqft-117,2,2.0,1139,3178.0,2027-03-11,15,True,hard,Save up to 6 Weeks off rent!,months_free,1.3847,9.23,9.23,2884.63,https://www.udr.com/inland-empire-apartments/riverside/3099-iowa/,2026-06-13,2026-08-02,,,,,Two bedroom (B2B),1,810161711
2026-08-02,UDR,3099 Iowa,,Inland Empire,UDR-3099-iowa-2br-1139sqft-201,2,2.0,1139,3158.0,2027-03-11,15,True,hard,Save up to 6 Weeks off rent!,months_free,1.3847,9.23,9.23,2866.47,https://www.udr.com/inland-empire-apartments/riverside/3099-iowa/,2026-06-13,2026-08-02,,,,,Two bedroom (B2B),2,810161711
2026-08-02,UDR,3099 Iowa,,Inland Empire,UDR-3099-iowa-2br-1139sqft-217,2,2.0,1139,3158.0,2027-03-11,15,True,hard,Save up to 6 Weeks off rent!,months_free,1.3847,9.23,9.23,2866.47,https://www.udr.com/inland-empire-apartments/riverside/3099-iowa/,2026-06-13,2026-08-02,,,,,Two bedroom (B2B),2,810161711
2026-08-02,UDR,3099 Iowa,,Inland Empire,UDR-3099-iowa-2br-1139sqft-301,2,2.0,1139,3168.0,2027-03-11,15,True,hard,Save up to 6 Weeks off rent!,months_free,1.3847,9.23,9.23,2875.55,https://www.udr.com/inland-empire-apartments/riverside/3099-iowa/,2026-06-13,2026-08-02,,,,,Two bedroom (B2B),3,810161711
2026-08-02,UDR,3099 Iowa,,Inland Empire,UDR-3099-iowa-2br-1139sqft-317,2,2.0,1139,3168.0,2027-03-11,15,True,hard,Save up to 6 Weeks off rent!,months_free,1.3847,9.23,9.23,2875.55,https://www.udr.com/inland-empire-apartments/riverside/3099-iowa/,2026-06-13,2026-08-02,,,,,Two bedroom (B2B),3,810161711
2026-08-02,UDR,3099 Iowa,,Inland Empire,UDR-3099-iowa-2br-1139sqft-417,2,2.0,1139,3178.0,2027-03-11,15,True,hard,Save up to 6 Weeks off rent!,months_free,1.3847,9.23,9.23,2884.63,https://www.udr.com/inland-empire-apartments/riverside/3099-iowa/,2026-06-13,2026-08-02,,,,,Two bedroom (B2B),4,810161711
2026-08-02,UDR,3099 Iowa,,Inland Empire,UDR-3099-iowa-2br-1139sqft-132,2,2.0,1139,3198.0,2026-11-02,15,True,hard,Save up to 6 Weeks off rent!,months_free,1.3847,9.23,9.23,2902.78,https://www.udr.com/inland-empire-apartments/riverside/3099-iowa/,2026-06-13,2026-08-02,,,,,Two bedroom (B2B),1,810161711
2026-08-02,UDR,3099 Iowa,,Inland Empire,UDR-3099-iowa-2br-1139sqft-153,2,2.0,1139,3178.0,2026-10-02,15,True,hard,Save up to 6 Weeks off rent!,months_free,1.3847,9.23,9.23,2884.63,https://www.udr.com/inland-empire-apartments/riverside/3099-iowa/,2026-06-08,2026-08-02,,,,,Two bedroom (B2B),1,810161711
2026-08-02,UDR,3099 Iowa,,Inland Empire,UDR-3099-iowa-2br-1139sqft-232,2,2.0,1139,3158.0,2026-11-02,15,True,hard,Save up to 6 Weeks off rent!,months_free,1.3847,9.23,9.23,2866.47,https://www.udr.com/inland-empire-apartments/riverside/3099-iowa/,2026-06-13,2026-08-02,,,,,Two bedroom (B2B),2,810161711
2026-08-02,UDR,3099 Iowa,,Inland Empire,UDR-3099-iowa-2br-1139sqft-253,2,2.0,1139,3158.0,2026-10-02,15,True,hard,Save up to 6 Weeks off rent!,months_free,1.3847,9.23,9.23,2866.47,https://www.udr.com/inland-empire-apartments/riverside/3099-iowa/,2026-06-08,2026-08-02,,,,,Two bedroom (B2B),2,810161711
2026-08-02,UDR,3099 Iowa,,Inland Empire,UDR-3099-iowa-2br-1139sqft-332,2,2.0,1139,3218.0,2026-11-02,15,True,hard,Save up to 6 Weeks off rent!,months_free,1.3847,9.23,9.23,2920.94,https://www.udr.com/inland-empire-apartments/riverside/3099-iowa/,2026-06-13,2026-08-02,,,,,Two bedroom (B2B),3,810161711
2026-08-02,UDR,3099 Iowa,,Inland Empire,UDR-3099-iowa-2br-1139sqft-353,2,2.0,1139,3168.0,2026-10-02,15,True,hard,Save up to 6 Weeks off rent!,months_free,1.3847,9.23,9.23,2875.55,https://www.udr.com/inland-empire-apartments/riverside/3099-iowa/,2026-06-08,2026-08-02,,,,,Two bedroom (B2B),3,810161711
2026-08-02,UDR,3099 Iowa,,Inland Empire,UDR-3099-iowa-2br-1139sqft-432,2,2.0,1139,3228.0,2026-11-02,15,True,hard,Save up to 6 Weeks off rent!,months_free,1.3847,9.23,9.23,2930.01,https://www.udr.com/inland-empire-apartments/riverside/3099-iowa/,2026-06-13,2026-08-02,,,,,Two bedroom (B2B),4,810161711
2026-08-02,UDR,3099 Iowa,,Inland Empire,UDR-3099-iowa-2br-1139sqft-453,2,2.0,1139,3178.0,2026-10-02,15,True,hard,Save up to 6 Weeks off rent!,months_free,1.3847,9.23,9.23,2884.63,https://www.udr.com/inland-empire-apartments/riverside/3099-iowa/,2026-06-08,2026-08-02,,,,,Two bedroom (B2B),4,810161711
2026-08-02,UDR,3099 Iowa,,Inland Empire,UDR-3099-iowa-2br-1139sqft-102,2,2.0,1139,3178.0,2027-01-02,15,True,hard,Save up to 6 Weeks off rent!,months_free,1.3847,9.23,9.23,2884.63,https://www.udr.com/inland-empire-apartments/riverside/3099-iowa/,2026-06-13,2026-08-02,,,,,Two bedroom (B2B),1,810161711
2026-08-02,UDR,3099 Iowa,,Inland Empire,UDR-3099-iowa-2br-1139sqft-124,2,2.0,1139,3138.0,2027-02-02,15,True,hard,Save up to 6 Weeks off rent!,months_free,1.3847,9.23,9.23,2848.32,https://www.udr.com/inland-empire-apartments/riverside/3099-iowa/,2026-06-13,2026-08-02,,,,,Two bedroom (B2B),1,810161711
2026-08-02,UDR,3099 Iowa,,Inland Empire,UDR-3099-iowa-2br-1139sqft-134,2,2.0,1139,3198.0,2027-02-02,15,True,hard,Save up to 6 Weeks off rent!,months_free,1.3847,9.23,9.23,2902.78,https://www.udr.com/inland-empire-apartments/riverside/3099-iowa/,2026-06-13,2026-08-02,,,,,Two bedroom (B2B),1,810161711
2026-08-02,UDR,3099 Iowa,,Inland Empire,UDR-3099-iowa-2br-1139sqft-202,2,2.0,1139,3158.0,2027-01-02,15,True,hard,Save up to 6 Weeks off rent!,months_free,1.3847,9.23,9.23,2866.47,https://www.udr.com/inland-empire-apartments/riverside/3099-iowa/,2026-06-13,2026-08-02,,,,,Two bedroom (B2B),2,810161711
2026-08-02,UDR,3099 Iowa,,Inland Empire,UDR-3099-iowa-2br-1139sqft-224,2,2.0,1139,3158.0,2027-02-02,15,True,hard,Save up to 6 Weeks off rent!,months_free,1.3847,9.23,9.23,2866.47,https://www.udr.com/inland-empire-apartments/riverside/3099-iowa/,2026-06-13,2026-08-02,,,,,Two bedroom (B2B),2,810161711
2026-08-02,UDR,3099 Iowa,,Inland Empire,UDR-3099-iowa-2br-1139sqft-234,2,2.0,1139,3158.0,2027-02-02,15,True,hard,Save up to 6 Weeks off rent!,months_free,1.3847,9.23,9.23,2866.47,https://www.udr.com/inland-empire-apartments/riverside/3099-iowa/,2026-06-13,2026-08-02,,,,,Two bedroom (B2B),2,810161711
2026-08-02,UDR,3099 Iowa,,Inland Empire,UDR-3099-iowa-2br-1139sqft-302,2,2.0,1139,3168.0,2027-01-02,15,True,hard,Save up to 6 Weeks off rent!,months_free,1.3847,9.23,9.23,2875.55,https://www.udr.com/inland-empire-apartments/riverside/3099-iowa/,2026-06-13,2026-08-02,,,,,Two bedroom (B2B),3,810161711
2026-08-02,UDR,3099 Iowa,,Inland Empire,UDR-3099-iowa-2br-1139sqft-324,2,2.0,1139,3168.0,2027-02-02,15,True,hard,Save up to 6 Weeks off rent!,months_free,1.3847,9.23,9.23,2875.55,https://www.udr.com/inland-empire-apartments/riverside/3099-iowa/,2026-06-13,2026-08-02,,,,,Two bedroom (B2B),3,810161711
2026-08-02,UDR,3099 Iowa,,Inland Empire,UDR-3099-iowa-2br-1139sqft-334,2,2.0,1139,3168.0,2027-02-02,15,True,hard,Save up to 6 Weeks off rent!,months_free,1.3847,9.23,9.23,2875.55,https://www.udr.com/inland-empire-apartments/riverside/3099-iowa/,2026-06-13,2026-08-02,,,,,Two bedroom (B2B),3,810161711
2026-08-02,UDR,3099 Iowa,,Inland Empire,UDR-3099-iowa-2br-1139sqft-402,2,2.0,1139,3178.0,2027-01-02,15,True,hard,Save up to 6 Weeks off rent!,months_free,1.3847,9.23,9.23,2884.63,https://www.udr.com/inland-empire-apartments/riverside/3099-iowa/,2026-06-13,2026-08-02,,,,,Two bedroom (B2B),4,810161711
2026-08-02,UDR,3099 Iowa,,Inland Empire,UDR-3099-iowa-2br-1139sqft-424,2,2.0,1139,3178.0,2027-02-02,15,True,hard,Save up to 6 Weeks off rent!,months_free,1.3847,9.23,9.23,2884.63,https://www.udr.com/inland-empire-apartments/riverside/3099-iowa/,2026-06-13,2026-08-02,,,,,Two bedroom (B2B),4,810161711
2026-08-02,UDR,3099 Iowa,,Inland Empire,UDR-3099-iowa-2br-1139sqft-434,2,2.0,1139,3178.0,2027-02-02,15,True,hard,Save up to 6 Weeks off rent!,months_free,1.3847,9.23,9.23,2884.63,https://www.udr.com/inland-empire-apartments/riverside/3099-iowa/,2026-06-13,2026-08-02,,,,,Two bedroom (B2B),4,810161711
2026-08-02,UDR,3099 Iowa,,Inland Empire,UDR-3099-iowa-2br-1145sqft-109,2,2.0,1145,3138.0,2027-03-11,15,True,hard,Save up to 6 Weeks off rent!,months_free,1.3847,9.23,9.23,2848.32,https://www.udr.com/inland-empire-apartments/riverside/3099-iowa/,2026-06-13,2026-08-02,,,,,Two bedroom (B2C),1,810161711
2026-08-02,UDR,3099 Iowa,,Inland Empire,UDR-3099-iowa-2br-1145sqft-111,2,2.0,1145,3138.0,2027-03-11,15,True,hard,Save up to 6 Weeks off rent!,months_free,1.3847,9.23,9.23,2848.32,https://www.udr.com/inland-empire-apartments/riverside/3099-iowa/,2026-06-13,2026-08-02,,,,,Two bedroom (B2C),1,810161711
2026-08-02,UDR,3099 Iowa,,Inland Empire,UDR-3099-iowa-2br-1145sqft-209,2,2.0,1145,3158.0,2027-03-11,15,True,hard,Save up to 6 Weeks off rent!,months_free,1.3847,9.23,9.23,2866.47,https://www.udr.com/inland-empire-apartments/riverside/3099-iowa/,2026-06-13,2026-08-02,,,,,Two bedroom (B2C),2,810161711
2026-08-02,UDR,3099 Iowa,,Inland Empire,UDR-3099-iowa-2br-1145sqft-211,2,2.0,1145,3158.0,2027-03-11,15,True,hard,Save up to 6 Weeks off rent!,months_free,1.3847,9.23,9.23,2866.47,https://www.udr.com/inland-empire-apartments/riverside/3099-iowa/,2026-06-13,2026-08-02,,,,,Two bedroom (B2C),2,810161711
2026-08-02,UDR,3099 Iowa,,Inland Empire,UDR-3099-iowa-2br-1145sqft-309,2,2.0,1145,3168.0,2027-03-11,15,True,hard,Save up to 6 Weeks off rent!,months_free,1.3847,9.23,9.23,2875.55,https://www.udr.com/inland-empire-apartments/riverside/3099-iowa/,2026-06-13,2026-08-02,,,,,Two bedroom (B2C),3,810161711
2026-08-02,UDR,3099 Iowa,,Inland Empire,UDR-3099-iowa-2br-1145sqft-311,2,2.0,1145,3168.0,2027-03-11,15,True,hard,Save up to 6 Weeks off rent!,months_free,1.3847,9.23,9.23,2875.55,https://www.udr.com/inland-empire-apartments/riverside/3099-iowa/,2026-06-13,2026-08-02,,,,,Two bedroom (B2C),3,810161711
2026-08-02,UDR,3099 Iowa,,Inland Empire,UDR-3099-iowa-2br-1145sqft-409,2,2.0,1145,3178.0,2027-03-11,15,True,hard,Save up to 6 Weeks off rent!,months_free,1.3847,9.23,9.23,2884.63,https://www.udr.com/inland-empire-apartments/riverside/3099-iowa/,2026-06-08,2026-08-02,,,,,Two bedroom (B2C),4,810161711
2026-08-02,UDR,3099 Iowa,,Inland Empire,UDR-3099-iowa-2br-1145sqft-411,2,2.0,1145,3178.0,2027-03-11,15,True,hard,Save up to 6 Weeks off rent!,months_free,1.3847,9.23,9.23,2884.63,https://www.udr.com/inland-empire-apartments/riverside/3099-iowa/,2026-06-13,2026-08-02,,,,,Two bedroom (B2C),4,810161711
2026-08-02,UDR,3099 Iowa,,Inland Empire,UDR-3099-iowa-2br-1145sqft-101,2,2.0,1145,3208.0,2026-09-02,15,True,hard,Save up to 6 Weeks off rent!,months_free,1.3847,9.23,9.23,2911.86,https://www.udr.com/inland-empire-apartments/riverside/3099-iowa/,2026-06-08,2026-08-02,,,,,Two bedroom (B2C),1,810161711
2026-08-02,UDR,3099 Iowa,,Inland Empire,UDR-3099-iowa-2br-1145sqft-103,2,2.0,1145,3188.0,2026-09-02,15,True,hard,Save up to 6 Weeks off rent!,months_free,1.3847,9.23,9.23,2893.71,https://www.udr.com/inland-empire-apartments/riverside/3099-iowa/,2026-06-08,2026-08-02,,,,,Two bedroom (B2C),1,810161711
2026-08-02,UDR,3099 Iowa,,Inland Empire,UDR-3099-iowa-2br-1145sqft-116,2,2.0,1145,3118.0,2026-09-02,15,True,hard,Save up to 6 Weeks off rent!,months_free,1.3847,9.23,9.23,2830.17,https://www.udr.com/inland-empire-apartments/riverside/3099-iowa/,2026-06-08,2026-08-02,,,,,Two bedroom (B2C),1,810161711
2026-08-02,UDR,3099 Iowa,,Inland Empire,UDR-3099-iowa-2br-1145sqft-118,2,2.0,1145,3118.0,2026-09-02,15,True,hard,Save up to 6 Weeks off rent!,months_free,1.3847,9.23,9.23,2830.17,https://www.udr.com/inland-empire-apartments/riverside/3099-iowa/,2026-06-08,2026-08-02,,,,,Two bedroom (B2C),1,810161711
2026-08-02,UDR,3099 Iowa,,Inland Empire,UDR-3099-iowa-2br-1145sqft-120,2,2.0,1145,3138.0,2026-11-02,15,True,hard,Save up to 6 Weeks off rent!,months_free,1.3847,9.23,9.23,2848.32,https://www.udr.com/inland-empire-apartments/riverside/3099-iowa/,2026-06-13,2026-08-02,,,,,Two bedroom (B2C),1,810161711
2026-08-02,UDR,3099 Iowa,,Inland Empire,UDR-3099-iowa-2br-1145sqft-122,2,2.0,1145,3138.0,2026-11-02,15,True,hard,Save up to 6 Weeks off rent!,months_free,1.3847,9.23,9.23,2848.32,https://www.udr.com/inland-empire-apartments/riverside/3099-iowa/,2026-06-13,2026-08-02,,,,,Two bedroom (B2C),1,810161711
2026-08-02,UDR,3099 Iowa,,Inland Empire,UDR-3099-iowa-2br-1145sqft-124,2,2.0,1145,3158.0,2026-11-02,15,True,hard,Save up to 6 Weeks off rent!,months_free,1.3847,9.23,9.23,2866.47,https://www.udr.com/inland-empire-apartments/riverside/3099-iowa/,2026-06-13,2026-08-02,,,,,Two bedroom (B2C),1,810161711
2026-08-02,UDR,3099 Iowa,,Inland Empire,UDR-3099-iowa-2br-1145sqft-126,2,2.0,1145,3288.0,2026-11-02,15,True,hard,Save up to 6 Weeks off rent!,months_free,1.3847,9.23,9.23,2984.47,https://www.udr.com/inland-empire-apartments/riverside/3099-iowa/,2026-06-13,2026-08-02,,,,,Two bedroom (B2C),1,810161711
2026-08-02,UDR,3099 Iowa,,Inland Empire,UDR-3099-iowa-2br-1145sqft-139,2,2.0,1145,3188.0,2026-10-02,15,True,hard,Save up to 6 Weeks off rent!,months_free,1.3847,9.23,9.23,2893.71,https://www.udr.com/inland-empire-apartments/riverside/3099-iowa/,2026-06-08,2026-08-02,,,,,Two bedroom (B2C),1,810161711
2026-08-02,UDR,3099 Iowa,,Inland Empire,UDR-3099-iowa-2br-1145sqft-151,2,2.0,1145,3138.0,2026-10-02,15,True,hard,Save up to 6 Weeks off rent!,months_free,1.3847,9.23,9.23,2848.32,https://www.udr.com/inland-empire-apartments/riverside/3099-iowa/,2026-06-08,2026-08-02,,,,,Two bedroom (B2C),1,810161711
2026-08-02,UDR,3099 Iowa,,Inland Empire,UDR-3099-iowa-2br-1145sqft-201,2,2.0,1145,3208.0,2026-09-02,15,True,hard,Save up to 6 Weeks off rent!,months_free,1.3847,9.23,9.23,2911.86,https://www.udr.com/inland-empire-apartments/riverside/3099-iowa/,2026-06-08,2026-08-02,,,,,Two bedroom (B2C),2,810161711
2026-08-02,UDR,3099 Iowa,,Inland Empire,UDR-3099-iowa-2br-1145sqft-203,2,2.0,1145,3208.0,2026-09-02,15,True,hard,Save up to 6 Weeks off rent!,months_free,1.3847,9.23,9.23,2911.86,https://www.udr.com/inland-empire-apartments/riverside/3099-iowa/,2026-06-08,2026-08-02,,,,,Two bedroom (B2C),2,810161711
2026-08-02,UDR,3099 Iowa,,Inland Empire,UDR-3099-iowa-2br-1145sqft-216,2,2.0,1145,3188.0,2026-09-02,15,True,hard,Save up to 6 Weeks off rent!,months_free,1.3847,9.23,9.23,2893.71,https://www.udr.com/inland-empire-apartments/riverside/3099-iowa/,2026-06-08,2026-08-02,,,,,Two bedroom (B2C),2,810161711
2026-08-02,UDR,3099 Iowa,,Inland Empire,UDR-3099-iowa-2br-1145sqft-218,2,2.0,1145,3188.0,2026-09-02,15,True,hard,Save up to 6 Weeks off rent!,months_free,1.3847,9.23,9.23,2893.71,https://www.udr.com/inland-empire-apartments/riverside/3099-iowa/,2026-06-08,2026-08-02,,,,,Two bedroom (B2C),2,810161711
2026-08-02,UDR,3099 Iowa,,Inland Empire,UDR-3099-iowa-2br-1145sqft-220,2,2.0,1145,3208.0,2026-11-02,15,True,hard,Save up to 6 Weeks off rent!,months_free,1.3847,9.23,9.23,2911.86,https://www.udr.com/inland-empire-apartments/riverside/3099-iowa/,2026-06-13,2026-08-02,,,,,Two bedroom (B2C),2,810161711
2026-08-02,UDR,3099 Iowa,,Inland Empire,UDR-3099-iowa-2br-1145sqft-222,2,2.0,1145,3208.0,2026-11-02,15,True,hard,Save up to 6 Weeks off rent!,months_free,1.3847,9.23,9.23,2911.86,https://www.udr.com/inland-empire-apartments/riverside/3099-iowa/,2026-06-13,2026-08-02,,,,,Two bedroom (B2C),2,810161711
2026-08-02,UDR,3099 Iowa,,Inland Empire,UDR-3099-iowa-2br-1145sqft-224,2,2.0,1145,3208.0,2026-11-02,15,True,hard,Save up to 6 Weeks off rent!,months_free,1.3847,9.23,9.23,2911.86,https://www.udr.com/inland-empire-apartments/riverside/3099-iowa/,2026-06-13,2026-08-02,,,,,Two bedroom (B2C),2,810161711
2026-08-02,UDR,3099 Iowa,,Inland Empire,UDR-3099-iowa-2br-1145sqft-226,2,2.0,1145,3208.0,2026-11-02,15,True,hard,Save up to 6 Weeks off rent!,months_free,1.3847,9.23,9.23,2911.86,https://www.udr.com/inland-empire-apartments/riverside/3099-iowa/,2026-06-13,2026-08-02,,,,,Two bedroom (B2C),2,810161711
2026-08-02,UDR,3099 Iowa,,Inland Empire,UDR-3099-iowa-2br-1145sqft-239,2,2.0,1145,3208.0,2026-10-02,15,True,hard,Save up to 6 Weeks off rent!,months_free,1.3847,9.23,9.23,2911.86,https://www.udr.com/inland-empire-apartments/riverside/3099-iowa/,2026-06-08,2026-08-02,,,,,Two bedroom (B2C),2,810161711
2026-08-02,UDR,3099 Iowa,,Inland Empire,UDR-3099-iowa-2br-1145sqft-251,2,2.0,1145,3158.0,2026-10-02,15,True,hard,Save up to 6 Weeks off rent!,months_free,1.3847,9.23,9.23,2866.47,https://www.udr.com/inland-empire-apartments/riverside/3099-iowa/,2026-06-08,2026-08-02,,,,,Two bedroom (B2C),2,810161711
2026-08-02,UDR,3099 Iowa,,Inland Empire,UDR-3099-iowa-2br-1145sqft-303,2,2.0,1145,3218.0,2026-09-02,15,True,hard,Save up to 6 Weeks off rent!,months_free,1.3847,9.23,9.23,2920.94,https://www.udr.com/inland-empire-apartments/riverside/3099-iowa/,2026-06-08,2026-08-02,,,,,Two bedroom (B2C),3,810161711
2026-08-02,UDR,3099 Iowa,,Inland Empire,UDR-3099-iowa-2br-1145sqft-320,2,2.0,1145,3218.0,2026-11-02,15,True,hard,Save up to 6 Weeks off rent!,months_free,1.3847,9.23,9.23,2920.94,https://www.udr.com/inland-empire-apartments/riverside/3099-iowa/,2026-06-13,2026-08-02,,,,,Two bedroom (B2C),3,810161711
2026-08-02,UDR,3099 Iowa,,Inland Empire,UDR-3099-iowa-2br-1145sqft-322,2,2.0,1145,3218.0,2026-11-02,15,True,hard,Save up to 6 Weeks off rent!,months_free,1.3847,9.23,9.23,2920.94,https://www.udr.com/inland-empire-apartments/riverside/3099-iowa/,2026-06-13,2026-08-02,,,,,Two bedroom (B2C),3,810161711
2026-08-02,UDR,3099 Iowa,,Inland Empire,UDR-3099-iowa-2br-1145sqft-324,2,2.0,1145,3218.0,2026-11-02,15,True,hard,Save up to 6 Weeks off rent!,months_free,1.3847,9.23,9.23,2920.94,https://www.udr.com/inland-empire-apartments/riverside/3099-iowa/,2026-06-13,2026-08-02,,,,,Two bedroom (B2C),3,810161711
2026-08-02,UDR,3099 Iowa,,Inland Empire,UDR-3099-iowa-2br-1145sqft-326,2,2.0,1145,3218.0,2026-11-02,15,True,hard,Save up to 6 Weeks off rent!,months_free,1.3847,9.23,9.23,2920.94,https://www.udr.com/inland-empire-apartments/riverside/3099-iowa/,2026-06-13,2026-08-02,,,,,Two bedroom (B2C),3,810161711
2026-08-02,UDR,3099 Iowa,,Inland Empire,UDR-3099-iowa-2br-1145sqft-339,2,2.0,1145,3218.0,2026-10-02,15,True,hard,Save up to 6 Weeks off rent!,months_free,1.3847,9.23,9.23,2920.94,https://www.udr.com/inland-empire-apartments/riverside/3099-iowa/,2026-06-08,2026-08-02,,,,,Two bedroom (B2C),3,810161711
2026-08-02,UDR,3099 Iowa,,Inland Empire,UDR-3099-iowa-2br-1145sqft-351,2,2.0,1145,3168.0,2026-10-02,15,True,hard,Save up to 6 Weeks off rent!,months_free,1.3847,9.23,9.23,2875.55,https://www.udr.com/inland-empire-apartments/riverside/3099-iowa/,2026-06-08,2026-08-02,,,,,Two bedroom (B2C),3,810161711
2026-08-02,UDR,3099 Iowa,,Inland Empire,UDR-3099-iowa-2br-1145sqft-401,2,2.0,1145,3298.0,2026-09-02,15,True,hard,Save up to 6 Weeks off rent!,months_free,1.3847,9.23,9.23,2993.55,https://www.udr.com/inland-empire-apartments/riverside/3099-iowa/,2026-06-08,2026-08-02,,,,,Two bedroom (B2C),4,810161711
2026-08-02,UDR,3099 Iowa,,Inland Empire,UDR-3099-iowa-2br-1145sqft-403,2,2.0,1145,3278.0,2026-09-02,15,True,hard,Save up to 6 Weeks off rent!,months_free,1.3847,9.23,9.23,2975.4,https://www.udr.com/inland-empire-apartments/riverside/3099-iowa/,2026-06-08,2026-08-02,,,,,Two bedroom (B2C),4,810161711
2026-08-02,UDR,3099 Iowa,,Inland Empire,UDR-3099-iowa-2br-1145sqft-420,2,2.0,1145,3228.0,2026-11-02,15,True,hard,Save up to 6 Weeks off rent!,months_free,1.3847,9.23,9.23,2930.01,https://www.udr.com/inland-empire-apartments/riverside/3099-iowa/,2026-06-13,2026-08-02,,,,,Two bedroom (B2C),4,810161711
2026-08-02,UDR,3099 Iowa,,Inland Empire,UDR-3099-iowa-2br-1145sqft-422,2,2.0,1145,3228.0,2026-11-02,15,True,hard,Save up to 6 Weeks off rent!,months_free,1.3847,9.23,9.23,2930.01,https://www.udr.com/inland-empire-apartments/riverside/3099-iowa/,2026-06-13,2026-08-02,,,,,Two bedroom (B2C),4,810161711
2026-08-02,UDR,3099 Iowa,,Inland Empire,UDR-3099-iowa-2br-1145sqft-424,2,2.0,1145,3228.0,2026-11-02,15,True,hard,Save up to 6 Weeks off rent!,months_free,1.3847,9.23,9.23,2930.01,https://www.udr.com/inland-empire-apartments/riverside/3099-iowa/,2026-06-13,2026-08-02,,,,,Two bedroom (B2C),4,810161711
2026-08-02,UDR,3099 Iowa,,Inland Empire,UDR-3099-iowa-2br-1145sqft-426,2,2.0,1145,3228.0,2026-11-02,15,True,hard,Save up to 6 Weeks off rent!,months_free,1.3847,9.23,9.23,2930.01,https://www.udr.com/inland-empire-apartments/riverside/3099-iowa/,2026-06-13,2026-08-02,,,,,Two bedroom (B2C),4,810161711
2026-08-02,UDR,3099 Iowa,,Inland Empire,UDR-3099-iowa-2br-1145sqft-439,2,2.0,1145,3228.0,2026-10-02,15,True,hard,Save up to 6 Weeks off rent!,months_free,1.3847,9.23,9.23,2930.01,https://www.udr.com/inland-empire-apartments/riverside/3099-iowa/,2026-06-08,2026-08-02,,,,,Two bedroom (B2C),4,810161711
2026-08-02,UDR,3099 Iowa,,Inland Empire,UDR-3099-iowa-2br-1145sqft-451,2,2.0,1145,3178.0,2026-10-02,15,True,hard,Save up to 6 Weeks off rent!,months_free,1.3847,9.23,9.23,2884.63,https://www.udr.com/inland-empire-apartments/riverside/3099-iowa/,2026-06-08,2026-08-02,,,,,Two bedroom (B2C),4,810161711
2026-08-02,UDR,3099 Iowa,,Inland Empire,UDR-3099-iowa-2br-1145sqft-104,2,2.0,1145,3138.0,2027-01-02,15,True,hard,Save up to 6 Weeks off rent!,months_free,1.3847,9.23,9.23,2848.32,https://www.udr.com/inland-empire-apartments/riverside/3099-iowa/,2026-06-13,2026-08-02,,,,,Two bedroom (B2C),1,810161711
2026-08-02,UDR,3099 Iowa,,Inland Empire,UDR-3099-iowa-2br-1145sqft-116,2,2.0,1145,3138.0,2027-01-02,15,True,hard,Save up to 6 Weeks off rent!,months_free,1.3847,9.23,9.23,2848.32,https://www.udr.com/inland-empire-apartments/riverside/3099-iowa/,2026-06-08,2026-08-02,,,,,Two bedroom (B2C),1,810161711
2026-08-02,UDR,3099 Iowa,,Inland Empire,UDR-3099-iowa-2br-1145sqft-118,2,2.0,1145,3138.0,2027-01-02,15,True,hard,Save up to 6 Weeks off rent!,months_free,1.3847,9.23,9.23,2848.32,https://www.udr.com/inland-empire-apartments/riverside/3099-iowa/,2026-06-08,2026-08-02,,,,,Two bedroom (B2C),1,810161711
2026-08-02,UDR,3099 Iowa,,Inland Empire,UDR-3099-iowa-2br-1145sqft-126,2,2.0,1145,3138.0,2027-02-02,15,True,hard,Save up to 6 Weeks off rent!,months_free,1.3847,9.23,9.23,2848.32,https://www.udr.com/inland-empire-apartments/riverside/3099-iowa/,2026-06-13,2026-08-02,,,,,Two bedroom (B2C),1,810161711
2026-08-02,UDR,3099 Iowa,,Inland Empire,UDR-3099-iowa-2br-1145sqft-128,2,2.0,1145,3158.0,2027-02-02,15,True,hard,Save up to 6 Weeks off rent!,months_free,1.3847,9.23,9.23,2866.47,https://www.udr.com/inland-empire-apartments/riverside/3099-iowa/,2026-06-13,2026-08-02,,,,,Two bedroom (B2C),1,810161711
2026-08-02,UDR,3099 Iowa,,Inland Empire,UDR-3099-iowa-2br-1145sqft-130,2,2.0,1145,3158.0,2027-02-02,15,True,hard,Save up to 6 Weeks off rent!,months_free,1.3847,9.23,9.23,2866.47,https://www.udr.com/inland-empire-apartments/riverside/3099-iowa/,2026-06-13,2026-08-02,,,,,Two bedroom (B2C),1,810161711
2026-08-02,UDR,3099 Iowa,,Inland Empire,UDR-3099-iowa-2br-1145sqft-132,2,2.0,1145,3158.0,2027-02-02,15,True,hard,Save up to 6 Weeks off rent!,months_free,1.3847,9.23,9.23,2866.47,https://www.udr.com/inland-empire-apartments/riverside/3099-iowa/,2026-06-13,2026-08-02,,,,,Two bedroom (B2C),1,810161711
2026-08-02,UDR,3099 Iowa,,Inland Empire,UDR-3099-iowa-2br-1145sqft-204,2,2.0,1145,3158.0,2027-01-02,15,True,hard,Save up to 6 Weeks off rent!,months_free,1.3847,9.23,9.23,2866.47,https://www.udr.com/inland-empire-apartments/riverside/3099-iowa/,2026-06-13,2026-08-02,,,,,Two bedroom (B2C),2,810161711
2026-08-02,UDR,3099 Iowa,,Inland Empire,UDR-3099-iowa-2br-1145sqft-216,2,2.0,1145,3158.0,2027-01-02,15,True,hard,Save up to 6 Weeks off rent!,months_free,1.3847,9.23,9.23,2866.47,https://www.udr.com/inland-empire-apartments/riverside/3099-iowa/,2026-06-08,2026-08-02,,,,,Two bedroom (B2C),2,810161711
2026-08-02,UDR,3099 Iowa,,Inland Empire,UDR-3099-iowa-2br-1145sqft-218,2,2.0,1145,3158.0,2027-01-02,15,True,hard,Save up to 6 Weeks off rent!,months_free,1.3847,9.23,9.23,2866.47,https://www.udr.com/inland-empire-apartments/riverside/3099-iowa/,2026-06-08,2026-08-02,,,,,Two bedroom (B2C),2,810161711
2026-08-02,UDR,3099 Iowa,,Inland Empire,UDR-3099-iowa-2br-1145sqft-226,2,2.0,1145,3158.0,2027-02-02,15,True,hard,Save up to 6 Weeks off rent!,months_free,1.3847,9.23,9.23,2866.47,https://www.udr.com/inland-empire-apartments/riverside/3099-iowa/,2026-06-13,2026-08-02,,,,,Two bedroom (B2C),2,810161711
2026-08-02,UDR,3099 Iowa,,Inland Empire,UDR-3099-iowa-2br-1145sqft-228,2,2.0,1145,3158.0,2027-02-02,15,True,hard,Save up to 6 Weeks off rent!,months_free,1.3847,9.23,9.23,2866.47,https://www.udr.com/inland-empire-apartments/riverside/3099-iowa/,2026-06-13,2026-08-02,,,,,Two bedroom (B2C),2,810161711
2026-08-02,UDR,3099 Iowa,,Inland Empire,UDR-3099-iowa-2br-1145sqft-230,2,2.0,1145,3158.0,2027-02-02,15,True,hard,Save up to 6 Weeks off rent!,months_free,1.3847,9.23,9.23,2866.47,https://www.udr.com/inland-empire-apartments/riverside/3099-iowa/,2026-06-13,2026-08-02,,,,,Two bedroom (B2C),2,810161711
2026-08-02,UDR,3099 Iowa,,Inland Empire,UDR-3099-iowa-2br-1145sqft-232,2,2.0,1145,3158.0,2027-02-02,15,True,hard,Save up to 6 Weeks off rent!,months_free,1.3847,9.23,9.23,2866.47,https://www.udr.com/inland-empire-apartments/riverside/3099-iowa/,2026-06-13,2026-08-02,,,,,Two bedroom (B2C),2,810161711
2026-08-02,UDR,3099 Iowa,,Inland Empire,UDR-3099-iowa-2br-1145sqft-304,2,2.0,1145,3168.0,2027-01-02,15,True,hard,Save up to 6 Weeks off rent!,months_free,1.3847,9.23,9.23,2875.55,https://www.udr.com/inland-empire-apartments/riverside/3099-iowa/,2026-06-13,2026-08-02,,,,,Two bedroom (B2C),3,810161711
2026-08-02,UDR,3099 Iowa,,Inland Empire,UDR-3099-iowa-2br-1145sqft-316,2,2.0,1145,3168.0,2027-01-02,15,True,hard,Save up to 6 Weeks off rent!,months_free,1.3847,9.23,9.23,2875.55,https://www.udr.com/inland-empire-apartments/riverside/3099-iowa/,2026-06-13,2026-08-02,,,,,Two bedroom (B2C),3,810161711
2026-08-02,UDR,3099 Iowa,,Inland Empire,UDR-3099-iowa-2br-1145sqft-318,2,2.0,1145,3218.0,2027-01-02,15,True,hard,Save up to 6 Weeks off rent!,months_free,1.3847,9.23,9.23,2920.94,https://www.udr.com/inland-empire-apartments/riverside/3099-iowa/,2026-06-13,2026-08-02,,,,,Two bedroom (B2C),3,810161711
2026-08-02,UDR,3099 Iowa,,Inland Empire,UDR-3099-iowa-2br-1145sqft-326,2,2.0,1145,3168.0,2027-02-02,15,True,hard,Save up to 6 Weeks off rent!,months_free,1.3847,9.23,9.23,2875.55,https://www.udr.com/inland-empire-apartments/riverside/3099-iowa/,2026-06-13,2026-08-02,,,,,Two bedroom (B2C),3,810161711
2026-08-02,UDR,3099 Iowa,,Inland Empire,UDR-3099-iowa-2br-1145sqft-328,2,2.0,1145,3168.0,2027-02-02,15,True,hard,Save up to 6 Weeks off rent!,months_free,1.3847,9.23,9.23,2875.55,https://www.udr.com/inland-empire-apartments/riverside/3099-iowa/,2026-06-13,2026-08-02,,,,,Two bedroom (B2C),3,810161711
2026-08-02,UDR,3099 Iowa,,Inland Empire,UDR-3099-iowa-2br-1145sqft-330,2,2.0,1145,3168.0,2027-02-02,15,True,hard,Save up to 6 Weeks off rent!,months_free,1.3847,9.23,9.23,2875.55,https://www.udr.com/inland-empire-apartments/riverside/3099-iowa/,2026-06-13,2026-08-02,,,,,Two bedroom (B2C),3,810161711
2026-08-02,UDR,3099 Iowa,,Inland Empire,UDR-3099-iowa-2br-1145sqft-332,2,2.0,1145,3168.0,2027-02-02,15,True,hard,Save up to 6 Weeks off rent!,months_free,1.3847,9.23,9.23,2875.55,https://www.udr.com/inland-empire-apartments/riverside/3099-iowa/,2026-06-13,2026-08-02,,,,,Two bedroom (B2C),3,810161711
2026-08-02,UDR,3099 Iowa,,Inland Empire,UDR-3099-iowa-2br-1145sqft-404,2,2.0,1145,3228.0,2027-01-02,15,True,hard,Save up to 6 Weeks off rent!,months_free,1.3847,9.23,9.23,2930.01,https://www.udr.com/inland-empire-apartments/riverside/3099-iowa/,2026-06-13,2026-08-02,,,,,Two bedroom (B2C),4,810161711
2026-08-02,UDR,3099 Iowa,,Inland Empire,UDR-3099-iowa-2br-1145sqft-416,2,2.0,1145,3228.0,2027-01-02,15,True,hard,Save up to 6 Weeks off rent!,months_free,1.3847,9.23,9.23,2930.01,https://www.udr.com/inland-empire-apartments/riverside/3099-iowa/,2026-06-13,2026-08-02,,,,,Two bedroom (B2C),4,810161711
2026-08-02,UDR,3099 Iowa,,Inland Empire,UDR-3099-iowa-2br-1145sqft-418,2,2.0,1145,3228.0,2027-01-02,15,True,hard,Save up to 6 Weeks off rent!,months_free,1.3847,9.23,9.23,2930.01,https://www.udr.com/inland-empire-apartments/riverside/3099-iowa/,2026-06-13,2026-08-02,,,,,Two bedroom (B2C),4,810161711
2026-08-02,UDR,3099 Iowa,,Inland Empire,UDR-3099-iowa-2br-1145sqft-426,2,2.0,1145,3178.0,2027-02-02,15,True,hard,Save up to 6 Weeks off rent!,months_free,1.3847,9.23,9.23,2884.63,https://www.udr.com/inland-empire-apartments/riverside/3099-iowa/,2026-06-13,2026-08-02,,,,,Two bedroom (B2C),4,810161711
2026-08-02,UDR,3099 Iowa,,Inland Empire,UDR-3099-iowa-2br-1145sqft-428,2,2.0,1145,3178.0,2027-02-02,15,True,hard,Save up to 6 Weeks off rent!,months_free,1.3847,9.23,9.23,2884.63,https://www.udr.com/inland-empire-apartments/riverside/3099-iowa/,2026-06-13,2026-08-02,,,,,Two bedroom (B2C),4,810161711
2026-08-02,UDR,3099 Iowa,,Inland Empire,UDR-3099-iowa-2br-1145sqft-430,2,2.0,1145,3178.0,2027-02-02,15,True,hard,Save up to 6 Weeks off rent!,months_free,1.3847,9.23,9.23,2884.63,https://www.udr.com/inland-empire-apartments/riverside/3099-iowa/,2026-06-13,2026-08-02,,,,,Two bedroom (B2C),4,810161711
2026-08-02,UDR,3099 Iowa,,Inland Empire,UDR-3099-iowa-2br-1145sqft-432,2,2.0,1145,3178.0,2027-02-02,15,True,hard,Save up to 6 Weeks off rent!,months_free,1.3847,9.23,9.23,2884.63,https://www.udr.com/inland-empire-apartments/riverside/3099-iowa/,2026-06-13,2026-08-02,,,,,Two bedroom (B2C),4,810161711
2026-08-02,UDR,322 on North Broad,,Philadelphia,UDR-322-on-north-broad-1br-655sqft-1517,1,1.0,655,2068.0,2026-08-03,13,True,hard,Save 2 Months off rent!,months_free,2.0,15.38,15.38,1749.85,https://www.udr.com/philadelphia-apartments/center-city/322-on-north-broad/,2026-05-03,2026-08-02,,,,,One Bedroom A1A1,5,408251538
2026-08-02,UDR,322 on North Broad,,Philadelphia,UDR-322-on-north-broad-1br-701sqft-1205,1,1.0,701,2067.0,2026-10-04,15,True,hard,Save 2 Months off rent!,months_free,2.0,13.33,13.33,1791.4,https://www.udr.com/philadelphia-apartments/center-city/322-on-north-broad/,2026-08-02,2026-08-02,,,,,One Bedroom A1A2,2,408251538
2026-08-02,UDR,322 on North Broad,,Philadelphia,UDR-322-on-north-broad-1br-701sqft-1315,1,1.0,701,2135.0,2026-08-16,13,True,hard,Save 2 Months off rent!,months_free,2.0,15.38,15.38,1806.54,https://www.udr.com/philadelphia-apartments/center-city/322-on-north-broad/,2026-05-23,2026-08-02,,,,,One Bedroom A1A2,3,408251538
2026-08-02,UDR,322 on North Broad,,Philadelphia,UDR-322-on-north-broad-1br-701sqft-1409,1,1.0,701,2118.0,2026-09-13,12,True,hard,Save 2 Months off rent!,months_free,2.0,16.67,16.67,1765.0,https://www.udr.com/philadelphia-apartments/center-city/322-on-north-broad/,2026-06-22,2026-08-02,,,,,One Bedroom A1A2,4,408251538
2026-08-02,UDR,322 on North Broad,,Philadelphia,UDR-322-on-north-broad-1br-701sqft-2217,1,1.0,701,2033.0,2026-08-29,13,True,hard,Save 2 Months off rent!,months_free,2.0,15.38,15.38,1720.23,https://www.udr.com/philadelphia-apartments/center-city/322-on-north-broad/,2026-06-22,2026-08-02,,,,,One Bedroom A1A2,2,408251538
2026-08-02,UDR,322 on North Broad,,Philadelphia,UDR-322-on-north-broad-1br-701sqft-2219,1,1.0,701,2001.0,2026-09-05,15,True,hard,Save 2 Months off rent!,months_free,2.0,13.33,13.33,1734.2,https://www.udr.com/philadelphia-apartments/center-city/322-on-north-broad/,2026-05-23,2026-08-02,,,,,One Bedroom A1A2,2,408251538
2026-08-02,UDR,322 on North Broad,,Philadelphia,UDR-322-on-north-broad-1br-701sqft-2415,1,1.0,701,2043.0,2026-09-13,12,True,hard,Save 2 Months off rent!,months_free,2.0,16.67,16.67,1702.5,https://www.udr.com/philadelphia-apartments/center-city/322-on-north-broad/,2026-07-19,2026-08-02,,,,,One Bedroom A1A2,4,408251538
2026-08-02,UDR,322 on North Broad,,Philadelphia,UDR-322-on-north-broad-1br-701sqft-2519,1,1.0,701,1957.0,2026-09-03,12,True,hard,Save 2 Months off rent!,months_free,2.0,16.67,16.67,1630.83,https://www.udr.com/philadelphia-apartments/center-city/322-on-north-broad/,2026-08-02,2026-08-02,,,,,One Bedroom A1A2,5,408251538
2026-08-02,UDR,322 on North Broad,,Philadelphia,UDR-322-on-north-broad-1br-701sqft-2615,1,1.0,701,2082.0,2026-09-05,15,True,hard,Save 2 Months off rent!,months_free,2.0,13.33,13.33,1804.4,https://www.udr.com/philadelphia-apartments/center-city/322-on-north-broad/,2026-05-16,2026-08-02,,,,,One Bedroom A1A2,6,408251538
2026-08-02,UDR,322 on North Broad,,Philadelphia,UDR-322-on-north-broad-1br-734sqft-1424,1,1.0,734,2141.0,2026-09-05,12,True,hard,Save 2 Months off rent!,months_free,2.0,16.67,16.67,1784.17,https://www.udr.com/philadelphia-apartments/center-city/322-on-north-broad/,2026-07-19,2026-08-02,,,,,One Bedroom A1B1,4,408251538
2026-08-02,UDR,322 on North Broad,,Philadelphia,UDR-322-on-north-broad-1br-734sqft-1446,1,1.0,734,2106.0,2026-09-15,12,True,hard,Save 2 Months off rent!,months_free,2.0,16.67,16.67,1755.0,https://www.udr.com/philadelphia-apartments/center-city/322-on-north-broad/,2026-07-19,2026-08-02,,,,,One Bedroom A1B1,4,408251538
2026-08-02,UDR,322 on North Broad,,Philadelphia,UDR-322-on-north-broad-1br-734sqft-1542,1,1.0,734,2098.0,2026-08-22,13,True,hard,Save 2 Months off rent!,months_free,2.0,15.38,15.38,1775.23,https://www.udr.com/philadelphia-apartments/center-city/322-on-north-broad/,2026-06-22,2026-08-02,,,,,One Bedroom A1B1,5,408251538
2026-08-02,UDR,322 on North Broad,,Philadelphia,UDR-322-on-north-broad-1br-734sqft-1620,1,1.0,734,2257.0,2026-09-20,12,True,hard,Save 2 Months off rent!,months_free,2.0,16.67,16.67,1880.83,https://www.udr.com/philadelphia-apartments/center-city/322-on-north-broad/,2026-07-19,2026-08-02,,,,,One Bedroom A1B1,6,408251538
2026-08-02,UDR,322 on North Broad,,Philadelphia,UDR-322-on-north-broad-1br-806sqft-2203,1,1.0,806,1946.0,2026-09-11,12,True,hard,Save 2 Months off rent!,months_free,2.0,16.67,16.67,1621.67,https://www.udr.com/philadelphia-apartments/center-city/322-on-north-broad/,2026-05-17,2026-08-02,,,,,One Bedroom A1C1,2,408251538
2026-08-02,UDR,322 on North Broad,,Philadelphia,UDR-322-on-north-broad-1br-820sqft-1537,1,1.0,820,2179.0,2026-08-19,13,True,hard,Save 2 Months off rent!,months_free,2.0,15.38,15.38,1843.77,https://www.udr.com/philadelphia-apartments/center-city/322-on-north-broad/,2026-07-19,2026-08-02,,,,,One Bedroom A1D1,5,408251538
2026-08-02,UDR,322 on North Broad,,Philadelphia,UDR-322-on-north-broad-1br-820sqft-1629,1,1.0,820,2167.0,2026-09-07,12,True,hard,Save 2 Months off rent!,months_free,2.0,16.67,16.67,1805.83,https://www.udr.com/philadelphia-apartments/center-city/322-on-north-broad/,2026-04-04,2026-08-02,,,,,One Bedroom A1D1,6,408251538
2026-08-02,UDR,322 on North Broad,,Philadelphia,UDR-322-on-north-broad-1br-844sqft-1412,1,1.0,844,2111.0,2026-08-30,13,True,hard,Save 2 Months off rent!,months_free,2.0,15.38,15.38,1786.23,https://www.udr.com/philadelphia-apartments/center-city/322-on-north-broad/,2026-06-22,2026-08-02,,,,,One Bedroom A1D2,4,408251538
2026-08-02,UDR,322 on North Broad,,Philadelphia,UDR-322-on-north-broad-1br-847sqft-2222,1,1.0,847,2216.0,2026-08-03,13,True,hard,Save 2 Months off rent!,months_free,2.0,15.38,15.38,1875.08,https://www.udr.com/philadelphia-apartments/center-city/322-on-north-broad/,2026-04-19,2026-08-02,,,,,One Bedroom A1E1,2,408251538
2026-08-02,UDR,322 on North Broad,,Philadelphia,UDR-322-on-north-broad-1br-893sqft-1228,1,1.0,893,2406.0,2026-09-05,12,True,hard,Save 2 Months off rent!,months_free,2.0,16.67,16.67,2005.0,https://www.udr.com/philadelphia-apartments/center-city/322-on-north-broad/,2026-07-19,2026-08-02,,,,,One Bedroom A1F4,2,408251538
2026-08-02,UDR,322 on North Broad,,Philadelphia,UDR-322-on-north-broad-1br-893sqft-1238,1,1.0,893,2449.0,2026-08-03,13,True,hard,Save 2 Months off rent!,months_free,2.0,15.38,15.38,2072.23,https://www.udr.com/philadelphia-apartments/center-city/322-on-north-broad/,2026-04-04,2026-08-02,,,,,One Bedroom A1F4,2,408251538
2026-08-02,UDR,322 on North Broad,,Philadelphia,UDR-322-on-north-broad-1br-870sqft-1508,1,1.0,870,2517.0,2026-08-03,13,True,hard,Save 2 Months off rent!,months_free,2.0,15.38,15.38,2129.77,https://www.udr.com/philadelphia-apartments/center-city/322-on-north-broad/,2026-05-16,2026-08-02,,,,,One Bedroom A1G3,5,408251538
2026-08-02,UDR,322 on North Broad,,Philadelphia,UDR-322-on-north-broad-0br-560sqft-2210,0,1.0,560,1829.0,2026-08-27,15,True,hard,Save 2 Months off rent!,months_free,2.0,13.33,13.33,1585.13,https://www.udr.com/philadelphia-apartments/center-city/322-on-north-broad/,2026-07-19,2026-08-02,,,,,Studio E1A3,2,408251538
2026-08-02,UDR,322 on North Broad,,Philadelphia,UDR-322-on-north-broad-2br-1132sqft-1301,2,2.0,1132,3453.0,2026-09-05,12,True,hard,Save 2 Months off rent!,months_free,2.0,16.67,16.67,2877.5,https://www.udr.com/philadelphia-apartments/center-city/322-on-north-broad/,2026-08-02,2026-08-02,,,,,Two Bedroom B2C,3,408251538
2026-08-02,UDR,322 on North Broad,,Philadelphia,UDR-322-on-north-broad-2br-1132sqft-1501,2,2.0,1132,3708.0,2026-10-18,12,True,hard,Save 2 Months off rent!,months_free,2.0,16.67,16.67,3090.0,https://www.udr.com/philadelphia-apartments/center-city/322-on-north-broad/,2026-06-22,2026-08-02,,,,,Two Bedroom B2C,5,408251538
2026-08-02,UDR,322 on North Broad,,Philadelphia,UDR-322-on-north-broad-2br-1141sqft-2201,2,2.0,1141,3392.0,2026-09-06,12,True,hard,Save 2 Months off rent!,months_free,2.0,16.67,16.67,2826.67,https://www.udr.com/philadelphia-apartments/center-city/322-on-north-broad/,2026-07-19,2026-08-02,,,,,Two Bedroom B2D1,2,408251538
2026-08-02,UDR,322 on North Broad,,Philadelphia,UDR-322-on-north-broad-2br-1292sqft-2402,2,2.0,1292,3606.0,2026-08-03,13,True,hard,Save 2 Months off rent!,months_free,2.0,15.38,15.38,3051.23,https://www.udr.com/philadelphia-apartments/center-city/322-on-north-broad/,2026-05-09,2026-08-02,,,,,Two Bedroom B2D2,4,408251538
2026-08-02,UDR,345 Harrison,,Boston,UDR-345-harrison-1br-730sqft-605,1,1.0,730,4334.0,2026-08-03,14,True,hard,Save $500 off rent! Applies to first full month's rent only. Minimum 10 month lease term required. *Select apartments,dollar_off,500.0,0.82,,4298.29,https://www.udr.com/boston-apartments/south-end/345-harrison/,2026-06-13,2026-08-02,,,,,One Bedroom A1AP,6,16
2026-08-02,UDR,345 Harrison,,Boston,UDR-345-harrison-1br-767sqft-837,1,1.0,767,4559.0,2026-09-25,14,True,hard,Save $500 off rent! Applies to first full month's rent only. Minimum 10 month lease term required. *Select apartments,dollar_off,500.0,0.78,,4523.29,https://www.udr.com/boston-apartments/south-end/345-harrison/,2026-08-02,2026-08-02,,,,,One Bedroom A1BH,8,16
2026-08-02,UDR,345 Harrison,,Boston,UDR-345-harrison-1br-782sqft-1119,1,1.0,782,4867.0,2026-10-02,14,True,hard,Save $500 off rent! Applies to first full month's rent only. Minimum 10 month lease term required. *Select apartments,dollar_off,500.0,0.73,,4831.29,https://www.udr.com/boston-apartments/south-end/345-harrison/,2026-07-19,2026-08-02,,,,,One Bedroom A1BP,11,16
2026-08-02,UDR,345 Harrison,,Boston,UDR-345-harrison-1br-925sqft-PH32,1,1.0,925,5126.0,2026-10-02,14,True,hard,Save $500 off rent! Applies to first full month's rent only. Minimum 10 month lease term required. *Select apartments,dollar_off,500.0,0.7,,5090.29,https://www.udr.com/boston-apartments/south-end/345-harrison/,2026-08-02,2026-08-02,,,,,One Bedroom A1BS-PH Penthouse,15,16
2026-08-02,UDR,345 Harrison,,Boston,UDR-345-harrison-1br-967sqft-226,1,1.0,967,4957.0,2026-10-30,14,True,hard,Save $500 off rent! Applies to first full month's rent only. Minimum 10 month lease term required. *Select apartments,dollar_off,500.0,0.72,,4921.29,https://www.udr.com/boston-apartments/south-end/345-harrison/,2026-08-02,2026-08-02,,,,,One Bedroom A1BV,2,16
2026-08-02,UDR,345 Harrison,,Boston,UDR-345-harrison-1br-548sqft-444,1,1.0,548,3798.0,2026-09-11,14,True,hard,Save $500 off rent! Applies to first full month's rent only. Minimum 10 month lease term required. *Select apartments,dollar_off,500.0,0.94,,3762.29,https://www.udr.com/boston-apartments/south-end/345-harrison/,2026-07-19,2026-08-02,,,,,One Bedroom A1G,4,16
2026-08-02,UDR,345 Harrison,,Boston,UDR-345-harrison-1br-551sqft-878,1,1.0,551,3882.0,2026-10-02,14,True,hard,Save $500 off rent! Applies to first full month's rent only. Minimum 10 month lease term required. *Select apartments,dollar_off,500.0,0.92,,3846.29,https://www.udr.com/boston-apartments/south-end/345-harrison/,2026-06-22,2026-08-02,,,,,One Bedroom A1M,8,16
2026-08-02,UDR,345 Harrison,,Boston,UDR-345-harrison-1br-551sqft-PH78,1,1.0,551,3893.0,2026-09-11,14,True,hard,Save $500 off rent! Applies to first full month's rent only. Minimum 10 month lease term required. *Select apartments,dollar_off,500.0,0.92,,3857.29,https://www.udr.com/boston-apartments/south-end/345-harrison/,2026-07-19,2026-08-02,,,,,One Bedroom A1M-PH Penthouse,15,16
2026-08-02,UDR,345 Harrison,,Boston,UDR-345-harrison-1br-553sqft-1280,1,1.0,553,3877.0,2026-08-21,14,True,hard,Save $500 off rent! Applies to first full month's rent only. Minimum 10 month lease term required. *Select apartments,dollar_off,500.0,0.92,,3841.29,https://www.udr.com/boston-apartments/south-end/345-harrison/,2026-08-02,2026-08-02,,,,,One Bedroom A1O,12,16
2026-08-02,UDR,345 Harrison,,Boston,UDR-345-harrison-1br-568sqft-1038,1,1.0,568,4138.0,2026-09-15,14,True,hard,Save $500 off rent! Applies to first full month's rent only. Minimum 10 month lease term required. *Select apartments,dollar_off,500.0,0.86,,4102.29,https://www.udr.com/boston-apartments/south-end/345-harrison/,2026-07-19,2026-08-02,,,,,One Bedroom A1U,10,16
2026-08-02,UDR,345 Harrison,,Boston,UDR-345-harrison-1br-571sqft-PH13,1,1.0,571,4133.0,2026-10-09,14,True,hard,Save $500 off rent! Applies to first full month's rent only. Minimum 10 month lease term required. *Select apartments,dollar_off,500.0,0.86,,4097.29,https://www.udr.com/boston-apartments/south-end/345-harrison/,2026-08-02,2026-08-02,,,,,One Bedroom A1X-PH Penthouse,15,16
2026-08-02,UDR,345 Harrison,,Boston,UDR-345-harrison-0br-395sqft-1409,0,1.0,395,3190.0,2026-08-03,14,True,hard,Save $500 off rent! Applies to first full month's rent only. Minimum 10 month lease term required. *Select apartments,dollar_off,500.0,1.12,,3154.29,https://www.udr.com/boston-apartments/south-end/345-harrison/,2026-04-19,2026-08-02,,,,,Studio E1A,14,16
2026-08-02,UDR,345 Harrison,,Boston,UDR-345-harrison-0br-395sqft-809,0,1.0,395,3115.0,2026-09-11,14,True,hard,Save $500 off rent! Applies to first full month's rent only. Minimum 10 month lease term required. *Select apartments,dollar_off,500.0,1.15,,3079.29,https://www.udr.com/boston-apartments/south-end/345-harrison/,2026-07-19,2026-08-02,,,,,Studio E1A,8,16
2026-08-02,UDR,345 Harrison,,Boston,UDR-345-harrison-0br-508sqft-1176,0,1.0,508,3562.0,2026-10-07,14,True,hard,Save $500 off rent! Applies to first full month's rent only. Minimum 10 month lease term required. *Select apartments,dollar_off,500.0,1.0,,3526.29,https://www.udr.com/boston-apartments/south-end/345-harrison/,2026-08-02,2026-08-02,,,,,Studio E1AG,11,16
2026-08-02,UDR,345 Harrison,,Boston,UDR-345-harrison-0br-525sqft-720,0,1.0,525,3692.0,2026-09-25,14,True,hard,Save $500 off rent! Applies to first full month's rent only. Minimum 10 month lease term required. *Select apartments,dollar_off,500.0,0.97,,3656.29,https://www.udr.com/boston-apartments/south-end/345-harrison/,2026-05-30,2026-08-02,,,,,Studio E1AJ,7,16
2026-08-02,UDR,345 Harrison,,Boston,UDR-345-harrison-0br-452sqft-830,0,1.0,452,3472.0,2026-09-25,14,True,hard,Save $500 off rent! Applies to first full month's rent only. Minimum 10 month lease term required. *Select apartments,dollar_off,500.0,1.03,,3436.29,https://www.udr.com/boston-apartments/south-end/345-harrison/,2026-07-19,2026-08-02,,,,,Studio E1C,8,16
2026-08-02,UDR,345 Harrison,,Boston,UDR-345-harrison-0br-464sqft-931,0,1.0,464,3332.0,2026-09-11,14,True,hard,Save $500 off rent! Applies to first full month's rent only. Minimum 10 month lease term required. *Select apartments,dollar_off,500.0,1.07,,3296.29,https://www.udr.com/boston-apartments/south-end/345-harrison/,2026-08-02,2026-08-02,,,,,Studio E1F,9,16
2026-08-02,UDR,345 Harrison,,Boston,UDR-345-harrison-0br-467sqft-1063,0,1.0,467,3484.0,2026-09-25,14,True,hard,Save $500 off rent! Applies to first full month's rent only. Minimum 10 month lease term required. *Select apartments,dollar_off,500.0,1.03,,3448.29,https://www.udr.com/boston-apartments/south-end/345-harrison/,2026-07-19,2026-08-02,,,,,Studio E1K,10,16
2026-08-02,UDR,345 Harrison,,Boston,UDR-345-harrison-0br-473sqft-627,0,1.0,473,3447.0,2026-09-18,14,True,hard,Save $500 off rent! Applies to first full month's rent only. Minimum 10 month lease term required. *Select apartments,dollar_off,500.0,1.04,,3411.29,https://www.udr.com/boston-apartments/south-end/345-harrison/,2026-07-19,2026-08-02,,,,,Studio E1M,6,16
2026-08-02,UDR,345 Harrison,,Boston,UDR-345-harrison-0br-474sqft-827,0,1.0,474,3573.0,2026-09-18,14,True,hard,Save $500 off rent! Applies to first full month's rent only. Minimum 10 month lease term required. *Select apartments,dollar_off,500.0,1.0,,3537.29,https://www.udr.com/boston-apartments/south-end/345-harrison/,2026-07-19,2026-08-02,,,,,Studio E1S,8,16
2026-08-02,UDR,345 Harrison,,Boston,UDR-345-harrison-0br-480sqft-1129,0,1.0,480,3572.0,2026-08-03,14,True,hard,Save $500 off rent! Applies to first full month's rent only. Minimum 10 month lease term required. *Select apartments,dollar_off,500.0,1.0,,3536.29,https://www.udr.com/boston-apartments/south-end/345-harrison/,2026-05-16,2026-08-02,,,,,Studio E1Z,11,16
2026-08-02,UDR,345 Harrison,,Boston,UDR-345-harrison-0br-480sqft-1229,0,1.0,480,3572.0,2026-09-11,14,True,hard,Save $500 off rent! Applies to first full month's rent only. Minimum 10 month lease term required. *Select apartments,dollar_off,500.0,1.0,,3536.29,https://www.udr.com/boston-apartments/south-end/345-harrison/,2026-06-13,2026-08-02,,,,,Studio E1Z,12,16
2026-08-02,UDR,345 Harrison,,Boston,UDR-345-harrison-2br-905sqft-517,2,2.0,905,7319.0,2026-09-25,14,True,hard,Save $500 off rent! Applies to first full month's rent only. Minimum 10 month lease term required. *Select apartments,dollar_off,500.0,0.49,,7283.29,https://www.udr.com/boston-apartments/south-end/345-harrison/,2026-08-02,2026-08-02,,,,,Two Bedroom B2A,5,16
2026-08-02,UDR,345 Harrison,,Boston,UDR-345-harrison-2br-1036sqft-1470,2,2.0,1036,7284.0,2026-08-13,14,True,hard,Save $500 off rent! Applies to first full month's rent only. Minimum 10 month lease term required. *Select apartments,dollar_off,500.0,0.49,,7248.29,https://www.udr.com/boston-apartments/south-end/345-harrison/,2026-07-19,2026-08-02,,,,,Two Bedroom B2X,14,16
2026-08-02,UDR,388 Beale,,San Francisco Bay Area,UDR-388-beale-1br-808sqft-1013,1,1.0,808,6193.0,2026-09-03,12,True,hard,Save 4 weeks off rent!,months_free,0.9231,7.69,7.69,5716.6,https://www.udr.com/san-francisco-bay-area-apartments/san-francisco/388-beale/,2026-06-08,2026-08-02,,,,,Plan A1B,10,37412
2026-08-02,UDR,388 Beale,,San Francisco Bay Area,UDR-388-beale-1br-808sqft-1206,1,1.0,808,6330.0,2026-08-03,13,True,hard,Save 4 weeks off rent!,months_free,0.9231,7.1,7.1,5880.52,https://www.udr.com/san-francisco-bay-area-apartments/san-francisco/388-beale/,2026-04-04,2026-08-02,,,,,Plan A1B,12,37412
2026-08-02,UDR,388 Beale,,San Francisco Bay Area,UDR-388-beale-1br-808sqft-1411,1,1.0,808,6749.0,2026-08-03,13,True,hard,Save 4 weeks off rent!,months_free,0.9231,7.1,7.1,6269.77,https://www.udr.com/san-francisco-bay-area-apartments/san-francisco/388-beale/,2026-04-04,2026-08-02,,,,,Plan A1B,14,37412
2026-08-02,UDR,388 Beale,,San Francisco Bay Area,UDR-388-beale-1br-825sqft-1516,1,1.0,825,6072.0,2026-08-06,13,True,hard,Save 4 weeks off rent!,months_free,0.9231,7.1,7.1,5640.84,https://www.udr.com/san-francisco-bay-area-apartments/san-francisco/388-beale/,2026-06-13,2026-08-02,,,,,Plan A1C,15,37412
2026-08-02,UDR,388 Beale,,San Francisco Bay Area,UDR-388-beale-1br-825sqft-701,1,1.0,825,6336.0,2026-09-19,12,True,hard,Save 4 weeks off rent!,months_free,0.9231,7.69,7.69,5848.6,https://www.udr.com/san-francisco-bay-area-apartments/san-francisco/388-beale/,2026-08-02,2026-08-02,,,,,Plan A1C,7,37412
2026-08-02,UDR,388 Beale,,San Francisco Bay Area,UDR-388-beale-1br-861sqft-1808,1,1.0,861,7194.0,2026-09-26,11,True,hard,Save 4 weeks off rent!,months_free,0.9231,8.39,8.39,6590.29,https://www.udr.com/san-francisco-bay-area-apartments/san-francisco/388-beale/,2026-08-02,2026-08-02,,,,,Plan A1F,18,37412
2026-08-02,UDR,388 Beale,,San Francisco Bay Area,UDR-388-beale-1br-951sqft-705,1,1.0,951,6480.0,2026-09-17,12,True,hard,Save 4 weeks off rent!,months_free,0.9231,7.69,7.69,5981.53,https://www.udr.com/san-francisco-bay-area-apartments/san-francisco/388-beale/,2026-06-08,2026-08-02,,,,,Plan A1G,7,37412
2026-08-02,UDR,388 Beale,,San Francisco Bay Area,UDR-388-beale-2br-1164sqft-1303,2,2.0,1164,7744.0,2026-08-20,12,True,hard,Save 4 weeks off rent!,months_free,0.9231,7.69,7.69,7148.29,https://www.udr.com/san-francisco-bay-area-apartments/san-francisco/388-beale/,2026-06-22,2026-08-02,,,,,Plan B2A,13,37412
2026-08-02,UDR,388 Beale,,San Francisco Bay Area,UDR-388-beale-2br-1211sqft-1415,2,2.0,1211,7408.0,2026-08-21,12,True,hard,Save 4 weeks off rent!,months_free,0.9231,7.69,7.69,6838.14,https://www.udr.com/san-francisco-bay-area-apartments/san-francisco/388-beale/,2026-06-22,2026-08-02,,,,,Plan B2B,14,37412
2026-08-02,UDR,388 Beale,,San Francisco Bay Area,UDR-388-beale-2br-1211sqft-1515,2,2.0,1211,7592.0,2026-08-04,13,True,hard,Save 4 weeks off rent!,months_free,0.9231,7.1,7.1,7052.91,https://www.udr.com/san-francisco-bay-area-apartments/san-francisco/388-beale/,2026-07-19,2026-08-02,,,,,Plan B2B,15,37412
2026-08-02,UDR,388 Beale,,San Francisco Bay Area,UDR-388-beale-2br-1214sqft-703,2,2.0,1214,7422.0,2026-10-03,12,True,hard,Save 4 weeks off rent!,months_free,0.9231,7.69,7.69,6851.06,https://www.udr.com/san-francisco-bay-area-apartments/san-francisco/388-beale/,2026-08-02,2026-08-02,,,,,Plan B2C,7,37412
2026-08-02,UDR,388 Beale,,San Francisco Bay Area,UDR-388-beale-2br-1286sqft-1709,2,2.0,1286,7748.0,2026-09-26,13,True,hard,Save 4 weeks off rent!,months_free,0.9231,7.1,7.1,7197.83,https://www.udr.com/san-francisco-bay-area-apartments/san-francisco/388-beale/,2026-08-02,2026-08-02,,,,,Plan B2G,17,37412
2026-08-02,UDR,399 Fremont,,San Francisco Bay Area,UDR-399-fremont-1br-671sqft-821,1,1.0,671,6012.0,2026-09-19,14,True,hard,Save 2 weeks off rent!,months_free,0.4616,3.3,3.3,5813.78,https://www.udr.com/san-francisco-bay-area-apartments/san-francisco/399-fremont/,2026-07-19,2026-08-02,,,,,A1A,8,51589
2026-08-02,UDR,399 Fremont,,San Francisco Bay Area,UDR-399-fremont-1br-739sqft-309,1,1.0,739,5680.0,2026-08-21,14,True,hard,Save 2 weeks off rent!,months_free,0.4616,3.3,3.3,5492.72,https://www.udr.com/san-francisco-bay-area-apartments/san-francisco/399-fremont/,2026-07-19,2026-08-02,,,,,A1B,3,51589
2026-08-02,UDR,399 Fremont,,San Francisco Bay Area,UDR-399-fremont-1br-739sqft-409,1,1.0,739,5670.0,2026-08-27,14,True,hard,Save 2 weeks off rent!,months_free,0.4616,3.3,3.3,5483.05,https://www.udr.com/san-francisco-bay-area-apartments/san-francisco/399-fremont/,2026-06-22,2026-08-02,,,,,A1B,4,51589
2026-08-02,UDR,399 Fremont,,San Francisco Bay Area,UDR-399-fremont-1br-739sqft-STE 3907,1,1.0,739,6420.0,2026-09-02,14,True,hard,Save 2 weeks off rent!,months_free,0.4616,3.3,3.3,6208.32,https://www.udr.com/san-francisco-bay-area-apartments/san-francisco/399-fremont/,2026-08-02,2026-08-02,,,,,A1B,39,51589
2026-08-02,UDR,399 Fremont,,San Francisco Bay Area,UDR-399-fremont-1br-790sqft-3210,1,1.0,790,6561.0,2026-10-10,13,True,hard,Save 2 weeks off rent!,months_free,0.4616,3.55,3.55,6328.03,https://www.udr.com/san-francisco-bay-area-apartments/san-francisco/399-fremont/,2026-08-02,2026-08-02,,,,,A1D,32,51589
2026-08-02,UDR,399 Fremont,,San Francisco Bay Area,UDR-399-fremont-2br-1504sqft-STE 3701,2,2.5,1504,9000.0,2026-08-16,12,True,hard,Save 2 weeks off rent!,months_free,0.4616,3.85,3.85,8653.8,https://www.udr.com/san-francisco-bay-area-apartments/san-francisco/399-fremont/,2026-08-02,2026-08-02,,,,,B2.5E,37,51589
2026-08-02,UDR,399 Fremont,,San Francisco Bay Area,UDR-399-fremont-2br-980sqft-1503,2,2.0,980,7612.0,2026-09-26,14,True,hard,Save 2 weeks off rent!,months_free,0.4616,3.3,3.3,7361.02,https://www.udr.com/san-francisco-bay-area-apartments/san-francisco/399-fremont/,2026-08-02,2026-08-02,,,,,B2A,15,51589
2026-08-02,UDR,399 Fremont,,San Francisco Bay Area,UDR-399-fremont-2br-980sqft-2503,2,2.0,980,8667.0,2026-09-25,14,True,hard,Save 2 weeks off rent!,months_free,0.4616,3.3,3.3,8381.24,https://www.udr.com/san-francisco-bay-area-apartments/san-francisco/399-fremont/,2026-07-19,2026-08-02,,,,,B2A,25,51589
2026-08-02,UDR,399 Fremont,,San Francisco Bay Area,UDR-399-fremont-2br-980sqft-2603,2,2.0,980,8642.0,2026-09-19,14,True,hard,Save 2 weeks off rent!,months_free,0.4616,3.3,3.3,8357.06,https://www.udr.com/san-francisco-bay-area-apartments/san-francisco/399-fremont/,2026-05-30,2026-08-02,,,,,B2A,26,51589
2026-08-02,UDR,399 Fremont,,San Francisco Bay Area,UDR-399-fremont-2br-980sqft-2703,2,2.0,980,8662.0,2026-10-16,13,True,hard,Save 2 weeks off rent!,months_free,0.4616,3.55,3.55,8354.43,https://www.udr.com/san-francisco-bay-area-apartments/san-francisco/399-fremont/,2026-08-02,2026-08-02,,,,,B2A,27,51589
2026-08-02,UDR,399 Fremont,,San Francisco Bay Area,UDR-399-fremont-2br-980sqft-2903,2,2.0,980,8257.0,2026-09-04,14,True,hard,Save 2 weeks off rent!,months_free,0.4616,3.3,3.3,7984.75,https://www.udr.com/san-francisco-bay-area-apartments/san-francisco/399-fremont/,2026-07-19,2026-08-02,,,,,B2A,29,51589
2026-08-02,UDR,399 Fremont,,San Francisco Bay Area,UDR-399-fremont-2br-980sqft-403,2,2.0,980,7197.0,2026-08-06,12,True,hard,Save 2 weeks off rent!,months_free,0.4616,3.85,3.85,6920.16,https://www.udr.com/san-francisco-bay-area-apartments/san-francisco/399-fremont/,2026-05-03,2026-08-02,,,,,B2A,4,51589
2026-08-02,UDR,399 Fremont,,San Francisco Bay Area,UDR-399-fremont-2br-980sqft-STE 3303,2,2.0,980,8702.0,2026-08-20,13,True,hard,Save 2 weeks off rent!,months_free,0.4616,3.55,3.55,8393.01,https://www.udr.com/san-francisco-bay-area-apartments/san-francisco/399-fremont/,2026-07-19,2026-08-02,,,,,B2A,33,51589
2026-08-02,UDR,399 Fremont,,San Francisco Bay Area,UDR-399-fremont-2br-980sqft-STE 3603,2,2.0,980,8667.0,2026-08-14,12,True,hard,Save 2 weeks off rent!,months_free,0.4616,3.85,3.85,8333.61,https://www.udr.com/san-francisco-bay-area-apartments/san-francisco/399-fremont/,2026-08-02,2026-08-02,,,,,B2A,36,51589
2026-08-02,UDR,399 Fremont,,San Francisco Bay Area,UDR-399-fremont-2br-1008sqft-1804,2,2.0,1008,7730.0,2026-09-12,14,True,hard,Save 2 weeks off rent!,months_free,0.4616,3.3,3.3,7475.13,https://www.udr.com/san-francisco-bay-area-apartments/san-francisco/399-fremont/,2026-07-19,2026-08-02,,,,,B2B,18,51589
2026-08-02,UDR,399 Fremont,,San Francisco Bay Area,UDR-399-fremont-2br-1023sqft-2202,2,2.0,1023,8365.0,2026-08-20,13,True,hard,Save 2 weeks off rent!,months_free,0.4616,3.55,3.55,8067.98,https://www.udr.com/san-francisco-bay-area-apartments/san-francisco/399-fremont/,2026-07-19,2026-08-02,,,,,B2C,22,51589
2026-08-02,UDR,399 Fremont,,San Francisco Bay Area,UDR-399-fremont-2br-1023sqft-302,2,2.0,1023,7780.0,2026-08-03,12,True,hard,Save 2 weeks off rent!,months_free,0.4616,3.85,3.85,7480.73,https://www.udr.com/san-francisco-bay-area-apartments/san-francisco/399-fremont/,2026-04-04,2026-08-02,,,,,B2C,3,51589
2026-08-02,UDR,399 Fremont,,San Francisco Bay Area,UDR-399-fremont-2br-1023sqft-1802,2,2.0,1023,8355.0,2026-09-19,14,True,hard,Save 2 weeks off rent!,months_free,0.4616,3.3,3.3,8079.52,https://www.udr.com/san-francisco-bay-area-apartments/san-francisco/399-fremont/,2026-07-19,2026-08-02,,,,,B2C,18,51589
2026-08-02,UDR,399 Fremont,,San Francisco Bay Area,UDR-399-fremont-2br-1075sqft-1201,2,2.0,1075,7867.0,2026-09-05,14,True,hard,Save 2 weeks off rent!,months_free,0.4616,3.3,3.3,7607.61,https://www.udr.com/san-francisco-bay-area-apartments/san-francisco/399-fremont/,2026-07-19,2026-08-02,,,,,B2D,12,51589
2026-08-02,UDR,399 Fremont,,San Francisco Bay Area,UDR-399-fremont-2br-1075sqft-1501,2,2.0,1075,7947.0,2026-08-13,12,True,hard,Save 2 weeks off rent!,months_free,0.4616,3.85,3.85,7641.31,https://www.udr.com/san-francisco-bay-area-apartments/san-francisco/399-fremont/,2026-06-22,2026-08-02,,,,,B2D,15,51589
2026-08-02,UDR,399 Fremont,,San Francisco Bay Area,UDR-399-fremont-2br-1075sqft-2601,2,2.0,1075,8437.0,2026-08-03,12,True,hard,Save 2 weeks off rent!,months_free,0.4616,3.85,3.85,8112.46,https://www.udr.com/san-francisco-bay-area-apartments/san-francisco/399-fremont/,2026-05-03,2026-08-02,,,,,B2D,26,51589
2026-08-02,UDR,399 Fremont,,San Francisco Bay Area,UDR-399-fremont-2br-1075sqft-3001,2,2.0,1075,8457.0,2026-09-12,14,True,hard,Save 2 weeks off rent!,months_free,0.4616,3.3,3.3,8178.16,https://www.udr.com/san-francisco-bay-area-apartments/san-francisco/399-fremont/,2026-07-19,2026-08-02,,,,,B2D,30,51589
2026-08-02,UDR,399 Fremont,,San Francisco Bay Area,UDR-399-fremont-2br-1076sqft-STE 3805,2,2.0,1076,8258.0,2026-08-08,12,True,hard,Save 2 weeks off rent!,months_free,0.4616,3.85,3.85,7940.34,https://www.udr.com/san-francisco-bay-area-apartments/san-francisco/399-fremont/,2026-06-08,2026-08-02,,,,,B2E,38,51589
2026-08-02,UDR,399 Fremont,,San Francisco Bay Area,UDR-399-fremont-2br-1230sqft-STE 3806,2,2.0,1230,8700.0,2026-08-03,12,True,hard,Save 2 weeks off rent!,months_free,0.4616,3.85,3.85,8365.34,https://www.udr.com/san-francisco-bay-area-apartments/san-francisco/399-fremont/,2026-04-04,2026-08-02,,,,,B2G,38,51589
2026-08-02,UDR,399 Fremont,,San Francisco Bay Area,UDR-399-fremont-2br-1230sqft-STE 3906,2,2.0,1230,8860.0,2026-08-03,12,True,hard,Save 2 weeks off rent!,months_free,0.4616,3.85,3.85,8519.19,https://www.udr.com/san-francisco-bay-area-apartments/san-francisco/399-fremont/,2026-05-03,2026-08-02,,,,,B2G,39,51589
2026-08-02,UDR,399 Fremont,,San Francisco Bay Area,UDR-399-fremont-2br-1365sqft-904,2,2.0,1365,7897.0,2026-09-05,14,True,hard,Save 2 weeks off rent!,months_free,0.4616,3.3,3.3,7636.62,https://www.udr.com/san-francisco-bay-area-apartments/san-francisco/399-fremont/,2026-07-19,2026-08-02,,,,,B2I,9,51589
2026-08-02,UDR,399 Fremont,,San Francisco Bay Area,UDR-399-fremont-0br-420sqft-1011,0,1.0,420,4482.0,2026-09-17,12,True,hard,Save 2 weeks off rent!,months_free,0.4616,3.85,3.85,4309.59,https://www.udr.com/san-francisco-bay-area-apartments/san-francisco/399-fremont/,2026-07-19,2026-08-02,,,,,E1A,10,51589
2026-08-02,UDR,399 Fremont,,San Francisco Bay Area,UDR-399-fremont-0br-420sqft-2211,0,1.0,420,4538.0,2026-08-29,14,True,hard,Save 2 weeks off rent!,months_free,0.4616,3.3,3.3,4388.38,https://www.udr.com/san-francisco-bay-area-apartments/san-francisco/399-fremont/,2026-07-19,2026-08-02,,,,,E1A,22,51589
2026-08-02,UDR,399 Fremont,,San Francisco Bay Area,UDR-399-fremont-0br-420sqft-3111,0,1.0,420,4572.0,2026-08-27,12,True,hard,Save 2 weeks off rent!,months_free,0.4616,3.85,3.85,4396.13,https://www.udr.com/san-francisco-bay-area-apartments/san-francisco/399-fremont/,2026-07-19,2026-08-02,,,,,E1A,31,51589
2026-08-02,UDR,399 Fremont,,San Francisco Bay Area,UDR-399-fremont-0br-420sqft-3211,0,1.0,420,4577.0,2026-09-10,12,True,hard,Save 2 weeks off rent!,months_free,0.4616,3.85,3.85,4400.94,https://www.udr.com/san-francisco-bay-area-apartments/san-francisco/399-fremont/,2026-07-19,2026-08-02,,,,,E1A,32,51589
2026-08-02,UDR,399 Fremont,,San Francisco Bay Area,UDR-399-fremont-0br-450sqft-223,0,1.0,450,4282.0,2026-08-03,14,True,hard,Save 2 weeks off rent!,months_free,0.4616,3.3,3.3,4140.82,https://www.udr.com/san-francisco-bay-area-apartments/san-francisco/399-fremont/,2026-05-09,2026-08-02,,,,,E1B,2,51589
2026-08-02,UDR,399 Fremont,,San Francisco Bay Area,UDR-399-fremont-0br-450sqft-225,0,1.0,450,4182.0,2026-08-05,14,True,hard,Save 2 weeks off rent!,months_free,0.4616,3.3,3.3,4044.11,https://www.udr.com/san-francisco-bay-area-apartments/san-francisco/399-fremont/,2026-06-08,2026-08-02,,,,,E1B,2,51589
2026-08-02,UDR,399 Fremont,,San Francisco Bay Area,UDR-399-fremont-0br-450sqft-321,0,1.0,450,4272.0,2026-09-12,12,True,hard,Save 2 weeks off rent!,months_free,0.4616,3.85,3.85,4107.67,https://www.udr.com/san-francisco-bay-area-apartments/san-francisco/399-fremont/,2026-07-19,2026-08-02,,,,,E1B,3,51589
2026-08-02,UDR,399 Fremont,,San Francisco Bay Area,UDR-399-fremont-0br-450sqft-322,0,1.0,450,4272.0,2026-08-03,14,True,hard,Save 2 weeks off rent!,months_free,0.4616,3.3,3.3,4131.15,https://www.udr.com/san-francisco-bay-area-apartments/san-francisco/399-fremont/,2026-06-22,2026-08-02,,,,,E1B,3,51589
2026-08-02,UDR,399 Fremont,,San Francisco Bay Area,UDR-399-fremont-0br-450sqft-324,0,1.0,450,4182.0,2026-08-13,14,True,hard,Save 2 weeks off rent!,months_free,0.4616,3.3,3.3,4044.11,https://www.udr.com/san-francisco-bay-area-apartments/san-francisco/399-fremont/,2026-07-19,2026-08-02,,,,,E1B,3,51589
2026-08-02,UDR,399 Fremont,,San Francisco Bay Area,UDR-399-fremont-0br-450sqft-421,0,1.0,450,4422.0,2026-08-26,12,True,hard,Save 2 weeks off rent!,months_free,0.4616,3.85,3.85,4251.9,https://www.udr.com/san-francisco-bay-area-apartments/san-francisco/399-fremont/,2026-04-04,2026-08-02,,,,,E1B,4,51589
2026-08-02,UDR,399 Fremont,,San Francisco Bay Area,UDR-399-fremont-0br-450sqft-520,0,1.0,450,4407.0,2026-08-03,14,True,hard,Save 2 weeks off rent!,months_free,0.4616,3.3,3.3,4261.69,https://www.udr.com/san-francisco-bay-area-apartments/san-francisco/399-fremont/,2026-05-09,2026-08-02,,,,,E1B,5,51589
2026-08-02,UDR,399 Fremont,,San Francisco Bay Area,UDR-399-fremont-0br-450sqft-524,0,1.0,450,4307.0,2026-08-03,14,True,hard,Save 2 weeks off rent!,months_free,0.4616,3.3,3.3,4164.99,https://www.udr.com/san-francisco-bay-area-apartments/san-francisco/399-fremont/,2026-05-16,2026-08-02,,,,,E1B,5,51589
2026-08-02,UDR,399 Fremont,,San Francisco Bay Area,UDR-399-fremont-0br-450sqft-621,0,1.0,450,4347.0,2026-08-03,14,True,hard,Save 2 weeks off rent!,months_free,0.4616,3.3,3.3,4203.67,https://www.udr.com/san-francisco-bay-area-apartments/san-francisco/399-fremont/,2026-04-12,2026-08-02,,,,,E1B,6,51589
2026-08-02,UDR,399 Fremont,,San Francisco Bay Area,UDR-399-fremont-0br-475sqft-2305,0,1.0,475,4687.0,2026-08-19,14,True,hard,Save 2 weeks off rent!,months_free,0.4616,3.3,3.3,4532.46,https://www.udr.com/san-francisco-bay-area-apartments/san-francisco/399-fremont/,2026-05-30,2026-08-02,,,,,E1C,23,51589
2026-08-02,UDR,399 Fremont,,San Francisco Bay Area,UDR-399-fremont-0br-475sqft-2405,0,1.0,475,4692.0,2026-08-03,14,True,hard,Save 2 weeks off rent!,months_free,0.4616,3.3,3.3,4537.3,https://www.udr.com/san-francisco-bay-area-apartments/san-francisco/399-fremont/,2026-04-04,2026-08-02,,,,,E1C,24,51589
2026-08-02,UDR,399 Fremont,,San Francisco Bay Area,UDR-399-fremont-0br-475sqft-2705,0,1.0,475,4782.0,2026-08-03,14,True,hard,Save 2 weeks off rent!,months_free,0.4616,3.3,3.3,4624.33,https://www.udr.com/san-francisco-bay-area-apartments/san-francisco/399-fremont/,2026-04-04,2026-08-02,,,,,E1C,27,51589
2026-08-02,UDR,399 Fremont,,San Francisco Bay Area,UDR-399-fremont-0br-475sqft-3005,0,1.0,475,4722.0,2026-08-03,14,True,hard,Save 2 weeks off rent!,months_free,0.4616,3.3,3.3,4566.31,https://www.udr.com/san-francisco-bay-area-apartments/san-francisco/399-fremont/,2026-04-04,2026-08-02,,,,,E1C,30,51589
2026-08-02,UDR,399 Fremont,,San Francisco Bay Area,UDR-399-fremont-0br-503sqft-1608,0,1.0,503,4610.0,2026-09-19,12,True,hard,Save 2 weeks off rent!,months_free,0.4616,3.85,3.85,4432.67,https://www.udr.com/san-francisco-bay-area-apartments/san-francisco/399-fremont/,2026-08-02,2026-08-02,,,,,E1D,16,51589
2026-08-02,UDR,399 Fremont,,San Francisco Bay Area,UDR-399-fremont-0br-503sqft-408,0,1.0,503,4560.0,2026-09-26,13,True,hard,Save 2 weeks off rent!,months_free,0.4616,3.55,3.55,4398.08,https://www.udr.com/san-francisco-bay-area-apartments/san-francisco/399-fremont/,2026-08-02,2026-08-02,,,,,E1D,4,51589
2026-08-02,UDR,399 Fremont,,San Francisco Bay Area,UDR-399-fremont-0br-503sqft-508,0,1.0,503,4460.0,2026-08-03,14,True,hard,Save 2 weeks off rent!,months_free,0.4616,3.3,3.3,4312.95,https://www.udr.com/san-francisco-bay-area-apartments/san-francisco/399-fremont/,2026-05-25,2026-08-02,,,,,E1D,5,51589
2026-08-02,UDR,399 Fremont,,San Francisco Bay Area,UDR-399-fremont-0br-668sqft-1106,0,1.0,668,4707.0,2026-09-17,12,True,hard,Save 2 weeks off rent!,months_free,0.4616,3.85,3.85,4525.94,https://www.udr.com/san-francisco-bay-area-apartments/san-francisco/399-fremont/,2026-08-02,2026-08-02,,,,,E1E,11,51589
2026-08-02,UDR,399 Fremont,,San Francisco Bay Area,UDR-399-fremont-0br-668sqft-2006,0,1.0,668,4822.0,2026-09-12,12,True,hard,Save 2 weeks off rent!,months_free,0.4616,3.85,3.85,4636.51,https://www.udr.com/san-francisco-bay-area-apartments/san-francisco/399-fremont/,2026-07-19,2026-08-02,,,,,E1E,20,51589
2026-08-02,UDR,399 Fremont,,San Francisco Bay Area,UDR-399-fremont-0br-668sqft-2606,0,1.0,668,4852.0,2026-08-15,14,True,hard,Save 2 weeks off rent!,months_free,0.4616,3.3,3.3,4692.02,https://www.udr.com/san-francisco-bay-area-apartments/san-francisco/399-fremont/,2026-08-02,2026-08-02,,,,,E1E,26,51589
2026-08-02,UDR,399 Fremont,,San Francisco Bay Area,UDR-399-fremont-0br-673sqft-1107,0,1.0,673,5127.0,2026-10-08,12,True,hard,Save 2 weeks off rent!,months_free,0.4616,3.85,3.85,4929.78,https://www.udr.com/san-francisco-bay-area-apartments/san-francisco/399-fremont/,2026-08-02,2026-08-02,,,,,E1F,11,51589
2026-08-02,UDR,399 Fremont,,San Francisco Bay Area,UDR-399-fremont-0br-673sqft-2807,0,1.0,673,5392.0,2026-08-03,14,True,hard,Save 2 weeks off rent!,months_free,0.4616,3.3,3.3,5214.22,https://www.udr.com/san-francisco-bay-area-apartments/san-francisco/399-fremont/,2026-04-04,2026-08-02,,,,,E1F,28,51589
2026-08-02,UDR,5421 at Dublin Station,,San Francisco Bay Area,UDR-5421-at-dublin-station-1br-777sqft-317,1,1.0,777,3363.0,2026-09-22,15,True,soft,"Internet free from data caps, hidden fees, or taxes",,,,,,https://www.udr.com/san-francisco-bay-area-apartments/dublin/5421-at-dublin-station/,2026-08-02,2026-08-02,,,,,One Bedroom A1K,3,401192059
2026-08-02,UDR,5421 at Dublin Station,,San Francisco Bay Area,UDR-5421-at-dublin-station-1br-795sqft-401,1,1.0,795,3267.0,2026-09-02,13,True,soft,"Internet free from data caps, hidden fees, or taxes",,,,,,https://www.udr.com/san-francisco-bay-area-apartments/dublin/5421-at-dublin-station/,2026-04-19,2026-08-02,,,,,One Bedroom A1P,4,401192059
2026-08-02,UDR,5421 at Dublin Station,,San Francisco Bay Area,UDR-5421-at-dublin-station-1br-795sqft-415,1,1.0,795,3219.0,2026-08-22,12,True,soft,"Internet free from data caps, hidden fees, or taxes",,,,,,https://www.udr.com/san-francisco-bay-area-apartments/dublin/5421-at-dublin-station/,2026-06-22,2026-08-02,,,,,One Bedroom A1P,4,401192059
2026-08-02,UDR,5421 at Dublin Station,,San Francisco Bay Area,UDR-5421-at-dublin-station-1br-795sqft-446,1,1.0,795,3250.0,2026-09-19,15,True,soft,"Internet free from data caps, hidden fees, or taxes",,,,,,https://www.udr.com/san-francisco-bay-area-apartments/dublin/5421-at-dublin-station/,2026-08-02,2026-08-02,,,,,One Bedroom A1P,4,401192059
2026-08-02,UDR,5421 at Dublin Station,,San Francisco Bay Area,UDR-5421-at-dublin-station-1br-795sqft-535,1,1.0,795,3362.0,2026-10-29,15,True,soft,"Internet free from data caps, hidden fees, or taxes",,,,,,https://www.udr.com/san-francisco-bay-area-apartments/dublin/5421-at-dublin-station/,2026-05-09,2026-08-02,,,,,One Bedroom A1P,5,401192059
2026-08-02,UDR,5421 at Dublin Station,,San Francisco Bay Area,UDR-5421-at-dublin-station-0br-635sqft-431,0,1.0,635,2547.0,2026-08-06,14,True,soft,"Internet free from data caps, hidden fees, or taxes",,,,,,https://www.udr.com/san-francisco-bay-area-apartments/dublin/5421-at-dublin-station/,2026-08-02,2026-08-02,,,,,Studio E1A,4,401192059
2026-08-02,UDR,5421 at Dublin Station,,San Francisco Bay Area,UDR-5421-at-dublin-station-0br-635sqft-726,0,1.0,635,2804.0,2026-10-02,15,True,soft,"Internet free from data caps, hidden fees, or taxes",,,,,,https://www.udr.com/san-francisco-bay-area-apartments/dublin/5421-at-dublin-station/,2026-08-02,2026-08-02,,,,,Studio E1A,7,401192059
2026-08-02,UDR,5421 at Dublin Station,,San Francisco Bay Area,UDR-5421-at-dublin-station-2br-1085sqft-511,2,2.0,1085,3810.0,2026-08-03,13,True,soft,"Internet free from data caps, hidden fees, or taxes",,,,,,https://www.udr.com/san-francisco-bay-area-apartments/dublin/5421-at-dublin-station/,2026-04-04,2026-08-02,,,,,Two Bedroom B2F,5,401192059
2026-08-02,UDR,5421 at Dublin Station,,San Francisco Bay Area,UDR-5421-at-dublin-station-2br-1111sqft-422,2,2.0,1111,4067.0,2026-09-26,13,True,soft,"Internet free from data caps, hidden fees, or taxes",,,,,,https://www.udr.com/san-francisco-bay-area-apartments/dublin/5421-at-dublin-station/,2026-08-02,2026-08-02,,,,,Two Bedroom B2H,4,401192059
2026-08-02,UDR,5421 at Dublin Station,,San Francisco Bay Area,UDR-5421-at-dublin-station-2br-1115sqft-349,2,2.0,1115,4128.0,2026-08-12,12,True,soft,"Internet free from data caps, hidden fees, or taxes",,,,,,https://www.udr.com/san-francisco-bay-area-apartments/dublin/5421-at-dublin-station/,2026-07-19,2026-08-02,,,,,Two Bedroom B2I,3,401192059
2026-08-02,UDR,5421 at Dublin Station,,San Francisco Bay Area,UDR-5421-at-dublin-station-2br-1115sqft-405,2,2.0,1115,4103.0,2026-08-25,13,True,soft,"Internet free from data caps, hidden fees, or taxes",,,,,,https://www.udr.com/san-francisco-bay-area-apartments/dublin/5421-at-dublin-station/,2026-06-08,2026-08-02,,,,,Two Bedroom B2I,4,401192059
2026-08-02,UDR,95 Wall,,New York,UDR-95-wall-0br-453sqft-602,0,1.0,453,3883.0,2026-08-06,13,True,hard,Save $2400 off rent!,dollar_off,2400.0,4.75,,3698.38,https://www.udr.com/new-york-city-apartments/lower-manhattan/95-wall/,2026-06-22,2026-08-02,,,,,Studio E1C,6,40158
2026-08-02,UDR,95 Wall,,New York,UDR-95-wall-0br-454sqft-2303,0,1.0,454,3974.0,2026-09-01,13,True,hard,Save $2400 off rent!,dollar_off,2400.0,4.65,,3789.38,https://www.udr.com/new-york-city-apartments/lower-manhattan/95-wall/,2026-07-19,2026-08-02,,,,,Studio E1D,23,40158
2026-08-02,UDR,95 Wall,,New York,UDR-95-wall-0br-467sqft-2001,0,1.0,467,3894.0,2026-09-23,12,True,hard,Save $2400 off rent!,dollar_off,2400.0,5.14,,3694.0,https://www.udr.com/new-york-city-apartments/lower-manhattan/95-wall/,2026-07-19,2026-08-02,,,,,Studio E1G,20,40158
2026-08-02,UDR,95 Wall,,New York,UDR-95-wall-0br-467sqft-2301,0,1.0,467,4096.0,2026-08-27,13,True,hard,Save $2400 off rent!,dollar_off,2400.0,4.51,,3911.38,https://www.udr.com/new-york-city-apartments/lower-manhattan/95-wall/,2026-06-22,2026-08-02,,,,,Studio E1G,23,40158
2026-08-02,UDR,95 Wall,,New York,UDR-95-wall-0br-470sqft-2120,0,1.0,470,4028.0,2026-09-02,12,True,hard,Save $2400 off rent!,dollar_off,2400.0,4.97,,3828.0,https://www.udr.com/new-york-city-apartments/lower-manhattan/95-wall/,2026-04-04,2026-08-02,,,,,Studio E1H,21,40158
2026-08-02,UDR,95 Wall,,New York,UDR-95-wall-1br-678sqft-812,1,1.0,678,5639.0,2026-09-29,12,True,hard,Save $2400 off rent!,dollar_off,2400.0,3.55,,5439.0,https://www.udr.com/new-york-city-apartments/lower-manhattan/95-wall/,2026-07-19,2026-08-02,,,,,One Bedroom A1B,8,40158
2026-08-02,UDR,95 Wall,,New York,UDR-95-wall-1br-818sqft-1023,1,1.0,818,5571.0,2026-10-02,13,True,hard,Save $2400 off rent!,dollar_off,2400.0,3.31,,5386.38,https://www.udr.com/new-york-city-apartments/lower-manhattan/95-wall/,2026-08-02,2026-08-02,,,,,One Bedroom A1D,10,40158
2026-08-02,UDR,95 Wall,,New York,UDR-95-wall-0br-475sqft-317,0,1.0,475,3924.0,2026-08-28,13,True,hard,Save $2400 off rent!,dollar_off,2400.0,4.7,,3739.38,https://www.udr.com/new-york-city-apartments/lower-manhattan/95-wall/,2026-05-23,2026-08-02,,,,,Studio E1K,3,40158
2026-08-02,UDR,95 Wall,,New York,UDR-95-wall-0br-475sqft-917,0,1.0,475,4059.0,2026-10-02,12,True,hard,Save $2400 off rent!,dollar_off,2400.0,4.93,,3859.0,https://www.udr.com/new-york-city-apartments/lower-manhattan/95-wall/,2026-08-02,2026-08-02,,,,,Studio E1K,9,40158
2026-08-02,UDR,95 Wall,,New York,UDR-95-wall-0br-487sqft-316,0,1.0,487,3979.0,2026-08-26,13,True,hard,Save $2400 off rent!,dollar_off,2400.0,4.64,,3794.38,https://www.udr.com/new-york-city-apartments/lower-manhattan/95-wall/,2026-06-08,2026-08-02,,,,,Studio E1P,3,40158
2026-08-02,UDR,95 Wall,,New York,UDR-95-wall-0br-487sqft-916,0,1.0,487,4074.0,2026-09-22,12,True,hard,Save $2400 off rent!,dollar_off,2400.0,4.91,,3874.0,https://www.udr.com/new-york-city-apartments/lower-manhattan/95-wall/,2026-07-19,2026-08-02,,,,,Studio E1P,9,40158
2026-08-02,UDR,95 Wall,,New York,UDR-95-wall-0br-556sqft-1823,0,1.0,556,4424.0,2026-08-04,12,True,hard,Save $2400 off rent!,dollar_off,2400.0,4.52,,4224.0,https://www.udr.com/new-york-city-apartments/lower-manhattan/95-wall/,2026-07-19,2026-08-02,,,,,Studio E1W,18,40158
2026-08-02,UDR,95 Wall,,New York,UDR-95-wall-0br-557sqft-821,0,1.0,557,4347.0,2026-09-10,12,True,hard,Save $2400 off rent!,dollar_off,2400.0,4.6,,4147.0,https://www.udr.com/new-york-city-apartments/lower-manhattan/95-wall/,2026-07-19,2026-08-02,,,,,Studio E1X,8,40158
2026-08-02,UDR,95 Wall,,New York,UDR-95-wall-0br-575sqft-2008,0,1.0,575,4417.0,2026-08-07,13,True,hard,Save $2400 off rent!,dollar_off,2400.0,4.18,,4232.38,https://www.udr.com/new-york-city-apartments/lower-manhattan/95-wall/,2026-08-02,2026-08-02,,,,,Studio E1Y,20,40158
2026-08-02,UDR,95 Wall,,New York,UDR-95-wall-0br-575sqft-2208,0,1.0,575,4456.0,2026-08-03,13,True,hard,Save $2400 off rent!,dollar_off,2400.0,4.14,,4271.38,https://www.udr.com/new-york-city-apartments/lower-manhattan/95-wall/,2026-04-12,2026-08-02,,,,,Studio E1Y,22,40158
2026-08-02,UDR,95 Wall,,New York,UDR-95-wall-0br-582sqft-2209,0,1.0,582,4431.0,2026-08-03,13,True,hard,Save $2400 off rent!,dollar_off,2400.0,4.17,,4246.38,https://www.udr.com/new-york-city-apartments/lower-manhattan/95-wall/,2026-05-16,2026-08-02,,,,,Studio E1YB,22,40158
2026-08-02,UDR,95 Wall,,New York,UDR-95-wall-0br-591sqft-208,0,1.0,591,4784.0,2026-10-02,13,True,hard,Save $2400 off rent!,dollar_off,2400.0,3.86,,4599.38,https://www.udr.com/new-york-city-apartments/lower-manhattan/95-wall/,2026-06-22,2026-08-02,,,,,Studio E1YD,2,40158
2026-08-02,UDR,95 Wall,,New York,UDR-95-wall-0br-591sqft-308,0,1.0,591,4534.0,2026-08-29,13,True,hard,Save $2400 off rent!,dollar_off,2400.0,4.07,,4349.38,https://www.udr.com/new-york-city-apartments/lower-manhattan/95-wall/,2026-07-19,2026-08-02,,,,,Studio E1YD,3,40158
2026-08-02,UDR,95 Wall,,New York,UDR-95-wall-0br-618sqft-1409,0,1.0,618,4619.0,2026-09-04,12,True,hard,Save $2400 off rent!,dollar_off,2400.0,4.33,,4419.0,https://www.udr.com/new-york-city-apartments/lower-manhattan/95-wall/,2026-06-22,2026-08-02,,,,,Studio E1YG,14,40158
2026-08-02,UDR,95 Wall,,New York,UDR-95-wall-0br-675sqft-313,0,1.0,675,4652.0,2026-09-05,12,True,hard,Save $2400 off rent!,dollar_off,2400.0,4.3,,4452.0,https://www.udr.com/new-york-city-apartments/lower-manhattan/95-wall/,2026-08-02,2026-08-02,,,,,Studio E1YJ,3,40158
2026-08-02,UDR,95 Wall,,New York,UDR-95-wall-0br-675sqft-713,0,1.0,675,4528.0,2026-09-25,13,True,hard,Save $2400 off rent!,dollar_off,2400.0,4.08,,4343.38,https://www.udr.com/new-york-city-apartments/lower-manhattan/95-wall/,2026-08-02,2026-08-02,,,,,Studio E1YJ,7,40158
2026-08-02,UDR,95 Wall,,New York,UDR-95-wall-0br-694sqft-314,0,1.0,694,5055.0,2026-09-25,13,True,hard,Save $2400 off rent!,dollar_off,2400.0,3.65,,4870.38,https://www.udr.com/new-york-city-apartments/lower-manhattan/95-wall/,2026-08-02,2026-08-02,,,,,Studio E1YM,3,40158
2026-08-02,UDR,95 Wall,,New York,UDR-95-wall-0br-818sqft-604,0,1.0,818,4763.0,2026-09-11,12,True,hard,Save $2400 off rent!,dollar_off,2400.0,4.2,,4563.0,https://www.udr.com/new-york-city-apartments/lower-manhattan/95-wall/,2026-08-02,2026-08-02,,,,,Studio E1YU,6,40158
2026-08-02,UDR,95 Wall,,New York,UDR-95-wall-0br-826sqft-1913,0,1.0,826,5056.0,2026-10-01,13,True,hard,Save $2400 off rent!,dollar_off,2400.0,3.65,,4871.38,https://www.udr.com/new-york-city-apartments/lower-manhattan/95-wall/,2026-08-02,2026-08-02,,,,,Studio E1YX,19,40158
2026-08-02,UDR,95 Wall,,New York,UDR-95-wall-0br-576sqft-510,0,1.0,576,4684.0,2026-10-27,12,True,hard,Save $2400 off rent!,dollar_off,2400.0,4.27,,4484.0,https://www.udr.com/new-york-city-apartments/lower-manhattan/95-wall/,2026-08-02,2026-08-02,,,,,Studio E1Z,5,40158
2026-08-02,UDR,95 Wall,,New York,UDR-95-wall-0br-576sqft-910,0,1.0,576,4559.0,2026-09-18,12,True,hard,Save $2400 off rent!,dollar_off,2400.0,4.39,,4359.0,https://www.udr.com/new-york-city-apartments/lower-manhattan/95-wall/,2026-08-02,2026-08-02,,,,,Studio E1Z,9,40158
2026-08-02,UDR,95 Wall,,New York,UDR-95-wall-0br-943sqft-1925,0,1.0,943,4868.0,2026-10-01,13,True,hard,Save $2400 off rent!,dollar_off,2400.0,3.79,,4683.38,https://www.udr.com/new-york-city-apartments/lower-manhattan/95-wall/,2026-06-13,2026-08-02,,,,,Studio E1ZB,19,40158
2026-08-02,UDR,95 Wall,,New York,UDR-95-wall-2br-1022sqft-2022,2,2.0,1022,8108.0,2026-09-25,12,True,hard,Save $2400 off rent!,dollar_off,2400.0,2.47,,7908.0,https://www.udr.com/new-york-city-apartments/lower-manhattan/95-wall/,2026-08-02,2026-08-02,,,,,Two Bedroom B2A,20,40158
2026-08-02,UDR,95 Wall,,New York,UDR-95-wall-2br-1079sqft-607,2,2.0,1079,8108.0,2026-10-01,12,True,hard,Save $2400 off rent!,dollar_off,2400.0,2.47,,7908.0,https://www.udr.com/new-york-city-apartments/lower-manhattan/95-wall/,2026-08-02,2026-08-02,,,,,Two Bedroom B2B,6,40158
2026-08-02,UDR,95 Wall,,New York,UDR-95-wall-1br-947sqft-522,1,1.0,947,6894.0,2026-09-29,12,True,hard,Save $2400 off rent!,dollar_off,2400.0,2.9,,6694.0,https://www.udr.com/new-york-city-apartments/lower-manhattan/95-wall/,2026-08-02,2026-08-02,,,,,One Bedroom  A1G,5,40158
2026-08-02,UDR,95 Wall,,New York,UDR-95-wall-0br-825sqft-924,0,1.0,825,4783.0,2026-08-13,13,True,hard,Save $2400 off rent!,dollar_off,2400.0,3.86,,4598.38,https://www.udr.com/new-york-city-apartments/lower-manhattan/95-wall/,2026-08-02,2026-08-02,,,,,Studio E1YW,9,40158
2026-08-02,UDR,Addison Apartments at the Park,,Dallas,UDR-addison-apartments-at-the-park-1br-885sqft-131,1,1.5,885,1390.0,2026-08-08,12,True,hard,Save $250 off rent! Applies to first full month's rent only. Move in by 08/10/2026. Minimum 12 month lease term required. *Select apartments,dollar_off,250.0,1.5,,1369.17,https://www.udr.com/dallas-apartments/addison/addison-apartments-at-the-park/,2026-04-04,2026-08-02,,,,,One Bedroom A1.5RW,1,51715
2026-08-02,UDR,Addison Apartments at the Park,,Dallas,UDR-addison-apartments-at-the-park-1br-885sqft-184,1,1.5,885,1347.0,2026-08-03,12,True,hard,Save $250 off rent! Applies to first full month's rent only. Move in by 08/10/2026. Minimum 12 month lease term required. *Select apartments,dollar_off,250.0,1.55,,1326.17,https://www.udr.com/dallas-apartments/addison/addison-apartments-at-the-park/,2026-05-09,2026-08-02,,,,,One Bedroom A1.5RW,1,51715
2026-08-02,UDR,Addison Apartments at the Park,,Dallas,UDR-addison-apartments-at-the-park-1br-885sqft-187,1,1.5,885,1423.0,2026-10-06,12,True,hard,Save $250 off rent! Applies to first full month's rent only. Move in by 08/10/2026. Minimum 12 month lease term required. *Select apartments,dollar_off,250.0,1.46,,1402.17,https://www.udr.com/dallas-apartments/addison/addison-apartments-at-the-park/,2026-07-19,2026-08-02,,,,,One Bedroom A1.5RW,1,51715
2026-08-02,UDR,Addison Apartments at the Park,,Dallas,UDR-addison-apartments-at-the-park-1br-618sqft-1016,1,1.0,618,919.0,2026-09-15,13,True,hard,Save $250 off rent! Applies to first full month's rent only. Move in by 08/10/2026. Minimum 12 month lease term required. *Select apartments,dollar_off,250.0,2.09,,899.77,https://www.udr.com/dallas-apartments/addison/addison-apartments-at-the-park/,2026-07-19,2026-08-02,,,,,One Bedroom A1ACT,1,51715
2026-08-02,UDR,Addison Apartments at the Park,,Dallas,UDR-addison-apartments-at-the-park-1br-618sqft-105,1,1.0,618,981.0,2026-08-22,12,True,hard,Save $250 off rent! Applies to first full month's rent only. Move in by 08/10/2026. Minimum 12 month lease term required. *Select apartments,dollar_off,250.0,2.12,,960.17,https://www.udr.com/dallas-apartments/addison/addison-apartments-at-the-park/,2026-06-22,2026-08-02,,,,,One Bedroom A1ACT,2,51715
2026-08-02,UDR,Addison Apartments at the Park,,Dallas,UDR-addison-apartments-at-the-park-1br-618sqft-1212,1,1.0,618,841.0,2026-08-07,12,True,hard,Save $250 off rent! Applies to first full month's rent only. Move in by 08/10/2026. Minimum 12 month lease term required. *Select apartments,dollar_off,250.0,2.48,,820.17,https://www.udr.com/dallas-apartments/addison/addison-apartments-at-the-park/,2026-04-19,2026-08-02,,,,,One Bedroom A1ACT,3,51715
2026-08-02,UDR,Addison Apartments at the Park,,Dallas,UDR-addison-apartments-at-the-park-1br-618sqft-1213,1,1.0,618,843.0,2026-08-08,12,True,hard,Save $250 off rent! Applies to first full month's rent only. Move in by 08/10/2026. Minimum 12 month lease term required. *Select apartments,dollar_off,250.0,2.47,,822.17,https://www.udr.com/dallas-apartments/addison/addison-apartments-at-the-park/,2026-06-22,2026-08-02,,,,,One Bedroom A1ACT,1,51715
2026-08-02,UDR,Addison Apartments at the Park,,Dallas,UDR-addison-apartments-at-the-park-1br-618sqft-729,1,1.0,618,904.0,2026-10-06,12,True,hard,Save $250 off rent! Applies to first full month's rent only. Move in by 08/10/2026. Minimum 12 month lease term required. *Select apartments,dollar_off,250.0,2.3,,883.17,https://www.udr.com/dallas-apartments/addison/addison-apartments-at-the-park/,2026-08-02,2026-08-02,,,,,One Bedroom A1ACT,2,51715
2026-08-02,UDR,Addison Apartments at the Park,,Dallas,UDR-addison-apartments-at-the-park-1br-618sqft-936,1,1.0,618,776.0,2026-09-29,13,True,hard,Save $250 off rent! Applies to first full month's rent only. Move in by 08/10/2026. Minimum 12 month lease term required. *Select apartments,dollar_off,250.0,2.48,,756.77,https://www.udr.com/dallas-apartments/addison/addison-apartments-at-the-park/,2026-08-02,2026-08-02,,,,,One Bedroom A1ACT,3,51715
2026-08-02,UDR,Addison Apartments at the Park,,Dallas,UDR-addison-apartments-at-the-park-1br-480sqft-110,1,1.0,480,814.0,2026-10-08,12,True,hard,Save $250 off rent! Applies to first full month's rent only. Move in by 08/10/2026. Minimum 12 month lease term required. *Select apartments,dollar_off,250.0,2.56,,793.17,https://www.udr.com/dallas-apartments/addison/addison-apartments-at-the-park/,2026-07-19,2026-08-02,,,,,One Bedroom A1ARW,1,51715
2026-08-02,UDR,Addison Apartments at the Park,,Dallas,UDR-addison-apartments-at-the-park-1br-480sqft-203,1,1.0,480,811.0,2026-09-01,14,True,hard,Save $250 off rent! Applies to first full month's rent only. Move in by 08/10/2026. Minimum 12 month lease term required. *Select apartments,dollar_off,250.0,2.2,,793.14,https://www.udr.com/dallas-apartments/addison/addison-apartments-at-the-park/,2026-07-19,2026-08-02,,,,,One Bedroom A1ARW,2,51715
2026-08-02,UDR,Addison Apartments at the Park,,Dallas,UDR-addison-apartments-at-the-park-1br-699sqft-109,1,1.0,699,879.0,2026-10-06,12,True,hard,Save $250 off rent! Applies to first full month's rent only. Move in by 08/10/2026. Minimum 12 month lease term required. *Select apartments,dollar_off,250.0,2.37,,858.17,https://www.udr.com/dallas-apartments/addison/addison-apartments-at-the-park/,2026-08-02,2026-08-02,,,,,One Bedroom A1ACW,1,51715
2026-08-02,UDR,Addison Apartments at the Park,,Dallas,UDR-addison-apartments-at-the-park-1br-699sqft-2007,1,1.0,699,872.0,2026-08-25,12,True,hard,Save $250 off rent! Applies to first full month's rent only. Move in by 08/10/2026. Minimum 12 month lease term required. *Select apartments,dollar_off,250.0,2.39,,851.17,https://www.udr.com/dallas-apartments/addison/addison-apartments-at-the-park/,2026-05-23,2026-08-02,,,,,One Bedroom A1ACW,1,51715
2026-08-02,UDR,Addison Apartments at the Park,,Dallas,UDR-addison-apartments-at-the-park-1br-789sqft-306,1,1.0,789,1004.0,2026-10-06,12,True,hard,Save $250 off rent! Applies to first full month's rent only. Move in by 08/10/2026. Minimum 12 month lease term required. *Select apartments,dollar_off,250.0,2.08,,983.17,https://www.udr.com/dallas-apartments/addison/addison-apartments-at-the-park/,2026-07-19,2026-08-02,,,,,One Bedroom A1BCT,2,51715
2026-08-02,UDR,Addison Apartments at the Park,,Dallas,UDR-addison-apartments-at-the-park-1br-710sqft-189,1,1.0,710,1023.0,2026-08-03,12,True,hard,Save $250 off rent! Applies to first full month's rent only. Move in by 08/10/2026. Minimum 12 month lease term required. *Select apartments,dollar_off,250.0,2.04,,1002.17,https://www.udr.com/dallas-apartments/addison/addison-apartments-at-the-park/,2026-06-13,2026-08-02,,,,,One Bedroom A1BRW,1,51715
2026-08-02,UDR,Addison Apartments at the Park,,Dallas,UDR-addison-apartments-at-the-park-1br-710sqft-195,1,1.0,710,1129.0,2026-08-11,12,True,hard,Save $250 off rent! Applies to first full month's rent only. Move in by 08/10/2026. Minimum 12 month lease term required. *Select apartments,dollar_off,250.0,1.85,,1108.17,https://www.udr.com/dallas-apartments/addison/addison-apartments-at-the-park/,2026-06-08,2026-08-02,,,,,One Bedroom A1BRW,1,51715
2026-08-02,UDR,Addison Apartments at the Park,,Dallas,UDR-addison-apartments-at-the-park-1br-710sqft-239,1,1.0,710,1082.0,2026-09-29,13,True,hard,Save $250 off rent! Applies to first full month's rent only. Move in by 08/10/2026. Minimum 12 month lease term required. *Select apartments,dollar_off,250.0,1.78,,1062.77,https://www.udr.com/dallas-apartments/addison/addison-apartments-at-the-park/,2026-08-02,2026-08-02,,,,,One Bedroom A1BRW,2,51715
2026-08-02,UDR,Addison Apartments at the Park,,Dallas,UDR-addison-apartments-at-the-park-1br-810sqft-1204,1,1.0,810,949.0,2026-09-01,14,True,hard,Save $250 off rent! Applies to first full month's rent only. Move in by 08/10/2026. Minimum 12 month lease term required. *Select apartments,dollar_off,250.0,1.88,,931.14,https://www.udr.com/dallas-apartments/addison/addison-apartments-at-the-park/,2026-07-19,2026-08-02,,,,,One Bedroom A1BCW,2,51715
2026-08-02,UDR,Addison Apartments at the Park,,Dallas,UDR-addison-apartments-at-the-park-1br-810sqft-1208,1,1.0,810,1049.0,2026-08-03,12,True,hard,Save $250 off rent! Applies to first full month's rent only. Move in by 08/10/2026. Minimum 12 month lease term required. *Select apartments,dollar_off,250.0,1.99,,1028.17,https://www.udr.com/dallas-apartments/addison/addison-apartments-at-the-park/,2026-06-22,2026-08-02,,,,,One Bedroom A1BCW,2,51715
2026-08-02,UDR,Addison Apartments at the Park,,Dallas,UDR-addison-apartments-at-the-park-1br-786sqft-120,1,1.0,786,1127.0,2026-08-03,12,True,hard,Save $250 off rent! Applies to first full month's rent only. Move in by 08/10/2026. Minimum 12 month lease term required. *Select apartments,dollar_off,250.0,1.85,,1106.17,https://www.udr.com/dallas-apartments/addison/addison-apartments-at-the-park/,2026-06-08,2026-08-02,,,,,One Bedroom A1CRW,1,51715
2026-08-02,UDR,Addison Apartments at the Park,,Dallas,UDR-addison-apartments-at-the-park-1br-786sqft-123,1,1.0,786,976.0,2026-09-01,14,True,hard,Save $250 off rent! Applies to first full month's rent only. Move in by 08/10/2026. Minimum 12 month lease term required. *Select apartments,dollar_off,250.0,1.83,,958.14,https://www.udr.com/dallas-apartments/addison/addison-apartments-at-the-park/,2026-07-19,2026-08-02,,,,,One Bedroom A1CRW,1,51715
2026-08-02,UDR,Addison Apartments at the Park,,Dallas,UDR-addison-apartments-at-the-park-1br-786sqft-277,1,1.0,786,1091.0,2026-08-29,12,True,hard,Save $250 off rent! Applies to first full month's rent only. Move in by 08/10/2026. Minimum 12 month lease term required. *Select apartments,dollar_off,250.0,1.91,,1070.17,https://www.udr.com/dallas-apartments/addison/addison-apartments-at-the-park/,2026-08-02,2026-08-02,,,,,One Bedroom A1CRW,2,51715
2026-08-02,UDR,Addison Apartments at the Park,,Dallas,UDR-addison-apartments-at-the-park-2br-961sqft-1502,2,1.3,961,1187.0,2026-09-01,14,True,hard,Save $250 off rent! Applies to first full month's rent only. Move in by 08/10/2026. Minimum 12 month lease term required. *Select apartments,dollar_off,250.0,1.5,,1169.14,https://www.udr.com/dallas-apartments/addison/addison-apartments-at-the-park/,2026-08-02,2026-08-02,,,,,One Bedroom B1.3CW,2,51715
2026-08-02,UDR,Addison Apartments at the Park,,Dallas,UDR-addison-apartments-at-the-park-2br-961sqft-1807,2,1.3,961,1151.0,2026-10-03,13,True,hard,Save $250 off rent! Applies to first full month's rent only. Move in by 08/10/2026. Minimum 12 month lease term required. *Select apartments,dollar_off,250.0,1.67,,1131.77,https://www.udr.com/dallas-apartments/addison/addison-apartments-at-the-park/,2026-07-19,2026-08-02,,,,,One Bedroom B1.3CW,1,51715
2026-08-02,UDR,Addison Apartments at the Park,,Dallas,UDR-addison-apartments-at-the-park-0br-400sqft-515,0,1.0,400,774.0,2026-09-22,13,True,hard,Save $250 off rent! Applies to first full month's rent only. Move in by 08/10/2026. Minimum 12 month lease term required. *Select apartments,dollar_off,250.0,2.48,,754.77,https://www.udr.com/dallas-apartments/addison/addison-apartments-at-the-park/,2026-08-02,2026-08-02,,,,,Studio E1CT,1,51715
2026-08-02,UDR,Addison Apartments at the Park,,Dallas,UDR-addison-apartments-at-the-park-2br-779sqft-1103,2,1.0,779,1076.0,2026-09-29,14,True,hard,Save $250 off rent! Applies to first full month's rent only. Move in by 08/10/2026. Minimum 12 month lease term required. *Select apartments,dollar_off,250.0,1.66,,1058.14,https://www.udr.com/dallas-apartments/addison/addison-apartments-at-the-park/,2026-08-02,2026-08-02,,,,,Two Bedroom B1CT,1,51715
2026-08-02,UDR,Addison Apartments at the Park,,Dallas,UDR-addison-apartments-at-the-park-2br-779sqft-1112,2,1.0,779,1036.0,2026-08-18,12,True,hard,Save $250 off rent! Applies to first full month's rent only. Move in by 08/10/2026. Minimum 12 month lease term required. *Select apartments,dollar_off,250.0,2.01,,1015.17,https://www.udr.com/dallas-apartments/addison/addison-apartments-at-the-park/,2026-06-13,2026-08-02,,,,,Two Bedroom B1CT,2,51715
2026-08-02,UDR,Addison Apartments at the Park,,Dallas,UDR-addison-apartments-at-the-park-2br-779sqft-1114,2,1.0,779,1078.0,2026-08-12,12,True,hard,Save $250 off rent! Applies to first full month's rent only. Move in by 08/10/2026. Minimum 12 month lease term required. *Select apartments,dollar_off,250.0,1.93,,1057.17,https://www.udr.com/dallas-apartments/addison/addison-apartments-at-the-park/,2026-06-13,2026-08-02,,,,,Two Bedroom B1CT,2,51715
2026-08-02,UDR,Addison Apartments at the Park,,Dallas,UDR-addison-apartments-at-the-park-2br-779sqft-607,2,1.0,779,993.0,2026-10-06,13,True,hard,Save $250 off rent! Applies to first full month's rent only. Move in by 08/10/2026. Minimum 12 month lease term required. *Select apartments,dollar_off,250.0,1.94,,973.77,https://www.udr.com/dallas-apartments/addison/addison-apartments-at-the-park/,2026-07-19,2026-08-02,,,,,Two Bedroom B1CT,1,51715
2026-08-02,UDR,Addison Apartments at the Park,,Dallas,UDR-addison-apartments-at-the-park-2br-889sqft-134,2,1.0,889,1111.0,2026-09-08,14,True,hard,Save $250 off rent! Applies to first full month's rent only. Move in by 08/10/2026. Minimum 12 month lease term required. *Select apartments,dollar_off,250.0,1.61,,1093.14,https://www.udr.com/dallas-apartments/addison/addison-apartments-at-the-park/,2026-06-22,2026-08-02,,,,,Two Bedroom B1RW,1,51715
2026-08-02,UDR,Addison Apartments at the Park,,Dallas,UDR-addison-apartments-at-the-park-2br-889sqft-234,2,1.0,889,1129.0,2026-08-11,12,True,hard,Save $250 off rent! Applies to first full month's rent only. Move in by 08/10/2026. Minimum 12 month lease term required. *Select apartments,dollar_off,250.0,1.85,,1108.17,https://www.udr.com/dallas-apartments/addison/addison-apartments-at-the-park/,2026-06-13,2026-08-02,,,,,Two Bedroom B1RW,2,51715
2026-08-02,UDR,Addison Apartments at the Park,,Dallas,UDR-addison-apartments-at-the-park-2br-889sqft-402,2,1.0,889,1035.0,2026-08-15,12,True,hard,Save $250 off rent! Applies to first full month's rent only. Move in by 08/10/2026. Minimum 12 month lease term required. *Select apartments,dollar_off,250.0,2.01,,1014.17,https://www.udr.com/dallas-apartments/addison/addison-apartments-at-the-park/,2026-05-30,2026-08-02,,,,,Two Bedroom B1RW,4,51715
2026-08-02,UDR,Addison Apartments at the Park,,Dallas,UDR-addison-apartments-at-the-park-2br-1181sqft-806,2,2.3,1181,1621.0,2026-08-18,12,True,hard,Save $250 off rent! Applies to first full month's rent only. Move in by 08/10/2026. Minimum 12 month lease term required. *Select apartments,dollar_off,250.0,1.29,,1600.17,https://www.udr.com/dallas-apartments/addison/addison-apartments-at-the-park/,2026-06-22,2026-08-02,,,,,Two Bedroom B2.3CW,2,51715
2026-08-02,UDR,Addison Apartments at the Park,,Dallas,UDR-addison-apartments-at-the-park-2br-900sqft-1304,2,2.0,900,1069.0,2026-09-08,14,True,hard,Save $250 off rent! Applies to first full month's rent only. Move in by 08/10/2026. Minimum 12 month lease term required. *Select apartments,dollar_off,250.0,1.67,,1051.14,https://www.udr.com/dallas-apartments/addison/addison-apartments-at-the-park/,2026-05-23,2026-08-02,,,,,Two Bedroom B2ACT,2,51715
2026-08-02,UDR,Addison Apartments at the Park,,Dallas,UDR-addison-apartments-at-the-park-2br-900sqft-522,2,2.0,900,1218.0,2026-09-29,14,True,hard,Save $250 off rent! Applies to first full month's rent only. Move in by 08/10/2026. Minimum 12 month lease term required. *Select apartments,dollar_off,250.0,1.47,,1200.14,https://www.udr.com/dallas-apartments/addison/addison-apartments-at-the-park/,2026-07-19,2026-08-02,,,,,Two Bedroom B2ACT,2,51715
2026-08-02,UDR,Addison Apartments at the Park,,Dallas,UDR-addison-apartments-at-the-park-2br-1030sqft-206,2,2.0,1030,1420.0,2026-09-15,14,True,hard,Save $250 off rent! Applies to first full month's rent only. Move in by 08/10/2026. Minimum 12 month lease term required. *Select apartments,dollar_off,250.0,1.26,,1402.14,https://www.udr.com/dallas-apartments/addison/addison-apartments-at-the-park/,2026-06-13,2026-08-02,,,,,Two Bedroom B2BCT,2,51715
2026-08-02,UDR,Addison Apartments at the Park,,Dallas,UDR-addison-apartments-at-the-park-1br-455sqft-166,1,1.0,455,910.0,2026-09-08,13,True,hard,Save $250 off rent! Applies to first full month's rent only. Move in by 08/10/2026. Minimum 12 month lease term required. *Select apartments,dollar_off,250.0,2.11,,890.77,https://www.udr.com/dallas-apartments/addison/addison-apartments-at-the-park/,2026-06-22,2026-08-02,,,,,One Bedroom A1AOW,1,51715
2026-08-02,UDR,Addison Apartments at the Park,,Dallas,UDR-addison-apartments-at-the-park-1br-455sqft-264,1,1.0,455,980.0,2026-10-06,12,True,hard,Save $250 off rent! Applies to first full month's rent only. Move in by 08/10/2026. Minimum 12 month lease term required. *Select apartments,dollar_off,250.0,2.13,,959.17,https://www.udr.com/dallas-apartments/addison/addison-apartments-at-the-park/,2026-08-02,2026-08-02,,,,,One Bedroom A1AOW,2,51715
2026-08-02,UDR,Addison Apartments at the Park,,Dallas,UDR-addison-apartments-at-the-park-1br-720sqft-1301,1,1.0,720,882.0,2026-10-03,13,True,hard,Save $250 off rent! Applies to first full month's rent only. Move in by 08/10/2026. Minimum 12 month lease term required. *Select apartments,dollar_off,250.0,2.18,,862.77,https://www.udr.com/dallas-apartments/addison/addison-apartments-at-the-park/,2026-07-19,2026-08-02,,,,,One Bedroom A1ATAW,1,51715
2026-08-02,UDR,Addison Apartments at the Park,,Dallas,UDR-addison-apartments-at-the-park-1br-720sqft-1611,1,1.0,720,924.0,2026-10-06,13,True,hard,Save $250 off rent! Applies to first full month's rent only. Move in by 08/10/2026. Minimum 12 month lease term required. *Select apartments,dollar_off,250.0,2.08,,904.77,https://www.udr.com/dallas-apartments/addison/addison-apartments-at-the-park/,2026-08-02,2026-08-02,,,,,One Bedroom A1ATAW,1,51715
2026-08-02,UDR,Addison Apartments at the Park,,Dallas,UDR-addison-apartments-at-the-park-1br-660sqft-230,1,1.0,660,801.0,2026-10-06,12,True,hard,Save $250 off rent! Applies to first full month's rent only. Move in by 08/10/2026. Minimum 12 month lease term required. *Select apartments,dollar_off,250.0,2.6,,780.17,https://www.udr.com/dallas-apartments/addison/addison-apartments-at-the-park/,2026-08-02,2026-08-02,,,,,One Bedroom A1BOW,2,51715
2026-08-02,UDR,Addison Apartments at the Park,,Dallas,UDR-addison-apartments-at-the-park-1br-728sqft-1003,1,1.0,728,860.0,2026-08-08,13,True,hard,Save $250 off rent! Applies to first full month's rent only. Move in by 08/10/2026. Minimum 12 month lease term required. *Select apartments,dollar_off,250.0,2.24,,840.77,https://www.udr.com/dallas-apartments/addison/addison-apartments-at-the-park/,2026-04-04,2026-08-02,,,,,One Bedroom A1BTAW,1,51715
2026-08-02,UDR,Addison Apartments at the Park,,Dallas,UDR-addison-apartments-at-the-park-1br-728sqft-1005,1,1.0,728,902.0,2026-10-06,13,True,hard,Save $250 off rent! Applies to first full month's rent only. Move in by 08/10/2026. Minimum 12 month lease term required. *Select apartments,dollar_off,250.0,2.13,,882.77,https://www.udr.com/dallas-apartments/addison/addison-apartments-at-the-park/,2026-07-19,2026-08-02,,,,,One Bedroom A1BTAW,1,51715
2026-08-02,UDR,Addison Apartments at the Park,,Dallas,UDR-addison-apartments-at-the-park-1br-728sqft-1103,1,1.0,728,919.0,2026-08-03,13,True,hard,Save $250 off rent! Applies to first full month's rent only. Move in by 08/10/2026. Minimum 12 month lease term required. *Select apartments,dollar_off,250.0,2.09,,899.77,https://www.udr.com/dallas-apartments/addison/addison-apartments-at-the-park/,2026-05-16,2026-08-02,,,,,One Bedroom A1BTAW,1,51715
2026-08-02,UDR,Addison Apartments at the Park,,Dallas,UDR-addison-apartments-at-the-park-1br-711sqft-109,1,1.0,711,853.0,2026-09-22,13,True,hard,Save $250 off rent! Applies to first full month's rent only. Move in by 08/10/2026. Minimum 12 month lease term required. *Select apartments,dollar_off,250.0,2.25,,833.77,https://www.udr.com/dallas-apartments/addison/addison-apartments-at-the-park/,2026-08-02,2026-08-02,,,,,One Bedroom A1COW,1,51715
2026-08-02,UDR,Addison Apartments at the Park,,Dallas,UDR-addison-apartments-at-the-park-1br-711sqft-112,1,1.0,711,927.0,2026-09-15,13,True,hard,Save $250 off rent! Applies to first full month's rent only. Move in by 08/10/2026. Minimum 12 month lease term required. *Select apartments,dollar_off,250.0,2.07,,907.77,https://www.udr.com/dallas-apartments/addison/addison-apartments-at-the-park/,2026-08-02,2026-08-02,,,,,One Bedroom A1COW,1,51715
2026-08-02,UDR,Addison Apartments at the Park,,Dallas,UDR-addison-apartments-at-the-park-1br-711sqft-116,1,1.0,711,978.0,2026-08-11,12,True,hard,Save $250 off rent! Applies to first full month's rent only. Move in by 08/10/2026. Minimum 12 month lease term required. *Select apartments,dollar_off,250.0,2.13,,957.17,https://www.udr.com/dallas-apartments/addison/addison-apartments-at-the-park/,2026-05-09,2026-08-02,,,,,One Bedroom A1COW,1,51715
2026-08-02,UDR,Addison Apartments at the Park,,Dallas,UDR-addison-apartments-at-the-park-1br-711sqft-143,1,1.0,711,815.0,2026-09-01,14,True,hard,Save $250 off rent! Applies to first full month's rent only. Move in by 08/10/2026. Minimum 12 month lease term required. *Select apartments,dollar_off,250.0,2.19,,797.14,https://www.udr.com/dallas-apartments/addison/addison-apartments-at-the-park/,2026-06-22,2026-08-02,,,,,One Bedroom A1COW,1,51715
2026-08-02,UDR,Addison Apartments at the Park,,Dallas,UDR-addison-apartments-at-the-park-1br-711sqft-244,1,1.0,711,934.0,2026-08-03,12,True,hard,Save $250 off rent! Applies to first full month's rent only. Move in by 08/10/2026. Minimum 12 month lease term required. *Select apartments,dollar_off,250.0,2.23,,913.17,https://www.udr.com/dallas-apartments/addison/addison-apartments-at-the-park/,2026-05-23,2026-08-02,,,,,One Bedroom A1COW,2,51715
2026-08-02,UDR,Addison Apartments at the Park,,Dallas,UDR-addison-apartments-at-the-park-1br-705sqft-0602,1,1.0,705,805.0,2026-09-15,12,True,hard,Save $250 off rent! Applies to first full month's rent only. Move in by 08/10/2026. Minimum 12 month lease term required. *Select apartments,dollar_off,250.0,2.59,,784.17,https://www.udr.com/dallas-apartments/addison/addison-apartments-at-the-park/,2026-08-02,2026-08-02,,,,,One Bedroom A1AW,2,51715
2026-08-02,UDR,Addison Apartments at the Park,,Dallas,UDR-addison-apartments-at-the-park-0br-500sqft-0213,0,1.0,500,901.0,2026-08-03,13,True,hard,Save $250 off rent! Applies to first full month's rent only. Move in by 08/10/2026. Minimum 12 month lease term required. *Select apartments,dollar_off,250.0,2.13,,881.77,https://www.udr.com/dallas-apartments/addison/addison-apartments-at-the-park/,2026-08-02,2026-08-02,,,,,Studio E1AW,1,51715
2026-08-02,UDR,Addison Apartments at the Park,,Dallas,UDR-addison-apartments-at-the-park-0br-500sqft-0414,0,1.0,500,881.0,2026-09-16,12,True,hard,Save $250 off rent! Applies to first full month's rent only. Move in by 08/10/2026. Minimum 12 month lease term required. *Select apartments,dollar_off,250.0,2.36,,860.17,https://www.udr.com/dallas-apartments/addison/addison-apartments-at-the-park/,2026-07-19,2026-08-02,,,,,Studio E1AW,2,51715
2026-08-02,UDR,Addison Apartments at the Park,,Dallas,UDR-addison-apartments-at-the-park-3br-1143sqft-156,3,2.0,1143,1850.0,2026-08-15,14,True,hard,Save $250 off rent! Applies to first full month's rent only. Move in by 08/10/2026. Minimum 12 month lease term required. *Select apartments,dollar_off,250.0,0.97,,1832.14,https://www.udr.com/dallas-apartments/addison/addison-apartments-at-the-park/,2026-05-09,2026-08-02,,,,,Three Bedroom C2OW,1,51715
2026-08-02,UDR,Addison Apartments at the Park,,Dallas,UDR-addison-apartments-at-the-park-3br-1143sqft-158,3,2.0,1143,1869.0,2026-10-06,13,True,hard,Save $250 off rent! Applies to first full month's rent only. Move in by 08/10/2026. Minimum 12 month lease term required. *Select apartments,dollar_off,250.0,1.03,,1849.77,https://www.udr.com/dallas-apartments/addison/addison-apartments-at-the-park/,2026-08-02,2026-08-02,,,,,Three Bedroom C2OW,1,51715
2026-08-02,UDR,Addison Apartments at the Park,,Dallas,UDR-addison-apartments-at-the-park-2br-1056sqft-2103,2,1.5,1056,1364.0,2026-08-03,12,True,hard,Save $250 off rent! Applies to first full month's rent only. Move in by 08/10/2026. Minimum 12 month lease term required. *Select apartments,dollar_off,250.0,1.53,,1343.17,https://www.udr.com/dallas-apartments/addison/addison-apartments-at-the-park/,2026-06-22,2026-08-02,,,,,Two Bedroom B1.5TAW,1,51715
2026-08-02,UDR,Addison Apartments at the Park,,Dallas,UDR-addison-apartments-at-the-park-2br-1056sqft-2203,2,1.5,1056,1247.0,2026-08-03,13,True,hard,Save $250 off rent! Applies to first full month's rent only. Move in by 08/10/2026. Minimum 12 month lease term required. *Select apartments,dollar_off,250.0,1.54,,1227.77,https://www.udr.com/dallas-apartments/addison/addison-apartments-at-the-park/,2026-08-02,2026-08-02,,,,,Two Bedroom B1.5TAW,1,51715
2026-08-02,UDR,Addison Apartments at the Park,,Dallas,UDR-addison-apartments-at-the-park-2br-950sqft-2303,2,1.0,950,1277.0,2026-08-03,12,True,hard,Save $250 off rent! Applies to first full month's rent only. Move in by 08/10/2026. Minimum 12 month lease term required. *Select apartments,dollar_off,250.0,1.63,,1256.17,https://www.udr.com/dallas-apartments/addison/addison-apartments-at-the-park/,2026-08-02,2026-08-02,,,,,Two Bedroom B1AW,1,51715
2026-08-02,UDR,Addison Apartments at the Park,,Dallas,UDR-addison-apartments-at-the-park-2br-950sqft-2403,2,1.0,950,1064.0,2026-08-03,13,True,hard,Save $250 off rent! Applies to first full month's rent only. Move in by 08/10/2026. Minimum 12 month lease term required. *Select apartments,dollar_off,250.0,1.81,,1044.77,https://www.udr.com/dallas-apartments/addison/addison-apartments-at-the-park/,2026-04-26,2026-08-02,,,,,Two Bedroom B1AW,1,51715
2026-08-02,UDR,Addison Apartments at the Park,,Dallas,UDR-addison-apartments-at-the-park-2br-950sqft-2602,2,1.0,950,1098.0,2026-08-03,13,True,hard,Save $250 off rent! Applies to first full month's rent only. Move in by 08/10/2026. Minimum 12 month lease term required. *Select apartments,dollar_off,250.0,1.75,,1078.77,https://www.udr.com/dallas-apartments/addison/addison-apartments-at-the-park/,2026-05-16,2026-08-02,,,,,Two Bedroom B1AW,2,51715
2026-08-02,UDR,Addison Apartments at the Park,,Dallas,UDR-addison-apartments-at-the-park-2br-950sqft-2606,2,1.0,950,1223.0,2026-08-07,13,True,hard,Save $250 off rent! Applies to first full month's rent only. Move in by 08/10/2026. Minimum 12 month lease term required. *Select apartments,dollar_off,250.0,1.57,,1203.77,https://www.udr.com/dallas-apartments/addison/addison-apartments-at-the-park/,2026-04-12,2026-08-02,,,,,Two Bedroom B1AW,2,51715
2026-08-02,UDR,Addison Apartments at the Park,,Dallas,UDR-addison-apartments-at-the-park-2br-950sqft-2608,2,1.0,950,1126.0,2026-08-03,12,True,hard,Save $250 off rent! Applies to first full month's rent only. Move in by 08/10/2026. Minimum 12 month lease term required. *Select apartments,dollar_off,250.0,1.85,,1105.17,https://www.udr.com/dallas-apartments/addison/addison-apartments-at-the-park/,2026-07-19,2026-08-02,,,,,Two Bedroom B1AW,2,51715
2026-08-02,UDR,Addison Apartments at the Park,,Dallas,UDR-addison-apartments-at-the-park-2br-1080sqft-182,2,2.0,1080,1443.0,2026-09-01,13,True,hard,Save $250 off rent! Applies to first full month's rent only. Move in by 08/10/2026. Minimum 12 month lease term required. *Select apartments,dollar_off,250.0,1.33,,1423.77,https://www.udr.com/dallas-apartments/addison/addison-apartments-at-the-park/,2026-07-19,2026-08-02,,,,,Two Bedroom B2TOW,1,51715
2026-08-02,UDR,Addison Apartments at the Park,,Dallas,UDR-addison-apartments-at-the-park-2br-1080sqft-186,2,2.0,1080,1515.0,2026-09-08,14,True,hard,Save $250 off rent! Applies to first full month's rent only. Move in by 08/10/2026. Minimum 12 month lease term required. *Select apartments,dollar_off,250.0,1.18,,1497.14,https://www.udr.com/dallas-apartments/addison/addison-apartments-at-the-park/,2026-07-19,2026-08-02,,,,,Two Bedroom B2TOW,1,51715
2026-08-02,UDR,Alafaya Woods,,Orlando,UDR-alafaya-woods-2br-1100sqft-401E,2,2.0,1100,1669.0,2026-08-06,14,False,,,,,,,,https://www.udr.com/orlando-apartments/oviedo/alafaya-woods/,2026-05-09,2026-08-02,,,,,Azalea,2,11479
2026-08-02,UDR,Alafaya Woods,,Orlando,UDR-alafaya-woods-2br-1100sqft-405A,2,2.0,1100,1689.0,2026-09-05,14,False,,,,,,,,https://www.udr.com/orlando-apartments/oviedo/alafaya-woods/,2026-08-02,2026-08-02,,,,,Azalea,1,11479
2026-08-02,UDR,Alafaya Woods,,Orlando,UDR-alafaya-woods-2br-1100sqft-405G,2,2.0,1100,1642.0,2026-08-08,14,False,,,,,,,,https://www.udr.com/orlando-apartments/oviedo/alafaya-woods/,2026-07-19,2026-08-02,,,,,Azalea,2,11479
2026-08-02,UDR,Alafaya Woods,,Orlando,UDR-alafaya-woods-2br-1100sqft-409A,2,2.0,1100,1641.0,2026-08-29,14,False,,,,,,,,https://www.udr.com/orlando-apartments/oviedo/alafaya-woods/,2026-07-19,2026-08-02,,,,,Azalea,1,11479
2026-08-02,UDR,Alafaya Woods,,Orlando,UDR-alafaya-woods-2br-1100sqft-409B,2,2.0,1100,1705.0,2026-09-19,14,False,,,,,,,,https://www.udr.com/orlando-apartments/oviedo/alafaya-woods/,2026-07-19,2026-08-02,,,,,Azalea,1,11479
2026-08-02,UDR,Alafaya Woods,,Orlando,UDR-alafaya-woods-2br-1100sqft-425B,2,2.0,1100,1605.0,2026-08-22,14,False,,,,,,,,https://www.udr.com/orlando-apartments/oviedo/alafaya-woods/,2026-07-19,2026-08-02,,,,,Azalea,1,11479
2026-08-02,UDR,Alafaya Woods,,Orlando,UDR-alafaya-woods-2br-1100sqft-437A,2,2.0,1100,1731.0,2026-08-08,14,False,,,,,,,,https://www.udr.com/orlando-apartments/oviedo/alafaya-woods/,2026-07-19,2026-08-02,,,,,Azalea,1,11479
2026-08-02,UDR,Alafaya Woods,,Orlando,UDR-alafaya-woods-2br-1100sqft-437E,2,2.0,1100,1581.0,2026-08-15,14,False,,,,,,,,https://www.udr.com/orlando-apartments/oviedo/alafaya-woods/,2026-06-22,2026-08-02,,,,,Azalea,2,11479
2026-08-02,UDR,Alafaya Woods,,Orlando,UDR-alafaya-woods-2br-1100sqft-437G,2,2.0,1100,1564.0,2026-08-15,14,False,,,,,,,,https://www.udr.com/orlando-apartments/oviedo/alafaya-woods/,2026-06-08,2026-08-02,,,,,Azalea,2,11479
2026-08-02,UDR,Alafaya Woods,,Orlando,UDR-alafaya-woods-2br-1100sqft-445G,2,2.0,1100,1557.0,2026-09-05,14,False,,,,,,,,https://www.udr.com/orlando-apartments/oviedo/alafaya-woods/,2026-07-19,2026-08-02,,,,,Azalea,2,11479
2026-08-02,UDR,Alafaya Woods,,Orlando,UDR-alafaya-woods-2br-1100sqft-445H,2,2.0,1100,1715.0,2026-08-15,14,False,,,,,,,,https://www.udr.com/orlando-apartments/oviedo/alafaya-woods/,2026-05-16,2026-08-02,,,,,Azalea,2,11479
2026-08-02,UDR,Alafaya Woods,,Orlando,UDR-alafaya-woods-2br-1100sqft-449E,2,2.0,1100,1557.0,2026-08-15,14,False,,,,,,,,https://www.udr.com/orlando-apartments/oviedo/alafaya-woods/,2026-06-22,2026-08-02,,,,,Azalea,2,11479
2026-08-02,UDR,Alafaya Woods,,Orlando,UDR-alafaya-woods-2br-1100sqft-453F,2,2.0,1100,1693.0,2026-09-19,14,False,,,,,,,,https://www.udr.com/orlando-apartments/oviedo/alafaya-woods/,2026-07-19,2026-08-02,,,,,Azalea,2,11479
2026-08-02,UDR,Alafaya Woods,,Orlando,UDR-alafaya-woods-2br-1100sqft-465B,2,2.0,1100,1720.0,2026-08-15,14,False,,,,,,,,https://www.udr.com/orlando-apartments/oviedo/alafaya-woods/,2026-06-13,2026-08-02,,,,,Azalea,1,11479
2026-08-02,UDR,Alafaya Woods,,Orlando,UDR-alafaya-woods-2br-1100sqft-493F,2,2.0,1100,1565.0,2026-09-19,14,False,,,,,,,,https://www.udr.com/orlando-apartments/oviedo/alafaya-woods/,2026-07-19,2026-08-02,,,,,Azalea,2,11479
2026-08-02,UDR,Alafaya Woods,,Orlando,UDR-alafaya-woods-2br-1100sqft-509C,2,2.0,1100,1642.0,2026-10-03,13,False,,,,,,,,https://www.udr.com/orlando-apartments/oviedo/alafaya-woods/,2026-07-19,2026-08-02,,,,,Azalea,1,11479
2026-08-02,UDR,Alafaya Woods,,Orlando,UDR-alafaya-woods-3br-1150sqft-461H,3,2.0,1150,1818.0,2026-09-26,14,False,,,,,,,,https://www.udr.com/orlando-apartments/oviedo/alafaya-woods/,2026-07-19,2026-08-02,,,,,Magnolia,2,11479
2026-08-02,UDR,Alafaya Woods,,Orlando,UDR-alafaya-woods-3br-1150sqft-477A,3,2.0,1150,1989.0,2026-09-05,14,False,,,,,,,,https://www.udr.com/orlando-apartments/oviedo/alafaya-woods/,2026-07-19,2026-08-02,,,,,Magnolia,1,11479
2026-08-02,UDR,Alafaya Woods,,Orlando,UDR-alafaya-woods-3br-1150sqft-477E,3,2.0,1150,1843.0,2026-09-05,14,False,,,,,,,,https://www.udr.com/orlando-apartments/oviedo/alafaya-woods/,2026-04-04,2026-08-02,,,,,Magnolia,2,11479
2026-08-02,UDR,Alafaya Woods,,Orlando,UDR-alafaya-woods-3br-1150sqft-485D,3,2.0,1150,1740.0,2026-09-05,14,False,,,,,,,,https://www.udr.com/orlando-apartments/oviedo/alafaya-woods/,2026-07-19,2026-08-02,,,,,Magnolia,1,11479
2026-08-02,UDR,Alafaya Woods,,Orlando,UDR-alafaya-woods-3br-1150sqft-493A,3,2.0,1150,1742.0,2026-09-12,14,False,,,,,,,,https://www.udr.com/orlando-apartments/oviedo/alafaya-woods/,2026-06-13,2026-08-02,,,,,Magnolia,1,11479
2026-08-02,UDR,Alafaya Woods,,Orlando,UDR-alafaya-woods-3br-1150sqft-509E,3,2.0,1150,1690.0,2026-09-11,14,False,,,,,,,,https://www.udr.com/orlando-apartments/oviedo/alafaya-woods/,2026-07-19,2026-08-02,,,,,Magnolia,2,11479
2026-08-02,UDR,Alafaya Woods,,Orlando,UDR-alafaya-woods-3br-1150sqft-533E,3,2.0,1150,1697.0,2026-08-22,13,False,,,,,,,,https://www.udr.com/orlando-apartments/oviedo/alafaya-woods/,2026-07-19,2026-08-02,,,,,Magnolia,2,11479
2026-08-02,UDR,Almaden Lake Village,,San Francisco Bay Area,UDR-almaden-lake-village-2br-1016sqft-2209,2,2.0,1016,3582.0,2026-09-03,12,True,hard,Save $1000 off rent!,dollar_off,1000.0,2.33,,3498.67,https://www.udr.com/san-francisco-bay-area-apartments/san-jose/almaden-lake-village/,2026-08-02,2026-08-02,,,,,Tahoe,2,28189
2026-08-02,UDR,Almaden Lake Village,,San Francisco Bay Area,UDR-almaden-lake-village-2br-1016sqft-2316,2,2.0,1016,3521.0,2026-08-03,13,True,hard,Save $1000 off rent!,dollar_off,1000.0,2.18,,3444.08,https://www.udr.com/san-francisco-bay-area-apartments/san-jose/almaden-lake-village/,2026-04-26,2026-08-02,,,,,Tahoe,3,28189
2026-08-02,UDR,Almaden Lake Village,,San Francisco Bay Area,UDR-almaden-lake-village-2br-1016sqft-7318,2,2.0,1016,3942.0,2026-08-20,13,True,hard,Save $1000 off rent!,dollar_off,1000.0,1.95,,3865.08,https://www.udr.com/san-francisco-bay-area-apartments/san-jose/almaden-lake-village/,2026-04-04,2026-08-02,,,,,Tahoe,3,28189
2026-08-02,UDR,Almaden Lake Village,,San Francisco Bay Area,UDR-almaden-lake-village-2br-1038sqft-1301,2,2.0,1038,3556.0,2026-08-29,13,True,hard,Save $1000 off rent!,dollar_off,1000.0,2.16,,3479.08,https://www.udr.com/san-francisco-bay-area-apartments/san-jose/almaden-lake-village/,2026-05-30,2026-08-02,,,,,B2B,3,28189
2026-08-02,UDR,Almaden Lake Village,,San Francisco Bay Area,UDR-almaden-lake-village-2br-1038sqft-4305,2,2.0,1038,3688.0,2026-08-03,13,True,hard,Save $1000 off rent!,dollar_off,1000.0,2.09,,3611.08,https://www.udr.com/san-francisco-bay-area-apartments/san-jose/almaden-lake-village/,2026-05-30,2026-08-02,,,,,B2B,3,28189
2026-08-02,UDR,Almaden Lake Village,,San Francisco Bay Area,UDR-almaden-lake-village-2br-1038sqft-5103,2,2.0,1038,3967.0,2026-08-03,13,True,hard,Save $1000 off rent!,dollar_off,1000.0,1.94,,3890.08,https://www.udr.com/san-francisco-bay-area-apartments/san-jose/almaden-lake-village/,2026-05-16,2026-08-02,,,,,B2B,1,28189
2026-08-02,UDR,Almaden Lake Village,,San Francisco Bay Area,UDR-almaden-lake-village-2br-1038sqft-5301,2,2.0,1038,3782.0,2026-10-24,15,True,hard,Save $1000 off rent!,dollar_off,1000.0,1.76,,3715.33,https://www.udr.com/san-francisco-bay-area-apartments/san-jose/almaden-lake-village/,2026-08-02,2026-08-02,,,,,B2B,3,28189
2026-08-02,UDR,Almaden Lake Village,,San Francisco Bay Area,UDR-almaden-lake-village-2br-1038sqft-6107,2,2.0,1038,3845.0,2026-08-03,13,True,hard,Save $1000 off rent!,dollar_off,1000.0,2.0,,3768.08,https://www.udr.com/san-francisco-bay-area-apartments/san-jose/almaden-lake-village/,2026-07-19,2026-08-02,,,,,B2B,1,28189
2026-08-02,UDR,Almaden Lake Village,,San Francisco Bay Area,UDR-almaden-lake-village-2br-1038sqft-7201,2,2.0,1038,3504.0,2026-09-10,12,True,hard,Save $1000 off rent!,dollar_off,1000.0,2.38,,3420.67,https://www.udr.com/san-francisco-bay-area-apartments/san-jose/almaden-lake-village/,2026-07-19,2026-08-02,,,,,B2B,2,28189
2026-08-02,UDR,Almaden Lake Village,,San Francisco Bay Area,UDR-almaden-lake-village-3br-1265sqft-4101,3,2.0,1265,4463.0,2026-08-03,13,True,hard,Save $1000 off rent!,dollar_off,1000.0,1.72,,4386.08,https://www.udr.com/san-francisco-bay-area-apartments/san-jose/almaden-lake-village/,2026-05-03,2026-08-02,,,,,Mendocino,1,28189
2026-08-02,UDR,Almaden Lake Village,,San Francisco Bay Area,UDR-almaden-lake-village-3br-1265sqft-4102,3,2.0,1265,4438.0,2026-08-20,12,True,hard,Save $1000 off rent!,dollar_off,1000.0,1.88,,4354.67,https://www.udr.com/san-francisco-bay-area-apartments/san-jose/almaden-lake-village/,2026-07-19,2026-08-02,,,,,Mendocino,1,28189
2026-08-02,UDR,Almaden Lake Village,,San Francisco Bay Area,UDR-almaden-lake-village-3br-1265sqft-7117,3,2.0,1265,4766.0,2026-08-03,13,True,hard,Save $1000 off rent!,dollar_off,1000.0,1.61,,4689.08,https://www.udr.com/san-francisco-bay-area-apartments/san-jose/almaden-lake-village/,2026-07-19,2026-08-02,,,,,Mendocino,1,28189
2026-08-02,UDR,Almaden Lake Village,,San Francisco Bay Area,UDR-almaden-lake-village-1br-659sqft-1307,1,1.0,659,3118.0,2026-10-02,13,True,hard,Save $1000 off rent!,dollar_off,1000.0,2.47,,3041.08,https://www.udr.com/san-francisco-bay-area-apartments/san-jose/almaden-lake-village/,2026-08-02,2026-08-02,,,,,Sonoma,3,28189
2026-08-02,UDR,Almaden Lake Village,,San Francisco Bay Area,UDR-almaden-lake-village-1br-659sqft-2107,1,1.0,659,3220.0,2026-08-03,12,True,hard,Save $1000 off rent!,dollar_off,1000.0,2.59,,3136.67,https://www.udr.com/san-francisco-bay-area-apartments/san-jose/almaden-lake-village/,2026-05-30,2026-08-02,,,,,Sonoma,1,28189
2026-08-02,UDR,Almaden Lake Village,,San Francisco Bay Area,UDR-almaden-lake-village-1br-659sqft-5206,1,1.0,659,3253.0,2026-08-14,12,True,hard,Save $1000 off rent!,dollar_off,1000.0,2.56,,3169.67,https://www.udr.com/san-francisco-bay-area-apartments/san-jose/almaden-lake-village/,2026-05-16,2026-08-02,,,,,Sonoma,2,28189
2026-08-02,UDR,Almaden Lake Village,,San Francisco Bay Area,UDR-almaden-lake-village-1br-659sqft-7214,1,1.0,659,3092.0,2026-09-10,14,True,hard,Save $1000 off rent!,dollar_off,1000.0,2.31,,3020.57,https://www.udr.com/san-francisco-bay-area-apartments/san-jose/almaden-lake-village/,2026-07-19,2026-08-02,,,,,Sonoma,2,28189
2026-08-02,UDR,Almaden Lake Village,,San Francisco Bay Area,UDR-almaden-lake-village-1br-671sqft-3307,1,1.0,671,3211.0,2026-08-03,12,True,hard,Save $1000 off rent!,dollar_off,1000.0,2.6,,3127.67,https://www.udr.com/san-francisco-bay-area-apartments/san-jose/almaden-lake-village/,2026-04-19,2026-08-02,,,,,A1B,3,28189
2026-08-02,UDR,Almaden Lake Village,,San Francisco Bay Area,UDR-almaden-lake-village-1br-671sqft-6104,1,1.0,671,3153.0,2026-08-03,12,True,hard,Save $1000 off rent!,dollar_off,1000.0,2.64,,3069.67,https://www.udr.com/san-francisco-bay-area-apartments/san-jose/almaden-lake-village/,2026-04-12,2026-08-02,,,,,A1B,1,28189
2026-08-02,UDR,Almaden Lake Village,,San Francisco Bay Area,UDR-almaden-lake-village-1br-671sqft-7321,1,1.0,671,3044.0,2026-08-15,12,True,hard,Save $1000 off rent!,dollar_off,1000.0,2.74,,2960.67,https://www.udr.com/san-francisco-bay-area-apartments/san-jose/almaden-lake-village/,2026-06-22,2026-08-02,,,,,A1B,3,28189
2026-08-02,UDR,Altamira Place Apartment Homes,,Orlando,UDR-altamira-place-apartment-homes-1br-570sqft-303,1,1.0,570,1334.0,2026-10-13,13,False,,,,,,,,https://www.udr.com/orlando-apartments/altamonte-springs/altamira-place-apartment-homes/,2026-04-19,2026-08-02,,,,,Palm,3,11581
2026-08-02,UDR,Altamira Place Apartment Homes,,Orlando,UDR-altamira-place-apartment-homes-1br-570sqft-105,1,1.0,570,1221.0,2026-10-06,13,False,,,,,,,,https://www.udr.com/orlando-apartments/altamonte-springs/altamira-place-apartment-homes/,2026-05-09,2026-08-02,,,,,Palm,1,11581
2026-08-02,UDR,Altamira Place Apartment Homes,,Orlando,UDR-altamira-place-apartment-homes-1br-570sqft-105,1,1.0,570,1188.0,2026-08-03,14,False,,,,,,,,https://www.udr.com/orlando-apartments/altamonte-springs/altamira-place-apartment-homes/,2026-05-09,2026-08-02,,,,,Palm,1,11581
2026-08-02,UDR,Altamira Place Apartment Homes,,Orlando,UDR-altamira-place-apartment-homes-1br-570sqft-204,1,1.0,570,1217.0,2026-10-17,13,False,,,,,,,,https://www.udr.com/orlando-apartments/altamonte-springs/altamira-place-apartment-homes/,2026-05-09,2026-08-02,,,,,Palm,2,11581
2026-08-02,UDR,Altamira Place Apartment Homes,,Orlando,UDR-altamira-place-apartment-homes-1br-570sqft-206,1,1.0,570,1199.0,2026-09-02,14,False,,,,,,,,https://www.udr.com/orlando-apartments/altamonte-springs/altamira-place-apartment-homes/,2026-04-04,2026-08-02,,,,,Palm,2,11581
2026-08-02,UDR,Altamira Place Apartment Homes,,Orlando,UDR-altamira-place-apartment-homes-1br-570sqft-103,1,1.0,570,1141.0,2026-09-08,14,False,,,,,,,,https://www.udr.com/orlando-apartments/altamonte-springs/altamira-place-apartment-homes/,2026-07-19,2026-08-02,,,,,Palm,1,11581
2026-08-02,UDR,Altamira Place Apartment Homes,,Orlando,UDR-altamira-place-apartment-homes-1br-570sqft-106,1,1.0,570,1232.0,2026-08-03,14,False,,,,,,,,https://www.udr.com/orlando-apartments/altamonte-springs/altamira-place-apartment-homes/,2026-04-26,2026-08-02,,,,,Palm,1,11581
2026-08-02,UDR,Altamira Place Apartment Homes,,Orlando,UDR-altamira-place-apartment-homes-1br-570sqft-104,1,1.0,570,1188.0,2026-09-01,14,False,,,,,,,,https://www.udr.com/orlando-apartments/altamonte-springs/altamira-place-apartment-homes/,2026-07-19,2026-08-02,,,,,Palm,1,11581
2026-08-02,UDR,Altamira Place Apartment Homes,,Orlando,UDR-altamira-place-apartment-homes-2br-955sqft-202,2,2.0,955,1409.0,2026-09-01,13,False,,,,,,,,https://www.udr.com/orlando-apartments/altamonte-springs/altamira-place-apartment-homes/,2026-05-23,2026-08-02,,,,,Oak,2,11581
2026-08-02,UDR,Altamira Place Apartment Homes,,Orlando,UDR-altamira-place-apartment-homes-1br-750sqft-103,1,1.0,750,1399.0,2026-08-18,14,False,,,,,,,,https://www.udr.com/orlando-apartments/altamonte-springs/altamira-place-apartment-homes/,2026-04-04,2026-08-02,,,,,Sable,1,11581
2026-08-02,UDR,Altamira Place Apartment Homes,,Orlando,UDR-altamira-place-apartment-homes-1br-750sqft-106,1,1.0,750,1349.0,2026-09-26,14,False,,,,,,,,https://www.udr.com/orlando-apartments/altamonte-springs/altamira-place-apartment-homes/,2026-04-04,2026-08-02,,,,,Sable,1,11581
2026-08-02,UDR,Altamira Place Apartment Homes,,Orlando,UDR-altamira-place-apartment-homes-1br-750sqft-106,1,1.0,750,1357.0,2026-10-06,13,False,,,,,,,,https://www.udr.com/orlando-apartments/altamonte-springs/altamira-place-apartment-homes/,2026-04-04,2026-08-02,,,,,Sable,1,11581
2026-08-02,UDR,Altamira Place Apartment Homes,,Orlando,UDR-altamira-place-apartment-homes-1br-750sqft-305,1,1.0,750,1417.0,2026-09-29,14,False,,,,,,,,https://www.udr.com/orlando-apartments/altamonte-springs/altamira-place-apartment-homes/,2026-07-19,2026-08-02,,,,,Sable,3,11581
2026-08-02,UDR,Altamira Place Apartment Homes,,Orlando,UDR-altamira-place-apartment-homes-1br-750sqft-206,1,1.0,750,1440.0,2026-10-06,13,False,,,,,,,,https://www.udr.com/orlando-apartments/altamonte-springs/altamira-place-apartment-homes/,2026-04-04,2026-08-02,,,,,Sable,2,11581
2026-08-02,UDR,Altamira Place Apartment Homes,,Orlando,UDR-altamira-place-apartment-homes-2br-915sqft-102,2,1.0,915,1455.0,2026-09-15,12,False,,,,,,,,https://www.udr.com/orlando-apartments/altamonte-springs/altamira-place-apartment-homes/,2026-04-04,2026-08-02,,,,,Maple,1,11581
2026-08-02,UDR,Altamira Place Apartment Homes,,Orlando,UDR-altamira-place-apartment-homes-2br-1080sqft-102,2,2.0,1080,1562.0,2026-08-19,13,False,,,,,,,,https://www.udr.com/orlando-apartments/altamonte-springs/altamira-place-apartment-homes/,2026-04-04,2026-08-02,,,,,Majestic,1,11581
2026-08-02,UDR,Altamira Place Apartment Homes,,Orlando,UDR-altamira-place-apartment-homes-2br-1080sqft-108,2,2.0,1080,1640.0,2026-08-04,14,False,,,,,,,,https://www.udr.com/orlando-apartments/altamonte-springs/altamira-place-apartment-homes/,2026-04-19,2026-08-02,,,,,Majestic,1,11581
2026-08-02,UDR,Altamira Place Apartment Homes,,Orlando,UDR-altamira-place-apartment-homes-2br-1080sqft-202,2,2.0,1080,1606.0,2026-09-22,13,False,,,,,,,,https://www.udr.com/orlando-apartments/altamonte-springs/altamira-place-apartment-homes/,2026-07-19,2026-08-02,,,,,Majestic,2,11581
2026-08-02,UDR,Altamira Place Apartment Homes,,Orlando,UDR-altamira-place-apartment-homes-2br-1080sqft-301,2,2.0,1080,1527.0,2026-09-01,13,False,,,,,,,,https://www.udr.com/orlando-apartments/altamonte-springs/altamira-place-apartment-homes/,2026-05-09,2026-08-02,,,,,Majestic,3,11581
2026-08-02,UDR,Altamira Place Apartment Homes,,Orlando,UDR-altamira-place-apartment-homes-2br-1080sqft-202,2,2.0,1080,1602.0,2026-09-29,13,False,,,,,,,,https://www.udr.com/orlando-apartments/altamonte-springs/altamira-place-apartment-homes/,2026-07-19,2026-08-02,,,,,Majestic,2,11581
2026-08-02,UDR,Altamira Place Apartment Homes,,Orlando,UDR-altamira-place-apartment-homes-2br-1080sqft-208,2,2.0,1080,1679.0,2026-09-15,12,False,,,,,,,,https://www.udr.com/orlando-apartments/altamonte-springs/altamira-place-apartment-homes/,2026-06-22,2026-08-02,,,,,Majestic,2,11581
2026-08-02,UDR,Altamira Place Apartment Homes,,Orlando,UDR-altamira-place-apartment-homes-2br-1080sqft-101,2,2.0,1080,1583.0,2026-10-06,12,False,,,,,,,,https://www.udr.com/orlando-apartments/altamonte-springs/altamira-place-apartment-homes/,2026-04-26,2026-08-02,,,,,Majestic,1,11581
2026-08-02,UDR,Altamira Place Apartment Homes,,Orlando,UDR-altamira-place-apartment-homes-2br-1080sqft-107,2,2.0,1080,1669.0,2026-09-15,12,False,,,,,,,,https://www.udr.com/orlando-apartments/altamonte-springs/altamira-place-apartment-homes/,2026-06-22,2026-08-02,,,,,Majestic,1,11581
2026-08-02,UDR,Altamira Place Apartment Homes,,Orlando,UDR-altamira-place-apartment-homes-2br-1080sqft-207,2,2.0,1080,1546.0,2026-08-19,13,False,,,,,,,,https://www.udr.com/orlando-apartments/altamonte-springs/altamira-place-apartment-homes/,2026-04-04,2026-08-02,,,,,Majestic,2,11581
2026-08-02,UDR,Altamira Place Apartment Homes,,Orlando,UDR-altamira-place-apartment-homes-2br-1080sqft-101,2,2.0,1080,1562.0,2026-08-08,14,False,,,,,,,,https://www.udr.com/orlando-apartments/altamonte-springs/altamira-place-apartment-homes/,2026-04-26,2026-08-02,,,,,Majestic,1,11581
2026-08-02,UDR,Altamira Place Apartment Homes,,Orlando,UDR-altamira-place-apartment-homes-2br-1080sqft-202,2,2.0,1080,1557.0,2026-09-08,13,False,,,,,,,,https://www.udr.com/orlando-apartments/altamonte-springs/altamira-place-apartment-homes/,2026-07-19,2026-08-02,,,,,Majestic,2,11581
2026-08-02,UDR,Andover House,,Washington DC,UDR-andover-house-1br-968sqft-0211,1,1.0,968,3026.0,2026-09-25,13,True,hard,Save 2 weeks off rent!,months_free,0.4616,3.55,3.55,2918.55,https://www.udr.com/washington-dc-apartments/thomas-circle/andover-house/,2026-07-19,2026-08-02,,,,,A1CD,2,22722
2026-08-02,UDR,Andover House,,Washington DC,UDR-andover-house-1br-732sqft-0820,1,1.0,732,2686.0,2026-09-11,12,True,hard,Save 2 weeks off rent!,months_free,0.4616,3.85,3.85,2582.68,https://www.udr.com/washington-dc-apartments/thomas-circle/andover-house/,2026-04-04,2026-08-02,,,,,A1D,8,22722
2026-08-02,UDR,Andover House,,Washington DC,UDR-andover-house-1br-732sqft-0920,1,1.0,732,2999.0,2026-09-09,12,True,hard,Save 2 weeks off rent!,months_free,0.4616,3.85,3.85,2883.64,https://www.udr.com/washington-dc-apartments/thomas-circle/andover-house/,2026-05-16,2026-08-02,,,,,A1D,9,22722
2026-08-02,UDR,Andover House,,Washington DC,UDR-andover-house-1br-743sqft-0212,1,1.0,743,2994.0,2026-10-07,13,True,hard,Save 2 weeks off rent!,months_free,0.4616,3.55,3.55,2887.69,https://www.udr.com/washington-dc-apartments/thomas-circle/andover-house/,2026-08-02,2026-08-02,,,,,A1E,2,22722
2026-08-02,UDR,Andover House,,Washington DC,UDR-andover-house-2br-1128sqft-0216,2,2.0,1128,4195.0,2026-09-25,13,True,hard,Save 2 weeks off rent!,months_free,0.4616,3.55,3.55,4046.05,https://www.udr.com/washington-dc-apartments/thomas-circle/andover-house/,2026-07-19,2026-08-02,,,,,B2B,2,22722
2026-08-02,UDR,Andover House,,Washington DC,UDR-andover-house-0br-585sqft-0802,0,1.0,585,2152.0,2026-08-25,13,True,hard,Save 2 weeks off rent!,months_free,0.4616,3.55,3.55,2075.59,https://www.udr.com/washington-dc-apartments/thomas-circle/andover-house/,2026-04-04,2026-08-02,,,,,E1A,8,22722
2026-08-02,UDR,Andover House,,Washington DC,UDR-andover-house-1br-750sqft-0306,1,1.0,750,2599.0,2026-09-10,12,True,hard,Save 2 weeks off rent!,months_free,0.4616,3.85,3.85,2499.03,https://www.udr.com/washington-dc-apartments/thomas-circle/andover-house/,2026-07-19,2026-08-02,,,,,A1F,3,22722
2026-08-02,UDR,Andover House,,Washington DC,UDR-andover-house-1br-750sqft-0406,1,1.0,750,2516.0,2026-08-29,13,True,hard,Save 2 weeks off rent!,months_free,0.4616,3.55,3.55,2426.66,https://www.udr.com/washington-dc-apartments/thomas-circle/andover-house/,2026-08-02,2026-08-02,,,,,A1F,4,22722
2026-08-02,UDR,Andover House,,Washington DC,UDR-andover-house-1br-750sqft-0506,1,1.0,750,2819.0,2026-09-17,12,True,hard,Save 2 weeks off rent!,months_free,0.4616,3.85,3.85,2710.56,https://www.udr.com/washington-dc-apartments/thomas-circle/andover-house/,2026-07-19,2026-08-02,,,,,A1F,5,22722
2026-08-02,UDR,Andover House,,Washington DC,UDR-andover-house-1br-750sqft-0704,1,1.0,750,2617.0,2026-09-11,12,True,hard,Save 2 weeks off rent!,months_free,0.4616,3.85,3.85,2516.33,https://www.udr.com/washington-dc-apartments/thomas-circle/andover-house/,2026-07-19,2026-08-02,,,,,A1F,7,22722
2026-08-02,UDR,Andover House,,Washington DC,UDR-andover-house-1br-750sqft-0808,1,1.0,750,2868.0,2026-08-26,13,True,hard,Save 2 weeks off rent!,months_free,0.4616,3.55,3.55,2766.16,https://www.udr.com/washington-dc-apartments/thomas-circle/andover-house/,2026-06-13,2026-08-02,,,,,A1F,8,22722
2026-08-02,UDR,Andover House,,Washington DC,UDR-andover-house-0br-600sqft-0603,0,1.0,600,2387.0,2026-09-11,12,True,hard,Save 2 weeks off rent!,months_free,0.4616,3.85,3.85,2295.18,https://www.udr.com/washington-dc-apartments/thomas-circle/andover-house/,2026-07-19,2026-08-02,,,,,E1B,6,22722
2026-08-02,UDR,Andover Place at Cross Creek,,Tampa,UDR-andover-place-at-cross-creek-1br-842sqft-208,1,1.0,842,1399.0,2026-09-01,15,False,,,,,,,,https://www.udr.com/tampa-apartments/new-tampa/andover-place-at-cross-creek/,2026-06-22,2026-08-02,,,,,One Bedroom A1,2,311062049
2026-08-02,UDR,Andover Place at Cross Creek,,Tampa,UDR-andover-place-at-cross-creek-1br-842sqft-110,1,1.0,842,1560.0,2026-09-05,16,False,,,,,,,,https://www.udr.com/tampa-apartments/new-tampa/andover-place-at-cross-creek/,2026-04-12,2026-08-02,,,,,One Bedroom A1,1,311062049
2026-08-02,UDR,Andover Place at Cross Creek,,Tampa,UDR-andover-place-at-cross-creek-1br-842sqft-303,1,1.0,842,1537.0,2026-08-03,14,False,,,,,,,,https://www.udr.com/tampa-apartments/new-tampa/andover-place-at-cross-creek/,2026-04-04,2026-08-02,,,,,One Bedroom A1,3,311062049
2026-08-02,UDR,Andover Place at Cross Creek,,Tampa,UDR-andover-place-at-cross-creek-1br-842sqft-108,1,1.0,842,1442.0,2026-08-03,14,False,,,,,,,,https://www.udr.com/tampa-apartments/new-tampa/andover-place-at-cross-creek/,2026-05-23,2026-08-02,,,,,One Bedroom A1,1,311062049
2026-08-02,UDR,Andover Place at Cross Creek,,Tampa,UDR-andover-place-at-cross-creek-1br-842sqft-203,1,1.0,842,1309.0,2026-08-11,14,False,,,,,,,,https://www.udr.com/tampa-apartments/new-tampa/andover-place-at-cross-creek/,2026-04-04,2026-08-02,,,,,One Bedroom A1,2,311062049
2026-08-02,UDR,Andover Place at Cross Creek,,Tampa,UDR-andover-place-at-cross-creek-1br-842sqft-101,1,1.0,842,1508.0,2026-10-13,12,False,,,,,,,,https://www.udr.com/tampa-apartments/new-tampa/andover-place-at-cross-creek/,2026-05-23,2026-08-02,,,,,One Bedroom A1,1,311062049
2026-08-02,UDR,Andover Place at Cross Creek,,Tampa,UDR-andover-place-at-cross-creek-1br-842sqft-303,1,1.0,842,1357.0,2026-09-22,13,False,,,,,,,,https://www.udr.com/tampa-apartments/new-tampa/andover-place-at-cross-creek/,2026-04-04,2026-08-02,,,,,One Bedroom A1,3,311062049
2026-08-02,UDR,Andover Place at Cross Creek,,Tampa,UDR-andover-place-at-cross-creek-1br-842sqft-108,1,1.0,842,1555.0,2026-10-06,12,False,,,,,,,,https://www.udr.com/tampa-apartments/new-tampa/andover-place-at-cross-creek/,2026-05-23,2026-08-02,,,,,One Bedroom A1,1,311062049
2026-08-02,UDR,Andover Place at Cross Creek,,Tampa,UDR-andover-place-at-cross-creek-1br-842sqft-208,1,1.0,842,1324.0,2026-08-04,14,False,,,,,,,,https://www.udr.com/tampa-apartments/new-tampa/andover-place-at-cross-creek/,2026-06-22,2026-08-02,,,,,One Bedroom A1,2,311062049
2026-08-02,UDR,Andover Place at Cross Creek,,Tampa,UDR-andover-place-at-cross-creek-1br-842sqft-101,1,1.0,842,1500.0,2026-09-16,16,False,,,,,,,,https://www.udr.com/tampa-apartments/new-tampa/andover-place-at-cross-creek/,2026-05-23,2026-08-02,,,,,One Bedroom A1,1,311062049
2026-08-02,UDR,Andover Place at Cross Creek,,Tampa,UDR-andover-place-at-cross-creek-1br-842sqft-103,1,1.0,842,1489.0,2026-08-03,14,False,,,,,,,,https://www.udr.com/tampa-apartments/new-tampa/andover-place-at-cross-creek/,2026-04-04,2026-08-02,,,,,One Bedroom A1,1,311062049
2026-08-02,UDR,Andover Place at Cross Creek,,Tampa,UDR-andover-place-at-cross-creek-1br-842sqft-101,1,1.0,842,1415.0,2026-08-03,14,False,,,,,,,,https://www.udr.com/tampa-apartments/new-tampa/andover-place-at-cross-creek/,2026-05-23,2026-08-02,,,,,One Bedroom A1,1,311062049
2026-08-02,UDR,Andover Place at Cross Creek,,Tampa,UDR-andover-place-at-cross-creek-1br-842sqft-210,1,1.0,842,1451.0,2026-08-09,14,False,,,,,,,,https://www.udr.com/tampa-apartments/new-tampa/andover-place-at-cross-creek/,2026-04-04,2026-08-02,,,,,One Bedroom A1,2,311062049
2026-08-02,UDR,Andover Place at Cross Creek,,Tampa,UDR-andover-place-at-cross-creek-1br-842sqft-110,1,1.0,842,1433.0,2026-08-03,14,False,,,,,,,,https://www.udr.com/tampa-apartments/new-tampa/andover-place-at-cross-creek/,2026-04-12,2026-08-02,,,,,One Bedroom A1,1,311062049
2026-08-02,UDR,Andover Place at Cross Creek,,Tampa,UDR-andover-place-at-cross-creek-1br-842sqft-312,1,1.0,842,1444.0,2026-11-06,16,False,,,,,,,,https://www.udr.com/tampa-apartments/new-tampa/andover-place-at-cross-creek/,2026-04-04,2026-08-02,,,,,One Bedroom A1,3,311062049
2026-08-02,UDR,Andover Place at Cross Creek,,Tampa,UDR-andover-place-at-cross-creek-3br-1380sqft-209,3,2.0,1380,1759.0,2026-10-17,12,False,,,,,,,,https://www.udr.com/tampa-apartments/new-tampa/andover-place-at-cross-creek/,2026-05-09,2026-08-02,,,,,Three Bedroom C2,2,311062049
2026-08-02,UDR,Andover Place at Cross Creek,,Tampa,UDR-andover-place-at-cross-creek-3br-1380sqft-111,3,2.0,1380,1977.0,2026-09-18,13,False,,,,,,,,https://www.udr.com/tampa-apartments/new-tampa/andover-place-at-cross-creek/,2026-04-19,2026-08-02,,,,,Three Bedroom C2,1,311062049
2026-08-02,UDR,Andover Place at Cross Creek,,Tampa,UDR-andover-place-at-cross-creek-3br-1380sqft-204,3,2.0,1380,1628.0,2026-08-03,14,False,,,,,,,,https://www.udr.com/tampa-apartments/new-tampa/andover-place-at-cross-creek/,2026-04-12,2026-08-02,,,,,Three Bedroom C2,2,311062049
2026-08-02,UDR,Andover Place at Cross Creek,,Tampa,UDR-andover-place-at-cross-creek-3br-1380sqft-211,3,2.0,1380,1758.0,2026-09-05,16,False,,,,,,,,https://www.udr.com/tampa-apartments/new-tampa/andover-place-at-cross-creek/,2026-04-04,2026-08-02,,,,,Three Bedroom C2,2,311062049
2026-08-02,UDR,Andover Place at Cross Creek,,Tampa,UDR-andover-place-at-cross-creek-3br-1380sqft-202,3,2.0,1380,1793.0,2026-09-05,16,False,,,,,,,,https://www.udr.com/tampa-apartments/new-tampa/andover-place-at-cross-creek/,2026-06-22,2026-08-02,,,,,Three Bedroom C2,2,311062049
2026-08-02,UDR,Andover Place at Cross Creek,,Tampa,UDR-andover-place-at-cross-creek-3br-1380sqft-304,3,2.0,1380,1744.0,2026-08-03,14,False,,,,,,,,https://www.udr.com/tampa-apartments/new-tampa/andover-place-at-cross-creek/,2026-05-09,2026-08-02,,,,,Three Bedroom C2,3,311062049
2026-08-02,UDR,Andover Place at Cross Creek,,Tampa,UDR-andover-place-at-cross-creek-2br-1105sqft-201,2,1.0,1105,1350.0,2026-08-08,13,False,,,,,,,,https://www.udr.com/tampa-apartments/new-tampa/andover-place-at-cross-creek/,2026-04-04,2026-08-02,,,,,Two Bedroom B1,2,311062049
2026-08-02,UDR,Andover Place at Cross Creek,,Tampa,UDR-andover-place-at-cross-creek-2br-1105sqft-303,2,1.0,1105,1442.0,2026-10-03,16,False,,,,,,,,https://www.udr.com/tampa-apartments/new-tampa/andover-place-at-cross-creek/,2026-04-04,2026-08-02,,,,,Two Bedroom B1,3,311062049
2026-08-02,UDR,Andover Place at Cross Creek,,Tampa,UDR-andover-place-at-cross-creek-2br-1105sqft-302,2,1.0,1105,1552.0,2026-09-01,12,False,,,,,,,,https://www.udr.com/tampa-apartments/new-tampa/andover-place-at-cross-creek/,2026-05-09,2026-08-02,,,,,Two Bedroom B1,3,311062049
2026-08-02,UDR,Andover Place at Cross Creek,,Tampa,UDR-andover-place-at-cross-creek-2br-1105sqft-207,2,1.0,1105,1467.0,2026-08-25,14,False,,,,,,,,https://www.udr.com/tampa-apartments/new-tampa/andover-place-at-cross-creek/,2026-04-04,2026-08-02,,,,,Two Bedroom B1,2,311062049
2026-08-02,UDR,Andover Place at Cross Creek,,Tampa,UDR-andover-place-at-cross-creek-2br-1105sqft-201,2,1.0,1105,1512.0,2026-08-08,13,False,,,,,,,,https://www.udr.com/tampa-apartments/new-tampa/andover-place-at-cross-creek/,2026-04-04,2026-08-02,,,,,Two Bedroom B1,2,311062049
2026-08-02,UDR,Andover Place at Cross Creek,,Tampa,UDR-andover-place-at-cross-creek-2br-1105sqft-206,2,1.0,1105,1473.0,2026-08-29,13,False,,,,,,,,https://www.udr.com/tampa-apartments/new-tampa/andover-place-at-cross-creek/,2026-07-19,2026-08-02,,,,,Two Bedroom B1,2,311062049
2026-08-02,UDR,Andover Place at Cross Creek,,Tampa,UDR-andover-place-at-cross-creek-2br-1105sqft-208,2,1.0,1105,1420.0,2026-09-25,13,False,,,,,,,,https://www.udr.com/tampa-apartments/new-tampa/andover-place-at-cross-creek/,2026-08-02,2026-08-02,,,,,Two Bedroom B1,2,311062049
2026-08-02,UDR,Andover Place at Cross Creek,,Tampa,UDR-andover-place-at-cross-creek-2br-1105sqft-301,2,1.0,1105,1589.0,2026-08-09,13,False,,,,,,,,https://www.udr.com/tampa-apartments/new-tampa/andover-place-at-cross-creek/,2026-05-09,2026-08-02,,,,,Two Bedroom B1,3,311062049
2026-08-02,UDR,Andover Place at Cross Creek,,Tampa,UDR-andover-place-at-cross-creek-2br-1105sqft-201,2,1.0,1105,1612.0,2026-09-01,12,False,,,,,,,,https://www.udr.com/tampa-apartments/new-tampa/andover-place-at-cross-creek/,2026-04-04,2026-08-02,,,,,Two Bedroom B1,2,311062049
2026-08-02,UDR,Andover Place at Cross Creek,,Tampa,UDR-andover-place-at-cross-creek-2br-1105sqft-303,2,1.0,1105,1575.0,2026-08-03,13,False,,,,,,,,https://www.udr.com/tampa-apartments/new-tampa/andover-place-at-cross-creek/,2026-04-04,2026-08-02,,,,,Two Bedroom B1,3,311062049
2026-08-02,UDR,Andover Place at Cross Creek,,Tampa,UDR-andover-place-at-cross-creek-2br-1163sqft-304,2,2.0,1163,1721.0,2026-08-05,13,False,,,,,,,,https://www.udr.com/tampa-apartments/new-tampa/andover-place-at-cross-creek/,2026-05-23,2026-08-02,,,,,Two Bedroom B2A,3,311062049
2026-08-02,UDR,Andover Place at Cross Creek,,Tampa,UDR-andover-place-at-cross-creek-2br-1163sqft-106,2,2.0,1163,1864.0,2026-10-06,16,False,,,,,,,,https://www.udr.com/tampa-apartments/new-tampa/andover-place-at-cross-creek/,2026-04-26,2026-08-02,,,,,Two Bedroom B2A,1,311062049
2026-08-02,UDR,Andover Place at Cross Creek,,Tampa,UDR-andover-place-at-cross-creek-2br-1163sqft-206,2,2.0,1163,1481.0,2026-09-04,12,False,,,,,,,,https://www.udr.com/tampa-apartments/new-tampa/andover-place-at-cross-creek/,2026-04-12,2026-08-02,,,,,Two Bedroom B2A,2,311062049
2026-08-02,UDR,Andover Place at Cross Creek,,Tampa,UDR-andover-place-at-cross-creek-2br-1163sqft-207,2,2.0,1163,1879.0,2026-09-02,12,False,,,,,,,,https://www.udr.com/tampa-apartments/new-tampa/andover-place-at-cross-creek/,2026-04-04,2026-08-02,,,,,Two Bedroom B2A,2,311062049
2026-08-02,UDR,Andover Place at Cross Creek,,Tampa,UDR-andover-place-at-cross-creek-2br-1163sqft-307,2,2.0,1163,1769.0,2026-09-23,12,False,,,,,,,,https://www.udr.com/tampa-apartments/new-tampa/andover-place-at-cross-creek/,2026-07-19,2026-08-02,,,,,Two Bedroom B2A,3,311062049
2026-08-02,UDR,Andover Place at Cross Creek,,Tampa,UDR-andover-place-at-cross-creek-2br-1289sqft-104,2,2.0,1289,1811.0,2026-08-03,13,False,,,,,,,,https://www.udr.com/tampa-apartments/new-tampa/andover-place-at-cross-creek/,2026-04-04,2026-08-02,,,,,Two Bedroom B2B,1,311062049
2026-08-02,UDR,Andover Place at Cross Creek,,Tampa,UDR-andover-place-at-cross-creek-2br-1289sqft-205,2,2.0,1289,1608.0,2026-09-08,12,False,,,,,,,,https://www.udr.com/tampa-apartments/new-tampa/andover-place-at-cross-creek/,2026-04-04,2026-08-02,,,,,Two Bedroom B2B,2,311062049
2026-08-02,UDR,Andover Place at Cross Creek,,Tampa,UDR-andover-place-at-cross-creek-2br-1289sqft-102,2,2.0,1289,1806.0,2026-08-18,13,False,,,,,,,,https://www.udr.com/tampa-apartments/new-tampa/andover-place-at-cross-creek/,2026-04-04,2026-08-02,,,,,Two Bedroom B2B,1,311062049
2026-08-02,UDR,Andover Place at Cross Creek,,Tampa,UDR-andover-place-at-cross-creek-2br-1289sqft-104,2,2.0,1289,1643.0,2026-09-03,12,False,,,,,,,,https://www.udr.com/tampa-apartments/new-tampa/andover-place-at-cross-creek/,2026-04-04,2026-08-02,,,,,Two Bedroom B2B,1,311062049
2026-08-02,UDR,Andover Place at Cross Creek,,Tampa,UDR-andover-place-at-cross-creek-2br-1289sqft-202,2,2.0,1289,1749.0,2026-09-16,12,False,,,,,,,,https://www.udr.com/tampa-apartments/new-tampa/andover-place-at-cross-creek/,2026-07-19,2026-08-02,,,,,Two Bedroom B2B,2,311062049
2026-08-02,UDR,Andover Place at Cross Creek,,Tampa,UDR-andover-place-at-cross-creek-2br-1289sqft-307,2,2.0,1289,1522.0,2026-08-03,13,False,,,,,,,,https://www.udr.com/tampa-apartments/new-tampa/andover-place-at-cross-creek/,2026-05-09,2026-08-02,,,,,Two Bedroom B2B,3,311062049
2026-08-02,UDR,Arbor Park of Alexandria,,Washington DC,UDR-arbor-park-of-alexandria-2br-1065sqft-4702,2,2.0,1065,2070.0,2026-10-23,13,True,hard,Save up to 2 Weeks off rent!,months_free,0.4616,3.55,3.55,1996.5,https://www.udr.com/washington-dc-apartments/alexandria/arbor-park-of-alexandria/,2026-08-02,2026-08-02,,,,,Two Bedroom B2A,1,51500
2026-08-02,UDR,Arbor Park of Alexandria,,Washington DC,UDR-arbor-park-of-alexandria-2br-1065sqft-6308,2,2.0,1065,2016.0,2026-09-03,13,True,hard,Save up to 2 Weeks off rent!,months_free,0.4616,3.55,3.55,1944.42,https://www.udr.com/washington-dc-apartments/alexandria/arbor-park-of-alexandria/,2026-07-19,2026-08-02,,,,,Two Bedroom B2A,1,51500
2026-08-02,UDR,Arbor Park of Alexandria,,Washington DC,UDR-arbor-park-of-alexandria-2br-1065sqft-6337,2,2.0,1065,2332.0,2026-09-26,13,True,hard,Save up to 2 Weeks off rent!,months_free,0.4616,3.55,3.55,2249.2,https://www.udr.com/washington-dc-apartments/alexandria/arbor-park-of-alexandria/,2026-07-19,2026-08-02,,,,,Two Bedroom B2A,1,51500
2026-08-02,UDR,Arbor Park of Alexandria,,Washington DC,UDR-arbor-park-of-alexandria-2br-1065sqft-6458,2,2.0,1065,2073.0,2026-08-03,12,True,hard,Save up to 2 Weeks off rent!,months_free,0.4616,3.85,3.85,1993.26,https://www.udr.com/washington-dc-apartments/alexandria/arbor-park-of-alexandria/,2026-04-04,2026-08-02,,,,,Two Bedroom B2A,1,51500
2026-08-02,UDR,Arbor Park of Alexandria,,Washington DC,UDR-arbor-park-of-alexandria-2br-1115sqft-4504,2,2.0,1115,2071.0,2026-08-28,13,True,hard,Save up to 2 Weeks off rent!,months_free,0.4616,3.55,3.55,1997.46,https://www.udr.com/washington-dc-apartments/alexandria/arbor-park-of-alexandria/,2026-07-19,2026-08-02,,,,,Two Bedroom B2B,1,51500
2026-08-02,UDR,Arbor Park of Alexandria,,Washington DC,UDR-arbor-park-of-alexandria-2br-1115sqft-4717,2,2.0,1115,2266.0,2026-08-03,12,True,hard,Save up to 2 Weeks off rent!,months_free,0.4616,3.85,3.85,2178.83,https://www.udr.com/washington-dc-apartments/alexandria/arbor-park-of-alexandria/,2026-05-16,2026-08-02,,,,,Two Bedroom B2B,1,51500
2026-08-02,UDR,Arbor Park of Alexandria,,Washington DC,UDR-arbor-park-of-alexandria-2br-1115sqft-6309,2,2.0,1115,2120.0,2026-09-16,13,True,hard,Save up to 2 Weeks off rent!,months_free,0.4616,3.55,3.55,2044.72,https://www.udr.com/washington-dc-apartments/alexandria/arbor-park-of-alexandria/,2026-07-19,2026-08-02,,,,,Two Bedroom B2B,1,51500
2026-08-02,UDR,Arbor Park of Alexandria,,Washington DC,UDR-arbor-park-of-alexandria-2br-1115sqft-6327,2,2.0,1115,2135.0,2026-08-22,13,True,hard,Save up to 2 Weeks off rent!,months_free,0.4616,3.55,3.55,2059.19,https://www.udr.com/washington-dc-apartments/alexandria/arbor-park-of-alexandria/,2026-06-22,2026-08-02,,,,,Two Bedroom B2B,1,51500
2026-08-02,UDR,Arbor Park of Alexandria,,Washington DC,UDR-arbor-park-of-alexandria-2br-1115sqft-6337,2,2.0,1115,2106.0,2026-08-21,13,True,hard,Save up to 2 Weeks off rent!,months_free,0.4616,3.55,3.55,2031.22,https://www.udr.com/washington-dc-apartments/alexandria/arbor-park-of-alexandria/,2026-06-08,2026-08-02,,,,,Two Bedroom B2B,1,51500
2026-08-02,UDR,Arbor Park of Alexandria,,Washington DC,UDR-arbor-park-of-alexandria-2br-1115sqft-6339,2,2.0,1115,2131.0,2026-09-05,13,True,hard,Save up to 2 Weeks off rent!,months_free,0.4616,3.55,3.55,2055.33,https://www.udr.com/washington-dc-apartments/alexandria/arbor-park-of-alexandria/,2026-04-26,2026-08-02,,,,,Two Bedroom B2B,1,51500
2026-08-02,UDR,Arbor Park of Alexandria,,Washington DC,UDR-arbor-park-of-alexandria-2br-1115sqft-6346,2,2.0,1115,2074.0,2026-08-14,12,True,hard,Save up to 2 Weeks off rent!,months_free,0.4616,3.85,3.85,1994.22,https://www.udr.com/washington-dc-apartments/alexandria/arbor-park-of-alexandria/,2026-06-08,2026-08-02,,,,,Two Bedroom B2B,1,51500
2026-08-02,UDR,Arbor Park of Alexandria,,Washington DC,UDR-arbor-park-of-alexandria-2br-1115sqft-6348,2,2.0,1115,2173.0,2026-08-03,12,True,hard,Save up to 2 Weeks off rent!,months_free,0.4616,3.85,3.85,2089.41,https://www.udr.com/washington-dc-apartments/alexandria/arbor-park-of-alexandria/,2026-05-16,2026-08-02,,,,,Two Bedroom B2B,1,51500
2026-08-02,UDR,Arbor Park of Alexandria,,Washington DC,UDR-arbor-park-of-alexandria-2br-1115sqft-6423,2,2.0,1115,2067.0,2026-08-14,12,True,hard,Save up to 2 Weeks off rent!,months_free,0.4616,3.85,3.85,1987.49,https://www.udr.com/washington-dc-apartments/alexandria/arbor-park-of-alexandria/,2026-06-22,2026-08-02,,,,,Two Bedroom B2B,1,51500
2026-08-02,UDR,Arbor Park of Alexandria,,Washington DC,UDR-arbor-park-of-alexandria-2br-1115sqft-6428,2,2.0,1115,2097.0,2026-08-21,13,True,hard,Save up to 2 Weeks off rent!,months_free,0.4616,3.55,3.55,2022.54,https://www.udr.com/washington-dc-apartments/alexandria/arbor-park-of-alexandria/,2026-06-22,2026-08-02,,,,,Two Bedroom B2B,1,51500
2026-08-02,UDR,Arbor Park of Alexandria,,Washington DC,UDR-arbor-park-of-alexandria-2br-1140sqft-4520,2,2.5,1140,2444.0,2026-08-03,12,True,hard,Save up to 2 Weeks off rent!,months_free,0.4616,3.85,3.85,2349.99,https://www.udr.com/washington-dc-apartments/alexandria/arbor-park-of-alexandria/,2026-05-09,2026-08-02,,,,,Two Bedroom Townhome B2.5T,1,51500
2026-08-02,UDR,Arbor Park of Alexandria,,Washington DC,UDR-arbor-park-of-alexandria-2br-1140sqft-4559,2,2.5,1140,2104.0,2026-08-28,13,True,hard,Save up to 2 Weeks off rent!,months_free,0.4616,3.55,3.55,2029.29,https://www.udr.com/washington-dc-apartments/alexandria/arbor-park-of-alexandria/,2026-06-22,2026-08-02,,,,,Two Bedroom Townhome B2.5T,1,51500
2026-08-02,UDR,Arbor Park of Alexandria,,Washington DC,UDR-arbor-park-of-alexandria-2br-1140sqft-4565,2,2.5,1140,2116.0,2026-08-03,12,True,hard,Save up to 2 Weeks off rent!,months_free,0.4616,3.85,3.85,2034.6,https://www.udr.com/washington-dc-apartments/alexandria/arbor-park-of-alexandria/,2026-08-02,2026-08-02,,,,,Two Bedroom Townhome B2.5T,1,51500
2026-08-02,UDR,Arbor Park of Alexandria,,Washington DC,UDR-arbor-park-of-alexandria-2br-1140sqft-4582,2,2.5,1140,2146.0,2026-08-15,12,True,hard,Save up to 2 Weeks off rent!,months_free,0.4616,3.85,3.85,2063.45,https://www.udr.com/washington-dc-apartments/alexandria/arbor-park-of-alexandria/,2026-06-13,2026-08-02,,,,,Two Bedroom Townhome B2.5T,1,51500
2026-08-02,UDR,Arbor Park of Alexandria,,Washington DC,UDR-arbor-park-of-alexandria-2br-1140sqft-4659,2,2.5,1140,2425.0,2026-10-03,12,True,hard,Save up to 2 Weeks off rent!,months_free,0.4616,3.85,3.85,2331.72,https://www.udr.com/washington-dc-apartments/alexandria/arbor-park-of-alexandria/,2026-07-19,2026-08-02,,,,,Two Bedroom Townhome B2.5T,1,51500
2026-08-02,UDR,Arbor Park of Alexandria,,Washington DC,UDR-arbor-park-of-alexandria-2br-1140sqft-4702,2,2.5,1140,2278.0,2026-08-03,12,True,hard,Save up to 2 Weeks off rent!,months_free,0.4616,3.85,3.85,2190.37,https://www.udr.com/washington-dc-apartments/alexandria/arbor-park-of-alexandria/,2026-04-26,2026-08-02,,,,,Two Bedroom Townhome B2.5T,1,51500
2026-08-02,UDR,Arbor Park of Alexandria,,Washington DC,UDR-arbor-park-of-alexandria-2br-1140sqft-4738,2,2.5,1140,2224.0,2026-09-04,13,True,hard,Save up to 2 Weeks off rent!,months_free,0.4616,3.55,3.55,2145.03,https://www.udr.com/washington-dc-apartments/alexandria/arbor-park-of-alexandria/,2026-06-08,2026-08-02,,,,,Two Bedroom Townhome B2.5T,1,51500
2026-08-02,UDR,Arbor Park of Alexandria,,Washington DC,UDR-arbor-park-of-alexandria-2br-1140sqft-4741,2,2.5,1140,2041.0,2026-08-03,12,True,hard,Save up to 2 Weeks off rent!,months_free,0.4616,3.85,3.85,1962.49,https://www.udr.com/washington-dc-apartments/alexandria/arbor-park-of-alexandria/,2026-06-13,2026-08-02,,,,,Two Bedroom Townhome B2.5T,1,51500
2026-08-02,UDR,Arbor Park of Alexandria,,Washington DC,UDR-arbor-park-of-alexandria-2br-1140sqft-4766,2,2.5,1140,2127.0,2026-08-29,13,True,hard,Save up to 2 Weeks off rent!,months_free,0.4616,3.55,3.55,2051.48,https://www.udr.com/washington-dc-apartments/alexandria/arbor-park-of-alexandria/,2026-08-02,2026-08-02,,,,,Two Bedroom Townhome B2.5T,1,51500
2026-08-02,UDR,Arbor Park of Alexandria,,Washington DC,UDR-arbor-park-of-alexandria-2br-1140sqft-4770,2,2.5,1140,2485.0,2026-10-02,12,True,hard,Save up to 2 Weeks off rent!,months_free,0.4616,3.85,3.85,2389.41,https://www.udr.com/washington-dc-apartments/alexandria/arbor-park-of-alexandria/,2026-04-04,2026-08-02,,,,,Two Bedroom Townhome B2.5T,1,51500
2026-08-02,UDR,Arbor Park of Alexandria,,Washington DC,UDR-arbor-park-of-alexandria-2br-1140sqft-6321,2,2.5,1140,2095.0,2026-08-03,12,True,hard,Save up to 2 Weeks off rent!,months_free,0.4616,3.85,3.85,2014.41,https://www.udr.com/washington-dc-apartments/alexandria/arbor-park-of-alexandria/,2026-04-12,2026-08-02,,,,,Two Bedroom Townhome B2.5T,1,51500
2026-08-02,UDR,Arbor Park of Alexandria,,Washington DC,UDR-arbor-park-of-alexandria-2br-1140sqft-6327,2,2.5,1140,2083.0,2026-09-05,13,True,hard,Save up to 2 Weeks off rent!,months_free,0.4616,3.55,3.55,2009.04,https://www.udr.com/washington-dc-apartments/alexandria/arbor-park-of-alexandria/,2026-07-19,2026-08-02,,,,,Two Bedroom Townhome B2.5T,1,51500
2026-08-02,UDR,Arbor Park of Alexandria,,Washington DC,UDR-arbor-park-of-alexandria-2br-1140sqft-6366,2,2.5,1140,2257.0,2026-09-15,13,True,hard,Save up to 2 Weeks off rent!,months_free,0.4616,3.55,3.55,2176.86,https://www.udr.com/washington-dc-apartments/alexandria/arbor-park-of-alexandria/,2026-07-19,2026-08-02,,,,,Two Bedroom Townhome B2.5T,1,51500
2026-08-02,UDR,Arbor Park of Alexandria,,Washington DC,UDR-arbor-park-of-alexandria-2br-1140sqft-6370,2,2.5,1140,2353.0,2026-08-03,12,True,hard,Save up to 2 Weeks off rent!,months_free,0.4616,3.85,3.85,2262.49,https://www.udr.com/washington-dc-apartments/alexandria/arbor-park-of-alexandria/,2026-04-12,2026-08-02,,,,,Two Bedroom Townhome B2.5T,1,51500
2026-08-02,UDR,Arbor Park of Alexandria,,Washington DC,UDR-arbor-park-of-alexandria-2br-1140sqft-6382,2,2.5,1140,2385.0,2026-08-14,12,True,hard,Save up to 2 Weeks off rent!,months_free,0.4616,3.85,3.85,2293.26,https://www.udr.com/washington-dc-apartments/alexandria/arbor-park-of-alexandria/,2026-08-02,2026-08-02,,,,,Two Bedroom Townhome B2.5T,1,51500
2026-08-02,UDR,Arbor Park of Alexandria,,Washington DC,UDR-arbor-park-of-alexandria-2br-1140sqft-6386,2,2.5,1140,2446.0,2026-09-29,13,True,hard,Save up to 2 Weeks off rent!,months_free,0.4616,3.55,3.55,2359.15,https://www.udr.com/washington-dc-apartments/alexandria/arbor-park-of-alexandria/,2026-07-19,2026-08-02,,,,,Two Bedroom Townhome B2.5T,1,51500
2026-08-02,UDR,Arbor Park of Alexandria,,Washington DC,UDR-arbor-park-of-alexandria-2br-1140sqft-6414,2,2.5,1140,2196.0,2026-08-03,12,True,hard,Save up to 2 Weeks off rent!,months_free,0.4616,3.85,3.85,2111.53,https://www.udr.com/washington-dc-apartments/alexandria/arbor-park-of-alexandria/,2026-04-04,2026-08-02,,,,,Two Bedroom Townhome B2.5T,1,51500
2026-08-02,UDR,Arbor Park of Alexandria,,Washington DC,UDR-arbor-park-of-alexandria-2br-1140sqft-6420,2,2.5,1140,2072.0,2026-08-21,13,True,hard,Save up to 2 Weeks off rent!,months_free,0.4616,3.55,3.55,1998.43,https://www.udr.com/washington-dc-apartments/alexandria/arbor-park-of-alexandria/,2026-05-23,2026-08-02,,,,,Two Bedroom Townhome B2.5T,1,51500
2026-08-02,UDR,Arbor Park of Alexandria,,Washington DC,UDR-arbor-park-of-alexandria-2br-1140sqft-6421,2,2.5,1140,2402.0,2026-08-28,13,True,hard,Save up to 2 Weeks off rent!,months_free,0.4616,3.55,3.55,2316.71,https://www.udr.com/washington-dc-apartments/alexandria/arbor-park-of-alexandria/,2026-05-03,2026-08-02,,,,,Two Bedroom Townhome B2.5T,1,51500
2026-08-02,UDR,Arbor Park of Alexandria,,Washington DC,UDR-arbor-park-of-alexandria-2br-1140sqft-6423,2,2.5,1140,2081.0,2026-09-11,13,True,hard,Save up to 2 Weeks off rent!,months_free,0.4616,3.55,3.55,2007.11,https://www.udr.com/washington-dc-apartments/alexandria/arbor-park-of-alexandria/,2026-07-19,2026-08-02,,,,,Two Bedroom Townhome B2.5T,1,51500
2026-08-02,UDR,Arbor Park of Alexandria,,Washington DC,UDR-arbor-park-of-alexandria-2br-1140sqft-6433,2,2.5,1140,2255.0,2026-08-03,12,True,hard,Save up to 2 Weeks off rent!,months_free,0.4616,3.85,3.85,2168.26,https://www.udr.com/washington-dc-apartments/alexandria/arbor-park-of-alexandria/,2026-05-09,2026-08-02,,,,,Two Bedroom Townhome B2.5T,1,51500
2026-08-02,UDR,Arbor Park of Alexandria,,Washington DC,UDR-arbor-park-of-alexandria-2br-1140sqft-6435,2,2.5,1140,2160.0,2026-09-25,13,True,hard,Save up to 2 Weeks off rent!,months_free,0.4616,3.55,3.55,2083.3,https://www.udr.com/washington-dc-apartments/alexandria/arbor-park-of-alexandria/,2026-08-02,2026-08-02,,,,,Two Bedroom Townhome B2.5T,1,51500
2026-08-02,UDR,Arbor Park of Alexandria,,Washington DC,UDR-arbor-park-of-alexandria-2br-1140sqft-6453,2,2.5,1140,2188.0,2026-09-05,13,True,hard,Save up to 2 Weeks off rent!,months_free,0.4616,3.55,3.55,2110.31,https://www.udr.com/washington-dc-apartments/alexandria/arbor-park-of-alexandria/,2026-06-22,2026-08-02,,,,,Two Bedroom Townhome B2.5T,1,51500
2026-08-02,UDR,Arbor Park of Alexandria,,Washington DC,UDR-arbor-park-of-alexandria-2br-1140sqft-6498,2,2.5,1140,2195.0,2026-09-26,13,True,hard,Save up to 2 Weeks off rent!,months_free,0.4616,3.55,3.55,2117.06,https://www.udr.com/washington-dc-apartments/alexandria/arbor-park-of-alexandria/,2026-08-02,2026-08-02,,,,,Two Bedroom Townhome B2.5T,1,51500
2026-08-02,UDR,Arbor Park of Alexandria,,Washington DC,UDR-arbor-park-of-alexandria-1br-725sqft-6306,1,1.0,725,1600.0,2026-08-03,13,True,hard,Save up to 2 Weeks off rent!,months_free,0.4616,3.55,3.55,1543.19,https://www.udr.com/washington-dc-apartments/alexandria/arbor-park-of-alexandria/,2026-08-02,2026-08-02,,,,,One Bedroom A1A,1,51500
2026-08-02,UDR,Arbor Park of Alexandria,,Washington DC,UDR-arbor-park-of-alexandria-1br-725sqft-6441,1,1.0,725,1831.0,2026-09-29,13,True,hard,Save up to 2 Weeks off rent!,months_free,0.4616,3.55,3.55,1765.99,https://www.udr.com/washington-dc-apartments/alexandria/arbor-park-of-alexandria/,2026-07-19,2026-08-02,,,,,One Bedroom A1A,1,51500
2026-08-02,UDR,Arbor Park of Alexandria,,Washington DC,UDR-arbor-park-of-alexandria-1br-785sqft-0101,1,1.0,785,1852.0,2026-09-04,12,True,hard,Save up to 2 Weeks off rent!,months_free,0.4616,3.85,3.85,1780.76,https://www.udr.com/washington-dc-apartments/alexandria/arbor-park-of-alexandria/,2026-04-04,2026-08-02,,,,,One Bedroom A1B,1,51500
2026-08-02,UDR,Arbor Park of Alexandria,,Washington DC,UDR-arbor-park-of-alexandria-1br-785sqft-0101,1,1.0,785,1943.0,2026-10-23,13,True,hard,Save up to 2 Weeks off rent!,months_free,0.4616,3.55,3.55,1874.01,https://www.udr.com/washington-dc-apartments/alexandria/arbor-park-of-alexandria/,2026-04-04,2026-08-02,,,,,One Bedroom A1B,1,51500
2026-08-02,UDR,Arbor Park of Alexandria,,Washington DC,UDR-arbor-park-of-alexandria-1br-785sqft-0101,1,1.0,785,1714.0,2026-10-10,12,True,hard,Save up to 2 Weeks off rent!,months_free,0.4616,3.85,3.85,1648.07,https://www.udr.com/washington-dc-apartments/alexandria/arbor-park-of-alexandria/,2026-04-04,2026-08-02,,,,,One Bedroom A1B,1,51500
2026-08-02,UDR,Arbor Park of Alexandria,,Washington DC,UDR-arbor-park-of-alexandria-1br-785sqft-0102,1,1.0,785,1713.0,2026-08-21,12,True,hard,Save up to 2 Weeks off rent!,months_free,0.4616,3.85,3.85,1647.11,https://www.udr.com/washington-dc-apartments/alexandria/arbor-park-of-alexandria/,2026-04-04,2026-08-02,,,,,One Bedroom A1B,1,51500
2026-08-02,UDR,Arbor Park of Alexandria,,Washington DC,UDR-arbor-park-of-alexandria-1br-785sqft-0102,1,1.0,785,1678.0,2026-08-28,13,True,hard,Save up to 2 Weeks off rent!,months_free,0.4616,3.55,3.55,1618.42,https://www.udr.com/washington-dc-apartments/alexandria/arbor-park-of-alexandria/,2026-04-04,2026-08-02,,,,,One Bedroom A1B,1,51500
2026-08-02,UDR,Arbor Park of Alexandria,,Washington DC,UDR-arbor-park-of-alexandria-1br-785sqft-0102,1,1.0,785,1653.0,2026-08-22,12,True,hard,Save up to 2 Weeks off rent!,months_free,0.4616,3.85,3.85,1589.41,https://www.udr.com/washington-dc-apartments/alexandria/arbor-park-of-alexandria/,2026-04-04,2026-08-02,,,,,One Bedroom A1B,1,51500
2026-08-02,UDR,Arbor Park of Alexandria,,Washington DC,UDR-arbor-park-of-alexandria-1br-785sqft-0102,1,1.0,785,1700.0,2026-09-26,13,True,hard,Save up to 2 Weeks off rent!,months_free,0.4616,3.55,3.55,1639.64,https://www.udr.com/washington-dc-apartments/alexandria/arbor-park-of-alexandria/,2026-04-04,2026-08-02,,,,,One Bedroom A1B,1,51500
2026-08-02,UDR,Arbor Park of Alexandria,,Washington DC,UDR-arbor-park-of-alexandria-1br-785sqft-0104,1,1.0,785,1740.0,2026-10-02,12,True,hard,Save up to 2 Weeks off rent!,months_free,0.4616,3.85,3.85,1673.07,https://www.udr.com/washington-dc-apartments/alexandria/arbor-park-of-alexandria/,2026-04-04,2026-08-02,,,,,One Bedroom A1B,1,51500
2026-08-02,UDR,Arbor Park of Alexandria,,Washington DC,UDR-arbor-park-of-alexandria-1br-785sqft-0104,1,1.0,785,1819.0,2026-09-04,12,True,hard,Save up to 2 Weeks off rent!,months_free,0.4616,3.85,3.85,1749.03,https://www.udr.com/washington-dc-apartments/alexandria/arbor-park-of-alexandria/,2026-04-04,2026-08-02,,,,,One Bedroom A1B,1,51500
2026-08-02,UDR,Arbor Park of Alexandria,,Washington DC,UDR-arbor-park-of-alexandria-1br-785sqft-0104,1,1.0,785,1638.0,2026-10-03,12,True,hard,Save up to 2 Weeks off rent!,months_free,0.4616,3.85,3.85,1574.99,https://www.udr.com/washington-dc-apartments/alexandria/arbor-park-of-alexandria/,2026-04-04,2026-08-02,,,,,One Bedroom A1B,1,51500
2026-08-02,UDR,Arbor Park of Alexandria,,Washington DC,UDR-arbor-park-of-alexandria-1br-785sqft-0104,1,1.0,785,1831.0,2026-10-03,12,True,hard,Save up to 2 Weeks off rent!,months_free,0.4616,3.85,3.85,1760.57,https://www.udr.com/washington-dc-apartments/alexandria/arbor-park-of-alexandria/,2026-04-04,2026-08-02,,,,,One Bedroom A1B,1,51500
2026-08-02,UDR,Arbor Park of Alexandria,,Washington DC,UDR-arbor-park-of-alexandria-1br-785sqft-0104,1,1.0,785,1642.0,2026-08-15,12,True,hard,Save up to 2 Weeks off rent!,months_free,0.4616,3.85,3.85,1578.84,https://www.udr.com/washington-dc-apartments/alexandria/arbor-park-of-alexandria/,2026-04-04,2026-08-02,,,,,One Bedroom A1B,1,51500
2026-08-02,UDR,Arbor Park of Alexandria,,Washington DC,UDR-arbor-park-of-alexandria-1br-785sqft-0201,1,1.0,785,1533.0,2026-08-08,13,True,hard,Save up to 2 Weeks off rent!,months_free,0.4616,3.55,3.55,1478.57,https://www.udr.com/washington-dc-apartments/alexandria/arbor-park-of-alexandria/,2026-04-04,2026-08-02,,,,,One Bedroom A1B,2,51500
2026-08-02,UDR,Arbor Park of Alexandria,,Washington DC,UDR-arbor-park-of-alexandria-1br-785sqft-0201,1,1.0,785,1559.0,2026-09-05,12,True,hard,Save up to 2 Weeks off rent!,months_free,0.4616,3.85,3.85,1499.03,https://www.udr.com/washington-dc-apartments/alexandria/arbor-park-of-alexandria/,2026-04-04,2026-08-02,,,,,One Bedroom A1B,2,51500
2026-08-02,UDR,Arbor Park of Alexandria,,Washington DC,UDR-arbor-park-of-alexandria-1br-785sqft-0201,1,1.0,785,1552.0,2026-08-29,13,True,hard,Save up to 2 Weeks off rent!,months_free,0.4616,3.55,3.55,1496.89,https://www.udr.com/washington-dc-apartments/alexandria/arbor-park-of-alexandria/,2026-04-04,2026-08-02,,,,,One Bedroom A1B,2,51500
2026-08-02,UDR,Arbor Park of Alexandria,,Washington DC,UDR-arbor-park-of-alexandria-1br-785sqft-0201,1,1.0,785,1813.0,2026-09-05,12,True,hard,Save up to 2 Weeks off rent!,months_free,0.4616,3.85,3.85,1743.26,https://www.udr.com/washington-dc-apartments/alexandria/arbor-park-of-alexandria/,2026-04-04,2026-08-02,,,,,One Bedroom A1B,2,51500
2026-08-02,UDR,Arbor Park of Alexandria,,Washington DC,UDR-arbor-park-of-alexandria-1br-785sqft-0202,1,1.0,785,1872.0,2026-08-08,13,True,hard,Save up to 2 Weeks off rent!,months_free,0.4616,3.55,3.55,1805.53,https://www.udr.com/washington-dc-apartments/alexandria/arbor-park-of-alexandria/,2026-04-04,2026-08-02,,,,,One Bedroom A1B,2,51500
2026-08-02,UDR,Arbor Park of Alexandria,,Washington DC,UDR-arbor-park-of-alexandria-1br-785sqft-0202,1,1.0,785,1770.0,2026-08-07,13,True,hard,Save up to 2 Weeks off rent!,months_free,0.4616,3.55,3.55,1707.15,https://www.udr.com/washington-dc-apartments/alexandria/arbor-park-of-alexandria/,2026-04-04,2026-08-02,,,,,One Bedroom A1B,2,51500
2026-08-02,UDR,Arbor Park of Alexandria,,Washington DC,UDR-arbor-park-of-alexandria-1br-785sqft-0204,1,1.0,785,1937.0,2026-09-19,12,True,hard,Save up to 2 Weeks off rent!,months_free,0.4616,3.85,3.85,1862.49,https://www.udr.com/washington-dc-apartments/alexandria/arbor-park-of-alexandria/,2026-04-19,2026-08-02,,,,,One Bedroom A1B,2,51500
2026-08-02,UDR,Arbor Park of Alexandria,,Washington DC,UDR-arbor-park-of-alexandria-1br-785sqft-0301,1,1.0,785,1745.0,2026-10-10,12,True,hard,Save up to 2 Weeks off rent!,months_free,0.4616,3.85,3.85,1677.88,https://www.udr.com/washington-dc-apartments/alexandria/arbor-park-of-alexandria/,2026-04-26,2026-08-02,,,,,One Bedroom A1B,3,51500
2026-08-02,UDR,Arbor Park of Alexandria,,Washington DC,UDR-arbor-park-of-alexandria-1br-785sqft-0301,1,1.0,785,1922.0,2026-09-29,13,True,hard,Save up to 2 Weeks off rent!,months_free,0.4616,3.55,3.55,1853.75,https://www.udr.com/washington-dc-apartments/alexandria/arbor-park-of-alexandria/,2026-04-26,2026-08-02,,,,,One Bedroom A1B,3,51500
2026-08-02,UDR,Arbor Park of Alexandria,,Washington DC,UDR-arbor-park-of-alexandria-1br-785sqft-0301,1,1.0,785,1905.0,2026-08-03,12,True,hard,Save up to 2 Weeks off rent!,months_free,0.4616,3.85,3.85,1831.72,https://www.udr.com/washington-dc-apartments/alexandria/arbor-park-of-alexandria/,2026-04-26,2026-08-02,,,,,One Bedroom A1B,3,51500
2026-08-02,UDR,Arbor Park of Alexandria,,Washington DC,UDR-arbor-park-of-alexandria-1br-785sqft-0302,1,1.0,785,1704.0,2026-08-27,13,True,hard,Save up to 2 Weeks off rent!,months_free,0.4616,3.55,3.55,1643.49,https://www.udr.com/washington-dc-apartments/alexandria/arbor-park-of-alexandria/,2026-04-04,2026-08-02,,,,,One Bedroom A1B,3,51500
2026-08-02,UDR,Arbor Park of Alexandria,,Washington DC,UDR-arbor-park-of-alexandria-1br-850sqft-0304,1,1.0,850,1709.0,2026-08-14,12,True,hard,Save up to 2 Weeks off rent!,months_free,0.4616,3.85,3.85,1643.26,https://www.udr.com/washington-dc-apartments/alexandria/arbor-park-of-alexandria/,2026-04-04,2026-08-02,,,,,One Bedroom with Den A1BD,3,51500
2026-08-02,UDR,Arbor Park of Alexandria,,Washington DC,UDR-arbor-park-of-alexandria-1br-850sqft-0304,1,1.0,850,1833.0,2026-08-07,13,True,hard,Save up to 2 Weeks off rent!,months_free,0.4616,3.55,3.55,1767.91,https://www.udr.com/washington-dc-apartments/alexandria/arbor-park-of-alexandria/,2026-04-04,2026-08-02,,,,,One Bedroom with Den A1BD,3,51500
2026-08-02,UDR,Arbor Park of Alexandria,,Washington DC,UDR-arbor-park-of-alexandria-3br-1380sqft-4511,3,2.5,1380,2656.0,2026-09-11,12,True,hard,Save up to 2 Weeks off rent!,months_free,0.4616,3.85,3.85,2553.83,https://www.udr.com/washington-dc-apartments/alexandria/arbor-park-of-alexandria/,2026-06-08,2026-08-02,,,,,Three Bedroom Townhome C2.5T,1,51500
2026-08-02,UDR,Arbor Park of Alexandria,,Washington DC,UDR-arbor-park-of-alexandria-3br-1380sqft-4524,3,2.5,1380,2636.0,2026-08-03,11,True,hard,Save up to 2 Weeks off rent!,months_free,0.4616,4.2,4.2,2525.38,https://www.udr.com/washington-dc-apartments/alexandria/arbor-park-of-alexandria/,2026-04-12,2026-08-02,,,,,Three Bedroom Townhome C2.5T,1,51500
2026-08-02,UDR,Arbor Park of Alexandria,,Washington DC,UDR-arbor-park-of-alexandria-3br-1380sqft-4528,3,2.5,1380,2849.0,2026-09-12,12,True,hard,Save up to 2 Weeks off rent!,months_free,0.4616,3.85,3.85,2739.41,https://www.udr.com/washington-dc-apartments/alexandria/arbor-park-of-alexandria/,2026-07-19,2026-08-02,,,,,Three Bedroom Townhome C2.5T,1,51500
2026-08-02,UDR,Arbor Park of Alexandria,,Washington DC,UDR-arbor-park-of-alexandria-3br-1380sqft-4568,3,2.5,1380,2718.0,2026-08-03,13,True,hard,Save up to 2 Weeks off rent!,months_free,0.4616,3.55,3.55,2621.49,https://www.udr.com/washington-dc-apartments/alexandria/arbor-park-of-alexandria/,2026-05-30,2026-08-02,,,,,Three Bedroom Townhome C2.5T,1,51500
2026-08-02,UDR,Arbor Park of Alexandria,,Washington DC,UDR-arbor-park-of-alexandria-3br-1380sqft-4581,3,2.5,1380,2683.0,2026-08-03,11,True,hard,Save up to 2 Weeks off rent!,months_free,0.4616,4.2,4.2,2570.41,https://www.udr.com/washington-dc-apartments/alexandria/arbor-park-of-alexandria/,2026-04-12,2026-08-02,,,,,Three Bedroom Townhome C2.5T,1,51500
2026-08-02,UDR,Arbor Park of Alexandria,,Washington DC,UDR-arbor-park-of-alexandria-3br-1380sqft-4597,3,2.5,1380,2643.0,2026-08-15,13,True,hard,Save up to 2 Weeks off rent!,months_free,0.4616,3.55,3.55,2549.15,https://www.udr.com/washington-dc-apartments/alexandria/arbor-park-of-alexandria/,2026-05-03,2026-08-02,,,,,Three Bedroom Townhome C2.5T,1,51500
2026-08-02,UDR,Arbor Park of Alexandria,,Washington DC,UDR-arbor-park-of-alexandria-3br-1380sqft-4638,3,2.5,1380,2664.0,2026-08-03,11,True,hard,Save up to 2 Weeks off rent!,months_free,0.4616,4.2,4.2,2552.21,https://www.udr.com/washington-dc-apartments/alexandria/arbor-park-of-alexandria/,2026-07-19,2026-08-02,,,,,Three Bedroom Townhome C2.5T,1,51500
2026-08-02,UDR,Arbor Park of Alexandria,,Washington DC,UDR-arbor-park-of-alexandria-3br-1380sqft-4654,3,2.5,1380,2559.0,2026-08-29,12,True,hard,Save up to 2 Weeks off rent!,months_free,0.4616,3.85,3.85,2460.56,https://www.udr.com/washington-dc-apartments/alexandria/arbor-park-of-alexandria/,2026-06-22,2026-08-02,,,,,Three Bedroom Townhome C2.5T,1,51500
2026-08-02,UDR,Arbor Park of Alexandria,,Washington DC,UDR-arbor-park-of-alexandria-3br-1380sqft-4666,3,2.5,1380,2727.0,2026-08-03,13,True,hard,Save up to 2 Weeks off rent!,months_free,0.4616,3.55,3.55,2630.17,https://www.udr.com/washington-dc-apartments/alexandria/arbor-park-of-alexandria/,2026-06-08,2026-08-02,,,,,Three Bedroom Townhome C2.5T,1,51500
2026-08-02,UDR,Arbor Park of Alexandria,,Washington DC,UDR-arbor-park-of-alexandria-3br-1380sqft-4723,3,2.5,1380,2621.0,2026-08-06,13,True,hard,Save up to 2 Weeks off rent!,months_free,0.4616,3.55,3.55,2527.93,https://www.udr.com/washington-dc-apartments/alexandria/arbor-park-of-alexandria/,2026-04-12,2026-08-02,,,,,Three Bedroom Townhome C2.5T,1,51500
2026-08-02,UDR,Arbor Park of Alexandria,,Washington DC,UDR-arbor-park-of-alexandria-3br-1380sqft-4734,3,2.5,1380,2530.0,2026-08-03,11,True,hard,Save up to 2 Weeks off rent!,months_free,0.4616,4.2,4.2,2423.83,https://www.udr.com/washington-dc-apartments/alexandria/arbor-park-of-alexandria/,2026-04-04,2026-08-02,,,,,Three Bedroom Townhome C2.5T,1,51500
2026-08-02,UDR,Arbor Park of Alexandria,,Washington DC,UDR-arbor-park-of-alexandria-3br-1380sqft-4739,3,2.5,1380,2544.0,2026-08-29,12,True,hard,Save up to 2 Weeks off rent!,months_free,0.4616,3.85,3.85,2446.14,https://www.udr.com/washington-dc-apartments/alexandria/arbor-park-of-alexandria/,2026-05-23,2026-08-02,,,,,Three Bedroom Townhome C2.5T,1,51500
2026-08-02,UDR,Arbor Park of Alexandria,,Washington DC,UDR-arbor-park-of-alexandria-3br-1380sqft-4772,3,2.5,1380,2784.0,2026-08-03,11,True,hard,Save up to 2 Weeks off rent!,months_free,0.4616,4.2,4.2,2667.17,https://www.udr.com/washington-dc-apartments/alexandria/arbor-park-of-alexandria/,2026-06-13,2026-08-02,,,,,Three Bedroom Townhome C2.5T,1,51500
2026-08-02,UDR,Arbor Park of Alexandria,,Washington DC,UDR-arbor-park-of-alexandria-3br-1380sqft-6302,3,2.5,1380,2572.0,2026-08-03,13,True,hard,Save up to 2 Weeks off rent!,months_free,0.4616,3.55,3.55,2480.67,https://www.udr.com/washington-dc-apartments/alexandria/arbor-park-of-alexandria/,2026-04-04,2026-08-02,,,,,Three Bedroom Townhome C2.5T,1,51500
2026-08-02,UDR,Arbor Park of Alexandria,,Washington DC,UDR-arbor-park-of-alexandria-3br-1380sqft-6323,3,2.5,1380,2573.0,2026-09-25,13,True,hard,Save up to 2 Weeks off rent!,months_free,0.4616,3.55,3.55,2481.64,https://www.udr.com/washington-dc-apartments/alexandria/arbor-park-of-alexandria/,2026-07-19,2026-08-02,,,,,Three Bedroom Townhome C2.5T,1,51500
2026-08-02,UDR,Arbor Park of Alexandria,,Washington DC,UDR-arbor-park-of-alexandria-3br-1380sqft-6401,3,2.5,1380,2692.0,2026-09-24,13,True,hard,Save up to 2 Weeks off rent!,months_free,0.4616,3.55,3.55,2596.41,https://www.udr.com/washington-dc-apartments/alexandria/arbor-park-of-alexandria/,2026-04-04,2026-08-02,,,,,Three Bedroom Townhome C2.5T,1,51500
2026-08-02,UDR,Arbor Park of Alexandria,,Washington DC,UDR-arbor-park-of-alexandria-3br-1380sqft-6448,3,2.5,1380,2630.0,2026-08-03,11,True,hard,Save up to 2 Weeks off rent!,months_free,0.4616,4.2,4.2,2519.64,https://www.udr.com/washington-dc-apartments/alexandria/arbor-park-of-alexandria/,2026-05-09,2026-08-02,,,,,Three Bedroom Townhome C2.5T,1,51500
2026-08-02,UDR,Arbor Park of Alexandria,,Washington DC,UDR-arbor-park-of-alexandria-3br-1380sqft-6488,3,2.5,1380,2559.0,2026-09-12,12,True,hard,Save up to 2 Weeks off rent!,months_free,0.4616,3.85,3.85,2460.56,https://www.udr.com/washington-dc-apartments/alexandria/arbor-park-of-alexandria/,2026-07-19,2026-08-02,,,,,Three Bedroom Townhome C2.5T,1,51500
2026-08-02,UDR,Arbor Park of Alexandria,,Washington DC,UDR-arbor-park-of-alexandria-2br-920sqft-0103,2,1.0,920,1960.0,2026-09-12,13,True,hard,Save up to 2 Weeks off rent!,months_free,0.4616,3.55,3.55,1890.4,https://www.udr.com/washington-dc-apartments/alexandria/arbor-park-of-alexandria/,2026-04-04,2026-08-02,,,,,Two Bedroom B1B,1,51500
2026-08-02,UDR,Arbor Park of Alexandria,,Washington DC,UDR-arbor-park-of-alexandria-2br-920sqft-0103,2,1.0,920,1996.0,2026-09-26,13,True,hard,Save up to 2 Weeks off rent!,months_free,0.4616,3.55,3.55,1925.13,https://www.udr.com/washington-dc-apartments/alexandria/arbor-park-of-alexandria/,2026-04-04,2026-08-02,,,,,Two Bedroom B1B,1,51500
2026-08-02,UDR,Arbor Park of Alexandria,,Washington DC,UDR-arbor-park-of-alexandria-2br-920sqft-0103,2,1.0,920,1854.0,2026-08-22,13,True,hard,Save up to 2 Weeks off rent!,months_free,0.4616,3.55,3.55,1788.17,https://www.udr.com/washington-dc-apartments/alexandria/arbor-park-of-alexandria/,2026-04-04,2026-08-02,,,,,Two Bedroom B1B,1,51500
2026-08-02,UDR,Arbor Park of Alexandria,,Washington DC,UDR-arbor-park-of-alexandria-2br-920sqft-0203,2,1.0,920,1891.0,2026-08-03,13,True,hard,Save up to 2 Weeks off rent!,months_free,0.4616,3.55,3.55,1823.85,https://www.udr.com/washington-dc-apartments/alexandria/arbor-park-of-alexandria/,2026-04-04,2026-08-02,,,,,Two Bedroom B1B,2,51500
2026-08-02,UDR,Arbor Park of Alexandria,,Washington DC,UDR-arbor-park-of-alexandria-2br-920sqft-0303,2,1.0,920,1870.0,2026-09-03,13,True,hard,Save up to 2 Weeks off rent!,months_free,0.4616,3.55,3.55,1803.6,https://www.udr.com/washington-dc-apartments/alexandria/arbor-park-of-alexandria/,2026-04-12,2026-08-02,,,,,Two Bedroom B1B,3,51500
2026-08-02,UDR,Arbor Park of Alexandria,,Washington DC,UDR-arbor-park-of-alexandria-2br-920sqft-0303,2,1.0,920,1925.0,2026-09-09,13,True,hard,Save up to 2 Weeks off rent!,months_free,0.4616,3.55,3.55,1856.65,https://www.udr.com/washington-dc-apartments/alexandria/arbor-park-of-alexandria/,2026-04-12,2026-08-02,,,,,Two Bedroom B1B,3,51500
2026-08-02,UDR,Arbor Park of Alexandria,,Washington DC,UDR-arbor-park-of-alexandria-2br-920sqft-0303,2,1.0,920,2149.0,2026-09-15,13,True,hard,Save up to 2 Weeks off rent!,months_free,0.4616,3.55,3.55,2072.69,https://www.udr.com/washington-dc-apartments/alexandria/arbor-park-of-alexandria/,2026-04-12,2026-08-02,,,,,Two Bedroom B1B,3,51500
2026-08-02,UDR,Arbor Park of Alexandria,,Washington DC,UDR-arbor-park-of-alexandria-2br-1005sqft-4708,2,1.0,1005,2085.0,2026-08-04,13,True,hard,Save up to 2 Weeks off rent!,months_free,0.4616,3.55,3.55,2010.97,https://www.udr.com/washington-dc-apartments/alexandria/arbor-park-of-alexandria/,2026-08-02,2026-08-02,,,,,Two Bedroom B1C,1,51500
2026-08-02,UDR,Arbor Park of Alexandria,,Washington DC,UDR-arbor-park-of-alexandria-2br-1005sqft-4721,2,1.0,1005,1976.0,2026-08-03,13,True,hard,Save up to 2 Weeks off rent!,months_free,0.4616,3.55,3.55,1905.84,https://www.udr.com/washington-dc-apartments/alexandria/arbor-park-of-alexandria/,2026-07-19,2026-08-02,,,,,Two Bedroom B1C,1,51500
2026-08-02,UDR,Arbors at Lee Vista,,Orlando,UDR-arbors-at-lee-vista-1br-534sqft-9-429,1,1.0,534,1244.0,2026-08-08,13,False,,,,,,,,https://www.udr.com/orlando-apartments/lee-vista/arbors-at-lee-vista/,2026-04-04,2026-08-02,,,,,Plan A1A,2,11470
2026-08-02,UDR,Arbors at Lee Vista,,Orlando,UDR-arbors-at-lee-vista-1br-534sqft-9-432,1,1.0,534,1295.0,2026-10-03,13,False,,,,,,,,https://www.udr.com/orlando-apartments/lee-vista/arbors-at-lee-vista/,2026-08-02,2026-08-02,,,,,Plan A1A,2,11470
2026-08-02,UDR,Arbors at Lee Vista,,Orlando,UDR-arbors-at-lee-vista-1br-534sqft-7-456,1,1.0,534,1298.0,2026-08-06,13,False,,,,,,,,https://www.udr.com/orlando-apartments/lee-vista/arbors-at-lee-vista/,2026-08-02,2026-08-02,,,,,Plan A1A,2,11470
2026-08-02,UDR,Arbors at Lee Vista,,Orlando,UDR-arbors-at-lee-vista-1br-534sqft-4-485,1,1.0,534,1275.0,2026-08-29,13,False,,,,,,,,https://www.udr.com/orlando-apartments/lee-vista/arbors-at-lee-vista/,2026-06-13,2026-08-02,,,,,Plan A1A,2,11470
2026-08-02,UDR,Arbors at Lee Vista,,Orlando,UDR-arbors-at-lee-vista-1br-534sqft-3-3412,1,1.0,534,1433.0,2026-09-12,12,False,,,,,,,,https://www.udr.com/orlando-apartments/lee-vista/arbors-at-lee-vista/,2026-07-19,2026-08-02,,,,,Plan A1A,2,11470
2026-08-02,UDR,Arbors at Lee Vista,,Orlando,UDR-arbors-at-lee-vista-1br-846sqft-2-119,1,1.0,846,1596.0,2026-08-29,14,False,,,,,,,,https://www.udr.com/orlando-apartments/lee-vista/arbors-at-lee-vista/,2026-06-13,2026-08-02,,,,,Plan A1B,1,11470
2026-08-02,UDR,Arbors at Lee Vista,,Orlando,UDR-arbors-at-lee-vista-1br-846sqft-8-246,1,1.0,846,1326.0,2026-09-26,14,False,,,,,,,,https://www.udr.com/orlando-apartments/lee-vista/arbors-at-lee-vista/,2026-08-02,2026-08-02,,,,,Plan A1B,2,11470
2026-08-02,UDR,Arbors at Lee Vista,,Orlando,UDR-arbors-at-lee-vista-1br-846sqft-4-182,1,1.0,846,1445.0,2026-08-29,14,False,,,,,,,,https://www.udr.com/orlando-apartments/lee-vista/arbors-at-lee-vista/,2026-07-19,2026-08-02,,,,,Plan A1B,1,11470
2026-08-02,UDR,Arbors at Lee Vista,,Orlando,UDR-arbors-at-lee-vista-2br-1119sqft-4-277,2,2.0,1119,1773.0,2026-08-03,13,False,,,,,,,,https://www.udr.com/orlando-apartments/lee-vista/arbors-at-lee-vista/,2026-05-16,2026-08-02,,,,,Plan B2B,1,11470
2026-08-02,UDR,Arbors at Lee Vista,,Orlando,UDR-arbors-at-lee-vista-3br-1283sqft-1-303,3,2.0,1283,1801.0,2026-08-05,13,False,,,,,,,,https://www.udr.com/orlando-apartments/lee-vista/arbors-at-lee-vista/,2026-08-02,2026-08-02,,,,,Plan C2,3,11470
2026-08-02,UDR,Arbors at Lee Vista,,Orlando,UDR-arbors-at-lee-vista-3br-1283sqft-2-223,3,2.0,1283,1690.0,2026-08-22,13,False,,,,,,,,https://www.udr.com/orlando-apartments/lee-vista/arbors-at-lee-vista/,2026-06-08,2026-08-02,,,,,Plan C2,2,11470
2026-08-02,UDR,Arbors at Lee Vista,,Orlando,UDR-arbors-at-lee-vista-3br-1283sqft-5-167,3,2.0,1283,1739.0,2026-09-12,12,False,,,,,,,,https://www.udr.com/orlando-apartments/lee-vista/arbors-at-lee-vista/,2026-06-13,2026-08-02,,,,,Plan C2,1,11470
2026-08-02,UDR,Arbors at Lee Vista,,Orlando,UDR-arbors-at-lee-vista-3br-1283sqft-3-3110,3,2.0,1283,1764.0,2026-08-08,13,False,,,,,,,,https://www.udr.com/orlando-apartments/lee-vista/arbors-at-lee-vista/,2026-08-02,2026-08-02,,,,,Plan C2,1,11470
2026-08-02,UDR,Arbors at Lee Vista,,Orlando,UDR-arbors-at-lee-vista-3br-1283sqft-3-3303,3,2.0,1283,1805.0,2026-08-29,13,False,,,,,,,,https://www.udr.com/orlando-apartments/lee-vista/arbors-at-lee-vista/,2026-05-09,2026-08-02,,,,,Plan C2,3,11470
2026-08-02,UDR,Arbors at Maitland Summit,,Orlando,UDR-arbors-at-maitland-summit-1br-655sqft-19,1,1.0,655,1414.0,2026-09-26,12,False,,,,,,,,https://www.udr.com/orlando-apartments/orlando/arbors-at-maitland-summit/,2026-07-19,2026-08-02,,,,,One Bedroom A1A,1,409202012
2026-08-02,UDR,Arbors at Maitland Summit,,Orlando,UDR-arbors-at-maitland-summit-1br-655sqft-29,1,1.0,655,1448.0,2026-09-26,12,False,,,,,,,,https://www.udr.com/orlando-apartments/orlando/arbors-at-maitland-summit/,2026-04-26,2026-08-02,,,,,One Bedroom A1A,2,409202012
2026-08-02,UDR,Arbors at Maitland Summit,,Orlando,UDR-arbors-at-maitland-summit-1br-699sqft-18,1,1.0,699,1477.0,2026-09-05,12,False,,,,,,,,https://www.udr.com/orlando-apartments/orlando/arbors-at-maitland-summit/,2026-04-04,2026-08-02,,,,,One Bedroom A1B,1,409202012
2026-08-02,UDR,Arbors at Maitland Summit,,Orlando,UDR-arbors-at-maitland-summit-1br-699sqft-32,1,1.0,699,1437.0,2026-09-15,12,False,,,,,,,,https://www.udr.com/orlando-apartments/orlando/arbors-at-maitland-summit/,2026-04-04,2026-08-02,,,,,One Bedroom A1B,3,409202012
2026-08-02,UDR,Arbors at Maitland Summit,,Orlando,UDR-arbors-at-maitland-summit-1br-699sqft-18,1,1.0,699,1442.0,2026-09-12,12,False,,,,,,,,https://www.udr.com/orlando-apartments/orlando/arbors-at-maitland-summit/,2026-04-04,2026-08-02,,,,,One Bedroom A1B,1,409202012
2026-08-02,UDR,Arbors at Maitland Summit,,Orlando,UDR-arbors-at-maitland-summit-1br-699sqft-28,1,1.0,699,1493.0,2026-10-10,14,False,,,,,,,,https://www.udr.com/orlando-apartments/orlando/arbors-at-maitland-summit/,2026-07-19,2026-08-02,,,,,One Bedroom A1B,2,409202012
2026-08-02,UDR,Arbors at Maitland Summit,,Orlando,UDR-arbors-at-maitland-summit-1br-699sqft-28,1,1.0,699,1463.0,2026-10-10,14,False,,,,,,,,https://www.udr.com/orlando-apartments/orlando/arbors-at-maitland-summit/,2026-07-19,2026-08-02,,,,,One Bedroom A1B,2,409202012
2026-08-02,UDR,Arbors at Maitland Summit,,Orlando,UDR-arbors-at-maitland-summit-1br-699sqft-32,1,1.0,699,1437.0,2026-11-07,14,False,,,,,,,,https://www.udr.com/orlando-apartments/orlando/arbors-at-maitland-summit/,2026-04-04,2026-08-02,,,,,One Bedroom A1B,3,409202012
2026-08-02,UDR,Arbors at Maitland Summit,,Orlando,UDR-arbors-at-maitland-summit-3br-1411sqft-30,3,2.0,1411,1905.0,2026-09-12,14,False,,,,,,,,https://www.udr.com/orlando-apartments/orlando/arbors-at-maitland-summit/,2026-05-03,2026-08-02,,,,,Three Bedroom C2A,2,409202012
2026-08-02,UDR,Arbors at Maitland Summit,,Orlando,UDR-arbors-at-maitland-summit-3br-1421sqft-39,3,2.0,1421,2041.0,2026-08-03,12,False,,,,,,,,https://www.udr.com/orlando-apartments/orlando/arbors-at-maitland-summit/,2026-04-04,2026-08-02,,,,,Three Bedroom C2B,3,409202012
2026-08-02,UDR,Arbors at Maitland Summit,,Orlando,UDR-arbors-at-maitland-summit-3br-1613sqft-210,3,2.0,1613,2186.0,2026-08-29,13,False,,,,,,,,https://www.udr.com/orlando-apartments/orlando/arbors-at-maitland-summit/,2026-08-02,2026-08-02,,,,,Three Bedroom C2T,2,409202012
2026-08-02,UDR,Arbors at Maitland Summit,,Orlando,UDR-arbors-at-maitland-summit-2br-1151sqft-17,2,2.0,1151,1927.0,2026-08-15,12,False,,,,,,,,https://www.udr.com/orlando-apartments/orlando/arbors-at-maitland-summit/,2026-06-08,2026-08-02,,,,,Two Bedroom B2A,1,409202012
2026-08-02,UDR,Arbors at Maitland Summit,,Orlando,UDR-arbors-at-maitland-summit-2br-1151sqft-17,2,2.0,1151,2063.0,2026-08-08,12,False,,,,,,,,https://www.udr.com/orlando-apartments/orlando/arbors-at-maitland-summit/,2026-06-08,2026-08-02,,,,,Two Bedroom B2A,1,409202012
2026-08-02,UDR,Arbors at Maitland Summit,,Orlando,UDR-arbors-at-maitland-summit-2br-1151sqft-16,2,2.0,1151,1820.0,2026-08-03,12,False,,,,,,,,https://www.udr.com/orlando-apartments/orlando/arbors-at-maitland-summit/,2026-04-19,2026-08-02,,,,,Two Bedroom B2A,1,409202012
2026-08-02,UDR,Arbors at Maitland Summit,,Orlando,UDR-arbors-at-maitland-summit-2br-1151sqft-26,2,2.0,1151,1896.0,2026-08-29,14,False,,,,,,,,https://www.udr.com/orlando-apartments/orlando/arbors-at-maitland-summit/,2026-05-16,2026-08-02,,,,,Two Bedroom B2A,2,409202012
2026-08-02,UDR,Arbors at Maitland Summit,,Orlando,UDR-arbors-at-maitland-summit-2br-1151sqft-16,2,2.0,1151,1983.0,2026-08-03,12,False,,,,,,,,https://www.udr.com/orlando-apartments/orlando/arbors-at-maitland-summit/,2026-04-19,2026-08-02,,,,,Two Bedroom B2A,1,409202012
2026-08-02,UDR,Arbors at Maitland Summit,,Orlando,UDR-arbors-at-maitland-summit-2br-1151sqft-26,2,2.0,1151,1805.0,2026-08-18,14,False,,,,,,,,https://www.udr.com/orlando-apartments/orlando/arbors-at-maitland-summit/,2026-05-16,2026-08-02,,,,,Two Bedroom B2A,2,409202012
2026-08-02,UDR,Arbors at Maitland Summit,,Orlando,UDR-arbors-at-maitland-summit-2br-1151sqft-21,2,2.0,1151,1805.0,2026-08-03,12,False,,,,,,,,https://www.udr.com/orlando-apartments/orlando/arbors-at-maitland-summit/,2026-04-12,2026-08-02,,,,,Two Bedroom B2A,2,409202012
2026-08-02,UDR,Arbors at Maitland Summit,,Orlando,UDR-arbors-at-maitland-summit-2br-1151sqft-31,2,2.0,1151,1805.0,2026-09-08,14,False,,,,,,,,https://www.udr.com/orlando-apartments/orlando/arbors-at-maitland-summit/,2026-04-04,2026-08-02,,,,,Two Bedroom B2A,3,409202012
2026-08-02,UDR,Arbors at Maitland Summit,,Orlando,UDR-arbors-at-maitland-summit-2br-1197sqft-13,2,2.0,1197,1954.0,2026-09-12,14,False,,,,,,,,https://www.udr.com/orlando-apartments/orlando/arbors-at-maitland-summit/,2026-04-04,2026-08-02,,,,,Two Bedroom B2B,1,409202012
2026-08-02,UDR,Arbors at Maitland Summit,,Orlando,UDR-arbors-at-maitland-summit-2br-1197sqft-33,2,2.0,1197,1910.0,2026-09-19,14,False,,,,,,,,https://www.udr.com/orlando-apartments/orlando/arbors-at-maitland-summit/,2026-04-19,2026-08-02,,,,,Two Bedroom B2B,3,409202012
2026-08-02,UDR,Arbors at Maitland Summit,,Orlando,UDR-arbors-at-maitland-summit-2br-1270sqft-24,2,2.0,1270,2092.0,2026-10-10,14,False,,,,,,,,https://www.udr.com/orlando-apartments/orlando/arbors-at-maitland-summit/,2026-04-04,2026-08-02,,,,,Two Bedroom B2C,2,409202012
2026-08-02,UDR,Arbors at Maitland Summit,,Orlando,UDR-arbors-at-maitland-summit-2br-1270sqft-14,2,2.0,1270,2032.0,2026-09-12,14,False,,,,,,,,https://www.udr.com/orlando-apartments/orlando/arbors-at-maitland-summit/,2026-04-12,2026-08-02,,,,,Two Bedroom B2C,1,409202012
2026-08-02,UDR,Arbors at Maitland Summit,,Orlando,UDR-arbors-at-maitland-summit-2br-1270sqft-34,2,2.0,1270,1933.0,2026-08-22,14,False,,,,,,,,https://www.udr.com/orlando-apartments/orlando/arbors-at-maitland-summit/,2026-04-12,2026-08-02,,,,,Two Bedroom B2C,3,409202012
2026-08-02,UDR,Arbors at Maitland Summit,,Orlando,UDR-arbors-at-maitland-summit-2br-1270sqft-14,2,2.0,1270,2039.0,2026-08-08,12,False,,,,,,,,https://www.udr.com/orlando-apartments/orlando/arbors-at-maitland-summit/,2026-04-12,2026-08-02,,,,,Two Bedroom B2C,1,409202012
2026-08-02,UDR,Arbors at Maitland Summit,,Orlando,UDR-arbors-at-maitland-summit-2br-1270sqft-34,2,2.0,1270,1976.0,2026-08-03,12,False,,,,,,,,https://www.udr.com/orlando-apartments/orlando/arbors-at-maitland-summit/,2026-04-12,2026-08-02,,,,,Two Bedroom B2C,3,409202012
2026-08-02,UDR,Arbors at Maitland Summit,,Orlando,UDR-arbors-at-maitland-summit-1br-909sqft-16,1,1.0,909,1632.0,2026-10-03,14,False,,,,,,,,https://www.udr.com/orlando-apartments/orlando/arbors-at-maitland-summit/,2026-04-12,2026-08-02,,,,,One Bedroom A1E,1,409202012
2026-08-02,UDR,Arbors at Maitland Summit,,Orlando,UDR-arbors-at-maitland-summit-1br-909sqft-36,1,1.0,909,1642.0,2026-08-29,13,False,,,,,,,,https://www.udr.com/orlando-apartments/orlando/arbors-at-maitland-summit/,2026-04-04,2026-08-02,,,,,One Bedroom A1E,3,409202012
2026-08-02,UDR,Arbors at Maitland Summit,,Orlando,UDR-arbors-at-maitland-summit-1br-909sqft-13,1,1.0,909,1711.0,2026-08-22,13,False,,,,,,,,https://www.udr.com/orlando-apartments/orlando/arbors-at-maitland-summit/,2026-04-04,2026-08-02,,,,,One Bedroom A1E,1,409202012
2026-08-02,UDR,Arbors at Maitland Summit,,Orlando,UDR-arbors-at-maitland-summit-1br-909sqft-15,1,1.0,909,1565.0,2026-08-22,13,False,,,,,,,,https://www.udr.com/orlando-apartments/orlando/arbors-at-maitland-summit/,2026-04-04,2026-08-02,,,,,One Bedroom A1E,1,409202012
2026-08-02,UDR,Arbors at Maitland Summit,,Orlando,UDR-arbors-at-maitland-summit-1br-909sqft-32,1,1.0,909,1723.0,2026-08-22,13,False,,,,,,,,https://www.udr.com/orlando-apartments/orlando/arbors-at-maitland-summit/,2026-04-26,2026-08-02,,,,,One Bedroom A1E,3,409202012
2026-08-02,UDR,Arbors at Maitland Summit,,Orlando,UDR-arbors-at-maitland-summit-1br-909sqft-32,1,1.0,909,1582.0,2026-09-26,12,False,,,,,,,,https://www.udr.com/orlando-apartments/orlando/arbors-at-maitland-summit/,2026-04-26,2026-08-02,,,,,One Bedroom A1E,3,409202012
2026-08-02,UDR,Arbors at Maitland Summit,,Orlando,UDR-arbors-at-maitland-summit-2br-1102sqft-37,2,1.0,1102,1579.0,2026-08-29,14,False,,,,,,,,https://www.udr.com/orlando-apartments/orlando/arbors-at-maitland-summit/,2026-04-04,2026-08-02,,,,,Two Bedroom B1B,3,409202012
2026-08-02,UDR,Arbors at Maitland Summit,,Orlando,UDR-arbors-at-maitland-summit-2br-1102sqft-21,2,1.0,1102,1569.0,2026-08-09,12,False,,,,,,,,https://www.udr.com/orlando-apartments/orlando/arbors-at-maitland-summit/,2026-04-12,2026-08-02,,,,,Two Bedroom B1B,2,409202012
2026-08-02,UDR,Arbors at Maitland Summit,,Orlando,UDR-arbors-at-maitland-summit-2br-1102sqft-27,2,1.0,1102,1571.0,2026-09-17,14,False,,,,,,,,https://www.udr.com/orlando-apartments/orlando/arbors-at-maitland-summit/,2026-07-19,2026-08-02,,,,,Two Bedroom B1B,2,409202012
2026-08-02,UDR,Arbors at Maitland Summit,,Orlando,UDR-arbors-at-maitland-summit-2br-1102sqft-11,2,1.0,1102,1817.0,2026-08-08,12,False,,,,,,,,https://www.udr.com/orlando-apartments/orlando/arbors-at-maitland-summit/,2026-06-08,2026-08-02,,,,,Two Bedroom B1B,1,409202012
2026-08-02,UDR,Ashton at Waterford Lakes,,Orlando,UDR-ashton-at-waterford-lakes-2br-1040sqft-308,2,2.0,1040,1332.0,2026-10-20,15,False,,,,,,,,https://www.udr.com/orlando-apartments/waterford-lakes/ashton-at-waterford-lakes/,2026-08-02,2026-08-02,,,,,Kincora (Screened Porch),3,11614
2026-08-02,UDR,Ashton at Waterford Lakes,,Orlando,UDR-ashton-at-waterford-lakes-1br-775sqft-206,1,1.0,775,1401.0,2026-09-15,13,False,,,,,,,,https://www.udr.com/orlando-apartments/waterford-lakes/ashton-at-waterford-lakes/,2026-04-04,2026-08-02,,,,,Alana (Screened Porch),2,11614
2026-08-02,UDR,Ashton at Waterford Lakes,,Orlando,UDR-ashton-at-waterford-lakes-3br-1273sqft-108,3,2.0,1273,1869.0,2026-09-15,15,False,,,,,,,,https://www.udr.com/orlando-apartments/waterford-lakes/ashton-at-waterford-lakes/,2026-04-04,2026-08-02,,,,,Carina (Screened Porch),1,11614
2026-08-02,UDR,Ashton at Waterford Lakes,,Orlando,UDR-ashton-at-waterford-lakes-1br-830sqft-205,1,1.0,830,1326.0,2026-10-13,12,False,,,,,,,,https://www.udr.com/orlando-apartments/waterford-lakes/ashton-at-waterford-lakes/,2026-05-16,2026-08-02,,,,,Alana (Enclosed Solarium),2,11614
2026-08-02,UDR,Ashton at Waterford Lakes,,Orlando,UDR-ashton-at-waterford-lakes-1br-830sqft-303,1,1.0,830,1469.0,2026-10-06,12,False,,,,,,,,https://www.udr.com/orlando-apartments/waterford-lakes/ashton-at-waterford-lakes/,2026-08-02,2026-08-02,,,,,Alana (Enclosed Solarium),3,11614
2026-08-02,UDR,Ashton at Waterford Lakes,,Orlando,UDR-ashton-at-waterford-lakes-1br-830sqft-309,1,1.0,830,1401.0,2026-10-22,12,False,,,,,,,,https://www.udr.com/orlando-apartments/waterford-lakes/ashton-at-waterford-lakes/,2026-07-19,2026-08-02,,,,,Alana (Enclosed Solarium),3,11614
2026-08-02,UDR,Ashton at Waterford Lakes,,Orlando,UDR-ashton-at-waterford-lakes-2br-1095sqft-203,2,2.0,1095,1693.0,2026-09-29,15,False,,,,,,,,https://www.udr.com/orlando-apartments/waterford-lakes/ashton-at-waterford-lakes/,2026-04-04,2026-08-02,,,,,Kincora (Enclosed Solarium),2,11614
2026-08-02,UDR,Ashton at Waterford Lakes,,Orlando,UDR-ashton-at-waterford-lakes-2br-1095sqft-205,2,2.0,1095,1696.0,2026-09-15,15,False,,,,,,,,https://www.udr.com/orlando-apartments/waterford-lakes/ashton-at-waterford-lakes/,2026-04-04,2026-08-02,,,,,Kincora (Enclosed Solarium),2,11614
2026-08-02,UDR,Ashton Bellevue,,Seattle,UDR-ashton-bellevue-1br-949sqft-1406,1,1.0,949,3630.0,2026-08-03,13,True,hard,Save 4 weeks off rent!,months_free,0.9231,7.1,7.1,3372.24,https://www.udr.com/seattle-apartments/bellevue/ashton-bellevue/,2026-07-19,2026-08-02,,,,,Plan D (A1D),14,35369
2026-08-02,UDR,Ashton Bellevue,,Seattle,UDR-ashton-bellevue-1br-949sqft-310,1,1.0,949,3420.0,2026-08-13,13,True,hard,Save 4 weeks off rent!,months_free,0.9231,7.1,7.1,3177.15,https://www.udr.com/seattle-apartments/bellevue/ashton-bellevue/,2026-04-04,2026-08-02,,,,,Plan D (A1D),3,35369
2026-08-02,UDR,Ashton Bellevue,,Seattle,UDR-ashton-bellevue-1br-949sqft-906,1,1.0,949,3592.0,2026-08-13,13,True,hard,Save 4 weeks off rent!,months_free,0.9231,7.1,7.1,3336.94,https://www.udr.com/seattle-apartments/bellevue/ashton-bellevue/,2026-07-19,2026-08-02,,,,,Plan D (A1D),9,35369
2026-08-02,UDR,Ashton Bellevue,,Seattle,UDR-ashton-bellevue-1br-1141sqft-412,1,1.0,1141,3719.0,2026-08-05,13,True,hard,Save 4 weeks off rent!,months_free,0.9231,7.1,7.1,3454.92,https://www.udr.com/seattle-apartments/bellevue/ashton-bellevue/,2026-07-19,2026-08-02,,,,,Plan I (A1DD),4,35369
2026-08-02,UDR,Ashton Bellevue,,Seattle,UDR-ashton-bellevue-1br-1141sqft-709,1,1.0,1141,3659.0,2026-09-25,13,True,hard,Save 4 weeks off rent!,months_free,0.9231,7.1,7.1,3399.18,https://www.udr.com/seattle-apartments/bellevue/ashton-bellevue/,2026-07-19,2026-08-02,,,,,Plan I (A1DD),7,35369
2026-08-02,UDR,Ashton Bellevue,,Seattle,UDR-ashton-bellevue-1br-1056sqft-405,1,1.0,1056,4019.0,2026-09-18,13,True,hard,Save 4 weeks off rent!,months_free,0.9231,7.1,7.1,3733.62,https://www.udr.com/seattle-apartments/bellevue/ashton-bellevue/,2026-08-02,2026-08-02,,,,,Plan G (A1BD),4,35369
2026-08-02,UDR,Ashton Bellevue,,Seattle,UDR-ashton-bellevue-1br-898sqft-801,1,1.0,898,3248.0,2026-08-13,13,True,hard,Save 4 weeks off rent!,months_free,0.9231,7.1,7.1,3017.37,https://www.udr.com/seattle-apartments/bellevue/ashton-bellevue/,2026-07-19,2026-08-02,,,,,Plan C (A1C),8,35369
2026-08-02,UDR,Ashton Bellevue,,Seattle,UDR-ashton-bellevue-1br-1138sqft-314,1,1.0,1138,3861.0,2026-08-22,13,True,hard,Save 4 weeks off rent!,months_free,0.9231,7.1,7.1,3586.84,https://www.udr.com/seattle-apartments/bellevue/ashton-bellevue/,2026-06-22,2026-08-02,,,,,Plan H (A1CD),3,35369
2026-08-02,UDR,Ashton Bellevue,,Seattle,UDR-ashton-bellevue-1br-1138sqft-510,1,1.0,1138,3929.0,2026-08-14,13,True,hard,Save 4 weeks off rent!,months_free,0.9231,7.1,7.1,3650.01,https://www.udr.com/seattle-apartments/bellevue/ashton-bellevue/,2026-07-19,2026-08-02,,,,,Plan H (A1CD),5,35369
2026-08-02,UDR,Ashton Bellevue,,Seattle,UDR-ashton-bellevue-1br-1138sqft-610,1,1.0,1138,3824.0,2026-08-04,13,True,hard,Save 4 weeks off rent!,months_free,0.9231,7.1,7.1,3552.47,https://www.udr.com/seattle-apartments/bellevue/ashton-bellevue/,2026-07-19,2026-08-02,,,,,Plan H (A1CD),6,35369
2026-08-02,UDR,Ashton Bellevue,,Seattle,UDR-ashton-bellevue-2br-1610sqft-604,2,2.0,1610,5587.0,2026-08-03,13,True,hard,Save 4 weeks off rent!,months_free,0.9231,7.1,7.1,5190.28,https://www.udr.com/seattle-apartments/bellevue/ashton-bellevue/,2026-06-08,2026-08-02,,,,,Plan N (B2D),6,35369
2026-08-02,UDR,Ashton Bellevue,,Seattle,UDR-ashton-bellevue-2br-1801sqft-1905,2,2.0,1801,6310.0,2026-11-05,13,True,hard,Save 4 weeks off rent!,months_free,0.9231,7.1,7.1,5861.94,https://www.udr.com/seattle-apartments/bellevue/ashton-bellevue/,2026-05-23,2026-08-02,,,,,Plan P4 (P-B2G),19,35369
2026-08-02,UDR,Barton Creek Landing,,Austin,UDR-barton-creek-landing-1br-625sqft-1004,1,1.0,625,1383.0,2026-09-12,12,True,hard,Save $500 off rent and more!,dollar_off,500.0,3.01,,1341.33,https://www.udr.com/austin-apartments/barton-hills/barton-creek-landing/,2026-07-19,2026-08-02,,,,,Lonestar,2,11375
2026-08-02,UDR,Barton Creek Landing,,Austin,UDR-barton-creek-landing-1br-625sqft-1007,1,1.0,625,1439.0,2026-09-19,12,True,hard,Save $500 off rent and more!,dollar_off,500.0,2.9,,1397.33,https://www.udr.com/austin-apartments/barton-hills/barton-creek-landing/,2026-07-19,2026-08-02,,,,,Lonestar,1,11375
2026-08-02,UDR,Barton Creek Landing,,Austin,UDR-barton-creek-landing-1br-792sqft-2401,1,1.5,792,1596.0,2026-09-25,13,True,hard,Save $500 off rent and more!,dollar_off,500.0,2.41,,1557.54,https://www.udr.com/austin-apartments/barton-hills/barton-creek-landing/,2026-07-19,2026-08-02,,,,,Bluebonnet,1,11375
2026-08-02,UDR,Barton Creek Landing,,Austin,UDR-barton-creek-landing-1br-800sqft-0314,1,1.5,800,1694.0,2026-10-03,12,True,hard,Save $500 off rent and more!,dollar_off,500.0,2.46,,1652.33,https://www.udr.com/austin-apartments/barton-hills/barton-creek-landing/,2026-08-02,2026-08-02,,,,,Governor,1,11375
2026-08-02,UDR,Barton Creek Landing,,Austin,UDR-barton-creek-landing-2br-847sqft-0105,2,1.0,847,1627.0,2026-10-03,12,True,hard,Save $500 off rent and more!,dollar_off,500.0,2.56,,1585.33,https://www.udr.com/austin-apartments/barton-hills/barton-creek-landing/,2026-08-02,2026-08-02,,,,,Tumbleweed,1,11375
2026-08-02,UDR,Barton Creek Landing,,Austin,UDR-barton-creek-landing-2br-907sqft-0304,2,2.0,907,1605.0,2026-10-10,12,True,hard,Save $500 off rent and more!,dollar_off,500.0,2.6,,1563.33,https://www.udr.com/austin-apartments/barton-hills/barton-creek-landing/,2026-08-02,2026-08-02,,,,,Legislator,1,11375
2026-08-02,UDR,Barton Creek Landing,,Austin,UDR-barton-creek-landing-2br-907sqft-1604,2,2.0,907,1661.0,2026-10-01,13,True,hard,Save $500 off rent and more!,dollar_off,500.0,2.32,,1622.54,https://www.udr.com/austin-apartments/barton-hills/barton-creek-landing/,2026-08-02,2026-08-02,,,,,Legislator,2,11375
2026-08-02,UDR,Barton Creek Landing,,Austin,UDR-barton-creek-landing-2br-907sqft-2711,2,2.0,907,1765.0,2026-09-04,13,True,hard,Save $500 off rent and more!,dollar_off,500.0,2.18,,1726.54,https://www.udr.com/austin-apartments/barton-hills/barton-creek-landing/,2026-07-19,2026-08-02,,,,,Legislator,2,11375
2026-08-02,UDR,Barton Creek Landing,,Austin,UDR-barton-creek-landing-2br-953sqft-0601,2,2.0,953,1702.0,2026-09-19,13,True,hard,Save $500 off rent and more!,dollar_off,500.0,2.26,,1663.54,https://www.udr.com/austin-apartments/barton-hills/barton-creek-landing/,2026-04-05,2026-08-02,,,,,Senator,2,11375
2026-08-02,UDR,Barton Creek Landing,,Austin,UDR-barton-creek-landing-2br-953sqft-0605,2,2.0,953,1652.0,2026-08-22,12,True,hard,Save $500 off rent and more!,dollar_off,500.0,2.52,,1610.33,https://www.udr.com/austin-apartments/barton-hills/barton-creek-landing/,2026-05-16,2026-08-02,,,,,Senator,2,11375
2026-08-02,UDR,Barton Creek Landing,,Austin,UDR-barton-creek-landing-2br-953sqft-1001,2,2.0,953,1829.0,2026-09-05,13,True,hard,Save $500 off rent and more!,dollar_off,500.0,2.1,,1790.54,https://www.udr.com/austin-apartments/barton-hills/barton-creek-landing/,2026-07-19,2026-08-02,,,,,Senator,1,11375
2026-08-02,UDR,Barton Creek Landing,,Austin,UDR-barton-creek-landing-2br-953sqft-1006,2,2.0,953,1676.0,2026-10-02,12,True,hard,Save $500 off rent and more!,dollar_off,500.0,2.49,,1634.33,https://www.udr.com/austin-apartments/barton-hills/barton-creek-landing/,2026-08-02,2026-08-02,,,,,Senator,2,11375
2026-08-02,UDR,Barton Creek Landing,,Austin,UDR-barton-creek-landing-2br-953sqft-2101,2,2.0,953,1667.0,2026-08-15,12,True,hard,Save $500 off rent and more!,dollar_off,500.0,2.5,,1625.33,https://www.udr.com/austin-apartments/barton-hills/barton-creek-landing/,2026-06-13,2026-08-02,,,,,Senator,1,11375
2026-08-02,UDR,Barton Creek Landing,,Austin,UDR-barton-creek-landing-2br-1036sqft-0509,2,2.0,1036,1876.0,2026-10-03,12,True,hard,Save $500 off rent and more!,dollar_off,500.0,2.22,,1834.33,https://www.udr.com/austin-apartments/barton-hills/barton-creek-landing/,2026-07-19,2026-08-02,,,,,Greenbelt,3,11375
2026-08-02,UDR,Barton Creek Landing,,Austin,UDR-barton-creek-landing-2br-1036sqft-0607,2,2.0,1036,1868.0,2026-09-26,13,True,hard,Save $500 off rent and more!,dollar_off,500.0,2.06,,1829.54,https://www.udr.com/austin-apartments/barton-hills/barton-creek-landing/,2026-07-19,2026-08-02,,,,,Greenbelt,1,11375
2026-08-02,UDR,Barton Creek Landing,,Austin,UDR-barton-creek-landing-2br-1036sqft-1511,2,2.0,1036,1991.0,2026-09-05,13,True,hard,Save $500 off rent and more!,dollar_off,500.0,1.93,,1952.54,https://www.udr.com/austin-apartments/barton-hills/barton-creek-landing/,2026-07-19,2026-08-02,,,,,Greenbelt,2,11375
2026-08-02,UDR,Barton Creek Landing,,Austin,UDR-barton-creek-landing-2br-1036sqft-2610,2,2.0,1036,1869.0,2026-09-19,13,True,hard,Save $500 off rent and more!,dollar_off,500.0,2.06,,1830.54,https://www.udr.com/austin-apartments/barton-hills/barton-creek-landing/,2026-07-19,2026-08-02,,,,,Greenbelt,1,11375
2026-08-02,UDR,Barton Creek Landing,,Austin,UDR-barton-creek-landing-2br-1048sqft-0501,2,2.0,1048,1747.0,2026-08-29,13,True,hard,Save $500 off rent and more!,dollar_off,500.0,2.2,,1708.54,https://www.udr.com/austin-apartments/barton-hills/barton-creek-landing/,2026-06-22,2026-08-02,,,,,Capital,1,11375
2026-08-02,UDR,Barton Creek Landing,,Austin,UDR-barton-creek-landing-2br-1048sqft-0503,2,2.0,1048,1721.0,2026-08-08,12,True,hard,Save $500 off rent and more!,dollar_off,500.0,2.42,,1679.33,https://www.udr.com/austin-apartments/barton-hills/barton-creek-landing/,2026-08-02,2026-08-02,,,,,Capital,3,11375
2026-08-02,UDR,Barton Creek Landing,,Austin,UDR-barton-creek-landing-2br-1048sqft-1201,2,2.0,1048,1787.0,2026-10-14,12,True,hard,Save $500 off rent and more!,dollar_off,500.0,2.33,,1745.33,https://www.udr.com/austin-apartments/barton-hills/barton-creek-landing/,2026-07-19,2026-08-02,,,,,Capital,1,11375
2026-08-02,UDR,Barton Creek Landing,,Austin,UDR-barton-creek-landing-2br-1048sqft-1204,2,2.0,1048,1782.0,2026-09-25,13,True,hard,Save $500 off rent and more!,dollar_off,500.0,2.16,,1743.54,https://www.udr.com/austin-apartments/barton-hills/barton-creek-landing/,2026-08-02,2026-08-02,,,,,Capital,1,11375
2026-08-02,UDR,Barton Creek Landing,,Austin,UDR-barton-creek-landing-2br-1048sqft-1504,2,2.0,1048,1747.0,2026-09-12,13,True,hard,Save $500 off rent and more!,dollar_off,500.0,2.2,,1708.54,https://www.udr.com/austin-apartments/barton-hills/barton-creek-landing/,2026-08-02,2026-08-02,,,,,Capital,1,11375
2026-08-02,UDR,Barton Creek Landing,,Austin,UDR-barton-creek-landing-2br-1048sqft-1506,2,2.0,1048,1737.0,2026-09-11,13,True,hard,Save $500 off rent and more!,dollar_off,500.0,2.21,,1698.54,https://www.udr.com/austin-apartments/barton-hills/barton-creek-landing/,2026-04-19,2026-08-02,,,,,Capital,3,11375
2026-08-02,UDR,Barton Creek Landing,,Austin,UDR-barton-creek-landing-2br-1048sqft-2005,2,2.0,1048,1758.0,2026-08-22,12,True,hard,Save $500 off rent and more!,dollar_off,500.0,2.37,,1716.33,https://www.udr.com/austin-apartments/barton-hills/barton-creek-landing/,2026-04-04,2026-08-02,,,,,Capital,1,11375
2026-08-02,UDR,Barton Creek Landing,,Austin,UDR-barton-creek-landing-2br-1048sqft-2603,2,2.0,1048,1795.0,2026-08-15,12,True,hard,Save $500 off rent and more!,dollar_off,500.0,2.32,,1753.33,https://www.udr.com/austin-apartments/barton-hills/barton-creek-landing/,2026-06-13,2026-08-02,,,,,Capital,3,11375
2026-08-02,UDR,Barton Creek Landing,,Austin,UDR-barton-creek-landing-2br-1048sqft-2606,2,2.0,1048,1804.0,2026-09-26,13,True,hard,Save $500 off rent and more!,dollar_off,500.0,2.13,,1765.54,https://www.udr.com/austin-apartments/barton-hills/barton-creek-landing/,2026-08-02,2026-08-02,,,,,Capital,3,11375
2026-08-02,UDR,Bay Terrace,,San Francisco Bay Area,UDR-bay-terrace-2br-750sqft-32494,2,1.0,750,3027.0,2026-10-03,12,False,,,,,,,,https://www.udr.com/san-francisco-bay-area-apartments/san-mateo/bay-terrace/,2026-08-02,2026-08-02,,,,,The Teresa,1,16688
2026-08-02,UDR,Bay Terrace,,San Francisco Bay Area,UDR-bay-terrace-2br-750sqft-32658,2,1.0,750,3125.0,2026-10-04,12,False,,,,,,,,https://www.udr.com/san-francisco-bay-area-apartments/san-mateo/bay-terrace/,2026-08-02,2026-08-02,,,,,The Teresa,1,16688
2026-08-02,UDR,Bay Terrace,,San Francisco Bay Area,UDR-bay-terrace-2br-750sqft-32801,2,1.0,750,3716.0,2026-10-16,12,False,,,,,,,,https://www.udr.com/san-francisco-bay-area-apartments/san-mateo/bay-terrace/,2026-05-09,2026-08-02,,,,,The Teresa,1,16688
2026-08-02,UDR,Bay Terrace,,San Francisco Bay Area,UDR-bay-terrace-2br-750sqft-32802,2,1.0,750,3131.0,2026-10-03,12,False,,,,,,,,https://www.udr.com/san-francisco-bay-area-apartments/san-mateo/bay-terrace/,2026-04-26,2026-08-02,,,,,The Teresa,1,16688
2026-08-02,UDR,Bay Terrace,,San Francisco Bay Area,UDR-bay-terrace-2br-750sqft-32806,2,1.0,750,3416.0,2026-10-03,12,False,,,,,,,,https://www.udr.com/san-francisco-bay-area-apartments/san-mateo/bay-terrace/,2026-04-26,2026-08-02,,,,,The Teresa,1,16688
2026-08-02,UDR,Bay Terrace,,San Francisco Bay Area,UDR-bay-terrace-2br-750sqft-32807,2,1.0,750,3426.0,2026-10-17,12,False,,,,,,,,https://www.udr.com/san-francisco-bay-area-apartments/san-mateo/bay-terrace/,2026-04-19,2026-08-02,,,,,The Teresa,1,16688
2026-08-02,UDR,Bay Terrace,,San Francisco Bay Area,UDR-bay-terrace-3br-950sqft-32054,3,2.0,950,4367.0,2026-08-21,12,False,,,,,,,,https://www.udr.com/san-francisco-bay-area-apartments/san-mateo/bay-terrace/,2026-08-02,2026-08-02,,,,,The Veranda,1,16688
2026-08-02,UDR,Bay Terrace,,San Francisco Bay Area,UDR-bay-terrace-3br-950sqft-32611,3,2.0,950,4141.0,2026-08-27,12,False,,,,,,,,https://www.udr.com/san-francisco-bay-area-apartments/san-mateo/bay-terrace/,2026-07-19,2026-08-02,,,,,The Veranda,1,16688
2026-08-02,UDR,Bay Terrace,,San Francisco Bay Area,UDR-bay-terrace-3br-950sqft-32731,3,2.0,950,4284.0,2026-08-14,12,False,,,,,,,,https://www.udr.com/san-francisco-bay-area-apartments/san-mateo/bay-terrace/,2026-06-08,2026-08-02,,,,,The Veranda,1,16688
2026-08-02,UDR,Bay Terrace,,San Francisco Bay Area,UDR-bay-terrace-3br-950sqft-32803,3,2.0,950,4876.0,2026-10-17,13,False,,,,,,,,https://www.udr.com/san-francisco-bay-area-apartments/san-mateo/bay-terrace/,2026-04-04,2026-08-02,,,,,The Veranda,1,16688
2026-08-02,UDR,Bay Terrace,,San Francisco Bay Area,UDR-bay-terrace-3br-950sqft-32804,3,2.0,950,4630.0,2026-10-17,13,False,,,,,,,,https://www.udr.com/san-francisco-bay-area-apartments/san-mateo/bay-terrace/,2026-05-09,2026-08-02,,,,,The Veranda,1,16688
2026-08-02,UDR,Bay Terrace,,San Francisco Bay Area,UDR-bay-terrace-3br-950sqft-32805,3,2.0,950,4898.0,2026-10-16,13,False,,,,,,,,https://www.udr.com/san-francisco-bay-area-apartments/san-mateo/bay-terrace/,2026-05-09,2026-08-02,,,,,The Veranda,1,16688
2026-08-02,UDR,Bay Terrace,,San Francisco Bay Area,UDR-bay-terrace-3br-950sqft-33034,3,2.0,950,4069.0,2026-08-28,12,False,,,,,,,,https://www.udr.com/san-francisco-bay-area-apartments/san-mateo/bay-terrace/,2026-07-19,2026-08-02,,,,,The Veranda,1,16688
2026-08-02,UDR,Bay Terrace,,San Francisco Bay Area,UDR-bay-terrace-3br-950sqft-33035,3,2.0,950,4037.0,2026-08-19,12,False,,,,,,,,https://www.udr.com/san-francisco-bay-area-apartments/san-mateo/bay-terrace/,2026-05-23,2026-08-02,,,,,The Veranda,1,16688
2026-08-02,UDR,Beach & Ocean,,Orange County,UDR-beach-ocean-1br-654sqft-123,1,1.0,654,2726.0,2026-08-28,14,False,,,,,,,,https://www.udr.com/orange-county-apartments/huntington-beach/beach-and-ocean/,2026-06-22,2026-08-02,,,,,A1A,1,48388
2026-08-02,UDR,Beach & Ocean,,Orange County,UDR-beach-ocean-1br-654sqft-139,1,1.0,654,2722.0,2026-09-01,14,False,,,,,,,,https://www.udr.com/orange-county-apartments/huntington-beach/beach-and-ocean/,2026-08-02,2026-08-02,,,,,A1A,1,48388
2026-08-02,UDR,Beach & Ocean,,Orange County,UDR-beach-ocean-1br-654sqft-147,1,1.0,654,2905.0,2026-08-03,14,False,,,,,,,,https://www.udr.com/orange-county-apartments/huntington-beach/beach-and-ocean/,2026-05-03,2026-08-02,,,,,A1A,1,48388
2026-08-02,UDR,Beach & Ocean,,Orange County,UDR-beach-ocean-1br-654sqft-439,1,1.0,654,3156.0,2026-09-19,14,False,,,,,,,,https://www.udr.com/orange-county-apartments/huntington-beach/beach-and-ocean/,2026-07-19,2026-08-02,,,,,A1A,4,48388
2026-08-02,UDR,Beach & Ocean,,Orange County,UDR-beach-ocean-1br-712sqft-344,1,1.0,712,2995.0,2026-09-11,14,False,,,,,,,,https://www.udr.com/orange-county-apartments/huntington-beach/beach-and-ocean/,2026-07-19,2026-08-02,,,,,A1B,3,48388
2026-08-02,UDR,Beach & Ocean,,Orange County,UDR-beach-ocean-1br-712sqft-444,1,1.0,712,3325.0,2026-09-25,14,False,,,,,,,,https://www.udr.com/orange-county-apartments/huntington-beach/beach-and-ocean/,2026-08-02,2026-08-02,,,,,A1B,4,48388
2026-08-02,UDR,Beach & Ocean,,Orange County,UDR-beach-ocean-1br-713sqft-443,1,1.0,713,3053.0,2026-08-03,14,False,,,,,,,,https://www.udr.com/orange-county-apartments/huntington-beach/beach-and-ocean/,2026-04-26,2026-08-02,,,,,A1C,4,48388
2026-08-02,UDR,Beach & Ocean,,Orange County,UDR-beach-ocean-2br-937sqft-401,2,2.0,937,3799.0,2026-08-14,14,False,,,,,,,,https://www.udr.com/orange-county-apartments/huntington-beach/beach-and-ocean/,2026-06-13,2026-08-02,,,,,B2A,4,48388
2026-08-02,UDR,Beach & Ocean,,Orange County,UDR-beach-ocean-2br-937sqft-435,2,2.0,937,3735.0,2026-09-25,14,False,,,,,,,,https://www.udr.com/orange-county-apartments/huntington-beach/beach-and-ocean/,2026-07-19,2026-08-02,,,,,B2A,3,48388
2026-08-02,UDR,Beach & Ocean,,Orange County,UDR-beach-ocean-2br-973sqft-113,2,2.0,973,3813.0,2026-08-03,14,False,,,,,,,,https://www.udr.com/orange-county-apartments/huntington-beach/beach-and-ocean/,2026-05-30,2026-08-02,,,,,B2C,1,48388
2026-08-02,UDR,Beach & Ocean,,Orange County,UDR-beach-ocean-2br-937sqft-335,2,2.0,937,3181.0,2026-08-20,13,False,,,,,,,,https://www.udr.com/orange-county-apartments/huntington-beach/beach-and-ocean/,2026-07-19,2026-08-02,,,,,B2A-MMR,3,48388
2026-08-02,UDR,Beach & Ocean,,Orange County,UDR-beach-ocean-1br-654sqft-249,1,1.0,654,2599.0,2026-08-10,13,False,,,,,,,,https://www.udr.com/orange-county-apartments/huntington-beach/beach-and-ocean/,2026-07-19,2026-08-02,,,,,A1A-MMR,2,48388
2026-08-02,UDR,Beach & Ocean,,Orange County,UDR-beach-ocean-1br-713sqft-251,1,1.0,713,2646.0,2026-08-10,13,False,,,,,,,,https://www.udr.com/orange-county-apartments/huntington-beach/beach-and-ocean/,2026-06-22,2026-08-02,,,,,A1C-MMR,2,48388
2026-08-02,UDR,Birch Creek,,San Francisco Bay Area,UDR-birch-creek-1br-550sqft-164,1,1.0,550,3301.0,2026-08-25,12,False,,,,,,,,https://www.udr.com/san-francisco-bay-area-apartments/mountain-view/birch-creek/,2026-08-02,2026-08-02,,,,,Plan A1,2,11372
2026-08-02,UDR,Birch Creek,,San Francisco Bay Area,UDR-birch-creek-1br-550sqft-172,1,1.0,550,3116.0,2026-09-05,12,False,,,,,,,,https://www.udr.com/san-francisco-bay-area-apartments/mountain-view/birch-creek/,2026-06-08,2026-08-02,,,,,Plan A1,2,11372
2026-08-02,UDR,Birch Creek,,San Francisco Bay Area,UDR-birch-creek-1br-550sqft-174,1,1.0,550,2998.0,2026-08-27,12,False,,,,,,,,https://www.udr.com/san-francisco-bay-area-apartments/mountain-view/birch-creek/,2026-07-19,2026-08-02,,,,,Plan A1,2,11372
2026-08-02,UDR,Birch Creek,,San Francisco Bay Area,UDR-birch-creek-1br-550sqft-184,1,1.0,550,3277.0,2026-09-03,12,False,,,,,,,,https://www.udr.com/san-francisco-bay-area-apartments/mountain-view/birch-creek/,2026-07-19,2026-08-02,,,,,Plan A1,2,11372
2026-08-02,UDR,Birch Creek,,San Francisco Bay Area,UDR-birch-creek-1br-800sqft-006,1,1.0,800,3613.0,2026-08-05,12,False,,,,,,,,https://www.udr.com/san-francisco-bay-area-apartments/mountain-view/birch-creek/,2026-07-19,2026-08-02,,,,,Plan A2,2,11372
2026-08-02,UDR,Birch Creek,,San Francisco Bay Area,UDR-birch-creek-1br-800sqft-012,1,1.0,800,3377.0,2026-08-03,12,False,,,,,,,,https://www.udr.com/san-francisco-bay-area-apartments/mountain-view/birch-creek/,2026-06-08,2026-08-02,,,,,Plan A2,2,11372
2026-08-02,UDR,Birch Creek,,San Francisco Bay Area,UDR-birch-creek-1br-800sqft-019,1,1.0,800,3486.0,2026-08-14,12,False,,,,,,,,https://www.udr.com/san-francisco-bay-area-apartments/mountain-view/birch-creek/,2026-05-03,2026-08-02,,,,,Plan A2,1,11372
2026-08-02,UDR,Birch Creek,,San Francisco Bay Area,UDR-birch-creek-1br-800sqft-066,1,1.0,800,3263.0,2026-08-03,12,False,,,,,,,,https://www.udr.com/san-francisco-bay-area-apartments/mountain-view/birch-creek/,2026-06-22,2026-08-02,,,,,Plan A2,2,11372
2026-08-02,UDR,Birch Creek,,San Francisco Bay Area,UDR-birch-creek-1br-800sqft-078,1,1.0,800,3740.0,2026-10-01,12,False,,,,,,,,https://www.udr.com/san-francisco-bay-area-apartments/mountain-view/birch-creek/,2026-06-08,2026-08-02,,,,,Plan A2,2,11372
2026-08-02,UDR,Birch Creek,,San Francisco Bay Area,UDR-birch-creek-1br-800sqft-104,1,1.0,800,3414.0,2026-09-13,12,False,,,,,,,,https://www.udr.com/san-francisco-bay-area-apartments/mountain-view/birch-creek/,2026-07-19,2026-08-02,,,,,Plan A2,2,11372
2026-08-02,UDR,Birch Creek,,San Francisco Bay Area,UDR-birch-creek-2br-1060sqft-008,2,2.0,1060,4244.0,2026-09-03,12,False,,,,,,,,https://www.udr.com/san-francisco-bay-area-apartments/mountain-view/birch-creek/,2026-04-04,2026-08-02,,,,,Plan B1,2,11372
2026-08-02,UDR,Birch Creek,,San Francisco Bay Area,UDR-birch-creek-2br-1060sqft-016,2,2.0,1060,4630.0,2026-08-05,12,False,,,,,,,,https://www.udr.com/san-francisco-bay-area-apartments/mountain-view/birch-creek/,2026-05-17,2026-08-02,,,,,Plan B1,2,11372
2026-08-02,UDR,Birch Creek,,San Francisco Bay Area,UDR-birch-creek-2br-1060sqft-087,2,2.0,1060,4503.0,2026-08-25,12,False,,,,,,,,https://www.udr.com/san-francisco-bay-area-apartments/mountain-view/birch-creek/,2026-06-13,2026-08-02,,,,,Plan B1,1,11372
2026-08-02,UDR,Birch Creek,,San Francisco Bay Area,UDR-birch-creek-2br-1060sqft-089,2,2.0,1060,4275.0,2026-09-03,12,False,,,,,,,,https://www.udr.com/san-francisco-bay-area-apartments/mountain-view/birch-creek/,2026-06-13,2026-08-02,,,,,Plan B1,1,11372
2026-08-02,UDR,Birch Creek,,San Francisco Bay Area,UDR-birch-creek-2br-1060sqft-121,2,2.0,1060,4430.0,2026-10-20,12,False,,,,,,,,https://www.udr.com/san-francisco-bay-area-apartments/mountain-view/birch-creek/,2026-07-19,2026-08-02,,,,,Plan B1,1,11372
2026-08-02,UDR,Birch Creek,,San Francisco Bay Area,UDR-birch-creek-2br-1060sqft-136,2,2.0,1060,4449.0,2026-09-19,12,False,,,,,,,,https://www.udr.com/san-francisco-bay-area-apartments/mountain-view/birch-creek/,2026-06-08,2026-08-02,,,,,Plan B1,2,11372
2026-08-02,UDR,Birch Creek,,San Francisco Bay Area,UDR-birch-creek-2br-1060sqft-142,2,2.0,1060,4229.0,2026-08-06,12,False,,,,,,,,https://www.udr.com/san-francisco-bay-area-apartments/mountain-view/birch-creek/,2026-07-19,2026-08-02,,,,,Plan B1,2,11372
2026-08-02,UDR,Boronda Manor,,Salinas,UDR-boronda-manor-2br-659sqft-119,2,1.0,659,2443.0,2026-08-07,13,False,,,,,,,,https://www.udr.com/salinas-apartments/santa-rita/boronda-manor/,2026-06-13,2026-08-02,,,,,Two Bedroom B1,2,12753
2026-08-02,UDR,Boronda Manor,,Salinas,UDR-boronda-manor-2br-659sqft-157,2,1.0,659,2315.0,2026-08-04,13,False,,,,,,,,https://www.udr.com/salinas-apartments/santa-rita/boronda-manor/,2026-05-03,2026-08-02,,,,,Two Bedroom B1,2,12753
2026-08-02,UDR,Boronda Manor,,Salinas,UDR-boronda-manor-2br-659sqft-165,2,1.0,659,2323.0,2026-09-11,14,False,,,,,,,,https://www.udr.com/salinas-apartments/santa-rita/boronda-manor/,2026-08-02,2026-08-02,,,,,Two Bedroom B1,2,12753
2026-08-02,UDR,Boronda Manor,,Salinas,UDR-boronda-manor-2br-659sqft-183,2,1.0,659,2434.0,2026-08-05,13,False,,,,,,,,https://www.udr.com/salinas-apartments/santa-rita/boronda-manor/,2026-04-26,2026-08-02,,,,,Two Bedroom B1,2,12753
2026-08-02,UDR,Boronda Manor,,Salinas,UDR-boronda-manor-0br-326sqft-130A,0,1.0,326,1843.0,2026-08-03,14,False,,,,,,,,https://www.udr.com/salinas-apartments/santa-rita/boronda-manor/,2026-06-08,2026-08-02,,,,,Studio E1A,1,12753
2026-08-02,UDR,Boronda Manor,,Salinas,UDR-boronda-manor-1br-571sqft-201,1,1.0,571,1987.0,2026-08-03,12,False,,,,,,,,https://www.udr.com/salinas-apartments/santa-rita/boronda-manor/,2026-06-13,2026-08-02,,,,,A1B 1x1,2,12753
2026-08-02,UDR,Boronda Manor,,Salinas,UDR-boronda-manor-1br-571sqft-31,1,1.0,571,2031.0,2026-08-03,12,False,,,,,,,,https://www.udr.com/salinas-apartments/santa-rita/boronda-manor/,2026-07-19,2026-08-02,,,,,A1B 1x1,2,12753
2026-08-02,UDR,Bradlee Danvers,,Boston,UDR-bradlee-danvers-1br-755sqft-11113,1,1.0,755,2597.0,2026-08-21,16,True,hard,Save $750 off rent! Applies to first full month's rent only. Minimum 10 month lease term required. *Select apartments,dollar_off,750.0,1.8,,2550.12,https://www.udr.com/boston-apartments/danvers/bradlee-danvers/,2026-06-22,2026-08-02,,,,,One Bedroom A1B2,1,505112019
2026-08-02,UDR,Bradlee Danvers,,Boston,UDR-bradlee-danvers-1br-805sqft-02205,1,1.0,805,2464.0,2026-09-04,16,True,hard,Save $750 off rent! Applies to first full month's rent only. Minimum 10 month lease term required. *Select apartments,dollar_off,750.0,1.9,,2417.12,https://www.udr.com/boston-apartments/danvers/bradlee-danvers/,2026-07-19,2026-08-02,,,,,One Bedroom A1C2,2,505112019
2026-08-02,UDR,Bradlee Danvers,,Boston,UDR-bradlee-danvers-1br-851sqft-07003,1,1.0,851,2727.0,2026-08-03,16,True,hard,Save $750 off rent! Applies to first full month's rent only. Minimum 10 month lease term required. *Select apartments,dollar_off,750.0,1.72,,2680.12,https://www.udr.com/boston-apartments/danvers/bradlee-danvers/,2026-05-03,2026-08-02,,,,,One Bedroom A1D2,0,505112019
2026-08-02,UDR,Bradlee Danvers,,Boston,UDR-bradlee-danvers-3br-1265sqft-05213,3,2.0,1265,3737.0,2026-10-30,16,True,hard,Save $750 off rent! Applies to first full month's rent only. Minimum 10 month lease term required. *Select apartments,dollar_off,750.0,1.25,,3690.12,https://www.udr.com/boston-apartments/danvers/bradlee-danvers/,2026-07-19,2026-08-02,,,,,Three Bedroom C2A,1,505112019
2026-08-02,UDR,Bradlee Danvers,,Boston,UDR-bradlee-danvers-3br-1472sqft-10233,3,2.0,1472,3888.0,2026-09-18,13,True,hard,Save $750 off rent! Applies to first full month's rent only. Minimum 10 month lease term required. *Select apartments,dollar_off,750.0,1.48,,3830.31,https://www.udr.com/boston-apartments/danvers/bradlee-danvers/,2026-08-02,2026-08-02,,,,,Three Bedroom C2DL,3,505112019
2026-08-02,UDR,Bradlee Danvers,,Boston,UDR-bradlee-danvers-3br-1472sqft-10234,3,2.0,1472,3855.0,2026-08-03,11,True,hard,Save $750 off rent! Applies to first full month's rent only. Minimum 10 month lease term required. *Select apartments,dollar_off,750.0,1.77,,3786.82,https://www.udr.com/boston-apartments/danvers/bradlee-danvers/,2026-04-19,2026-08-02,,,,,Three Bedroom C2DL,3,505112019
2026-08-02,UDR,Bradlee Danvers,,Boston,UDR-bradlee-danvers-3br-1472sqft-05233,3,2.0,1472,4037.0,2026-09-04,13,True,hard,Save $750 off rent! Applies to first full month's rent only. Minimum 10 month lease term required. *Select apartments,dollar_off,750.0,1.43,,3979.31,https://www.udr.com/boston-apartments/danvers/bradlee-danvers/,2026-05-03,2026-08-02,,,,,Three Bedroom C2DL,3,505112019
2026-08-02,UDR,Bradlee Danvers,,Boston,UDR-bradlee-danvers-2br-1091sqft-01305,2,2.0,1091,2999.0,2026-08-03,16,True,hard,Save $750 off rent! Applies to first full month's rent only. Minimum 10 month lease term required. *Select apartments,dollar_off,750.0,1.56,,2952.12,https://www.udr.com/boston-apartments/danvers/bradlee-danvers/,2026-05-03,2026-08-02,,,,,Two Bedroom B2B1L,3,505112019
2026-08-02,UDR,Bradlee Danvers,,Boston,UDR-bradlee-danvers-2br-1260sqft-01319,2,2.0,1260,2994.0,2026-08-03,16,True,hard,Save $750 off rent! Applies to first full month's rent only. Minimum 10 month lease term required. *Select apartments,dollar_off,750.0,1.57,,2947.12,https://www.udr.com/boston-apartments/danvers/bradlee-danvers/,2026-04-26,2026-08-02,,,,,Two Bedroom B2B2L,3,505112019
2026-08-02,UDR,Bradlee Danvers,,Boston,UDR-bradlee-danvers-2br-1118sqft-02324,2,2.0,1118,3152.0,2026-08-08,16,True,hard,Save $750 off rent! Applies to first full month's rent only. Minimum 10 month lease term required. *Select apartments,dollar_off,750.0,1.49,,3105.12,https://www.udr.com/boston-apartments/danvers/bradlee-danvers/,2026-08-02,2026-08-02,,,,,Two Bedroom B2C2,3,505112019
2026-08-02,UDR,Bradlee Danvers,,Boston,UDR-bradlee-danvers-2br-1118sqft-03124,2,2.0,1118,3124.0,2026-09-25,15,True,hard,Save $750 off rent! Applies to first full month's rent only. Minimum 10 month lease term required. *Select apartments,dollar_off,750.0,1.6,,3074.0,https://www.udr.com/boston-apartments/danvers/bradlee-danvers/,2026-07-19,2026-08-02,,,,,Two Bedroom B2C2,1,505112019
2026-08-02,UDR,Bradlee Danvers,,Boston,UDR-bradlee-danvers-2br-1118sqft-03209,2,2.0,1118,2939.0,2026-08-03,16,True,hard,Save $750 off rent! Applies to first full month's rent only. Minimum 10 month lease term required. *Select apartments,dollar_off,750.0,1.59,,2892.12,https://www.udr.com/boston-apartments/danvers/bradlee-danvers/,2026-04-04,2026-08-02,,,,,Two Bedroom B2C2,2,505112019
2026-08-02,UDR,Bradlee Danvers,,Boston,UDR-bradlee-danvers-2br-1288sqft-02202,2,2.0,1288,3064.0,2026-09-04,15,True,hard,Save $750 off rent! Applies to first full month's rent only. Minimum 10 month lease term required. *Select apartments,dollar_off,750.0,1.63,,3014.0,https://www.udr.com/boston-apartments/danvers/bradlee-danvers/,2026-07-19,2026-08-02,,,,,Two Bedroom B2C6,2,505112019
2026-08-02,UDR,Bradlee Danvers,,Boston,UDR-bradlee-danvers-2br-1119sqft-06224,2,2.0,1119,3342.0,2026-09-25,15,True,hard,Save $750 off rent! Applies to first full month's rent only. Minimum 10 month lease term required. *Select apartments,dollar_off,750.0,1.5,,3292.0,https://www.udr.com/boston-apartments/danvers/bradlee-danvers/,2026-08-02,2026-08-02,,,,,Two Bedroom B2D3,2,505112019
2026-08-02,UDR,Bradlee Danvers,,Boston,UDR-bradlee-danvers-2br-1131sqft-07001,2,2.0,1131,3077.0,2026-09-18,15,True,hard,Save $750 off rent! Applies to first full month's rent only. Minimum 10 month lease term required. *Select apartments,dollar_off,750.0,1.62,,3027.0,https://www.udr.com/boston-apartments/danvers/bradlee-danvers/,2026-07-19,2026-08-02,,,,,Two Bedroom B2E1,0,505112019
2026-08-02,UDR,Bradlee Danvers,,Boston,UDR-bradlee-danvers-2br-1280sqft-06132,2,2.0,1280,3567.0,2026-08-14,16,True,hard,Save $750 off rent! Applies to first full month's rent only. Minimum 10 month lease term required. *Select apartments,dollar_off,750.0,1.31,,3520.12,https://www.udr.com/boston-apartments/danvers/bradlee-danvers/,2026-07-19,2026-08-02,,,,,Two Bedroom B2F2L,3,505112019
2026-08-02,UDR,Bradlee Danvers,,Boston,UDR-bradlee-danvers-2br-1280sqft-06234,2,2.0,1280,3597.0,2026-08-12,16,True,hard,Save $750 off rent! Applies to first full month's rent only. Minimum 10 month lease term required. *Select apartments,dollar_off,750.0,1.3,,3550.12,https://www.udr.com/boston-apartments/danvers/bradlee-danvers/,2026-07-19,2026-08-02,,,,,Two Bedroom B2F2L,3,505112019
2026-08-02,UDR,Bradlee Danvers,,Boston,UDR-bradlee-danvers-2br-1390sqft-03201,2,2.0,1390,3185.0,2026-10-02,14,True,hard,Save $750 off rent! Applies to first full month's rent only. Minimum 10 month lease term required. *Select apartments,dollar_off,750.0,1.68,,3131.43,https://www.udr.com/boston-apartments/danvers/bradlee-danvers/,2026-08-02,2026-08-02,,,,,Two Bedroom B2HD,2,505112019
2026-08-02,UDR,Bradlee Danvers,,Boston,UDR-bradlee-danvers-2br-1446sqft-09228,2,2.0,1446,3406.0,2026-08-03,16,True,hard,Save $750 off rent! Applies to first full month's rent only. Minimum 10 month lease term required. *Select apartments,dollar_off,750.0,1.38,,3359.12,https://www.udr.com/boston-apartments/danvers/bradlee-danvers/,2026-05-23,2026-08-02,,,,,Two Bedroom B2I1L,2,505112019
2026-08-02,UDR,Bradlee Danvers,,Boston,UDR-bradlee-danvers-1br-802sqft-02111,1,1.0,802,2299.0,2026-08-03,12,True,hard,Save $750 off rent! Applies to first full month's rent only. Minimum 10 month lease term required. *Select apartments,dollar_off,750.0,2.72,,2236.5,https://www.udr.com/boston-apartments/danvers/bradlee-danvers/,2026-04-04,2026-08-02,,,,,One Bedroom A1C2-MMR,1,505112019
2026-08-02,UDR,Bradlee Danvers,,Boston,UDR-bradlee-danvers-1br-802sqft-03105,1,1.0,802,2299.0,2026-08-03,12,True,hard,Save $750 off rent! Applies to first full month's rent only. Minimum 10 month lease term required. *Select apartments,dollar_off,750.0,2.72,,2236.5,https://www.udr.com/boston-apartments/danvers/bradlee-danvers/,2026-08-02,2026-08-02,,,,,One Bedroom A1C2-MMR,1,505112019
2026-08-02,UDR,Bradlee Danvers,,Boston,UDR-bradlee-danvers-1br-746sqft-10222,1,1.0,746,2299.0,2026-08-03,12,True,hard,Save $750 off rent! Applies to first full month's rent only. Minimum 10 month lease term required. *Select apartments,dollar_off,750.0,2.72,,2236.5,https://www.udr.com/boston-apartments/danvers/bradlee-danvers/,2026-08-02,2026-08-02,,,,,One Bedroom A1B1-MMR,2,505112019
2026-08-02,UDR,Breckenridge,,Nashville,UDR-breckenridge-1br-800sqft-1470,1,1.0,800,1172.0,2026-08-28,13,True,hard,Save $750 off rent! Applies to first full month's rent only. Minimum 11 month lease term required. *Select apartments,dollar_off,750.0,4.92,,1114.31,https://www.udr.com/nashville-apartments/north-madison/breckenridge/,2026-04-26,2026-08-02,,,,,1 Bedroom,3,11650
2026-08-02,UDR,Breckenridge,,Nashville,UDR-breckenridge-1br-800sqft-1526,1,1.0,800,1063.0,2026-08-03,15,True,hard,Save $750 off rent! Applies to first full month's rent only. Minimum 11 month lease term required. *Select apartments,dollar_off,750.0,4.7,,1013.0,https://www.udr.com/nashville-apartments/north-madison/breckenridge/,2026-06-22,2026-08-02,,,,,1 Bedroom,2,11650
2026-08-02,UDR,Breckenridge,,Nashville,UDR-breckenridge-2br-1100sqft-1498,2,2.0,1100,1485.0,2026-08-03,16,True,hard,Save $750 off rent! Applies to first full month's rent only. Minimum 11 month lease term required. *Select apartments,dollar_off,750.0,3.16,,1438.12,https://www.udr.com/nashville-apartments/north-madison/breckenridge/,2026-04-26,2026-08-02,,,,,2 Bedroom,3,11650
2026-08-02,UDR,Breckenridge,,Nashville,UDR-breckenridge-2br-1100sqft-1500,2,2.0,1100,1370.0,2026-08-03,16,True,hard,Save $750 off rent! Applies to first full month's rent only. Minimum 11 month lease term required. *Select apartments,dollar_off,750.0,3.42,,1323.12,https://www.udr.com/nashville-apartments/north-madison/breckenridge/,2026-04-26,2026-08-02,,,,,2 Bedroom,3,11650
2026-08-02,UDR,Breckenridge,,Nashville,UDR-breckenridge-2br-1100sqft-1501,2,2.0,1100,1358.0,2026-08-03,16,True,hard,Save $750 off rent! Applies to first full month's rent only. Minimum 11 month lease term required. *Select apartments,dollar_off,750.0,3.45,,1311.12,https://www.udr.com/nashville-apartments/north-madison/breckenridge/,2026-04-26,2026-08-02,,,,,2 Bedroom,1,11650
2026-08-02,UDR,Breckenridge,,Nashville,UDR-breckenridge-2br-1100sqft-1502,2,2.0,1100,1401.0,2026-08-03,16,True,hard,Save $750 off rent! Applies to first full month's rent only. Minimum 11 month lease term required. *Select apartments,dollar_off,750.0,3.35,,1354.12,https://www.udr.com/nashville-apartments/north-madison/breckenridge/,2026-04-26,2026-08-02,,,,,2 Bedroom,1,11650
2026-08-02,UDR,Breckenridge,,Nashville,UDR-breckenridge-2br-1100sqft-1503,2,2.0,1100,1494.0,2026-08-03,16,True,hard,Save $750 off rent! Applies to first full month's rent only. Minimum 11 month lease term required. *Select apartments,dollar_off,750.0,3.14,,1447.12,https://www.udr.com/nashville-apartments/north-madison/breckenridge/,2026-04-26,2026-08-02,,,,,2 Bedroom,2,11650
2026-08-02,UDR,Breckenridge,,Nashville,UDR-breckenridge-2br-1100sqft-1504,2,2.0,1100,1454.0,2026-08-03,16,True,hard,Save $750 off rent! Applies to first full month's rent only. Minimum 11 month lease term required. *Select apartments,dollar_off,750.0,3.22,,1407.12,https://www.udr.com/nashville-apartments/north-madison/breckenridge/,2026-04-26,2026-08-02,,,,,2 Bedroom,2,11650
2026-08-02,UDR,Breckenridge,,Nashville,UDR-breckenridge-2br-1100sqft-1507,2,2.0,1100,1483.0,2026-08-03,16,True,hard,Save $750 off rent! Applies to first full month's rent only. Minimum 11 month lease term required. *Select apartments,dollar_off,750.0,3.16,,1436.12,https://www.udr.com/nashville-apartments/north-madison/breckenridge/,2026-04-26,2026-08-02,,,,,2 Bedroom,3,11650
2026-08-02,UDR,Breckenridge,,Nashville,UDR-breckenridge-2br-1100sqft-1508,2,2.0,1100,1457.0,2026-08-03,16,True,hard,Save $750 off rent! Applies to first full month's rent only. Minimum 11 month lease term required. *Select apartments,dollar_off,750.0,3.22,,1410.12,https://www.udr.com/nashville-apartments/north-madison/breckenridge/,2026-04-26,2026-08-02,,,,,2 Bedroom,3,11650
2026-08-02,UDR,Breckenridge,,Nashville,UDR-breckenridge-2br-1100sqft-1637,2,2.0,1100,1196.0,2026-09-25,16,True,hard,Save $750 off rent! Applies to first full month's rent only. Minimum 11 month lease term required. *Select apartments,dollar_off,750.0,3.92,,1149.12,https://www.udr.com/nashville-apartments/north-madison/breckenridge/,2026-07-19,2026-08-02,,,,,2 Bedroom,3,11650
2026-08-02,UDR,Breckenridge,,Nashville,UDR-breckenridge-2br-1100sqft-1640,2,2.0,1100,1393.0,2026-09-11,16,True,hard,Save $750 off rent! Applies to first full month's rent only. Minimum 11 month lease term required. *Select apartments,dollar_off,750.0,3.37,,1346.12,https://www.udr.com/nashville-apartments/north-madison/breckenridge/,2026-06-22,2026-08-02,,,,,2 Bedroom,3,11650
2026-08-02,UDR,Breckenridge,,Nashville,UDR-breckenridge-0br-620sqft-1443,0,1.0,620,1031.0,2026-08-09,12,True,hard,Save $750 off rent! Applies to first full month's rent only. Minimum 11 month lease term required. *Select apartments,dollar_off,750.0,6.06,,968.5,https://www.udr.com/nashville-apartments/north-madison/breckenridge/,2026-06-13,2026-08-02,,,,,Efficiency,2,11650
2026-08-02,UDR,Breckenridge,,Nashville,UDR-breckenridge-0br-620sqft-1445,0,1.0,620,1264.0,2026-10-01,14,True,hard,Save $750 off rent! Applies to first full month's rent only. Minimum 11 month lease term required. *Select apartments,dollar_off,750.0,4.24,,1210.43,https://www.udr.com/nashville-apartments/north-madison/breckenridge/,2026-08-02,2026-08-02,,,,,Efficiency,2,11650
2026-08-02,UDR,Breckenridge,,Nashville,UDR-breckenridge-0br-620sqft-1449,0,1.0,620,1086.0,2026-09-04,12,True,hard,Save $750 off rent! Applies to first full month's rent only. Minimum 11 month lease term required. *Select apartments,dollar_off,750.0,5.76,,1023.5,https://www.udr.com/nashville-apartments/north-madison/breckenridge/,2026-06-08,2026-08-02,,,,,Efficiency,3,11650
2026-08-02,UDR,Brio,,Seattle,UDR-brio-1br-728sqft-0910,1,1.0,728,2800.0,2026-08-03,14,False,,,,,,,,https://www.udr.com/seattle-apartments/bellevue/brio/,2026-05-03,2026-08-02,,,,,One Bedroom A1AD,9,140
2026-08-02,UDR,Brio,,Seattle,UDR-brio-1br-585sqft-0711,1,1.0,585,2284.0,2026-08-20,14,False,,,,,,,,https://www.udr.com/seattle-apartments/bellevue/brio/,2026-08-02,2026-08-02,,,,,One Bedroom A1E,7,140
2026-08-02,UDR,Brio,,Seattle,UDR-brio-1br-585sqft-1211,1,1.0,585,2329.0,2026-08-21,14,False,,,,,,,,https://www.udr.com/seattle-apartments/bellevue/brio/,2026-06-13,2026-08-02,,,,,One Bedroom A1E,12,140
2026-08-02,UDR,Brio,,Seattle,UDR-brio-1br-585sqft-1711,1,1.0,585,2549.0,2026-08-03,14,False,,,,,,,,https://www.udr.com/seattle-apartments/bellevue/brio/,2026-04-04,2026-08-02,,,,,One Bedroom A1E,17,140
2026-08-02,UDR,Brio,,Seattle,UDR-brio-0br-451sqft-1703,0,1.0,451,2003.0,2026-09-09,14,False,,,,,,,,https://www.udr.com/seattle-apartments/bellevue/brio/,2026-07-19,2026-08-02,,,,,Studio E1D,17,140
2026-08-02,UDR,Brio,,Seattle,UDR-brio-2br-918sqft-1102,2,2.0,918,3641.0,2026-08-18,14,False,,,,,,,,https://www.udr.com/seattle-apartments/bellevue/brio/,2026-05-16,2026-08-02,,,,,Two Bedroom B2E,11,140
2026-08-02,UDR,Brio,,Seattle,UDR-brio-2br-996sqft-0828,2,2.0,996,3846.0,2026-08-03,14,False,,,,,,,,https://www.udr.com/seattle-apartments/bellevue/brio/,2026-07-19,2026-08-02,,,,,Two Bedroom B2I,8,140
2026-08-02,UDR,Broadridge,,Philadelphia,UDR-broadridge-1br-757sqft-0949,1,1.0,757,2436.0,2026-08-03,12,True,hard,Save 2 Months off rent!,months_free,2.0,16.67,16.67,2030.0,https://www.udr.com/philadelphia-apartments/fairmount/broadridge/,2026-05-09,2026-08-02,,,,,One Bedroom A1AA,9,806111903
2026-08-02,UDR,Broadridge,,Philadelphia,UDR-broadridge-1br-757sqft-1049,1,1.0,757,2355.0,2026-10-15,14,True,hard,Save 2 Months off rent!,months_free,2.0,14.29,14.29,2018.57,https://www.udr.com/philadelphia-apartments/fairmount/broadridge/,2026-08-02,2026-08-02,,,,,One Bedroom A1AA,10,806111903
2026-08-02,UDR,Broadridge,,Philadelphia,UDR-broadridge-1br-766sqft-1145,1,1.0,766,2299.0,2026-09-03,14,True,hard,Save 2 Months off rent!,months_free,2.0,14.29,14.29,1970.57,https://www.udr.com/philadelphia-apartments/fairmount/broadridge/,2026-05-16,2026-08-02,,,,,One Bedroom A1BB,11,806111903
2026-08-02,UDR,Broadridge,,Philadelphia,UDR-broadridge-1br-604sqft-0820,1,1.0,604,2248.0,2026-10-08,14,True,hard,Save 2 Months off rent!,months_free,2.0,14.29,14.29,1926.86,https://www.udr.com/philadelphia-apartments/fairmount/broadridge/,2026-08-02,2026-08-02,,,,,One Bedroom A1D,8,806111903
2026-08-02,UDR,Broadridge,,Philadelphia,UDR-broadridge-1br-808sqft-0455,1,1.0,808,2411.0,2026-10-03,14,True,hard,Save 2 Months off rent!,months_free,2.0,14.29,14.29,2066.57,https://www.udr.com/philadelphia-apartments/fairmount/broadridge/,2026-08-02,2026-08-02,,,,,One Bedroom A1DD,4,806111903
2026-08-02,UDR,Broadridge,,Philadelphia,UDR-broadridge-1br-643sqft-0011,1,1.0,643,2172.0,2026-08-03,12,True,hard,Save 2 Months off rent!,months_free,2.0,16.67,16.67,1810.0,https://www.udr.com/philadelphia-apartments/fairmount/broadridge/,2026-05-03,2026-08-02,,,,,One Bedroom A1G,1,806111903
2026-08-02,UDR,Broadridge,,Philadelphia,UDR-broadridge-1br-862sqft-0014,1,1.0,862,2518.0,2026-11-07,13,True,hard,Save 2 Months off rent!,months_free,2.0,15.38,15.38,2130.62,https://www.udr.com/philadelphia-apartments/fairmount/broadridge/,2026-08-02,2026-08-02,,,,,One Bedroom A1GG,1,806111903
2026-08-02,UDR,Broadridge,,Philadelphia,UDR-broadridge-1br-863sqft-0831,1,1.0,863,2421.0,2026-10-01,14,True,hard,Save 2 Months off rent!,months_free,2.0,14.29,14.29,2075.14,https://www.udr.com/philadelphia-apartments/fairmount/broadridge/,2026-07-19,2026-08-02,,,,,One Bedroom A1HH,8,806111903
2026-08-02,UDR,Broadridge,,Philadelphia,UDR-broadridge-1br-661sqft-0925,1,1.0,661,2295.0,2026-10-08,14,True,hard,Save 2 Months off rent!,months_free,2.0,14.29,14.29,1967.14,https://www.udr.com/philadelphia-apartments/fairmount/broadridge/,2026-08-02,2026-08-02,,,,,One Bedroom A1K,9,806111903
2026-08-02,UDR,Broadridge,,Philadelphia,UDR-broadridge-1br-661sqft-1225,1,1.0,661,2345.0,2026-09-08,14,True,hard,Save 2 Months off rent!,months_free,2.0,14.29,14.29,2010.0,https://www.udr.com/philadelphia-apartments/fairmount/broadridge/,2026-05-03,2026-08-02,,,,,One Bedroom A1K,12,806111903
2026-08-02,UDR,Broadridge,,Philadelphia,UDR-broadridge-1br-665sqft-0425,1,1.0,665,2324.0,2026-08-03,12,True,hard,Save 2 Months off rent!,months_free,2.0,16.67,16.67,1936.67,https://www.udr.com/philadelphia-apartments/fairmount/broadridge/,2026-04-04,2026-08-02,,,,,One Bedroom A1L,4,806111903
2026-08-02,UDR,Broadridge,,Philadelphia,UDR-broadridge-1br-672sqft-1221,1,1.0,672,2356.0,2026-08-29,14,True,hard,Save 2 Months off rent!,months_free,2.0,14.29,14.29,2019.43,https://www.udr.com/philadelphia-apartments/fairmount/broadridge/,2026-07-19,2026-08-02,,,,,One Bedroom A1P,12,806111903
2026-08-02,UDR,Broadridge,,Philadelphia,UDR-broadridge-1br-686sqft-1241,1,1.0,686,2315.0,2026-10-08,14,True,hard,Save 2 Months off rent!,months_free,2.0,14.29,14.29,1984.29,https://www.udr.com/philadelphia-apartments/fairmount/broadridge/,2026-07-19,2026-08-02,,,,,One Bedroom A1S,12,806111903
2026-08-02,UDR,Broadridge,,Philadelphia,UDR-broadridge-1br-695sqft-1447,1,1.0,695,2419.0,2026-10-14,14,True,hard,Save 2 Months off rent!,months_free,2.0,14.29,14.29,2073.43,https://www.udr.com/philadelphia-apartments/fairmount/broadridge/,2026-07-19,2026-08-02,,,,,One Bedroom A1T,14,806111903
2026-08-02,UDR,Broadridge,,Philadelphia,UDR-broadridge-1br-756sqft-0936,1,1.0,756,2334.0,2026-10-03,14,True,hard,Save 2 Months off rent!,months_free,2.0,14.29,14.29,2000.57,https://www.udr.com/philadelphia-apartments/fairmount/broadridge/,2026-08-02,2026-08-02,,,,,One Bedroom A1Z,9,806111903
2026-08-02,UDR,Broadridge,,Philadelphia,UDR-broadridge-0br-339sqft-0626,0,1.0,339,1696.0,2026-08-03,12,True,hard,Save 2 Months off rent!,months_free,2.0,16.67,16.67,1413.33,https://www.udr.com/philadelphia-apartments/fairmount/broadridge/,2026-04-04,2026-08-02,,,,,Studio E1A,6,806111903
2026-08-02,UDR,Broadridge,,Philadelphia,UDR-broadridge-0br-501sqft-1103,0,1.0,501,1847.0,2026-09-05,12,True,hard,Save 2 Months off rent!,months_free,2.0,16.67,16.67,1539.17,https://www.udr.com/philadelphia-apartments/fairmount/broadridge/,2026-06-22,2026-08-02,,,,,Studio E1AA,11,806111903
2026-08-02,UDR,Broadridge,,Philadelphia,UDR-broadridge-0br-387sqft-0733,0,1.0,387,1477.0,2026-09-26,10,True,hard,Save 2 Months off rent!,months_free,2.0,20.0,20.0,1181.6,https://www.udr.com/philadelphia-apartments/fairmount/broadridge/,2026-07-19,2026-08-02,,,,,Studio E1D,7,806111903
2026-08-02,UDR,Broadridge,,Philadelphia,UDR-broadridge-0br-525sqft-0911,0,1.0,525,1899.0,2026-10-08,14,True,hard,Save 2 Months off rent!,months_free,2.0,14.29,14.29,1627.71,https://www.udr.com/philadelphia-apartments/fairmount/broadridge/,2026-07-19,2026-08-02,,,,,Studio E1DD,9,806111903
2026-08-02,UDR,Broadridge,,Philadelphia,UDR-broadridge-0br-513sqft-1235,0,1.0,513,1914.0,2026-09-12,14,True,hard,Save 2 Months off rent!,months_free,2.0,14.29,14.29,1640.57,https://www.udr.com/philadelphia-apartments/fairmount/broadridge/,2026-07-19,2026-08-02,,,,,Studio E1DD,12,806111903
2026-08-02,UDR,Broadridge,,Philadelphia,UDR-broadridge-0br-392sqft-0706,0,1.0,392,1816.0,2026-09-08,10,True,hard,Save 2 Months off rent!,months_free,2.0,20.0,20.0,1452.8,https://www.udr.com/philadelphia-apartments/fairmount/broadridge/,2026-04-04,2026-08-02,,,,,Studio E1G,7,806111903
2026-08-02,UDR,Broadridge,,Philadelphia,UDR-broadridge-0br-476sqft-0829,0,1.0,476,1674.0,2026-09-19,14,True,hard,Save 2 Months off rent!,months_free,2.0,14.29,14.29,1434.86,https://www.udr.com/philadelphia-apartments/fairmount/broadridge/,2026-07-19,2026-08-02,,,,,Studio E1S,8,806111903
2026-08-02,UDR,Broadridge,,Philadelphia,UDR-broadridge-0br-484sqft-1122,0,1.0,484,1852.0,2026-10-08,14,True,hard,Save 2 Months off rent!,months_free,2.0,14.29,14.29,1587.43,https://www.udr.com/philadelphia-apartments/fairmount/broadridge/,2026-08-02,2026-08-02,,,,,Studio E1T,11,806111903
2026-08-02,UDR,Broadridge,,Philadelphia,UDR-broadridge-0br-492sqft-1107,0,1.0,492,1730.0,2026-10-08,14,True,hard,Save 2 Months off rent!,months_free,2.0,14.29,14.29,1482.86,https://www.udr.com/philadelphia-apartments/fairmount/broadridge/,2026-07-19,2026-08-02,,,,,Studio E1V,11,806111903
2026-08-02,UDR,Broadridge,,Philadelphia,UDR-broadridge-0br-493sqft-1402,0,1.0,493,1896.0,2026-10-07,14,True,hard,Save 2 Months off rent!,months_free,2.0,14.29,14.29,1625.14,https://www.udr.com/philadelphia-apartments/fairmount/broadridge/,2026-08-02,2026-08-02,,,,,Studio E1W,14,806111903
2026-08-02,UDR,Broadridge,,Philadelphia,UDR-broadridge-3br-759sqft-0522,3,2.0,759,2765.0,2026-10-20,9,True,hard,Save 2 Months off rent!,months_free,2.0,22.22,22.22,2150.56,https://www.udr.com/philadelphia-apartments/fairmount/broadridge/,2026-08-02,2026-08-02,,,,,Three Bedroom C2A,5,806111903
2026-08-02,UDR,Broadridge,,Philadelphia,UDR-broadridge-3br-781sqft-0656,3,2.0,781,2710.0,2026-10-15,9,True,hard,Save 2 Months off rent!,months_free,2.0,22.22,22.22,2107.78,https://www.udr.com/philadelphia-apartments/fairmount/broadridge/,2026-07-19,2026-08-02,,,,,Three Bedroom C2C,6,806111903
2026-08-02,UDR,Broadridge,,Philadelphia,UDR-broadridge-3br-894sqft-0553,3,2.0,894,3058.0,2026-11-07,14,True,hard,Save 2 Months off rent!,months_free,2.0,14.29,14.29,2621.14,https://www.udr.com/philadelphia-apartments/fairmount/broadridge/,2026-07-19,2026-08-02,,,,,Three Bedroom C2F,5,806111903
2026-08-02,UDR,Broadridge,,Philadelphia,UDR-broadridge-2br-391sqft-0712,2,1.0,391,1887.0,2026-09-08,11,True,hard,Save 2 Months off rent!,months_free,2.0,18.18,18.18,1543.91,https://www.udr.com/philadelphia-apartments/fairmount/broadridge/,2026-06-08,2026-08-02,,,,,Two Bedroom B1A,7,806111903
2026-08-02,UDR,Broadridge,,Philadelphia,UDR-broadridge-2br-478sqft-0618,2,1.0,478,2015.0,2026-10-08,10,True,hard,Save 2 Months off rent!,months_free,2.0,20.0,20.0,1612.0,https://www.udr.com/philadelphia-apartments/fairmount/broadridge/,2026-07-19,2026-08-02,,,,,Two Bedroom B1C,6,806111903
2026-08-02,UDR,Broadridge,,Philadelphia,UDR-broadridge-2br-547sqft-0543,2,1.0,547,2083.0,2026-10-03,9,True,hard,Save 2 Months off rent!,months_free,2.0,22.22,22.22,1620.11,https://www.udr.com/philadelphia-apartments/fairmount/broadridge/,2026-08-02,2026-08-02,,,,,Two Bedroom B1E,5,806111903
2026-08-02,UDR,Broadridge,,Philadelphia,UDR-broadridge-2br-550sqft-0549,2,1.0,550,1993.0,2026-08-20,11,True,hard,Save 2 Months off rent!,months_free,2.0,18.18,18.18,1630.64,https://www.udr.com/philadelphia-apartments/fairmount/broadridge/,2026-06-08,2026-08-02,,,,,Two Bedroom B1F,5,806111903
2026-08-02,UDR,Broadridge,,Philadelphia,UDR-broadridge-2br-549sqft-0503,2,1.0,549,2444.0,2026-09-13,10,True,hard,Save 2 Months off rent!,months_free,2.0,20.0,20.0,1955.2,https://www.udr.com/philadelphia-apartments/fairmount/broadridge/,2026-05-03,2026-08-02,,,,,Two Bedroom B1G,5,806111903
2026-08-02,UDR,Broadridge,,Philadelphia,UDR-broadridge-2br-552sqft-0541,2,1.0,552,2088.0,2026-10-03,9,True,hard,Save 2 Months off rent!,months_free,2.0,22.22,22.22,1624.0,https://www.udr.com/philadelphia-apartments/fairmount/broadridge/,2026-07-19,2026-08-02,,,,,Two Bedroom B1H,5,806111903
2026-08-02,UDR,Broadridge,,Philadelphia,UDR-broadridge-2br-553sqft-0642,2,1.0,553,2073.0,2026-08-12,11,True,hard,Save 2 Months off rent!,months_free,2.0,18.18,18.18,1696.09,https://www.udr.com/philadelphia-apartments/fairmount/broadridge/,2026-05-09,2026-08-02,,,,,Two Bedroom B1I,6,806111903
2026-08-02,UDR,Broadridge,,Philadelphia,UDR-broadridge-2br-550sqft-0745,2,1.0,550,2090.0,2026-10-31,9,True,hard,Save 2 Months off rent!,months_free,2.0,22.22,22.22,1625.56,https://www.udr.com/philadelphia-apartments/fairmount/broadridge/,2026-07-19,2026-08-02,,,,,Two Bedroom B1I,7,806111903
2026-08-02,UDR,Broadridge,,Philadelphia,UDR-broadridge-2br-579sqft-0529,2,1.0,579,2466.0,2026-09-21,10,True,hard,Save 2 Months off rent!,months_free,2.0,20.0,20.0,1972.8,https://www.udr.com/philadelphia-apartments/fairmount/broadridge/,2026-05-16,2026-08-02,,,,,Two Bedroom B1L,5,806111903
2026-08-02,UDR,Broadridge,,Philadelphia,UDR-broadridge-2br-579sqft-0629,2,1.0,579,2025.0,2026-08-21,11,True,hard,Save 2 Months off rent!,months_free,2.0,18.18,18.18,1656.82,https://www.udr.com/philadelphia-apartments/fairmount/broadridge/,2026-08-02,2026-08-02,,,,,Two Bedroom B1L,6,806111903
2026-08-02,UDR,Broadridge,,Philadelphia,UDR-broadridge-2br-1110sqft-0423,2,2.0,1110,3070.0,2026-08-25,13,True,hard,Save 2 Months off rent!,months_free,2.0,15.38,15.38,2597.69,https://www.udr.com/philadelphia-apartments/fairmount/broadridge/,2026-08-02,2026-08-02,,,,,Two Bedroom B2E,4,806111903
2026-08-02,UDR,Broadridge,,Philadelphia,UDR-broadridge-2br-1123sqft-0015,2,2.0,1123,3370.0,2026-08-03,13,True,hard,Save 2 Months off rent!,months_free,2.0,15.38,15.38,2851.54,https://www.udr.com/philadelphia-apartments/fairmount/broadridge/,2026-04-04,2026-08-02,,,,,Two Bedroom B2F,1,806111903
2026-08-02,UDR,Broadridge,,Philadelphia,UDR-broadridge-2br-1145sqft-1223,2,2.0,1145,3054.0,2026-09-15,12,True,hard,Save 2 Months off rent!,months_free,2.0,16.67,16.67,2545.0,https://www.udr.com/philadelphia-apartments/fairmount/broadridge/,2026-08-02,2026-08-02,,,,,Two Bedroom B2H,12,806111903
2026-08-02,UDR,Brookridge,,Nashville,UDR-brookridge-1br-804sqft-175,1,1.0,804,1028.0,2026-08-15,14,False,,,,,,,,https://www.udr.com/nashville-apartments/south-nashville/brookridge/,2026-05-16,2026-08-02,,,,,Plan A1,2,11649
2026-08-02,UDR,Brookridge,,Nashville,UDR-brookridge-1br-804sqft-275,1,1.0,804,1182.0,2026-09-24,13,False,,,,,,,,https://www.udr.com/nashville-apartments/south-nashville/brookridge/,2026-08-02,2026-08-02,,,,,Plan A1,2,11649
2026-08-02,UDR,Brookridge,,Nashville,UDR-brookridge-2br-1074sqft-117,2,2.0,1074,1197.0,2026-09-08,14,False,,,,,,,,https://www.udr.com/nashville-apartments/south-nashville/brookridge/,2026-08-02,2026-08-02,,,,,Plan B2A,3,11649
2026-08-02,UDR,Brookridge,,Nashville,UDR-brookridge-2br-1145sqft-200,2,2.0,1145,1188.0,2026-10-07,13,False,,,,,,,,https://www.udr.com/nashville-apartments/south-nashville/brookridge/,2026-08-02,2026-08-02,,,,,Plan B2B,0,11649
2026-08-02,UDR,Brookridge,,Nashville,UDR-brookridge-2br-1145sqft-231,2,2.0,1145,1247.0,2026-08-22,13,False,,,,,,,,https://www.udr.com/nashville-apartments/south-nashville/brookridge/,2026-06-22,2026-08-02,,,,,Plan B2B,2,11649
2026-08-02,UDR,Brookridge,,Nashville,UDR-brookridge-2br-1145sqft-243,2,2.0,1145,1289.0,2026-08-03,13,False,,,,,,,,https://www.udr.com/nashville-apartments/south-nashville/brookridge/,2026-04-04,2026-08-02,,,,,Plan B2B,2,11649
2026-08-02,UDR,Brookridge,,Nashville,UDR-brookridge-2br-1145sqft-247,2,2.0,1145,1275.0,2026-08-22,13,False,,,,,,,,https://www.udr.com/nashville-apartments/south-nashville/brookridge/,2026-05-30,2026-08-02,,,,,Plan B2B,3,11649
2026-08-02,UDR,Calvert's Walk,,Baltimore,UDR-calvert-s-walk-1br-760sqft-F23E,1,1.0,760,1478.0,2026-09-12,12,True,hard,Save 4 weeks off rent!,months_free,0.9231,7.69,7.69,1364.3,https://www.udr.com/baltimore-apartments/bel-air-south/calverts-walk/,2026-04-19,2026-08-02,,,,,Plan A1,2,13856
2026-08-02,UDR,Calvert's Walk,,Baltimore,UDR-calvert-s-walk-1br-760sqft-F10I,1,1.0,760,1722.0,2026-10-03,14,True,hard,Save 4 weeks off rent!,months_free,0.9231,6.59,6.59,1608.46,https://www.udr.com/baltimore-apartments/bel-air-south/calverts-walk/,2026-06-13,2026-08-02,,,,,Plan A1,3,13856
2026-08-02,UDR,Calvert's Walk,,Baltimore,UDR-calvert-s-walk-2br-935sqft-F21G,2,1.0,935,1592.0,2026-09-04,14,True,hard,Save 4 weeks off rent!,months_free,0.9231,6.59,6.59,1487.03,https://www.udr.com/baltimore-apartments/bel-air-south/calverts-walk/,2026-07-19,2026-08-02,,,,,Plan B1,2,13856
2026-08-02,UDR,Calvert's Walk,,Baltimore,UDR-calvert-s-walk-2br-935sqft-F22J,2,1.0,935,1526.0,2026-08-14,12,True,hard,Save 4 weeks off rent!,months_free,0.9231,7.69,7.69,1408.61,https://www.udr.com/baltimore-apartments/bel-air-south/calverts-walk/,2026-05-30,2026-08-02,,,,,Plan B1,3,13856
2026-08-02,UDR,Calvert's Walk,,Baltimore,UDR-calvert-s-walk-2br-935sqft-F25K,2,1.0,935,1593.0,2026-08-15,12,True,hard,Save 4 weeks off rent!,months_free,0.9231,7.69,7.69,1470.46,https://www.udr.com/baltimore-apartments/bel-air-south/calverts-walk/,2026-05-30,2026-08-02,,,,,Plan B1,3,13856
2026-08-02,UDR,Calvert's Walk,,Baltimore,UDR-calvert-s-walk-2br-935sqft-B21G,2,1.0,935,1462.0,2026-08-12,12,True,hard,Save 4 weeks off rent!,months_free,0.9231,7.69,7.69,1349.54,https://www.udr.com/baltimore-apartments/bel-air-south/calverts-walk/,2026-04-12,2026-08-02,,,,,Plan B1,2,13856
2026-08-02,UDR,Calvert's Walk,,Baltimore,UDR-calvert-s-walk-2br-935sqft-S30B,2,1.0,935,1552.0,2026-08-03,12,True,hard,Save 4 weeks off rent!,months_free,0.9231,7.69,7.69,1432.61,https://www.udr.com/baltimore-apartments/bel-air-south/calverts-walk/,2026-06-22,2026-08-02,,,,,Plan B1,1,13856
2026-08-02,UDR,Calvert's Walk,,Baltimore,UDR-calvert-s-walk-2br-935sqft-S30J,2,1.0,935,1589.0,2026-09-12,14,True,hard,Save 4 weeks off rent!,months_free,0.9231,6.59,6.59,1484.23,https://www.udr.com/baltimore-apartments/bel-air-south/calverts-walk/,2026-06-08,2026-08-02,,,,,Plan B1,3,13856
2026-08-02,UDR,Calvert's Walk,,Baltimore,UDR-calvert-s-walk-2br-935sqft-S33G,2,1.0,935,1533.0,2026-08-22,14,True,hard,Save 4 weeks off rent!,months_free,0.9231,6.59,6.59,1431.92,https://www.udr.com/baltimore-apartments/bel-air-south/calverts-walk/,2026-06-08,2026-08-02,,,,,Plan B1,2,13856
2026-08-02,UDR,Calvert's Walk,,Baltimore,UDR-calvert-s-walk-2br-915sqft-F20D,2,2.0,915,1535.0,2026-09-08,14,True,hard,Save 4 weeks off rent!,months_free,0.9231,6.59,6.59,1433.79,https://www.udr.com/baltimore-apartments/bel-air-south/calverts-walk/,2026-08-02,2026-08-02,,,,,Plan B2,1,13856
2026-08-02,UDR,Calvert's Walk,,Baltimore,UDR-calvert-s-walk-2br-915sqft-F22H,2,2.0,915,1811.0,2026-08-08,12,True,hard,Save 4 weeks off rent!,months_free,0.9231,7.69,7.69,1671.69,https://www.udr.com/baltimore-apartments/bel-air-south/calverts-walk/,2026-05-09,2026-08-02,,,,,Plan B2,2,13856
2026-08-02,UDR,Calvert's Walk,,Baltimore,UDR-calvert-s-walk-2br-915sqft-C28B,2,2.0,915,1494.0,2026-08-08,12,True,hard,Save 4 weeks off rent!,months_free,0.9231,7.69,7.69,1379.07,https://www.udr.com/baltimore-apartments/bel-air-south/calverts-walk/,2026-04-26,2026-08-02,,,,,Plan B2,1,13856
2026-08-02,UDR,Calvert's Walk,,Baltimore,UDR-calvert-s-walk-2br-915sqft-F10G,2,2.0,915,1625.0,2026-08-08,12,True,hard,Save 4 weeks off rent!,months_free,0.9231,7.69,7.69,1500.0,https://www.udr.com/baltimore-apartments/bel-air-south/calverts-walk/,2026-06-13,2026-08-02,,,,,Plan B2,2,13856
2026-08-02,UDR,Calvert's Walk,,Baltimore,UDR-calvert-s-walk-2br-915sqft-F12F,2,2.0,915,1517.0,2026-08-14,12,True,hard,Save 4 weeks off rent!,months_free,0.9231,7.69,7.69,1400.3,https://www.udr.com/baltimore-apartments/bel-air-south/calverts-walk/,2026-06-08,2026-08-02,,,,,Plan B2,2,13856
2026-08-02,UDR,Calvert's Walk,,Baltimore,UDR-calvert-s-walk-2br-915sqft-CC0C,2,2.0,915,1472.0,2026-08-28,14,True,hard,Save 4 weeks off rent!,months_free,0.9231,6.59,6.59,1374.94,https://www.udr.com/baltimore-apartments/bel-air-south/calverts-walk/,2026-07-19,2026-08-02,,,,,Plan B2,1,13856
2026-08-02,UDR,Calvert's Walk,,Baltimore,UDR-calvert-s-walk-2br-915sqft-CC0L,2,2.0,915,1799.0,2026-09-12,14,True,hard,Save 4 weeks off rent!,months_free,0.9231,6.59,6.59,1680.38,https://www.udr.com/baltimore-apartments/bel-air-south/calverts-walk/,2026-05-09,2026-08-02,,,,,Plan B2,3,13856
2026-08-02,UDR,Calvert's Walk,,Baltimore,UDR-calvert-s-walk-2br-915sqft-CC1A,2,2.0,915,1517.0,2026-09-11,14,True,hard,Save 4 weeks off rent!,months_free,0.9231,6.59,6.59,1416.98,https://www.udr.com/baltimore-apartments/bel-air-south/calverts-walk/,2026-07-19,2026-08-02,,,,,Plan B2,1,13856
2026-08-02,UDR,Calvert's Walk,,Baltimore,UDR-calvert-s-walk-2br-915sqft-CC1E,2,2.0,915,1676.0,2026-08-03,12,True,hard,Save 4 weeks off rent!,months_free,0.9231,7.69,7.69,1547.07,https://www.udr.com/baltimore-apartments/bel-air-south/calverts-walk/,2026-08-02,2026-08-02,,,,,Plan B2,2,13856
2026-08-02,UDR,Calvert's Walk,,Baltimore,UDR-calvert-s-walk-2br-915sqft-CC1F,2,2.0,915,1645.0,2026-08-14,12,True,hard,Save 4 weeks off rent!,months_free,0.9231,7.69,7.69,1518.46,https://www.udr.com/baltimore-apartments/bel-air-south/calverts-walk/,2026-08-02,2026-08-02,,,,,Plan B2,2,13856
2026-08-02,UDR,Calvert's Walk,,Baltimore,UDR-calvert-s-walk-2br-915sqft-CC1J,2,2.0,915,1607.0,2026-08-08,12,True,hard,Save 4 weeks off rent!,months_free,0.9231,7.69,7.69,1483.38,https://www.udr.com/baltimore-apartments/bel-air-south/calverts-walk/,2026-05-09,2026-08-02,,,,,Plan B2,3,13856
2026-08-02,UDR,Calvert's Walk,,Baltimore,UDR-calvert-s-walk-2br-915sqft-CC2I,2,2.0,915,1573.0,2026-08-03,12,True,hard,Save 4 weeks off rent!,months_free,0.9231,7.69,7.69,1452.0,https://www.udr.com/baltimore-apartments/bel-air-south/calverts-walk/,2026-04-26,2026-08-02,,,,,Plan B2,3,13856
2026-08-02,UDR,Calvert's Walk,,Baltimore,UDR-calvert-s-walk-2br-915sqft-B25J,2,2.0,915,1612.0,2026-10-02,13,True,hard,Save 4 weeks off rent!,months_free,0.9231,7.1,7.1,1497.54,https://www.udr.com/baltimore-apartments/bel-air-south/calverts-walk/,2026-07-19,2026-08-02,,,,,Plan B2,3,13856
2026-08-02,UDR,Calvert's Walk,,Baltimore,UDR-calvert-s-walk-2br-915sqft-B29B,2,2.0,915,1539.0,2026-10-07,13,True,hard,Save 4 weeks off rent!,months_free,0.9231,7.1,7.1,1429.72,https://www.udr.com/baltimore-apartments/bel-air-south/calverts-walk/,2026-08-02,2026-08-02,,,,,Plan B2,1,13856
2026-08-02,UDR,Calvert's Walk,,Baltimore,UDR-calvert-s-walk-2br-915sqft-B29E,2,2.0,915,1657.0,2026-08-03,12,True,hard,Save 4 weeks off rent!,months_free,0.9231,7.69,7.69,1529.54,https://www.udr.com/baltimore-apartments/bel-air-south/calverts-walk/,2026-07-19,2026-08-02,,,,,Plan B2,2,13856
2026-08-02,UDR,Calvert's Walk,,Baltimore,UDR-calvert-s-walk-2br-915sqft-S34F,2,2.0,915,1629.0,2026-09-04,14,True,hard,Save 4 weeks off rent!,months_free,0.9231,6.59,6.59,1521.59,https://www.udr.com/baltimore-apartments/bel-air-south/calverts-walk/,2026-06-22,2026-08-02,,,,,Plan B2,2,13856
2026-08-02,UDR,Calvert's Walk,,Baltimore,UDR-calvert-s-walk-2br-915sqft-S34I,2,2.0,915,1517.0,2026-08-14,12,True,hard,Save 4 weeks off rent!,months_free,0.9231,7.69,7.69,1400.3,https://www.udr.com/baltimore-apartments/bel-air-south/calverts-walk/,2026-06-13,2026-08-02,,,,,Plan B2,3,13856
2026-08-02,UDR,Calvert's Walk,,Baltimore,UDR-calvert-s-walk-2br-915sqft-S34J,2,2.0,915,1749.0,2026-08-03,12,True,hard,Save 4 weeks off rent!,months_free,0.9231,7.69,7.69,1614.46,https://www.udr.com/baltimore-apartments/bel-air-south/calverts-walk/,2026-05-09,2026-08-02,,,,,Plan B2,3,13856
2026-08-02,UDR,Calvert's Walk,,Baltimore,UDR-calvert-s-walk-3br-1089sqft-F24B,3,2.0,1089,2098.0,2026-08-15,13,True,hard,Save 4 weeks off rent!,months_free,0.9231,7.1,7.1,1949.03,https://www.udr.com/baltimore-apartments/bel-air-south/calverts-walk/,2026-06-08,2026-08-02,,,,,Plan C2,1,13856
2026-08-02,UDR,Cambridge Court,,Salinas,UDR-cambridge-court-1br-610sqft-107,1,1.0,610,2092.0,2026-09-08,13,False,,,,,,,,https://www.udr.com/salinas-apartments/north-salinas/cambridge-court/,2026-08-02,2026-08-02,,,,,Plan A1,1,12528
2026-08-02,UDR,Cambridge Court,,Salinas,UDR-cambridge-court-1br-610sqft-109,1,1.0,610,2160.0,2026-08-03,12,False,,,,,,,,https://www.udr.com/salinas-apartments/north-salinas/cambridge-court/,2026-07-19,2026-08-02,,,,,Plan A1,1,12528
2026-08-02,UDR,Cambridge Court,,Salinas,UDR-cambridge-court-1br-610sqft-124,1,1.0,610,2089.0,2026-08-15,12,False,,,,,,,,https://www.udr.com/salinas-apartments/north-salinas/cambridge-court/,2026-07-19,2026-08-02,,,,,Plan A1,2,12528
2026-08-02,UDR,Cambridge Court,,Salinas,UDR-cambridge-court-1br-610sqft-129,1,1.0,610,2054.0,2026-08-03,12,False,,,,,,,,https://www.udr.com/salinas-apartments/north-salinas/cambridge-court/,2026-05-03,2026-08-02,,,,,Plan A1,1,12528
2026-08-02,UDR,Cambridge Court,,Salinas,UDR-cambridge-court-1br-610sqft-53,1,1.0,610,2091.0,2026-08-05,12,False,,,,,,,,https://www.udr.com/salinas-apartments/north-salinas/cambridge-court/,2026-05-30,2026-08-02,,,,,Plan A1,1,12528
2026-08-02,UDR,Cambridge Court,,Salinas,UDR-cambridge-court-1br-650sqft-19N,1,1.0,650,2089.0,2026-08-03,12,False,,,,,,,,https://www.udr.com/salinas-apartments/north-salinas/cambridge-court/,2026-06-08,2026-08-02,,,,,Plan A2,1,12528
2026-08-02,UDR,Cambridge Court,,Salinas,UDR-cambridge-court-1br-650sqft-42W,1,1.0,650,2102.0,2026-08-03,12,False,,,,,,,,https://www.udr.com/salinas-apartments/north-salinas/cambridge-court/,2026-05-09,2026-08-02,,,,,Plan A2,2,12528
2026-08-02,UDR,Cambridge Court,,Salinas,UDR-cambridge-court-1br-650sqft-6W,1,1.0,650,2248.0,2026-08-03,12,False,,,,,,,,https://www.udr.com/salinas-apartments/north-salinas/cambridge-court/,2026-06-22,2026-08-02,,,,,Plan A2,2,12528
2026-08-02,UDR,Cambridge Court,,Salinas,UDR-cambridge-court-1br-650sqft-17E,1,1.0,650,2102.0,2026-08-03,12,False,,,,,,,,https://www.udr.com/salinas-apartments/north-salinas/cambridge-court/,2026-07-19,2026-08-02,,,,,Plan A2,1,12528
2026-08-02,UDR,Cambridge Court,,Salinas,UDR-cambridge-court-1br-650sqft-20E,1,1.0,650,2084.0,2026-08-20,13,False,,,,,,,,https://www.udr.com/salinas-apartments/north-salinas/cambridge-court/,2026-07-19,2026-08-02,,,,,Plan A2,2,12528
2026-08-02,UDR,Cambridge Court,,Salinas,UDR-cambridge-court-1br-650sqft-22S,1,1.0,650,2264.0,2026-09-08,13,False,,,,,,,,https://www.udr.com/salinas-apartments/north-salinas/cambridge-court/,2026-07-19,2026-08-02,,,,,Plan A2,2,12528
2026-08-02,UDR,Cambridge Court,,Salinas,UDR-cambridge-court-1br-650sqft-43S,1,1.0,650,1804.0,2026-08-03,12,False,,,,,,,,https://www.udr.com/salinas-apartments/north-salinas/cambridge-court/,2026-04-12,2026-08-02,,,,,Plan A2,1,12528
2026-08-02,UDR,Cambridge Court,,Salinas,UDR-cambridge-court-1br-650sqft-38S,1,1.0,650,2078.0,2026-08-03,12,False,,,,,,,,https://www.udr.com/salinas-apartments/north-salinas/cambridge-court/,2026-05-03,2026-08-02,,,,,Plan A2,2,12528
2026-08-02,UDR,Cambridge Court,,Salinas,UDR-cambridge-court-2br-850sqft-8S,2,1.0,850,2529.0,2026-08-03,13,False,,,,,,,,https://www.udr.com/salinas-apartments/north-salinas/cambridge-court/,2026-04-04,2026-08-02,,,,,B.2 - 2x1 2nd Floor,2,12528
2026-08-02,UDR,Cambridge Court,,Salinas,UDR-cambridge-court-2br-850sqft-6S,2,1.0,850,2565.0,2026-08-03,13,False,,,,,,,,https://www.udr.com/salinas-apartments/north-salinas/cambridge-court/,2026-05-09,2026-08-02,,,,,B.2 - 2x1 2nd Floor,2,12528
2026-08-02,UDR,Cambridge Court,,Salinas,UDR-cambridge-court-0br-400sqft-61,0,1.0,400,1732.0,2026-08-26,13,False,,,,,,,,https://www.udr.com/salinas-apartments/north-salinas/cambridge-court/,2026-08-02,2026-08-02,,,,,E1.2 - Studio 2nd Floor,1,12528
2026-08-02,UDR,Cambridge Court,,Salinas,UDR-cambridge-court-2br-760sqft-2,2,1.0,760,2686.0,2026-08-03,13,False,,,,,,,,https://www.udr.com/salinas-apartments/north-salinas/cambridge-court/,2026-05-03,2026-08-02,,,,,Plan B1,2,12528
2026-08-02,UDR,Cambridge Court,,Salinas,UDR-cambridge-court-2br-850sqft-59W,2,1.0,850,2738.0,2026-08-03,12,False,,,,,,,,https://www.udr.com/salinas-apartments/north-salinas/cambridge-court/,2026-07-19,2026-08-02,,,,,Plan B3,1,12528
2026-08-02,UDR,Cambridge Court,,Salinas,UDR-cambridge-court-0br-400sqft-28,0,1.0,400,1742.0,2026-08-03,12,False,,,,,,,,https://www.udr.com/salinas-apartments/north-salinas/cambridge-court/,2026-06-13,2026-08-02,,,,,Plan E1,2,12528
2026-08-02,UDR,Cambridge Court,,Salinas,UDR-cambridge-court-0br-400sqft-30,0,1.0,400,1742.0,2026-08-03,12,False,,,,,,,,https://www.udr.com/salinas-apartments/north-salinas/cambridge-court/,2026-07-19,2026-08-02,,,,,Plan E1,2,12528
2026-08-02,UDR,Cambridge Woods,,Tampa,UDR-cambridge-woods-1br-580sqft-101,1,1.0,580,1160.0,2026-09-05,15,True,soft,a month ago Read Google Reviews,,,,,,https://www.udr.com/tampa-apartments/university-center/cambridge-woods/,2026-04-04,2026-08-02,,,,,Plan A1A,1,11583
2026-08-02,UDR,Cambridge Woods,,Tampa,UDR-cambridge-woods-1br-580sqft-201,1,1.0,580,1169.0,2026-08-03,15,True,soft,a month ago Read Google Reviews,,,,,,https://www.udr.com/tampa-apartments/university-center/cambridge-woods/,2026-04-04,2026-08-02,,,,,Plan A1A,2,11583
2026-08-02,UDR,Cambridge Woods,,Tampa,UDR-cambridge-woods-1br-580sqft-202,1,1.0,580,1054.0,2026-09-19,15,True,soft,a month ago Read Google Reviews,,,,,,https://www.udr.com/tampa-apartments/university-center/cambridge-woods/,2026-04-04,2026-08-02,,,,,Plan A1A,2,11583
2026-08-02,UDR,Cambridge Woods,,Tampa,UDR-cambridge-woods-1br-580sqft-101,1,1.0,580,1176.0,2026-09-19,15,True,soft,a month ago Read Google Reviews,,,,,,https://www.udr.com/tampa-apartments/university-center/cambridge-woods/,2026-04-04,2026-08-02,,,,,Plan A1A,1,11583
2026-08-02,UDR,Cambridge Woods,,Tampa,UDR-cambridge-woods-1br-650sqft-102,1,1.0,650,1246.0,2026-09-05,15,True,soft,a month ago Read Google Reviews,,,,,,https://www.udr.com/tampa-apartments/university-center/cambridge-woods/,2026-04-04,2026-08-02,,,,,Plan A1B,1,11583
2026-08-02,UDR,Cambridge Woods,,Tampa,UDR-cambridge-woods-1br-650sqft-102,1,1.0,650,1442.0,2026-08-05,13,True,soft,a month ago Read Google Reviews,,,,,,https://www.udr.com/tampa-apartments/university-center/cambridge-woods/,2026-04-04,2026-08-02,,,,,Plan A1B,1,11583
2026-08-02,UDR,Cambridge Woods,,Tampa,UDR-cambridge-woods-1br-750sqft-14213,1,1.0,750,1692.0,2026-10-02,15,True,soft,a month ago Read Google Reviews,,,,,,https://www.udr.com/tampa-apartments/university-center/cambridge-woods/,2026-07-19,2026-08-02,,,,,Plan A1D,1,11583
2026-08-02,UDR,Cambridge Woods,,Tampa,UDR-cambridge-woods-1br-750sqft-14235,1,1.0,750,1395.0,2026-08-03,15,True,soft,a month ago Read Google Reviews,,,,,,https://www.udr.com/tampa-apartments/university-center/cambridge-woods/,2026-04-04,2026-08-02,,,,,Plan A1D,1,11583
2026-08-02,UDR,Cambridge Woods,,Tampa,UDR-cambridge-woods-1br-750sqft-14245,1,1.0,750,1395.0,2026-08-03,15,True,soft,a month ago Read Google Reviews,,,,,,https://www.udr.com/tampa-apartments/university-center/cambridge-woods/,2026-04-04,2026-08-02,,,,,Plan A1D,1,11583
2026-08-02,UDR,Cambridge Woods,,Tampa,UDR-cambridge-woods-2br-1024sqft-14206,2,2.5,1024,1601.0,2026-08-22,15,True,soft,a month ago Read Google Reviews,,,,,,https://www.udr.com/tampa-apartments/university-center/cambridge-woods/,2026-07-19,2026-08-02,,,,,Plan B2.5AT,1,11583
2026-08-02,UDR,Cambridge Woods,,Tampa,UDR-cambridge-woods-2br-1200sqft-14233,2,2.5,1200,1354.0,2026-10-24,15,True,soft,a month ago Read Google Reviews,,,,,,https://www.udr.com/tampa-apartments/university-center/cambridge-woods/,2026-08-02,2026-08-02,,,,,Plan B2.5ET,1,11583
2026-08-02,UDR,Canterbury Apartments,,Washington DC,UDR-canterbury-apartments-1br-709sqft-13,1,1.0,709,1529.0,2026-08-03,12,True,hard,Save $1000 off rent!,dollar_off,1000.0,5.45,,1445.67,https://www.udr.com/washington-dc-apartments/germantown/canterbury-apartments/,2026-04-04,2026-08-02,,,,,A1A (1x1),1,406151633
2026-08-02,UDR,Canterbury Apartments,,Washington DC,UDR-canterbury-apartments-1br-709sqft-44,1,1.0,709,1798.0,2026-09-04,13,True,hard,Save $1000 off rent!,dollar_off,1000.0,4.28,,1721.08,https://www.udr.com/washington-dc-apartments/germantown/canterbury-apartments/,2026-07-19,2026-08-02,,,,,A1A (1x1),4,406151633
2026-08-02,UDR,Canterbury Apartments,,Washington DC,UDR-canterbury-apartments-1br-709sqft-24,1,1.0,709,1793.0,2026-09-18,13,True,hard,Save $1000 off rent!,dollar_off,1000.0,4.29,,1716.08,https://www.udr.com/washington-dc-apartments/germantown/canterbury-apartments/,2026-04-26,2026-08-02,,,,,A1A (1x1),2,406151633
2026-08-02,UDR,Canterbury Apartments,,Washington DC,UDR-canterbury-apartments-1br-709sqft-23,1,1.0,709,1760.0,2026-08-22,12,True,hard,Save $1000 off rent!,dollar_off,1000.0,4.73,,1676.67,https://www.udr.com/washington-dc-apartments/germantown/canterbury-apartments/,2026-06-22,2026-08-02,,,,,A1A (1x1),2,406151633
2026-08-02,UDR,Canterbury Apartments,,Washington DC,UDR-canterbury-apartments-1br-709sqft-33,1,1.0,709,1675.0,2026-08-07,12,True,hard,Save $1000 off rent!,dollar_off,1000.0,4.98,,1591.67,https://www.udr.com/washington-dc-apartments/germantown/canterbury-apartments/,2026-06-08,2026-08-02,,,,,A1A (1x1),3,406151633
2026-08-02,UDR,Canterbury Apartments,,Washington DC,UDR-canterbury-apartments-1br-709sqft-13,1,1.0,709,1957.0,2026-10-16,13,True,hard,Save $1000 off rent!,dollar_off,1000.0,3.93,,1880.08,https://www.udr.com/washington-dc-apartments/germantown/canterbury-apartments/,2026-04-04,2026-08-02,,,,,A1A (1x1),1,406151633
2026-08-02,UDR,Canterbury Apartments,,Washington DC,UDR-canterbury-apartments-1br-709sqft-11,1,1.0,709,1798.0,2026-10-02,13,True,hard,Save $1000 off rent!,dollar_off,1000.0,4.28,,1721.08,https://www.udr.com/washington-dc-apartments/germantown/canterbury-apartments/,2026-06-22,2026-08-02,,,,,A1A (1x1),1,406151633
2026-08-02,UDR,Canterbury Apartments,,Washington DC,UDR-canterbury-apartments-1br-709sqft-14,1,1.0,709,1765.0,2026-11-06,13,True,hard,Save $1000 off rent!,dollar_off,1000.0,4.36,,1688.08,https://www.udr.com/washington-dc-apartments/germantown/canterbury-apartments/,2026-04-04,2026-08-02,,,,,A1A (1x1),1,406151633
2026-08-02,UDR,Canterbury Apartments,,Washington DC,UDR-canterbury-apartments-1br-709sqft-21,1,1.0,709,1690.0,2026-08-07,12,True,hard,Save $1000 off rent!,dollar_off,1000.0,4.93,,1606.67,https://www.udr.com/washington-dc-apartments/germantown/canterbury-apartments/,2026-05-23,2026-08-02,,,,,A1A (1x1),2,406151633
2026-08-02,UDR,Canterbury Apartments,,Washington DC,UDR-canterbury-apartments-1br-709sqft-13,1,1.0,709,1615.0,2026-08-08,12,True,hard,Save $1000 off rent!,dollar_off,1000.0,5.16,,1531.67,https://www.udr.com/washington-dc-apartments/germantown/canterbury-apartments/,2026-04-04,2026-08-02,,,,,A1A (1x1),1,406151633
2026-08-02,UDR,Canterbury Apartments,,Washington DC,UDR-canterbury-apartments-1br-709sqft-12,1,1.0,709,1670.0,2026-08-03,12,True,hard,Save $1000 off rent!,dollar_off,1000.0,4.99,,1586.67,https://www.udr.com/washington-dc-apartments/germantown/canterbury-apartments/,2026-05-30,2026-08-02,,,,,A1A (1x1),1,406151633
2026-08-02,UDR,Canterbury Apartments,,Washington DC,UDR-canterbury-apartments-1br-709sqft-14,1,1.0,709,1675.0,2026-08-03,12,True,hard,Save $1000 off rent!,dollar_off,1000.0,4.98,,1591.67,https://www.udr.com/washington-dc-apartments/germantown/canterbury-apartments/,2026-04-04,2026-08-02,,,,,A1A (1x1),1,406151633
2026-08-02,UDR,Canterbury Apartments,,Washington DC,UDR-canterbury-apartments-1br-709sqft-14,1,1.0,709,1705.0,2026-08-03,12,True,hard,Save $1000 off rent!,dollar_off,1000.0,4.89,,1621.67,https://www.udr.com/washington-dc-apartments/germantown/canterbury-apartments/,2026-04-04,2026-08-02,,,,,A1A (1x1),1,406151633
2026-08-02,UDR,Canterbury Apartments,,Washington DC,UDR-canterbury-apartments-1br-709sqft-24,1,1.0,709,1784.0,2026-10-30,13,True,hard,Save $1000 off rent!,dollar_off,1000.0,4.31,,1707.08,https://www.udr.com/washington-dc-apartments/germantown/canterbury-apartments/,2026-04-26,2026-08-02,,,,,A1A (1x1),2,406151633
2026-08-02,UDR,Canterbury Apartments,,Washington DC,UDR-canterbury-apartments-1br-709sqft-43,1,1.0,709,1680.0,2026-08-03,12,True,hard,Save $1000 off rent!,dollar_off,1000.0,4.96,,1596.67,https://www.udr.com/washington-dc-apartments/germantown/canterbury-apartments/,2026-04-19,2026-08-02,,,,,A1A (1x1),4,406151633
2026-08-02,UDR,Canterbury Apartments,,Washington DC,UDR-canterbury-apartments-1br-709sqft-44,1,1.0,709,1841.0,2026-10-09,13,True,hard,Save $1000 off rent!,dollar_off,1000.0,4.18,,1764.08,https://www.udr.com/washington-dc-apartments/germantown/canterbury-apartments/,2026-07-19,2026-08-02,,,,,A1A (1x1),4,406151633
2026-08-02,UDR,Canterbury Apartments,,Washington DC,UDR-canterbury-apartments-1br-818sqft-13,1,1.0,818,2159.0,2026-09-30,12,True,hard,Save $1000 off rent!,dollar_off,1000.0,3.86,,2075.67,https://www.udr.com/washington-dc-apartments/germantown/canterbury-apartments/,2026-04-04,2026-08-02,,,,,A1AD (1x1),1,406151633
2026-08-02,UDR,Canterbury Apartments,,Washington DC,UDR-canterbury-apartments-2br-905sqft-14,2,1.0,905,1896.0,2026-10-02,13,True,hard,Save $1000 off rent!,dollar_off,1000.0,4.06,,1819.08,https://www.udr.com/washington-dc-apartments/germantown/canterbury-apartments/,2026-04-04,2026-08-02,,,,,B1 (2x1),1,406151633
2026-08-02,UDR,Canterbury Apartments,,Washington DC,UDR-canterbury-apartments-2br-905sqft-21,2,1.0,905,1867.0,2026-10-10,13,True,hard,Save $1000 off rent!,dollar_off,1000.0,4.12,,1790.08,https://www.udr.com/washington-dc-apartments/germantown/canterbury-apartments/,2026-04-04,2026-08-02,,,,,B1 (2x1),2,406151633
2026-08-02,UDR,Canterbury Apartments,,Washington DC,UDR-canterbury-apartments-2br-905sqft-31,2,1.0,905,1678.0,2026-09-11,12,True,hard,Save $1000 off rent!,dollar_off,1000.0,4.97,,1594.67,https://www.udr.com/washington-dc-apartments/germantown/canterbury-apartments/,2026-04-04,2026-08-02,,,,,B1 (2x1),3,406151633
2026-08-02,UDR,Canterbury Apartments,,Washington DC,UDR-canterbury-apartments-2br-905sqft-11,2,1.0,905,2026.0,2026-10-02,13,True,hard,Save $1000 off rent!,dollar_off,1000.0,3.8,,1949.08,https://www.udr.com/washington-dc-apartments/germantown/canterbury-apartments/,2026-04-05,2026-08-02,,,,,B1 (2x1),1,406151633
2026-08-02,UDR,Canterbury Apartments,,Washington DC,UDR-canterbury-apartments-2br-905sqft-41,2,1.0,905,1742.0,2026-10-14,13,True,hard,Save $1000 off rent!,dollar_off,1000.0,4.42,,1665.08,https://www.udr.com/washington-dc-apartments/germantown/canterbury-apartments/,2026-04-12,2026-08-02,,,,,B1 (2x1),4,406151633
2026-08-02,UDR,Canterbury Apartments,,Washington DC,UDR-canterbury-apartments-2br-905sqft-11,2,1.0,905,1843.0,2026-08-14,13,True,hard,Save $1000 off rent!,dollar_off,1000.0,4.17,,1766.08,https://www.udr.com/washington-dc-apartments/germantown/canterbury-apartments/,2026-04-05,2026-08-02,,,,,B1 (2x1),1,406151633
2026-08-02,UDR,Canterbury Apartments,,Washington DC,UDR-canterbury-apartments-2br-957sqft-13,2,2.0,957,1947.0,2026-09-18,13,True,hard,Save $1000 off rent!,dollar_off,1000.0,3.95,,1870.08,https://www.udr.com/washington-dc-apartments/germantown/canterbury-apartments/,2026-08-02,2026-08-02,,,,,B2A (2x2),1,406151633
2026-08-02,UDR,Canterbury Apartments,,Washington DC,UDR-canterbury-apartments-2br-957sqft-12,2,2.0,957,2163.0,2026-10-02,13,True,hard,Save $1000 off rent!,dollar_off,1000.0,3.56,,2086.08,https://www.udr.com/washington-dc-apartments/germantown/canterbury-apartments/,2026-04-19,2026-08-02,,,,,B2A (2x2),1,406151633
2026-08-02,UDR,Canterbury Apartments,,Washington DC,UDR-canterbury-apartments-2br-957sqft-12,2,2.0,957,2044.0,2026-08-06,13,True,hard,Save $1000 off rent!,dollar_off,1000.0,3.76,,1967.08,https://www.udr.com/washington-dc-apartments/germantown/canterbury-apartments/,2026-04-19,2026-08-02,,,,,B2A (2x2),1,406151633
2026-08-02,UDR,Canterbury Apartments,,Washington DC,UDR-canterbury-apartments-2br-1018sqft-42,2,2.0,1018,2112.0,2026-08-28,13,True,hard,Save $1000 off rent!,dollar_off,1000.0,3.64,,2035.08,https://www.udr.com/washington-dc-apartments/germantown/canterbury-apartments/,2026-04-04,2026-08-02,,,,,B2B (2x2),4,406151633
2026-08-02,UDR,Canterbury Apartments,,Washington DC,UDR-canterbury-apartments-2br-1018sqft-42,2,2.0,1018,2076.0,2026-09-23,13,True,hard,Save $1000 off rent!,dollar_off,1000.0,3.71,,1999.08,https://www.udr.com/washington-dc-apartments/germantown/canterbury-apartments/,2026-04-04,2026-08-02,,,,,B2B (2x2),4,406151633
2026-08-02,UDR,Canterbury Apartments,,Washington DC,UDR-canterbury-apartments-2br-1018sqft-32,2,2.0,1018,1915.0,2026-09-23,13,True,hard,Save $1000 off rent!,dollar_off,1000.0,4.02,,1838.08,https://www.udr.com/washington-dc-apartments/germantown/canterbury-apartments/,2026-05-30,2026-08-02,,,,,B2B (2x2),3,406151633
2026-08-02,UDR,Canterbury Apartments,,Washington DC,UDR-canterbury-apartments-2br-1018sqft-22,2,2.0,1018,2146.0,2026-08-03,13,True,hard,Save $1000 off rent!,dollar_off,1000.0,3.58,,2069.08,https://www.udr.com/washington-dc-apartments/germantown/canterbury-apartments/,2026-04-04,2026-08-02,,,,,B2B (2x2),2,406151633
2026-08-02,UDR,Canterbury Apartments,,Washington DC,UDR-canterbury-apartments-2br-1018sqft-42,2,2.0,1018,1890.0,2026-08-11,13,True,hard,Save $1000 off rent!,dollar_off,1000.0,4.07,,1813.08,https://www.udr.com/washington-dc-apartments/germantown/canterbury-apartments/,2026-04-04,2026-08-02,,,,,B2B (2x2),4,406151633
2026-08-02,UDR,Canterbury Apartments,,Washington DC,UDR-canterbury-apartments-2br-1018sqft-33,2,2.0,1018,2098.0,2026-08-03,13,True,hard,Save $1000 off rent!,dollar_off,1000.0,3.67,,2021.08,https://www.udr.com/washington-dc-apartments/germantown/canterbury-apartments/,2026-04-19,2026-08-02,,,,,B2B (2x2),3,406151633
2026-08-02,UDR,Canterbury Apartments,,Washington DC,UDR-canterbury-apartments-2br-1127sqft-11,2,2.0,1127,1972.0,2026-08-29,13,True,hard,Save $1000 off rent!,dollar_off,1000.0,3.9,,1895.08,https://www.udr.com/washington-dc-apartments/germantown/canterbury-apartments/,2026-06-22,2026-08-02,,,,,B2C (2x2),1,406151633
2026-08-02,UDR,Canterbury Apartments,,Washington DC,UDR-canterbury-apartments-2br-1127sqft-21,2,2.0,1127,2323.0,2026-09-25,12,True,hard,Save $1000 off rent!,dollar_off,1000.0,3.59,,2239.67,https://www.udr.com/washington-dc-apartments/germantown/canterbury-apartments/,2026-08-02,2026-08-02,,,,,B2C (2x2),2,406151633
2026-08-02,UDR,Canterbury Apartments,,Washington DC,UDR-canterbury-apartments-2br-1127sqft-42,2,2.0,1127,2113.0,2026-09-25,13,True,hard,Save $1000 off rent!,dollar_off,1000.0,3.64,,2036.08,https://www.udr.com/washington-dc-apartments/germantown/canterbury-apartments/,2026-08-02,2026-08-02,,,,,B2C (2x2),4,406151633
2026-08-02,UDR,Canterbury Apartments,,Washington DC,UDR-canterbury-apartments-2br-1127sqft-43,2,2.0,1127,1997.0,2026-10-14,13,True,hard,Save $1000 off rent!,dollar_off,1000.0,3.85,,1920.08,https://www.udr.com/washington-dc-apartments/germantown/canterbury-apartments/,2026-07-19,2026-08-02,,,,,B2C (2x2),4,406151633
2026-08-02,UDR,Capitol View on 14th,,Washington DC,UDR-capitol-view-on-14th-1br-585sqft-702,1,1.0,585,2429.0,2026-09-12,12,True,hard,Save 2 weeks off rent!,months_free,0.4616,3.85,3.85,2335.56,https://www.udr.com/washington-dc-apartments/u-street-corridor/capitol-view-on-14th/,2026-07-19,2026-08-02,,,,,One Bedroom A1B,7,44345
2026-08-02,UDR,Capitol View on 14th,,Washington DC,UDR-capitol-view-on-14th-1br-666sqft-521,1,1.0,666,2517.0,2026-08-03,11,True,hard,Save 2 weeks off rent!,months_free,0.4616,4.2,4.2,2411.38,https://www.udr.com/washington-dc-apartments/u-street-corridor/capitol-view-on-14th/,2026-06-13,2026-08-02,,,,,One Bedroom A1D,5,44345
2026-08-02,UDR,Capitol View on 14th,,Washington DC,UDR-capitol-view-on-14th-1br-666sqft-523,1,1.0,666,2376.0,2026-08-03,13,True,hard,Save 2 weeks off rent!,months_free,0.4616,3.55,3.55,2291.63,https://www.udr.com/washington-dc-apartments/u-street-corridor/capitol-view-on-14th/,2026-05-23,2026-08-02,,,,,One Bedroom A1D,5,44345
2026-08-02,UDR,Capitol View on 14th,,Washington DC,UDR-capitol-view-on-14th-1br-666sqft-721,1,1.0,666,2636.0,2026-09-15,12,True,hard,Save 2 weeks off rent!,months_free,0.4616,3.85,3.85,2534.6,https://www.udr.com/washington-dc-apartments/u-street-corridor/capitol-view-on-14th/,2026-07-19,2026-08-02,,,,,One Bedroom A1D,7,44345
2026-08-02,UDR,Capitol View on 14th,,Washington DC,UDR-capitol-view-on-14th-1br-666sqft-820,1,1.0,666,2529.0,2026-10-17,13,True,hard,Save 2 weeks off rent!,months_free,0.4616,3.55,3.55,2439.2,https://www.udr.com/washington-dc-apartments/u-street-corridor/capitol-view-on-14th/,2026-07-19,2026-08-02,,,,,One Bedroom A1D,8,44345
2026-08-02,UDR,Capitol View on 14th,,Washington DC,UDR-capitol-view-on-14th-1br-794sqft-615,1,1.0,794,3140.0,2026-10-03,13,True,hard,Save 2 weeks off rent!,months_free,0.4616,3.55,3.55,3028.51,https://www.udr.com/washington-dc-apartments/u-street-corridor/capitol-view-on-14th/,2026-08-02,2026-08-02,,,,,One Bedroom A1G,6,44345
2026-08-02,UDR,Capitol View on 14th,,Washington DC,UDR-capitol-view-on-14th-1br-915sqft-514,1,1.0,915,3075.0,2026-08-03,12,True,hard,Save 2 weeks off rent!,months_free,0.4616,3.85,3.85,2956.71,https://www.udr.com/washington-dc-apartments/u-street-corridor/capitol-view-on-14th/,2026-04-12,2026-08-02,,,,,One Bedroom A1J,5,44345
2026-08-02,UDR,Capitol View on 14th,,Washington DC,UDR-capitol-view-on-14th-1br-916sqft-813,1,1.0,916,3291.0,2026-09-25,14,True,hard,Save 2 weeks off rent!,months_free,0.4616,3.3,3.3,3182.49,https://www.udr.com/washington-dc-apartments/u-street-corridor/capitol-view-on-14th/,2026-08-02,2026-08-02,,,,,One Bedroom A1J,8,44345
2026-08-02,UDR,Capitol View on 14th,,Washington DC,UDR-capitol-view-on-14th-1br-860sqft-220,1,1.0,860,2821.0,2026-09-12,12,True,hard,Save 2 weeks off rent!,months_free,0.4616,3.85,3.85,2712.49,https://www.udr.com/washington-dc-apartments/u-street-corridor/capitol-view-on-14th/,2026-07-19,2026-08-02,,,,,One Bedroom Den A1BD,2,44345
2026-08-02,UDR,Capitol View on 14th,,Washington DC,UDR-capitol-view-on-14th-1br-860sqft-626,1,1.0,860,2971.0,2026-09-09,12,True,hard,Save 2 weeks off rent!,months_free,0.4616,3.85,3.85,2856.72,https://www.udr.com/washington-dc-apartments/u-street-corridor/capitol-view-on-14th/,2026-07-19,2026-08-02,,,,,One Bedroom Den A1BD,6,44345
2026-08-02,UDR,Capitol View on 14th,,Washington DC,UDR-capitol-view-on-14th-1br-897sqft-231,1,1.0,897,3195.0,2026-09-11,12,True,hard,Save 2 weeks off rent!,months_free,0.4616,3.85,3.85,3072.1,https://www.udr.com/washington-dc-apartments/u-street-corridor/capitol-view-on-14th/,2026-07-19,2026-08-02,,,,,One Bedroom Loft A1CL,2,44345
2026-08-02,UDR,Capitol View on 14th,,Washington DC,UDR-capitol-view-on-14th-0br-523sqft-109,0,1.0,523,2157.0,2026-08-29,14,True,hard,Save 2 weeks off rent!,months_free,0.4616,3.3,3.3,2085.88,https://www.udr.com/washington-dc-apartments/u-street-corridor/capitol-view-on-14th/,2026-06-22,2026-08-02,,,,,Studio E1A,1,44345
2026-08-02,UDR,Capitol View on 14th,,Washington DC,UDR-capitol-view-on-14th-0br-512sqft-203,0,1.0,512,1894.0,2026-08-28,14,True,hard,Save 2 weeks off rent!,months_free,0.4616,3.3,3.3,1831.55,https://www.udr.com/washington-dc-apartments/u-street-corridor/capitol-view-on-14th/,2026-08-02,2026-08-02,,,,,Studio E1A,2,44345
2026-08-02,UDR,Capitol View on 14th,,Washington DC,UDR-capitol-view-on-14th-0br-515sqft-219,0,1.0,515,1795.0,2026-09-12,13,True,hard,Save 2 weeks off rent!,months_free,0.4616,3.55,3.55,1731.26,https://www.udr.com/washington-dc-apartments/u-street-corridor/capitol-view-on-14th/,2026-07-19,2026-08-02,,,,,Studio E1A,2,44345
2026-08-02,UDR,Capitol View on 14th,,Washington DC,UDR-capitol-view-on-14th-0br-513sqft-319,0,1.0,513,1973.0,2026-10-07,12,True,hard,Save 2 weeks off rent!,months_free,0.4616,3.85,3.85,1897.11,https://www.udr.com/washington-dc-apartments/u-street-corridor/capitol-view-on-14th/,2026-07-19,2026-08-02,,,,,Studio E1A,3,44345
2026-08-02,UDR,Capitol View on 14th,,Washington DC,UDR-capitol-view-on-14th-0br-512sqft-708,0,1.0,512,2198.0,2026-08-04,14,True,hard,Save 2 weeks off rent!,months_free,0.4616,3.3,3.3,2125.53,https://www.udr.com/washington-dc-apartments/u-street-corridor/capitol-view-on-14th/,2026-04-19,2026-08-02,,,,,Studio E1A,7,44345
2026-08-02,UDR,Capitol View on 14th,,Washington DC,UDR-capitol-view-on-14th-2br-1256sqft-801,2,2.0,1256,5400.0,2026-08-21,15,True,hard,Save 2 weeks off rent!,months_free,0.4616,3.08,3.08,5233.82,https://www.udr.com/washington-dc-apartments/u-street-corridor/capitol-view-on-14th/,2026-07-19,2026-08-02,,,,,Two Bedroom B2I,8,44345
2026-08-02,UDR,Capitol View on 14th,,Washington DC,UDR-capitol-view-on-14th-2br-1518sqft-101,2,2.0,1518,5082.0,2026-09-18,14,True,hard,Save 2 weeks off rent!,months_free,0.4616,3.3,3.3,4914.44,https://www.udr.com/washington-dc-apartments/u-street-corridor/capitol-view-on-14th/,2026-07-19,2026-08-02,,,,,Two Bedroom B2L,1,44345
2026-08-02,UDR,Capitol View on 14th,,Washington DC,UDR-capitol-view-on-14th-2br-1600sqft-601,2,2.0,1600,5961.0,2026-09-25,14,True,hard,Save 2 weeks off rent!,months_free,0.4616,3.3,3.3,5764.46,https://www.udr.com/washington-dc-apartments/u-street-corridor/capitol-view-on-14th/,2026-08-02,2026-08-02,,,,,Two Bedroom B2M,6,44345
2026-08-02,UDR,Carrington Hills,,Nashville,UDR-carrington-hills-1br-671sqft-1002,1,1.0,671,1384.0,2026-09-11,14,False,,,,,,,,https://www.udr.com/nashville-apartments/east-franklin/carrington-hills/,2026-08-02,2026-08-02,,,,,Dominion,0,11615
2026-08-02,UDR,Carrington Hills,,Nashville,UDR-carrington-hills-2br-961sqft-18012,2,2.0,961,1664.0,2026-08-28,15,False,,,,,,,,https://www.udr.com/nashville-apartments/east-franklin/carrington-hills/,2026-08-02,2026-08-02,,,,,Harpeth,0,11615
2026-08-02,UDR,Carrington Hills,,Nashville,UDR-carrington-hills-2br-961sqft-4103,2,2.0,961,1687.0,2026-09-04,14,False,,,,,,,,https://www.udr.com/nashville-apartments/east-franklin/carrington-hills/,2026-07-19,2026-08-02,,,,,Harpeth,1,11615
2026-08-02,UDR,Carrington Hills,,Nashville,UDR-carrington-hills-2br-961sqft-6105,2,2.0,961,1685.0,2026-09-18,14,False,,,,,,,,https://www.udr.com/nashville-apartments/east-franklin/carrington-hills/,2026-07-19,2026-08-02,,,,,Harpeth,1,11615
2026-08-02,UDR,Carrington Hills,,Nashville,UDR-carrington-hills-2br-1072sqft-11115,2,2.0,1072,1615.0,2026-10-02,15,False,,,,,,,,https://www.udr.com/nashville-apartments/east-franklin/carrington-hills/,2026-08-02,2026-08-02,,,,,Williamson,1,11615
2026-08-02,UDR,Carrington Hills,,Nashville,UDR-carrington-hills-2br-1072sqft-13210,2,2.0,1072,1828.0,2026-08-28,15,False,,,,,,,,https://www.udr.com/nashville-apartments/east-franklin/carrington-hills/,2026-06-13,2026-08-02,,,,,Williamson,2,11615
2026-08-02,UDR,Carrington Hills,,Nashville,UDR-carrington-hills-2br-1072sqft-14011,2,2.0,1072,1826.0,2026-10-02,15,False,,,,,,,,https://www.udr.com/nashville-apartments/east-franklin/carrington-hills/,2026-08-02,2026-08-02,,,,,Williamson,0,11615
2026-08-02,UDR,Carrington Hills,,Nashville,UDR-carrington-hills-2br-1072sqft-3002,2,2.0,1072,1812.0,2026-09-02,14,False,,,,,,,,https://www.udr.com/nashville-apartments/east-franklin/carrington-hills/,2026-06-22,2026-08-02,,,,,Williamson,0,11615
2026-08-02,UDR,Carrington Hills,,Nashville,UDR-carrington-hills-2br-1072sqft-7104,2,2.0,1072,1922.0,2026-08-03,15,False,,,,,,,,https://www.udr.com/nashville-apartments/east-franklin/carrington-hills/,2026-04-19,2026-08-02,,,,,Williamson,1,11615
2026-08-02,UDR,Carrington Hills,,Nashville,UDR-carrington-hills-2br-1072sqft-7113,2,2.0,1072,1728.0,2026-09-20,14,False,,,,,,,,https://www.udr.com/nashville-apartments/east-franklin/carrington-hills/,2026-07-19,2026-08-02,,,,,Williamson,1,11615
2026-08-02,UDR,Carrington Hills,,Nashville,UDR-carrington-hills-3br-1222sqft-19218,3,2.0,1222,2091.0,2026-08-03,12,False,,,,,,,,https://www.udr.com/nashville-apartments/east-franklin/carrington-hills/,2026-08-02,2026-08-02,,,,,Franklin,2,11615
2026-08-02,UDR,Central Square at Frisco,,Dallas,UDR-central-square-at-frisco-1br-638sqft-4004,1,1.0,638,1117.0,2026-08-22,13,True,hard,Save 6 weeks off rent!,months_free,1.3847,10.65,10.65,998.02,https://www.udr.com/dallas-apartments/frisco/central-square-at-frisco/,2026-06-22,2026-08-02,,,,,One Bedroom A1B,4,604282119
2026-08-02,UDR,Central Square at Frisco,,Dallas,UDR-central-square-at-frisco-1br-684sqft-1082,1,1.0,684,1227.0,2026-08-07,14,True,hard,Save 6 weeks off rent!,months_free,1.3847,9.89,9.89,1105.64,https://www.udr.com/dallas-apartments/frisco/central-square-at-frisco/,2026-05-16,2026-08-02,,,,,One Bedroom A1D,1,604282119
2026-08-02,UDR,Central Square at Frisco,,Dallas,UDR-central-square-at-frisco-1br-684sqft-2092,1,1.0,684,1157.0,2026-08-29,13,True,hard,Save 6 weeks off rent!,months_free,1.3847,10.65,10.65,1033.76,https://www.udr.com/dallas-apartments/frisco/central-square-at-frisco/,2026-06-22,2026-08-02,,,,,One Bedroom A1D,2,604282119
2026-08-02,UDR,Central Square at Frisco,,Dallas,UDR-central-square-at-frisco-1br-684sqft-3096,1,1.0,684,1192.0,2026-09-22,12,True,hard,Save 6 weeks off rent!,months_free,1.3847,11.54,11.54,1054.45,https://www.udr.com/dallas-apartments/frisco/central-square-at-frisco/,2026-07-19,2026-08-02,,,,,One Bedroom A1D,3,604282119
2026-08-02,UDR,Central Square at Frisco,,Dallas,UDR-central-square-at-frisco-1br-689sqft-3003,1,1.0,689,1152.0,2026-08-04,14,True,hard,Save 6 weeks off rent!,months_free,1.3847,9.89,9.89,1038.06,https://www.udr.com/dallas-apartments/frisco/central-square-at-frisco/,2026-06-08,2026-08-02,,,,,One Bedroom A1F,3,604282119
2026-08-02,UDR,Central Square at Frisco,,Dallas,UDR-central-square-at-frisco-1br-689sqft-3051,1,1.0,689,1167.0,2026-09-05,13,True,hard,Save 6 weeks off rent!,months_free,1.3847,10.65,10.65,1042.7,https://www.udr.com/dallas-apartments/frisco/central-square-at-frisco/,2026-05-30,2026-08-02,,,,,One Bedroom A1F,3,604282119
2026-08-02,UDR,Central Square at Frisco,,Dallas,UDR-central-square-at-frisco-1br-753sqft-1081,1,1.0,753,1366.0,2026-09-26,14,True,hard,Save 6 weeks off rent!,months_free,1.3847,9.89,9.89,1230.89,https://www.udr.com/dallas-apartments/frisco/central-square-at-frisco/,2026-04-19,2026-08-02,,,,,One Bedroom A1J,1,604282119
2026-08-02,UDR,Central Square at Frisco,,Dallas,UDR-central-square-at-frisco-1br-753sqft-3015,1,1.0,753,1208.0,2026-08-18,13,True,hard,Save 6 weeks off rent!,months_free,1.3847,10.65,10.65,1079.33,https://www.udr.com/dallas-apartments/frisco/central-square-at-frisco/,2026-06-22,2026-08-02,,,,,One Bedroom A1J,3,604282119
2026-08-02,UDR,Central Square at Frisco,,Dallas,UDR-central-square-at-frisco-1br-753sqft-3031,1,1.0,753,1188.0,2026-08-21,13,True,hard,Save 6 weeks off rent!,months_free,1.3847,10.65,10.65,1061.46,https://www.udr.com/dallas-apartments/frisco/central-square-at-frisco/,2026-06-22,2026-08-02,,,,,One Bedroom A1J,3,604282119
2026-08-02,UDR,Central Square at Frisco,,Dallas,UDR-central-square-at-frisco-1br-753sqft-4077,1,1.0,753,1208.0,2026-09-04,12,True,hard,Save 6 weeks off rent!,months_free,1.3847,11.54,11.54,1068.61,https://www.udr.com/dallas-apartments/frisco/central-square-at-frisco/,2026-05-16,2026-08-02,,,,,One Bedroom A1J,4,604282119
2026-08-02,UDR,Central Square at Frisco,,Dallas,UDR-central-square-at-frisco-0br-574sqft-2006,0,1.0,574,1032.0,2026-10-30,14,True,hard,Save 6 weeks off rent!,months_free,1.3847,9.89,9.89,929.93,https://www.udr.com/dallas-apartments/frisco/central-square-at-frisco/,2026-08-02,2026-08-02,,,,,Studio E1B,2,604282119
2026-08-02,UDR,Central Square at Frisco,,Dallas,UDR-central-square-at-frisco-0br-574sqft-3094,0,1.0,574,970.0,2026-08-03,12,True,hard,Save 6 weeks off rent!,months_free,1.3847,11.54,11.54,858.07,https://www.udr.com/dallas-apartments/frisco/central-square-at-frisco/,2026-07-19,2026-08-02,,,,,Studio E1B,3,604282119
2026-08-02,UDR,Central Square at Frisco,,Dallas,UDR-central-square-at-frisco-0br-574sqft-4094,0,1.0,574,1012.0,2026-08-28,14,True,hard,Save 6 weeks off rent!,months_free,1.3847,9.89,9.89,911.91,https://www.udr.com/dallas-apartments/frisco/central-square-at-frisco/,2026-06-22,2026-08-02,,,,,Studio E1B,4,604282119
2026-08-02,UDR,Central Square at Frisco,,Dallas,UDR-central-square-at-frisco-3br-1418sqft-3026,3,3.0,1418,2420.0,2026-08-07,13,True,hard,Save 6 weeks off rent!,months_free,1.3847,10.65,10.65,2162.23,https://www.udr.com/dallas-apartments/frisco/central-square-at-frisco/,2026-05-30,2026-08-02,,,,,Three Bedroom C3A,3,604282119
2026-08-02,UDR,Central Square at Frisco,,Dallas,UDR-central-square-at-frisco-3br-2288sqft-3010,3,3.0,2288,2895.0,2026-09-04,12,True,hard,Save 6 weeks off rent!,months_free,1.3847,11.54,11.54,2560.94,https://www.udr.com/dallas-apartments/frisco/central-square-at-frisco/,2026-07-19,2026-08-02,,,,,Three Bedroom C3C,3,604282119
2026-08-02,UDR,Central Square at Frisco,,Dallas,UDR-central-square-at-frisco-2br-1088sqft-4002,2,2.0,1088,1742.0,2026-09-11,13,True,hard,Save 6 weeks off rent!,months_free,1.3847,10.65,10.65,1556.45,https://www.udr.com/dallas-apartments/frisco/central-square-at-frisco/,2026-07-19,2026-08-02,,,,,Two Bedroom B2A,4,604282119
2026-08-02,UDR,Central Square at Frisco,,Dallas,UDR-central-square-at-frisco-2br-1088sqft-4054,2,2.0,1088,1777.0,2026-10-02,12,True,hard,Save 6 weeks off rent!,months_free,1.3847,11.54,11.54,1571.95,https://www.udr.com/dallas-apartments/frisco/central-square-at-frisco/,2026-07-19,2026-08-02,,,,,Two Bedroom B2A,4,604282119
2026-08-02,UDR,Central Square at Frisco,,Dallas,UDR-central-square-at-frisco-2br-1110sqft-2067,2,2.0,1110,1711.0,2026-08-15,14,True,hard,Save 6 weeks off rent!,months_free,1.3847,9.89,9.89,1541.77,https://www.udr.com/dallas-apartments/frisco/central-square-at-frisco/,2026-04-04,2026-08-02,,,,,Two Bedroom B2B,2,604282119
2026-08-02,UDR,Central Square at Frisco,,Dallas,UDR-central-square-at-frisco-2br-1309sqft-4034,2,2.0,1309,1804.0,2026-09-04,13,True,hard,Save 6 weeks off rent!,months_free,1.3847,10.65,10.65,1611.85,https://www.udr.com/dallas-apartments/frisco/central-square-at-frisco/,2026-07-19,2026-08-02,,,,,Two Bedroom B2E,4,604282119
2026-08-02,UDR,Central Square at Frisco,,Dallas,UDR-central-square-at-frisco-2br-1362sqft-2064,2,2.0,1362,1899.0,2026-08-28,14,True,hard,Save 6 weeks off rent!,months_free,1.3847,9.89,9.89,1711.18,https://www.udr.com/dallas-apartments/frisco/central-square-at-frisco/,2026-06-22,2026-08-02,,,,,Two Bedroom B2F,2,604282119
2026-08-02,UDR,Central Square at Frisco,,Dallas,UDR-central-square-at-frisco-2br-1362sqft-3040,2,2.0,1362,1818.0,2026-08-18,14,True,hard,Save 6 weeks off rent!,months_free,1.3847,9.89,9.89,1638.19,https://www.udr.com/dallas-apartments/frisco/central-square-at-frisco/,2026-04-04,2026-08-02,,,,,Two Bedroom B2F,3,604282119
2026-08-02,UDR,Channel Mission Bay,,San Francisco Bay Area,UDR-channel-mission-bay-1br-644sqft-532,1,1.0,644,5080.0,2026-10-03,13,True,hard,Save $1000 off rent!,dollar_off,1000.0,1.51,,5003.08,https://www.udr.com/san-francisco-bay-area-apartments/san-francisco/channel-mission-bay/,2026-07-19,2026-08-02,,,,,One Bedroom A1C,5,46642
2026-08-02,UDR,Channel Mission Bay,,San Francisco Bay Area,UDR-channel-mission-bay-1br-611sqft-654,1,1.0,611,5188.0,2026-09-23,14,True,hard,Save $1000 off rent!,dollar_off,1000.0,1.38,,5116.57,https://www.udr.com/san-francisco-bay-area-apartments/san-francisco/channel-mission-bay/,2026-04-04,2026-08-02,,,,,One Bedroom A1C,6,46642
2026-08-02,UDR,Channel Mission Bay,,San Francisco Bay Area,UDR-channel-mission-bay-2br-1310sqft-506,2,2.0,1310,7662.0,2026-08-03,14,True,hard,Save $1000 off rent!,dollar_off,1000.0,0.93,,7590.57,https://www.udr.com/san-francisco-bay-area-apartments/san-francisco/channel-mission-bay/,2026-05-16,2026-08-02,,,,,Two Bedroom B2X,5,46642
2026-08-02,UDR,Channel Mission Bay,,San Francisco Bay Area,UDR-channel-mission-bay-2br-1310sqft-706,2,2.0,1310,7963.0,2026-09-10,13,True,hard,Save $1000 off rent!,dollar_off,1000.0,0.97,,7886.08,https://www.udr.com/san-francisco-bay-area-apartments/san-francisco/channel-mission-bay/,2026-08-02,2026-08-02,,,,,Two Bedroom B2X,7,46642
2026-08-02,UDR,Channel Mission Bay,,San Francisco Bay Area,UDR-channel-mission-bay-2br-1310sqft-888A,2,2.0,1310,9514.0,2026-08-29,14,True,hard,Save $1000 off rent!,dollar_off,1000.0,0.75,,9442.57,https://www.udr.com/san-francisco-bay-area-apartments/san-francisco/channel-mission-bay/,2026-08-02,2026-08-02,,,,,Two Bedroom B2X,8,46642
2026-08-02,UDR,Channel Mission Bay,,San Francisco Bay Area,UDR-channel-mission-bay-1br-695sqft-324,1,1.0,695,5154.0,2026-08-14,13,True,hard,Save $1000 off rent!,dollar_off,1000.0,1.49,,5077.08,https://www.udr.com/san-francisco-bay-area-apartments/san-francisco/channel-mission-bay/,2026-06-13,2026-08-02,,,,,One Bedroom A1G,3,46642
2026-08-02,UDR,Channel Mission Bay,,San Francisco Bay Area,UDR-channel-mission-bay-1br-744sqft-351,1,1.0,744,5332.0,2026-09-11,14,True,hard,Save $1000 off rent!,dollar_off,1000.0,1.34,,5260.57,https://www.udr.com/san-francisco-bay-area-apartments/san-francisco/channel-mission-bay/,2026-07-19,2026-08-02,,,,,One Bedroom A1J,3,46642
2026-08-02,UDR,Channel Mission Bay,,San Francisco Bay Area,UDR-channel-mission-bay-1br-744sqft-451,1,1.0,744,5257.0,2026-08-03,13,True,hard,Save $1000 off rent!,dollar_off,1000.0,1.46,,5180.08,https://www.udr.com/san-francisco-bay-area-apartments/san-francisco/channel-mission-bay/,2026-05-23,2026-08-02,,,,,One Bedroom A1J,4,46642
2026-08-02,UDR,Channel Mission Bay,,San Francisco Bay Area,UDR-channel-mission-bay-1br-744sqft-651,1,1.0,744,5599.0,2026-08-21,13,True,hard,Save $1000 off rent!,dollar_off,1000.0,1.37,,5522.08,https://www.udr.com/san-francisco-bay-area-apartments/san-francisco/channel-mission-bay/,2026-04-04,2026-08-02,,,,,One Bedroom A1J,6,46642
2026-08-02,UDR,Channel Mission Bay,,San Francisco Bay Area,UDR-channel-mission-bay-1br-745sqft-411,1,1.0,745,5287.0,2026-09-04,14,True,hard,Save $1000 off rent!,dollar_off,1000.0,1.35,,5215.57,https://www.udr.com/san-francisco-bay-area-apartments/san-francisco/channel-mission-bay/,2026-04-26,2026-08-02,,,,,One Bedroom A1K,4,46642
2026-08-02,UDR,Channel Mission Bay,,San Francisco Bay Area,UDR-channel-mission-bay-1br-745sqft-511,1,1.0,745,5282.0,2026-09-03,14,True,hard,Save $1000 off rent!,dollar_off,1000.0,1.35,,5210.57,https://www.udr.com/san-francisco-bay-area-apartments/san-francisco/channel-mission-bay/,2026-06-13,2026-08-02,,,,,One Bedroom A1K,5,46642
2026-08-02,UDR,Channel Mission Bay,,San Francisco Bay Area,UDR-channel-mission-bay-1br-745sqft-513,1,1.0,745,5282.0,2026-09-05,14,True,hard,Save $1000 off rent!,dollar_off,1000.0,1.35,,5210.57,https://www.udr.com/san-francisco-bay-area-apartments/san-francisco/channel-mission-bay/,2026-07-19,2026-08-02,,,,,One Bedroom A1K,5,46642
2026-08-02,UDR,Channel Mission Bay,,San Francisco Bay Area,UDR-channel-mission-bay-1br-748sqft-340,1,1.0,748,5475.0,2026-08-15,13,True,hard,Save $1000 off rent!,dollar_off,1000.0,1.4,,5398.08,https://www.udr.com/san-francisco-bay-area-apartments/san-francisco/channel-mission-bay/,2026-05-16,2026-08-02,,,,,One Bedroom A1L,3,46642
2026-08-02,UDR,Channel Mission Bay,,San Francisco Bay Area,UDR-channel-mission-bay-1br-748sqft-440,1,1.0,748,5407.0,2026-08-07,13,True,hard,Save $1000 off rent!,dollar_off,1000.0,1.42,,5330.08,https://www.udr.com/san-francisco-bay-area-apartments/san-francisco/channel-mission-bay/,2026-05-16,2026-08-02,,,,,One Bedroom A1L,4,46642
2026-08-02,UDR,Channel Mission Bay,,San Francisco Bay Area,UDR-channel-mission-bay-1br-748sqft-442,1,1.0,748,5332.0,2026-09-12,14,True,hard,Save $1000 off rent!,dollar_off,1000.0,1.34,,5260.57,https://www.udr.com/san-francisco-bay-area-apartments/san-francisco/channel-mission-bay/,2026-07-19,2026-08-02,,,,,One Bedroom A1L,4,46642
2026-08-02,UDR,Channel Mission Bay,,San Francisco Bay Area,UDR-channel-mission-bay-1br-748sqft-453,1,1.0,748,5387.0,2026-08-08,13,True,hard,Save $1000 off rent!,dollar_off,1000.0,1.43,,5310.08,https://www.udr.com/san-francisco-bay-area-apartments/san-francisco/channel-mission-bay/,2026-06-08,2026-08-02,,,,,One Bedroom A1L,4,46642
2026-08-02,UDR,Channel Mission Bay,,San Francisco Bay Area,UDR-channel-mission-bay-1br-748sqft-540,1,1.0,748,5436.0,2026-08-29,13,True,hard,Save $1000 off rent!,dollar_off,1000.0,1.42,,5359.08,https://www.udr.com/san-francisco-bay-area-apartments/san-francisco/channel-mission-bay/,2026-07-19,2026-08-02,,,,,One Bedroom A1L,5,46642
2026-08-02,UDR,Channel Mission Bay,,San Francisco Bay Area,UDR-channel-mission-bay-1br-748sqft-640,1,1.0,748,5757.0,2026-10-03,13,True,hard,Save $1000 off rent!,dollar_off,1000.0,1.34,,5680.08,https://www.udr.com/san-francisco-bay-area-apartments/san-francisco/channel-mission-bay/,2026-08-02,2026-08-02,,,,,One Bedroom A1L,6,46642
2026-08-02,UDR,Channel Mission Bay,,San Francisco Bay Area,UDR-channel-mission-bay-1br-758sqft-329,1,1.0,758,5468.0,2026-08-23,13,True,hard,Save $1000 off rent!,dollar_off,1000.0,1.41,,5391.08,https://www.udr.com/san-francisco-bay-area-apartments/san-francisco/channel-mission-bay/,2026-04-04,2026-08-02,,,,,One Bedroom A1M,3,46642
2026-08-02,UDR,Channel Mission Bay,,San Francisco Bay Area,UDR-channel-mission-bay-1br-758sqft-334,1,1.0,758,5386.0,2026-08-20,13,True,hard,Save $1000 off rent!,dollar_off,1000.0,1.43,,5309.08,https://www.udr.com/san-francisco-bay-area-apartments/san-francisco/channel-mission-bay/,2026-05-23,2026-08-02,,,,,One Bedroom A1M,3,46642
2026-08-02,UDR,Channel Mission Bay,,San Francisco Bay Area,UDR-channel-mission-bay-1br-758sqft-434,1,1.0,758,5242.0,2026-08-03,13,True,hard,Save $1000 off rent!,dollar_off,1000.0,1.47,,5165.08,https://www.udr.com/san-francisco-bay-area-apartments/san-francisco/channel-mission-bay/,2026-05-16,2026-08-02,,,,,One Bedroom A1M,4,46642
2026-08-02,UDR,Channel Mission Bay,,San Francisco Bay Area,UDR-channel-mission-bay-1br-758sqft-519,1,1.0,758,5563.0,2026-08-03,13,True,hard,Save $1000 off rent!,dollar_off,1000.0,1.38,,5486.08,https://www.udr.com/san-francisco-bay-area-apartments/san-francisco/channel-mission-bay/,2026-04-04,2026-08-02,,,,,One Bedroom A1M,5,46642
2026-08-02,UDR,Channel Mission Bay,,San Francisco Bay Area,UDR-channel-mission-bay-1br-782sqft-350,1,1.0,782,5296.0,2026-08-14,13,True,hard,Save $1000 off rent!,dollar_off,1000.0,1.45,,5219.08,https://www.udr.com/san-francisco-bay-area-apartments/san-francisco/channel-mission-bay/,2026-04-04,2026-08-02,,,,,One Bedroom A1N,3,46642
2026-08-02,UDR,Channel Mission Bay,,San Francisco Bay Area,UDR-channel-mission-bay-1br-782sqft-650,1,1.0,782,5193.0,2026-08-22,13,True,hard,Save $1000 off rent!,dollar_off,1000.0,1.48,,5116.08,https://www.udr.com/san-francisco-bay-area-apartments/san-francisco/channel-mission-bay/,2026-06-13,2026-08-02,,,,,One Bedroom A1N,6,46642
2026-08-02,UDR,Channel Mission Bay,,San Francisco Bay Area,UDR-channel-mission-bay-1br-799sqft-504,1,1.0,799,5649.0,2026-08-29,13,True,hard,Save $1000 off rent!,dollar_off,1000.0,1.36,,5572.08,https://www.udr.com/san-francisco-bay-area-apartments/san-francisco/channel-mission-bay/,2026-07-19,2026-08-02,,,,,One Bedroom A1S,5,46642
2026-08-02,UDR,Channel Mission Bay,,San Francisco Bay Area,UDR-channel-mission-bay-1br-920sqft-213,1,1.0,920,5386.0,2026-08-22,13,True,hard,Save $1000 off rent!,dollar_off,1000.0,1.43,,5309.08,https://www.udr.com/san-francisco-bay-area-apartments/san-francisco/channel-mission-bay/,2026-06-22,2026-08-02,,,,,One Bedroom A1V,2,46642
2026-08-02,UDR,Channel Mission Bay,,San Francisco Bay Area,UDR-channel-mission-bay-2br-963sqft-305,2,2.0,963,7298.0,2026-09-24,13,True,hard,Save $1000 off rent!,dollar_off,1000.0,1.05,,7221.08,https://www.udr.com/san-francisco-bay-area-apartments/san-francisco/channel-mission-bay/,2026-07-19,2026-08-02,,,,,Two Bedroom B2B,3,46642
2026-08-02,UDR,Channel Mission Bay,,San Francisco Bay Area,UDR-channel-mission-bay-2br-1085sqft-661,2,2.0,1085,7394.0,2026-08-20,14,True,hard,Save $1000 off rent!,dollar_off,1000.0,0.97,,7322.57,https://www.udr.com/san-francisco-bay-area-apartments/san-francisco/channel-mission-bay/,2026-06-22,2026-08-02,,,,,Two Bedroom B2L,6,46642
2026-08-02,UDR,Channel Mission Bay,,San Francisco Bay Area,UDR-channel-mission-bay-2br-1104sqft-537,2,2.0,1104,7482.0,2027-07-09,12,True,hard,Save $1000 off rent!,dollar_off,1000.0,1.11,,7398.67,https://www.udr.com/san-francisco-bay-area-apartments/san-francisco/channel-mission-bay/,2026-05-09,2026-08-02,,,,,Two Bedroom B2O,5,46642
2026-08-02,UDR,Channel Mission Bay,,San Francisco Bay Area,UDR-channel-mission-bay-2br-1116sqft-449,2,2.0,1116,7548.0,2026-09-26,13,True,hard,Save $1000 off rent!,dollar_off,1000.0,1.02,,7471.08,https://www.udr.com/san-francisco-bay-area-apartments/san-francisco/channel-mission-bay/,2026-08-02,2026-08-02,,,,,Two Bedroom B2Q,4,46642
2026-08-02,UDR,Channel Mission Bay,,San Francisco Bay Area,UDR-channel-mission-bay-2br-1131sqft-445,2,2.0,1131,7738.0,2026-09-24,13,True,hard,Save $1000 off rent!,dollar_off,1000.0,0.99,,7661.08,https://www.udr.com/san-francisco-bay-area-apartments/san-francisco/channel-mission-bay/,2026-06-13,2026-08-02,,,,,Two Bedroom B2S,4,46642
2026-08-02,UDR,Channel Mission Bay,,San Francisco Bay Area,UDR-channel-mission-bay-2br-1135sqft-447,2,2.0,1135,7272.0,2026-08-25,14,True,hard,Save $1000 off rent!,dollar_off,1000.0,0.98,,7200.57,https://www.udr.com/san-francisco-bay-area-apartments/san-francisco/channel-mission-bay/,2026-08-02,2026-08-02,,,,,Two Bedroom B2T,4,46642
2026-08-02,UDR,Channel Mission Bay,,San Francisco Bay Area,UDR-channel-mission-bay-0br-607sqft-326,0,1.0,607,4652.0,2026-08-19,14,True,hard,Save $1000 off rent!,dollar_off,1000.0,1.54,,4580.57,https://www.udr.com/san-francisco-bay-area-apartments/san-francisco/channel-mission-bay/,2026-04-04,2026-08-02,,,,,Studio E1H,3,46642
2026-08-02,UDR,Charles River Landing,,Boston,UDR-charles-river-landing-1br-792sqft-1146,1,1.0,792,2941.0,2026-08-03,13,True,hard,Save 1 week off rent!,months_free,0.2308,1.78,1.78,2888.79,https://www.udr.com/boston-apartments/needham/charles-river-landing/,2026-05-23,2026-08-02,,,,,Plan A (A1A),1,35352
2026-08-02,UDR,Charles River Landing,,Boston,UDR-charles-river-landing-1br-792sqft-3164,1,1.0,792,2943.0,2026-08-03,13,True,hard,Save 1 week off rent!,months_free,0.2308,1.78,1.78,2890.75,https://www.udr.com/boston-apartments/needham/charles-river-landing/,2026-05-09,2026-08-02,,,,,Plan A (A1A),3,35352
2026-08-02,UDR,Charles River Landing,,Boston,UDR-charles-river-landing-1br-792sqft-4152,1,1.0,792,3039.0,2026-08-03,13,True,hard,Save 1 week off rent!,months_free,0.2308,1.78,1.78,2985.05,https://www.udr.com/boston-apartments/needham/charles-river-landing/,2026-05-30,2026-08-02,,,,,Plan A (A1A),4,35352
2026-08-02,UDR,Charles River Landing,,Boston,UDR-charles-river-landing-2br-1379sqft-4117,2,2.0,1379,3973.0,2026-09-04,13,True,hard,Save 1 week off rent!,months_free,0.2308,1.78,1.78,3902.46,https://www.udr.com/boston-apartments/needham/charles-river-landing/,2026-07-19,2026-08-02,,,,,Plan I (B2B),4,35352
2026-08-02,UDR,Charles River Landing,,Boston,UDR-charles-river-landing-1br-1122sqft-1178,1,1.0,1122,3322.0,2026-09-04,14,True,hard,Save 1 week off rent!,months_free,0.2308,1.65,1.65,3267.23,https://www.udr.com/boston-apartments/needham/charles-river-landing/,2026-07-19,2026-08-02,,,,,Plan F (A1CD),1,35352
2026-08-02,UDR,Charles River Landing,,Boston,UDR-charles-river-landing-1br-1122sqft-2106,1,1.0,1122,3605.0,2026-08-03,13,True,hard,Save 1 week off rent!,months_free,0.2308,1.78,1.78,3541.0,https://www.udr.com/boston-apartments/needham/charles-river-landing/,2026-05-23,2026-08-02,,,,,Plan F (A1CD),2,35352
2026-08-02,UDR,Charles River Landing,,Boston,UDR-charles-river-landing-1br-965sqft-2110,1,1.0,965,2889.0,2026-08-03,13,True,hard,Save 1 week off rent!,months_free,0.2308,1.78,1.78,2837.71,https://www.udr.com/boston-apartments/needham/charles-river-landing/,2026-04-04,2026-08-02,,,,,Plan B (A1B),2,35352
2026-08-02,UDR,Charles River Landing,,Boston,UDR-charles-river-landing-1br-965sqft-3143,1,1.0,965,3141.0,2026-08-03,13,True,hard,Save 1 week off rent!,months_free,0.2308,1.78,1.78,3085.24,https://www.udr.com/boston-apartments/needham/charles-river-landing/,2026-04-04,2026-08-02,,,,,Plan B (A1B),3,35352
2026-08-02,UDR,Charles River Landing,,Boston,UDR-charles-river-landing-1br-1024sqft-2181,1,1.0,1024,3077.0,2026-08-14,13,True,hard,Save 1 week off rent!,months_free,0.2308,1.78,1.78,3022.37,https://www.udr.com/boston-apartments/needham/charles-river-landing/,2026-06-13,2026-08-02,,,,,Plan C (A1D),2,35352
2026-08-02,UDR,Charles River Landing,,Boston,UDR-charles-river-landing-2br-1588sqft-2144,2,2.0,1588,4285.0,2026-09-04,13,True,hard,Save 1 week off rent!,months_free,0.2308,1.78,1.78,4208.92,https://www.udr.com/boston-apartments/needham/charles-river-landing/,2026-06-08,2026-08-02,,,,,Plan K (B2D),2,35352
2026-08-02,UDR,Charles River Landing,,Boston,UDR-charles-river-landing-2br-1588sqft-3101,2,2.0,1588,4162.0,2026-09-08,13,True,hard,Save 1 week off rent!,months_free,0.2308,1.78,1.78,4088.11,https://www.udr.com/boston-apartments/needham/charles-river-landing/,2026-05-03,2026-08-02,,,,,Plan K (B2D),3,35352
2026-08-02,UDR,Charles River Landing,,Boston,UDR-charles-river-landing-2br-1588sqft-3167,2,2.0,1588,4140.0,2026-09-12,13,True,hard,Save 1 week off rent!,months_free,0.2308,1.78,1.78,4066.5,https://www.udr.com/boston-apartments/needham/charles-river-landing/,2026-06-08,2026-08-02,,,,,Plan K (B2D),3,35352
2026-08-02,UDR,Charles River Landing,,Boston,UDR-charles-river-landing-2br-1588sqft-1154,2,2.0,1588,4444.0,2026-09-25,13,True,hard,Save 1 week off rent!,months_free,0.2308,1.78,1.78,4365.1,https://www.udr.com/boston-apartments/needham/charles-river-landing/,2026-07-19,2026-08-02,,,,,Plan Ka (B2E),1,35352
2026-08-02,UDR,Cirrus,,Denver,UDR-cirrus-1br-638sqft-411,1,1.0,638,1541.0,2026-09-23,14,True,hard,Save up to 4 weeks off rent!,months_free,0.9231,6.59,6.59,1439.39,https://www.udr.com/denver-apartments/west-colfax/cirrus/,2026-07-19,2026-08-02,,,,,A1AB,4,208142022
2026-08-02,UDR,Cirrus,,Denver,UDR-cirrus-1br-677sqft-533,1,1.0,677,1581.0,2026-09-18,14,True,hard,Save up to 4 weeks off rent!,months_free,0.9231,6.59,6.59,1476.76,https://www.udr.com/denver-apartments/west-colfax/cirrus/,2026-04-12,2026-08-02,,,,,A1AD,5,208142022
2026-08-02,UDR,Cirrus,,Denver,UDR-cirrus-1br-678sqft-540,1,1.0,678,1738.0,2026-09-24,14,True,hard,Save up to 4 weeks off rent!,months_free,0.9231,6.59,6.59,1623.4,https://www.udr.com/denver-apartments/west-colfax/cirrus/,2026-08-02,2026-08-02,,,,,A1BA,5,208142022
2026-08-02,UDR,Cirrus,,Denver,UDR-cirrus-1br-678sqft-640,1,1.0,678,1760.0,2026-08-21,13,True,hard,Save up to 4 weeks off rent!,months_free,0.9231,7.1,7.1,1635.03,https://www.udr.com/denver-apartments/west-colfax/cirrus/,2026-06-22,2026-08-02,,,,,A1BA,6,208142022
2026-08-02,UDR,Cirrus,,Denver,UDR-cirrus-1br-672sqft-643,1,1.0,672,1790.0,2026-10-01,14,True,hard,Save up to 4 weeks off rent!,months_free,0.9231,6.59,6.59,1671.98,https://www.udr.com/denver-apartments/west-colfax/cirrus/,2026-08-02,2026-08-02,,,,,A1BA,6,208142022
2026-08-02,UDR,Cirrus,,Denver,UDR-cirrus-1br-672sqft-741,1,1.0,672,1748.0,2026-08-07,13,True,hard,Save up to 4 weeks off rent!,months_free,0.9231,7.1,7.1,1623.88,https://www.udr.com/denver-apartments/west-colfax/cirrus/,2026-05-30,2026-08-02,,,,,A1BA,7,208142022
2026-08-02,UDR,Cirrus,,Denver,UDR-cirrus-1br-724sqft-446,1,1.0,724,1626.0,2026-09-10,14,True,hard,Save up to 4 weeks off rent!,months_free,0.9231,6.59,6.59,1518.79,https://www.udr.com/denver-apartments/west-colfax/cirrus/,2026-06-22,2026-08-02,,,,,A1BB,4,208142022
2026-08-02,UDR,Cirrus,,Denver,UDR-cirrus-1br-828sqft-030,1,1.0,828,1721.0,2026-09-04,14,True,hard,Save up to 4 weeks off rent!,months_free,0.9231,6.59,6.59,1607.52,https://www.udr.com/denver-apartments/west-colfax/cirrus/,2026-08-02,2026-08-02,,,,,A1CB,0,208142022
2026-08-02,UDR,Cirrus,,Denver,UDR-cirrus-1br-836sqft-119,1,1.0,836,1666.0,2026-09-18,14,True,hard,Save up to 4 weeks off rent!,months_free,0.9231,6.59,6.59,1556.15,https://www.udr.com/denver-apartments/west-colfax/cirrus/,2026-07-19,2026-08-02,,,,,A1CB,1,208142022
2026-08-02,UDR,Cirrus,,Denver,UDR-cirrus-0br-508sqft-546,0,1.0,508,1251.0,2026-08-28,14,True,hard,Save up to 4 weeks off rent!,months_free,0.9231,6.59,6.59,1168.51,https://www.udr.com/denver-apartments/west-colfax/cirrus/,2026-07-19,2026-08-02,,,,,E1AB,5,208142022
2026-08-02,UDR,Cirrus,,Denver,UDR-cirrus-0br-507sqft-601,0,1.0,507,1406.0,2026-08-14,14,True,hard,Save up to 4 weeks off rent!,months_free,0.9231,6.59,6.59,1313.29,https://www.udr.com/denver-apartments/west-colfax/cirrus/,2026-06-22,2026-08-02,,,,,E1AB,6,208142022
2026-08-02,UDR,Cirrus,,Denver,UDR-cirrus-0br-542sqft-346,0,1.0,542,1186.0,2026-09-11,14,True,hard,Save up to 4 weeks off rent!,months_free,0.9231,6.59,6.59,1107.8,https://www.udr.com/denver-apartments/west-colfax/cirrus/,2026-07-19,2026-08-02,,,,,E1BA,3,208142022
2026-08-02,UDR,Cirrus,,Denver,UDR-cirrus-0br-543sqft-420,0,1.0,543,1416.0,2026-08-14,14,True,hard,Save up to 4 weeks off rent!,months_free,0.9231,6.59,6.59,1322.64,https://www.udr.com/denver-apartments/west-colfax/cirrus/,2026-05-23,2026-08-02,,,,,E1BA,4,208142022
2026-08-02,UDR,Cirrus,,Denver,UDR-cirrus-0br-543sqft-516,0,1.0,543,1436.0,2026-09-03,14,True,hard,Save up to 4 weeks off rent!,months_free,0.9231,6.59,6.59,1341.32,https://www.udr.com/denver-apartments/west-colfax/cirrus/,2026-06-22,2026-08-02,,,,,E1BA,5,208142022
2026-08-02,UDR,Cirrus,,Denver,UDR-cirrus-0br-540sqft-634,0,1.0,540,1293.0,2026-09-03,14,True,hard,Save up to 4 weeks off rent!,months_free,0.9231,6.59,6.59,1207.75,https://www.udr.com/denver-apartments/west-colfax/cirrus/,2026-07-19,2026-08-02,,,,,E1BA,6,208142022
2026-08-02,UDR,Cirrus,,Denver,UDR-cirrus-1br-881sqft-220,1,1.0,881,1551.0,2026-09-10,14,True,hard,Save up to 4 weeks off rent!,months_free,0.9231,6.59,6.59,1448.73,https://www.udr.com/denver-apartments/west-colfax/cirrus/,2026-07-19,2026-08-02,,,,,A1CC,2,208142022
2026-08-02,UDR,Cirrus,,Denver,UDR-cirrus-1br-746sqft-704,1,1.0,746,1859.0,2026-10-30,14,True,hard,Save up to 4 weeks off rent!,months_free,0.9231,6.59,6.59,1736.43,https://www.udr.com/denver-apartments/west-colfax/cirrus/,2026-08-02,2026-08-02,,,,,A1DA,7,208142022
2026-08-02,UDR,Cirrus,,Denver,UDR-cirrus-1br-797sqft-331,1,1.0,797,1656.0,2026-08-03,13,True,hard,Save up to 4 weeks off rent!,months_free,0.9231,7.1,7.1,1538.41,https://www.udr.com/denver-apartments/west-colfax/cirrus/,2026-04-05,2026-08-02,,,,,A1DB,3,208142022
2026-08-02,UDR,Cirrus,,Denver,UDR-cirrus-1br-797sqft-433,1,1.0,797,1878.0,2026-08-03,13,True,hard,Save up to 4 weeks off rent!,months_free,0.9231,7.1,7.1,1744.65,https://www.udr.com/denver-apartments/west-colfax/cirrus/,2026-07-19,2026-08-02,,,,,A1DB,4,208142022
2026-08-02,UDR,Cirrus,,Denver,UDR-cirrus-1br-796sqft-610,1,1.0,796,1821.0,2026-08-21,13,True,hard,Save up to 4 weeks off rent!,months_free,0.9231,7.1,7.1,1691.69,https://www.udr.com/denver-apartments/west-colfax/cirrus/,2026-07-19,2026-08-02,,,,,A1DB,6,208142022
2026-08-02,UDR,Cirrus,,Denver,UDR-cirrus-1br-768sqft-321,1,1.0,768,1741.0,2026-08-04,13,True,hard,Save up to 4 weeks off rent!,months_free,0.9231,7.1,7.1,1617.38,https://www.udr.com/denver-apartments/west-colfax/cirrus/,2026-08-02,2026-08-02,,,,,A1EA,3,208142022
2026-08-02,UDR,Cirrus,,Denver,UDR-cirrus-1br-734sqft-312,1,1.0,734,1549.0,2026-08-03,13,True,hard,Save up to 4 weeks off rent!,months_free,0.9231,7.1,7.1,1439.01,https://www.udr.com/denver-apartments/west-colfax/cirrus/,2026-05-03,2026-08-02,,,,,A1FB,3,208142022
2026-08-02,UDR,Cirrus,,Denver,UDR-cirrus-2br-1116sqft-308,2,2.0,1116,2579.0,2026-09-24,14,True,hard,Save up to 4 weeks off rent!,months_free,0.9231,6.59,6.59,2408.95,https://www.udr.com/denver-apartments/west-colfax/cirrus/,2026-07-19,2026-08-02,,,,,B2AA,3,208142022
2026-08-02,UDR,Cirrus,,Denver,UDR-cirrus-2br-1116sqft-338,2,2.0,1116,2499.0,2026-09-10,14,True,hard,Save up to 4 weeks off rent!,months_free,0.9231,6.59,6.59,2334.23,https://www.udr.com/denver-apartments/west-colfax/cirrus/,2026-06-22,2026-08-02,,,,,B2AA,3,208142022
2026-08-02,UDR,Cirrus,,Denver,UDR-cirrus-2br-1116sqft-537,2,2.0,1116,2721.0,2026-09-24,14,True,hard,Save up to 4 weeks off rent!,months_free,0.9231,6.59,6.59,2541.59,https://www.udr.com/denver-apartments/west-colfax/cirrus/,2026-06-22,2026-08-02,,,,,B2AA,5,208142022
2026-08-02,UDR,Cirrus,,Denver,UDR-cirrus-2br-1124sqft-121,2,2.0,1124,2379.0,2026-08-03,14,True,hard,Save up to 4 weeks off rent!,months_free,0.9231,6.59,6.59,2222.14,https://www.udr.com/denver-apartments/west-colfax/cirrus/,2026-04-26,2026-08-02,,,,,B2BB,1,208142022
2026-08-02,UDR,Cirrus,,Denver,UDR-cirrus-3br-1340sqft-747,3,2.0,1340,3700.0,2026-10-15,14,True,hard,Save up to 4 weeks off rent!,months_free,0.9231,6.59,6.59,3456.04,https://www.udr.com/denver-apartments/west-colfax/cirrus/,2026-08-02,2026-08-02,,,,,C2AB,7,208142022
2026-08-02,UDR,CityLine,,Seattle,UDR-cityline-1br-771sqft-103,1,1.0,771,2331.0,2026-08-03,13,True,hard,Save 2 Weeks Free off rent!,months_free,0.4616,3.55,3.55,2248.23,https://www.udr.com/seattle-apartments/columbia-city/cityline/,2026-05-30,2026-08-02,,,,,A1AD,1,51248
2026-08-02,UDR,CityLine,,Seattle,UDR-cityline-1br-771sqft-111,1,1.0,771,2436.0,2026-09-03,13,True,hard,Save 2 Weeks Free off rent!,months_free,0.4616,3.55,3.55,2349.5,https://www.udr.com/seattle-apartments/columbia-city/cityline/,2026-08-02,2026-08-02,,,,,A1AD,1,51248
2026-08-02,UDR,CityLine,,Seattle,UDR-cityline-1br-771sqft-313,1,1.0,771,2431.0,2026-08-08,13,True,hard,Save 2 Weeks Free off rent!,months_free,0.4616,3.55,3.55,2344.68,https://www.udr.com/seattle-apartments/columbia-city/cityline/,2026-07-19,2026-08-02,,,,,A1AD,3,51248
2026-08-02,UDR,CityLine,,Seattle,UDR-cityline-1br-771sqft-205,1,1.0,771,2286.0,2026-08-03,13,True,hard,Save 2 Weeks Free off rent!,months_free,0.4616,3.55,3.55,2204.83,https://www.udr.com/seattle-apartments/columbia-city/cityline/,2026-05-16,2026-08-02,,,,,A1AD,2,51248
2026-08-02,UDR,CityLine,,Seattle,UDR-cityline-1br-690sqft-311,1,1.0,690,2198.0,2026-08-22,13,True,hard,Save 2 Weeks Free off rent!,months_free,0.4616,3.55,3.55,2119.95,https://www.udr.com/seattle-apartments/columbia-city/cityline/,2026-07-19,2026-08-02,,,,,One Bedroom A1F-CL1,3,51248
2026-08-02,UDR,CityLine,,Seattle,UDR-cityline-2br-975sqft-207,2,2.0,975,2889.0,2026-08-29,13,True,hard,Save 2 Weeks Free off rent!,months_free,0.4616,3.55,3.55,2786.42,https://www.udr.com/seattle-apartments/columbia-city/cityline/,2026-08-02,2026-08-02,,,,,Two Bedroom B2A-CL1,2,51248
2026-08-02,UDR,CityLine,,Seattle,UDR-cityline-2br-975sqft-307,2,2.0,975,2924.0,2026-09-03,13,True,hard,Save 2 Weeks Free off rent!,months_free,0.4616,3.55,3.55,2820.18,https://www.udr.com/seattle-apartments/columbia-city/cityline/,2026-08-02,2026-08-02,,,,,Two Bedroom B2A-CL1,3,51248
2026-08-02,UDR,CityLine,,Seattle,UDR-cityline-2br-1078sqft-207,2,2.0,1078,3025.0,2026-09-05,13,True,hard,Save 2 Weeks Free off rent!,months_free,0.4616,3.55,3.55,2917.59,https://www.udr.com/seattle-apartments/columbia-city/cityline/,2026-08-02,2026-08-02,,,,,Two Bedroom B2A-CL1,2,51248
2026-08-02,UDR,CityLine,,Seattle,UDR-cityline-2br-975sqft-209,2,2.0,975,2939.0,2026-08-03,13,True,hard,Save 2 Weeks Free off rent!,months_free,0.4616,3.55,3.55,2834.64,https://www.udr.com/seattle-apartments/columbia-city/cityline/,2026-05-16,2026-08-02,,,,,Two Bedroom B2A-CL1,2,51248
2026-08-02,UDR,CityLine,,Seattle,UDR-cityline-2br-975sqft-216,2,2.0,975,2909.0,2026-09-19,13,True,hard,Save 2 Weeks Free off rent!,months_free,0.4616,3.55,3.55,2805.71,https://www.udr.com/seattle-apartments/columbia-city/cityline/,2026-07-19,2026-08-02,,,,,Two Bedroom B2A-CL1,2,51248
2026-08-02,UDR,CityLine,,Seattle,UDR-cityline-2br-1107sqft-216,2,2.0,1107,3115.0,2026-08-08,13,True,hard,Save 2 Weeks Free off rent!,months_free,0.4616,3.55,3.55,3004.39,https://www.udr.com/seattle-apartments/columbia-city/cityline/,2026-06-13,2026-08-02,,,,,Two Bedroom B2E-CL1,2,51248
2026-08-02,UDR,CityLine,,Seattle,UDR-cityline-1br-762sqft-310,1,1.0,762,2392.0,2026-09-04,13,True,hard,Save 2 Weeks Free off rent!,months_free,0.4616,3.55,3.55,2307.07,https://www.udr.com/seattle-apartments/columbia-city/cityline/,2026-08-02,2026-08-02,,,,,One Bedroom A1ED-CL1,3,51248
2026-08-02,UDR,CityLine,,Seattle,UDR-cityline-1br-749sqft-409,1,1.0,749,2300.0,2026-09-01,13,True,hard,Save 2 Weeks Free off rent!,months_free,0.4616,3.55,3.55,2218.33,https://www.udr.com/seattle-apartments/columbia-city/cityline/,2026-08-02,2026-08-02,,,,,One Bedroom A1D-CL2,4,51248
2026-08-02,UDR,CityLine,,Seattle,UDR-cityline-1br-690sqft-101,1,1.0,690,2152.0,2026-09-26,13,True,hard,Save 2 Weeks Free off rent!,months_free,0.4616,3.55,3.55,2075.59,https://www.udr.com/seattle-apartments/columbia-city/cityline/,2026-07-19,2026-08-02,,,,,One Bedroom A1E-CL2,1,51248
2026-08-02,UDR,CityLine,,Seattle,UDR-cityline-1br-750sqft-119,1,1.0,750,2290.0,2026-08-07,13,True,hard,Save 2 Weeks Free off rent!,months_free,0.4616,3.55,3.55,2208.69,https://www.udr.com/seattle-apartments/columbia-city/cityline/,2026-07-19,2026-08-02,,,,,One Bedroom A1E-CL2,1,51248
2026-08-02,UDR,CityLine,,Seattle,UDR-cityline-0br-615sqft-327,0,1.0,615,1919.0,2026-09-03,14,True,hard,Save 2 Weeks Free off rent!,months_free,0.4616,3.3,3.3,1855.73,https://www.udr.com/seattle-apartments/columbia-city/cityline/,2026-08-02,2026-08-02,,,,,Studio E1A-CL2,3,51248
2026-08-02,UDR,CityLine,,Seattle,UDR-cityline-0br-597sqft-114,0,1.0,597,1964.0,2026-08-29,13,True,hard,Save 2 Weeks Free off rent!,months_free,0.4616,3.55,3.55,1894.26,https://www.udr.com/seattle-apartments/columbia-city/cityline/,2026-04-05,2026-08-02,,,,,Studio E1A-CL2,1,51248
2026-08-02,UDR,CityLine,,Seattle,UDR-cityline-0br-600sqft-127,0,1.0,600,2019.0,2026-08-03,13,True,hard,Save 2 Weeks Free off rent!,months_free,0.4616,3.55,3.55,1947.31,https://www.udr.com/seattle-apartments/columbia-city/cityline/,2026-06-13,2026-08-02,,,,,Studio E1A-CL2,1,51248
2026-08-02,UDR,CityLine,,Seattle,UDR-cityline-0br-600sqft-129,0,1.0,600,2049.0,2026-11-26,14,True,hard,Save 2 Weeks Free off rent!,months_free,0.4616,3.3,3.3,1981.44,https://www.udr.com/seattle-apartments/columbia-city/cityline/,2026-08-02,2026-08-02,,,,,Studio E1A-CL2,1,51248
2026-08-02,UDR,CityLine,,Seattle,UDR-cityline-2br-1112sqft-101,2,2.0,1112,3314.0,2026-08-14,14,True,hard,Save 2 Weeks Free off rent!,months_free,0.4616,3.3,3.3,3204.73,https://www.udr.com/seattle-apartments/columbia-city/cityline/,2026-07-19,2026-08-02,,,,,Two Bedroom B2G-CL2,1,51248
2026-08-02,UDR,CitySouth,,San Francisco Bay Area,UDR-citysouth-2br-880sqft-222,2,1.0,880,4310.0,2026-09-22,14,False,,,,,,,,https://www.udr.com/san-francisco-bay-area-apartments/san-mateo/citysouth/,2026-07-19,2026-08-02,,,,,Abbot (B1),2,16910
2026-08-02,UDR,CitySouth,,San Francisco Bay Area,UDR-citysouth-2br-886sqft-308,2,2.0,886,4500.0,2026-08-03,11,False,,,,,,,,https://www.udr.com/san-francisco-bay-area-apartments/san-mateo/citysouth/,2026-06-08,2026-08-02,,,,,Balboa (B2C),3,16910
2026-08-02,UDR,CitySouth,,San Francisco Bay Area,UDR-citysouth-1br-563sqft-106,1,1.0,563,3677.0,2026-09-18,14,False,,,,,,,,https://www.udr.com/san-francisco-bay-area-apartments/san-mateo/citysouth/,2026-07-19,2026-08-02,,,,,Cashmere (A1A),1,16910
2026-08-02,UDR,CitySouth,,San Francisco Bay Area,UDR-citysouth-1br-563sqft-106,1,1.0,563,3548.0,2026-09-25,14,False,,,,,,,,https://www.udr.com/san-francisco-bay-area-apartments/san-mateo/citysouth/,2026-07-19,2026-08-02,,,,,Cashmere (A1A),1,16910
2026-08-02,UDR,CitySouth,,San Francisco Bay Area,UDR-citysouth-1br-563sqft-214,1,1.0,563,3398.0,2026-09-15,14,False,,,,,,,,https://www.udr.com/san-francisco-bay-area-apartments/san-mateo/citysouth/,2026-06-08,2026-08-02,,,,,Cashmere (A1A),2,16910
2026-08-02,UDR,CitySouth,,San Francisco Bay Area,UDR-citysouth-1br-563sqft-303,1,1.0,563,3348.0,2026-09-26,14,False,,,,,,,,https://www.udr.com/san-francisco-bay-area-apartments/san-mateo/citysouth/,2026-04-04,2026-08-02,,,,,Cashmere (A1A),3,16910
2026-08-02,UDR,CitySouth,,San Francisco Bay Area,UDR-citysouth-1br-680sqft-103,1,1.0,680,3608.0,2026-08-03,15,False,,,,,,,,https://www.udr.com/san-francisco-bay-area-apartments/san-mateo/citysouth/,2026-05-16,2026-08-02,,,,,Delmonico (A1B),1,16910
2026-08-02,UDR,CitySouth,,San Francisco Bay Area,UDR-citysouth-1br-680sqft-108,1,1.0,680,3933.0,2026-10-20,13,False,,,,,,,,https://www.udr.com/san-francisco-bay-area-apartments/san-mateo/citysouth/,2026-07-19,2026-08-02,,,,,Delmonico (A1B),1,16910
2026-08-02,UDR,CitySouth,,San Francisco Bay Area,UDR-citysouth-1br-680sqft-112,1,1.0,680,3776.0,2026-09-19,14,False,,,,,,,,https://www.udr.com/san-francisco-bay-area-apartments/san-mateo/citysouth/,2026-07-19,2026-08-02,,,,,Delmonico (A1B),1,16910
2026-08-02,UDR,CitySouth,,San Francisco Bay Area,UDR-citysouth-1br-680sqft-221,1,1.0,680,3858.0,2026-10-09,13,False,,,,,,,,https://www.udr.com/san-francisco-bay-area-apartments/san-mateo/citysouth/,2026-07-19,2026-08-02,,,,,Delmonico (A1B),2,16910
2026-08-02,UDR,CitySouth,,San Francisco Bay Area,UDR-citysouth-1br-680sqft-315,1,1.0,680,4027.0,2026-09-15,14,False,,,,,,,,https://www.udr.com/san-francisco-bay-area-apartments/san-mateo/citysouth/,2026-04-04,2026-08-02,,,,,Delmonico (A1B),3,16910
2026-08-02,UDR,CitySouth,,San Francisco Bay Area,UDR-citysouth-1br-680sqft-102,1,1.0,680,3647.0,2026-08-28,15,False,,,,,,,,https://www.udr.com/san-francisco-bay-area-apartments/san-mateo/citysouth/,2026-07-19,2026-08-02,,,,,Delmonico (A1B),1,16910
2026-08-02,UDR,CitySouth,,San Francisco Bay Area,UDR-citysouth-1br-680sqft-109,1,1.0,680,3798.0,2026-08-20,12,False,,,,,,,,https://www.udr.com/san-francisco-bay-area-apartments/san-mateo/citysouth/,2026-05-03,2026-08-02,,,,,Delmonico (A1B),1,16910
2026-08-02,UDR,CitySouth,,San Francisco Bay Area,UDR-citysouth-1br-680sqft-203,1,1.0,680,3708.0,2026-10-22,13,False,,,,,,,,https://www.udr.com/san-francisco-bay-area-apartments/san-mateo/citysouth/,2026-08-02,2026-08-02,,,,,Delmonico (A1B),2,16910
2026-08-02,UDR,CitySouth,,San Francisco Bay Area,UDR-citysouth-1br-680sqft-102,1,1.0,680,3581.0,2026-09-20,14,False,,,,,,,,https://www.udr.com/san-francisco-bay-area-apartments/san-mateo/citysouth/,2026-07-19,2026-08-02,,,,,Delmonico (A1B),1,16910
2026-08-02,UDR,CitySouth,,San Francisco Bay Area,UDR-citysouth-1br-680sqft-111,1,1.0,680,3835.0,2026-08-03,15,False,,,,,,,,https://www.udr.com/san-francisco-bay-area-apartments/san-mateo/citysouth/,2026-04-04,2026-08-02,,,,,Delmonico (A1B),1,16910
2026-08-02,UDR,CitySouth,,San Francisco Bay Area,UDR-citysouth-1br-680sqft-307,1,1.0,680,3762.0,2026-09-26,14,False,,,,,,,,https://www.udr.com/san-francisco-bay-area-apartments/san-mateo/citysouth/,2026-04-04,2026-08-02,,,,,Delmonico (A1B),3,16910
2026-08-02,UDR,CitySouth,,San Francisco Bay Area,UDR-citysouth-1br-680sqft-201,1,1.0,680,3383.0,2026-08-03,12,False,,,,,,,,https://www.udr.com/san-francisco-bay-area-apartments/san-mateo/citysouth/,2026-04-04,2026-08-02,,,,,Delmonico (A1B),2,16910
2026-08-02,UDR,CitySouth,,San Francisco Bay Area,UDR-citysouth-1br-680sqft-207,1,1.0,680,3965.0,2026-09-22,14,False,,,,,,,,https://www.udr.com/san-francisco-bay-area-apartments/san-mateo/citysouth/,2026-05-30,2026-08-02,,,,,Delmonico (A1B),2,16910
2026-08-02,UDR,Colonnade,,Nashville,UDR-colonnade-1br-650sqft-816,1,1.0,650,1239.0,2026-08-03,15,True,hard,Save $1000 off rent!,dollar_off,1000.0,5.38,,1172.33,https://www.udr.com/nashville-apartments/donelson/colonnade/,2026-06-08,2026-08-02,,,,,Plan 1 (A1A),1,11616
2026-08-02,UDR,Colonnade,,Nashville,UDR-colonnade-1br-650sqft-821,1,1.0,650,1175.0,2026-09-18,15,True,hard,Save $1000 off rent!,dollar_off,1000.0,5.67,,1108.33,https://www.udr.com/nashville-apartments/donelson/colonnade/,2026-07-19,2026-08-02,,,,,Plan 1 (A1A),3,11616
2026-08-02,UDR,Colonnade,,Nashville,UDR-colonnade-1br-738sqft-1121,1,1.0,738,1256.0,2026-09-18,15,True,hard,Save $1000 off rent!,dollar_off,1000.0,5.31,,1189.33,https://www.udr.com/nashville-apartments/donelson/colonnade/,2026-07-19,2026-08-02,,,,,Plan 2 (A1B),3,11616
2026-08-02,UDR,Colonnade,,Nashville,UDR-colonnade-1br-738sqft-607,1,1.0,738,1279.0,2026-08-03,15,True,hard,Save $1000 off rent!,dollar_off,1000.0,5.21,,1212.33,https://www.udr.com/nashville-apartments/donelson/colonnade/,2026-07-19,2026-08-02,,,,,Plan 2 (A1B),2,11616
2026-08-02,UDR,Colonnade,,Nashville,UDR-colonnade-2br-908sqft-401,2,1.0,908,1368.0,2026-08-03,13,True,hard,Save $1000 off rent!,dollar_off,1000.0,5.62,,1291.08,https://www.udr.com/nashville-apartments/donelson/colonnade/,2026-06-13,2026-08-02,,,,,Plan 3 (B1),1,11616
2026-08-02,UDR,Colonnade,,Nashville,UDR-colonnade-2br-988sqft-1217,2,2.0,988,1170.0,2026-09-25,15,True,hard,Save $1000 off rent!,dollar_off,1000.0,5.7,,1103.33,https://www.udr.com/nashville-apartments/donelson/colonnade/,2026-08-02,2026-08-02,,,,,Plan 4 (B2A),2,11616
2026-08-02,UDR,Colonnade,,Nashville,UDR-colonnade-2br-988sqft-1513,2,2.0,988,1203.0,2026-08-03,13,True,hard,Save $1000 off rent!,dollar_off,1000.0,6.39,,1126.08,https://www.udr.com/nashville-apartments/donelson/colonnade/,2026-07-19,2026-08-02,,,,,Plan 4 (B2A),1,11616
2026-08-02,UDR,Colonnade,,Nashville,UDR-colonnade-2br-988sqft-208,2,2.0,988,1319.0,2026-09-18,12,True,hard,Save $1000 off rent!,dollar_off,1000.0,6.32,,1235.67,https://www.udr.com/nashville-apartments/donelson/colonnade/,2026-07-19,2026-08-02,,,,,Plan 4 (B2A),2,11616
2026-08-02,UDR,Colonnade,,Nashville,UDR-colonnade-2br-1060sqft-1415,2,2.0,1060,1476.0,2026-09-25,12,True,hard,Save $1000 off rent!,dollar_off,1000.0,5.65,,1392.67,https://www.udr.com/nashville-apartments/donelson/colonnade/,2026-08-02,2026-08-02,,,,,Plan 5 (B2B),1,11616
2026-08-02,UDR,Colonnade,,Nashville,UDR-colonnade-2br-1060sqft-522,2,2.0,1060,1482.0,2026-09-04,15,True,hard,Save $1000 off rent!,dollar_off,1000.0,4.5,,1415.33,https://www.udr.com/nashville-apartments/donelson/colonnade/,2026-07-19,2026-08-02,,,,,Plan 5 (B2B),3,11616
2026-08-02,UDR,Colonnade,,Nashville,UDR-colonnade-3br-1200sqft-1303,3,2.0,1200,1576.0,2026-08-03,14,True,hard,Save $1000 off rent!,dollar_off,1000.0,4.53,,1504.57,https://www.udr.com/nashville-apartments/donelson/colonnade/,2026-07-19,2026-08-02,,,,,Plan 6 (C2),1,11616
2026-08-02,UDR,Colonnade,,Nashville,UDR-colonnade-3br-1200sqft-707,3,2.0,1200,1683.0,2026-10-08,15,True,hard,Save $1000 off rent!,dollar_off,1000.0,3.96,,1616.33,https://www.udr.com/nashville-apartments/donelson/colonnade/,2026-07-19,2026-08-02,,,,,Plan 6 (C2),2,11616
2026-08-02,UDR,Columbus Square,,New York,UDR-columbus-square-0br-437sqft-04E,0,1.0,437,5124.0,2026-08-03,13,True,hard,Save $2400 off rent!,dollar_off,2400.0,3.6,,4939.38,https://www.udr.com/new-york-city-apartments/upper-west-side/columbus-square/,2026-04-12,2026-08-02,,,,,Studio (E1B-775),4,42791
2026-08-02,UDR,Columbus Square,,New York,UDR-columbus-square-0br-505sqft-11L,0,1.0,505,4344.0,2026-08-03,13,True,hard,Save $2400 off rent!,dollar_off,2400.0,4.25,,4159.38,https://www.udr.com/new-york-city-apartments/upper-west-side/columbus-square/,2026-04-04,2026-08-02,,,,,Studio (E1C-795),11,42791
2026-08-02,UDR,Columbus Square,,New York,UDR-columbus-square-1br-637sqft-05K,1,1.0,637,5848.0,2026-08-03,11,True,hard,Save $2400 off rent!,dollar_off,2400.0,3.73,,5629.82,https://www.udr.com/new-york-city-apartments/upper-west-side/columbus-square/,2026-04-04,2026-08-02,,,,,One Bedroom (A1C-795),5,42791
2026-08-02,UDR,Columbus Square,,New York,UDR-columbus-square-1br-649sqft-04E,1,1.0,649,5858.0,2026-08-03,11,True,hard,Save $2400 off rent!,dollar_off,2400.0,3.72,,5639.82,https://www.udr.com/new-york-city-apartments/upper-west-side/columbus-square/,2026-04-12,2026-08-02,,,,,One Bedroom (A1G-795),4,42791
2026-08-02,UDR,Columbus Square,,New York,UDR-columbus-square-2br-1090sqft-06H,2,2.0,1090,8798.0,2026-10-02,11,True,hard,Save $2400 off rent!,dollar_off,2400.0,2.48,,8579.82,https://www.udr.com/new-york-city-apartments/upper-west-side/columbus-square/,2026-07-19,2026-08-02,,,,,Two Bedroom (B2C-795),6,42791
2026-08-02,UDR,Columbus Square,,New York,UDR-columbus-square-0br-445sqft-05I,0,1.0,445,4803.0,2026-10-08,14,True,hard,Save $2400 off rent!,dollar_off,2400.0,3.57,,4631.57,https://www.udr.com/new-york-city-apartments/upper-west-side/columbus-square/,2026-07-19,2026-08-02,,,,,Studio (E1B-801),5,42791
2026-08-02,UDR,Columbus Square,,New York,UDR-columbus-square-0br-532sqft-15H,0,1.0,532,4419.0,2026-08-03,13,True,hard,Save $2400 off rent!,dollar_off,2400.0,4.18,,4234.38,https://www.udr.com/new-york-city-apartments/upper-west-side/columbus-square/,2026-04-04,2026-08-02,,,,,Studio (E1D-801),15,42791
2026-08-02,UDR,Columbus Square,,New York,UDR-columbus-square-0br-598sqft-10H,0,1.0,598,4541.0,2026-09-25,14,True,hard,Save $2400 off rent!,dollar_off,2400.0,3.78,,4369.57,https://www.udr.com/new-york-city-apartments/upper-west-side/columbus-square/,2026-07-19,2026-08-02,,,,,Studio (E1E-801),10,42791
2026-08-02,UDR,Columbus Square,,New York,UDR-columbus-square-1br-671sqft-08G,1,1.0,671,6186.0,2026-09-26,14,True,hard,Save $2400 off rent!,dollar_off,2400.0,2.77,,6014.57,https://www.udr.com/new-york-city-apartments/upper-west-side/columbus-square/,2026-07-19,2026-08-02,,,,,One Bedroom (A1E-801),8,42791
2026-08-02,UDR,Columbus Square,,New York,UDR-columbus-square-1br-674sqft-05E,1,1.0,674,5645.0,2026-10-23,13,True,hard,Save $2400 off rent!,dollar_off,2400.0,3.27,,5460.38,https://www.udr.com/new-york-city-apartments/upper-west-side/columbus-square/,2026-07-19,2026-08-02,,,,,One Bedroom (A1F-801),5,42791
2026-08-02,UDR,Columbus Square,,New York,UDR-columbus-square-2br-1132sqft-15E,2,2.0,1132,9878.0,2026-09-04,12,True,hard,Save $2400 off rent!,dollar_off,2400.0,2.02,,9678.0,https://www.udr.com/new-york-city-apartments/upper-west-side/columbus-square/,2026-06-08,2026-08-02,,,,,Two Bedroom (B2D-801),15,42791
2026-08-02,UDR,Columbus Square,,New York,UDR-columbus-square-2br-818sqft-04D,2,2.0,818,7906.0,2026-08-15,13,True,hard,Save $2400 off rent!,dollar_off,2400.0,2.34,,7721.38,https://www.udr.com/new-york-city-apartments/upper-west-side/columbus-square/,2026-05-09,2026-08-02,,,,,Two Bedroom (B2A-805),4,42791
2026-08-02,UDR,Columbus Square,,New York,UDR-columbus-square-2br-979sqft-04E,2,2.0,979,9400.0,2026-08-07,11,True,hard,Save $2400 off rent!,dollar_off,2400.0,2.32,,9181.82,https://www.udr.com/new-york-city-apartments/upper-west-side/columbus-square/,2026-07-19,2026-08-02,,,,,Two Bedroom (B2B-805),4,42791
2026-08-02,UDR,Columbus Square,,New York,UDR-columbus-square-0br-424sqft-06P,0,1.0,424,5282.0,2026-08-26,14,True,hard,Save $2400 off rent!,dollar_off,2400.0,3.25,,5110.57,https://www.udr.com/new-york-city-apartments/upper-west-side/columbus-square/,2026-04-04,2026-08-02,,,,,Studio (E1B-808),6,42791
2026-08-02,UDR,Columbus Square,,New York,UDR-columbus-square-0br-424sqft-12P,0,1.0,424,5342.0,2026-08-25,14,True,hard,Save $2400 off rent!,dollar_off,2400.0,3.21,,5170.57,https://www.udr.com/new-york-city-apartments/upper-west-side/columbus-square/,2026-04-04,2026-08-02,,,,,Studio (E1B-808),12,42791
2026-08-02,UDR,Columbus Square,,New York,UDR-columbus-square-0br-424sqft-22J,0,1.0,424,5032.0,2027-01-01,14,True,hard,Save $2400 off rent!,dollar_off,2400.0,3.41,,4860.57,https://www.udr.com/new-york-city-apartments/upper-west-side/columbus-square/,2026-06-13,2026-08-02,,,,,Studio (E1B-808),22,42791
2026-08-02,UDR,Columbus Square,,New York,UDR-columbus-square-1br-652sqft-08C,1,1.0,652,6635.0,2026-10-16,14,True,hard,Save $2400 off rent!,dollar_off,2400.0,2.58,,6463.57,https://www.udr.com/new-york-city-apartments/upper-west-side/columbus-square/,2026-04-04,2026-08-02,,,,,One Bedroom (A1C-808),8,42791
2026-08-02,UDR,Columbus Square,,New York,UDR-columbus-square-1br-652sqft-14E,1,1.0,652,5838.0,2026-09-12,14,True,hard,Save $2400 off rent!,dollar_off,2400.0,2.94,,5666.57,https://www.udr.com/new-york-city-apartments/upper-west-side/columbus-square/,2026-07-19,2026-08-02,,,,,One Bedroom (A1C-808),14,42791
2026-08-02,UDR,Columbus Square,,New York,UDR-columbus-square-2br-782sqft-26G,2,1.0,782,7836.0,2026-08-03,14,True,hard,Save $2400 off rent!,dollar_off,2400.0,2.19,,7664.57,https://www.udr.com/new-york-city-apartments/upper-west-side/columbus-square/,2026-04-12,2026-08-02,,,,,Two Bedroom (B1A-808),26,42791
2026-08-02,UDR,Columbus Square,,New York,UDR-columbus-square-2br-782sqft-PH2-H,2,1.0,782,8802.0,2026-10-16,14,True,hard,Save $2400 off rent!,dollar_off,2400.0,1.95,,8630.57,https://www.udr.com/new-york-city-apartments/upper-west-side/columbus-square/,2026-06-13,2026-08-02,,,,,Two Bedroom (B1A-808),28,42791
2026-08-02,UDR,The Commons at Windsor Gardens,,Boston,UDR-the-commons-at-windsor-gardens-1br-690sqft-105,1,1.0,690,2250.0,2026-09-19,13,True,hard,Save 2 weeks off rent!,months_free,0.4616,3.55,3.55,2170.11,https://www.udr.com/boston-apartments/norwood/the-commons-at-windsor-gardens/,2026-04-04,2026-08-02,,,,,One Bedroom A1B,1,207241623
2026-08-02,UDR,The Commons at Windsor Gardens,,Boston,UDR-the-commons-at-windsor-gardens-1br-690sqft-104,1,1.0,690,2070.0,2026-09-08,13,True,hard,Save 2 weeks off rent!,months_free,0.4616,3.55,3.55,1996.5,https://www.udr.com/boston-apartments/norwood/the-commons-at-windsor-gardens/,2026-04-04,2026-08-02,,,,,One Bedroom A1B,1,207241623
2026-08-02,UDR,The Commons at Windsor Gardens,,Boston,UDR-the-commons-at-windsor-gardens-1br-690sqft-105,1,1.0,690,2071.0,2026-08-29,13,True,hard,Save 2 weeks off rent!,months_free,0.4616,3.55,3.55,1997.46,https://www.udr.com/boston-apartments/norwood/the-commons-at-windsor-gardens/,2026-04-04,2026-08-02,,,,,One Bedroom A1B,1,207241623
2026-08-02,UDR,The Commons at Windsor Gardens,,Boston,UDR-the-commons-at-windsor-gardens-1br-690sqft-204,1,1.0,690,2270.0,2026-09-05,13,True,hard,Save 2 weeks off rent!,months_free,0.4616,3.55,3.55,2189.4,https://www.udr.com/boston-apartments/norwood/the-commons-at-windsor-gardens/,2026-04-04,2026-08-02,,,,,One Bedroom A1B,2,207241623
2026-08-02,UDR,The Commons at Windsor Gardens,,Boston,UDR-the-commons-at-windsor-gardens-1br-690sqft-205,1,1.0,690,2397.0,2026-09-26,13,True,hard,Save 2 weeks off rent!,months_free,0.4616,3.55,3.55,2311.89,https://www.udr.com/boston-apartments/norwood/the-commons-at-windsor-gardens/,2026-04-04,2026-08-02,,,,,One Bedroom A1B,2,207241623
2026-08-02,UDR,The Commons at Windsor Gardens,,Boston,UDR-the-commons-at-windsor-gardens-1br-690sqft-205,1,1.0,690,2225.0,2026-09-19,13,True,hard,Save 2 weeks off rent!,months_free,0.4616,3.55,3.55,2146.0,https://www.udr.com/boston-apartments/norwood/the-commons-at-windsor-gardens/,2026-04-04,2026-08-02,,,,,One Bedroom A1B,2,207241623
2026-08-02,UDR,The Commons at Windsor Gardens,,Boston,UDR-the-commons-at-windsor-gardens-1br-690sqft-105,1,1.0,690,2043.0,2026-09-09,13,True,hard,Save 2 weeks off rent!,months_free,0.4616,3.55,3.55,1970.46,https://www.udr.com/boston-apartments/norwood/the-commons-at-windsor-gardens/,2026-04-04,2026-08-02,,,,,One Bedroom A1B,1,207241623
2026-08-02,UDR,The Commons at Windsor Gardens,,Boston,UDR-the-commons-at-windsor-gardens-1br-690sqft-104,1,1.0,690,2061.0,2026-08-03,13,True,hard,Save 2 weeks off rent!,months_free,0.4616,3.55,3.55,1987.82,https://www.udr.com/boston-apartments/norwood/the-commons-at-windsor-gardens/,2026-04-04,2026-08-02,,,,,One Bedroom A1B,1,207241623
2026-08-02,UDR,The Commons at Windsor Gardens,,Boston,UDR-the-commons-at-windsor-gardens-1br-690sqft-105,1,1.0,690,2061.0,2026-09-05,13,True,hard,Save 2 weeks off rent!,months_free,0.4616,3.55,3.55,1987.82,https://www.udr.com/boston-apartments/norwood/the-commons-at-windsor-gardens/,2026-04-04,2026-08-02,,,,,One Bedroom A1B,1,207241623
2026-08-02,UDR,The Commons at Windsor Gardens,,Boston,UDR-the-commons-at-windsor-gardens-1br-690sqft-105,1,1.0,690,2090.0,2026-08-03,13,True,hard,Save 2 weeks off rent!,months_free,0.4616,3.55,3.55,2015.79,https://www.udr.com/boston-apartments/norwood/the-commons-at-windsor-gardens/,2026-04-04,2026-08-02,,,,,One Bedroom A1B,1,207241623
2026-08-02,UDR,The Commons at Windsor Gardens,,Boston,UDR-the-commons-at-windsor-gardens-1br-690sqft-104,1,1.0,690,2300.0,2026-08-03,13,True,hard,Save 2 weeks off rent!,months_free,0.4616,3.55,3.55,2218.33,https://www.udr.com/boston-apartments/norwood/the-commons-at-windsor-gardens/,2026-04-04,2026-08-02,,,,,One Bedroom A1B,1,207241623
2026-08-02,UDR,The Commons at Windsor Gardens,,Boston,UDR-the-commons-at-windsor-gardens-1br-690sqft-204,1,1.0,690,2210.0,2026-09-05,13,True,hard,Save 2 weeks off rent!,months_free,0.4616,3.55,3.55,2131.53,https://www.udr.com/boston-apartments/norwood/the-commons-at-windsor-gardens/,2026-04-04,2026-08-02,,,,,One Bedroom A1B,2,207241623
2026-08-02,UDR,The Commons at Windsor Gardens,,Boston,UDR-the-commons-at-windsor-gardens-1br-730sqft-206,1,1.0,730,2131.0,2026-09-05,13,True,hard,Save 2 weeks off rent!,months_free,0.4616,3.55,3.55,2055.33,https://www.udr.com/boston-apartments/norwood/the-commons-at-windsor-gardens/,2026-04-04,2026-08-02,,,,,One Bedroom A1C,2,207241623
2026-08-02,UDR,The Commons at Windsor Gardens,,Boston,UDR-the-commons-at-windsor-gardens-1br-730sqft-T3,1,1.0,730,2122.0,2026-08-22,13,True,hard,Save 2 weeks off rent!,months_free,0.4616,3.55,3.55,2046.65,https://www.udr.com/boston-apartments/norwood/the-commons-at-windsor-gardens/,2026-04-04,2026-08-02,,,,,One Bedroom A1C,1,207241623
2026-08-02,UDR,The Commons at Windsor Gardens,,Boston,UDR-the-commons-at-windsor-gardens-1br-730sqft-106,1,1.0,730,1961.0,2026-09-12,13,True,hard,Save 2 weeks off rent!,months_free,0.4616,3.55,3.55,1891.37,https://www.udr.com/boston-apartments/norwood/the-commons-at-windsor-gardens/,2026-04-04,2026-08-02,,,,,One Bedroom A1C,1,207241623
2026-08-02,UDR,The Commons at Windsor Gardens,,Boston,UDR-the-commons-at-windsor-gardens-1br-730sqft-103,1,1.0,730,2129.0,2026-08-18,13,True,hard,Save 2 weeks off rent!,months_free,0.4616,3.55,3.55,2053.4,https://www.udr.com/boston-apartments/norwood/the-commons-at-windsor-gardens/,2026-04-04,2026-08-02,,,,,One Bedroom A1C,1,207241623
2026-08-02,UDR,The Commons at Windsor Gardens,,Boston,UDR-the-commons-at-windsor-gardens-1br-730sqft-106,1,1.0,730,2076.0,2026-08-29,13,True,hard,Save 2 weeks off rent!,months_free,0.4616,3.55,3.55,2002.29,https://www.udr.com/boston-apartments/norwood/the-commons-at-windsor-gardens/,2026-04-04,2026-08-02,,,,,One Bedroom A1C,1,207241623
2026-08-02,UDR,The Commons at Windsor Gardens,,Boston,UDR-the-commons-at-windsor-gardens-1br-730sqft-T3,1,1.0,730,2087.0,2026-08-03,13,True,hard,Save 2 weeks off rent!,months_free,0.4616,3.55,3.55,2012.9,https://www.udr.com/boston-apartments/norwood/the-commons-at-windsor-gardens/,2026-04-04,2026-08-02,,,,,One Bedroom A1C,1,207241623
2026-08-02,UDR,The Commons at Windsor Gardens,,Boston,UDR-the-commons-at-windsor-gardens-1br-730sqft-106,1,1.0,730,2175.0,2026-08-03,13,True,hard,Save 2 weeks off rent!,months_free,0.4616,3.55,3.55,2097.77,https://www.udr.com/boston-apartments/norwood/the-commons-at-windsor-gardens/,2026-04-04,2026-08-02,,,,,One Bedroom A1C,1,207241623
2026-08-02,UDR,The Commons at Windsor Gardens,,Boston,UDR-the-commons-at-windsor-gardens-1br-730sqft-T3,1,1.0,730,2272.0,2026-09-19,13,True,hard,Save 2 weeks off rent!,months_free,0.4616,3.55,3.55,2191.33,https://www.udr.com/boston-apartments/norwood/the-commons-at-windsor-gardens/,2026-04-04,2026-08-02,,,,,One Bedroom A1C,1,207241623
2026-08-02,UDR,The Commons at Windsor Gardens,,Boston,UDR-the-commons-at-windsor-gardens-1br-730sqft-T3,1,1.0,730,2142.0,2026-09-19,13,True,hard,Save 2 weeks off rent!,months_free,0.4616,3.55,3.55,2065.94,https://www.udr.com/boston-apartments/norwood/the-commons-at-windsor-gardens/,2026-04-04,2026-08-02,,,,,One Bedroom A1C,1,207241623
2026-08-02,UDR,The Commons at Windsor Gardens,,Boston,UDR-the-commons-at-windsor-gardens-1br-730sqft-106,1,1.0,730,2107.0,2026-08-03,13,True,hard,Save 2 weeks off rent!,months_free,0.4616,3.55,3.55,2032.19,https://www.udr.com/boston-apartments/norwood/the-commons-at-windsor-gardens/,2026-04-04,2026-08-02,,,,,One Bedroom A1C,1,207241623
2026-08-02,UDR,The Commons at Windsor Gardens,,Boston,UDR-the-commons-at-windsor-gardens-1br-730sqft-206,1,1.0,730,2041.0,2026-08-29,13,True,hard,Save 2 weeks off rent!,months_free,0.4616,3.55,3.55,1968.53,https://www.udr.com/boston-apartments/norwood/the-commons-at-windsor-gardens/,2026-04-04,2026-08-02,,,,,One Bedroom A1C,2,207241623
2026-08-02,UDR,The Commons at Windsor Gardens,,Boston,UDR-the-commons-at-windsor-gardens-1br-730sqft-206,1,1.0,730,2033.0,2026-08-18,13,True,hard,Save 2 weeks off rent!,months_free,0.4616,3.55,3.55,1960.81,https://www.udr.com/boston-apartments/norwood/the-commons-at-windsor-gardens/,2026-04-04,2026-08-02,,,,,One Bedroom A1C,2,207241623
2026-08-02,UDR,The Commons at Windsor Gardens,,Boston,UDR-the-commons-at-windsor-gardens-1br-730sqft-T3,1,1.0,730,2116.0,2026-08-12,13,True,hard,Save 2 weeks off rent!,months_free,0.4616,3.55,3.55,2040.87,https://www.udr.com/boston-apartments/norwood/the-commons-at-windsor-gardens/,2026-04-04,2026-08-02,,,,,One Bedroom A1C,1,207241623
2026-08-02,UDR,The Commons at Windsor Gardens,,Boston,UDR-the-commons-at-windsor-gardens-1br-730sqft-T3,1,1.0,730,2097.0,2026-09-26,13,True,hard,Save 2 weeks off rent!,months_free,0.4616,3.55,3.55,2022.54,https://www.udr.com/boston-apartments/norwood/the-commons-at-windsor-gardens/,2026-04-04,2026-08-02,,,,,One Bedroom A1C,1,207241623
2026-08-02,UDR,The Commons at Windsor Gardens,,Boston,UDR-the-commons-at-windsor-gardens-1br-730sqft-T4,1,1.0,730,2101.0,2026-10-10,13,True,hard,Save 2 weeks off rent!,months_free,0.4616,3.55,3.55,2026.4,https://www.udr.com/boston-apartments/norwood/the-commons-at-windsor-gardens/,2026-04-04,2026-08-02,,,,,One Bedroom A1C,1,207241623
2026-08-02,UDR,The Commons at Windsor Gardens,,Boston,UDR-the-commons-at-windsor-gardens-3br-1210sqft-1207,3,2.0,1210,3660.0,2026-10-09,13,True,hard,Save 2 weeks off rent!,months_free,0.4616,3.55,3.55,3530.04,https://www.udr.com/boston-apartments/norwood/the-commons-at-windsor-gardens/,2026-08-02,2026-08-02,,,,,Three Bedroom C2.5,1,207241623
2026-08-02,UDR,The Commons at Windsor Gardens,,Boston,UDR-the-commons-at-windsor-gardens-3br-1210sqft-1603,3,2.0,1210,3628.0,2026-09-19,13,True,hard,Save 2 weeks off rent!,months_free,0.4616,3.55,3.55,3499.18,https://www.udr.com/boston-apartments/norwood/the-commons-at-windsor-gardens/,2026-07-19,2026-08-02,,,,,Three Bedroom C2.5,1,207241623
2026-08-02,UDR,The Commons at Windsor Gardens,,Boston,UDR-the-commons-at-windsor-gardens-3br-1210sqft-203,3,2.0,1210,3497.0,2026-08-03,13,True,hard,Save 2 weeks off rent!,months_free,0.4616,3.55,3.55,3372.83,https://www.udr.com/boston-apartments/norwood/the-commons-at-windsor-gardens/,2026-08-02,2026-08-02,,,,,Three Bedroom C2.5,1,207241623
2026-08-02,UDR,The Commons at Windsor Gardens,,Boston,UDR-the-commons-at-windsor-gardens-3br-1210sqft-2201,3,2.0,1210,3525.0,2026-09-10,13,True,hard,Save 2 weeks off rent!,months_free,0.4616,3.55,3.55,3399.84,https://www.udr.com/boston-apartments/norwood/the-commons-at-windsor-gardens/,2026-07-19,2026-08-02,,,,,Three Bedroom C2.5,1,207241623
2026-08-02,UDR,The Commons at Windsor Gardens,,Boston,UDR-the-commons-at-windsor-gardens-3br-1210sqft-2503,3,2.0,1210,3639.0,2026-10-10,13,True,hard,Save 2 weeks off rent!,months_free,0.4616,3.55,3.55,3509.79,https://www.udr.com/boston-apartments/norwood/the-commons-at-windsor-gardens/,2026-07-19,2026-08-02,,,,,Three Bedroom C2.5,1,207241623
2026-08-02,UDR,The Commons at Windsor Gardens,,Boston,UDR-the-commons-at-windsor-gardens-3br-1210sqft-301,3,2.0,1210,3459.0,2026-08-03,13,True,hard,Save 2 weeks off rent!,months_free,0.4616,3.55,3.55,3336.18,https://www.udr.com/boston-apartments/norwood/the-commons-at-windsor-gardens/,2026-07-19,2026-08-02,,,,,Three Bedroom C2.5,1,207241623
2026-08-02,UDR,The Commons at Windsor Gardens,,Boston,UDR-the-commons-at-windsor-gardens-3br-1210sqft-3207,3,2.0,1210,3649.0,2026-09-25,13,True,hard,Save 2 weeks off rent!,months_free,0.4616,3.55,3.55,3519.43,https://www.udr.com/boston-apartments/norwood/the-commons-at-windsor-gardens/,2026-08-02,2026-08-02,,,,,Three Bedroom C2.5,1,207241623
2026-08-02,UDR,The Commons at Windsor Gardens,,Boston,UDR-the-commons-at-windsor-gardens-3br-1210sqft-403,3,2.0,1210,3582.0,2026-08-08,13,True,hard,Save 2 weeks off rent!,months_free,0.4616,3.55,3.55,3454.81,https://www.udr.com/boston-apartments/norwood/the-commons-at-windsor-gardens/,2026-05-30,2026-08-02,,,,,Three Bedroom C2.5,1,207241623
2026-08-02,UDR,The Commons at Windsor Gardens,,Boston,UDR-the-commons-at-windsor-gardens-2br-925sqft-1606,2,1.5,925,2755.0,2026-08-03,11,True,hard,Save 2 weeks off rent!,months_free,0.4616,4.2,4.2,2639.39,https://www.udr.com/boston-apartments/norwood/the-commons-at-windsor-gardens/,2026-07-19,2026-08-02,,,,,Two Bedroom B1.5,1,207241623
2026-08-02,UDR,The Commons at Windsor Gardens,,Boston,UDR-the-commons-at-windsor-gardens-2br-925sqft-2002,2,1.5,925,2708.0,2026-08-03,11,True,hard,Save 2 weeks off rent!,months_free,0.4616,4.2,4.2,2594.36,https://www.udr.com/boston-apartments/norwood/the-commons-at-windsor-gardens/,2026-04-04,2026-08-02,,,,,Two Bedroom B1.5,1,207241623
2026-08-02,UDR,The Commons at Windsor Gardens,,Boston,UDR-the-commons-at-windsor-gardens-2br-925sqft-2706,2,1.5,925,2629.0,2026-09-05,13,True,hard,Save 2 weeks off rent!,months_free,0.4616,3.55,3.55,2535.65,https://www.udr.com/boston-apartments/norwood/the-commons-at-windsor-gardens/,2026-05-30,2026-08-02,,,,,Two Bedroom B1.5,1,207241623
2026-08-02,UDR,The Commons at Windsor Gardens,,Boston,UDR-the-commons-at-windsor-gardens-2br-925sqft-2802,2,1.5,925,2720.0,2026-08-03,11,True,hard,Save 2 weeks off rent!,months_free,0.4616,4.2,4.2,2605.86,https://www.udr.com/boston-apartments/norwood/the-commons-at-windsor-gardens/,2026-04-04,2026-08-02,,,,,Two Bedroom B1.5,1,207241623
2026-08-02,UDR,The Commons at Windsor Gardens,,Boston,UDR-the-commons-at-windsor-gardens-2br-785sqft-108,2,1.0,785,2319.0,2026-08-03,13,True,hard,Save 2 weeks off rent!,months_free,0.4616,3.55,3.55,2236.66,https://www.udr.com/boston-apartments/norwood/the-commons-at-windsor-gardens/,2026-04-04,2026-08-02,,,,,Two Bedroom B1A,1,207241623
2026-08-02,UDR,The Commons at Windsor Gardens,,Boston,UDR-the-commons-at-windsor-gardens-2br-785sqft-108,2,1.0,785,2328.0,2026-09-08,13,True,hard,Save 2 weeks off rent!,months_free,0.4616,3.55,3.55,2245.34,https://www.udr.com/boston-apartments/norwood/the-commons-at-windsor-gardens/,2026-04-04,2026-08-02,,,,,Two Bedroom B1A,1,207241623
2026-08-02,UDR,The Commons at Windsor Gardens,,Boston,UDR-the-commons-at-windsor-gardens-2br-785sqft-101,2,1.0,785,2317.0,2026-09-05,13,True,hard,Save 2 weeks off rent!,months_free,0.4616,3.55,3.55,2234.73,https://www.udr.com/boston-apartments/norwood/the-commons-at-windsor-gardens/,2026-04-04,2026-08-02,,,,,Two Bedroom B1A,1,207241623
2026-08-02,UDR,The Commons at Windsor Gardens,,Boston,UDR-the-commons-at-windsor-gardens-2br-785sqft-108,2,1.0,785,2238.0,2026-09-12,13,True,hard,Save 2 weeks off rent!,months_free,0.4616,3.55,3.55,2158.53,https://www.udr.com/boston-apartments/norwood/the-commons-at-windsor-gardens/,2026-04-04,2026-08-02,,,,,Two Bedroom B1A,1,207241623
2026-08-02,UDR,The Commons at Windsor Gardens,,Boston,UDR-the-commons-at-windsor-gardens-2br-785sqft-101,2,1.0,785,2347.0,2026-08-03,13,True,hard,Save 2 weeks off rent!,months_free,0.4616,3.55,3.55,2263.66,https://www.udr.com/boston-apartments/norwood/the-commons-at-windsor-gardens/,2026-04-04,2026-08-02,,,,,Two Bedroom B1A,1,207241623
2026-08-02,UDR,The Commons at Windsor Gardens,,Boston,UDR-the-commons-at-windsor-gardens-2br-785sqft-101,2,1.0,785,2281.0,2026-08-14,13,True,hard,Save 2 weeks off rent!,months_free,0.4616,3.55,3.55,2200.01,https://www.udr.com/boston-apartments/norwood/the-commons-at-windsor-gardens/,2026-04-04,2026-08-02,,,,,Two Bedroom B1A,1,207241623
2026-08-02,UDR,The Commons at Windsor Gardens,,Boston,UDR-the-commons-at-windsor-gardens-2br-785sqft-101,2,1.0,785,2308.0,2026-08-13,13,True,hard,Save 2 weeks off rent!,months_free,0.4616,3.55,3.55,2226.05,https://www.udr.com/boston-apartments/norwood/the-commons-at-windsor-gardens/,2026-04-04,2026-08-02,,,,,Two Bedroom B1A,1,207241623
2026-08-02,UDR,The Commons at Windsor Gardens,,Boston,UDR-the-commons-at-windsor-gardens-2br-850sqft-202,2,1.0,850,2422.0,2026-09-09,13,True,hard,Save 2 weeks off rent!,months_free,0.4616,3.55,3.55,2336.0,https://www.udr.com/boston-apartments/norwood/the-commons-at-windsor-gardens/,2026-04-04,2026-08-02,,,,,Two Bedroom B1B,2,207241623
2026-08-02,UDR,The Commons at Windsor Gardens,,Boston,UDR-the-commons-at-windsor-gardens-2br-850sqft-102,2,1.0,850,2533.0,2026-10-03,13,True,hard,Save 2 weeks off rent!,months_free,0.4616,3.55,3.55,2443.06,https://www.udr.com/boston-apartments/norwood/the-commons-at-windsor-gardens/,2026-04-04,2026-08-02,,,,,Two Bedroom B1B,1,207241623
2026-08-02,UDR,The Commons at Windsor Gardens,,Boston,UDR-the-commons-at-windsor-gardens-2br-850sqft-202,2,1.0,850,2306.0,2026-08-29,13,True,hard,Save 2 weeks off rent!,months_free,0.4616,3.55,3.55,2224.12,https://www.udr.com/boston-apartments/norwood/the-commons-at-windsor-gardens/,2026-04-04,2026-08-02,,,,,Two Bedroom B1B,2,207241623
2026-08-02,UDR,The Commons at Windsor Gardens,,Boston,UDR-the-commons-at-windsor-gardens-2br-850sqft-107,2,1.0,850,2325.0,2026-08-03,13,True,hard,Save 2 weeks off rent!,months_free,0.4616,3.55,3.55,2242.44,https://www.udr.com/boston-apartments/norwood/the-commons-at-windsor-gardens/,2026-04-04,2026-08-02,,,,,Two Bedroom B1B,1,207241623
2026-08-02,UDR,The Commons at Windsor Gardens,,Boston,UDR-the-commons-at-windsor-gardens-2br-850sqft-T5,2,1.0,850,2388.0,2026-10-31,13,True,hard,Save 2 weeks off rent!,months_free,0.4616,3.55,3.55,2303.21,https://www.udr.com/boston-apartments/norwood/the-commons-at-windsor-gardens/,2026-04-04,2026-08-02,,,,,Two Bedroom B1B,1,207241623
2026-08-02,UDR,The Commons at Windsor Gardens,,Boston,UDR-the-commons-at-windsor-gardens-2br-850sqft-202,2,1.0,850,2417.0,2026-09-19,13,True,hard,Save 2 weeks off rent!,months_free,0.4616,3.55,3.55,2331.18,https://www.udr.com/boston-apartments/norwood/the-commons-at-windsor-gardens/,2026-04-04,2026-08-02,,,,,Two Bedroom B1B,2,207241623
2026-08-02,UDR,The Commons at Windsor Gardens,,Boston,UDR-the-commons-at-windsor-gardens-2br-850sqft-202,2,1.0,850,2330.0,2026-09-05,13,True,hard,Save 2 weeks off rent!,months_free,0.4616,3.55,3.55,2247.27,https://www.udr.com/boston-apartments/norwood/the-commons-at-windsor-gardens/,2026-04-04,2026-08-02,,,,,Two Bedroom B1B,2,207241623
2026-08-02,UDR,The Commons at Windsor Gardens,,Boston,UDR-the-commons-at-windsor-gardens-2br-850sqft-102,2,1.0,850,2352.0,2026-08-08,13,True,hard,Save 2 weeks off rent!,months_free,0.4616,3.55,3.55,2268.49,https://www.udr.com/boston-apartments/norwood/the-commons-at-windsor-gardens/,2026-04-04,2026-08-02,,,,,Two Bedroom B1B,1,207241623
2026-08-02,UDR,The Commons at Windsor Gardens,,Boston,UDR-the-commons-at-windsor-gardens-2br-850sqft-202,2,1.0,850,2462.0,2026-09-26,13,True,hard,Save 2 weeks off rent!,months_free,0.4616,3.55,3.55,2374.58,https://www.udr.com/boston-apartments/norwood/the-commons-at-windsor-gardens/,2026-04-04,2026-08-02,,,,,Two Bedroom B1B,2,207241623
2026-08-02,UDR,The Commons at Windsor Gardens,,Boston,UDR-the-commons-at-windsor-gardens-2br-850sqft-T2,2,1.0,850,2364.0,2026-08-03,13,True,hard,Save 2 weeks off rent!,months_free,0.4616,3.55,3.55,2280.06,https://www.udr.com/boston-apartments/norwood/the-commons-at-windsor-gardens/,2026-04-04,2026-08-02,,,,,Two Bedroom B1B,1,207241623
2026-08-02,UDR,The Commons at Windsor Gardens,,Boston,UDR-the-commons-at-windsor-gardens-2br-850sqft-207,2,1.0,850,2325.0,2026-08-08,13,True,hard,Save 2 weeks off rent!,months_free,0.4616,3.55,3.55,2242.44,https://www.udr.com/boston-apartments/norwood/the-commons-at-windsor-gardens/,2026-04-04,2026-08-02,,,,,Two Bedroom B1B,2,207241623
2026-08-02,UDR,The Commons at Windsor Gardens,,Boston,UDR-the-commons-at-windsor-gardens-1br-580sqft-T6,1,1.0,580,2090.0,2026-09-12,13,True,hard,Save 2 weeks off rent!,months_free,0.4616,3.55,3.55,2015.79,https://www.udr.com/boston-apartments/norwood/the-commons-at-windsor-gardens/,2026-04-04,2026-08-02,,,,,One Bedroom A1A,1,207241623
2026-08-02,UDR,The Commons at Windsor Gardens,,Boston,UDR-the-commons-at-windsor-gardens-1br-580sqft-T6,1,1.0,580,2057.0,2026-08-15,13,True,hard,Save 2 weeks off rent!,months_free,0.4616,3.55,3.55,1983.96,https://www.udr.com/boston-apartments/norwood/the-commons-at-windsor-gardens/,2026-04-04,2026-08-02,,,,,One Bedroom A1A,1,207241623
2026-08-02,UDR,Cool Springs at Frisco Bridges,,Dallas,UDR-cool-springs-at-frisco-bridges-1br-540sqft-11026,1,1.0,540,1133.0,2026-09-15,12,True,hard,Save 6 WEEKS off rent!,months_free,1.3847,11.54,11.54,1002.26,https://www.udr.com/dallas-apartments/frisco/cool-springs-at-frisco-bridges/,2026-07-19,2026-08-02,,,,,A1A,1,404161724
2026-08-02,UDR,Cool Springs at Frisco Bridges,,Dallas,UDR-cool-springs-at-frisco-bridges-1br-540sqft-11030,1,1.0,540,1100.0,2026-09-01,12,True,hard,Save 6 WEEKS off rent!,months_free,1.3847,11.54,11.54,973.07,https://www.udr.com/dallas-apartments/frisco/cool-springs-at-frisco-bridges/,2026-05-30,2026-08-02,,,,,A1A,1,404161724
2026-08-02,UDR,Cool Springs at Frisco Bridges,,Dallas,UDR-cool-springs-at-frisco-bridges-1br-540sqft-13009,1,1.0,540,1060.0,2026-08-11,13,True,hard,Save 6 WEEKS off rent!,months_free,1.3847,10.65,10.65,947.09,https://www.udr.com/dallas-apartments/frisco/cool-springs-at-frisco-bridges/,2026-06-08,2026-08-02,,,,,A1A,3,404161724
2026-08-02,UDR,Cool Springs at Frisco Bridges,,Dallas,UDR-cool-springs-at-frisco-bridges-1br-540sqft-13055,1,1.0,540,1024.0,2026-09-05,12,True,hard,Save 6 WEEKS off rent!,months_free,1.3847,11.54,11.54,905.84,https://www.udr.com/dallas-apartments/frisco/cool-springs-at-frisco-bridges/,2026-07-19,2026-08-02,,,,,A1A,3,404161724
2026-08-02,UDR,Cool Springs at Frisco Bridges,,Dallas,UDR-cool-springs-at-frisco-bridges-1br-540sqft-14005,1,1.0,540,1080.0,2026-09-01,12,True,hard,Save 6 WEEKS off rent!,months_free,1.3847,11.54,11.54,955.38,https://www.udr.com/dallas-apartments/frisco/cool-springs-at-frisco-bridges/,2026-07-19,2026-08-02,,,,,A1A,4,404161724
2026-08-02,UDR,Cool Springs at Frisco Bridges,,Dallas,UDR-cool-springs-at-frisco-bridges-1br-540sqft-14009,1,1.0,540,1122.0,2026-09-02,12,True,hard,Save 6 WEEKS off rent!,months_free,1.3847,11.54,11.54,992.53,https://www.udr.com/dallas-apartments/frisco/cool-springs-at-frisco-bridges/,2026-07-19,2026-08-02,,,,,A1A,4,404161724
2026-08-02,UDR,Cool Springs at Frisco Bridges,,Dallas,UDR-cool-springs-at-frisco-bridges-1br-540sqft-14065,1,1.0,540,1065.0,2026-08-03,13,True,hard,Save 6 WEEKS off rent!,months_free,1.3847,10.65,10.65,951.56,https://www.udr.com/dallas-apartments/frisco/cool-springs-at-frisco-bridges/,2026-08-02,2026-08-02,,,,,A1A,4,404161724
2026-08-02,UDR,Cool Springs at Frisco Bridges,,Dallas,UDR-cool-springs-at-frisco-bridges-1br-540sqft-14091,1,1.0,540,1067.0,2026-08-03,13,True,hard,Save 6 WEEKS off rent!,months_free,1.3847,10.65,10.65,953.35,https://www.udr.com/dallas-apartments/frisco/cool-springs-at-frisco-bridges/,2026-07-19,2026-08-02,,,,,A1A,4,404161724
2026-08-02,UDR,Cool Springs at Frisco Bridges,,Dallas,UDR-cool-springs-at-frisco-bridges-1br-540sqft-21021,1,1.0,540,1115.0,2026-09-22,12,True,hard,Save 6 WEEKS off rent!,months_free,1.3847,11.54,11.54,986.34,https://www.udr.com/dallas-apartments/frisco/cool-springs-at-frisco-bridges/,2026-07-19,2026-08-02,,,,,A1A,1,404161724
2026-08-02,UDR,Cool Springs at Frisco Bridges,,Dallas,UDR-cool-springs-at-frisco-bridges-1br-540sqft-21026,1,1.0,540,1113.0,2026-09-19,12,True,hard,Save 6 WEEKS off rent!,months_free,1.3847,11.54,11.54,984.57,https://www.udr.com/dallas-apartments/frisco/cool-springs-at-frisco-bridges/,2026-07-19,2026-08-02,,,,,A1A,1,404161724
2026-08-02,UDR,Cool Springs at Frisco Bridges,,Dallas,UDR-cool-springs-at-frisco-bridges-1br-540sqft-23010,1,1.0,540,1095.0,2026-10-06,13,True,hard,Save 6 WEEKS off rent!,months_free,1.3847,10.65,10.65,978.37,https://www.udr.com/dallas-apartments/frisco/cool-springs-at-frisco-bridges/,2026-07-19,2026-08-02,,,,,A1A,3,404161724
2026-08-02,UDR,Cool Springs at Frisco Bridges,,Dallas,UDR-cool-springs-at-frisco-bridges-1br-540sqft-23021,1,1.0,540,1122.0,2026-09-15,12,True,hard,Save 6 WEEKS off rent!,months_free,1.3847,11.54,11.54,992.53,https://www.udr.com/dallas-apartments/frisco/cool-springs-at-frisco-bridges/,2026-06-13,2026-08-02,,,,,A1A,3,404161724
2026-08-02,UDR,Cool Springs at Frisco Bridges,,Dallas,UDR-cool-springs-at-frisco-bridges-1br-540sqft-1214,1,1.0,540,1060.0,2026-09-12,12,True,hard,Save 6 WEEKS off rent!,months_free,1.3847,11.54,11.54,937.68,https://www.udr.com/dallas-apartments/frisco/cool-springs-at-frisco-bridges/,2026-08-02,2026-08-02,,,,,A1A,2,404161724
2026-08-02,UDR,Cool Springs at Frisco Bridges,,Dallas,UDR-cool-springs-at-frisco-bridges-1br-540sqft-1258,1,1.0,540,1040.0,2026-08-18,13,True,hard,Save 6 WEEKS off rent!,months_free,1.3847,10.65,10.65,929.22,https://www.udr.com/dallas-apartments/frisco/cool-springs-at-frisco-bridges/,2026-06-22,2026-08-02,,,,,A1A,2,404161724
2026-08-02,UDR,Cool Springs at Frisco Bridges,,Dallas,UDR-cool-springs-at-frisco-bridges-1br-540sqft-1269,1,1.0,540,1040.0,2026-08-18,13,True,hard,Save 6 WEEKS off rent!,months_free,1.3847,10.65,10.65,929.22,https://www.udr.com/dallas-apartments/frisco/cool-springs-at-frisco-bridges/,2026-06-13,2026-08-02,,,,,A1A,2,404161724
2026-08-02,UDR,Cool Springs at Frisco Bridges,,Dallas,UDR-cool-springs-at-frisco-bridges-1br-675sqft-12105,1,1.0,675,1135.0,2026-08-03,13,True,hard,Save 6 WEEKS off rent!,months_free,1.3847,10.65,10.65,1014.11,https://www.udr.com/dallas-apartments/frisco/cool-springs-at-frisco-bridges/,2026-05-16,2026-08-02,,,,,A1B,2,404161724
2026-08-02,UDR,Cool Springs at Frisco Bridges,,Dallas,UDR-cool-springs-at-frisco-bridges-1br-675sqft-13039,1,1.0,675,1109.0,2026-09-08,12,True,hard,Save 6 WEEKS off rent!,months_free,1.3847,11.54,11.54,981.03,https://www.udr.com/dallas-apartments/frisco/cool-springs-at-frisco-bridges/,2026-07-19,2026-08-02,,,,,A1B,3,404161724
2026-08-02,UDR,Cool Springs at Frisco Bridges,,Dallas,UDR-cool-springs-at-frisco-bridges-1br-675sqft-13044,1,1.0,675,1157.0,2026-08-03,13,True,hard,Save 6 WEEKS off rent!,months_free,1.3847,10.65,10.65,1033.76,https://www.udr.com/dallas-apartments/frisco/cool-springs-at-frisco-bridges/,2026-04-19,2026-08-02,,,,,A1B,3,404161724
2026-08-02,UDR,Cool Springs at Frisco Bridges,,Dallas,UDR-cool-springs-at-frisco-bridges-1br-675sqft-13048,1,1.0,675,1171.0,2026-10-06,13,True,hard,Save 6 WEEKS off rent!,months_free,1.3847,10.65,10.65,1046.27,https://www.udr.com/dallas-apartments/frisco/cool-springs-at-frisco-bridges/,2026-08-02,2026-08-02,,,,,A1B,3,404161724
2026-08-02,UDR,Cool Springs at Frisco Bridges,,Dallas,UDR-cool-springs-at-frisco-bridges-1br-675sqft-13099,1,1.0,675,1109.0,2026-08-11,13,True,hard,Save 6 WEEKS off rent!,months_free,1.3847,10.65,10.65,990.87,https://www.udr.com/dallas-apartments/frisco/cool-springs-at-frisco-bridges/,2026-08-02,2026-08-02,,,,,A1B,3,404161724
2026-08-02,UDR,Cool Springs at Frisco Bridges,,Dallas,UDR-cool-springs-at-frisco-bridges-1br-675sqft-14024,1,1.0,675,1168.0,2026-10-14,13,True,hard,Save 6 WEEKS off rent!,months_free,1.3847,10.65,10.65,1043.59,https://www.udr.com/dallas-apartments/frisco/cool-springs-at-frisco-bridges/,2026-08-02,2026-08-02,,,,,A1B,4,404161724
2026-08-02,UDR,Cool Springs at Frisco Bridges,,Dallas,UDR-cool-springs-at-frisco-bridges-1br-675sqft-14038,1,1.0,675,1191.0,2026-08-15,13,True,hard,Save 6 WEEKS off rent!,months_free,1.3847,10.65,10.65,1064.14,https://www.udr.com/dallas-apartments/frisco/cool-springs-at-frisco-bridges/,2026-07-19,2026-08-02,,,,,A1B,4,404161724
2026-08-02,UDR,Cool Springs at Frisco Bridges,,Dallas,UDR-cool-springs-at-frisco-bridges-1br-675sqft-14040,1,1.0,675,1179.0,2026-09-29,14,True,hard,Save 6 WEEKS off rent!,months_free,1.3847,9.89,9.89,1062.39,https://www.udr.com/dallas-apartments/frisco/cool-springs-at-frisco-bridges/,2026-08-02,2026-08-02,,,,,A1B,4,404161724
2026-08-02,UDR,Cool Springs at Frisco Bridges,,Dallas,UDR-cool-springs-at-frisco-bridges-1br-675sqft-22047,1,1.0,675,1035.0,2026-09-29,14,True,hard,Save 6 WEEKS off rent!,months_free,1.3847,9.89,9.89,932.63,https://www.udr.com/dallas-apartments/frisco/cool-springs-at-frisco-bridges/,2026-07-19,2026-08-02,,,,,A1B,2,404161724
2026-08-02,UDR,Cool Springs at Frisco Bridges,,Dallas,UDR-cool-springs-at-frisco-bridges-1br-675sqft-23030,1,1.0,675,1109.0,2026-09-08,12,True,hard,Save 6 WEEKS off rent!,months_free,1.3847,11.54,11.54,981.03,https://www.udr.com/dallas-apartments/frisco/cool-springs-at-frisco-bridges/,2026-06-08,2026-08-02,,,,,A1B,3,404161724
2026-08-02,UDR,Cool Springs at Frisco Bridges,,Dallas,UDR-cool-springs-at-frisco-bridges-1br-675sqft-23041,1,1.0,675,1144.0,2026-09-18,12,True,hard,Save 6 WEEKS off rent!,months_free,1.3847,11.54,11.54,1011.99,https://www.udr.com/dallas-apartments/frisco/cool-springs-at-frisco-bridges/,2026-06-13,2026-08-02,,,,,A1B,3,404161724
2026-08-02,UDR,Cool Springs at Frisco Bridges,,Dallas,UDR-cool-springs-at-frisco-bridges-1br-675sqft-1163,1,1.0,675,1129.0,2026-09-08,12,True,hard,Save 6 WEEKS off rent!,months_free,1.3847,11.54,11.54,998.72,https://www.udr.com/dallas-apartments/frisco/cool-springs-at-frisco-bridges/,2026-06-22,2026-08-02,,,,,A1B,1,404161724
2026-08-02,UDR,Cool Springs at Frisco Bridges,,Dallas,UDR-cool-springs-at-frisco-bridges-1br-675sqft-1244,1,1.0,675,1148.0,2026-09-29,14,True,hard,Save 6 WEEKS off rent!,months_free,1.3847,9.89,9.89,1034.45,https://www.udr.com/dallas-apartments/frisco/cool-springs-at-frisco-bridges/,2026-08-02,2026-08-02,,,,,A1B,2,404161724
2026-08-02,UDR,Cool Springs at Frisco Bridges,,Dallas,UDR-cool-springs-at-frisco-bridges-1br-675sqft-1246,1,1.0,675,1129.0,2026-09-29,14,True,hard,Save 6 WEEKS off rent!,months_free,1.3847,9.89,9.89,1017.33,https://www.udr.com/dallas-apartments/frisco/cool-springs-at-frisco-bridges/,2026-06-22,2026-08-02,,,,,A1B,2,404161724
2026-08-02,UDR,Cool Springs at Frisco Bridges,,Dallas,UDR-cool-springs-at-frisco-bridges-1br-675sqft-1265,1,1.0,675,1109.0,2026-08-29,13,True,hard,Save 6 WEEKS off rent!,months_free,1.3847,10.65,10.65,990.87,https://www.udr.com/dallas-apartments/frisco/cool-springs-at-frisco-bridges/,2026-06-13,2026-08-02,,,,,A1B,2,404161724
2026-08-02,UDR,Cool Springs at Frisco Bridges,,Dallas,UDR-cool-springs-at-frisco-bridges-1br-675sqft-1362,1,1.0,675,1035.0,2026-08-25,13,True,hard,Save 6 WEEKS off rent!,months_free,1.3847,10.65,10.65,924.76,https://www.udr.com/dallas-apartments/frisco/cool-springs-at-frisco-bridges/,2026-06-22,2026-08-02,,,,,A1B,3,404161724
2026-08-02,UDR,Cool Springs at Frisco Bridges,,Dallas,UDR-cool-springs-at-frisco-bridges-1br-675sqft-1364,1,1.0,675,1115.0,2026-08-03,13,True,hard,Save 6 WEEKS off rent!,months_free,1.3847,10.65,10.65,996.24,https://www.udr.com/dallas-apartments/frisco/cool-springs-at-frisco-bridges/,2026-07-19,2026-08-02,,,,,A1B,3,404161724
2026-08-02,UDR,Cool Springs at Frisco Bridges,,Dallas,UDR-cool-springs-at-frisco-bridges-1br-675sqft-1403,1,1.0,675,1164.0,2026-09-29,14,True,hard,Save 6 WEEKS off rent!,months_free,1.3847,9.89,9.89,1048.87,https://www.udr.com/dallas-apartments/frisco/cool-springs-at-frisco-bridges/,2026-08-02,2026-08-02,,,,,A1B,4,404161724
2026-08-02,UDR,Cool Springs at Frisco Bridges,,Dallas,UDR-cool-springs-at-frisco-bridges-1br-675sqft-1410,1,1.0,675,1164.0,2026-10-03,13,True,hard,Save 6 WEEKS off rent!,months_free,1.3847,10.65,10.65,1040.02,https://www.udr.com/dallas-apartments/frisco/cool-springs-at-frisco-bridges/,2026-08-02,2026-08-02,,,,,A1B,4,404161724
2026-08-02,UDR,Cool Springs at Frisco Bridges,,Dallas,UDR-cool-springs-at-frisco-bridges-1br-675sqft-1444,1,1.0,675,1133.0,2026-08-04,13,True,hard,Save 6 WEEKS off rent!,months_free,1.3847,10.65,10.65,1012.32,https://www.udr.com/dallas-apartments/frisco/cool-springs-at-frisco-bridges/,2026-05-16,2026-08-02,,,,,A1B,4,404161724
2026-08-02,UDR,Cool Springs at Frisco Bridges,,Dallas,UDR-cool-springs-at-frisco-bridges-1br-675sqft-1446,1,1.0,675,1164.0,2026-09-30,14,True,hard,Save 6 WEEKS off rent!,months_free,1.3847,9.89,9.89,1048.87,https://www.udr.com/dallas-apartments/frisco/cool-springs-at-frisco-bridges/,2026-08-02,2026-08-02,,,,,A1B,4,404161724
2026-08-02,UDR,Cool Springs at Frisco Bridges,,Dallas,UDR-cool-springs-at-frisco-bridges-1br-680sqft-11012,1,1.0,680,1161.0,2026-08-03,13,True,hard,Save 6 WEEKS off rent!,months_free,1.3847,10.65,10.65,1037.34,https://www.udr.com/dallas-apartments/frisco/cool-springs-at-frisco-bridges/,2026-04-04,2026-08-02,,,,,A1C,1,404161724
2026-08-02,UDR,Cool Springs at Frisco Bridges,,Dallas,UDR-cool-springs-at-frisco-bridges-1br-680sqft-21030,1,1.0,680,1169.0,2026-09-23,12,True,hard,Save 6 WEEKS off rent!,months_free,1.3847,11.54,11.54,1034.11,https://www.udr.com/dallas-apartments/frisco/cool-springs-at-frisco-bridges/,2026-08-02,2026-08-02,,,,,A1C,1,404161724
2026-08-02,UDR,Cool Springs at Frisco Bridges,,Dallas,UDR-cool-springs-at-frisco-bridges-1br-775sqft-12027,1,1.0,775,1185.0,2026-08-25,13,True,hard,Save 6 WEEKS off rent!,months_free,1.3847,10.65,10.65,1058.78,https://www.udr.com/dallas-apartments/frisco/cool-springs-at-frisco-bridges/,2026-06-13,2026-08-02,,,,,A1D,2,404161724
2026-08-02,UDR,Cool Springs at Frisco Bridges,,Dallas,UDR-cool-springs-at-frisco-bridges-1br-775sqft-12045,1,1.0,775,1240.0,2026-09-22,12,True,hard,Save 6 WEEKS off rent!,months_free,1.3847,11.54,11.54,1096.91,https://www.udr.com/dallas-apartments/frisco/cool-springs-at-frisco-bridges/,2026-07-19,2026-08-02,,,,,A1D,2,404161724
2026-08-02,UDR,Cool Springs at Frisco Bridges,,Dallas,UDR-cool-springs-at-frisco-bridges-1br-775sqft-13096,1,1.0,775,1101.0,2026-09-22,12,True,hard,Save 6 WEEKS off rent!,months_free,1.3847,11.54,11.54,973.95,https://www.udr.com/dallas-apartments/frisco/cool-springs-at-frisco-bridges/,2026-06-08,2026-08-02,,,,,A1D,3,404161724
2026-08-02,UDR,Cool Springs at Frisco Bridges,,Dallas,UDR-cool-springs-at-frisco-bridges-1br-775sqft-14086,1,1.0,775,1205.0,2026-08-25,13,True,hard,Save 6 WEEKS off rent!,months_free,1.3847,10.65,10.65,1076.65,https://www.udr.com/dallas-apartments/frisco/cool-springs-at-frisco-bridges/,2026-08-02,2026-08-02,,,,,A1D,4,404161724
2026-08-02,UDR,Cool Springs at Frisco Bridges,,Dallas,UDR-cool-springs-at-frisco-bridges-1br-775sqft-14095,1,1.0,775,1220.0,2026-08-28,13,True,hard,Save 6 WEEKS off rent!,months_free,1.3847,10.65,10.65,1090.05,https://www.udr.com/dallas-apartments/frisco/cool-springs-at-frisco-bridges/,2026-08-02,2026-08-02,,,,,A1D,4,404161724
2026-08-02,UDR,Cool Springs at Frisco Bridges,,Dallas,UDR-cool-springs-at-frisco-bridges-1br-775sqft-21006,1,1.0,775,1225.0,2026-08-11,13,True,hard,Save 6 WEEKS off rent!,months_free,1.3847,10.65,10.65,1094.52,https://www.udr.com/dallas-apartments/frisco/cool-springs-at-frisco-bridges/,2026-05-23,2026-08-02,,,,,A1D,1,404161724
2026-08-02,UDR,Cool Springs at Frisco Bridges,,Dallas,UDR-cool-springs-at-frisco-bridges-1br-775sqft-21027,1,1.0,775,1151.0,2026-09-08,12,True,hard,Save 6 WEEKS off rent!,months_free,1.3847,11.54,11.54,1018.18,https://www.udr.com/dallas-apartments/frisco/cool-springs-at-frisco-bridges/,2026-07-19,2026-08-02,,,,,A1D,1,404161724
2026-08-02,UDR,Cool Springs at Frisco Bridges,,Dallas,UDR-cool-springs-at-frisco-bridges-1br-775sqft-21046,1,1.0,775,1278.0,2026-09-29,12,True,hard,Save 6 WEEKS off rent!,months_free,1.3847,11.54,11.54,1130.53,https://www.udr.com/dallas-apartments/frisco/cool-springs-at-frisco-bridges/,2026-08-02,2026-08-02,,,,,A1D,1,404161724
2026-08-02,UDR,Cool Springs at Frisco Bridges,,Dallas,UDR-cool-springs-at-frisco-bridges-1br-775sqft-22005,1,1.0,775,1185.0,2026-08-26,13,True,hard,Save 6 WEEKS off rent!,months_free,1.3847,10.65,10.65,1058.78,https://www.udr.com/dallas-apartments/frisco/cool-springs-at-frisco-bridges/,2026-06-22,2026-08-02,,,,,A1D,2,404161724
2026-08-02,UDR,Cool Springs at Frisco Bridges,,Dallas,UDR-cool-springs-at-frisco-bridges-1br-775sqft-23015,1,1.0,775,1287.0,2026-09-15,12,True,hard,Save 6 WEEKS off rent!,months_free,1.3847,11.54,11.54,1138.49,https://www.udr.com/dallas-apartments/frisco/cool-springs-at-frisco-bridges/,2026-07-19,2026-08-02,,,,,A1D,3,404161724
2026-08-02,UDR,Cool Springs at Frisco Bridges,,Dallas,UDR-cool-springs-at-frisco-bridges-1br-775sqft-24035,1,1.0,775,1245.0,2026-09-26,13,True,hard,Save 6 WEEKS off rent!,months_free,1.3847,10.65,10.65,1112.39,https://www.udr.com/dallas-apartments/frisco/cool-springs-at-frisco-bridges/,2026-08-02,2026-08-02,,,,,A1D,4,404161724
2026-08-02,UDR,Cool Springs at Frisco Bridges,,Dallas,UDR-cool-springs-at-frisco-bridges-1br-775sqft-24065,1,1.0,775,1250.0,2026-10-03,13,True,hard,Save 6 WEEKS off rent!,months_free,1.3847,10.65,10.65,1116.86,https://www.udr.com/dallas-apartments/frisco/cool-springs-at-frisco-bridges/,2026-07-19,2026-08-02,,,,,A1D,4,404161724
2026-08-02,UDR,Cool Springs at Frisco Bridges,,Dallas,UDR-cool-springs-at-frisco-bridges-1br-775sqft-1450,1,1.0,775,1220.0,2026-09-08,12,True,hard,Save 6 WEEKS off rent!,months_free,1.3847,11.54,11.54,1079.22,https://www.udr.com/dallas-apartments/frisco/cool-springs-at-frisco-bridges/,2026-07-19,2026-08-02,,,,,A1D,4,404161724
2026-08-02,UDR,Cool Springs at Frisco Bridges,,Dallas,UDR-cool-springs-at-frisco-bridges-1br-775sqft-11042,1,1.0,775,1310.0,2026-09-15,12,True,hard,Save 6 WEEKS off rent!,months_free,1.3847,11.54,11.54,1158.84,https://www.udr.com/dallas-apartments/frisco/cool-springs-at-frisco-bridges/,2026-07-19,2026-08-02,,,,,A1E,1,404161724
2026-08-02,UDR,Cool Springs at Frisco Bridges,,Dallas,UDR-cool-springs-at-frisco-bridges-1br-775sqft-11096,1,1.0,775,1194.0,2026-08-13,13,True,hard,Save 6 WEEKS off rent!,months_free,1.3847,10.65,10.65,1066.82,https://www.udr.com/dallas-apartments/frisco/cool-springs-at-frisco-bridges/,2026-06-13,2026-08-02,,,,,A1E,1,404161724
2026-08-02,UDR,Cool Springs at Frisco Bridges,,Dallas,UDR-cool-springs-at-frisco-bridges-1br-775sqft-12019,1,1.0,775,1260.0,2026-09-15,12,True,hard,Save 6 WEEKS off rent!,months_free,1.3847,11.54,11.54,1114.61,https://www.udr.com/dallas-apartments/frisco/cool-springs-at-frisco-bridges/,2026-07-19,2026-08-02,,,,,A1E,2,404161724
2026-08-02,UDR,Cool Springs at Frisco Bridges,,Dallas,UDR-cool-springs-at-frisco-bridges-1br-775sqft-13041,1,1.0,775,1200.0,2026-09-12,12,True,hard,Save 6 WEEKS off rent!,months_free,1.3847,11.54,11.54,1061.53,https://www.udr.com/dallas-apartments/frisco/cool-springs-at-frisco-bridges/,2026-08-02,2026-08-02,,,,,A1E,3,404161724
2026-08-02,UDR,Cool Springs at Frisco Bridges,,Dallas,UDR-cool-springs-at-frisco-bridges-1br-775sqft-13047,1,1.0,775,1220.0,2026-08-25,13,True,hard,Save 6 WEEKS off rent!,months_free,1.3847,10.65,10.65,1090.05,https://www.udr.com/dallas-apartments/frisco/cool-springs-at-frisco-bridges/,2026-06-08,2026-08-02,,,,,A1E,3,404161724
2026-08-02,UDR,Cool Springs at Frisco Bridges,,Dallas,UDR-cool-springs-at-frisco-bridges-1br-775sqft-14041,1,1.0,775,1278.0,2026-09-15,12,True,hard,Save 6 WEEKS off rent!,months_free,1.3847,11.54,11.54,1130.53,https://www.udr.com/dallas-apartments/frisco/cool-springs-at-frisco-bridges/,2026-07-19,2026-08-02,,,,,A1E,4,404161724
2026-08-02,UDR,Cool Springs at Frisco Bridges,,Dallas,UDR-cool-springs-at-frisco-bridges-1br-775sqft-1218,1,1.0,775,1263.0,2026-10-20,13,True,hard,Save 6 WEEKS off rent!,months_free,1.3847,10.65,10.65,1128.47,https://www.udr.com/dallas-apartments/frisco/cool-springs-at-frisco-bridges/,2026-07-19,2026-08-02,,,,,A1E,2,404161724
2026-08-02,UDR,Cool Springs at Frisco Bridges,,Dallas,UDR-cool-springs-at-frisco-bridges-1br-900sqft-11034,1,1.0,900,1480.0,2026-08-03,13,True,hard,Save 6 WEEKS off rent!,months_free,1.3847,10.65,10.65,1322.36,https://www.udr.com/dallas-apartments/frisco/cool-springs-at-frisco-bridges/,2026-05-23,2026-08-02,,,,,A1G,1,404161724
2026-08-02,UDR,Cool Springs at Frisco Bridges,,Dallas,UDR-cool-springs-at-frisco-bridges-1br-900sqft-14082,1,1.0,900,1353.0,2026-08-04,13,True,hard,Save 6 WEEKS off rent!,months_free,1.3847,10.65,10.65,1208.88,https://www.udr.com/dallas-apartments/frisco/cool-springs-at-frisco-bridges/,2026-07-19,2026-08-02,,,,,A1G,4,404161724
2026-08-02,UDR,Cool Springs at Frisco Bridges,,Dallas,UDR-cool-springs-at-frisco-bridges-1br-900sqft-21022,1,1.0,900,1437.0,2026-08-07,13,True,hard,Save 6 WEEKS off rent!,months_free,1.3847,10.65,10.65,1283.94,https://www.udr.com/dallas-apartments/frisco/cool-springs-at-frisco-bridges/,2026-08-02,2026-08-02,,,,,A1G,1,404161724
2026-08-02,UDR,Cool Springs at Frisco Bridges,,Dallas,UDR-cool-springs-at-frisco-bridges-1br-900sqft-23042,1,1.0,900,1318.0,2026-09-02,12,True,hard,Save 6 WEEKS off rent!,months_free,1.3847,11.54,11.54,1165.91,https://www.udr.com/dallas-apartments/frisco/cool-springs-at-frisco-bridges/,2026-07-19,2026-08-02,,,,,A1G,3,404161724
2026-08-02,UDR,Cool Springs at Frisco Bridges,,Dallas,UDR-cool-springs-at-frisco-bridges-1br-900sqft-24042,1,1.0,900,1472.0,2026-10-03,13,True,hard,Save 6 WEEKS off rent!,months_free,1.3847,10.65,10.65,1315.21,https://www.udr.com/dallas-apartments/frisco/cool-springs-at-frisco-bridges/,2026-08-02,2026-08-02,,,,,A1G,4,404161724
2026-08-02,UDR,Cool Springs at Frisco Bridges,,Dallas,UDR-cool-springs-at-frisco-bridges-1br-900sqft-1351,1,1.0,900,1435.0,2026-09-15,12,True,hard,Save 6 WEEKS off rent!,months_free,1.3847,11.54,11.54,1269.41,https://www.udr.com/dallas-apartments/frisco/cool-springs-at-frisco-bridges/,2026-07-19,2026-08-02,,,,,A1G,3,404161724
2026-08-02,UDR,Cool Springs at Frisco Bridges,,Dallas,UDR-cool-springs-at-frisco-bridges-1br-900sqft-1405,1,1.0,900,1438.0,2026-08-15,13,True,hard,Save 6 WEEKS off rent!,months_free,1.3847,10.65,10.65,1284.83,https://www.udr.com/dallas-apartments/frisco/cool-springs-at-frisco-bridges/,2026-07-19,2026-08-02,,,,,A1G,4,404161724
2026-08-02,UDR,Cool Springs at Frisco Bridges,,Dallas,UDR-cool-springs-at-frisco-bridges-2br-1125sqft-11084,2,2.0,1125,1725.0,2026-09-15,12,True,hard,Save 6 WEEKS off rent!,months_free,1.3847,11.54,11.54,1525.95,https://www.udr.com/dallas-apartments/frisco/cool-springs-at-frisco-bridges/,2026-07-19,2026-08-02,,,,,B2A,1,404161724
2026-08-02,UDR,Cool Springs at Frisco Bridges,,Dallas,UDR-cool-springs-at-frisco-bridges-2br-1125sqft-14003,2,2.0,1125,1710.0,2026-08-11,13,True,hard,Save 6 WEEKS off rent!,months_free,1.3847,10.65,10.65,1527.86,https://www.udr.com/dallas-apartments/frisco/cool-springs-at-frisco-bridges/,2026-05-25,2026-08-02,,,,,B2A,4,404161724
2026-08-02,UDR,Cool Springs at Frisco Bridges,,Dallas,UDR-cool-springs-at-frisco-bridges-2br-1125sqft-14059,2,2.0,1125,1703.0,2026-08-03,13,True,hard,Save 6 WEEKS off rent!,months_free,1.3847,10.65,10.65,1521.6,https://www.udr.com/dallas-apartments/frisco/cool-springs-at-frisco-bridges/,2026-05-09,2026-08-02,,,,,B2A,4,404161724
2026-08-02,UDR,Cool Springs at Frisco Bridges,,Dallas,UDR-cool-springs-at-frisco-bridges-2br-1125sqft-14081,2,2.0,1125,1713.0,2026-08-03,13,True,hard,Save 6 WEEKS off rent!,months_free,1.3847,10.65,10.65,1530.54,https://www.udr.com/dallas-apartments/frisco/cool-springs-at-frisco-bridges/,2026-07-19,2026-08-02,,,,,B2A,4,404161724
2026-08-02,UDR,Cool Springs at Frisco Bridges,,Dallas,UDR-cool-springs-at-frisco-bridges-2br-1125sqft-22023,2,2.0,1125,1665.0,2026-08-18,13,True,hard,Save 6 WEEKS off rent!,months_free,1.3847,10.65,10.65,1487.65,https://www.udr.com/dallas-apartments/frisco/cool-springs-at-frisco-bridges/,2026-04-04,2026-08-02,,,,,B2A,2,404161724
2026-08-02,UDR,Cool Springs at Frisco Bridges,,Dallas,UDR-cool-springs-at-frisco-bridges-2br-1125sqft-23002,2,2.0,1125,1591.0,2026-09-19,12,True,hard,Save 6 WEEKS off rent!,months_free,1.3847,11.54,11.54,1407.41,https://www.udr.com/dallas-apartments/frisco/cool-springs-at-frisco-bridges/,2026-07-19,2026-08-02,,,,,B2A,3,404161724
2026-08-02,UDR,Cool Springs at Frisco Bridges,,Dallas,UDR-cool-springs-at-frisco-bridges-2br-1125sqft-23023,2,2.0,1125,1720.0,2026-09-22,12,True,hard,Save 6 WEEKS off rent!,months_free,1.3847,11.54,11.54,1521.53,https://www.udr.com/dallas-apartments/frisco/cool-springs-at-frisco-bridges/,2026-07-19,2026-08-02,,,,,B2A,3,404161724
2026-08-02,UDR,Cool Springs at Frisco Bridges,,Dallas,UDR-cool-springs-at-frisco-bridges-2br-1125sqft-23049,2,2.0,1125,1720.0,2026-10-06,12,True,hard,Save 6 WEEKS off rent!,months_free,1.3847,11.54,11.54,1521.53,https://www.udr.com/dallas-apartments/frisco/cool-springs-at-frisco-bridges/,2026-08-02,2026-08-02,,,,,B2A,3,404161724
2026-08-02,UDR,Cool Springs at Frisco Bridges,,Dallas,UDR-cool-springs-at-frisco-bridges-2br-1125sqft-24023,2,2.0,1125,1710.0,2026-08-22,13,True,hard,Save 6 WEEKS off rent!,months_free,1.3847,10.65,10.65,1527.86,https://www.udr.com/dallas-apartments/frisco/cool-springs-at-frisco-bridges/,2026-07-19,2026-08-02,,,,,B2A,4,404161724
2026-08-02,UDR,Cool Springs at Frisco Bridges,,Dallas,UDR-cool-springs-at-frisco-bridges-2br-1125sqft-1166,2,2.0,1125,1695.0,2026-09-08,12,True,hard,Save 6 WEEKS off rent!,months_free,1.3847,11.54,11.54,1499.41,https://www.udr.com/dallas-apartments/frisco/cool-springs-at-frisco-bridges/,2026-07-19,2026-08-02,,,,,B2B,1,404161724
2026-08-02,UDR,Cool Springs at Frisco Bridges,,Dallas,UDR-cool-springs-at-frisco-bridges-2br-1125sqft-1425,2,2.0,1125,1700.0,2026-08-04,13,True,hard,Save 6 WEEKS off rent!,months_free,1.3847,10.65,10.65,1518.92,https://www.udr.com/dallas-apartments/frisco/cool-springs-at-frisco-bridges/,2026-05-09,2026-08-02,,,,,B2B,4,404161724
2026-08-02,UDR,Cool Springs at Frisco Bridges,,Dallas,UDR-cool-springs-at-frisco-bridges-2br-1275sqft-11083,2,2.0,1275,2054.0,2026-10-24,14,True,hard,Save 6 WEEKS off rent!,months_free,1.3847,9.89,9.89,1850.84,https://www.udr.com/dallas-apartments/frisco/cool-springs-at-frisco-bridges/,2026-08-02,2026-08-02,,,,,B2C,1,404161724
2026-08-02,UDR,Cool Springs at Frisco Bridges,,Dallas,UDR-cool-springs-at-frisco-bridges-2br-1275sqft-12033,2,2.0,1275,1987.0,2026-08-28,14,True,hard,Save 6 WEEKS off rent!,months_free,1.3847,9.89,9.89,1790.47,https://www.udr.com/dallas-apartments/frisco/cool-springs-at-frisco-bridges/,2026-04-04,2026-08-02,,,,,B2C,2,404161724
2026-08-02,UDR,Cool Springs at Frisco Bridges,,Dallas,UDR-cool-springs-at-frisco-bridges-2br-1275sqft-13033,2,2.0,1275,2024.0,2026-08-20,14,True,hard,Save 6 WEEKS off rent!,months_free,1.3847,9.89,9.89,1823.81,https://www.udr.com/dallas-apartments/frisco/cool-springs-at-frisco-bridges/,2026-04-04,2026-08-02,,,,,B2C,3,404161724
2026-08-02,UDR,Cool Springs at Frisco Bridges,,Dallas,UDR-cool-springs-at-frisco-bridges-2br-1275sqft-14053,2,2.0,1275,2049.0,2026-08-18,14,True,hard,Save 6 WEEKS off rent!,months_free,1.3847,9.89,9.89,1846.34,https://www.udr.com/dallas-apartments/frisco/cool-springs-at-frisco-bridges/,2026-04-04,2026-08-02,,,,,B2C,4,404161724
2026-08-02,UDR,Cool Springs at Frisco Bridges,,Dallas,UDR-cool-springs-at-frisco-bridges-2br-1275sqft-22043,2,2.0,1275,1982.0,2026-08-03,14,True,hard,Save 6 WEEKS off rent!,months_free,1.3847,9.89,9.89,1785.97,https://www.udr.com/dallas-apartments/frisco/cool-springs-at-frisco-bridges/,2026-05-03,2026-08-02,,,,,B2C,2,404161724
2026-08-02,UDR,Cool Springs at Frisco Bridges,,Dallas,UDR-cool-springs-at-frisco-bridges-2br-1275sqft-22051,2,2.0,1275,2059.0,2026-09-29,14,True,hard,Save 6 WEEKS off rent!,months_free,1.3847,9.89,9.89,1855.35,https://www.udr.com/dallas-apartments/frisco/cool-springs-at-frisco-bridges/,2026-08-02,2026-08-02,,,,,B2C,2,404161724
2026-08-02,UDR,Cool Springs at Frisco Bridges,,Dallas,UDR-cool-springs-at-frisco-bridges-2br-1275sqft-24043,2,2.0,1275,1951.0,2026-08-03,14,True,hard,Save 6 WEEKS off rent!,months_free,1.3847,9.89,9.89,1758.03,https://www.udr.com/dallas-apartments/frisco/cool-springs-at-frisco-bridges/,2026-04-04,2026-08-02,,,,,B2C,4,404161724
2026-08-02,UDR,Cool Springs at Frisco Bridges,,Dallas,UDR-cool-springs-at-frisco-bridges-2br-1275sqft-1360,2,2.0,1275,2059.0,2026-09-26,14,True,hard,Save 6 WEEKS off rent!,months_free,1.3847,9.89,9.89,1855.35,https://www.udr.com/dallas-apartments/frisco/cool-springs-at-frisco-bridges/,2026-07-19,2026-08-02,,,,,B2C,3,404161724
2026-08-02,UDR,Crown Pointe,,Seattle,UDR-crown-pointe-1br-533sqft-F205,1,1.0,533,1591.0,2026-08-03,14,True,hard,Save $500 off rent! Applies to first full month's rent only. Move in by 08/15/2026. *Select apartments,dollar_off,500.0,2.24,,1555.29,https://www.udr.com/seattle-apartments/renton/crown-pointe/,2026-06-22,2026-08-02,,,,,Plan A1A,2,11612
2026-08-02,UDR,Crown Pointe,,Seattle,UDR-crown-pointe-1br-533sqft-F206,1,1.0,533,1388.0,2026-08-12,14,True,hard,Save $500 off rent! Applies to first full month's rent only. Move in by 08/15/2026. *Select apartments,dollar_off,500.0,2.57,,1352.29,https://www.udr.com/seattle-apartments/renton/crown-pointe/,2026-08-02,2026-08-02,,,,,Plan A1A,2,11612
2026-08-02,UDR,Crown Pointe,,Seattle,UDR-crown-pointe-1br-652sqft-C103,1,1.0,652,1576.0,2026-08-18,14,True,hard,Save $500 off rent! Applies to first full month's rent only. Move in by 08/15/2026. *Select apartments,dollar_off,500.0,2.27,,1540.29,https://www.udr.com/seattle-apartments/renton/crown-pointe/,2026-07-19,2026-08-02,,,,,Plan A1B,1,11612
2026-08-02,UDR,Crown Pointe,,Seattle,UDR-crown-pointe-1br-652sqft-C106,1,1.0,652,1907.0,2026-09-19,14,True,hard,Save $500 off rent! Applies to first full month's rent only. Move in by 08/15/2026. *Select apartments,dollar_off,500.0,1.87,,1871.29,https://www.udr.com/seattle-apartments/renton/crown-pointe/,2026-08-02,2026-08-02,,,,,Plan A1B,1,11612
2026-08-02,UDR,Crown Pointe,,Seattle,UDR-crown-pointe-1br-652sqft-C301,1,1.0,652,1571.0,2026-08-03,14,True,hard,Save $500 off rent! Applies to first full month's rent only. Move in by 08/15/2026. *Select apartments,dollar_off,500.0,2.27,,1535.29,https://www.udr.com/seattle-apartments/renton/crown-pointe/,2026-07-19,2026-08-02,,,,,Plan A1B,3,11612
2026-08-02,UDR,Crown Pointe,,Seattle,UDR-crown-pointe-1br-652sqft-F108,1,1.0,652,1574.0,2026-08-14,14,True,hard,Save $500 off rent! Applies to first full month's rent only. Move in by 08/15/2026. *Select apartments,dollar_off,500.0,2.27,,1538.29,https://www.udr.com/seattle-apartments/renton/crown-pointe/,2026-04-04,2026-08-02,,,,,Plan A1B,1,11612
2026-08-02,UDR,Crown Pointe,,Seattle,UDR-crown-pointe-1br-652sqft-F302,1,1.0,652,1426.0,2026-08-18,14,True,hard,Save $500 off rent! Applies to first full month's rent only. Move in by 08/15/2026. *Select apartments,dollar_off,500.0,2.5,,1390.29,https://www.udr.com/seattle-apartments/renton/crown-pointe/,2026-04-04,2026-08-02,,,,,Plan A1B,3,11612
2026-08-02,UDR,Crown Pointe,,Seattle,UDR-crown-pointe-2br-850sqft-E104,2,1.0,850,1927.0,2026-08-28,14,True,hard,Save $500 off rent! Applies to first full month's rent only. Move in by 08/15/2026. *Select apartments,dollar_off,500.0,1.85,,1891.29,https://www.udr.com/seattle-apartments/renton/crown-pointe/,2026-08-02,2026-08-02,,,,,Plan B1,1,11612
2026-08-02,UDR,Crown Pointe,,Seattle,UDR-crown-pointe-2br-869sqft-F201,2,2.0,869,2012.0,2026-09-22,14,True,hard,Save $500 off rent! Applies to first full month's rent only. Move in by 08/15/2026. *Select apartments,dollar_off,500.0,1.78,,1976.29,https://www.udr.com/seattle-apartments/renton/crown-pointe/,2026-07-19,2026-08-02,,,,,Plan B2,2,11612
2026-08-02,UDR,Crown Pointe,,Seattle,UDR-crown-pointe-2br-869sqft-G201,2,2.0,869,2022.0,2026-09-18,14,True,hard,Save $500 off rent! Applies to first full month's rent only. Move in by 08/15/2026. *Select apartments,dollar_off,500.0,1.77,,1986.29,https://www.udr.com/seattle-apartments/renton/crown-pointe/,2026-06-22,2026-08-02,,,,,Plan B2,2,11612
2026-08-02,UDR,Crown Pointe,,Seattle,UDR-crown-pointe-2br-869sqft-H303,2,2.0,869,1907.0,2026-08-21,14,True,hard,Save $500 off rent! Applies to first full month's rent only. Move in by 08/15/2026. *Select apartments,dollar_off,500.0,1.87,,1871.29,https://www.udr.com/seattle-apartments/renton/crown-pointe/,2026-08-02,2026-08-02,,,,,Plan B2,3,11612
2026-08-02,UDR,Crown Pointe,,Seattle,UDR-crown-pointe-2br-869sqft-J205,2,2.0,869,1965.0,2026-08-07,14,True,hard,Save $500 off rent! Applies to first full month's rent only. Move in by 08/15/2026. *Select apartments,dollar_off,500.0,1.82,,1929.29,https://www.udr.com/seattle-apartments/renton/crown-pointe/,2026-08-02,2026-08-02,,,,,Plan B2,2,11612
2026-08-02,UDR,Currents on the Charles,,Boston,UDR-currents-on-the-charles-1br-757sqft-143,1,1.0,757,2776.0,2026-08-07,13,True,hard,Save 1 week off rent!,months_free,0.2308,1.78,1.78,2726.72,https://www.udr.com/boston-apartments/waltham/currents-on-the-charles/,2026-08-02,2026-08-02,,,,,One Bedroom A1C,1,206041840
2026-08-02,UDR,Currents on the Charles,,Boston,UDR-currents-on-the-charles-1br-774sqft-411,1,1.0,774,2848.0,2026-08-28,13,True,hard,Save 1 week off rent!,months_free,0.2308,1.78,1.78,2797.44,https://www.udr.com/boston-apartments/waltham/currents-on-the-charles/,2026-07-19,2026-08-02,,,,,One Bedroom A1D,4,206041840
2026-08-02,UDR,Currents on the Charles,,Boston,UDR-currents-on-the-charles-1br-781sqft-438,1,1.0,781,3198.0,2026-09-18,13,True,hard,Save 1 week off rent!,months_free,0.2308,1.78,1.78,3141.22,https://www.udr.com/boston-apartments/waltham/currents-on-the-charles/,2026-07-19,2026-08-02,,,,,One Bedroom A1E,4,206041840
2026-08-02,UDR,Currents on the Charles,,Boston,UDR-currents-on-the-charles-1br-830sqft-120,1,1.0,830,3001.0,2026-08-26,13,True,hard,Save 1 week off rent!,months_free,0.2308,1.78,1.78,2947.72,https://www.udr.com/boston-apartments/waltham/currents-on-the-charles/,2026-07-19,2026-08-02,,,,,One Bedroom A1F,1,206041840
2026-08-02,UDR,Currents on the Charles,,Boston,UDR-currents-on-the-charles-1br-861sqft-203,1,1.0,861,3091.0,2026-09-18,13,True,hard,Save 1 week off rent!,months_free,0.2308,1.78,1.78,3036.12,https://www.udr.com/boston-apartments/waltham/currents-on-the-charles/,2026-07-19,2026-08-02,,,,,One Bedroom A1GD,2,206041840
2026-08-02,UDR,Currents on the Charles,,Boston,UDR-currents-on-the-charles-1br-861sqft-225,1,1.0,861,3115.0,2026-08-15,13,True,hard,Save 1 week off rent!,months_free,0.2308,1.78,1.78,3059.7,https://www.udr.com/boston-apartments/waltham/currents-on-the-charles/,2026-04-12,2026-08-02,,,,,One Bedroom A1GD,2,206041840
2026-08-02,UDR,Currents on the Charles,,Boston,UDR-currents-on-the-charles-0br-609sqft-404,0,1.0,609,2643.0,2026-08-07,12,True,hard,Save 1 week off rent!,months_free,0.2308,1.92,1.92,2592.17,https://www.udr.com/boston-apartments/waltham/currents-on-the-charles/,2026-04-12,2026-08-02,,,,,Studio E1,4,206041840
2026-08-02,UDR,Currents on the Charles,,Boston,UDR-currents-on-the-charles-2br-1108sqft-320,2,2.0,1108,4068.0,2026-09-19,13,True,hard,Save 1 week off rent!,months_free,0.2308,1.78,1.78,3995.78,https://www.udr.com/boston-apartments/waltham/currents-on-the-charles/,2026-06-22,2026-08-02,,,,,Two Bedroom B2B,3,206041840
2026-08-02,UDR,Currents on the Charles,,Boston,UDR-currents-on-the-charles-2br-1204sqft-201,2,2.0,1204,3883.0,2026-10-02,13,True,hard,Save 1 week off rent!,months_free,0.2308,1.78,1.78,3814.06,https://www.udr.com/boston-apartments/waltham/currents-on-the-charles/,2026-08-02,2026-08-02,,,,,Two Bedroom B2C,2,206041840
2026-08-02,UDR,Currents on the Charles,,Boston,UDR-currents-on-the-charles-2br-1204sqft-263,2,2.0,1204,3629.0,2026-08-12,13,True,hard,Save 1 week off rent!,months_free,0.2308,1.78,1.78,3564.57,https://www.udr.com/boston-apartments/waltham/currents-on-the-charles/,2026-08-02,2026-08-02,,,,,Two Bedroom B2C,2,206041840
2026-08-02,UDR,Currents on the Charles,,Boston,UDR-currents-on-the-charles-2br-1204sqft-462,2,2.0,1204,3899.0,2026-09-25,13,True,hard,Save 1 week off rent!,months_free,0.2308,1.78,1.78,3829.78,https://www.udr.com/boston-apartments/waltham/currents-on-the-charles/,2026-07-19,2026-08-02,,,,,Two Bedroom B2C,4,206041840
2026-08-02,UDR,Delancey at Shirlington Village,,Washington DC,UDR-delancey-at-shirlington-village-1br-730sqft-0204,1,1.0,730,2276.0,2026-08-03,12,True,hard,Save up to 1 month off rent!,months_free,1.0,8.33,8.33,2086.33,https://www.udr.com/washington-dc-apartments/arlington/delancey-at-shirlington-village/,2026-05-30,2026-08-02,,,,,1 BEDROOM FLAT (A1J),2,27570
2026-08-02,UDR,Delancey at Shirlington Village,,Washington DC,UDR-delancey-at-shirlington-village-1br-888sqft-0206,1,1.5,888,2696.0,2026-08-14,12,True,hard,Save up to 1 month off rent!,months_free,1.0,8.33,8.33,2471.33,https://www.udr.com/washington-dc-apartments/arlington/delancey-at-shirlington-village/,2026-06-13,2026-08-02,,,,,1 BEDROOM LOFT (A1.5BL),2,27570
2026-08-02,UDR,Delancey at Shirlington Village,,Washington DC,UDR-delancey-at-shirlington-village-1br-888sqft-0211,1,1.5,888,2490.0,2026-08-03,12,True,hard,Save up to 1 month off rent!,months_free,1.0,8.33,8.33,2282.5,https://www.udr.com/washington-dc-apartments/arlington/delancey-at-shirlington-village/,2026-04-04,2026-08-02,,,,,1 BEDROOM LOFT (A1.5BL),2,27570
2026-08-02,UDR,Delancey at Shirlington Village,,Washington DC,UDR-delancey-at-shirlington-village-1br-654sqft-0509,1,1.0,654,2361.0,2026-09-15,13,True,hard,Save up to 1 month off rent!,months_free,1.0,7.69,7.69,2179.38,https://www.udr.com/washington-dc-apartments/arlington/delancey-at-shirlington-village/,2026-06-22,2026-08-02,,,,,1 BEDROOM TOWER (A1A),5,27570
2026-08-02,UDR,Delancey at Shirlington Village,,Washington DC,UDR-delancey-at-shirlington-village-1br-665sqft-1116,1,1.0,665,2269.0,2026-09-25,13,True,hard,Save up to 1 month off rent!,months_free,1.0,7.69,7.69,2094.46,https://www.udr.com/washington-dc-apartments/arlington/delancey-at-shirlington-village/,2026-08-02,2026-08-02,,,,,1 BEDROOM TOWER (A1C),11,27570
2026-08-02,UDR,Delancey at Shirlington Village,,Washington DC,UDR-delancey-at-shirlington-village-1br-676sqft-0409,1,1.0,676,2661.0,2026-09-18,13,True,hard,Save up to 1 month off rent!,months_free,1.0,7.69,7.69,2456.31,https://www.udr.com/washington-dc-apartments/arlington/delancey-at-shirlington-village/,2026-07-19,2026-08-02,,,,,1 BEDROOM TOWER (A1F),4,27570
2026-08-02,UDR,Delancey at Shirlington Village,,Washington DC,UDR-delancey-at-shirlington-village-1br-735sqft-0503,1,1.0,735,2280.0,2026-08-03,12,True,hard,Save up to 1 month off rent!,months_free,1.0,8.33,8.33,2090.0,https://www.udr.com/washington-dc-apartments/arlington/delancey-at-shirlington-village/,2026-05-23,2026-08-02,,,,,1 BEDROOM TOWER (A1M),5,27570
2026-08-02,UDR,Delancey at Shirlington Village,,Washington DC,UDR-delancey-at-shirlington-village-1br-735sqft-0603,1,1.0,735,2340.0,2026-09-15,13,True,hard,Save up to 1 month off rent!,months_free,1.0,7.69,7.69,2160.0,https://www.udr.com/washington-dc-apartments/arlington/delancey-at-shirlington-village/,2026-04-04,2026-08-02,,,,,1 BEDROOM TOWER (A1M),6,27570
2026-08-02,UDR,Delancey at Shirlington Village,,Washington DC,UDR-delancey-at-shirlington-village-1br-869sqft-1202,1,1.0,869,2499.0,2026-08-03,12,True,hard,Save up to 1 month off rent!,months_free,1.0,8.33,8.33,2290.75,https://www.udr.com/washington-dc-apartments/arlington/delancey-at-shirlington-village/,2026-05-16,2026-08-02,,,,,1 BEDROOM TOWER (A1OD),12,27570
2026-08-02,UDR,Delancey at Shirlington Village,,Washington DC,UDR-delancey-at-shirlington-village-2br-989sqft-0710,2,2.0,989,3219.0,2026-08-29,12,True,hard,Save up to 1 month off rent!,months_free,1.0,8.33,8.33,2950.75,https://www.udr.com/washington-dc-apartments/arlington/delancey-at-shirlington-village/,2026-07-19,2026-08-02,,,,,2 BEDROOM TOWER (B2A),7,27570
2026-08-02,UDR,Delancey at Shirlington Village,,Washington DC,UDR-delancey-at-shirlington-village-2br-989sqft-0810,2,2.0,989,3478.0,2026-09-19,13,True,hard,Save up to 1 month off rent!,months_free,1.0,7.69,7.69,3210.46,https://www.udr.com/washington-dc-apartments/arlington/delancey-at-shirlington-village/,2026-07-19,2026-08-02,,,,,2 BEDROOM TOWER (B2A),8,27570
2026-08-02,UDR,Delancey at Shirlington Village,,Washington DC,UDR-delancey-at-shirlington-village-2br-989sqft-0911,2,2.0,989,3139.0,2026-09-18,13,True,hard,Save up to 1 month off rent!,months_free,1.0,7.69,7.69,2897.54,https://www.udr.com/washington-dc-apartments/arlington/delancey-at-shirlington-village/,2026-07-19,2026-08-02,,,,,2 BEDROOM TOWER (B2A),9,27570
2026-08-02,UDR,Delancey at Shirlington Village,,Washington DC,UDR-delancey-at-shirlington-village-2br-989sqft-1011,2,2.0,989,3272.0,2026-09-12,13,True,hard,Save up to 1 month off rent!,months_free,1.0,7.69,7.69,3020.31,https://www.udr.com/washington-dc-apartments/arlington/delancey-at-shirlington-village/,2026-07-19,2026-08-02,,,,,2 BEDROOM TOWER (B2A),10,27570
2026-08-02,UDR,Delancey at Shirlington Village,,Washington DC,UDR-delancey-at-shirlington-village-2br-989sqft-1210,2,2.0,989,3300.0,2026-09-26,13,True,hard,Save up to 1 month off rent!,months_free,1.0,7.69,7.69,3046.15,https://www.udr.com/washington-dc-apartments/arlington/delancey-at-shirlington-village/,2026-07-19,2026-08-02,,,,,2 BEDROOM TOWER (B2A),12,27570
2026-08-02,UDR,Delancey at Shirlington Village,,Washington DC,UDR-delancey-at-shirlington-village-2br-1019sqft-1020,2,2.0,1019,3298.0,2026-09-15,13,True,hard,Save up to 1 month off rent!,months_free,1.0,7.69,7.69,3044.31,https://www.udr.com/washington-dc-apartments/arlington/delancey-at-shirlington-village/,2026-07-19,2026-08-02,,,,,2 BEDROOM TOWER (B2D),10,27570
2026-08-02,UDR,Delancey at Shirlington Village,,Washington DC,UDR-delancey-at-shirlington-village-2br-1019sqft-1220,2,2.0,1019,3325.0,2026-10-10,13,True,hard,Save up to 1 month off rent!,months_free,1.0,7.69,7.69,3069.23,https://www.udr.com/washington-dc-apartments/arlington/delancey-at-shirlington-village/,2026-08-02,2026-08-02,,,,,2 BEDROOM TOWER (B2D),12,27570
2026-08-02,UDR,Delancey at Shirlington Village,,Washington DC,UDR-delancey-at-shirlington-village-2br-1141sqft-0507,2,2.0,1141,3699.0,2026-08-03,12,True,hard,Save up to 1 month off rent!,months_free,1.0,8.33,8.33,3390.75,https://www.udr.com/washington-dc-apartments/arlington/delancey-at-shirlington-village/,2026-05-30,2026-08-02,,,,,2 BEDROOM TOWER (B2F),5,27570
2026-08-02,UDR,Delancey at Shirlington Village,,Washington DC,UDR-delancey-at-shirlington-village-1br-735sqft-0208,1,1.0,735,2497.0,2026-09-11,13,True,hard,Save up to 1 month off rent!,months_free,1.0,7.69,7.69,2304.92,https://www.udr.com/washington-dc-apartments/arlington/delancey-at-shirlington-village/,2026-07-19,2026-08-02,,,,,1 BEDROOM FLAT (A1L),2,27570
2026-08-02,UDR,Delancey at Shirlington Village,,Washington DC,UDR-delancey-at-shirlington-village-1br-918sqft-0518,1,2.0,918,2791.0,2026-08-14,12,True,hard,Save up to 1 month off rent!,months_free,1.0,8.33,8.33,2558.42,https://www.udr.com/washington-dc-apartments/arlington/delancey-at-shirlington-village/,2026-04-04,2026-08-02,,,,,1 BEDROOM TOWER (A2AD),5,27570
2026-08-02,UDR,Delancey at Shirlington Village,,Washington DC,UDR-delancey-at-shirlington-village-0br-568sqft-0515,0,1.0,568,2099.0,2026-08-29,13,True,hard,Save up to 1 month off rent!,months_free,1.0,7.69,7.69,1937.54,https://www.udr.com/washington-dc-apartments/arlington/delancey-at-shirlington-village/,2026-05-30,2026-08-02,,,,,STUDIO TOWER (E1D),5,27570
2026-08-02,UDR,Domain Brewers Hill,,Baltimore,UDR-domain-brewers-hill-1br-723sqft-214,1,1.0,723,1983.0,2026-09-18,14,True,soft,a month ago Nichelle was very helpful and kind during our visit. Domain Brewers Hill is a beautiful location.. very clean and the staff is friendly. Read Google Reviews,,,,,,https://www.udr.com/baltimore-apartments/canton/domain-brewers-hill/,2026-04-05,2026-08-02,,,,,Plan A (A1A),2,35032
2026-08-02,UDR,Domain Brewers Hill,,Baltimore,UDR-domain-brewers-hill-1br-723sqft-343,1,1.0,723,1996.0,2026-08-03,12,True,soft,a month ago Nichelle was very helpful and kind during our visit. Domain Brewers Hill is a beautiful location.. very clean and the staff is friendly. Read Google Reviews,,,,,,https://www.udr.com/baltimore-apartments/canton/domain-brewers-hill/,2026-04-19,2026-08-02,,,,,Plan A (A1A),3,35032
2026-08-02,UDR,Domain Brewers Hill,,Baltimore,UDR-domain-brewers-hill-1br-723sqft-442,1,1.0,723,1966.0,2026-09-15,14,True,soft,a month ago Nichelle was very helpful and kind during our visit. Domain Brewers Hill is a beautiful location.. very clean and the staff is friendly. Read Google Reviews,,,,,,https://www.udr.com/baltimore-apartments/canton/domain-brewers-hill/,2026-06-22,2026-08-02,,,,,Plan A (A1A),4,35032
2026-08-02,UDR,Domain Brewers Hill,,Baltimore,UDR-domain-brewers-hill-1br-723sqft-447,1,1.0,723,2058.0,2026-10-10,14,True,soft,a month ago Nichelle was very helpful and kind during our visit. Domain Brewers Hill is a beautiful location.. very clean and the staff is friendly. Read Google Reviews,,,,,,https://www.udr.com/baltimore-apartments/canton/domain-brewers-hill/,2026-08-02,2026-08-02,,,,,Plan A (A1A),4,35032
2026-08-02,UDR,Domain Brewers Hill,,Baltimore,UDR-domain-brewers-hill-1br-981sqft-305,1,1.0,981,2220.0,2026-08-03,12,True,soft,a month ago Nichelle was very helpful and kind during our visit. Domain Brewers Hill is a beautiful location.. very clean and the staff is friendly. Read Google Reviews,,,,,,https://www.udr.com/baltimore-apartments/canton/domain-brewers-hill/,2026-04-19,2026-08-02,,,,,Plan B (A1B),3,35032
2026-08-02,UDR,Domain Brewers Hill,,Baltimore,UDR-domain-brewers-hill-1br-981sqft-327,1,1.0,981,2130.0,2026-09-25,14,True,soft,a month ago Nichelle was very helpful and kind during our visit. Domain Brewers Hill is a beautiful location.. very clean and the staff is friendly. Read Google Reviews,,,,,,https://www.udr.com/baltimore-apartments/canton/domain-brewers-hill/,2026-08-02,2026-08-02,,,,,Plan B (A1B),3,35032
2026-08-02,UDR,Domain Brewers Hill,,Baltimore,UDR-domain-brewers-hill-1br-981sqft-331,1,1.0,981,2059.0,2026-09-04,12,True,soft,a month ago Nichelle was very helpful and kind during our visit. Domain Brewers Hill is a beautiful location.. very clean and the staff is friendly. Read Google Reviews,,,,,,https://www.udr.com/baltimore-apartments/canton/domain-brewers-hill/,2026-07-19,2026-08-02,,,,,Plan B (A1B),3,35032
2026-08-02,UDR,Domain Brewers Hill,,Baltimore,UDR-domain-brewers-hill-1br-981sqft-427,1,1.0,981,2144.0,2026-08-22,12,True,soft,a month ago Nichelle was very helpful and kind during our visit. Domain Brewers Hill is a beautiful location.. very clean and the staff is friendly. Read Google Reviews,,,,,,https://www.udr.com/baltimore-apartments/canton/domain-brewers-hill/,2026-06-22,2026-08-02,,,,,Plan B (A1B),4,35032
2026-08-02,UDR,Domain Brewers Hill,,Baltimore,UDR-domain-brewers-hill-1br-981sqft-429,1,1.0,981,2336.0,2026-08-25,12,True,soft,a month ago Nichelle was very helpful and kind during our visit. Domain Brewers Hill is a beautiful location.. very clean and the staff is friendly. Read Google Reviews,,,,,,https://www.udr.com/baltimore-apartments/canton/domain-brewers-hill/,2026-05-03,2026-08-02,,,,,Plan B (A1B),4,35032
2026-08-02,UDR,Domain Brewers Hill,,Baltimore,UDR-domain-brewers-hill-1br-981sqft-537,1,1.0,981,2327.0,2026-08-29,12,True,soft,a month ago Nichelle was very helpful and kind during our visit. Domain Brewers Hill is a beautiful location.. very clean and the staff is friendly. Read Google Reviews,,,,,,https://www.udr.com/baltimore-apartments/canton/domain-brewers-hill/,2026-06-08,2026-08-02,,,,,Plan B (A1B),5,35032
2026-08-02,UDR,Domain Brewers Hill,,Baltimore,UDR-domain-brewers-hill-2br-1276sqft-217,2,2.0,1276,2567.0,2026-10-16,13,True,soft,a month ago Nichelle was very helpful and kind during our visit. Domain Brewers Hill is a beautiful location.. very clean and the staff is friendly. Read Google Reviews,,,,,,https://www.udr.com/baltimore-apartments/canton/domain-brewers-hill/,2026-07-19,2026-08-02,,,,,Plan F (B2A),2,35032
2026-08-02,UDR,Domain Brewers Hill,,Baltimore,UDR-domain-brewers-hill-2br-1276sqft-541,2,2.0,1276,3050.0,2026-09-26,14,True,soft,a month ago Nichelle was very helpful and kind during our visit. Domain Brewers Hill is a beautiful location.. very clean and the staff is friendly. Read Google Reviews,,,,,,https://www.udr.com/baltimore-apartments/canton/domain-brewers-hill/,2026-08-02,2026-08-02,,,,,Plan F (B2A),5,35032
2026-08-02,UDR,Domain Brewers Hill,,Baltimore,UDR-domain-brewers-hill-2br-1317sqft-339,2,2.0,1317,2705.0,2026-09-16,14,True,soft,a month ago Nichelle was very helpful and kind during our visit. Domain Brewers Hill is a beautiful location.. very clean and the staff is friendly. Read Google Reviews,,,,,,https://www.udr.com/baltimore-apartments/canton/domain-brewers-hill/,2026-07-19,2026-08-02,,,,,Plan Fa (B2B),3,35032
2026-08-02,UDR,Domain Brewers Hill,,Baltimore,UDR-domain-brewers-hill-2br-1317sqft-551,2,2.0,1317,3014.0,2026-10-09,13,True,soft,a month ago Nichelle was very helpful and kind during our visit. Domain Brewers Hill is a beautiful location.. very clean and the staff is friendly. Read Google Reviews,,,,,,https://www.udr.com/baltimore-apartments/canton/domain-brewers-hill/,2026-08-02,2026-08-02,,,,,Plan Fa (B2B),5,35032
2026-08-02,UDR,Domain Brewers Hill,,Baltimore,UDR-domain-brewers-hill-2br-1447sqft-340,2,2.0,1447,2667.0,2026-08-29,12,True,soft,a month ago Nichelle was very helpful and kind during our visit. Domain Brewers Hill is a beautiful location.. very clean and the staff is friendly. Read Google Reviews,,,,,,https://www.udr.com/baltimore-apartments/canton/domain-brewers-hill/,2026-08-02,2026-08-02,,,,,Plan H (B2D),3,35032
2026-08-02,UDR,Domain Brewers Hill,,Baltimore,UDR-domain-brewers-hill-2br-1447sqft-344,2,2.0,1447,2844.0,2026-09-08,14,True,soft,a month ago Nichelle was very helpful and kind during our visit. Domain Brewers Hill is a beautiful location.. very clean and the staff is friendly. Read Google Reviews,,,,,,https://www.udr.com/baltimore-apartments/canton/domain-brewers-hill/,2026-05-16,2026-08-02,,,,,Plan H (B2D),3,35032
2026-08-02,UDR,Domain Brewers Hill,,Baltimore,UDR-domain-brewers-hill-2br-1447sqft-444,2,2.0,1447,2882.0,2026-09-11,14,True,soft,a month ago Nichelle was very helpful and kind during our visit. Domain Brewers Hill is a beautiful location.. very clean and the staff is friendly. Read Google Reviews,,,,,,https://www.udr.com/baltimore-apartments/canton/domain-brewers-hill/,2026-05-09,2026-08-02,,,,,Plan H (B2D),4,35032
2026-08-02,UDR,Domain Brewers Hill,,Baltimore,UDR-domain-brewers-hill-2br-1447sqft-445,2,2.0,1447,3048.0,2026-11-03,12,True,soft,a month ago Nichelle was very helpful and kind during our visit. Domain Brewers Hill is a beautiful location.. very clean and the staff is friendly. Read Google Reviews,,,,,,https://www.udr.com/baltimore-apartments/canton/domain-brewers-hill/,2026-07-19,2026-08-02,,,,,Plan H (B2D),4,35032
2026-08-02,UDR,Domain College Park,,Washington DC,UDR-domain-college-park-1br-633sqft-275,1,1.0,633,1796.0,2026-08-03,13,True,hard,Save two months off rent! Applies to first full month's rent only. Save $26 off your first parking space for your initial lease. Apply by 08/04/2026. Minimum 11 month lease term required. *Select apartments,months_free,2.0,15.38,15.38,1519.69,https://www.udr.com/washington-dc-apartments/college-park/domain-college-park/,2026-04-04,2026-08-02,,,,,One Bedroom A1A,2,45950
2026-08-02,UDR,Domain College Park,,Washington DC,UDR-domain-college-park-1br-735sqft-239,1,1.0,735,1698.0,2026-09-05,12,True,hard,Save two months off rent! Applies to first full month's rent only. Save $26 off your first parking space for your initial lease. Apply by 08/04/2026. Minimum 11 month lease term required. *Select apartments,months_free,2.0,16.67,16.67,1415.0,https://www.udr.com/washington-dc-apartments/college-park/domain-college-park/,2026-05-30,2026-08-02,,,,,One Bedroom A1B,2,45950
2026-08-02,UDR,Domain College Park,,Washington DC,UDR-domain-college-park-1br-735sqft-323,1,1.0,735,1748.0,2026-10-30,13,True,hard,Save two months off rent! Applies to first full month's rent only. Save $26 off your first parking space for your initial lease. Apply by 08/04/2026. Minimum 11 month lease term required. *Select apartments,months_free,2.0,15.38,15.38,1479.08,https://www.udr.com/washington-dc-apartments/college-park/domain-college-park/,2026-07-19,2026-08-02,,,,,One Bedroom A1B,3,45950
2026-08-02,UDR,Domain College Park,,Washington DC,UDR-domain-college-park-1br-739sqft-429,1,1.0,739,1860.0,2026-08-29,13,True,hard,Save two months off rent! Applies to first full month's rent only. Save $26 off your first parking space for your initial lease. Apply by 08/04/2026. Minimum 11 month lease term required. *Select apartments,months_free,2.0,15.38,15.38,1573.85,https://www.udr.com/washington-dc-apartments/college-park/domain-college-park/,2026-05-23,2026-08-02,,,,,One Bedroom A1B,4,45950
2026-08-02,UDR,Domain College Park,,Washington DC,UDR-domain-college-park-1br-960sqft-126,1,1.0,960,1950.0,2026-08-03,13,True,hard,Save two months off rent! Applies to first full month's rent only. Save $26 off your first parking space for your initial lease. Apply by 08/04/2026. Minimum 11 month lease term required. *Select apartments,months_free,2.0,15.38,15.38,1650.0,https://www.udr.com/washington-dc-apartments/college-park/domain-college-park/,2026-04-04,2026-08-02,,,,,One Bedroom A1E,1,45950
2026-08-02,UDR,Domain College Park,,Washington DC,UDR-domain-college-park-1br-940sqft-128,1,1.0,940,1946.0,2026-09-26,13,True,hard,Save two months off rent! Applies to first full month's rent only. Save $26 off your first parking space for your initial lease. Apply by 08/04/2026. Minimum 11 month lease term required. *Select apartments,months_free,2.0,15.38,15.38,1646.62,https://www.udr.com/washington-dc-apartments/college-park/domain-college-park/,2026-06-22,2026-08-02,,,,,One Bedroom A1E,1,45950
2026-08-02,UDR,Domain College Park,,Washington DC,UDR-domain-college-park-1br-925sqft-131,1,1.0,925,1945.0,2026-09-15,12,True,hard,Save two months off rent! Applies to first full month's rent only. Save $26 off your first parking space for your initial lease. Apply by 08/04/2026. Minimum 11 month lease term required. *Select apartments,months_free,2.0,16.67,16.67,1620.83,https://www.udr.com/washington-dc-apartments/college-park/domain-college-park/,2026-06-13,2026-08-02,,,,,One Bedroom A1E,1,45950
2026-08-02,UDR,Domain College Park,,Washington DC,UDR-domain-college-park-1br-960sqft-132,1,1.0,960,1933.0,2026-08-08,13,True,hard,Save two months off rent! Applies to first full month's rent only. Save $26 off your first parking space for your initial lease. Apply by 08/04/2026. Minimum 11 month lease term required. *Select apartments,months_free,2.0,15.38,15.38,1635.62,https://www.udr.com/washington-dc-apartments/college-park/domain-college-park/,2026-07-19,2026-08-02,,,,,One Bedroom A1E,1,45950
2026-08-02,UDR,Domain College Park,,Washington DC,UDR-domain-college-park-1br-910sqft-163,1,1.0,910,1925.0,2026-09-16,12,True,hard,Save two months off rent! Applies to first full month's rent only. Save $26 off your first parking space for your initial lease. Apply by 08/04/2026. Minimum 11 month lease term required. *Select apartments,months_free,2.0,16.67,16.67,1604.17,https://www.udr.com/washington-dc-apartments/college-park/domain-college-park/,2026-06-08,2026-08-02,,,,,One Bedroom A1E,1,45950
2026-08-02,UDR,Domain College Park,,Washington DC,UDR-domain-college-park-1br-931sqft-166,1,1.0,931,1973.0,2026-08-03,13,True,hard,Save two months off rent! Applies to first full month's rent only. Save $26 off your first parking space for your initial lease. Apply by 08/04/2026. Minimum 11 month lease term required. *Select apartments,months_free,2.0,15.38,15.38,1669.46,https://www.udr.com/washington-dc-apartments/college-park/domain-college-park/,2026-04-04,2026-08-02,,,,,One Bedroom A1E,1,45950
2026-08-02,UDR,Domain College Park,,Washington DC,UDR-domain-college-park-1br-920sqft-179,1,1.0,920,1938.0,2026-08-03,13,True,hard,Save two months off rent! Applies to first full month's rent only. Save $26 off your first parking space for your initial lease. Apply by 08/04/2026. Minimum 11 month lease term required. *Select apartments,months_free,2.0,15.38,15.38,1639.85,https://www.udr.com/washington-dc-apartments/college-park/domain-college-park/,2026-04-12,2026-08-02,,,,,One Bedroom A1E,1,45950
2026-08-02,UDR,Domain College Park,,Washington DC,UDR-domain-college-park-1br-945sqft-245,1,1.0,945,1943.0,2026-08-03,13,True,hard,Save two months off rent! Applies to first full month's rent only. Save $26 off your first parking space for your initial lease. Apply by 08/04/2026. Minimum 11 month lease term required. *Select apartments,months_free,2.0,15.38,15.38,1644.08,https://www.udr.com/washington-dc-apartments/college-park/domain-college-park/,2026-04-04,2026-08-02,,,,,One Bedroom A1E,2,45950
2026-08-02,UDR,Domain College Park,,Washington DC,UDR-domain-college-park-1br-960sqft-468,1,1.0,960,2028.0,2026-08-03,13,True,hard,Save two months off rent! Applies to first full month's rent only. Save $26 off your first parking space for your initial lease. Apply by 08/04/2026. Minimum 11 month lease term required. *Select apartments,months_free,2.0,15.38,15.38,1716.0,https://www.udr.com/washington-dc-apartments/college-park/domain-college-park/,2026-04-12,2026-08-02,,,,,One Bedroom A1E,4,45950
2026-08-02,UDR,Domain College Park,,Washington DC,UDR-domain-college-park-2br-1100sqft-279,2,2.0,1100,2596.0,2026-08-03,13,True,hard,Save two months off rent! Applies to first full month's rent only. Save $26 off your first parking space for your initial lease. Apply by 08/04/2026. Minimum 11 month lease term required. *Select apartments,months_free,2.0,15.38,15.38,2196.62,https://www.udr.com/washington-dc-apartments/college-park/domain-college-park/,2026-04-26,2026-08-02,,,,,Two Bedroom B2A,2,45950
2026-08-02,UDR,Domain College Park,,Washington DC,UDR-domain-college-park-2br-1100sqft-379,2,2.0,1100,2594.0,2026-08-15,13,True,hard,Save two months off rent! Applies to first full month's rent only. Save $26 off your first parking space for your initial lease. Apply by 08/04/2026. Minimum 11 month lease term required. *Select apartments,months_free,2.0,15.38,15.38,2194.92,https://www.udr.com/washington-dc-apartments/college-park/domain-college-park/,2026-05-03,2026-08-02,,,,,Two Bedroom B2A,3,45950
2026-08-02,UDR,Domain College Park,,Washington DC,UDR-domain-college-park-2br-1115sqft-334,2,2.0,1115,2592.0,2026-08-03,13,True,hard,Save two months off rent! Applies to first full month's rent only. Save $26 off your first parking space for your initial lease. Apply by 08/04/2026. Minimum 11 month lease term required. *Select apartments,months_free,2.0,15.38,15.38,2193.23,https://www.udr.com/washington-dc-apartments/college-park/domain-college-park/,2026-04-04,2026-08-02,,,,,Two Bedroom B2B,3,45950
2026-08-02,UDR,Domain College Park,,Washington DC,UDR-domain-college-park-2br-1232sqft-402,2,2.0,1232,2645.0,2026-08-15,13,True,hard,Save two months off rent! Applies to first full month's rent only. Save $26 off your first parking space for your initial lease. Apply by 08/04/2026. Minimum 11 month lease term required. *Select apartments,months_free,2.0,15.38,15.38,2238.08,https://www.udr.com/washington-dc-apartments/college-park/domain-college-park/,2026-05-16,2026-08-02,,,,,Two Bedroom B2C,4,45950
2026-08-02,UDR,Domain College Park,,Washington DC,UDR-domain-college-park-2br-1216sqft-181,2,2.0,1216,2656.0,2026-08-03,13,True,hard,Save two months off rent! Applies to first full month's rent only. Save $26 off your first parking space for your initial lease. Apply by 08/04/2026. Minimum 11 month lease term required. *Select apartments,months_free,2.0,15.38,15.38,2247.38,https://www.udr.com/washington-dc-apartments/college-park/domain-college-park/,2026-04-04,2026-08-02,,,,,Two Bedroom B2D,1,45950
2026-08-02,UDR,Domain College Park,,Washington DC,UDR-domain-college-park-2br-1216sqft-381,2,2.0,1216,2568.0,2026-08-03,13,True,hard,Save two months off rent! Applies to first full month's rent only. Save $26 off your first parking space for your initial lease. Apply by 08/04/2026. Minimum 11 month lease term required. *Select apartments,months_free,2.0,15.38,15.38,2172.92,https://www.udr.com/washington-dc-apartments/college-park/domain-college-park/,2026-05-03,2026-08-02,,,,,Two Bedroom B2D,3,45950
2026-08-02,UDR,Domain College Park,,Washington DC,UDR-domain-college-park-2br-1256sqft-160,2,2.0,1256,2545.0,2026-08-03,13,True,hard,Save two months off rent! Applies to first full month's rent only. Save $26 off your first parking space for your initial lease. Apply by 08/04/2026. Minimum 11 month lease term required. *Select apartments,months_free,2.0,15.38,15.38,2153.46,https://www.udr.com/washington-dc-apartments/college-park/domain-college-park/,2026-04-04,2026-08-02,,,,,Two Bedroom B2F,1,45950
2026-08-02,UDR,Domain College Park,,Washington DC,UDR-domain-college-park-2br-1256sqft-280,2,2.0,1256,2766.0,2026-08-15,13,True,hard,Save two months off rent! Applies to first full month's rent only. Save $26 off your first parking space for your initial lease. Apply by 08/04/2026. Minimum 11 month lease term required. *Select apartments,months_free,2.0,15.38,15.38,2340.46,https://www.udr.com/washington-dc-apartments/college-park/domain-college-park/,2026-05-03,2026-08-02,,,,,Two Bedroom B2F,2,45950
2026-08-02,UDR,Domain College Park,,Washington DC,UDR-domain-college-park-2br-1256sqft-380,2,2.0,1256,2485.0,2026-08-03,13,True,hard,Save two months off rent! Applies to first full month's rent only. Save $26 off your first parking space for your initial lease. Apply by 08/04/2026. Minimum 11 month lease term required. *Select apartments,months_free,2.0,15.38,15.38,2102.69,https://www.udr.com/washington-dc-apartments/college-park/domain-college-park/,2026-04-04,2026-08-02,,,,,Two Bedroom B2F,3,45950
2026-08-02,UDR,Domain College Park,,Washington DC,UDR-domain-college-park-2br-1256sqft-460,2,2.0,1256,2702.0,2026-08-03,13,True,hard,Save two months off rent! Applies to first full month's rent only. Save $26 off your first parking space for your initial lease. Apply by 08/04/2026. Minimum 11 month lease term required. *Select apartments,months_free,2.0,15.38,15.38,2286.31,https://www.udr.com/washington-dc-apartments/college-park/domain-college-park/,2026-04-19,2026-08-02,,,,,Two Bedroom B2F,4,45950
2026-08-02,UDR,Domain College Park,,Washington DC,UDR-domain-college-park-2br-1275sqft-220,2,2.0,1275,2660.0,2026-08-22,13,True,hard,Save two months off rent! Applies to first full month's rent only. Save $26 off your first parking space for your initial lease. Apply by 08/04/2026. Minimum 11 month lease term required. *Select apartments,months_free,2.0,15.38,15.38,2250.77,https://www.udr.com/washington-dc-apartments/college-park/domain-college-park/,2026-05-16,2026-08-02,,,,,Two Bedroom B2H,2,45950
2026-08-02,UDR,Domain College Park,,Washington DC,UDR-domain-college-park-2br-1275sqft-320,2,2.0,1275,2775.0,2026-08-08,13,True,hard,Save two months off rent! Applies to first full month's rent only. Save $26 off your first parking space for your initial lease. Apply by 08/04/2026. Minimum 11 month lease term required. *Select apartments,months_free,2.0,15.38,15.38,2348.08,https://www.udr.com/washington-dc-apartments/college-park/domain-college-park/,2026-05-09,2026-08-02,,,,,Two Bedroom B2H,3,45950
2026-08-02,UDR,Dominion Lake Ridge,,Washington DC,UDR-dominion-lake-ridge-1br-703sqft-323123,1,1.0,703,1681.0,2026-09-18,12,True,hard,Save 3 weeks off rent!,months_free,0.6924,5.77,5.77,1584.01,https://www.udr.com/washington-dc-apartments/woodbridge/dominion-lake-ridge/,2026-08-02,2026-08-02,,,,,Addington,2,11676
2026-08-02,UDR,Dominion Lake Ridge,,Washington DC,UDR-dominion-lake-ridge-1br-733sqft-324121,1,1.0,733,1799.0,2026-08-03,12,True,hard,Save 3 weeks off rent!,months_free,0.6924,5.77,5.77,1695.2,https://www.udr.com/washington-dc-apartments/woodbridge/dominion-lake-ridge/,2026-04-12,2026-08-02,,,,,Bedford,2,11676
2026-08-02,UDR,Dominion Lake Ridge,,Washington DC,UDR-dominion-lake-ridge-2br-851sqft-321113,2,1.0,851,1967.0,2026-08-28,13,True,hard,Save 3 weeks off rent!,months_free,0.6924,5.33,5.33,1862.23,https://www.udr.com/washington-dc-apartments/woodbridge/dominion-lake-ridge/,2026-06-13,2026-08-02,,,,,Cambridge,1,11676
2026-08-02,UDR,Dominion Lake Ridge,,Washington DC,UDR-dominion-lake-ridge-2br-851sqft-322413,2,1.0,851,1928.0,2026-08-28,13,True,hard,Save 3 weeks off rent!,months_free,0.6924,5.33,5.33,1825.31,https://www.udr.com/washington-dc-apartments/woodbridge/dominion-lake-ridge/,2026-06-08,2026-08-02,,,,,Cambridge,1,11676
2026-08-02,UDR,Dominion Lake Ridge,,Washington DC,UDR-dominion-lake-ridge-2br-851sqft-324216,2,1.0,851,1929.0,2026-09-05,12,True,hard,Save 3 weeks off rent!,months_free,0.6924,5.77,5.77,1817.7,https://www.udr.com/washington-dc-apartments/woodbridge/dominion-lake-ridge/,2026-06-08,2026-08-02,,,,,Cambridge,1,11676
2026-08-02,UDR,Dominion Lake Ridge,,Washington DC,UDR-dominion-lake-ridge-2br-851sqft-324713,2,1.0,851,2148.0,2026-08-03,13,True,hard,Save 3 weeks off rent!,months_free,0.6924,5.33,5.33,2033.59,https://www.udr.com/washington-dc-apartments/woodbridge/dominion-lake-ridge/,2026-05-16,2026-08-02,,,,,Cambridge,1,11676
2026-08-02,UDR,Dominion Lake Ridge,,Washington DC,UDR-dominion-lake-ridge-2br-851sqft-324717,2,1.0,851,1948.0,2026-08-03,13,True,hard,Save 3 weeks off rent!,months_free,0.6924,5.33,5.33,1844.25,https://www.udr.com/washington-dc-apartments/woodbridge/dominion-lake-ridge/,2026-05-30,2026-08-02,,,,,Cambridge,1,11676
2026-08-02,UDR,Dominion Lake Ridge,,Washington DC,UDR-dominion-lake-ridge-2br-944sqft-320011,2,2.0,944,2296.0,2026-08-07,13,True,hard,Save 3 weeks off rent!,months_free,0.6924,5.33,5.33,2173.71,https://www.udr.com/washington-dc-apartments/woodbridge/dominion-lake-ridge/,2026-05-09,2026-08-02,,,,,Devonshire,1,11676
2026-08-02,UDR,Dominion Lake Ridge,,Washington DC,UDR-dominion-lake-ridge-2br-944sqft-320613,2,2.0,944,2067.0,2026-08-07,13,True,hard,Save 3 weeks off rent!,months_free,0.6924,5.33,5.33,1956.91,https://www.udr.com/washington-dc-apartments/woodbridge/dominion-lake-ridge/,2026-08-02,2026-08-02,,,,,Devonshire,1,11676
2026-08-02,UDR,Dominion Lake Ridge,,Washington DC,UDR-dominion-lake-ridge-2br-944sqft-321115,2,2.0,944,2143.0,2026-09-04,12,True,hard,Save 3 weeks off rent!,months_free,0.6924,5.77,5.77,2019.35,https://www.udr.com/washington-dc-apartments/woodbridge/dominion-lake-ridge/,2026-07-19,2026-08-02,,,,,Devonshire,1,11676
2026-08-02,UDR,Dominion Lake Ridge,,Washington DC,UDR-dominion-lake-ridge-2br-944sqft-323111,2,2.0,944,2273.0,2026-08-03,13,True,hard,Save 3 weeks off rent!,months_free,0.6924,5.33,5.33,2151.94,https://www.udr.com/washington-dc-apartments/woodbridge/dominion-lake-ridge/,2026-06-22,2026-08-02,,,,,Devonshire,1,11676
2026-08-02,UDR,Dominion Lake Ridge,,Washington DC,UDR-dominion-lake-ridge-2br-944sqft-324211,2,2.0,944,2107.0,2026-10-02,13,True,hard,Save 3 weeks off rent!,months_free,0.6924,5.33,5.33,1994.78,https://www.udr.com/washington-dc-apartments/woodbridge/dominion-lake-ridge/,2026-08-02,2026-08-02,,,,,Devonshire,1,11676
2026-08-02,UDR,Dominion Lake Ridge,,Washington DC,UDR-dominion-lake-ridge-2br-944sqft-324414,2,2.0,944,2149.0,2026-08-21,13,True,hard,Save 3 weeks off rent!,months_free,0.6924,5.33,5.33,2034.54,https://www.udr.com/washington-dc-apartments/woodbridge/dominion-lake-ridge/,2026-06-22,2026-08-02,,,,,Devonshire,1,11676
2026-08-02,UDR,Dominion Middle Ridge,,Washington DC,UDR-dominion-middle-ridge-1br-588sqft-023010,1,1.0,588,1695.0,2026-09-11,13,True,hard,Save 3 weeks  off rent!,months_free,0.6924,5.33,5.33,1604.72,https://www.udr.com/washington-dc-apartments/woodbridge/dominion-middle-ridge/,2026-07-19,2026-08-02,,,,,Austin,3,11675
2026-08-02,UDR,Dominion Middle Ridge,,Washington DC,UDR-dominion-middle-ridge-1br-642sqft-042010,1,1.0,642,1724.0,2026-09-18,13,True,hard,Save 3 weeks  off rent!,months_free,0.6924,5.33,5.33,1632.18,https://www.udr.com/washington-dc-apartments/woodbridge/dominion-middle-ridge/,2026-06-22,2026-08-02,,,,,Bentley,1,11675
2026-08-02,UDR,Dominion Middle Ridge,,Washington DC,UDR-dominion-middle-ridge-1br-642sqft-042044,1,1.0,642,1686.0,2026-08-03,13,True,hard,Save 3 weeks  off rent!,months_free,0.6924,5.33,5.33,1596.2,https://www.udr.com/washington-dc-apartments/woodbridge/dominion-middle-ridge/,2026-04-26,2026-08-02,,,,,Bentley,1,11675
2026-08-02,UDR,Dominion Middle Ridge,,Washington DC,UDR-dominion-middle-ridge-2br-850sqft-012040,2,1.0,850,1793.0,2026-10-03,12,True,hard,Save 3 weeks  off rent!,months_free,0.6924,5.77,5.77,1689.54,https://www.udr.com/washington-dc-apartments/woodbridge/dominion-middle-ridge/,2026-08-02,2026-08-02,,,,,Crawford,1,11675
2026-08-02,UDR,Dominion Middle Ridge,,Washington DC,UDR-dominion-middle-ridge-2br-850sqft-013024,2,1.0,850,1994.0,2026-09-25,13,True,hard,Save 3 weeks  off rent!,months_free,0.6924,5.33,5.33,1887.8,https://www.udr.com/washington-dc-apartments/woodbridge/dominion-middle-ridge/,2026-05-03,2026-08-02,,,,,Crawford,2,11675
2026-08-02,UDR,Dominion Middle Ridge,,Washington DC,UDR-dominion-middle-ridge-2br-942sqft-041030,2,2.0,942,2093.0,2026-09-22,13,True,hard,Save 3 weeks  off rent!,months_free,0.6924,5.33,5.33,1981.52,https://www.udr.com/washington-dc-apartments/woodbridge/dominion-middle-ridge/,2026-05-09,2026-08-02,,,,,Dandridge,0,11675
2026-08-02,UDR,Dominion Middle Ridge,,Washington DC,UDR-dominion-middle-ridge-2br-942sqft-043014,2,2.0,942,2061.0,2026-09-11,13,True,hard,Save 3 weeks  off rent!,months_free,0.6924,5.33,5.33,1951.23,https://www.udr.com/washington-dc-apartments/woodbridge/dominion-middle-ridge/,2026-07-19,2026-08-02,,,,,Dandridge,2,11675
2026-08-02,UDR,Dominion Middle Ridge,,Washington DC,UDR-dominion-middle-ridge-2br-942sqft-082040,2,2.0,942,2260.0,2026-10-01,13,True,hard,Save 3 weeks  off rent!,months_free,0.6924,5.33,5.33,2139.63,https://www.udr.com/washington-dc-apartments/woodbridge/dominion-middle-ridge/,2026-04-26,2026-08-02,,,,,Dandridge,1,11675
2026-08-02,UDR,Dominion Middle Ridge,,Washington DC,UDR-dominion-middle-ridge-2br-942sqft-083040,2,2.0,942,2034.0,2026-09-18,13,True,hard,Save 3 weeks  off rent!,months_free,0.6924,5.33,5.33,1925.67,https://www.udr.com/washington-dc-apartments/woodbridge/dominion-middle-ridge/,2026-05-09,2026-08-02,,,,,Dandridge,2,11675
2026-08-02,UDR,Dominion Middle Ridge,,Washington DC,UDR-dominion-middle-ridge-2br-942sqft-094010,2,2.0,942,2126.0,2026-08-03,12,True,hard,Save 3 weeks  off rent!,months_free,0.6924,5.77,5.77,2003.33,https://www.udr.com/washington-dc-apartments/woodbridge/dominion-middle-ridge/,2026-04-26,2026-08-02,,,,,Dandridge,3,11675
2026-08-02,UDR,Dominion Middle Ridge,,Washington DC,UDR-dominion-middle-ridge-2br-942sqft-094020,2,2.0,942,1895.0,2026-08-07,12,True,hard,Save 3 weeks  off rent!,months_free,0.6924,5.77,5.77,1785.66,https://www.udr.com/washington-dc-apartments/woodbridge/dominion-middle-ridge/,2026-06-08,2026-08-02,,,,,Dandridge,3,11675
2026-08-02,UDR,Dominion Middle Ridge,,Washington DC,UDR-dominion-middle-ridge-2br-942sqft-101020,2,2.0,942,1826.0,2026-09-22,13,True,hard,Save 3 weeks  off rent!,months_free,0.6924,5.33,5.33,1728.74,https://www.udr.com/washington-dc-apartments/woodbridge/dominion-middle-ridge/,2026-04-04,2026-08-02,,,,,Dandridge,0,11675
2026-08-02,UDR,Dominion Middle Ridge,,Washington DC,UDR-dominion-middle-ridge-2br-942sqft-104044,2,2.0,942,2076.0,2026-09-22,13,True,hard,Save 3 weeks  off rent!,months_free,0.6924,5.33,5.33,1965.43,https://www.udr.com/washington-dc-apartments/woodbridge/dominion-middle-ridge/,2026-07-19,2026-08-02,,,,,Dandridge,3,11675
2026-08-02,UDR,Dominion Middle Ridge,,Washington DC,UDR-dominion-middle-ridge-3br-1164sqft-052045,3,2.0,1164,2726.0,2026-09-25,13,True,hard,Save 3 weeks  off rent!,months_free,0.6924,5.33,5.33,2580.81,https://www.udr.com/washington-dc-apartments/woodbridge/dominion-middle-ridge/,2026-08-02,2026-08-02,,,,,Essex,2,11675
2026-08-02,UDR,Dominion Middle Ridge,,Washington DC,UDR-dominion-middle-ridge-3br-1164sqft-094040,3,2.0,1164,2691.0,2026-10-16,12,True,hard,Save 3 weeks  off rent!,months_free,0.6924,5.77,5.77,2535.73,https://www.udr.com/washington-dc-apartments/woodbridge/dominion-middle-ridge/,2026-07-19,2026-08-02,,,,,Essex,3,11675
2026-08-02,UDR,Dominion Middle Ridge,,Washington DC,UDR-dominion-middle-ridge-3br-1164sqft-101024,3,2.0,1164,2703.0,2026-08-07,11,True,hard,Save 3 weeks  off rent!,months_free,0.6924,6.29,6.29,2532.86,https://www.udr.com/washington-dc-apartments/woodbridge/dominion-middle-ridge/,2026-07-19,2026-08-02,,,,,Essex,0,11675
2026-08-02,UDR,Dominion Middle Ridge,,Washington DC,UDR-dominion-middle-ridge-3br-1164sqft-104030,3,2.0,1164,2656.0,2026-09-04,13,True,hard,Save 3 weeks  off rent!,months_free,0.6924,5.33,5.33,2514.54,https://www.udr.com/washington-dc-apartments/woodbridge/dominion-middle-ridge/,2026-07-19,2026-08-02,,,,,Essex,3,11675
2026-08-02,UDR,Dominion Middle Ridge,,Washington DC,UDR-dominion-middle-ridge-3br-1164sqft-104040,3,2.0,1164,2741.0,2026-10-23,12,True,hard,Save 3 weeks  off rent!,months_free,0.6924,5.77,5.77,2582.84,https://www.udr.com/washington-dc-apartments/woodbridge/dominion-middle-ridge/,2026-07-19,2026-08-02,,,,,Essex,3,11675
2026-08-02,UDR,Dominion Middle Ridge,,Washington DC,UDR-dominion-middle-ridge-1br-880sqft-114029,1,1.0,880,2098.0,2026-09-25,13,True,hard,Save 3 weeks  off rent!,months_free,0.6924,5.33,5.33,1986.26,https://www.udr.com/washington-dc-apartments/woodbridge/dominion-middle-ridge/,2026-06-13,2026-08-02,,,,,Cameron,3,11675
2026-08-02,UDR,Dominion Middle Ridge,,Washington DC,UDR-dominion-middle-ridge-0br-610sqft-114045,0,1.0,610,1699.0,2026-08-21,12,True,hard,Save 3 weeks  off rent!,months_free,0.6924,5.77,5.77,1600.97,https://www.udr.com/washington-dc-apartments/woodbridge/dominion-middle-ridge/,2026-06-22,2026-08-02,,,,,Logan,3,11675
2026-08-02,UDR,Dominion Middle Ridge,,Washington DC,UDR-dominion-middle-ridge-3br-1400sqft-112025,3,2.0,1400,2883.0,2026-09-25,13,True,hard,Save 3 weeks  off rent!,months_free,0.6924,5.33,5.33,2729.45,https://www.udr.com/washington-dc-apartments/woodbridge/dominion-middle-ridge/,2026-04-04,2026-08-02,,,,,Wesley,1,11675
2026-08-02,UDR,Dominion Middle Ridge,,Washington DC,UDR-dominion-middle-ridge-3br-1400sqft-113025,3,2.0,1400,2866.0,2026-08-21,11,True,hard,Save 3 weeks  off rent!,months_free,0.6924,6.29,6.29,2685.6,https://www.udr.com/washington-dc-apartments/woodbridge/dominion-middle-ridge/,2026-06-13,2026-08-02,,,,,Wesley,2,11675
2026-08-02,UDR,Dominion Middle Ridge,,Washington DC,UDR-dominion-middle-ridge-3br-1400sqft-114025,3,2.0,1400,2933.0,2026-10-09,12,True,hard,Save 3 weeks  off rent!,months_free,0.6924,5.77,5.77,2763.77,https://www.udr.com/washington-dc-apartments/woodbridge/dominion-middle-ridge/,2026-08-02,2026-08-02,,,,,Wesley,3,11675
2026-08-02,UDR,Domus,,Philadelphia,UDR-domus-1br-885sqft-411,1,1.0,885,3042.0,2026-09-03,13,True,hard,Save 1 MONTH FREE off rent!,months_free,1.0,7.69,7.69,2808.0,https://www.udr.com/philadelphia-apartments/university-city/domus/,2026-07-19,2026-08-02,,,,,Plan Ca (A1F),4,35375
2026-08-02,UDR,Domus,,Philadelphia,UDR-domus-1br-1009sqft-203,1,1.0,1009,3098.0,2026-10-24,13,True,hard,Save 1 MONTH FREE off rent!,months_free,1.0,7.69,7.69,2859.69,https://www.udr.com/philadelphia-apartments/university-city/domus/,2026-06-08,2026-08-02,,,,,Plan Ea (A1M),2,35375
2026-08-02,UDR,Domus,,Philadelphia,UDR-domus-1br-1051sqft-631,1,1.0,1051,3098.0,2026-08-22,11,True,hard,Save 1 MONTH FREE off rent!,months_free,1.0,9.09,9.09,2816.36,https://www.udr.com/philadelphia-apartments/university-city/domus/,2026-04-05,2026-08-02,,,,,Plan Fa (A1N),6,35375
2026-08-02,UDR,Domus,,Philadelphia,UDR-domus-1br-1105sqft-604,1,1.0,1105,2993.0,2026-10-03,13,True,hard,Save 1 MONTH FREE off rent!,months_free,1.0,7.69,7.69,2762.77,https://www.udr.com/philadelphia-apartments/university-city/domus/,2026-04-04,2026-08-02,,,,,Plan H (A1P),6,35375
2026-08-02,UDR,Domus,,Philadelphia,UDR-domus-2br-1213sqft-720,2,2.0,1213,3242.0,2026-08-29,13,True,hard,Save 1 MONTH FREE off rent!,months_free,1.0,7.69,7.69,2992.62,https://www.udr.com/philadelphia-apartments/university-city/domus/,2026-05-03,2026-08-02,,,,,Plan I (B2A),7,35375
2026-08-02,UDR,Domus,,Philadelphia,UDR-domus-2br-1316sqft-338,2,2.0,1316,3654.0,2026-08-15,11,True,hard,Save 1 MONTH FREE off rent!,months_free,1.0,9.09,9.09,3321.82,https://www.udr.com/philadelphia-apartments/university-city/domus/,2026-04-04,2026-08-02,,,,,Plan K (B2C),3,35375
2026-08-02,UDR,Domus,,Philadelphia,UDR-domus-2br-1316sqft-538,2,2.0,1316,3465.0,2026-10-03,12,True,hard,Save 1 MONTH FREE off rent!,months_free,1.0,8.33,8.33,3176.25,https://www.udr.com/philadelphia-apartments/university-city/domus/,2026-06-13,2026-08-02,,,,,Plan K (B2C),5,35375
2026-08-02,UDR,Domus,,Philadelphia,UDR-domus-2br-1316sqft-633,2,2.0,1316,3583.0,2026-08-22,11,True,hard,Save 1 MONTH FREE off rent!,months_free,1.0,9.09,9.09,3257.27,https://www.udr.com/philadelphia-apartments/university-city/domus/,2026-04-26,2026-08-02,,,,,Plan K (B2C),6,35375
2026-08-02,UDR,Domus,,Philadelphia,UDR-domus-2br-1316sqft-733,2,2.0,1316,3593.0,2026-08-15,11,True,hard,Save 1 MONTH FREE off rent!,months_free,1.0,9.09,9.09,3266.36,https://www.udr.com/philadelphia-apartments/university-city/domus/,2026-04-04,2026-08-02,,,,,Plan K (B2C),7,35375
2026-08-02,UDR,Domus,,Philadelphia,UDR-domus-2br-1335sqft-519,2,2.0,1335,3542.0,2026-08-29,13,True,hard,Save 1 MONTH FREE off rent!,months_free,1.0,7.69,7.69,3269.54,https://www.udr.com/philadelphia-apartments/university-city/domus/,2026-05-03,2026-08-02,,,,,Plan M (B2D),5,35375
2026-08-02,UDR,Domus,,Philadelphia,UDR-domus-2br-1335sqft-643,2,2.0,1335,3852.0,2026-08-13,11,True,hard,Save 1 MONTH FREE off rent!,months_free,1.0,9.09,9.09,3501.82,https://www.udr.com/philadelphia-apartments/university-city/domus/,2026-04-04,2026-08-02,,,,,Plan M (B2D),6,35375
2026-08-02,UDR,Domus,,Philadelphia,UDR-domus-2br-1335sqft-841,2,2.0,1335,3732.0,2026-09-17,13,True,hard,Save 1 MONTH FREE off rent!,months_free,1.0,7.69,7.69,3444.92,https://www.udr.com/philadelphia-apartments/university-city/domus/,2026-05-16,2026-08-02,,,,,Plan M (B2D),8,35375
2026-08-02,UDR,Domus,,Philadelphia,UDR-domus-2br-1481sqft-408,2,2.0,1481,3667.0,2026-08-02,11,True,hard,Save 1 MONTH FREE off rent!,months_free,1.0,9.09,9.09,3333.64,https://www.udr.com/philadelphia-apartments/university-city/domus/,2026-04-04,2026-08-02,,,,,Plan P (B2BD),4,35375
2026-08-02,UDR,Domus,,Philadelphia,UDR-domus-2br-1481sqft-508,2,2.0,1481,3794.0,2026-08-29,10,True,hard,Save 1 MONTH FREE off rent!,months_free,1.0,10.0,10.0,3414.6,https://www.udr.com/philadelphia-apartments/university-city/domus/,2026-04-26,2026-08-02,,,,,Plan P (B2BD),5,35375
2026-08-02,UDR,Domus,,Philadelphia,UDR-domus-2br-1481sqft-608,2,2.0,1481,3982.0,2026-08-29,10,True,hard,Save 1 MONTH FREE off rent!,months_free,1.0,10.0,10.0,3583.8,https://www.udr.com/philadelphia-apartments/university-city/domus/,2026-04-12,2026-08-02,,,,,Plan P (B2BD),6,35375
2026-08-02,UDR,Domus,,Philadelphia,UDR-domus-2br-1481sqft-708,2,2.0,1481,3763.0,2026-08-02,11,True,hard,Save 1 MONTH FREE off rent!,months_free,1.0,9.09,9.09,3420.91,https://www.udr.com/philadelphia-apartments/university-city/domus/,2026-04-04,2026-08-02,,,,,Plan P (B2BD),7,35375
2026-08-02,UDR,Domus,,Philadelphia,UDR-domus-2br-1479sqft-227,2,2.0,1479,3856.0,2026-08-02,11,True,hard,Save 1 MONTH FREE off rent!,months_free,1.0,9.09,9.09,3505.45,https://www.udr.com/philadelphia-apartments/university-city/domus/,2026-05-16,2026-08-02,,,,,Plan Q (B2AD),2,35375
2026-08-02,UDR,Domus,,Philadelphia,UDR-domus-2br-1479sqft-335,2,2.0,1479,3816.0,2026-09-16,13,True,hard,Save 1 MONTH FREE off rent!,months_free,1.0,7.69,7.69,3522.46,https://www.udr.com/philadelphia-apartments/university-city/domus/,2026-08-02,2026-08-02,,,,,Plan Q (B2AD),3,35375
2026-08-02,UDR,Domus,,Philadelphia,UDR-domus-2br-1479sqft-809,2,2.0,1479,3918.0,2026-09-05,13,True,hard,Save 1 MONTH FREE off rent!,months_free,1.0,7.69,7.69,3616.62,https://www.udr.com/philadelphia-apartments/university-city/domus/,2026-07-19,2026-08-02,,,,,Plan Q (B2AD),8,35375
2026-08-02,UDR,Domus,,Philadelphia,UDR-domus-1br-1081sqft-544,1,1.0,1081,3374.0,2026-09-05,13,True,hard,Save 1 MONTH FREE off rent!,months_free,1.0,7.69,7.69,3114.46,https://www.udr.com/philadelphia-apartments/university-city/domus/,2026-06-13,2026-08-02,,,,,Plan G (A1AD),5,35375
2026-08-02,UDR,Domus,,Philadelphia,UDR-domus-1br-1209sqft-244,1,1.0,1209,2986.0,2026-08-15,11,True,hard,Save 1 MONTH FREE off rent!,months_free,1.0,9.09,9.09,2714.55,https://www.udr.com/philadelphia-apartments/university-city/domus/,2026-04-04,2026-08-02,,,,,Plan Ga (A1BD),2,35375
2026-08-02,UDR,Domus,,Philadelphia,UDR-domus-1br-887sqft-413,1,1.0,887,3059.0,2026-09-24,13,True,hard,Save 1 MONTH FREE off rent!,months_free,1.0,7.69,7.69,2823.69,https://www.udr.com/philadelphia-apartments/university-city/domus/,2026-05-16,2026-08-02,,,,,A1E1 - 1x1 (887sqft),4,35375
2026-08-02,UDR,Domus,,Philadelphia,UDR-domus-1br-885sqft-316,1,1.0,885,3081.0,2026-08-22,11,True,hard,Save 1 MONTH FREE off rent!,months_free,1.0,9.09,9.09,2800.91,https://www.udr.com/philadelphia-apartments/university-city/domus/,2026-04-04,2026-08-02,,,,,Plan C (A1E),3,35375
2026-08-02,UDR,Domus,,Philadelphia,UDR-domus-1br-885sqft-424,1,1.0,885,2990.0,2026-08-22,11,True,hard,Save 1 MONTH FREE off rent!,months_free,1.0,9.09,9.09,2718.18,https://www.udr.com/philadelphia-apartments/university-city/domus/,2026-04-04,2026-08-02,,,,,Plan C (A1E),4,35375
2026-08-02,UDR,Domus,,Philadelphia,UDR-domus-1br-885sqft-606,1,1.0,885,2781.0,2026-10-03,13,True,hard,Save 1 MONTH FREE off rent!,months_free,1.0,7.69,7.69,2567.08,https://www.udr.com/philadelphia-apartments/university-city/domus/,2026-06-08,2026-08-02,,,,,Plan C (A1E),6,35375
2026-08-02,UDR,Domus,,Philadelphia,UDR-domus-1br-885sqft-614,1,1.0,885,2573.0,2026-08-02,11,True,hard,Save 1 MONTH FREE off rent!,months_free,1.0,9.09,9.09,2339.09,https://www.udr.com/philadelphia-apartments/university-city/domus/,2026-05-16,2026-08-02,,,,,Plan C (A1E),6,35375
2026-08-02,UDR,Domus,,Philadelphia,UDR-domus-1br-885sqft-722,1,1.0,885,3124.0,2026-08-13,11,True,hard,Save 1 MONTH FREE off rent!,months_free,1.0,9.09,9.09,2840.0,https://www.udr.com/philadelphia-apartments/university-city/domus/,2026-04-04,2026-08-02,,,,,Plan C (A1E),7,35375
2026-08-02,UDR,Edgewater,,San Francisco Bay Area,UDR-edgewater-1br-860sqft-338,1,1.0,860,5598.0,2026-09-24,13,True,soft,"Instant-on, high-speed internet is ready the day you move in.",,,,,,https://www.udr.com/san-francisco-bay-area-apartments/san-francisco/edgewater/,2026-07-19,2026-08-02,,,,,Alta Plaza A1C,3,27575
2026-08-02,UDR,Edgewater,,San Francisco Bay Area,UDR-edgewater-1br-880sqft-449,1,1.0,880,5498.0,2026-08-03,13,True,soft,"Instant-on, high-speed internet is ready the day you move in.",,,,,,https://www.udr.com/san-francisco-bay-area-apartments/san-francisco/edgewater/,2026-04-19,2026-08-02,,,,,Alta Plaza A1C,4,27575
2026-08-02,UDR,Edgewater,,San Francisco Bay Area,UDR-edgewater-1br-730sqft-203,1,1.0,730,5143.0,2026-08-18,13,True,soft,"Instant-on, high-speed internet is ready the day you move in.",,,,,,https://www.udr.com/san-francisco-bay-area-apartments/san-francisco/edgewater/,2026-05-03,2026-08-02,,,,,Balboa A1B,2,27575
2026-08-02,UDR,Edgewater,,San Francisco Bay Area,UDR-edgewater-1br-565sqft-301,1,1.0,565,5008.0,2026-09-15,13,True,soft,"Instant-on, high-speed internet is ready the day you move in.",,,,,,https://www.udr.com/san-francisco-bay-area-apartments/san-francisco/edgewater/,2026-07-19,2026-08-02,,,,,Rossi A1A,3,27575
2026-08-02,UDR,Edgewater,,San Francisco Bay Area,UDR-edgewater-1br-535sqft-404,1,1.0,535,5201.0,2026-08-03,12,True,soft,"Instant-on, high-speed internet is ready the day you move in.",,,,,,https://www.udr.com/san-francisco-bay-area-apartments/san-francisco/edgewater/,2026-05-09,2026-08-02,,,,,Rossi A1A,4,27575
2026-08-02,UDR,Edgewater,,San Francisco Bay Area,UDR-edgewater-0br-545sqft-429,0,1.0,545,4650.0,2026-08-25,12,True,soft,"Instant-on, high-speed internet is ready the day you move in.",,,,,,https://www.udr.com/san-francisco-bay-area-apartments/san-francisco/edgewater/,2026-08-02,2026-08-02,,,,,Yerba Buena E1A,4,27575
2026-08-02,UDR,Eight 80 Newport Beach,,Orange County,UDR-eight-80-newport-beach-0br-406sqft-A307,0,1.0,406,2151.0,2026-08-25,14,False,,,,,,,,https://www.udr.com/orange-county-apartments/newport-beach/eight-80-newport-beach/,2026-08-02,2026-08-02,,,,,Balboa (E1A-N),3,15431
2026-08-02,UDR,Eight 80 Newport Beach,,Orange County,UDR-eight-80-newport-beach-0br-406sqft-B205,0,1.0,406,2237.0,2026-10-16,14,False,,,,,,,,https://www.udr.com/orange-county-apartments/newport-beach/eight-80-newport-beach/,2026-07-19,2026-08-02,,,,,Balboa (E1A-N),2,15431
2026-08-02,UDR,Eight 80 Newport Beach,,Orange County,UDR-eight-80-newport-beach-0br-406sqft-C206,0,1.0,406,2024.0,2026-10-14,14,False,,,,,,,,https://www.udr.com/orange-county-apartments/newport-beach/eight-80-newport-beach/,2026-07-19,2026-08-02,,,,,Balboa (E1A-N),2,15431
2026-08-02,UDR,Eight 80 Newport Beach,,Orange County,UDR-eight-80-newport-beach-0br-406sqft-C306,0,1.0,406,2249.0,2026-09-29,14,False,,,,,,,,https://www.udr.com/orange-county-apartments/newport-beach/eight-80-newport-beach/,2026-08-02,2026-08-02,,,,,Balboa (E1A-N),3,15431
2026-08-02,UDR,Eight 80 Newport Beach,,Orange County,UDR-eight-80-newport-beach-0br-406sqft-D109,0,1.0,406,2117.0,2026-10-05,14,False,,,,,,,,https://www.udr.com/orange-county-apartments/newport-beach/eight-80-newport-beach/,2026-07-19,2026-08-02,,,,,Balboa (E1A-N),1,15431
2026-08-02,UDR,Eight 80 Newport Beach,,Orange County,UDR-eight-80-newport-beach-0br-406sqft-G213,0,1.0,406,2122.0,2026-09-22,14,False,,,,,,,,https://www.udr.com/orange-county-apartments/newport-beach/eight-80-newport-beach/,2026-07-19,2026-08-02,,,,,Balboa (E1A-N),2,15431
2026-08-02,UDR,Eight 80 Newport Beach,,Orange County,UDR-eight-80-newport-beach-0br-406sqft-G313,0,1.0,406,2047.0,2026-09-04,14,False,,,,,,,,https://www.udr.com/orange-county-apartments/newport-beach/eight-80-newport-beach/,2026-06-13,2026-08-02,,,,,Balboa (E1A-N),3,15431
2026-08-02,UDR,Eight 80 Newport Beach,,Orange County,UDR-eight-80-newport-beach-0br-406sqft-O210,0,1.0,406,2154.0,2026-09-24,14,False,,,,,,,,https://www.udr.com/orange-county-apartments/newport-beach/eight-80-newport-beach/,2026-07-19,2026-08-02,,,,,Balboa (E1A-N),2,15431
2026-08-02,UDR,Eight 80 Newport Beach,,Orange County,UDR-eight-80-newport-beach-0br-406sqft-P206,0,1.0,406,2107.0,2026-10-22,14,False,,,,,,,,https://www.udr.com/orange-county-apartments/newport-beach/eight-80-newport-beach/,2026-08-02,2026-08-02,,,,,Balboa (E1A-N),2,15431
2026-08-02,UDR,Eight 80 Newport Beach,,Orange County,UDR-eight-80-newport-beach-0br-406sqft-P208,0,1.0,406,2072.0,2026-08-13,14,False,,,,,,,,https://www.udr.com/orange-county-apartments/newport-beach/eight-80-newport-beach/,2026-06-22,2026-08-02,,,,,Balboa (E1A-N),2,15431
2026-08-02,UDR,Eight 80 Newport Beach,,Orange County,UDR-eight-80-newport-beach-0br-406sqft-P308,0,1.0,406,2029.0,2026-09-17,14,False,,,,,,,,https://www.udr.com/orange-county-apartments/newport-beach/eight-80-newport-beach/,2026-07-19,2026-08-02,,,,,Balboa (E1A-N),3,15431
2026-08-02,UDR,Eight 80 Newport Beach,,Orange County,UDR-eight-80-newport-beach-0br-406sqft-Q309,0,1.0,406,2142.0,2026-09-05,14,False,,,,,,,,https://www.udr.com/orange-county-apartments/newport-beach/eight-80-newport-beach/,2026-06-13,2026-08-02,,,,,Balboa (E1A-N),3,15431
2026-08-02,UDR,Eight 80 Newport Beach,,Orange County,UDR-eight-80-newport-beach-0br-406sqft-R105,0,1.0,406,2132.0,2026-10-31,14,False,,,,,,,,https://www.udr.com/orange-county-apartments/newport-beach/eight-80-newport-beach/,2026-07-19,2026-08-02,,,,,Balboa (E1A-N),1,15431
2026-08-02,UDR,Eight 80 Newport Beach,,Orange County,UDR-eight-80-newport-beach-0br-406sqft-T208,0,1.0,406,2077.0,2026-10-02,14,False,,,,,,,,https://www.udr.com/orange-county-apartments/newport-beach/eight-80-newport-beach/,2026-07-19,2026-08-02,,,,,Balboa (E1A-N),2,15431
2026-08-02,UDR,Eight 80 Newport Beach,,Orange County,UDR-eight-80-newport-beach-1br-659sqft-A103,1,1.0,659,2491.0,2026-10-02,14,False,,,,,,,,https://www.udr.com/orange-county-apartments/newport-beach/eight-80-newport-beach/,2026-08-02,2026-08-02,,,,,Catalina (A1A-N),1,15431
2026-08-02,UDR,Eight 80 Newport Beach,,Orange County,UDR-eight-80-newport-beach-1br-659sqft-H205,1,1.0,659,2314.0,2026-09-11,14,False,,,,,,,,https://www.udr.com/orange-county-apartments/newport-beach/eight-80-newport-beach/,2026-07-19,2026-08-02,,,,,Catalina (A1A-N),2,15431
2026-08-02,UDR,Eight 80 Newport Beach,,Orange County,UDR-eight-80-newport-beach-1br-659sqft-L316,1,1.0,659,2551.0,2026-10-09,14,False,,,,,,,,https://www.udr.com/orange-county-apartments/newport-beach/eight-80-newport-beach/,2026-07-19,2026-08-02,,,,,Catalina (A1A-N),3,15431
2026-08-02,UDR,Eight 80 Newport Beach,,Orange County,UDR-eight-80-newport-beach-1br-659sqft-N110,1,1.0,659,2491.0,2026-10-11,14,False,,,,,,,,https://www.udr.com/orange-county-apartments/newport-beach/eight-80-newport-beach/,2026-08-02,2026-08-02,,,,,Catalina (A1A-N),1,15431
2026-08-02,UDR,Eight 80 Newport Beach,,Orange County,UDR-eight-80-newport-beach-1br-659sqft-N309,1,1.0,659,2524.0,2026-10-24,14,False,,,,,,,,https://www.udr.com/orange-county-apartments/newport-beach/eight-80-newport-beach/,2026-08-02,2026-08-02,,,,,Catalina (A1A-N),3,15431
2026-08-02,UDR,Eight 80 Newport Beach,,Orange County,UDR-eight-80-newport-beach-1br-659sqft-Q304,1,1.0,659,2586.0,2026-09-22,14,False,,,,,,,,https://www.udr.com/orange-county-apartments/newport-beach/eight-80-newport-beach/,2026-06-13,2026-08-02,,,,,Catalina (A1A-N),3,15431
2026-08-02,UDR,Eight 80 Newport Beach,,Orange County,UDR-eight-80-newport-beach-1br-659sqft-Q308,1,1.0,659,2398.0,2026-08-14,14,False,,,,,,,,https://www.udr.com/orange-county-apartments/newport-beach/eight-80-newport-beach/,2026-05-23,2026-08-02,,,,,Catalina (A1A-N),3,15431
2026-08-02,UDR,Eight 80 Newport Beach,,Orange County,UDR-eight-80-newport-beach-1br-659sqft-S208,1,1.0,659,2339.0,2026-08-22,14,False,,,,,,,,https://www.udr.com/orange-county-apartments/newport-beach/eight-80-newport-beach/,2026-05-23,2026-08-02,,,,,Catalina (A1A-N),2,15431
2026-08-02,UDR,Eight 80 Newport Beach,,Orange County,UDR-eight-80-newport-beach-2br-1004sqft-S211,2,2.0,1004,3027.0,2026-08-22,14,False,,,,,,,,https://www.udr.com/orange-county-apartments/newport-beach/eight-80-newport-beach/,2026-06-22,2026-08-02,,,,,B2B-N (2x2),2,15431
2026-08-02,UDR,Eight 80 Newport Beach,,Orange County,UDR-eight-80-newport-beach-0br-460sqft-L219,0,1.0,460,2359.0,2026-10-24,14,False,,,,,,,,https://www.udr.com/orange-county-apartments/newport-beach/eight-80-newport-beach/,2026-08-02,2026-08-02,,,,,Harbor (E1B-N),2,15431
2026-08-02,UDR,Eight 80 Newport Beach,,Orange County,UDR-eight-80-newport-beach-0br-460sqft-M110,0,1.0,460,2160.0,2026-08-21,14,False,,,,,,,,https://www.udr.com/orange-county-apartments/newport-beach/eight-80-newport-beach/,2026-07-19,2026-08-02,,,,,Harbor (E1B-N),1,15431
2026-08-02,UDR,Eight 80 Newport Beach,,Orange County,UDR-eight-80-newport-beach-0br-460sqft-Q201,0,1.0,460,2324.0,2026-11-06,14,False,,,,,,,,https://www.udr.com/orange-county-apartments/newport-beach/eight-80-newport-beach/,2026-07-19,2026-08-02,,,,,Harbor (E1B-N),2,15431
2026-08-02,UDR,Eight 80 Newport Beach,,Orange County,UDR-eight-80-newport-beach-2br-989sqft-YS-111,2,2.0,989,3256.0,2026-09-21,14,False,,,,,,,,https://www.udr.com/orange-county-apartments/newport-beach/eight-80-newport-beach/,2026-08-02,2026-08-02,,,,,Backbay (B2B-S),1,15431
2026-08-02,UDR,Eight 80 Newport Beach,,Orange County,UDR-eight-80-newport-beach-2br-989sqft-CS-114,2,2.0,989,3398.0,2026-10-11,14,False,,,,,,,,https://www.udr.com/orange-county-apartments/newport-beach/eight-80-newport-beach/,2026-07-19,2026-08-02,,,,,Backbay (B2B-S),1,15431
2026-08-02,UDR,Eight 80 Newport Beach,,Orange County,UDR-eight-80-newport-beach-0br-405sqft-CS-108,0,1.0,405,2099.0,2026-09-22,14,False,,,,,,,,https://www.udr.com/orange-county-apartments/newport-beach/eight-80-newport-beach/,2026-06-22,2026-08-02,,,,,Balboa I (E1A-S),1,15431
2026-08-02,UDR,Eight 80 Newport Beach,,Orange County,UDR-eight-80-newport-beach-2br-1002sqft-VS-215,2,2.0,1002,3423.0,2026-09-18,14,False,,,,,,,,https://www.udr.com/orange-county-apartments/newport-beach/eight-80-newport-beach/,2026-07-19,2026-08-02,,,,,Castaway (B2C-S),2,15431
2026-08-02,UDR,Eight 80 Newport Beach,,Orange County,UDR-eight-80-newport-beach-2br-1002sqft-RS-115,2,2.0,1002,3412.0,2026-09-26,14,False,,,,,,,,https://www.udr.com/orange-county-apartments/newport-beach/eight-80-newport-beach/,2026-07-19,2026-08-02,,,,,Castaway (B2C-S),1,15431
2026-08-02,UDR,Eight 80 Newport Beach,,Orange County,UDR-eight-80-newport-beach-2br-1002sqft-LS-216,2,2.0,1002,3367.0,2026-08-07,14,False,,,,,,,,https://www.udr.com/orange-county-apartments/newport-beach/eight-80-newport-beach/,2026-08-02,2026-08-02,,,,,Castaway (B2C-S),2,15431
2026-08-02,UDR,Eight 80 Newport Beach,,Orange County,UDR-eight-80-newport-beach-2br-1002sqft-AS-201,2,2.0,1002,3301.0,2026-08-28,14,False,,,,,,,,https://www.udr.com/orange-county-apartments/newport-beach/eight-80-newport-beach/,2026-07-19,2026-08-02,,,,,Castaway (B2C-S),2,15431
2026-08-02,UDR,Eight 80 Newport Beach,,Orange County,UDR-eight-80-newport-beach-0br-405sqft-ES-308,0,1.0,405,2097.0,2026-11-08,14,False,,,,,,,,https://www.udr.com/orange-county-apartments/newport-beach/eight-80-newport-beach/,2026-07-19,2026-08-02,,,,,Dune I (E1B-S),3,15431
2026-08-02,UDR,Eight 80 Newport Beach,,Orange County,UDR-eight-80-newport-beach-0br-405sqft-HS-105,0,1.0,405,2112.0,2026-08-28,14,False,,,,,,,,https://www.udr.com/orange-county-apartments/newport-beach/eight-80-newport-beach/,2026-07-19,2026-08-02,,,,,Dune I (E1B-S),1,15431
2026-08-02,UDR,Eight 80 Newport Beach,,Orange County,UDR-eight-80-newport-beach-0br-405sqft-HS-303,0,1.0,405,2099.0,2026-08-25,14,False,,,,,,,,https://www.udr.com/orange-county-apartments/newport-beach/eight-80-newport-beach/,2026-07-19,2026-08-02,,,,,Dune I (E1B-S),3,15431
2026-08-02,UDR,Eight 80 Newport Beach,,Orange County,UDR-eight-80-newport-beach-0br-405sqft-RS-212,0,1.0,405,2131.0,2026-10-11,14,False,,,,,,,,https://www.udr.com/orange-county-apartments/newport-beach/eight-80-newport-beach/,2026-07-19,2026-08-02,,,,,Dune I (E1B-S),2,15431
2026-08-02,UDR,Eight 80 Newport Beach,,Orange County,UDR-eight-80-newport-beach-0br-405sqft-RS-311,0,1.0,405,2066.0,2026-09-19,14,False,,,,,,,,https://www.udr.com/orange-county-apartments/newport-beach/eight-80-newport-beach/,2026-07-19,2026-08-02,,,,,Dune I (E1B-S),3,15431
2026-08-02,UDR,Eight 80 Newport Beach,,Orange County,UDR-eight-80-newport-beach-0br-405sqft-TS-104,0,1.0,405,2052.0,2026-08-15,14,False,,,,,,,,https://www.udr.com/orange-county-apartments/newport-beach/eight-80-newport-beach/,2026-04-19,2026-08-02,,,,,Dune I (E1B-S),1,15431
2026-08-02,UDR,Eight 80 Newport Beach,,Orange County,UDR-eight-80-newport-beach-0br-405sqft-TS-206,0,1.0,405,2002.0,2026-09-13,14,False,,,,,,,,https://www.udr.com/orange-county-apartments/newport-beach/eight-80-newport-beach/,2026-07-19,2026-08-02,,,,,Dune I (E1B-S),2,15431
2026-08-02,UDR,Eight 80 Newport Beach,,Orange County,UDR-eight-80-newport-beach-0br-405sqft-BS-112,0,1.0,405,1829.0,2026-08-08,14,False,,,,,,,,https://www.udr.com/orange-county-apartments/newport-beach/eight-80-newport-beach/,2026-08-02,2026-08-02,,,,,Dune I (E1B-S),1,15431
2026-08-02,UDR,Eight 80 Newport Beach,,Orange County,UDR-eight-80-newport-beach-0br-405sqft-BS-303,0,1.0,405,2170.0,2026-09-14,14,False,,,,,,,,https://www.udr.com/orange-county-apartments/newport-beach/eight-80-newport-beach/,2026-06-13,2026-08-02,,,,,Dune I (E1B-S),3,15431
2026-08-02,UDR,Eight 80 Newport Beach,,Orange County,UDR-eight-80-newport-beach-0br-405sqft-WS-305,0,1.0,405,2157.0,2026-10-13,14,False,,,,,,,,https://www.udr.com/orange-county-apartments/newport-beach/eight-80-newport-beach/,2026-07-19,2026-08-02,,,,,Dune I (E1B-S),3,15431
2026-08-02,UDR,Eight 80 Newport Beach,,Orange County,UDR-eight-80-newport-beach-2br-978sqft-HS-101,2,2.0,978,3142.0,2026-08-15,14,False,,,,,,,,https://www.udr.com/orange-county-apartments/newport-beach/eight-80-newport-beach/,2026-05-09,2026-08-02,,,,,Lido (B2A-S),1,15431
2026-08-02,UDR,Eight 80 Newport Beach,,Orange County,UDR-eight-80-newport-beach-2br-978sqft-HS-207,2,2.0,978,3299.0,2026-09-18,14,False,,,,,,,,https://www.udr.com/orange-county-apartments/newport-beach/eight-80-newport-beach/,2026-06-22,2026-08-02,,,,,Lido (B2A-S),2,15431
2026-08-02,UDR,Eight 80 Newport Beach,,Orange County,UDR-eight-80-newport-beach-2br-978sqft-MS-101,2,2.0,978,3143.0,2026-09-26,14,False,,,,,,,,https://www.udr.com/orange-county-apartments/newport-beach/eight-80-newport-beach/,2026-07-19,2026-08-02,,,,,Lido (B2A-S),1,15431
2026-08-02,UDR,Eight 80 Newport Beach,,Orange County,UDR-eight-80-newport-beach-2br-978sqft-TS-301,2,2.0,978,3023.0,2026-10-09,14,False,,,,,,,,https://www.udr.com/orange-county-apartments/newport-beach/eight-80-newport-beach/,2026-08-02,2026-08-02,,,,,Lido (B2A-S),3,15431
2026-08-02,UDR,Eight 80 Newport Beach,,Orange County,UDR-eight-80-newport-beach-1br-675sqft-SS-302,1,1.0,675,2499.0,2026-08-27,14,False,,,,,,,,https://www.udr.com/orange-county-apartments/newport-beach/eight-80-newport-beach/,2026-06-13,2026-08-02,,,,,Newport (A1B-S),3,15431
2026-08-02,UDR,Eight 80 Newport Beach,,Orange County,UDR-eight-80-newport-beach-1br-675sqft-DS-304,1,1.0,675,2608.0,2026-10-03,14,False,,,,,,,,https://www.udr.com/orange-county-apartments/newport-beach/eight-80-newport-beach/,2026-07-19,2026-08-02,,,,,Newport (A1B-S),3,15431
2026-08-02,UDR,Eight 80 Newport Beach,,Orange County,UDR-eight-80-newport-beach-1br-675sqft-BS-314,1,1.0,675,2349.0,2026-09-05,14,False,,,,,,,,https://www.udr.com/orange-county-apartments/newport-beach/eight-80-newport-beach/,2026-07-19,2026-08-02,,,,,Newport (A1B-S),3,15431
2026-08-02,UDR,Eight 80 Newport Beach,,Orange County,UDR-eight-80-newport-beach-1br-665sqft-ZS-203,1,1.0,665,2435.0,2026-08-16,14,False,,,,,,,,https://www.udr.com/orange-county-apartments/newport-beach/eight-80-newport-beach/,2026-07-19,2026-08-02,,,,,Pennisula (A1A-S),2,15431
2026-08-02,UDR,Eight 80 Newport Beach,,Orange County,UDR-eight-80-newport-beach-1br-665sqft-XS-106,1,1.0,665,2516.0,2026-09-15,14,False,,,,,,,,https://www.udr.com/orange-county-apartments/newport-beach/eight-80-newport-beach/,2026-05-23,2026-08-02,,,,,Pennisula (A1A-S),1,15431
2026-08-02,UDR,Eight 80 Newport Beach,,Orange County,UDR-eight-80-newport-beach-1br-665sqft-US-204,1,1.0,665,2352.0,2026-08-21,14,False,,,,,,,,https://www.udr.com/orange-county-apartments/newport-beach/eight-80-newport-beach/,2026-05-09,2026-08-02,,,,,Pennisula (A1A-S),2,15431
2026-08-02,UDR,Eight 80 Newport Beach,,Orange County,UDR-eight-80-newport-beach-1br-665sqft-VS-309,1,1.0,665,2382.0,2026-08-03,14,False,,,,,,,,https://www.udr.com/orange-county-apartments/newport-beach/eight-80-newport-beach/,2026-05-30,2026-08-02,,,,,Pennisula (A1A-S),3,15431
2026-08-02,UDR,Eight 80 Newport Beach,,Orange County,UDR-eight-80-newport-beach-1br-665sqft-RS-303,1,1.0,665,2456.0,2026-08-07,14,False,,,,,,,,https://www.udr.com/orange-county-apartments/newport-beach/eight-80-newport-beach/,2026-06-22,2026-08-02,,,,,Pennisula (A1A-S),3,15431
2026-08-02,UDR,Eight 80 Newport Beach,,Orange County,UDR-eight-80-newport-beach-1br-665sqft-RS-308,1,1.0,665,2586.0,2026-09-25,14,False,,,,,,,,https://www.udr.com/orange-county-apartments/newport-beach/eight-80-newport-beach/,2026-08-02,2026-08-02,,,,,Pennisula (A1A-S),3,15431
2026-08-02,UDR,Eight 80 Newport Beach,,Orange County,UDR-eight-80-newport-beach-1br-665sqft-RS-310,1,1.0,665,2386.0,2026-08-15,14,False,,,,,,,,https://www.udr.com/orange-county-apartments/newport-beach/eight-80-newport-beach/,2026-07-19,2026-08-02,,,,,Pennisula (A1A-S),3,15431
2026-08-02,UDR,Eight 80 Newport Beach,,Orange County,UDR-eight-80-newport-beach-1br-665sqft-NS-103,1,1.0,665,2420.0,2026-08-28,14,False,,,,,,,,https://www.udr.com/orange-county-apartments/newport-beach/eight-80-newport-beach/,2026-08-02,2026-08-02,,,,,Pennisula (A1A-S),1,15431
2026-08-02,UDR,Eight 80 Newport Beach,,Orange County,UDR-eight-80-newport-beach-1br-665sqft-TS-108,1,1.0,665,2432.0,2026-11-01,14,False,,,,,,,,https://www.udr.com/orange-county-apartments/newport-beach/eight-80-newport-beach/,2026-07-19,2026-08-02,,,,,Pennisula (A1A-S),1,15431
2026-08-02,UDR,Eight 80 Newport Beach,,Orange County,UDR-eight-80-newport-beach-1br-665sqft-TS-208,1,1.0,665,2402.0,2026-09-22,14,False,,,,,,,,https://www.udr.com/orange-county-apartments/newport-beach/eight-80-newport-beach/,2026-05-30,2026-08-02,,,,,Pennisula (A1A-S),2,15431
2026-08-02,UDR,Eight 80 Newport Beach,,Orange County,UDR-eight-80-newport-beach-1br-665sqft-BS-102,1,1.0,665,2322.0,2026-09-01,14,False,,,,,,,,https://www.udr.com/orange-county-apartments/newport-beach/eight-80-newport-beach/,2026-05-23,2026-08-02,,,,,Pennisula (A1A-S),1,15431
2026-08-02,UDR,Eight 80 Newport Beach,,Orange County,UDR-eight-80-newport-beach-1br-705sqft-J311,1,1.0,705,2566.0,2026-09-19,14,False,,,,,,,,https://www.udr.com/orange-county-apartments/newport-beach/eight-80-newport-beach/,2026-07-19,2026-08-02,,,,,A1B-N (1x1),3,15431
2026-08-02,UDR,Eight 80 Newport Beach,,Orange County,UDR-eight-80-newport-beach-1br-705sqft-M310,1,1.0,705,2526.0,2026-09-06,14,False,,,,,,,,https://www.udr.com/orange-county-apartments/newport-beach/eight-80-newport-beach/,2026-07-19,2026-08-02,,,,,A1B-N (1x1),3,15431
2026-08-02,UDR,Eight 80 Newport Beach,,Orange County,UDR-eight-80-newport-beach-0br-633sqft-01-201,0,1.0,633,2726.0,2026-08-03,14,False,,,,,,,,https://www.udr.com/orange-county-apartments/newport-beach/eight-80-newport-beach/,2026-07-19,2026-08-02,,,,,One Bed (A1F-N23),2,15431
2026-08-02,UDR,Eight 80 Newport Beach,,Orange County,UDR-eight-80-newport-beach-0br-633sqft-01-205,0,1.0,633,2726.0,2026-08-31,14,False,,,,,,,,https://www.udr.com/orange-county-apartments/newport-beach/eight-80-newport-beach/,2026-07-19,2026-08-02,,,,,One Bed (A1F-N23),2,15431
2026-08-02,UDR,Eight 80 Newport Beach,,Orange County,UDR-eight-80-newport-beach-2br-951sqft-D215,2,2.0,951,3135.0,2026-09-06,14,False,,,,,,,,https://www.udr.com/orange-county-apartments/newport-beach/eight-80-newport-beach/,2026-07-19,2026-08-02,,,,,Lagoon (B2B-N),2,15431
2026-08-02,UDR,Eight 80 Newport Beach,,Orange County,UDR-eight-80-newport-beach-2br-951sqft-F201,2,2.0,951,3158.0,2026-10-24,14,False,,,,,,,,https://www.udr.com/orange-county-apartments/newport-beach/eight-80-newport-beach/,2026-08-02,2026-08-02,,,,,Lagoon (B2B-N),2,15431
2026-08-02,UDR,Eight 80 Newport Beach,,Orange County,UDR-eight-80-newport-beach-2br-951sqft-H112,2,2.0,951,3207.0,2026-09-06,14,False,,,,,,,,https://www.udr.com/orange-county-apartments/newport-beach/eight-80-newport-beach/,2026-08-02,2026-08-02,,,,,Lagoon (B2B-N),1,15431
2026-08-02,UDR,Eight 80 Newport Beach,,Orange County,UDR-eight-80-newport-beach-2br-951sqft-H202,2,2.0,951,3110.0,2026-08-03,14,False,,,,,,,,https://www.udr.com/orange-county-apartments/newport-beach/eight-80-newport-beach/,2026-04-04,2026-08-02,,,,,Lagoon (B2B-N),2,15431
2026-08-02,UDR,Elements Apartments,,Seattle,UDR-elements-apartments-0br-407sqft-0603,0,1.0,407,2408.0,2026-08-12,14,True,soft,Check out current specials and leasing promotions at Elements Apartments in Bellevue. Save on select apartments today.,,,,,,https://www.udr.com/seattle-apartments/bellevue/elements/,2026-07-19,2026-08-02,,,,,Club 03's,6,29741
2026-08-02,UDR,Elements Apartments,,Seattle,UDR-elements-apartments-0br-407sqft-0903,0,1.0,407,2124.0,2026-08-03,14,True,soft,Check out current specials and leasing promotions at Elements Apartments in Bellevue. Save on select apartments today.,,,,,,https://www.udr.com/seattle-apartments/bellevue/elements/,2026-04-04,2026-08-02,,,,,Club 03's,9,29741
2026-08-02,UDR,Elements Apartments,,Seattle,UDR-elements-apartments-0br-414sqft-0608,0,1.0,414,2186.0,2026-09-18,14,True,soft,Check out current specials and leasing promotions at Elements Apartments in Bellevue. Save on select apartments today.,,,,,,https://www.udr.com/seattle-apartments/bellevue/elements/,2026-04-04,2026-08-02,,,,,Club 08's,6,29741
2026-08-02,UDR,Elements Apartments,,Seattle,UDR-elements-apartments-0br-439sqft-0909,0,1.0,439,2484.0,2026-08-13,14,True,soft,Check out current specials and leasing promotions at Elements Apartments in Bellevue. Save on select apartments today.,,,,,,https://www.udr.com/seattle-apartments/bellevue/elements/,2026-08-02,2026-08-02,,,,,Club 09's,9,29741
2026-08-02,UDR,Elements Apartments,,Seattle,UDR-elements-apartments-1br-599sqft-1502,1,1.0,599,2722.0,2026-08-03,14,True,soft,Check out current specials and leasing promotions at Elements Apartments in Bellevue. Save on select apartments today.,,,,,,https://www.udr.com/seattle-apartments/bellevue/elements/,2026-06-22,2026-08-02,,,,,Club 02's,15,29741
2026-08-02,UDR,Elements Apartments,,Seattle,UDR-elements-apartments-1br-599sqft-2302,1,1.0,599,3473.0,2026-08-03,14,True,soft,Check out current specials and leasing promotions at Elements Apartments in Bellevue. Save on select apartments today.,,,,,,https://www.udr.com/seattle-apartments/bellevue/elements/,2026-05-03,2026-08-02,,,,,Club 02's,23,29741
2026-08-02,UDR,Elements Apartments,,Seattle,UDR-elements-apartments-1br-638sqft-1205,1,1.0,638,2981.0,2026-08-11,14,True,soft,Check out current specials and leasing promotions at Elements Apartments in Bellevue. Save on select apartments today.,,,,,,https://www.udr.com/seattle-apartments/bellevue/elements/,2026-07-19,2026-08-02,,,,,Club 05's,12,29741
2026-08-02,UDR,Elements Apartments,,Seattle,UDR-elements-apartments-1br-638sqft-1905,1,1.0,638,2977.0,2026-08-20,14,True,soft,Check out current specials and leasing promotions at Elements Apartments in Bellevue. Save on select apartments today.,,,,,,https://www.udr.com/seattle-apartments/bellevue/elements/,2026-08-02,2026-08-02,,,,,Club 05's,19,29741
2026-08-02,UDR,Elements Apartments,,Seattle,UDR-elements-apartments-1br-680sqft-1107,1,1.0,680,2552.0,2026-08-28,14,True,soft,Check out current specials and leasing promotions at Elements Apartments in Bellevue. Save on select apartments today.,,,,,,https://www.udr.com/seattle-apartments/bellevue/elements/,2026-08-02,2026-08-02,,,,,Club 07's,11,29741
2026-08-02,UDR,Elements Apartments,,Seattle,UDR-elements-apartments-1br-755sqft-1701,1,1.0,755,3071.0,2026-08-06,14,True,soft,Check out current specials and leasing promotions at Elements Apartments in Bellevue. Save on select apartments today.,,,,,,https://www.udr.com/seattle-apartments/bellevue/elements/,2026-08-02,2026-08-02,,,,,Club 01`s,17,29741
2026-08-02,UDR,Elements Apartments,,Seattle,UDR-elements-apartments-1br-790sqft-2103A,1,1.0,790,2965.0,2026-08-03,14,True,soft,Check out current specials and leasing promotions at Elements Apartments in Bellevue. Save on select apartments today.,,,,,,https://www.udr.com/seattle-apartments/bellevue/elements/,2026-07-19,2026-08-02,,,,,Club 03a's,21,29741
2026-08-02,UDR,Elements Apartments,,Seattle,UDR-elements-apartments-2br-855sqft-2208A,2,2.0,855,3994.0,2026-08-03,14,True,soft,Check out current specials and leasing promotions at Elements Apartments in Bellevue. Save on select apartments today.,,,,,,https://www.udr.com/seattle-apartments/bellevue/elements/,2026-05-23,2026-08-02,,,,,Club 08a's,22,29741
2026-08-02,UDR,Elements Apartments,,Seattle,UDR-elements-apartments-2br-1061sqft-1210,2,2.0,1061,4373.0,2026-08-13,14,True,soft,Check out current specials and leasing promotions at Elements Apartments in Bellevue. Save on select apartments today.,,,,,,https://www.udr.com/seattle-apartments/bellevue/elements/,2026-07-19,2026-08-02,,,,,Club 10's,12,29741
2026-08-02,UDR,Elements Apartments,,Seattle,UDR-elements-apartments-2br-1061sqft-0910,2,2.0,1061,4109.0,2026-09-03,14,True,soft,Check out current specials and leasing promotions at Elements Apartments in Bellevue. Save on select apartments today.,,,,,,https://www.udr.com/seattle-apartments/bellevue/elements/,2026-08-02,2026-08-02,,,,,Club 10's,9,29741
2026-08-02,UDR,Elements Apartments,,Seattle,UDR-elements-apartments-2br-1096sqft-2703,2,2.0,1096,4348.0,2026-08-06,14,True,soft,Check out current specials and leasing promotions at Elements Apartments in Bellevue. Save on select apartments today.,,,,,,https://www.udr.com/seattle-apartments/bellevue/elements/,2026-07-19,2026-08-02,,,,,Panache 03's,27,29741
2026-08-02,UDR,Elements Apartments,,Seattle,UDR-elements-apartments-2br-1184sqft-2505,2,2.0,1184,3810.0,2026-08-27,14,True,soft,Check out current specials and leasing promotions at Elements Apartments in Bellevue. Save on select apartments today.,,,,,,https://www.udr.com/seattle-apartments/bellevue/elements/,2026-08-02,2026-08-02,,,,,Panache 05's,25,29741
2026-08-02,UDR,Elements Apartments,,Seattle,UDR-elements-apartments-0br-487sqft-512,0,1.0,487,2419.0,2026-09-17,13,True,soft,Check out current specials and leasing promotions at Elements Apartments in Bellevue. Save on select apartments today.,,,,,,https://www.udr.com/seattle-apartments/bellevue/elements/,2026-04-04,2026-08-02,,,,,Midrise E1G,5,29741
2026-08-02,UDR,Elements Apartments,,Seattle,UDR-elements-apartments-0br-419sqft-1115,0,1.0,419,2232.0,2026-08-03,13,True,soft,Check out current specials and leasing promotions at Elements Apartments in Bellevue. Save on select apartments today.,,,,,,https://www.udr.com/seattle-apartments/bellevue/elements/,2026-04-04,2026-08-02,,,,,Midrise E1B,11,29741
2026-08-02,UDR,Elements Apartments,,Seattle,UDR-elements-apartments-0br-381sqft-1204,0,1.0,381,2029.0,2026-08-20,14,True,soft,Check out current specials and leasing promotions at Elements Apartments in Bellevue. Save on select apartments today.,,,,,,https://www.udr.com/seattle-apartments/bellevue/elements/,2026-06-08,2026-08-02,,,,,Club 04's,12,29741
2026-08-02,UDR,Elements Apartments,,Seattle,UDR-elements-apartments-0br-381sqft-0804,0,1.0,381,2361.0,2026-09-25,14,True,soft,Check out current specials and leasing promotions at Elements Apartments in Bellevue. Save on select apartments today.,,,,,,https://www.udr.com/seattle-apartments/bellevue/elements/,2026-07-19,2026-08-02,,,,,Club 04's,8,29741
2026-08-02,UDR,Elements Apartments,,Seattle,UDR-elements-apartments-1br-655sqft-1213,1,1.0,655,2706.0,2026-08-03,13,True,soft,Check out current specials and leasing promotions at Elements Apartments in Bellevue. Save on select apartments today.,,,,,,https://www.udr.com/seattle-apartments/bellevue/elements/,2026-06-22,2026-08-02,,,,,Midrise A1H,12,29741
2026-08-02,UDR,Elements Apartments,,Seattle,UDR-elements-apartments-2br-833sqft-909,2,2.0,833,3799.0,2026-08-14,13,True,soft,Check out current specials and leasing promotions at Elements Apartments in Bellevue. Save on select apartments today.,,,,,,https://www.udr.com/seattle-apartments/bellevue/elements/,2026-05-09,2026-08-02,,,,,Midrise B2A,9,29741
2026-08-02,UDR,Elements Apartments,,Seattle,UDR-elements-apartments-1br-568sqft-903,1,1.0,568,2969.0,2026-08-03,13,True,soft,Check out current specials and leasing promotions at Elements Apartments in Bellevue. Save on select apartments today.,,,,,,https://www.udr.com/seattle-apartments/bellevue/elements/,2026-05-09,2026-08-02,,,,,Midrise A1C,9,29741
2026-08-02,UDR,Elements Apartments,,Seattle,UDR-elements-apartments-1br-568sqft-906,1,1.0,568,3044.0,2026-08-03,13,True,soft,Check out current specials and leasing promotions at Elements Apartments in Bellevue. Save on select apartments today.,,,,,,https://www.udr.com/seattle-apartments/bellevue/elements/,2026-07-19,2026-08-02,,,,,Midrise A1C,9,29741
2026-08-02,UDR,Elements Apartments,,Seattle,UDR-elements-apartments-1br-705sqft-707,1,1.0,705,2678.0,2026-08-20,13,True,soft,Check out current specials and leasing promotions at Elements Apartments in Bellevue. Save on select apartments today.,,,,,,https://www.udr.com/seattle-apartments/bellevue/elements/,2026-07-19,2026-08-02,,,,,Midrise A1L,7,29741
2026-08-02,UDR,Elements Apartments,,Seattle,UDR-elements-apartments-1br-804sqft-502,1,1.0,804,2583.0,2026-09-03,13,True,soft,Check out current specials and leasing promotions at Elements Apartments in Bellevue. Save on select apartments today.,,,,,,https://www.udr.com/seattle-apartments/bellevue/elements/,2026-06-13,2026-08-02,,,,,Midrise A1M,5,29741
2026-08-02,UDR,Elements Apartments,,Seattle,UDR-elements-apartments-1br-798sqft-605,1,1.0,798,3094.0,2026-08-03,13,True,soft,Check out current specials and leasing promotions at Elements Apartments in Bellevue. Save on select apartments today.,,,,,,https://www.udr.com/seattle-apartments/bellevue/elements/,2026-04-04,2026-08-02,,,,,Midrise A1OD,6,29741
2026-08-02,UDR,Elements Apartments,,Seattle,UDR-elements-apartments-1br-798sqft-606,1,1.0,798,3622.0,2026-09-17,13,True,soft,Check out current specials and leasing promotions at Elements Apartments in Bellevue. Save on select apartments today.,,,,,,https://www.udr.com/seattle-apartments/bellevue/elements/,2026-07-19,2026-08-02,,,,,Midrise A1OD,6,29741
2026-08-02,UDR,Elements Apartments,,Seattle,UDR-elements-apartments-1br-797sqft-608,1,1.0,797,3124.0,2026-08-03,13,True,soft,Check out current specials and leasing promotions at Elements Apartments in Bellevue. Save on select apartments today.,,,,,,https://www.udr.com/seattle-apartments/bellevue/elements/,2026-06-08,2026-08-02,,,,,Midrise A1OD,6,29741
2026-08-02,UDR,Elements Apartments,,Seattle,UDR-elements-apartments-1br-890sqft-503,1,1.0,890,2954.0,2026-08-06,13,True,soft,Check out current specials and leasing promotions at Elements Apartments in Bellevue. Save on select apartments today.,,,,,,https://www.udr.com/seattle-apartments/bellevue/elements/,2026-06-13,2026-08-02,,,,,Midrise A1QD,5,29741
2026-08-02,UDR,Elements Apartments,,Seattle,UDR-elements-apartments-1br-662sqft-1505,1,1.0,662,2552.0,2026-09-18,13,True,soft,Check out current specials and leasing promotions at Elements Apartments in Bellevue. Save on select apartments today.,,,,,,https://www.udr.com/seattle-apartments/bellevue/elements/,2026-07-19,2026-08-02,,,,,Highrise A1D,15,29741
2026-08-02,UDR,Elements Apartments,,Seattle,UDR-elements-apartments-1br-909sqft-1603,1,1.0,909,3274.0,2026-08-29,13,True,soft,Check out current specials and leasing promotions at Elements Apartments in Bellevue. Save on select apartments today.,,,,,,https://www.udr.com/seattle-apartments/bellevue/elements/,2026-05-30,2026-08-02,,,,,Highrise A1UD,16,29741
2026-08-02,UDR,Elements Apartments,,Seattle,UDR-elements-apartments-1br-568sqft-1605,1,1.0,568,2725.0,2026-08-06,13,True,soft,Check out current specials and leasing promotions at Elements Apartments in Bellevue. Save on select apartments today.,,,,,,https://www.udr.com/seattle-apartments/bellevue/elements/,2026-07-19,2026-08-02,,,,,Highrise A1V,16,29741
2026-08-02,UDR,Elements Apartments,,Seattle,UDR-elements-apartments-2br-1549sqft-2602,2,2.0,1549,5496.0,2026-08-27,13,True,soft,Check out current specials and leasing promotions at Elements Apartments in Bellevue. Save on select apartments today.,,,,,,https://www.udr.com/seattle-apartments/bellevue/elements/,2026-07-19,2026-08-02,,,,,Highrise B2ND,26,29741
2026-08-02,UDR,Elements Apartments,,Seattle,UDR-elements-apartments-2br-894sqft-815,2,2.0,894,3555.0,2026-10-01,12,True,soft,Check out current specials and leasing promotions at Elements Apartments in Bellevue. Save on select apartments today.,,,,,,https://www.udr.com/seattle-apartments/bellevue/elements/,2026-04-26,2026-08-02,,,,,Highrise B2G,8,29741
2026-08-02,UDR,Eleven55 Ripley,,Washington DC,UDR-eleven55-ripley-1br-544sqft-1109,1,1.0,544,1910.0,2026-10-03,13,True,hard,Save $1800 off rent!,dollar_off,1800.0,7.25,,1771.54,https://www.udr.com/washington-dc-apartments/silver-spring/eleven55-ripley/,2026-07-19,2026-08-02,,,,,One Bedroom A1A,11,51503
2026-08-02,UDR,Eleven55 Ripley,,Washington DC,UDR-eleven55-ripley-1br-603sqft-1708,1,1.0,603,1991.0,2026-08-07,13,True,hard,Save $1800 off rent!,dollar_off,1800.0,6.95,,1852.54,https://www.udr.com/washington-dc-apartments/silver-spring/eleven55-ripley/,2026-06-08,2026-08-02,,,,,One Bedroom A1B,17,51503
2026-08-02,UDR,Eleven55 Ripley,,Washington DC,UDR-eleven55-ripley-1br-607sqft-510,1,1.0,607,1896.0,2026-10-02,13,True,hard,Save $1800 off rent!,dollar_off,1800.0,7.3,,1757.54,https://www.udr.com/washington-dc-apartments/silver-spring/eleven55-ripley/,2026-08-02,2026-08-02,,,,,One Bedroom A1D,5,51503
2026-08-02,UDR,Eleven55 Ripley,,Washington DC,UDR-eleven55-ripley-1br-680sqft-1907,1,1.0,680,1804.0,2026-08-13,13,True,hard,Save $1800 off rent!,dollar_off,1800.0,7.68,,1665.54,https://www.udr.com/washington-dc-apartments/silver-spring/eleven55-ripley/,2026-08-02,2026-08-02,,,,,One Bedroom A1F,19,51503
2026-08-02,UDR,Eleven55 Ripley,,Washington DC,UDR-eleven55-ripley-1br-695sqft-2004,1,1.0,695,1889.0,2026-09-18,12,True,hard,Save $1800 off rent!,dollar_off,1800.0,7.94,,1739.0,https://www.udr.com/washington-dc-apartments/silver-spring/eleven55-ripley/,2026-07-19,2026-08-02,,,,,One Bedroom A1G,20,51503
2026-08-02,UDR,Eleven55 Ripley,,Washington DC,UDR-eleven55-ripley-1br-697sqft-616,1,1.0,697,1972.0,2026-08-08,13,True,hard,Save $1800 off rent!,dollar_off,1800.0,7.02,,1833.54,https://www.udr.com/washington-dc-apartments/silver-spring/eleven55-ripley/,2026-06-08,2026-08-02,,,,,One Bedroom A1H,6,51503
2026-08-02,UDR,Eleven55 Ripley,,Washington DC,UDR-eleven55-ripley-1br-697sqft-816,1,1.0,697,2013.0,2026-08-03,13,True,hard,Save $1800 off rent!,dollar_off,1800.0,6.88,,1874.54,https://www.udr.com/washington-dc-apartments/silver-spring/eleven55-ripley/,2026-05-16,2026-08-02,,,,,One Bedroom A1H,8,51503
2026-08-02,UDR,Eleven55 Ripley,,Washington DC,UDR-eleven55-ripley-1br-733sqft-1814,1,1.0,733,2086.0,2026-09-22,12,True,hard,Save $1800 off rent!,dollar_off,1800.0,7.19,,1936.0,https://www.udr.com/washington-dc-apartments/silver-spring/eleven55-ripley/,2026-08-02,2026-08-02,,,,,One Bedroom A1MD,18,51503
2026-08-02,UDR,Eleven55 Ripley,,Washington DC,UDR-eleven55-ripley-1br-805sqft-1613,1,1.0,805,2021.0,2026-08-29,13,True,hard,Save $1800 off rent!,dollar_off,1800.0,6.85,,1882.54,https://www.udr.com/washington-dc-apartments/silver-spring/eleven55-ripley/,2026-07-19,2026-08-02,,,,,One Bedroom A1SD,16,51503
2026-08-02,UDR,Eleven55 Ripley,,Washington DC,UDR-eleven55-ripley-1br-805sqft-1813,1,1.0,805,2135.0,2026-08-15,13,True,hard,Save $1800 off rent!,dollar_off,1800.0,6.49,,1996.54,https://www.udr.com/washington-dc-apartments/silver-spring/eleven55-ripley/,2026-05-23,2026-08-02,,,,,One Bedroom A1SD,18,51503
2026-08-02,UDR,Eleven55 Ripley,,Washington DC,UDR-eleven55-ripley-1br-805sqft-1913,1,1.0,805,2158.0,2026-08-21,13,True,hard,Save $1800 off rent!,dollar_off,1800.0,6.42,,2019.54,https://www.udr.com/washington-dc-apartments/silver-spring/eleven55-ripley/,2026-05-23,2026-08-02,,,,,One Bedroom A1SD,19,51503
2026-08-02,UDR,Eleven55 Ripley,,Washington DC,UDR-eleven55-ripley-0br-434sqft-1417,0,1.0,434,1626.0,2026-08-03,12,True,hard,Save $1800 off rent!,dollar_off,1800.0,9.23,,1476.0,https://www.udr.com/washington-dc-apartments/silver-spring/eleven55-ripley/,2026-05-09,2026-08-02,,,,,Studio E1,14,51503
2026-08-02,UDR,Eleven55 Ripley,,Washington DC,UDR-eleven55-ripley-2br-886sqft-1206,2,2.0,886,2248.0,2026-08-03,12,True,hard,Save $1800 off rent!,dollar_off,1800.0,6.67,,2098.0,https://www.udr.com/washington-dc-apartments/silver-spring/eleven55-ripley/,2026-04-19,2026-08-02,,,,,Two Bedroom B2A,12,51503
2026-08-02,UDR,Eleven55 Ripley,,Washington DC,UDR-eleven55-ripley-2br-896sqft-2121,2,2.0,896,2192.0,2026-08-30,13,True,hard,Save $1800 off rent!,dollar_off,1800.0,6.32,,2053.54,https://www.udr.com/washington-dc-apartments/silver-spring/eleven55-ripley/,2026-06-13,2026-08-02,,,,,Two Bedroom B2B,21,51503
2026-08-02,UDR,Eleven55 Ripley,,Washington DC,UDR-eleven55-ripley-2br-1010sqft-2112,2,2.0,1010,2598.0,2026-08-08,12,True,hard,Save $1800 off rent!,dollar_off,1800.0,5.77,,2448.0,https://www.udr.com/washington-dc-apartments/silver-spring/eleven55-ripley/,2026-06-08,2026-08-02,,,,,Two Bedroom B2C,21,51503
2026-08-02,UDR,Eleven55 Ripley,,Washington DC,UDR-eleven55-ripley-2br-1010sqft-812,2,2.0,1010,2130.0,2026-09-12,12,True,hard,Save $1800 off rent!,dollar_off,1800.0,7.04,,1980.0,https://www.udr.com/washington-dc-apartments/silver-spring/eleven55-ripley/,2026-07-19,2026-08-02,,,,,Two Bedroom B2C,8,51503
2026-08-02,UDR,Eleven55 Ripley,,Washington DC,UDR-eleven55-ripley-2br-1100sqft-1302,2,2.0,1100,2923.0,2026-09-19,13,True,hard,Save $1800 off rent!,dollar_off,1800.0,4.74,,2784.54,https://www.udr.com/washington-dc-apartments/silver-spring/eleven55-ripley/,2026-07-19,2026-08-02,,,,,Two Bedroom B2D,13,51503
2026-08-02,UDR,Eleven55 Ripley,,Washington DC,UDR-eleven55-ripley-2br-1251sqft-1915,2,2.0,1251,3113.0,2026-09-18,13,True,hard,Save $1800 off rent!,dollar_off,1800.0,4.45,,2974.54,https://www.udr.com/washington-dc-apartments/silver-spring/eleven55-ripley/,2026-07-19,2026-08-02,,,,,Two Bedroom B2H,19,51503
2026-08-02,UDR,Essex Luxe Apartments,,Orlando,UDR-essex-luxe-apartments-1br-735sqft-2105,1,1.0,735,1687.0,2026-08-07,13,True,hard,Save $500 off full months rent!,dollar_off,500.0,2.28,,1648.54,https://www.udr.com/orlando-apartments/orlando/essex-luxe-apartments/,2026-08-02,2026-08-02,,,,,One Bedroom A1B,1,409202011
2026-08-02,UDR,Essex Luxe Apartments,,Orlando,UDR-essex-luxe-apartments-1br-735sqft-2204,1,1.0,735,1742.0,2026-09-29,13,True,hard,Save $500 off full months rent!,dollar_off,500.0,2.21,,1703.54,https://www.udr.com/orlando-apartments/orlando/essex-luxe-apartments/,2026-07-19,2026-08-02,,,,,One Bedroom A1B,2,409202011
2026-08-02,UDR,Essex Luxe Apartments,,Orlando,UDR-essex-luxe-apartments-1br-735sqft-2206,1,1.0,735,1647.0,2026-08-03,13,True,hard,Save $500 off full months rent!,dollar_off,500.0,2.34,,1608.54,https://www.udr.com/orlando-apartments/orlando/essex-luxe-apartments/,2026-05-09,2026-08-02,,,,,One Bedroom A1B,2,409202011
2026-08-02,UDR,Essex Luxe Apartments,,Orlando,UDR-essex-luxe-apartments-1br-888sqft-4103,1,1.0,888,1837.0,2026-08-03,13,True,hard,Save $500 off full months rent!,dollar_off,500.0,2.09,,1798.54,https://www.udr.com/orlando-apartments/orlando/essex-luxe-apartments/,2026-05-30,2026-08-02,,,,,One Bedroom A1E,1,409202011
2026-08-02,UDR,Essex Luxe Apartments,,Orlando,UDR-essex-luxe-apartments-1br-888sqft-3403,1,1.0,888,1883.0,2026-10-06,14,True,hard,Save $500 off full months rent!,dollar_off,500.0,1.9,,1847.29,https://www.udr.com/orlando-apartments/orlando/essex-luxe-apartments/,2026-08-02,2026-08-02,,,,,One Bedroom A1E,4,409202011
2026-08-02,UDR,Essex Luxe Apartments,,Orlando,UDR-essex-luxe-apartments-3br-1331sqft-3106,3,2.0,1331,2395.0,2026-09-08,13,True,hard,Save $500 off full months rent!,dollar_off,500.0,1.61,,2356.54,https://www.udr.com/orlando-apartments/orlando/essex-luxe-apartments/,2026-06-22,2026-08-02,,,,,Three Bedroom C2,1,409202011
2026-08-02,UDR,Essex Luxe Apartments,,Orlando,UDR-essex-luxe-apartments-3br-1331sqft-2126,3,2.0,1331,2545.0,2026-09-22,13,True,hard,Save $500 off full months rent!,dollar_off,500.0,1.51,,2506.54,https://www.udr.com/orlando-apartments/orlando/essex-luxe-apartments/,2026-06-22,2026-08-02,,,,,Three Bedroom C2,1,409202011
2026-08-02,UDR,Essex Luxe Apartments,,Orlando,UDR-essex-luxe-apartments-2br-1040sqft-5104,2,2.0,1040,2036.0,2026-09-19,14,True,hard,Save $500 off full months rent!,dollar_off,500.0,1.75,,2000.29,https://www.udr.com/orlando-apartments/orlando/essex-luxe-apartments/,2026-08-02,2026-08-02,,,,,Two Bedroom B2B,1,409202011
2026-08-02,UDR,Essex Luxe Apartments,,Orlando,UDR-essex-luxe-apartments-2br-1040sqft-5203,2,2.0,1040,1997.0,2026-08-03,12,True,hard,Save $500 off full months rent!,dollar_off,500.0,2.09,,1955.33,https://www.udr.com/orlando-apartments/orlando/essex-luxe-apartments/,2026-05-30,2026-08-02,,,,,Two Bedroom B2B,2,409202011
2026-08-02,UDR,Essex Luxe Apartments,,Orlando,UDR-essex-luxe-apartments-2br-1040sqft-5205,2,2.0,1040,1959.0,2026-08-25,14,True,hard,Save $500 off full months rent!,dollar_off,500.0,1.82,,1923.29,https://www.udr.com/orlando-apartments/orlando/essex-luxe-apartments/,2026-07-19,2026-08-02,,,,,Two Bedroom B2B,2,409202011
2026-08-02,UDR,Essex Luxe Apartments,,Orlando,UDR-essex-luxe-apartments-2br-1040sqft-5206,2,2.0,1040,1959.0,2026-08-20,12,True,hard,Save $500 off full months rent!,dollar_off,500.0,2.13,,1917.33,https://www.udr.com/orlando-apartments/orlando/essex-luxe-apartments/,2026-07-19,2026-08-02,,,,,Two Bedroom B2B,2,409202011
2026-08-02,UDR,Essex Luxe Apartments,,Orlando,UDR-essex-luxe-apartments-2br-1040sqft-5303,2,2.0,1040,1959.0,2026-08-27,14,True,hard,Save $500 off full months rent!,dollar_off,500.0,1.82,,1923.29,https://www.udr.com/orlando-apartments/orlando/essex-luxe-apartments/,2026-06-22,2026-08-02,,,,,Two Bedroom B2B,3,409202011
2026-08-02,UDR,Essex Luxe Apartments,,Orlando,UDR-essex-luxe-apartments-2br-1040sqft-5403,2,2.0,1040,1959.0,2026-08-25,14,True,hard,Save $500 off full months rent!,dollar_off,500.0,1.82,,1923.29,https://www.udr.com/orlando-apartments/orlando/essex-luxe-apartments/,2026-08-02,2026-08-02,,,,,Two Bedroom B2B,4,409202011
2026-08-02,UDR,Essex Luxe Apartments,,Orlando,UDR-essex-luxe-apartments-2br-1076sqft-4102,2,2.0,1076,2096.0,2026-09-22,14,True,hard,Save $500 off full months rent!,dollar_off,500.0,1.7,,2060.29,https://www.udr.com/orlando-apartments/orlando/essex-luxe-apartments/,2026-07-19,2026-08-02,,,,,Two Bedroom B2C,1,409202011
2026-08-02,UDR,Essex Luxe Apartments,,Orlando,UDR-essex-luxe-apartments-2br-1076sqft-4118,2,2.0,1076,2031.0,2026-08-05,12,True,hard,Save $500 off full months rent!,dollar_off,500.0,2.05,,1989.33,https://www.udr.com/orlando-apartments/orlando/essex-luxe-apartments/,2026-05-30,2026-08-02,,,,,Two Bedroom B2C,1,409202011
2026-08-02,UDR,Essex Luxe Apartments,,Orlando,UDR-essex-luxe-apartments-2br-1076sqft-4402,2,2.0,1076,2110.0,2026-08-03,12,True,hard,Save $500 off full months rent!,dollar_off,500.0,1.97,,2068.33,https://www.udr.com/orlando-apartments/orlando/essex-luxe-apartments/,2026-05-03,2026-08-02,,,,,Two Bedroom B2C,4,409202011
2026-08-02,UDR,Essex Luxe Apartments,,Orlando,UDR-essex-luxe-apartments-2br-1076sqft-5111,2,2.0,1076,2096.0,2026-09-29,14,True,hard,Save $500 off full months rent!,dollar_off,500.0,1.7,,2060.29,https://www.udr.com/orlando-apartments/orlando/essex-luxe-apartments/,2026-08-02,2026-08-02,,,,,Two Bedroom B2C,1,409202011
2026-08-02,UDR,Essex Luxe Apartments,,Orlando,UDR-essex-luxe-apartments-2br-1076sqft-3113,2,2.0,1076,2009.0,2026-08-03,12,True,hard,Save $500 off full months rent!,dollar_off,500.0,2.07,,1967.33,https://www.udr.com/orlando-apartments/orlando/essex-luxe-apartments/,2026-05-30,2026-08-02,,,,,Two Bedroom B2C,1,409202011
2026-08-02,UDR,Essex Luxe Apartments,,Orlando,UDR-essex-luxe-apartments-2br-1133sqft-3316,2,2.0,1133,2008.0,2026-08-11,12,True,hard,Save $500 off full months rent!,dollar_off,500.0,2.08,,1966.33,https://www.udr.com/orlando-apartments/orlando/essex-luxe-apartments/,2026-07-19,2026-08-02,,,,,Two Bedroom B2D,3,409202011
2026-08-02,UDR,Essex Luxe Apartments,,Orlando,UDR-essex-luxe-apartments-2br-1183sqft-4304,2,2.0,1183,2099.0,2026-08-04,12,True,hard,Save $500 off full months rent!,dollar_off,500.0,1.99,,2057.33,https://www.udr.com/orlando-apartments/orlando/essex-luxe-apartments/,2026-04-12,2026-08-02,,,,,Two Bedroom B2E,3,409202011
2026-08-02,UDR,Estancia Villas,,Austin,UDR-estancia-villas-1br-625sqft-1213,1,1.0,625,1109.0,2026-10-17,13,True,hard,Save 1 Month Free off rent!,months_free,1.0,7.69,7.69,1023.69,https://www.udr.com/austin-apartments/austin/estancia-villas/,2026-08-02,2026-08-02,,,,,One Bedroom A1A,1,604282101
2026-08-02,UDR,Estancia Villas,,Austin,UDR-estancia-villas-1br-625sqft-1313,1,1.0,625,1169.0,2026-09-25,14,True,hard,Save 1 Month Free off rent!,months_free,1.0,7.14,7.14,1085.5,https://www.udr.com/austin-apartments/austin/estancia-villas/,2026-08-02,2026-08-02,,,,,One Bedroom A1A,1,604282101
2026-08-02,UDR,Estancia Villas,,Austin,UDR-estancia-villas-1br-625sqft-1336,1,1.0,625,1045.0,2026-09-22,14,True,hard,Save 1 Month Free off rent!,months_free,1.0,7.14,7.14,970.36,https://www.udr.com/austin-apartments/austin/estancia-villas/,2026-07-19,2026-08-02,,,,,One Bedroom A1A,3,604282101
2026-08-02,UDR,Estancia Villas,,Austin,UDR-estancia-villas-1br-625sqft-1415,1,1.0,625,1169.0,2026-09-29,14,True,hard,Save 1 Month Free off rent!,months_free,1.0,7.14,7.14,1085.5,https://www.udr.com/austin-apartments/austin/estancia-villas/,2026-08-02,2026-08-02,,,,,One Bedroom A1A,1,604282101
2026-08-02,UDR,Estancia Villas,,Austin,UDR-estancia-villas-1br-625sqft-634,1,1.0,625,1025.0,2026-08-18,14,True,hard,Save 1 Month Free off rent!,months_free,1.0,7.14,7.14,951.79,https://www.udr.com/austin-apartments/austin/estancia-villas/,2026-06-22,2026-08-02,,,,,One Bedroom A1A,3,604282101
2026-08-02,UDR,Estancia Villas,,Austin,UDR-estancia-villas-1br-625sqft-925,1,1.0,625,1084.0,2026-10-03,13,True,hard,Save 1 Month Free off rent!,months_free,1.0,7.69,7.69,1000.62,https://www.udr.com/austin-apartments/austin/estancia-villas/,2026-08-02,2026-08-02,,,,,One Bedroom A1A,2,604282101
2026-08-02,UDR,Estancia Villas,,Austin,UDR-estancia-villas-1br-695sqft-1036,1,1.0,695,1120.0,2026-08-21,14,True,hard,Save 1 Month Free off rent!,months_free,1.0,7.14,7.14,1040.0,https://www.udr.com/austin-apartments/austin/estancia-villas/,2026-07-19,2026-08-02,,,,,One Bedroom A1B,3,604282101
2026-08-02,UDR,Estancia Villas,,Austin,UDR-estancia-villas-1br-695sqft-533,1,1.0,695,1120.0,2026-09-29,14,True,hard,Save 1 Month Free off rent!,months_free,1.0,7.14,7.14,1040.0,https://www.udr.com/austin-apartments/austin/estancia-villas/,2026-06-22,2026-08-02,,,,,One Bedroom A1B,3,604282101
2026-08-02,UDR,Estancia Villas,,Austin,UDR-estancia-villas-3br-1295sqft-714,3,2.0,1295,1707.0,2026-09-08,12,True,hard,Save 1 Month Free off rent!,months_free,1.0,8.33,8.33,1564.75,https://www.udr.com/austin-apartments/austin/estancia-villas/,2026-07-19,2026-08-02,,,,,Three Bedroom C2A,1,604282101
2026-08-02,UDR,Estancia Villas,,Austin,UDR-estancia-villas-3br-1295sqft-734,3,2.0,1295,1817.0,2026-08-07,12,True,hard,Save 1 Month Free off rent!,months_free,1.0,8.33,8.33,1665.58,https://www.udr.com/austin-apartments/austin/estancia-villas/,2026-05-09,2026-08-02,,,,,Three Bedroom C2A,3,604282101
2026-08-02,UDR,Estancia Villas,,Austin,UDR-estancia-villas-2br-980sqft-1431,2,2.0,980,1361.0,2026-08-14,13,True,hard,Save 1 Month Free off rent!,months_free,1.0,7.69,7.69,1256.31,https://www.udr.com/austin-apartments/austin/estancia-villas/,2026-06-22,2026-08-02,,,,,Two Bedroom B2A,3,604282101
2026-08-02,UDR,Estancia Villas,,Austin,UDR-estancia-villas-2br-980sqft-617,2,2.0,980,1326.0,2026-08-08,13,True,hard,Save 1 Month Free off rent!,months_free,1.0,7.69,7.69,1224.0,https://www.udr.com/austin-apartments/austin/estancia-villas/,2026-08-02,2026-08-02,,,,,Two Bedroom B2A,1,604282101
2026-08-02,UDR,Estancia Villas,,Austin,UDR-estancia-villas-2br-1085sqft-237,2,2.0,1085,1379.0,2026-08-28,13,True,hard,Save 1 Month Free off rent!,months_free,1.0,7.69,7.69,1272.92,https://www.udr.com/austin-apartments/austin/estancia-villas/,2026-08-02,2026-08-02,,,,,Two Bedroom B2B,3,604282101
2026-08-02,UDR,Estancia Villas,,Austin,UDR-estancia-villas-2br-1085sqft-812,2,2.0,1085,1498.0,2026-09-12,12,True,hard,Save 1 Month Free off rent!,months_free,1.0,8.33,8.33,1373.17,https://www.udr.com/austin-apartments/austin/estancia-villas/,2026-07-19,2026-08-02,,,,,Two Bedroom B2B,1,604282101
2026-08-02,UDR,Estancia Villas,,Austin,UDR-estancia-villas-2br-1085sqft-832,2,2.0,1085,1497.0,2026-08-07,13,True,hard,Save 1 Month Free off rent!,months_free,1.0,7.69,7.69,1381.85,https://www.udr.com/austin-apartments/austin/estancia-villas/,2026-06-08,2026-08-02,,,,,Two Bedroom B2B,3,604282101
2026-08-02,UDR,Estancia Villas,,Austin,UDR-estancia-villas-2br-1085sqft-511,2,2.0,1085,1364.0,2026-08-28,13,True,hard,Save 1 Month Free off rent!,months_free,1.0,7.69,7.69,1259.08,https://www.udr.com/austin-apartments/austin/estancia-villas/,2026-07-19,2026-08-02,,,,,Two Bedroom B2B,1,604282101
2026-08-02,UDR,Estancia Villas,,Austin,UDR-estancia-villas-2br-1085sqft-838,2,2.0,1085,1413.0,2026-08-25,13,True,hard,Save 1 Month Free off rent!,months_free,1.0,7.69,7.69,1304.31,https://www.udr.com/austin-apartments/austin/estancia-villas/,2026-06-22,2026-08-02,,,,,Two Bedroom B2B,3,604282101
2026-08-02,UDR,Estancia Villas,,Austin,UDR-estancia-villas-1br-695sqft-1133,1,1.0,695,929.0,2026-09-25,12,True,hard,Save 1 Month Free off rent!,months_free,1.0,8.33,8.33,851.58,https://www.udr.com/austin-apartments/austin/estancia-villas/,2026-07-19,2026-08-02,,,,,One Bedroom A1B-MMR,3,604282101
2026-08-02,UDR,Estancia Villas,,Austin,UDR-estancia-villas-1br-695sqft-1134,1,1.0,695,929.0,2026-09-05,12,True,hard,Save 1 Month Free off rent!,months_free,1.0,8.33,8.33,851.58,https://www.udr.com/austin-apartments/austin/estancia-villas/,2026-08-02,2026-08-02,,,,,One Bedroom A1B-MMR,3,604282101
2026-08-02,UDR,Fiori on Vitruvian Park®,,Dallas,UDR-fiori-on-vitruvian-park-1br-620sqft-414,1,1.0,620,1302.0,2026-08-28,14,True,soft,Smarter energy starts at move-in.,,,,,,https://www.udr.com/dallas-apartments/addison/fiori-on-vitruvian-park/,2026-08-02,2026-08-02,,,,,One Bedroom A1A,4,45208
2026-08-02,UDR,Fiori on Vitruvian Park®,,Dallas,UDR-fiori-on-vitruvian-park-1br-620sqft-519,1,1.0,620,1327.0,2026-10-23,12,True,soft,Smarter energy starts at move-in.,,,,,,https://www.udr.com/dallas-apartments/addison/fiori-on-vitruvian-park/,2026-07-19,2026-08-02,,,,,One Bedroom A1A,5,45208
2026-08-02,UDR,Fiori on Vitruvian Park®,,Dallas,UDR-fiori-on-vitruvian-park-1br-620sqft-528,1,1.0,620,1554.0,2026-08-03,14,True,soft,Smarter energy starts at move-in.,,,,,,https://www.udr.com/dallas-apartments/addison/fiori-on-vitruvian-park/,2026-04-26,2026-08-02,,,,,One Bedroom A1A,5,45208
2026-08-02,UDR,Fiori on Vitruvian Park®,,Dallas,UDR-fiori-on-vitruvian-park-1br-620sqft-618,1,1.0,620,1361.0,2026-09-26,13,True,soft,Smarter energy starts at move-in.,,,,,,https://www.udr.com/dallas-apartments/addison/fiori-on-vitruvian-park/,2026-08-02,2026-08-02,,,,,One Bedroom A1A,6,45208
2026-08-02,UDR,Fiori on Vitruvian Park®,,Dallas,UDR-fiori-on-vitruvian-park-1br-620sqft-628,1,1.0,620,1493.0,2026-08-03,14,True,soft,Smarter energy starts at move-in.,,,,,,https://www.udr.com/dallas-apartments/addison/fiori-on-vitruvian-park/,2026-04-26,2026-08-02,,,,,One Bedroom A1A,6,45208
2026-08-02,UDR,Fiori on Vitruvian Park®,,Dallas,UDR-fiori-on-vitruvian-park-1br-775sqft-537,1,1.0,775,1586.0,2026-08-03,14,True,soft,Smarter energy starts at move-in.,,,,,,https://www.udr.com/dallas-apartments/addison/fiori-on-vitruvian-park/,2026-05-23,2026-08-02,,,,,One Bedroom A1B,5,45208
2026-08-02,UDR,Fiori on Vitruvian Park®,,Dallas,UDR-fiori-on-vitruvian-park-1br-775sqft-611,1,1.0,775,1317.0,2026-10-03,12,True,soft,Smarter energy starts at move-in.,,,,,,https://www.udr.com/dallas-apartments/addison/fiori-on-vitruvian-park/,2026-08-02,2026-08-02,,,,,One Bedroom A1B,6,45208
2026-08-02,UDR,Fiori on Vitruvian Park®,,Dallas,UDR-fiori-on-vitruvian-park-1br-775sqft-625,1,1.0,775,1552.0,2026-09-05,12,True,soft,Smarter energy starts at move-in.,,,,,,https://www.udr.com/dallas-apartments/addison/fiori-on-vitruvian-park/,2026-07-19,2026-08-02,,,,,One Bedroom A1B,6,45208
2026-08-02,UDR,Fiori on Vitruvian Park®,,Dallas,UDR-fiori-on-vitruvian-park-1br-937sqft-568,1,1.0,937,1764.0,2026-09-19,12,True,soft,Smarter energy starts at move-in.,,,,,,https://www.udr.com/dallas-apartments/addison/fiori-on-vitruvian-park/,2026-08-02,2026-08-02,,,,,One Bedroom A1G,5,45208
2026-08-02,UDR,Fiori on Vitruvian Park®,,Dallas,UDR-fiori-on-vitruvian-park-3br-1450sqft-564,3,2.0,1450,3073.0,2026-09-18,13,True,soft,Smarter energy starts at move-in.,,,,,,https://www.udr.com/dallas-apartments/addison/fiori-on-vitruvian-park/,2026-07-19,2026-08-02,,,,,Three Bedroom C2A,5,45208
2026-08-02,UDR,Fiori on Vitruvian Park®,,Dallas,UDR-fiori-on-vitruvian-park-2br-1036sqft-358,2,2.0,1036,2319.0,2026-09-19,13,True,soft,Smarter energy starts at move-in.,,,,,,https://www.udr.com/dallas-apartments/addison/fiori-on-vitruvian-park/,2026-07-19,2026-08-02,,,,,Two Bedroom B2A,3,45208
2026-08-02,UDR,Fiori on Vitruvian Park®,,Dallas,UDR-fiori-on-vitruvian-park-2br-1165sqft-531,2,2.0,1165,2193.0,2026-09-25,13,True,soft,Smarter energy starts at move-in.,,,,,,https://www.udr.com/dallas-apartments/addison/fiori-on-vitruvian-park/,2026-08-02,2026-08-02,,,,,Two Bedroom B2C,5,45208
2026-08-02,UDR,Fiori on Vitruvian Park®,,Dallas,UDR-fiori-on-vitruvian-park-2br-1497sqft-215,2,2.5,1497,2708.0,2026-08-03,14,True,soft,Smarter energy starts at move-in.,,,,,,https://www.udr.com/dallas-apartments/addison/fiori-on-vitruvian-park/,2026-05-09,2026-08-02,,,,,Two Bedroom Den B2.5AD,2,45208
2026-08-02,UDR,Fiori on Vitruvian Park®,,Dallas,UDR-fiori-on-vitruvian-park-2br-1687sqft-1508,2,2.5,1687,2980.0,2026-08-15,14,True,soft,Smarter energy starts at move-in.,,,,,,https://www.udr.com/dallas-apartments/addison/fiori-on-vitruvian-park/,2026-06-13,2026-08-02,,,,,Two Bedroom Townhome B2.5BTH,2,45208
2026-08-02,UDR,Fiori on Vitruvian Park®,,Dallas,UDR-fiori-on-vitruvian-park-1br-869sqft-538,1,1.0,869,1824.0,2026-09-25,13,True,soft,Smarter energy starts at move-in.,,,,,,https://www.udr.com/dallas-apartments/addison/fiori-on-vitruvian-park/,2026-08-02,2026-08-02,,,,,One Bedroom A1E,5,45208
2026-08-02,UDR,Fiori on Vitruvian Park®,,Dallas,UDR-fiori-on-vitruvian-park-1br-926sqft-763,1,1.0,926,1823.0,2026-09-12,12,True,soft,Smarter energy starts at move-in.,,,,,,https://www.udr.com/dallas-apartments/addison/fiori-on-vitruvian-park/,2026-08-02,2026-08-02,,,,,One Bedroom Den A1AD,7,45208
2026-08-02,UDR,Fiori on Vitruvian Park®,,Dallas,UDR-fiori-on-vitruvian-park-1br-926sqft-863,1,1.0,926,2115.0,2026-10-01,13,True,soft,Smarter energy starts at move-in.,,,,,,https://www.udr.com/dallas-apartments/addison/fiori-on-vitruvian-park/,2026-07-19,2026-08-02,,,,,One Bedroom Den A1AD,8,45208
2026-08-02,UDR,Fiori on Vitruvian Park®,,Dallas,UDR-fiori-on-vitruvian-park-1br-926sqft-865,1,1.0,926,1919.0,2026-08-07,14,True,soft,Smarter energy starts at move-in.,,,,,,https://www.udr.com/dallas-apartments/addison/fiori-on-vitruvian-park/,2026-08-02,2026-08-02,,,,,One Bedroom Den A1AD,8,45208
2026-08-02,UDR,Fiori on Vitruvian Park®,,Dallas,UDR-fiori-on-vitruvian-park-1br-926sqft-1263,1,1.0,926,2410.0,2026-08-03,14,True,soft,Smarter energy starts at move-in.,,,,,,https://www.udr.com/dallas-apartments/addison/fiori-on-vitruvian-park/,2026-05-30,2026-08-02,,,,,One Bedroom Den Penthouse A1AD,12,45208
2026-08-02,UDR,Fiori on Vitruvian Park®,,Dallas,UDR-fiori-on-vitruvian-park-2br-1216sqft-852,2,2.0,1216,2533.0,2026-08-08,14,True,soft,Smarter energy starts at move-in.,,,,,,https://www.udr.com/dallas-apartments/addison/fiori-on-vitruvian-park/,2026-06-08,2026-08-02,,,,,Two Bedroom B2E,8,45208
2026-08-02,UDR,Fiori on Vitruvian Park®,,Dallas,UDR-fiori-on-vitruvian-park-2br-1216sqft-952,2,2.0,1216,2599.0,2026-08-03,14,True,soft,Smarter energy starts at move-in.,,,,,,https://www.udr.com/dallas-apartments/addison/fiori-on-vitruvian-park/,2026-06-22,2026-08-02,,,,,Two Bedroom B2E,9,45208
2026-08-02,UDR,Fiori on Vitruvian Park®,,Dallas,UDR-fiori-on-vitruvian-park-2br-1349sqft-951,2,2.0,1349,2775.0,2026-09-25,13,True,soft,Smarter energy starts at move-in.,,,,,,https://www.udr.com/dallas-apartments/addison/fiori-on-vitruvian-park/,2026-08-02,2026-08-02,,,,,Two Bedroom B2I,9,45208
2026-08-02,UDR,Fiori on Vitruvian Park®,,Dallas,UDR-fiori-on-vitruvian-park-2br-1298sqft-1253,2,2.0,1298,2715.0,2026-08-03,14,True,soft,Smarter energy starts at move-in.,,,,,,https://www.udr.com/dallas-apartments/addison/fiori-on-vitruvian-park/,2026-07-19,2026-08-02,,,,,Two Bedroom Penthouse B2G-PH,12,45208
2026-08-02,UDR,Fiori on Vitruvian Park®,,Dallas,UDR-fiori-on-vitruvian-park-2br-1298sqft-1255,2,2.0,1298,2710.0,2026-08-03,14,True,soft,Smarter energy starts at move-in.,,,,,,https://www.udr.com/dallas-apartments/addison/fiori-on-vitruvian-park/,2026-06-22,2026-08-02,,,,,Two Bedroom Penthouse B2G-PH,12,45208
2026-08-02,UDR,Fiori on Vitruvian Park®,,Dallas,UDR-fiori-on-vitruvian-park-2br-1349sqft-1251,2,2.0,1349,3047.0,2026-08-18,14,True,soft,Smarter energy starts at move-in.,,,,,,https://www.udr.com/dallas-apartments/addison/fiori-on-vitruvian-park/,2026-06-22,2026-08-02,,,,,Two Bedroom Penthouse B2I-PH,12,45208
2026-08-02,UDR,Fiori on Vitruvian Park®,,Dallas,UDR-fiori-on-vitruvian-park-1br-816sqft-482,1,1.0,816,2280.0,2026-08-05,14,True,soft,Smarter energy starts at move-in.,,,,,,https://www.udr.com/dallas-apartments/addison/fiori-on-vitruvian-park/,2026-05-30,2026-08-02,,,,,One Bedroom A1H,0,45208
2026-08-02,UDR,Garden Court,,Salinas,UDR-garden-court-1br-672sqft-100,1,1.0,672,2225.0,2026-08-03,11,False,,,,,,,,https://www.udr.com/salinas-apartments/east-salinas/garden-court/,2026-05-03,2026-08-02,,,,,Plan A1,2,12523
2026-08-02,UDR,Garden Court,,Salinas,UDR-garden-court-2br-917sqft-77,2,1.0,917,3236.0,2026-08-03,12,False,,,,,,,,https://www.udr.com/salinas-apartments/east-salinas/garden-court/,2026-06-08,2026-08-02,,,,,Plan B1,1,12523
2026-08-02,UDR,Garden Court,,Salinas,UDR-garden-court-2br-917sqft-94,2,1.0,917,2971.0,2026-08-03,12,False,,,,,,,,https://www.udr.com/salinas-apartments/east-salinas/garden-court/,2026-05-30,2026-08-02,,,,,Plan B1,2,12523
2026-08-02,UDR,Garrison Square,,Boston,UDR-garrison-square-1br-973sqft-102,1,1.0,973,4920.0,2026-09-12,14,False,,,,,,,,https://www.udr.com/boston-apartments/back-bay/garrison-square/,2026-07-19,2026-08-02,,,,,56 St. Botolph - A1GD,1,28907
2026-08-02,UDR,Garrison Square,,Boston,UDR-garrison-square-1br-570sqft-209,1,1.0,570,4052.0,2026-09-05,14,False,,,,,,,,https://www.udr.com/boston-apartments/back-bay/garrison-square/,2026-08-02,2026-08-02,,,,,30 Garrison - A1A,2,28907
2026-08-02,UDR,Garrison Square,,Boston,UDR-garrison-square-1br-659sqft-111,1,1.0,659,4094.0,2026-08-03,14,False,,,,,,,,https://www.udr.com/boston-apartments/back-bay/garrison-square/,2026-04-04,2026-08-02,,,,,30 Garrison - A1D,1,28907
2026-08-02,UDR,Garrison Square,,Boston,UDR-garrison-square-1br-755sqft-212,1,1.0,755,4332.0,2026-10-02,14,False,,,,,,,,https://www.udr.com/boston-apartments/back-bay/garrison-square/,2026-08-02,2026-08-02,,,,,30 Garrison - A1E,2,28907
2026-08-02,UDR,Garrison Square,,Boston,UDR-garrison-square-2br-914sqft-205,2,1.0,914,5393.0,2026-10-02,14,False,,,,,,,,https://www.udr.com/boston-apartments/back-bay/garrison-square/,2026-08-02,2026-08-02,,,,,30 Garrison - B1D,2,28907
2026-08-02,UDR,Garrison Square,,Boston,UDR-garrison-square-2br-914sqft-405,2,1.0,914,5205.0,2026-10-02,14,False,,,,,,,,https://www.udr.com/boston-apartments/back-bay/garrison-square/,2026-07-19,2026-08-02,,,,,30 Garrison - B1D,4,28907
2026-08-02,UDR,Garrison Square,,Boston,UDR-garrison-square-2br-738sqft-101,2,1.0,738,5377.0,2026-10-30,14,False,,,,,,,,https://www.udr.com/boston-apartments/back-bay/garrison-square/,2026-08-02,2026-08-02,,,,,30 Garrison - B1A,1,28907
2026-08-02,UDR,Gayton Pointe Townhomes,,Richmond,UDR-gayton-pointe-townhomes-1br-610sqft-9709,1,1.5,610,1512.0,2026-08-03,12,True,soft,Get your workout in day or night in the 24-hour fitness center at Gayton Pointe Townhomes. Go the distance on a cardio machine or change things up with a full-body free weight workout. Find everything you need to pump it up here.,,,,,,https://www.udr.com/richmond-apartments/tuckahoe/gayton-pointe-townhomes/,2026-06-08,2026-08-02,,,,,Plan A1.5A,1,11794
2026-08-02,UDR,Gayton Pointe Townhomes,,Richmond,UDR-gayton-pointe-townhomes-1br-610sqft-9802,1,1.5,610,1637.0,2026-08-03,12,True,soft,Get your workout in day or night in the 24-hour fitness center at Gayton Pointe Townhomes. Go the distance on a cardio machine or change things up with a full-body free weight workout. Find everything you need to pump it up here.,,,,,,https://www.udr.com/richmond-apartments/tuckahoe/gayton-pointe-townhomes/,2026-05-30,2026-08-02,,,,,Plan A1.5A,1,11794
2026-08-02,UDR,Gayton Pointe Townhomes,,Richmond,UDR-gayton-pointe-townhomes-1br-686sqft-9703,1,1.5,686,1606.0,2026-09-11,12,True,soft,Get your workout in day or night in the 24-hour fitness center at Gayton Pointe Townhomes. Go the distance on a cardio machine or change things up with a full-body free weight workout. Find everything you need to pump it up here.,,,,,,https://www.udr.com/richmond-apartments/tuckahoe/gayton-pointe-townhomes/,2026-07-19,2026-08-02,,,,,Plan A1.5B,1,11794
2026-08-02,UDR,Gayton Pointe Townhomes,,Richmond,UDR-gayton-pointe-townhomes-2br-780sqft-9805,2,1.5,780,1633.0,2026-10-02,13,True,soft,Get your workout in day or night in the 24-hour fitness center at Gayton Pointe Townhomes. Go the distance on a cardio machine or change things up with a full-body free weight workout. Find everything you need to pump it up here.,,,,,,https://www.udr.com/richmond-apartments/tuckahoe/gayton-pointe-townhomes/,2026-08-02,2026-08-02,,,,,Plan B1.5A,1,11794
2026-08-02,UDR,Gayton Pointe Townhomes,,Richmond,UDR-gayton-pointe-townhomes-2br-1002sqft-1237,2,2.5,1002,1916.0,2026-09-25,14,True,soft,Get your workout in day or night in the 24-hour fitness center at Gayton Pointe Townhomes. Go the distance on a cardio machine or change things up with a full-body free weight workout. Find everything you need to pump it up here.,,,,,,https://www.udr.com/richmond-apartments/tuckahoe/gayton-pointe-townhomes/,2026-06-22,2026-08-02,,,,,Plan B2.5A,1,11794
2026-08-02,UDR,Gayton Pointe Townhomes,,Richmond,UDR-gayton-pointe-townhomes-2br-1088sqft-9715,2,2.5,1088,1827.0,2026-08-28,15,True,soft,Get your workout in day or night in the 24-hour fitness center at Gayton Pointe Townhomes. Go the distance on a cardio machine or change things up with a full-body free weight workout. Find everything you need to pump it up here.,,,,,,https://www.udr.com/richmond-apartments/tuckahoe/gayton-pointe-townhomes/,2026-08-02,2026-08-02,,,,,Plan B2.5B,1,11794
2026-08-02,UDR,Gayton Pointe Townhomes,,Richmond,UDR-gayton-pointe-townhomes-2br-1088sqft-9701,2,2.5,1088,1904.0,2026-09-04,14,True,soft,Get your workout in day or night in the 24-hour fitness center at Gayton Pointe Townhomes. Go the distance on a cardio machine or change things up with a full-body free weight workout. Find everything you need to pump it up here.,,,,,,https://www.udr.com/richmond-apartments/tuckahoe/gayton-pointe-townhomes/,2026-06-08,2026-08-02,,,,,Plan B2.5B,1,11794
2026-08-02,UDR,Gayton Pointe Townhomes,,Richmond,UDR-gayton-pointe-townhomes-2br-1088sqft-9708,2,2.5,1088,1727.0,2026-10-16,13,True,soft,Get your workout in day or night in the 24-hour fitness center at Gayton Pointe Townhomes. Go the distance on a cardio machine or change things up with a full-body free weight workout. Find everything you need to pump it up here.,,,,,,https://www.udr.com/richmond-apartments/tuckahoe/gayton-pointe-townhomes/,2026-08-02,2026-08-02,,,,,Plan B2.5B,1,11794
2026-08-02,UDR,Gayton Pointe Townhomes,,Richmond,UDR-gayton-pointe-townhomes-2br-1088sqft-9822,2,2.5,1088,2009.0,2026-08-07,15,True,soft,Get your workout in day or night in the 24-hour fitness center at Gayton Pointe Townhomes. Go the distance on a cardio machine or change things up with a full-body free weight workout. Find everything you need to pump it up here.,,,,,,https://www.udr.com/richmond-apartments/tuckahoe/gayton-pointe-townhomes/,2026-05-09,2026-08-02,,,,,Plan B2.5B,1,11794
2026-08-02,UDR,Gayton Pointe Townhomes,,Richmond,UDR-gayton-pointe-townhomes-2br-1088sqft-9802,2,2.5,1088,1912.0,2026-08-28,15,True,soft,Get your workout in day or night in the 24-hour fitness center at Gayton Pointe Townhomes. Go the distance on a cardio machine or change things up with a full-body free weight workout. Find everything you need to pump it up here.,,,,,,https://www.udr.com/richmond-apartments/tuckahoe/gayton-pointe-townhomes/,2026-08-02,2026-08-02,,,,,Plan B2.5B,1,11794
2026-08-02,UDR,Gayton Pointe Townhomes,,Richmond,UDR-gayton-pointe-townhomes-2br-1088sqft-9810,2,2.5,1088,1844.0,2026-08-07,15,True,soft,Get your workout in day or night in the 24-hour fitness center at Gayton Pointe Townhomes. Go the distance on a cardio machine or change things up with a full-body free weight workout. Find everything you need to pump it up here.,,,,,,https://www.udr.com/richmond-apartments/tuckahoe/gayton-pointe-townhomes/,2026-06-08,2026-08-02,,,,,Plan B2.5B,1,11794
2026-08-02,UDR,Gayton Pointe Townhomes,,Richmond,UDR-gayton-pointe-townhomes-2br-1088sqft-9822,2,2.5,1088,1913.0,2026-08-21,15,True,soft,Get your workout in day or night in the 24-hour fitness center at Gayton Pointe Townhomes. Go the distance on a cardio machine or change things up with a full-body free weight workout. Find everything you need to pump it up here.,,,,,,https://www.udr.com/richmond-apartments/tuckahoe/gayton-pointe-townhomes/,2026-05-09,2026-08-02,,,,,Plan B2.5B,1,11794
2026-08-02,UDR,Gayton Pointe Townhomes,,Richmond,UDR-gayton-pointe-townhomes-2br-1088sqft-9815,2,2.5,1088,1816.0,2026-09-18,14,True,soft,Get your workout in day or night in the 24-hour fitness center at Gayton Pointe Townhomes. Go the distance on a cardio machine or change things up with a full-body free weight workout. Find everything you need to pump it up here.,,,,,,https://www.udr.com/richmond-apartments/tuckahoe/gayton-pointe-townhomes/,2026-04-04,2026-08-02,,,,,Plan B2.5B,1,11794
2026-08-02,UDR,Gayton Pointe Townhomes,,Richmond,UDR-gayton-pointe-townhomes-2br-1088sqft-9820,2,2.5,1088,1807.0,2026-08-28,15,True,soft,Get your workout in day or night in the 24-hour fitness center at Gayton Pointe Townhomes. Go the distance on a cardio machine or change things up with a full-body free weight workout. Find everything you need to pump it up here.,,,,,,https://www.udr.com/richmond-apartments/tuckahoe/gayton-pointe-townhomes/,2026-07-19,2026-08-02,,,,,Plan B2.5B,1,11794
2026-08-02,UDR,Gayton Pointe Townhomes,,Richmond,UDR-gayton-pointe-townhomes-2br-1074sqft-9710,2,2.5,1074,1862.0,2026-10-02,13,True,soft,Get your workout in day or night in the 24-hour fitness center at Gayton Pointe Townhomes. Go the distance on a cardio machine or change things up with a full-body free weight workout. Find everything you need to pump it up here.,,,,,,https://www.udr.com/richmond-apartments/tuckahoe/gayton-pointe-townhomes/,2026-08-02,2026-08-02,,,,,Plan B2.5C,1,11794
2026-08-02,UDR,Gayton Pointe Townhomes,,Richmond,UDR-gayton-pointe-townhomes-2br-1074sqft-9816,2,2.5,1074,1788.0,2026-10-23,13,True,soft,Get your workout in day or night in the 24-hour fitness center at Gayton Pointe Townhomes. Go the distance on a cardio machine or change things up with a full-body free weight workout. Find everything you need to pump it up here.,,,,,,https://www.udr.com/richmond-apartments/tuckahoe/gayton-pointe-townhomes/,2026-04-19,2026-08-02,,,,,Plan B2.5C,1,11794
2026-08-02,UDR,Gayton Pointe Townhomes,,Richmond,UDR-gayton-pointe-townhomes-2br-1074sqft-9824,2,2.5,1074,1956.0,2026-08-03,12,True,soft,Get your workout in day or night in the 24-hour fitness center at Gayton Pointe Townhomes. Go the distance on a cardio machine or change things up with a full-body free weight workout. Find everything you need to pump it up here.,,,,,,https://www.udr.com/richmond-apartments/tuckahoe/gayton-pointe-townhomes/,2026-06-13,2026-08-02,,,,,Plan B2.5C,1,11794
2026-08-02,UDR,Gayton Pointe Townhomes,,Richmond,UDR-gayton-pointe-townhomes-2br-1074sqft-1235,2,2.5,1074,1901.0,2026-08-03,12,True,soft,Get your workout in day or night in the 24-hour fitness center at Gayton Pointe Townhomes. Go the distance on a cardio machine or change things up with a full-body free weight workout. Find everything you need to pump it up here.,,,,,,https://www.udr.com/richmond-apartments/tuckahoe/gayton-pointe-townhomes/,2026-05-30,2026-08-02,,,,,Plan B2.5C,1,11794
2026-08-02,UDR,Gayton Pointe Townhomes,,Richmond,UDR-gayton-pointe-townhomes-2br-1152sqft-9708,2,2.5,1152,1892.0,2026-09-04,14,True,soft,Get your workout in day or night in the 24-hour fitness center at Gayton Pointe Townhomes. Go the distance on a cardio machine or change things up with a full-body free weight workout. Find everything you need to pump it up here.,,,,,,https://www.udr.com/richmond-apartments/tuckahoe/gayton-pointe-townhomes/,2026-07-19,2026-08-02,,,,,Plan B2.5D,1,11794
2026-08-02,UDR,Gayton Pointe Townhomes,,Richmond,UDR-gayton-pointe-townhomes-2br-1152sqft-9714,2,2.5,1152,1850.0,2026-09-11,14,True,soft,Get your workout in day or night in the 24-hour fitness center at Gayton Pointe Townhomes. Go the distance on a cardio machine or change things up with a full-body free weight workout. Find everything you need to pump it up here.,,,,,,https://www.udr.com/richmond-apartments/tuckahoe/gayton-pointe-townhomes/,2026-07-19,2026-08-02,,,,,Plan B2.5D,1,11794
2026-08-02,UDR,Gayton Pointe Townhomes,,Richmond,UDR-gayton-pointe-townhomes-3br-1477sqft-9722,3,2.5,1477,2552.0,2026-10-02,15,True,soft,Get your workout in day or night in the 24-hour fitness center at Gayton Pointe Townhomes. Go the distance on a cardio machine or change things up with a full-body free weight workout. Find everything you need to pump it up here.,,,,,,https://www.udr.com/richmond-apartments/tuckahoe/gayton-pointe-townhomes/,2026-08-02,2026-08-02,,,,,Plan C2.5B,1,11794
2026-08-02,UDR,Gayton Pointe Townhomes,,Richmond,UDR-gayton-pointe-townhomes-3br-1243sqft-1234,3,2.5,1243,2433.0,2026-08-04,12,True,soft,Get your workout in day or night in the 24-hour fitness center at Gayton Pointe Townhomes. Go the distance on a cardio machine or change things up with a full-body free weight workout. Find everything you need to pump it up here.,,,,,,https://www.udr.com/richmond-apartments/tuckahoe/gayton-pointe-townhomes/,2026-05-23,2026-08-02,,,,,Plan C2.5A,1,11794
2026-08-02,UDR,Gayton Pointe Townhomes,,Richmond,UDR-gayton-pointe-townhomes-3br-1243sqft-1240,3,2.5,1243,2193.0,2026-08-19,12,True,soft,Get your workout in day or night in the 24-hour fitness center at Gayton Pointe Townhomes. Go the distance on a cardio machine or change things up with a full-body free weight workout. Find everything you need to pump it up here.,,,,,,https://www.udr.com/richmond-apartments/tuckahoe/gayton-pointe-townhomes/,2026-07-19,2026-08-02,,,,,Plan C2.5A,1,11794
2026-08-02,UDR,Gayton Pointe Townhomes,,Richmond,UDR-gayton-pointe-townhomes-3br-1243sqft-9704,3,2.5,1243,2287.0,2026-10-02,15,True,soft,Get your workout in day or night in the 24-hour fitness center at Gayton Pointe Townhomes. Go the distance on a cardio machine or change things up with a full-body free weight workout. Find everything you need to pump it up here.,,,,,,https://www.udr.com/richmond-apartments/tuckahoe/gayton-pointe-townhomes/,2026-08-02,2026-08-02,,,,,Plan C2.5A,1,11794
2026-08-02,UDR,Gayton Pointe Townhomes,,Richmond,UDR-gayton-pointe-townhomes-3br-1243sqft-9819,3,2.5,1243,2133.0,2026-08-03,12,True,soft,Get your workout in day or night in the 24-hour fitness center at Gayton Pointe Townhomes. Go the distance on a cardio machine or change things up with a full-body free weight workout. Find everything you need to pump it up here.,,,,,,https://www.udr.com/richmond-apartments/tuckahoe/gayton-pointe-townhomes/,2026-05-30,2026-08-02,,,,,Plan C2.5A,1,11794
2026-08-02,UDR,Gayton Pointe Townhomes,,Richmond,UDR-gayton-pointe-townhomes-3br-1243sqft-9804,3,2.5,1243,2284.0,2026-08-28,13,True,soft,Get your workout in day or night in the 24-hour fitness center at Gayton Pointe Townhomes. Go the distance on a cardio machine or change things up with a full-body free weight workout. Find everything you need to pump it up here.,,,,,,https://www.udr.com/richmond-apartments/tuckahoe/gayton-pointe-townhomes/,2026-07-19,2026-08-02,,,,,Plan C2.5A,1,11794
2026-08-02,UDR,Harbor at Mesa Verde,,Orange County,UDR-harbor-at-mesa-verde-1br-600sqft-012E,1,1.0,600,2461.0,2026-09-25,14,False,,,,,,,,https://www.udr.com/orange-county-apartments/costa-mesa/harbor-at-mesa-verde/,2026-07-19,2026-08-02,,,,,Plan A1A/A1B,2,12526
2026-08-02,UDR,Harbor at Mesa Verde,,Orange County,UDR-harbor-at-mesa-verde-1br-600sqft-020F,1,1.0,600,2538.0,2026-08-25,13,False,,,,,,,,https://www.udr.com/orange-county-apartments/costa-mesa/harbor-at-mesa-verde/,2026-04-04,2026-08-02,,,,,Plan A1A/A1B,2,12526
2026-08-02,UDR,Harbor at Mesa Verde,,Orange County,UDR-harbor-at-mesa-verde-2br-1032sqft-019D,2,1.5,1032,3027.0,2026-10-02,14,False,,,,,,,,https://www.udr.com/orange-county-apartments/costa-mesa/harbor-at-mesa-verde/,2026-07-19,2026-08-02,,,,,Plan B1.5T,1,12526
2026-08-02,UDR,Harbor at Mesa Verde,,Orange County,UDR-harbor-at-mesa-verde-2br-1032sqft-021B,2,1.5,1032,2992.0,2026-08-30,12,False,,,,,,,,https://www.udr.com/orange-county-apartments/costa-mesa/harbor-at-mesa-verde/,2026-06-22,2026-08-02,,,,,Plan B1.5T,1,12526
2026-08-02,UDR,Harbor at Mesa Verde,,Orange County,UDR-harbor-at-mesa-verde-2br-1032sqft-022B,2,1.5,1032,3104.0,2026-08-03,13,False,,,,,,,,https://www.udr.com/orange-county-apartments/costa-mesa/harbor-at-mesa-verde/,2026-05-09,2026-08-02,,,,,Plan B1.5T,1,12526
2026-08-02,UDR,Harbor at Mesa Verde,,Orange County,UDR-harbor-at-mesa-verde-2br-1032sqft-027A,2,1.5,1032,3050.0,2026-10-02,14,False,,,,,,,,https://www.udr.com/orange-county-apartments/costa-mesa/harbor-at-mesa-verde/,2026-08-02,2026-08-02,,,,,Plan B1.5T,1,12526
2026-08-02,UDR,Harbor at Mesa Verde,,Orange County,UDR-harbor-at-mesa-verde-2br-1032sqft-039C,2,1.5,1032,2927.0,2026-10-02,14,False,,,,,,,,https://www.udr.com/orange-county-apartments/costa-mesa/harbor-at-mesa-verde/,2026-08-02,2026-08-02,,,,,Plan B1.5T,1,12526
2026-08-02,UDR,Harbor at Mesa Verde,,Orange County,UDR-harbor-at-mesa-verde-2br-1032sqft-055D,2,1.5,1032,3094.0,2026-10-03,14,False,,,,,,,,https://www.udr.com/orange-county-apartments/costa-mesa/harbor-at-mesa-verde/,2026-08-02,2026-08-02,,,,,Plan B1.5T,1,12526
2026-08-02,UDR,Harbor at Mesa Verde,,Orange County,UDR-harbor-at-mesa-verde-2br-1032sqft-065A,2,1.5,1032,3028.0,2026-09-06,14,False,,,,,,,,https://www.udr.com/orange-county-apartments/costa-mesa/harbor-at-mesa-verde/,2026-07-19,2026-08-02,,,,,Plan B1.5T,1,12526
2026-08-02,UDR,Harbor at Mesa Verde,,Orange County,UDR-harbor-at-mesa-verde-2br-1163sqft-023B,2,2.0,1163,3249.0,2026-08-27,13,False,,,,,,,,https://www.udr.com/orange-county-apartments/costa-mesa/harbor-at-mesa-verde/,2026-07-19,2026-08-02,,,,,Plan B2,1,12526
2026-08-02,UDR,Harbor at Mesa Verde,,Orange County,UDR-harbor-at-mesa-verde-2br-1163sqft-024A,2,2.0,1163,3262.0,2026-08-21,13,False,,,,,,,,https://www.udr.com/orange-county-apartments/costa-mesa/harbor-at-mesa-verde/,2026-07-19,2026-08-02,,,,,Plan B2,1,12526
2026-08-02,UDR,Harbor at Mesa Verde,,Orange County,UDR-harbor-at-mesa-verde-2br-1163sqft-026C,2,2.0,1163,3099.0,2026-08-06,14,False,,,,,,,,https://www.udr.com/orange-county-apartments/costa-mesa/harbor-at-mesa-verde/,2026-04-19,2026-08-02,,,,,Plan B2,1,12526
2026-08-02,UDR,Harbor at Mesa Verde,,Orange County,UDR-harbor-at-mesa-verde-2br-1163sqft-040B,2,2.0,1163,2997.0,2026-08-23,13,False,,,,,,,,https://www.udr.com/orange-county-apartments/costa-mesa/harbor-at-mesa-verde/,2026-08-02,2026-08-02,,,,,Plan B2,1,12526
2026-08-02,UDR,Harbor at Mesa Verde,,Orange County,UDR-harbor-at-mesa-verde-2br-1163sqft-044D,2,2.0,1163,3088.0,2026-08-03,14,False,,,,,,,,https://www.udr.com/orange-county-apartments/costa-mesa/harbor-at-mesa-verde/,2026-05-09,2026-08-02,,,,,Plan B2,1,12526
2026-08-02,UDR,Harbor at Mesa Verde,,Orange County,UDR-harbor-at-mesa-verde-3br-1645sqft-060A,3,2.0,1645,4206.0,2026-10-02,14,False,,,,,,,,https://www.udr.com/orange-county-apartments/costa-mesa/harbor-at-mesa-verde/,2026-06-22,2026-08-02,,,,,Plan C2T,1,12526
2026-08-02,UDR,Harbor at Mesa Verde,,Orange County,UDR-harbor-at-mesa-verde-3br-1645sqft-067C,3,2.0,1645,4107.0,2026-09-25,14,False,,,,,,,,https://www.udr.com/orange-county-apartments/costa-mesa/harbor-at-mesa-verde/,2026-08-02,2026-08-02,,,,,Plan C2T,1,12526
2026-08-02,UDR,Harbor at Mesa Verde,,Orange County,UDR-harbor-at-mesa-verde-3br-1645sqft-070D,3,2.0,1645,4071.0,2026-10-11,14,False,,,,,,,,https://www.udr.com/orange-county-apartments/costa-mesa/harbor-at-mesa-verde/,2026-08-02,2026-08-02,,,,,Plan C2T,1,12526
2026-08-02,UDR,Harbor at Mesa Verde,,Orange County,UDR-harbor-at-mesa-verde-0br-441sqft-004J,0,1.0,441,2120.0,2026-09-11,14,False,,,,,,,,https://www.udr.com/orange-county-apartments/costa-mesa/harbor-at-mesa-verde/,2026-07-19,2026-08-02,,,,,Plan E1A/E1B,2,12526
2026-08-02,UDR,Harbor at Mesa Verde,,Orange County,UDR-harbor-at-mesa-verde-0br-441sqft-006I,0,1.0,441,2036.0,2026-09-04,14,False,,,,,,,,https://www.udr.com/orange-county-apartments/costa-mesa/harbor-at-mesa-verde/,2026-08-02,2026-08-02,,,,,Plan E1A/E1B,2,12526
2026-08-02,UDR,Harbor at Mesa Verde,,Orange County,UDR-harbor-at-mesa-verde-0br-441sqft-007L,0,1.0,441,2039.0,2026-10-16,14,False,,,,,,,,https://www.udr.com/orange-county-apartments/costa-mesa/harbor-at-mesa-verde/,2026-04-04,2026-08-02,,,,,Plan E1A/E1B,2,12526
2026-08-02,UDR,Harbor at Mesa Verde,,Orange County,UDR-harbor-at-mesa-verde-0br-441sqft-007N,0,1.0,441,2197.0,2026-08-14,14,False,,,,,,,,https://www.udr.com/orange-county-apartments/costa-mesa/harbor-at-mesa-verde/,2026-08-02,2026-08-02,,,,,Plan E1A/E1B,2,12526
2026-08-02,UDR,Hearthstone at Merrill Creek,,Seattle,UDR-hearthstone-at-merrill-creek-1br-670sqft-N402,1,1.0,670,1699.0,2026-08-03,14,True,soft,"Instant-on, high-speed internet is ready the day you move in.",,,,,,https://www.udr.com/seattle-apartments/everett/hearthstone-at-merrill-creek/,2026-06-22,2026-08-02,,,,,Spruce,4,27896
2026-08-02,UDR,Hearthstone at Merrill Creek,,Seattle,UDR-hearthstone-at-merrill-creek-2br-1057sqft-P408,2,2.0,1057,1981.0,2026-08-25,14,True,soft,"Instant-on, high-speed internet is ready the day you move in.",,,,,,https://www.udr.com/seattle-apartments/everett/hearthstone-at-merrill-creek/,2026-07-19,2026-08-02,,,,,Birch,4,27896
2026-08-02,UDR,Hearthstone at Merrill Creek,,Seattle,UDR-hearthstone-at-merrill-creek-2br-995sqft-F303,2,2.0,995,2121.0,2026-08-03,14,True,soft,"Instant-on, high-speed internet is ready the day you move in.",,,,,,https://www.udr.com/seattle-apartments/everett/hearthstone-at-merrill-creek/,2026-07-19,2026-08-02,,,,,Birch 2,3,27896
2026-08-02,UDR,Hearthstone at Merrill Creek,,Seattle,UDR-hearthstone-at-merrill-creek-2br-921sqft-N404,2,1.0,921,1612.0,2026-09-04,14,True,soft,"Instant-on, high-speed internet is ready the day you move in.",,,,,,https://www.udr.com/seattle-apartments/everett/hearthstone-at-merrill-creek/,2026-08-02,2026-08-02,,,,,Cedar,4,27896
2026-08-02,UDR,Hearthstone at Merrill Creek,,Seattle,UDR-hearthstone-at-merrill-creek-3br-1301sqft-N301,3,2.0,1301,2674.0,2026-08-13,14,True,soft,"Instant-on, high-speed internet is ready the day you move in.",,,,,,https://www.udr.com/seattle-apartments/everett/hearthstone-at-merrill-creek/,2026-04-05,2026-08-02,,,,,Juniper,3,27896
2026-08-02,UDR,Hearthstone at Merrill Creek,,Seattle,UDR-hearthstone-at-merrill-creek-1br-798sqft-R205,1,1.0,798,1737.0,2026-08-18,14,True,soft,"Instant-on, high-speed internet is ready the day you move in.",,,,,,https://www.udr.com/seattle-apartments/everett/hearthstone-at-merrill-creek/,2026-06-22,2026-08-02,,,,,Sequoia 1,1,27896
2026-08-02,UDR,Hearthstone at Merrill Creek,,Seattle,UDR-hearthstone-at-merrill-creek-1br-798sqft-V107,1,1.0,798,2060.0,2026-10-06,14,True,soft,"Instant-on, high-speed internet is ready the day you move in.",,,,,,https://www.udr.com/seattle-apartments/everett/hearthstone-at-merrill-creek/,2026-08-02,2026-08-02,,,,,Sequoia 1,1,27896
2026-08-02,UDR,Heirloom,,Portland,UDR-heirloom-1br-673sqft-103,1,1.0,673,1565.0,2026-09-11,15,True,hard,Save 6 weeks free off 1st month!,months_free,1.3847,9.23,9.23,1420.53,https://www.udr.com/portland-apartments/clackamas/heirloom/,2026-08-02,2026-08-02,,,,,One Bedroom - A1A,1,906102134
2026-08-02,UDR,Heirloom,,Portland,UDR-heirloom-1br-668sqft-104,1,1.0,668,1530.0,2026-08-02,15,True,hard,Save 6 weeks free off 1st month!,months_free,1.3847,9.23,9.23,1388.76,https://www.udr.com/portland-apartments/clackamas/heirloom/,2026-07-19,2026-08-02,,,,,One Bedroom - A1A,1,906102134
2026-08-02,UDR,Heirloom,,Portland,UDR-heirloom-1br-679sqft-205,1,1.0,679,1530.0,2026-08-02,15,True,hard,Save 6 weeks free off 1st month!,months_free,1.3847,9.23,9.23,1388.76,https://www.udr.com/portland-apartments/clackamas/heirloom/,2026-07-19,2026-08-02,,,,,One Bedroom - A1A,2,906102134
2026-08-02,UDR,Heirloom,,Portland,UDR-heirloom-1br-672sqft-211,1,1.0,672,1530.0,2026-09-09,15,True,hard,Save 6 weeks free off 1st month!,months_free,1.3847,9.23,9.23,1388.76,https://www.udr.com/portland-apartments/clackamas/heirloom/,2026-08-02,2026-08-02,,,,,One Bedroom - A1A,2,906102134
2026-08-02,UDR,Heirloom,,Portland,UDR-heirloom-1br-671sqft-305,1,1.0,671,1570.0,2026-08-02,15,True,hard,Save 6 weeks free off 1st month!,months_free,1.3847,9.23,9.23,1425.07,https://www.udr.com/portland-apartments/clackamas/heirloom/,2026-07-19,2026-08-02,,,,,One Bedroom - A1A,3,906102134
2026-08-02,UDR,Heirloom,,Portland,UDR-heirloom-1br-672sqft-309,1,1.0,672,1570.0,2026-08-02,15,True,hard,Save 6 weeks free off 1st month!,months_free,1.3847,9.23,9.23,1425.07,https://www.udr.com/portland-apartments/clackamas/heirloom/,2026-08-02,2026-08-02,,,,,One Bedroom - A1A,3,906102134
2026-08-02,UDR,Heirloom,,Portland,UDR-heirloom-1br-687sqft-103,1,1.0,687,1539.0,2026-08-02,15,True,hard,Save 6 weeks free off 1st month!,months_free,1.3847,9.23,9.23,1396.93,https://www.udr.com/portland-apartments/clackamas/heirloom/,2026-07-19,2026-08-02,,,,,One Bedroom - A1B,1,906102134
2026-08-02,UDR,Heirloom,,Portland,UDR-heirloom-1br-682sqft-104,1,1.0,682,1579.0,2026-08-02,15,True,hard,Save 6 weeks free off 1st month!,months_free,1.3847,9.23,9.23,1433.24,https://www.udr.com/portland-apartments/clackamas/heirloom/,2026-07-19,2026-08-02,,,,,One Bedroom - A1B,1,906102134
2026-08-02,UDR,Heirloom,,Portland,UDR-heirloom-1br-691sqft-105,1,1.0,691,1539.0,2026-08-02,15,True,hard,Save 6 weeks free off 1st month!,months_free,1.3847,9.23,9.23,1396.93,https://www.udr.com/portland-apartments/clackamas/heirloom/,2026-07-19,2026-08-02,,,,,One Bedroom - A1B,1,906102134
2026-08-02,UDR,Heirloom,,Portland,UDR-heirloom-1br-687sqft-203,1,1.0,687,1539.0,2026-08-02,15,True,hard,Save 6 weeks free off 1st month!,months_free,1.3847,9.23,9.23,1396.93,https://www.udr.com/portland-apartments/clackamas/heirloom/,2026-07-19,2026-08-02,,,,,One Bedroom - A1B,2,906102134
2026-08-02,UDR,Heirloom,,Portland,UDR-heirloom-1br-687sqft-203,1,1.0,687,1539.0,2026-08-02,15,True,hard,Save 6 weeks free off 1st month!,months_free,1.3847,9.23,9.23,1396.93,https://www.udr.com/portland-apartments/clackamas/heirloom/,2026-07-19,2026-08-02,,,,,One Bedroom - A1B,2,906102134
2026-08-02,UDR,Heirloom,,Portland,UDR-heirloom-1br-687sqft-306,1,1.0,687,1579.0,2026-08-02,15,True,hard,Save 6 weeks free off 1st month!,months_free,1.3847,9.23,9.23,1433.24,https://www.udr.com/portland-apartments/clackamas/heirloom/,2026-07-19,2026-08-02,,,,,One Bedroom - A1B,3,906102134
2026-08-02,UDR,Heirloom,,Portland,UDR-heirloom-1br-775sqft-106,1,1.0,775,1576.0,2026-08-02,15,True,hard,Save 6 weeks free off 1st month!,months_free,1.3847,9.23,9.23,1430.51,https://www.udr.com/portland-apartments/clackamas/heirloom/,2026-07-19,2026-08-02,,,,,One Bedroom - A1C,1,906102134
2026-08-02,UDR,Heirloom,,Portland,UDR-heirloom-1br-780sqft-212,1,1.0,780,1576.0,2026-08-02,15,True,hard,Save 6 weeks free off 1st month!,months_free,1.3847,9.23,9.23,1430.51,https://www.udr.com/portland-apartments/clackamas/heirloom/,2026-07-19,2026-08-02,,,,,One Bedroom - A1C,2,906102134
2026-08-02,UDR,Heirloom,,Portland,UDR-heirloom-1br-775sqft-306,1,1.0,775,1616.0,2026-08-02,15,True,hard,Save 6 weeks free off 1st month!,months_free,1.3847,9.23,9.23,1466.82,https://www.udr.com/portland-apartments/clackamas/heirloom/,2026-07-19,2026-08-02,,,,,One Bedroom - A1C,3,906102134
2026-08-02,UDR,Heirloom,,Portland,UDR-heirloom-1br-775sqft-310,1,1.0,775,1616.0,2026-08-22,15,True,hard,Save 6 weeks free off 1st month!,months_free,1.3847,9.23,9.23,1466.82,https://www.udr.com/portland-apartments/clackamas/heirloom/,2026-08-02,2026-08-02,,,,,One Bedroom - A1C,3,906102134
2026-08-02,UDR,Heirloom,,Portland,UDR-heirloom-1br-876sqft-301,1,1.0,876,1698.0,2026-08-02,15,True,hard,Save 6 weeks free off 1st month!,months_free,1.3847,9.23,9.23,1541.25,https://www.udr.com/portland-apartments/clackamas/heirloom/,2026-07-19,2026-08-02,,,,,One Bedroom - A1D,3,906102134
2026-08-02,UDR,Heirloom,,Portland,UDR-heirloom-3br-1517sqft-108,3,2.0,1517,2534.0,2026-08-08,15,True,hard,Save 6 weeks free off 1st month!,months_free,1.3847,9.23,9.23,2300.08,https://www.udr.com/portland-apartments/clackamas/heirloom/,2026-07-19,2026-08-02,,,,,Three Bedroom - C2A,1,906102134
2026-08-02,UDR,Heirloom,,Portland,UDR-heirloom-3br-1517sqft-108,3,2.0,1517,2534.0,2026-08-08,15,True,hard,Save 6 weeks free off 1st month!,months_free,1.3847,9.23,9.23,2300.08,https://www.udr.com/portland-apartments/clackamas/heirloom/,2026-07-19,2026-08-02,,,,,Three Bedroom - C2A,1,906102134
2026-08-02,UDR,Heirloom,,Portland,UDR-heirloom-2br-1163sqft-102,2,2.0,1163,2095.0,2026-08-02,15,True,hard,Save 6 weeks free off 1st month!,months_free,1.3847,9.23,9.23,1901.6,https://www.udr.com/portland-apartments/clackamas/heirloom/,2026-07-19,2026-08-02,,,,,Two Bedroom - B2A,1,906102134
2026-08-02,UDR,Heirloom,,Portland,UDR-heirloom-2br-1159sqft-301,2,2.0,1159,2135.0,2026-08-08,15,True,hard,Save 6 weeks free off 1st month!,months_free,1.3847,9.23,9.23,1937.91,https://www.udr.com/portland-apartments/clackamas/heirloom/,2026-07-19,2026-08-02,,,,,Two Bedroom - B2A,3,906102134
2026-08-02,UDR,Heirloom,,Portland,UDR-heirloom-2br-1169sqft-307,2,2.0,1169,2183.0,2026-08-29,15,True,hard,Save 6 weeks free off 1st month!,months_free,1.3847,9.23,9.23,1981.48,https://www.udr.com/portland-apartments/clackamas/heirloom/,2026-08-02,2026-08-02,,,,,Two Bedroom - B2B,3,906102134
2026-08-02,UDR,Hickory Run,,Nashville,UDR-hickory-run-2br-1170sqft-1117,2,2.0,1170,1560.0,2026-09-19,13,True,hard,Save $500 off rent! Applies to first full month's rent only. Minimum 11 month lease term required. *Select apartments,dollar_off,500.0,2.47,,1521.54,https://www.udr.com/nashville-apartments/hendersonville/hickory-run/,2026-05-09,2026-08-02,,,,,Adams,1,11590
2026-08-02,UDR,Hickory Run,,Nashville,UDR-hickory-run-2br-1170sqft-1118,2,2.0,1170,1319.0,2026-10-02,12,True,hard,Save $500 off rent! Applies to first full month's rent only. Minimum 11 month lease term required. *Select apartments,dollar_off,500.0,3.16,,1277.33,https://www.udr.com/nashville-apartments/hendersonville/hickory-run/,2026-08-02,2026-08-02,,,,,Adams,1,11590
2026-08-02,UDR,Hickory Run,,Nashville,UDR-hickory-run-2br-1170sqft-421,2,2.0,1170,1420.0,2026-08-28,13,True,hard,Save $500 off rent! Applies to first full month's rent only. Minimum 11 month lease term required. *Select apartments,dollar_off,500.0,2.71,,1381.54,https://www.udr.com/nashville-apartments/hendersonville/hickory-run/,2026-07-19,2026-08-02,,,,,Adams,2,11590
2026-08-02,UDR,Hickory Run,,Nashville,UDR-hickory-run-1br-950sqft-1009,1,1.5,950,1145.0,2026-08-21,12,True,hard,Save $500 off rent! Applies to first full month's rent only. Minimum 11 month lease term required. *Select apartments,dollar_off,500.0,3.64,,1103.33,https://www.udr.com/nashville-apartments/hendersonville/hickory-run/,2026-06-22,2026-08-02,,,,,Barclay,1,11590
2026-08-02,UDR,Hickory Run,,Nashville,UDR-hickory-run-1br-950sqft-210,1,1.5,950,1195.0,2026-08-03,12,True,hard,Save $500 off rent! Applies to first full month's rent only. Minimum 11 month lease term required. *Select apartments,dollar_off,500.0,3.49,,1153.33,https://www.udr.com/nashville-apartments/hendersonville/hickory-run/,2026-07-19,2026-08-02,,,,,Barclay,1,11590
2026-08-02,UDR,Hickory Run,,Nashville,UDR-hickory-run-1br-950sqft-809,1,1.5,950,1233.0,2026-09-25,13,True,hard,Save $500 off rent! Applies to first full month's rent only. Minimum 11 month lease term required. *Select apartments,dollar_off,500.0,3.12,,1194.54,https://www.udr.com/nashville-apartments/hendersonville/hickory-run/,2026-07-19,2026-08-02,,,,,Barclay,1,11590
2026-08-02,UDR,Hickory Run,,Nashville,UDR-hickory-run-1br-800sqft-1107,1,1.5,800,1097.0,2026-10-09,12,True,hard,Save $500 off rent! Applies to first full month's rent only. Minimum 11 month lease term required. *Select apartments,dollar_off,500.0,3.8,,1055.33,https://www.udr.com/nashville-apartments/hendersonville/hickory-run/,2026-07-19,2026-08-02,,,,,Crenshaw,1,11590
2026-08-02,UDR,Hickory Run,,Nashville,UDR-hickory-run-1br-925sqft-512,1,1.0,925,1088.0,2026-09-25,13,True,hard,Save $500 off rent! Applies to first full month's rent only. Minimum 11 month lease term required. *Select apartments,dollar_off,500.0,3.54,,1049.54,https://www.udr.com/nashville-apartments/hendersonville/hickory-run/,2026-08-02,2026-08-02,,,,,Danfield,3,11590
2026-08-02,UDR,Hickory Run,,Nashville,UDR-hickory-run-2br-1100sqft-106,2,2.0,1100,1358.0,2026-09-11,12,True,hard,Save $500 off rent! Applies to first full month's rent only. Minimum 11 month lease term required. *Select apartments,dollar_off,500.0,3.07,,1316.33,https://www.udr.com/nashville-apartments/hendersonville/hickory-run/,2026-07-19,2026-08-02,,,,,Evans,3,11590
2026-08-02,UDR,Hickory Run,,Nashville,UDR-hickory-run-2br-1100sqft-1104,2,2.0,1100,1385.0,2026-08-25,13,True,hard,Save $500 off rent! Applies to first full month's rent only. Minimum 11 month lease term required. *Select apartments,dollar_off,500.0,2.78,,1346.54,https://www.udr.com/nashville-apartments/hendersonville/hickory-run/,2026-05-16,2026-08-02,,,,,Evans,2,11590
2026-08-02,UDR,Hickory Run,,Nashville,UDR-hickory-run-2br-1100sqft-1105,2,2.0,1100,1345.0,2026-08-28,13,True,hard,Save $500 off rent! Applies to first full month's rent only. Minimum 11 month lease term required. *Select apartments,dollar_off,500.0,2.86,,1306.54,https://www.udr.com/nashville-apartments/hendersonville/hickory-run/,2026-07-19,2026-08-02,,,,,Evans,3,11590
2026-08-02,UDR,Hickory Run,,Nashville,UDR-hickory-run-2br-1100sqft-306,2,2.0,1100,1280.0,2026-08-14,13,True,hard,Save $500 off rent! Applies to first full month's rent only. Minimum 11 month lease term required. *Select apartments,dollar_off,500.0,3.0,,1241.54,https://www.udr.com/nashville-apartments/hendersonville/hickory-run/,2026-06-13,2026-08-02,,,,,Evans,3,11590
2026-08-02,UDR,Hickory Run,,Nashville,UDR-hickory-run-2br-1100sqft-502,2,2.0,1100,1329.0,2026-08-03,13,True,hard,Save $500 off rent! Applies to first full month's rent only. Minimum 11 month lease term required. *Select apartments,dollar_off,500.0,2.89,,1290.54,https://www.udr.com/nashville-apartments/hendersonville/hickory-run/,2026-04-26,2026-08-02,,,,,Evans,1,11590
2026-08-02,UDR,Hickory Run,,Nashville,UDR-hickory-run-1br-850sqft-115,1,1.0,850,1105.0,2026-08-15,12,True,hard,Save $500 off rent! Applies to first full month's rent only. Minimum 11 month lease term required. *Select apartments,dollar_off,500.0,3.77,,1063.33,https://www.udr.com/nashville-apartments/hendersonville/hickory-run/,2026-05-23,2026-08-02,,,,,Gardner,2,11590
2026-08-02,UDR,Hickory Run,,Nashville,UDR-hickory-run-1br-850sqft-117,1,1.0,850,1130.0,2026-08-04,12,True,hard,Save $500 off rent! Applies to first full month's rent only. Minimum 11 month lease term required. *Select apartments,dollar_off,500.0,3.69,,1088.33,https://www.udr.com/nashville-apartments/hendersonville/hickory-run/,2026-08-02,2026-08-02,,,,,Gardner,3,11590
2026-08-02,UDR,Hickory Run,,Nashville,UDR-hickory-run-1br-850sqft-1313,1,1.0,850,1100.0,2026-09-05,13,True,hard,Save $500 off rent! Applies to first full month's rent only. Minimum 11 month lease term required. *Select apartments,dollar_off,500.0,3.5,,1061.54,https://www.udr.com/nashville-apartments/hendersonville/hickory-run/,2026-06-08,2026-08-02,,,,,Gardner,1,11590
2026-08-02,UDR,Hickory Run,,Nashville,UDR-hickory-run-1br-850sqft-1416,1,1.0,850,1195.0,2026-09-25,13,True,hard,Save $500 off rent! Applies to first full month's rent only. Minimum 11 month lease term required. *Select apartments,dollar_off,500.0,3.22,,1156.54,https://www.udr.com/nashville-apartments/hendersonville/hickory-run/,2026-06-13,2026-08-02,,,,,Gardner,2,11590
2026-08-02,UDR,Hickory Run,,Nashville,UDR-hickory-run-1br-850sqft-313,1,1.0,850,1236.0,2026-08-03,12,True,hard,Save $500 off rent! Applies to first full month's rent only. Minimum 11 month lease term required. *Select apartments,dollar_off,500.0,3.37,,1194.33,https://www.udr.com/nashville-apartments/hendersonville/hickory-run/,2026-04-04,2026-08-02,,,,,Gardner,1,11590
2026-08-02,UDR,Hickory Run,,Nashville,UDR-hickory-run-1br-850sqft-617,1,1.0,850,1269.0,2026-08-03,12,True,hard,Save $500 off rent! Applies to first full month's rent only. Minimum 11 month lease term required. *Select apartments,dollar_off,500.0,3.28,,1227.33,https://www.udr.com/nashville-apartments/hendersonville/hickory-run/,2026-06-22,2026-08-02,,,,,Gardner,3,11590
2026-08-02,UDR,Highlands of Marin,,San Francisco Bay Area,UDR-highlands-of-marin-1br-650sqft-02,1,1.0,650,2951.0,2026-09-05,13,False,,,,,,,,https://www.udr.com/san-francisco-bay-area-apartments/san-rafael/highlands-of-marin/,2026-06-22,2026-08-02,,,,,Napa (A1A),1,11301
2026-08-02,UDR,Highlands of Marin,,San Francisco Bay Area,UDR-highlands-of-marin-1br-650sqft-02,1,1.0,650,3210.0,2026-09-02,13,False,,,,,,,,https://www.udr.com/san-francisco-bay-area-apartments/san-rafael/highlands-of-marin/,2026-06-22,2026-08-02,,,,,Napa (A1A),1,11301
2026-08-02,UDR,Highlands of Marin,,San Francisco Bay Area,UDR-highlands-of-marin-1br-650sqft-04,1,1.0,650,2926.0,2026-08-03,12,False,,,,,,,,https://www.udr.com/san-francisco-bay-area-apartments/san-rafael/highlands-of-marin/,2026-05-09,2026-08-02,,,,,Napa (A1A),2,11301
2026-08-02,UDR,Highlands of Marin,,San Francisco Bay Area,UDR-highlands-of-marin-1br-650sqft-04,1,1.0,650,2861.0,2026-08-03,12,False,,,,,,,,https://www.udr.com/san-francisco-bay-area-apartments/san-rafael/highlands-of-marin/,2026-05-09,2026-08-02,,,,,Napa (A1A),2,11301
2026-08-02,UDR,Highlands of Marin,,San Francisco Bay Area,UDR-highlands-of-marin-1br-650sqft-05,1,1.0,650,2930.0,2026-09-08,13,False,,,,,,,,https://www.udr.com/san-francisco-bay-area-apartments/san-rafael/highlands-of-marin/,2026-04-04,2026-08-02,,,,,Napa (A1A),3,11301
2026-08-02,UDR,Highlands of Marin,,San Francisco Bay Area,UDR-highlands-of-marin-1br-650sqft-09,1,1.0,650,2790.0,2026-09-29,13,False,,,,,,,,https://www.udr.com/san-francisco-bay-area-apartments/san-rafael/highlands-of-marin/,2026-08-02,2026-08-02,,,,,Napa (A1A),1,11301
2026-08-02,UDR,Highlands of Marin,,San Francisco Bay Area,UDR-highlands-of-marin-1br-650sqft-13,1,1.0,650,2778.0,2026-09-04,13,False,,,,,,,,https://www.udr.com/san-francisco-bay-area-apartments/san-rafael/highlands-of-marin/,2026-04-19,2026-08-02,,,,,Napa (A1A),1,11301
2026-08-02,UDR,Highlands of Marin,,San Francisco Bay Area,UDR-highlands-of-marin-1br-650sqft-13,1,1.0,650,2893.0,2026-08-05,12,False,,,,,,,,https://www.udr.com/san-francisco-bay-area-apartments/san-rafael/highlands-of-marin/,2026-04-19,2026-08-02,,,,,Napa (A1A),1,11301
2026-08-02,UDR,Highlands of Marin,,San Francisco Bay Area,UDR-highlands-of-marin-1br-650sqft-16,1,1.0,650,2861.0,2026-08-03,12,False,,,,,,,,https://www.udr.com/san-francisco-bay-area-apartments/san-rafael/highlands-of-marin/,2026-04-04,2026-08-02,,,,,Napa (A1A),2,11301
2026-08-02,UDR,Highlands of Marin,,San Francisco Bay Area,UDR-highlands-of-marin-2br-970sqft-02,2,2.0,970,3783.0,2026-10-02,12,False,,,,,,,,https://www.udr.com/san-francisco-bay-area-apartments/san-rafael/highlands-of-marin/,2026-04-19,2026-08-02,,,,,Larkspur (B2A),1,11301
2026-08-02,UDR,Highlands of Marin,,San Francisco Bay Area,UDR-highlands-of-marin-1br-870sqft-04,1,1.0,870,3342.0,2026-08-19,13,False,,,,,,,,https://www.udr.com/san-francisco-bay-area-apartments/san-rafael/highlands-of-marin/,2026-04-26,2026-08-02,,,,,Sonoma (A1B),2,11301
2026-08-02,UDR,Highlands of Marin,,San Francisco Bay Area,UDR-highlands-of-marin-1br-870sqft-07,1,1.0,870,3112.0,2026-08-25,13,False,,,,,,,,https://www.udr.com/san-francisco-bay-area-apartments/san-rafael/highlands-of-marin/,2026-08-02,2026-08-02,,,,,Sonoma (A1B),2,11301
2026-08-02,UDR,Highlands of Marin,,San Francisco Bay Area,UDR-highlands-of-marin-3br-1400sqft-08,3,2.0,1400,4861.0,2026-08-26,13,False,,,,,,,,https://www.udr.com/san-francisco-bay-area-apartments/san-rafael/highlands-of-marin/,2026-07-19,2026-08-02,,,,,The Marin (C2),2,11301
2026-08-02,UDR,Highlands of Marin,,San Francisco Bay Area,UDR-highlands-of-marin-1br-650sqft-08,1,1.0,650,2399.0,2026-09-09,12,False,,,,,,,,https://www.udr.com/san-francisco-bay-area-apartments/san-rafael/highlands-of-marin/,2026-08-02,2026-08-02,,,,,One Bedroom A1A LMR,2,11301
2026-08-02,UDR,Hilltop in the Highlands,,Seattle,UDR-hilltop-in-the-highlands-1br-670sqft-A3,1,1.0,670,1509.0,2026-08-03,14,True,hard,Save $500 off rent! Applies to first full month's rent only. Move in by 08/15/2026. Minimum 12 month lease term required. *Select apartments,dollar_off,500.0,2.37,,1473.29,https://www.udr.com/seattle-apartments/renton/hilltop-in-the-highlands/,2026-05-23,2026-08-02,,,,,Plan A1,1,11417
2026-08-02,UDR,Hilltop in the Highlands,,Seattle,UDR-hilltop-in-the-highlands-1br-670sqft-F6,1,1.0,670,1614.0,2026-10-06,14,True,hard,Save $500 off rent! Applies to first full month's rent only. Move in by 08/15/2026. Minimum 12 month lease term required. *Select apartments,dollar_off,500.0,2.21,,1578.29,https://www.udr.com/seattle-apartments/renton/hilltop-in-the-highlands/,2026-06-22,2026-08-02,,,,,Plan A1,2,11417
2026-08-02,UDR,Hilltop in the Highlands,,Seattle,UDR-hilltop-in-the-highlands-1br-670sqft-G10,1,1.0,670,1539.0,2026-08-11,14,True,hard,Save $500 off rent! Applies to first full month's rent only. Move in by 08/15/2026. Minimum 12 month lease term required. *Select apartments,dollar_off,500.0,2.32,,1503.29,https://www.udr.com/seattle-apartments/renton/hilltop-in-the-highlands/,2026-06-22,2026-08-02,,,,,Plan A1,3,11417
2026-08-02,UDR,Hilltop in the Highlands,,Seattle,UDR-hilltop-in-the-highlands-1br-670sqft-G2,1,1.0,670,1591.0,2026-08-03,14,True,hard,Save $500 off rent! Applies to first full month's rent only. Move in by 08/15/2026. Minimum 12 month lease term required. *Select apartments,dollar_off,500.0,2.24,,1555.29,https://www.udr.com/seattle-apartments/renton/hilltop-in-the-highlands/,2026-07-19,2026-08-02,,,,,Plan A1,1,11417
2026-08-02,UDR,Hilltop in the Highlands,,Seattle,UDR-hilltop-in-the-highlands-1br-670sqft-H10,1,1.0,670,1576.0,2026-08-04,14,True,hard,Save $500 off rent! Applies to first full month's rent only. Move in by 08/15/2026. Minimum 12 month lease term required. *Select apartments,dollar_off,500.0,2.27,,1540.29,https://www.udr.com/seattle-apartments/renton/hilltop-in-the-highlands/,2026-07-19,2026-08-02,,,,,Plan A1,3,11417
2026-08-02,UDR,Hilltop in the Highlands,,Seattle,UDR-hilltop-in-the-highlands-1br-670sqft-J11,1,1.0,670,1502.0,2026-08-05,14,True,hard,Save $500 off rent! Applies to first full month's rent only. Move in by 08/15/2026. Minimum 12 month lease term required. *Select apartments,dollar_off,500.0,2.38,,1466.29,https://www.udr.com/seattle-apartments/renton/hilltop-in-the-highlands/,2026-05-23,2026-08-02,,,,,Plan A1,3,11417
2026-08-02,UDR,Hilltop in the Highlands,,Seattle,UDR-hilltop-in-the-highlands-2br-960sqft-A5,2,2.0,960,2179.0,2026-08-03,14,True,hard,Save $500 off rent! Applies to first full month's rent only. Move in by 08/15/2026. Minimum 12 month lease term required. *Select apartments,dollar_off,500.0,1.64,,2143.29,https://www.udr.com/seattle-apartments/renton/hilltop-in-the-highlands/,2026-07-19,2026-08-02,,,,,Plan B2,2,11417
2026-08-02,UDR,Hilltop in the Highlands,,Seattle,UDR-hilltop-in-the-highlands-2br-960sqft-C1,2,2.0,960,2217.0,2026-08-14,14,True,hard,Save $500 off rent! Applies to first full month's rent only. Move in by 08/15/2026. Minimum 12 month lease term required. *Select apartments,dollar_off,500.0,1.61,,2181.29,https://www.udr.com/seattle-apartments/renton/hilltop-in-the-highlands/,2026-07-19,2026-08-02,,,,,Plan B2,1,11417
2026-08-02,UDR,Hilltop in the Highlands,,Seattle,UDR-hilltop-in-the-highlands-2br-960sqft-N8,2,2.0,960,2392.0,2026-09-15,14,True,hard,Save $500 off rent! Applies to first full month's rent only. Move in by 08/15/2026. Minimum 12 month lease term required. *Select apartments,dollar_off,500.0,1.49,,2356.29,https://www.udr.com/seattle-apartments/renton/hilltop-in-the-highlands/,2026-07-19,2026-08-02,,,,,Plan B2,2,11417
2026-08-02,UDR,Hilltop in the Highlands,,Seattle,UDR-hilltop-in-the-highlands-2br-960sqft-O2,2,2.0,960,2224.0,2026-08-03,14,True,hard,Save $500 off rent! Applies to first full month's rent only. Move in by 08/15/2026. Minimum 12 month lease term required. *Select apartments,dollar_off,500.0,1.61,,2188.29,https://www.udr.com/seattle-apartments/renton/hilltop-in-the-highlands/,2026-05-30,2026-08-02,,,,,Plan B2,1,11417
2026-08-02,UDR,HQ,,San Francisco Bay Area,UDR-hq-0br-392sqft-108,0,1.0,392,3303.0,2026-08-29,15,False,,,,,,,,https://www.udr.com/san-francisco-bay-area-apartments/west-soma/hq-apartments/,2026-07-19,2026-08-02,,,,,Studio E1E,1,601182028
2026-08-02,UDR,HQ,,San Francisco Bay Area,UDR-hq-0br-392sqft-212,0,1.0,392,3328.0,2026-09-12,15,False,,,,,,,,https://www.udr.com/san-francisco-bay-area-apartments/west-soma/hq-apartments/,2026-06-22,2026-08-02,,,,,Studio E1E,2,601182028
2026-08-02,UDR,HQ,,San Francisco Bay Area,UDR-hq-0br-392sqft-213,0,1.0,392,3263.0,2026-09-10,15,False,,,,,,,,https://www.udr.com/san-francisco-bay-area-apartments/west-soma/hq-apartments/,2026-06-22,2026-08-02,,,,,Studio E1E,2,601182028
